sample_index,captured_at_utc,elapsed_s,joint_feedback_unix_s,pose_feedback_unix_s,status_feedback_unix_s,control_mode,arm_status,teach_status,motion_status,joint_1_rad,joint_2_rad,joint_3_rad,joint_4_rad,joint_5_rad,joint_6_rad,joint_7_rad,x_m,y_m,z_m,roll_rad,pitch_rad,yaw_rad
0,2026-09-26T09:32:58.542051+00:00,0.05,1790415178.5405624,1790415178.5239604,1790415178.5381231,TEACHING_MODE,NORMAL,START_RECORDING,REACH_TARGET_POS_SUCCESSFULLY,0.017348572764823635,-0.5787511799613198,0.028029987787028934,-0.2996206726898666,0.01117010721276371,0.20552997271485224,-0.47343801289598186,0.382056,-0.014084999999999999,0.572409,1.4612769162322525,-0.2114291855865931,0.22965042297741387
1,2026-09-26T09:32:58.592085+00:00,0.1,1790415178.591139,1790415178.585983,1790415178.5901265,TEACHING_MODE,NORMAL,START_RECORDING,REACH_TARGET_POS_SUCCESSFULLY,0.017348572764823635,-0.5787511799613198,0.028029987787028934,-0.2996206726898666,0.01117010721276371,0.20552997271485224,-0.47343801289598186,0.382056,-0.014084999999999999,0.572409,1.4612769162322525,-0.2114291855865931,0.22965042297741387
2,2026-09-26T09:32:58.642041+00:00,0.15,1790415178.6354795,1790415178.6238797,1790415178.638346,TEACHING_MODE,NORMAL,START_RECORDING,REACH_TARGET_POS_SUCCESSFULLY,0.017348572764823635,-0.5787511799613198,0.028029987787028934,-0.2996206726898666,0.01117010721276371,0.20552997271485224,-0.47343801289598186,0.382056,-0.014084999999999999,0.572409,1.4612769162322525,-0.2114291855865931,0.22965042297741387
3,2026-09-26T09:32:58.692144+00:00,0.2,1790415178.6903727,1790415178.684187,1790415178.6881702,TEACHING_MODE,NORMAL,START_RECORDING,REACH_TARGET_POS_SUCCESSFULLY,0.017348572764823635,-0.5787511799613198,0.028029987787028934,-0.2996206726898666,0.01117010721276371,0.20552997271485224,-0.47343801289598186,0.382056,-0.014084999999999999,0.572409,1.4612769162322525,-0.2114291855865931,0.22965042297741387
4,2026-09-26T09:32:58.742114+00:00,0.25,1790415178.7404718,1790415178.7242527,1790415178.738372,TEACHING_MODE,NORMAL,START_RECORDING,REACH_TARGET_POS_SUCCESSFULLY,0.017348572764823635,-0.5787511799613198,0.028029987787028934,-0.2996206726898666,0.01117010721276371,0.20552997271485224,-0.47343801289598186,0.382056,-0.014084999999999999,0.572409,1.4612769162322525,-0.2114291855865931,0.22965042297741387
5,2026-09-26T09:32:58.792090+00:00,0.3,1790415178.7901857,1790415178.784241,1790415178.78801,TEACHING_MODE,NORMAL,START_RECORDING,REACH_TARGET_POS_SUCCESSFULLY,0.017348572764823635,-0.5787511799613198,0.028029987787028934,-0.2996206726898666,0.01117010721276371,0.20552997271485224,-0.47343801289598186,0.382056,-0.014084999999999999,0.572409,1.4612769162322525,-0.2114291855865931,0.22965042297741387
6,2026-09-26T09:32:58.842116+00:00,0.35,1790415178.8406782,1790415178.8243456,1790415178.8376338,TEACHING_MODE,NORMAL,START_RECORDING,REACH_TARGET_POS_SUCCESSFULLY,0.017348572764823635,-0.5787511799613198,0.028029987787028934,-0.2996206726898666,0.01117010721276371,0.20552997271485224,-0.47343801289598186,0.382056,-0.014084999999999999,0.572409,1.4612769162322525,-0.2114291855865931,0.22965042297741387
7,2026-09-26T09:32:58.892253+00:00,0.4,1790415178.8907242,1790415178.8846936,1790415178.8879006,TEACHING_MODE,NORMAL,START_RECORDING,REACH_TARGET_POS_SUCCESSFULLY,0.017348572764823635,-0.5787511799613198,0.028029987787028934,-0.2996206726898666,0.01117010721276371,0.20552997271485224,-0.47343801289598186,0.382056,-0.014084999999999999,0.572409,1.4612769162322525,-0.2114291855865931,0.22965042297741387
8,2026-09-26T09:32:58.942079+00:00,0.45,1790415178.9403014,1790415178.9250119,1790415178.937718,TEACHING_MODE,NORMAL,START_RECORDING,REACH_TARGET_POS_SUCCESSFULLY,0.017348572764823635,-0.5787511799613198,0.028029987787028934,-0.2996206726898666,0.01117010721276371,0.20552997271485224,-0.47343801289598186,0.382056,-0.014084999999999999,0.572409,1.4612769162322525,-0.2114291855865931,0.22965042297741387
9,2026-09-26T09:32:58.991957+00:00,0.5,1790415178.9901364,1790415178.9855943,1790415178.988827,TEACHING_MODE,NORMAL,START_RECORDING,REACH_TARGET_POS_SUCCESSFULLY,0.017348572764823635,-0.5787511799613198,0.028029987787028934,-0.2996206726898666,0.01117010721276371,0.20552997271485224,-0.47343801289598186,0.382056,-0.014084999999999999,0.572409,1.4612769162322525,-0.2114291855865931,0.22965042297741387
10,2026-09-26T09:32:59.042030+00:00,0.55,1790415179.040267,1790415179.026199,1790415179.0378623,TEACHING_MODE,NORMAL,START_RECORDING,REACH_TARGET_POS_SUCCESSFULLY,0.017348572764823635,-0.5787511799613198,0.028029987787028934,-0.2996206726898666,0.01117010721276371,0.20552997271485224,-0.47343801289598186,0.382056,-0.014084999999999999,0.572409,1.4612769162322525,-0.2114291855865931,0.22965042297741387
11,2026-09-26T09:32:59.092059+00:00,0.6,1790415179.0901418,1790415179.0853505,1790415179.0889964,TEACHING_MODE,NORMAL,START_RECORDING,REACH_TARGET_POS_SUCCESSFULLY,0.017348572764823635,-0.5787511799613198,0.028029987787028934,-0.2996206726898666,0.01117010721276371,0.20552997271485224,-0.47343801289598186,0.382056,-0.014084999999999999,0.572409,1.4612769162322525,-0.2114291855865931,0.22965042297741387
12,2026-09-26T09:32:59.142061+00:00,0.65,1790415179.1407013,1790415179.1262808,1790415179.1380284,TEACHING_MODE,NORMAL,START_RECORDING,REACH_TARGET_POS_SUCCESSFULLY,0.017348572764823635,-0.5787511799613198,0.028029987787028934,-0.2996206726898666,0.01117010721276371,0.20552997271485224,-0.47343801289598186,0.382056,-0.014084999999999999,0.572409,1.4612769162322525,-0.2114291855865931,0.22965042297741387
13,2026-09-26T09:32:59.192040+00:00,0.7,1790415179.1902845,1790415179.1841335,1790415179.1893947,TEACHING_MODE,NORMAL,START_RECORDING,REACH_TARGET_POS_SUCCESSFULLY,0.017296212887263806,-0.5796762044648767,0.028029987787028934,-0.2996206726898666,0.01117010721276371,0.20552997271485224,-0.47343801289598186,0.382407,-0.0141,0.5720999999999999,1.4614514491574517,-0.2106263341306757,0.22956315651481418
14,2026-09-26T09:32:59.242050+00:00,0.75,1790415179.2403812,1790415179.2244716,1790415179.2387972,TEACHING_MODE,NORMAL,START_RECORDING,REACH_TARGET_POS_SUCCESSFULLY,0.01621410875102732,-0.5808455750637129,0.028029987787028934,-0.2996206726898666,0.01117010721276371,0.20552997271485224,-0.47343801289598186,0.38277,-0.014449,0.5717679999999999,1.4616259820826514,-0.2097885760897184,0.2286032254262173
15,2026-09-26T09:32:59.292055+00:00,0.8,1790415179.290363,1790415179.2836373,1790415179.2890155,TEACHING_MODE,NORMAL,START_RECORDING,REACH_TARGET_POS_SUCCESSFULLY,0.016266468628587154,-0.5810550145739523,0.028029987787028934,-0.2996206726898666,0.01117010721276371,0.20552997271485224,-0.47343801289598186,0.383042,-0.014483,0.571527,1.4617656084228108,-0.2091777108515204,0.22846359908605773
16,2026-09-26T09:32:59.342066+00:00,0.85,1790415179.3402445,1790415179.3233504,1790415179.3379922,TEACHING_MODE,NORMAL,START_RECORDING,REACH_TARGET_POS_SUCCESSFULLY,0.016266468628587154,-0.5810550145739523,0.028029987787028934,-0.2996206726898666,0.01117010721276371,0.20552997271485224,-0.47343801289598186,0.383042,-0.014483,0.571527,1.4617656084228108,-0.2091777108515204,0.22846359908605773
17,2026-09-26T09:32:59.392126+00:00,0.9,1790415179.390157,1790415179.3835535,1790415179.38833,TEACHING_MODE,NORMAL,START_RECORDING,REACH_TARGET_POS_SUCCESSFULLY,0.01630137521362704,-0.5812295474991516,0.028029987787028934,-0.2996206726898666,0.01117010721276371,0.20552997271485224,-0.47343801289598186,0.38309,-0.014518999999999999,0.571483,1.4618005150078506,-0.20905553780388078,0.22837633262345802
18,2026-09-26T09:32:59.442164+00:00,0.95,1790415179.4401202,1790415179.4232433,1790415179.437684,TEACHING_MODE,NORMAL,START_RECORDING,REACH_TARGET_POS_SUCCESSFULLY,0.01630137521362704,-0.5812295474991516,0.027942721324429216,-0.2996206726898666,0.01117010721276371,0.20552997271485224,-0.47343801289598186,0.38311799999999996,-0.014473,0.571461,1.4617656084228108,-0.20898572463380102,0.2284461457935378
19,2026-09-26T09:32:59.492047+00:00,1.0,1790415179.4909317,1790415179.4851508,1790415179.4900827,TEACHING_MODE,NORMAL,START_RECORDING,REACH_TARGET_POS_SUCCESSFULLY,0.016510814723866358,-0.5829225168735861,0.02715732316103177,-0.2996206726898666,0.01117010721276371,0.20552997271485224,-0.47343801289598186,0.383552,-0.014411,0.571078,1.4618877814704505,-0.20799088696016424,0.2284461457935378
20,2026-09-26T09:32:59.542007+00:00,1.05,1790415179.5401454,1790415179.5239778,1790415179.5378861,TEACHING_MODE,NORMAL,START_RECORDING,REACH_TARGET_POS_SUCCESSFULLY,0.01656317460142619,-0.5890660758406061,0.025516713664157097,-0.2996206726898666,0.01117010721276371,0.20552997271485224,-0.47343801289598186,0.385134,-0.014539,0.569668,1.4614339958649318,-0.20406389614317702,0.22673572312658336
21,2026-09-26T09:32:59.592127+00:00,1.1,1790415179.5901825,1790415179.5832186,1790415179.588539,TEACHING_MODE,NORMAL,START_RECORDING,REACH_TARGET_POS_SUCCESSFULLY,0.01656317460142619,-0.5992238920872132,0.025516713664157097,-0.2996206726898666,0.01117010721276371,0.20552997271485224,-0.47343801289598186,0.39003499999999997,-0.014457999999999999,0.5652469999999999,1.463860003525204,-0.19291124222293327,0.2262644842285449
22,2026-09-26T09:32:59.642131+00:00,1.15,1790415179.6413429,1790415179.6236188,1790415179.6377966,TEACHING_MODE,NORMAL,START_RECORDING,REACH_TARGET_POS_SUCCESSFULLY,0.01656317460142619,-0.6121916884295311,0.025516713664157097,-0.2996206726898666,0.01117010721276371,0.20552997271485224,-0.47343801289598186,0.394754,-0.014379,0.560894,1.4662161980153963,-0.18203784098300857,0.2258281519155463
23,2026-09-26T09:32:59.692139+00:00,1.2,1790415179.6909726,1790415179.6848004,1790415179.6899748,TEACHING_MODE,NORMAL,START_RECORDING,REACH_TARGET_POS_SUCCESSFULLY,0.01656317460142619,-0.6251594847718489,0.025516713664157097,-0.2996206726898666,0.01117010721276371,0.20552997271485224,-0.47343801289598186,0.400999,-0.014275999999999999,0.554981,1.4693403373764662,-0.1674992483138958,0.2252696465549081
24,2026-09-26T09:32:59.742114+00:00,1.25,1790415179.7403274,1790415179.723741,1790415179.7381575,TEACHING_MODE,NORMAL,START_RECORDING,REACH_TARGET_POS_SUCCESSFULLY,0.01656317460142619,-0.6373942428283292,0.025516713664157097,-0.2996206726898666,0.01117010721276371,0.20552997271485224,-0.47343801289598186,0.40509999999999996,-0.014208,0.5509999999999999,1.4714172791863394,-0.15783012425784723,0.2249380339970292
25,2026-09-26T09:32:59.792020+00:00,1.3,1790415179.7915335,1790415179.783943,1790415179.790171,TEACHING_MODE,NORMAL,START_RECORDING,REACH_TARGET_POS_SUCCESSFULLY,0.018430676901060122,-0.6458765429930216,0.025516713664157097,-0.2996206726898666,0.01117010721276371,0.20552997271485224,-0.47343801289598186,0.409373,-0.013909,0.546775,1.4735989407513324,-0.14767230801124023,0.22516492679978845
26,2026-09-26T09:32:59.842126+00:00,1.35,1790415179.8403947,1790415179.8234594,1790415179.8388193,TEACHING_MODE,NORMAL,START_RECORDING,REACH_TARGET_POS_SUCCESSFULLY,0.02045525883337354,-0.653468725239197,0.02546435378659727,-0.2996206726898666,0.01117010721276371,0.20552997271485224,-0.47343801289598186,0.412081,-0.013023999999999999,0.544074,1.474960297567888,-0.14123204307138115,0.22699752251438252
27,2026-09-26T09:32:59.892136+00:00,1.4,1790415179.8911867,1790415179.8832595,1790415179.890221,TEACHING_MODE,NORMAL,START_RECORDING,REACH_TARGET_POS_SUCCESSFULLY,0.02860594644018706,-0.6595599243286571,0.025394540616517497,-0.2996206726898666,0.01117010721276371,0.20552997271485224,-0.47343801289598186,0.41570599999999996,-0.009037,0.540472,1.4767056268198822,-0.13267992973660894,0.23612559450231285
28,2026-09-26T09:32:59.942040+00:00,1.45,1790415179.9402947,1790415179.9230251,1790415179.9376705,TEACHING_MODE,NORMAL,START_RECORDING,REACH_TARGET_POS_SUCCESSFULLY,0.04305727264670011,-0.6620906517440489,0.025394540616517497,-0.2996206726898666,0.01117010721276371,0.20552997271485224,-0.47343801289598186,0.416925,-0.0054989999999999995,0.539273,1.4772990387655605,-0.12986994964089807,0.2444508150343258
29,2026-09-26T09:32:59.992109+00:00,1.5,1790415179.990216,1790415179.9834025,1790415179.9891534,TEACHING_MODE,NORMAL,START_RECORDING,REACH_TARGET_POS_SUCCESSFULLY,0.05537929716578008,-0.6626142505196473,0.025394540616517497,-0.2996206726898666,0.01117010721276371,0.20552997271485224,-0.47343801289598186,0.41728299999999996,0.0015409999999999998,0.538936,1.4774735716907599,-0.1290670981849807,0.26127578902355114
30,2026-09-26T09:33:00.042136+00:00,1.55,1790415180.0403066,1790415180.0231392,1790415180.0379798,TEACHING_MODE,NORMAL,START_RECORDING,REACH_TARGET_POS_SUCCESSFULLY,0.06930702459669483,-0.6626142505196473,0.024748768793279592,-0.2996206726898666,0.011065387457644049,0.20552997271485224,-0.47343801289598186,0.417243,0.005756,0.538939,1.4773164920580804,-0.12903219159994078,0.27124161905243876
31,2026-09-26T09:33:00.092111+00:00,1.6,1790415180.0908167,1790415180.0832636,1790415180.0899348,TEACHING_MODE,NORMAL,START_RECORDING,REACH_TARGET_POS_SUCCESSFULLY,0.0805818515645782,-0.6626142505196473,0.02069960492865275,-0.2996206726898666,0.011065387457644049,0.20552997271485224,-0.47343801289598186,0.417101,0.011205,0.538972,1.4757631490238055,-0.12871803233458182,0.2830225915034005
32,2026-09-26T09:33:00.142117+00:00,1.65,1790415180.140198,1790415180.1235445,1790415180.1376448,TEACHING_MODE,NORMAL,START_RECORDING,REACH_TARGET_POS_SUCCESSFULLY,0.09321803534901714,-0.6626142505196473,0.007557275661135447,-0.2996206726898666,0.011065387457644049,0.20552997271485224,-0.47343801289598186,0.416885,0.014802,0.53908,1.4707889606556215,-0.1277057413684251,0.28745572780346607
33,2026-09-26T09:33:00.192096+00:00,1.7,1790415180.191763,1790415180.1831827,1790415180.1903431,TEACHING_MODE,NORMAL,START_RECORDING,REACH_TARGET_POS_SUCCESSFULLY,0.10473720841217972,-0.6626142505196473,-0.015428710587629874,-0.2996206726898666,0.011065387457644049,0.20552997271485224,-0.47343801289598186,0.416352,0.019091999999999998,0.5394519999999999,1.4547319315372738,-0.12463396188491507,0.2842268686872766
34,2026-09-26T09:33:00.242115+00:00,1.75,1790415180.2402918,1790415180.2246914,1790415180.2377348,TEACHING_MODE,NORMAL,START_RECORDING,REACH_TARGET_POS_SUCCESSFULLY,0.11459831868594768,-0.6626142505196473,-0.039461894387591796,-0.2996206726898666,0.011065387457644049,0.20552997271485224,-0.47343801289598186,0.41600099999999995,0.02054,0.539745,1.442985865671352,-0.1225919266600817,0.27780405703993744
35,2026-09-26T09:33:00.292126+00:00,1.8,1790415180.2909365,1790415180.2833357,1790415180.2882938,TEACHING_MODE,NORMAL,START_RECORDING,REACH_TARGET_POS_SUCCESSFULLY,0.12702506296014732,-0.6626317038121672,-0.0787667091425041,-0.2996206726898666,0.010978120995044333,0.20552997271485224,-0.47343801289598186,0.41518,0.023039,0.540458,1.4168757400615166,-0.11861257596553464,0.2617819345066295
36,2026-09-26T09:33:00.342112+00:00,1.85,1790415180.3402503,1790415180.323498,1790415180.338177,TEACHING_MODE,NORMAL,START_RECORDING,REACH_TARGET_POS_SUCCESSFULLY,0.13988813954734552,-0.662684063689727,-0.11578514257730382,-0.2996206726898666,0.010978120995044333,0.20552997271485224,-0.47343801289598186,0.414526,0.025016999999999998,0.541013,1.3975025853643797,-0.11611675513518276,0.25012313510330736
37,2026-09-26T09:33:00.392058+00:00,1.9,1790415180.3862371,1790415180.3843486,1790415180.389258,TEACHING_MODE,NORMAL,START_RECORDING,REACH_TARGET_POS_SUCCESSFULLY,0.15639895427121187,-0.6627887834448467,-0.1553168501349754,-0.2996206726898666,0.010978120995044333,0.20552997271485224,-0.47343801289598186,0.41345499999999996,0.028128,0.541907,1.3701009161080686,-0.11341149479459153,0.23439771854283845
38,2026-09-26T09:33:00.442052+00:00,1.95,1790415180.4404993,1790415180.4236276,1790415180.4378972,TEACHING_MODE,NORMAL,START_RECORDING,REACH_TARGET_POS_SUCCESSFULLY,0.1735380875257962,-0.6628411433224065,-0.1994213203328721,-0.30393163594229256,0.010978120995044333,0.20552997271485224,-0.47343801289598186,0.412775,0.031240999999999998,0.542285,1.349663110567215,-0.11044443506620118,0.22415263583363174
39,2026-09-26T09:33:00.492206+00:00,2.0,1790415180.4918642,1790415180.4834597,1790415180.4877372,TEACHING_MODE,NORMAL,START_RECORDING,REACH_TARGET_POS_SUCCESSFULLY,0.18798941373230926,-0.6628411433224065,-0.23699825912831002,-0.31796408312832697,0.011100294042683936,0.20552997271485224,-0.47343801289598186,0.41353599999999996,0.035091,0.540266,1.322540693991223,-0.09534733703645022,0.2066295301436087
40,2026-09-26T09:33:00.542111+00:00,2.05,1790415180.5401773,1790415180.5232615,1790415180.5381052,TEACHING_MODE,NORMAL,START_RECORDING,REACH_TARGET_POS_SUCCESSFULLY,0.1981297766863963,-0.6628411433224065,-0.27111944600479915,-0.33920474012509794,0.011100294042683936,0.20552997271485224,-0.47343801289598186,0.414933,0.036241999999999996,0.537771,1.3100615898394639,-0.08155923594569502,0.19509290378792618
41,2026-09-26T09:33:00.592116+00:00,2.1,1790415180.5902462,1790415180.5832033,1790415180.58792,TEACHING_MODE,NORMAL,START_RECORDING,REACH_TARGET_POS_SUCCESSFULLY,0.2056346924699719,-0.6628411433224065,-0.3054151658064877,-0.3672870877896867,0.011205013797803596,0.20552997271485224,-0.47343801289598186,0.418651,0.035193999999999996,0.531528,1.28967614417617,-0.0499862297771176,0.16648695734773908
42,2026-09-26T09:33:00.641991+00:00,2.15,1790415180.640156,1790415180.6239645,1790415180.6378455,TEACHING_MODE,NORMAL,START_RECORDING,REACH_TARGET_POS_SUCCESSFULLY,0.2079559803751244,-0.6628411433224065,-0.3365169330770267,-0.4004657968700989,0.011501719770642632,0.20552997271485224,-0.47343801289598186,0.422018,0.031799,0.52591,1.2783315040382066,-0.023527038316883565,0.14147638916666036
43,2026-09-26T09:33:00.692130+00:00,2.2,1790415180.685136,1790415180.6837385,1790415180.6877553,TEACHING_MODE,NORMAL,START_RECORDING,REACH_TARGET_POS_SUCCESSFULLY,0.2079559803751244,-0.6628411433224065,-0.3631332041699402,-0.43629740641354253,0.011693705988362009,0.20552997271485224,-0.47343801289598186,0.426068,0.026858,0.5186109999999999,1.2662189190293662,0.009669124056048587,0.11046188835872112
44,2026-09-26T09:33:00.742018+00:00,2.25,1790415180.7402287,1790415180.7239425,1790415180.738269,TEACHING_MODE,NORMAL,START_RECORDING,REACH_TARGET_POS_SUCCESSFULLY,0.2079559803751244,-0.6628411433224065,-0.3876550801604606,-0.4642750343230116,0.012269664641520139,0.20552997271485224,-0.47343801289598186,0.428753,0.022987999999999998,0.513353,1.2589758026335898,0.03291690969261306,0.08895943197415099
45,2026-09-26T09:33:00.792069+00:00,2.3,1790415180.790233,1790415180.784937,1790415180.7879837,TEACHING_MODE,NORMAL,START_RECORDING,REACH_TARGET_POS_SUCCESSFULLY,0.21118483949131386,-0.6628411433224065,-0.3998549316319009,-0.4848524662040248,0.013002702927357754,0.20552997271485224,-0.47343801289598186,0.431695,0.019955999999999998,0.5070819999999999,1.2544728531634444,0.05958554066308641,0.07105235384868915
46,2026-09-26T09:33:00.842064+00:00,2.35,1790415180.8403008,1790415180.8232558,1790415180.8387172,TEACHING_MODE,NORMAL,START_RECORDING,REACH_TARGET_POS_SUCCESSFULLY,0.2195798731934066,-0.6628411433224065,-0.4082325120414737,-0.4978028092538227,0.01583013631558857,0.20552997271485224,-0.47343801289598186,0.432592,0.020326999999999998,0.504811,1.2528846035441294,0.06914994496401534,0.06754424205218056
47,2026-09-26T09:33:00.892134+00:00,2.4,1790415180.890247,1790415180.8831878,1790415180.8882189,TEACHING_MODE,NORMAL,START_RECORDING,REACH_TARGET_POS_SUCCESSFULLY,0.23013911516797228,-0.6628411433224065,-0.4140270051580949,-0.5003509899617343,0.02307325271136504,0.20552997271485224,-0.47343801289598186,0.43283,0.025124,0.503381,1.2554153309595213,0.0746128255227576,0.07700392659798982
48,2026-09-26T09:33:00.942110+00:00,2.45,1790415180.9401693,1790415180.923137,1790415180.9386356,TEACHING_MODE,NORMAL,START_RECORDING,REACH_TARGET_POS_SUCCESSFULLY,0.24766222085799536,-0.6628411433224065,-0.42816417209924895,-0.5002637234991347,0.0318871654339364,0.20552997271485224,-0.47343801289598186,0.432305,0.028575999999999997,0.5036889999999999,1.256427621925678,0.07319910882864218,0.08351400470792868
49,2026-09-26T09:33:00.992096+00:00,2.5,1790415180.990171,1790415180.9834845,1790415180.9878194,TEACHING_MODE,NORMAL,START_RECORDING,REACH_TARGET_POS_SUCCESSFULLY,0.26563911215353697,-0.6628411433224065,-0.4511850649330541,-0.5002637234991347,0.036931166972200016,0.20552997271485224,-0.47343801289598186,0.430924,0.035167,0.504674,1.248381654073984,0.07038912873293132,0.08925613794699001
50,2026-09-26T09:33:01.042111+00:00,2.55,1790415181.0402133,1790415181.0231378,1790415181.0391383,TEACHING_MODE,NORMAL,START_RECORDING,REACH_TARGET_POS_SUCCESSFULLY,0.2864783434223493,-0.6628411433224065,-0.481100008312237,-0.5002637234991347,0.036931166972200016,0.20552997271485224,-0.47343801289598186,0.42964199999999997,0.039134999999999996,0.505776,1.2346808194458287,0.06785840131753954,0.08609709200088027
51,2026-09-26T09:33:01.092116+00:00,2.6,1790415181.090202,1790415181.083137,1790415181.0882273,TEACHING_MODE,NORMAL,START_RECORDING,REACH_TARGET_POS_SUCCESSFULLY,0.3044377814253709,-0.6628411433224065,-0.5100375673103029,-0.5002637234991347,0.036931166972200016,0.20552997271485224,-0.47343801289598186,0.42777499999999996,0.04433,0.507359,1.2157963569392498,0.0639314105005523,0.0811054503401765
52,2026-09-26T09:33:01.142223+00:00,2.65,1790415181.1402078,1790415181.123191,1790415181.1376524,TEACHING_MODE,NORMAL,START_RECORDING,REACH_TARGET_POS_SUCCESSFULLY,0.32033773091103923,-0.6628411433224065,-0.5402666699548447,-0.5003684432542543,0.03698352684975985,0.20552997271485224,-0.47343801289598186,0.42628299999999997,0.047117,0.508725,1.1998964074535816,0.06031857894892403,0.0731642022436023
53,2026-09-26T09:33:01.192139+00:00,2.7,1790415181.1906555,1790415181.183149,1790415181.1876996,TEACHING_MODE,NORMAL,START_RECORDING,REACH_TARGET_POS_SUCCESSFULLY,0.33712779831522466,-0.6628411433224065,-0.5671447404355573,-0.5004731630093741,0.048258353817643214,0.20552997271485224,-0.47343801289598186,0.424133,0.051968999999999994,0.510448,1.1867540781860642,0.05476843192758206,0.06984807666481306
54,2026-09-26T09:33:01.242056+00:00,2.75,1790415181.2401674,1790415181.224513,1790415181.2382982,TEACHING_MODE,NORMAL,START_RECORDING,REACH_TARGET_POS_SUCCESSFULLY,0.3526786819504942,-0.6628411433224065,-0.6006027021962886,-0.5005778827644937,0.07129669994396837,0.20552997271485224,-0.47343801289598186,0.42294499999999996,0.054,0.511338,1.1902098301050132,0.050701814770435276,0.0719948316447661
55,2026-09-26T09:33:01.292056+00:00,2.8,1790415181.2901504,1790415181.2834582,1790415181.2877808,TEACHING_MODE,NORMAL,START_RECORDING,REACH_TARGET_POS_SUCCESSFULLY,0.3658559178030514,-0.6628411433224065,-0.6370800835629702,-0.5022708521389282,0.10192722831646885,0.20552997271485224,-0.47343801289598186,0.420763,0.055727,0.513087,1.1901574702274533,0.043476151667178754,0.06625269840570476
56,2026-09-26T09:33:01.342108+00:00,2.85,1790415181.340209,1790415181.3236983,1790415181.3391976,TEACHING_MODE,NORMAL,START_RECORDING,REACH_TARGET_POS_SUCCESSFULLY,0.3767642256280159,-0.6628411433224065,-0.6819524986317443,-0.5062152962484354,0.12917181794010033,0.20552997271485224,-0.47343801289598186,0.419292,0.055075,0.514363,1.1896862313294148,0.03822271061867582,0.05653121447209633
57,2026-09-26T09:33:01.392129+00:00,2.9,1790415181.3901973,1790415181.3839936,1790415181.3877254,TEACHING_MODE,NORMAL,START_RECORDING,REACH_TARGET_POS_SUCCESSFULLY,0.3891386100246557,-0.6628411433224065,-0.7401941357707952,-0.5162160328623628,0.16055283789095837,0.20552997271485224,-0.47343801289598186,0.41747799999999996,0.052684999999999996,0.515432,1.192949997030644,0.03338814859065153,0.039269908169872414
58,2026-09-26T09:33:01.442223+00:00,2.95,1790415181.4415474,1790415181.423355,1790415181.4405315,TEACHING_MODE,NORMAL,START_RECORDING,REACH_TARGET_POS_SUCCESSFULLY,0.39865065444802483,-0.6627713301523268,-0.7991513579031637,-0.5332853529468674,0.1929286955154532,0.20552997271485224,-0.47343801289598186,0.41626399999999997,0.048839,0.515663,1.1904890827853323,0.032724923474893676,0.015742869852988853
59,2026-09-26T09:33:01.492173+00:00,3.0,1790415181.4905167,1790415181.483902,1790415181.4882712,TEACHING_MODE,NORMAL,START_RECORDING,REACH_TARGET_POS_SUCCESSFULLY,0.4079707126536745,-0.6627713301523268,-0.8640077929072728,-0.5559222733452338,0.2452187599052033,0.20552997271485224,-0.47343801289598186,0.4145,0.040194,0.514823,1.2019733492634548,0.03488913174736665,-0.022252947962927705
60,2026-09-26T09:33:01.542106+00:00,3.05,1790415181.541409,1790415181.523791,1790415181.5403206,TEACHING_MODE,NORMAL,START_RECORDING,REACH_TARGET_POS_SUCCESSFULLY,0.4165053726959268,-0.6627189702747669,-0.9282010027956243,-0.5812644540841916,0.2944544981039633,0.20552997271485224,-0.47343801289598186,0.413381,0.034323,0.5139859999999999,1.2186586969125206,0.036267941856442165,-0.04134684997974567
61,2026-09-26T09:33:01.592094+00:00,3.1,1790415181.5903144,1790415181.5832005,1790415181.587702,TEACHING_MODE,NORMAL,START_RECORDING,REACH_TARGET_POS_SUCCESSFULLY,0.424446620792501,-0.6626491571046871,-0.9916262678130984,-0.6052103714215538,0.341944907050729,0.20552997271485224,-0.47343801289598186,0.41035499999999997,0.023726999999999998,0.5134529999999999,1.2321849986154767,0.03666936758440086,-0.0855036800552022
62,2026-09-26T09:33:01.642228+00:00,3.15,1790415181.6405063,1790415181.6229472,1790415181.6396005,TEACHING_MODE,NORMAL,START_RECORDING,REACH_TARGET_POS_SUCCESSFULLY,0.43390630533831026,-0.6626491571046871,-1.0526255251703,-0.623606141737574,0.3948458366786772,0.20552997271485224,-0.47343801289598186,0.40755399999999997,0.017832,0.51411,1.2449782620325953,0.03206169835913583,-0.10918779800476526
63,2026-09-26T09:33:01.692118+00:00,3.2,1790415181.6903994,1790415181.683144,1790415181.6877003,TEACHING_MODE,NORMAL,START_RECORDING,REACH_TARGET_POS_SUCCESSFULLY,0.4453033053538332,-0.6625444373495674,-1.1130662771668638,-0.6365564847873719,0.4392819194344528,0.20552997271485224,-0.47343801289598186,0.403288,0.012988999999999999,0.516241,1.2625188210151381,0.02045525883337354,-0.1300444825660975
64,2026-09-26T09:33:01.742099+00:00,3.25,1790415181.7403464,1790415181.7232895,1790415181.7394545,TEACHING_MODE,NORMAL,START_RECORDING,REACH_TARGET_POS_SUCCESSFULLY,0.45905649985954855,-0.6625444373495674,-1.1544829403166892,-0.6419495521760343,0.4776617096858081,0.20552997271485224,-0.47343801289598186,0.40014299999999997,0.011566,0.5184,1.2756262436976158,0.009232791743050004,-0.13718287920675432
65,2026-09-26T09:33:01.792118+00:00,3.3,1790415181.7901907,1790415181.7830105,1790415181.7880137,TEACHING_MODE,NORMAL,START_RECORDING,REACH_TARGET_POS_SUCCESSFULLY,0.47183230998414705,-0.6613750667507312,-1.1880281685400202,-0.6450387849520642,0.49967031155345665,0.20552997271485224,-0.47343801289598186,0.396142,0.011354999999999999,0.5216839999999999,1.2870232437131386,-0.0063006385996995295,-0.1426283064729766
66,2026-09-26T09:33:01.842119+00:00,3.35,1790415181.8401432,1790415181.8241982,1790415181.839144,TEACHING_MODE,NORMAL,START_RECORDING,REACH_TARGET_POS_SUCCESSFULLY,0.48651052899341934,-0.6548475353482724,-1.2173671532660448,-0.6525960606131997,0.5157098873792846,0.20552997271485224,-0.47343801289598186,0.392821,0.012076,0.524183,1.2893968914958507,-0.014381513036433277,-0.14618877814704503
67,2026-09-26T09:33:01.892121+00:00,3.4,1790415181.8901548,1790415181.8835802,1790415181.8879163,TEACHING_MODE,NORMAL,START_RECORDING,REACH_TARGET_POS_SUCCESSFULLY,0.501084028247572,-0.6415830330331155,-1.2352742313915066,-0.6680422244933496,0.5184326010123956,0.20552997271485224,-0.47343801289598186,0.385895,0.010655999999999999,0.528807,1.2978442850755034,-0.02431243648028101,-0.15458381184913775
68,2026-09-26T09:33:01.942146+00:00,3.45,1790415181.940547,1790415181.9245472,1790415181.938911,TEACHING_MODE,NORMAL,START_RECORDING,REACH_TARGET_POS_SUCCESSFULLY,0.5175250298013586,-0.6230999962544956,-1.2479976816385452,-0.6840294404416176,0.5184326010123956,0.20552997271485224,-0.47343801289598186,0.38006999999999996,0.008284,0.532582,1.3071294366961133,-0.030421088862261164,-0.1604481181358387
69,2026-09-26T09:33:01.992117+00:00,3.5,1790415181.991689,1790415181.9842172,1790415181.9885983,TEACHING_MODE,NORMAL,START_RECORDING,REACH_TARGET_POS_SUCCESSFULLY,0.5358684402398189,-0.5981766945360166,-1.257684258987114,-0.6994406977367276,0.5184326010123956,0.20552997271485224,-0.47343801289598186,0.370179,0.006817999999999999,0.539405,1.3259091794475724,-0.0428129265514209,-0.1576206847476079
70,2026-09-26T09:33:02.042080+00:00,3.55,1790415182.0415094,1790415182.0234027,1790415182.0381968,TEACHING_MODE,NORMAL,START_RECORDING,REACH_TARGET_POS_SUCCESSFULLY,0.5557651937125544,-0.5645267465575659,-1.2592201487288688,-0.7150264879570369,0.5184326010123956,0.20552997271485224,-0.47343801289598186,0.362044,0.00469,0.545074,1.345352147314789,-0.053389621818506545,-0.15200072455618616
71,2026-09-26T09:33:02.092090+00:00,3.6,1790415182.0906472,1790415182.0834155,1790415182.088035,TEACHING_MODE,NORMAL,START_RECORDING,REACH_TARGET_POS_SUCCESSFULLY,0.5720665689261815,-0.5322556086881908,-1.2592201487288688,-0.725463556883963,0.5184326010123956,0.20552997271485224,-0.47343801289598186,0.35017899999999996,0.0008759999999999999,0.553271,1.3751100110612924,-0.06993534312741279,-0.14199998794225868
72,2026-09-26T09:33:02.142103+00:00,3.65,1790415182.141406,1790415182.123355,1790415182.1380277,TEACHING_MODE,NORMAL,START_RECORDING,REACH_TARGET_POS_SUCCESSFULLY,0.5862037358673355,-0.5009967617849723,-1.2592201487288688,-0.7314849428033435,0.518310427964756,0.20552997271485224,-0.47343801289598186,0.340964,-0.0018139999999999999,0.560125,1.3950940309966275,-0.08644615785127915,-0.133273341682287
73,2026-09-26T09:33:02.192072+00:00,3.7,1790415182.1901493,1790415182.1837726,1790415182.1876764,TEACHING_MODE,NORMAL,START_RECORDING,REACH_TARGET_POS_SUCCESSFULLY,0.5995380513525721,-0.475864020556254,-1.2592201487288688,-0.7325321403545402,0.518310427964756,0.20552997271485224,-0.47343801289598186,0.327626,-0.005787,0.570102,1.421710302089541,-0.1129926157741129,-0.12034045192500903
74,2026-09-26T09:33:02.242139+00:00,3.75,1790415182.2414932,1790415182.2239523,1790415182.2376833,TEACHING_MODE,NORMAL,START_RECORDING,REACH_TARGET_POS_SUCCESSFULLY,0.6100972933271379,-0.4468042885105484,-1.2592201487288688,-0.7326019535246199,0.518310427964756,0.20552997271485224,-0.47343801289598186,0.320968,-0.007888,0.575027,1.4341719529487804,-0.12704251625266724,-0.11407471991034938
75,2026-09-26T09:33:02.292064+00:00,3.8,1790415182.2901952,1790415182.2847493,1790415182.2880175,TEACHING_MODE,NORMAL,START_RECORDING,REACH_TARGET_POS_SUCCESSFULLY,0.6182305276414315,-0.42673300211261356,-1.2592201487288688,-0.7326019535246199,0.518310427964756,0.20552997271485224,-0.47343801289598186,0.31104699999999996,-0.011027,0.5820759999999999,1.45270734960496,-0.14795156069155932,-0.1042834228066612
76,2026-09-26T09:33:02.342285+00:00,3.85,1790415182.3402686,1790415182.3245099,1790415182.3377874,TEACHING_MODE,NORMAL,START_RECORDING,REACH_TARGET_POS_SUCCESSFULLY,0.6255434572072877,-0.40938442934778996,-1.2592201487288688,-0.7331604588852579,0.518310427964756,0.20552997271485224,-0.47343801289598186,0.306072,-0.012872,0.585397,1.4623764736610088,-0.15805701706060651,-0.0998502865065956
77,2026-09-26T09:33:02.392127+00:00,3.9,1790415182.3902261,1790415182.3846886,1790415182.3881812,TEACHING_MODE,NORMAL,START_RECORDING,REACH_TARGET_POS_SUCCESSFULLY,0.6271317068266026,-0.3922278428006857,-1.2592201487288688,-0.7371572628723251,0.518310427964756,0.20552997271485224,-0.47343801289598186,0.30006,-0.016812,0.589009,1.4750475640304876,-0.16905259134817077,-0.09955358053375656
78,2026-09-26T09:33:02.442101+00:00,3.95,1790415182.4403532,1790415182.4266183,1790415182.4384468,TEACHING_MODE,NORMAL,START_RECORDING,REACH_TARGET_POS_SUCCESSFULLY,0.62789965169748,-0.37372735272954577,-1.2592201487288688,-0.739914883090476,0.518310427964756,0.20552997271485224,-0.47343801289598186,0.29453799999999997,-0.021606,0.591851,1.4880502669578455,-0.17758725139042306,-0.10260790672474664
79,2026-09-26T09:33:02.492210+00:00,4.0,1790415182.488215,1790415182.486556,1790415182.490811,TEACHING_MODE,NORMAL,START_RECORDING,REACH_TARGET_POS_SUCCESSFULLY,0.62789965169748,-0.35828118884939597,-1.2592201487288688,-0.7397228968727567,0.518310427964756,0.20552997271485224,-0.47343801289598186,0.285856,-0.02784,0.597059,1.503915309858474,-0.19519762354304585,-0.10540043352793756
80,2026-09-26T09:33:02.542058+00:00,4.05,1790415182.5406005,1790415182.5249557,1790415182.5396006,TEACHING_MODE,NORMAL,START_RECORDING,REACH_TARGET_POS_SUCCESSFULLY,0.6280741846226795,-0.3384367952542205,-1.2592201487288688,-0.7394785507774775,0.518310427964756,0.20552997271485224,-0.47343801289598186,0.281252,-0.031111,0.599702,1.5122928902680466,-0.2044653218711357,-0.10684905680709285
81,2026-09-26T09:33:02.592085+00:00,4.1,1790415182.591031,1790415182.5851324,1790415182.5887077,TEACHING_MODE,NORMAL,START_RECORDING,REACH_TARGET_POS_SUCCESSFULLY,0.6281614510852791,-0.32190852723783414,-1.2592201487288688,-0.7388851388317994,0.5185896806450752,0.20552997271485224,-0.47343801289598186,0.272999,-0.036920999999999995,0.6042959999999999,1.527023469154879,-0.22122048269028127,-0.10957177044020401
82,2026-09-26T09:33:02.642074+00:00,4.15,1790415182.6402123,1790415182.625006,1790415182.6382277,TEACHING_MODE,NORMAL,START_RECORDING,REACH_TARGET_POS_SUCCESSFULLY,0.632245521534946,-0.30421088862261164,-1.2592201487288688,-0.7382742735936014,0.5318890895452719,0.20552997271485224,-0.47343801289598186,0.26753499999999997,-0.040333,0.6071409999999999,1.542330006694869,-0.23369958684204073,-0.10620328498385495
83,2026-09-26T09:33:02.692092+00:00,4.2,1790415182.6902492,1790415182.6853268,1790415182.6889954,TEACHING_MODE,NORMAL,START_RECORDING,REACH_TARGET_POS_SUCCESSFULLY,0.6424382443665927,-0.2885029253546627,-1.2592201487288688,-0.732235434381701,0.5505466592490913,0.20552997271485224,-0.47343801289598186,0.26122999999999996,-0.041955,0.610861,1.5675500143861874,-0.25382323311753535,-0.08813912722571364
84,2026-09-26T09:33:02.742156+00:00,4.25,1790415182.740162,1790415182.725203,1790415182.7376432,TEACHING_MODE,NORMAL,START_RECORDING,REACH_TARGET_POS_SUCCESSFULLY,0.6598391770089762,-0.27752480435961835,-1.2592201487288688,-0.7178364680527478,0.574352950246294,0.20552997271485224,-0.47343801289598186,0.257228,-0.040186,0.614275,1.5828914585112173,-0.27291713513435334,-0.0656243798749868
85,2026-09-26T09:33:02.792108+00:00,4.3,1790415182.7902792,1790415182.7836034,1790415182.7886236,TEACHING_MODE,NORMAL,START_RECORDING,REACH_TARGET_POS_SUCCESSFULLY,0.6766641509982017,-0.26687829592245293,-1.2592201487288688,-0.6963863715457375,0.6010041279242474,0.20552997271485224,-0.47343801289598186,0.25019199999999997,-0.035893,0.621104,1.6071515351139385,-0.3124488426920249,-0.02192133540504878
86,2026-09-26T09:33:02.842113+00:00,4.35,1790415182.8402185,1790415182.8234901,1790415182.837835,TEACHING_MODE,NORMAL,START_RECORDING,REACH_TARGET_POS_SUCCESSFULLY,0.6949028416815423,-0.2580469299073616,-1.2592201487288688,-0.6750235415013269,0.6413735935228762,0.20552997271485224,-0.47343801289598186,0.246084,-0.031714,0.625379,1.6203287709664957,-0.3379306497711421,0.010943214410004447
87,2026-09-26T09:33:02.892080+00:00,4.4,1790415182.8908412,1790415182.8846376,1790415182.8899128,TEACHING_MODE,NORMAL,START_RECORDING,REACH_TARGET_POS_SUCCESSFULLY,0.7106806181195711,-0.24916320401471048,-1.2592201487288688,-0.647586965659976,0.6812718202234666,0.20552997271485224,-0.47343801289598186,0.238997,-0.025366,0.632498,1.644501581106617,-0.38362336958835364,0.06723008278682158
88,2026-09-26T09:33:02.942502+00:00,4.451,1790415182.9401615,1790415182.9231071,1790415182.9389462,TEACHING_MODE,NORMAL,START_RECORDING,REACH_TARGET_POS_SUCCESSFULLY,0.7197912368149815,-0.24254840614965198,-1.2592201487288688,-0.6318440958069872,0.7256555431016823,0.20552997271485224,-0.47343801289598186,0.23527299999999998,-0.02286,0.635891,1.6624610191096387,-0.4090179102048711,0.09810495725460128
89,2026-09-26T09:33:02.992147+00:00,4.5,1790415182.988893,1790415182.9859865,1790415182.9846952,TEACHING_MODE,NORMAL,START_RECORDING,REACH_TARGET_POS_SUCCESSFULLY,0.7226535767882521,-0.2371204321759496,-1.2592201487288688,-0.6257878033025669,0.7514515094461586,0.20552997271485224,-0.47343801289598186,0.232428,-0.022435999999999998,0.637958,1.689234369835232,-0.43163737731071766,0.1248434013951544
90,2026-09-26T09:33:03.042136+00:00,4.55,1790415183.0404255,1790415183.023488,1790415183.0384455,TEACHING_MODE,NORMAL,START_RECORDING,REACH_TARGET_POS_SUCCESSFULLY,0.7226186702032122,-0.22914427749433552,-1.2592201487288688,-0.6257179901324871,0.8005301680122392,0.20552997271485224,-0.47343801289598186,0.231068,-0.023868,0.638375,1.7138784188733918,-0.4445353604829557,0.13856168931582982
91,2026-09-26T09:33:03.092122+00:00,4.6,1790415183.0907094,1790415183.0834746,1790415183.088602,TEACHING_MODE,NORMAL,START_RECORDING,REACH_TARGET_POS_SUCCESSFULLY,0.7226186702032122,-0.22012092526152485,-1.2592201487288688,-0.6257179901324871,0.83721698888916,0.20552997271485224,-0.47343801289598186,0.228342,-0.026737,0.6392,1.7523978354649066,-0.4658807372348464,0.1581442835232062
92,2026-09-26T09:33:03.142149+00:00,4.65,1790415183.1402137,1790415183.123177,1790415183.137684,TEACHING_MODE,NORMAL,START_RECORDING,REACH_TARGET_POS_SUCCESSFULLY,0.7223394175228932,-0.20949187011687936,-1.2592201487288688,-0.6257179901324871,0.8674460915337018,0.20552997271485224,-0.47354273265110153,0.225273,-0.029682,0.6403,1.772573841617961,-0.4798259179582811,0.16531758674890287
93,2026-09-26T09:33:03.192094+00:00,4.7,1790415183.190473,1790415183.1830068,1790415183.1891956,TEACHING_MODE,NORMAL,START_RECORDING,REACH_TARGET_POS_SUCCESSFULLY,0.7226012169106923,-0.19743164498559854,-1.2592201487288688,-0.6257179901324871,0.8961393044364885,0.20552997271485224,-0.47354273265110153,0.22033699999999998,-0.034303,0.641991,1.8062761494739716,-0.5036147556629638,0.17802358370342164
94,2026-09-26T09:33:03.242080+00:00,4.75,1790415183.2405524,1790415183.2230053,1790415183.2376046,TEACHING_MODE,NORMAL,START_RECORDING,REACH_TARGET_POS_SUCCESSFULLY,0.7226012169106923,-0.18320721158184478,-1.2592201487288688,-0.6257179901324871,0.9224239629715231,0.20552997271485224,-0.47354273265110153,0.216354,-0.037968999999999996,0.643334,1.8281974848790203,-0.5206142625773885,0.1848303677861995
95,2026-09-26T09:33:03.292241+00:00,4.8,1790415183.2902758,1790415183.2833617,1790415183.2891662,TEACHING_MODE,NORMAL,START_RECORDING,REACH_TARGET_POS_SUCCESSFULLY,0.7226535767882521,-0.16620770466742,-1.2592201487288688,-0.6257179901324871,0.9476788772478811,0.20552997271485224,-0.47354273265110153,0.209732,-0.043976999999999995,0.6455,1.8568557911967671,-0.5452757649080685,0.19106119321581927
96,2026-09-26T09:33:03.342047+00:00,4.85,1790415183.340192,1790415183.323671,1790415183.33767,TEACHING_MODE,NORMAL,START_RECORDING,REACH_TARGET_POS_SUCCESSFULLY,0.7226535767882521,-0.1438674902418926,-1.2592201487288688,-0.6257179901324871,0.9651147164753044,0.20552997271485224,-0.47354273265110153,0.203789,-0.049315,0.6473519999999999,1.8767525446695026,-0.564491839972526,0.1927716158827737
97,2026-09-26T09:33:03.392117+00:00,4.9,1790415183.3907788,1790415183.383386,1790415183.3897612,TEACHING_MODE,NORMAL,START_RECORDING,REACH_TARGET_POS_SUCCESSFULLY,0.7230899091012507,-0.12070697106792784,-1.2592201487288688,-0.6257179901324871,0.9755866919872703,0.20552997271485224,-0.47354273265110153,0.19445199999999999,-0.057634,0.650044,1.9025485110139786,-0.5917538828886775,0.19168951174653723
98,2026-09-26T09:33:03.442139+00:00,4.95,1790415183.440206,1790415183.4247782,1790415183.4382424,TEACHING_MODE,NORMAL,START_RECORDING,REACH_TARGET_POS_SUCCESSFULLY,0.7253937437138832,-0.09609782861480778,-1.2592201487288688,-0.6258401631801268,0.9791995235388986,0.20552997271485224,-0.4736474524062212,0.186693,-0.064164,0.65213,1.9181866611118479,-0.6111095842932946,0.18900170469846594
99,2026-09-26T09:33:03.491993+00:00,5.0,1790415183.4912465,1790415183.4839756,1790415183.4902077,TEACHING_MODE,NORMAL,START_RECORDING,REACH_TARGET_POS_SUCCESSFULLY,0.7278721112517152,-0.0722391777400453,-1.2592201487288688,-0.6262939487856453,0.9791995235388986,0.20552997271485224,-0.4736474524062212,0.17488399999999998,-0.07458,0.65481,1.938484840312542,-0.6374116961208491,0.1789486082069786
100,2026-09-26T09:33:03.542118+00:00,5.05,1790415183.5403109,1790415183.5233238,1790415183.538291,TEACHING_MODE,NORMAL,START_RECORDING,REACH_TARGET_POS_SUCCESSFULLY,0.7338411372935358,-0.051888638661791414,-1.2592201487288688,-0.6262939487856453,0.9791995235388986,0.20552997271485224,-0.4738743452089804,0.16925199999999999,-0.079119,0.656009,1.948642656559149,-0.6505540253883664,0.17769197114554272
101,2026-09-26T09:33:03.592095+00:00,5.1,1790415183.5913336,1790415183.5841079,1790415183.5902338,TEACHING_MODE,NORMAL,START_RECORDING,REACH_TARGET_POS_SUCCESSFULLY,0.7410842536893122,-0.03974114706791088,-1.2592201487288688,-0.6262939487856453,0.9791995235388986,0.20552997271485224,-0.47792350907360726,0.16278099999999998,-0.084184,0.657283,1.9606156152278302,-0.6647260989145604,0.1796292866152564
102,2026-09-26T09:33:03.642040+00:00,5.15,1790415183.6408443,1790415183.6230564,1790415183.637763,TEACHING_MODE,NORMAL,START_RECORDING,REACH_TARGET_POS_SUCCESSFULLY,0.7417474788050702,-0.036739180754480634,-1.2592201487288688,-0.6262939487856453,0.9791995235388986,0.20552997271485224,-0.48244391183627255,0.161181,-0.085563,0.657557,1.961907158874306,-0.6632251157578453,0.18154914879245018
103,2026-09-26T09:33:03.692074+00:00,5.2,1790415183.6906748,1790415183.683184,1790415183.6898458,TEACHING_MODE,NORMAL,START_RECORDING,REACH_TARGET_POS_SUCCESSFULLY,0.7395134573625174,-0.036739180754480634,-1.2592201487288688,-0.6262939487856453,0.9791995235388986,0.20552997271485224,-0.487557726544616,0.16114,-0.08564,0.6575559999999999,1.9602316427923914,-0.6579891280018623,0.18380062352752286
104,2026-09-26T09:33:03.742076+00:00,5.25,1790415183.7402139,1790415183.7230217,1790415183.7376723,TEACHING_MODE,NORMAL,START_RECORDING,REACH_TARGET_POS_SUCCESSFULLY,0.7328113930348592,-0.03654719453676126,-1.2592201487288688,-0.6262939487856453,0.9791995235388986,0.20552997271485224,-0.4912054646812841,0.160712,-0.08644,0.6575559999999999,1.9595160577990738,-0.6557201999742697,0.17999580575817523
105,2026-09-26T09:33:03.792127+00:00,5.3,1790415183.790816,1790415183.7833345,1790415183.7893667,TEACHING_MODE,NORMAL,START_RECORDING,REACH_TARGET_POS_SUCCESSFULLY,0.7258126227343619,-0.030159289474462014,-1.2592201487288688,-0.6262939487856453,0.9796707624369371,0.2054950661298124,-0.4976806362061831,0.157829,-0.089784,0.65787,1.9611566672959484,-0.6533814587765973,0.17224654387932037
106,2026-09-26T09:33:03.842061+00:00,5.35,1790415183.8401713,1790415183.8236322,1790415183.8376536,TEACHING_MODE,NORMAL,START_RECORDING,REACH_TARGET_POS_SUCCESSFULLY,0.7181331740255869,-0.021886428820008894,-1.2592201487288688,-0.6261892290305255,0.9952914592422865,0.2054950661298124,-0.5042605274862016,0.155131,-0.09260199999999999,0.6581589999999999,1.9671431466302889,-0.6554234940014305,0.17027432182456678
107,2026-09-26T09:33:03.892125+00:00,5.4,1790415183.8901637,1790415183.8831604,1790415183.88928,TEACHING_MODE,NORMAL,START_RECORDING,REACH_TARGET_POS_SUCCESSFULLY,0.7097381403234941,-0.008569566627292158,-1.2592201487288688,-0.6261892290305255,1.0268993719959036,0.2054950661298124,-0.5134584126442118,0.148941,-0.098839,0.658678,1.994771708689359,-0.673784357732411,0.17444565873683326
108,2026-09-26T09:33:03.942120+00:00,5.45,1790415183.9401639,1790415183.924053,1790415183.9380176,TEACHING_MODE,NORMAL,START_RECORDING,REACH_TARGET_POS_SUCCESSFULLY,0.7018317988119599,0.005550147021341968,-1.2592201487288688,-0.6261892290305255,1.0775488268887792,0.2054950661298124,-0.5216963667136251,0.14440799999999998,-0.103257,0.658953,2.0199044499180774,-0.6909758508645552,0.18308503853420519
109,2026-09-26T09:33:03.991997+00:00,5.5,1790415183.9907224,1790415183.9831848,1790415183.9877207,TEACHING_MODE,NORMAL,START_RECORDING,REACH_TARGET_POS_SUCCESSFULLY,0.6961071188654184,0.022706733568446227,-1.2592201487288688,-0.6261892290305255,1.1322823522313212,0.20542525295973257,-0.5317669164976323,0.13763899999999998,-0.10953299999999999,0.6592859999999999,2.058860198822591,-0.719337451209463,0.20109683641478665
110,2026-09-26T09:33:04.042013+00:00,5.55,1790415184.0401723,1790415184.0249727,1790415184.0376334,TEACHING_MODE,NORMAL,START_RECORDING,REACH_TARGET_POS_SUCCESSFULLY,0.692232487925991,0.037559485502917975,-1.2592201487288688,-0.6261892290305255,1.1951142053031174,0.20540779966721265,-0.541436040553681,0.132988,-0.113634,0.659439,2.0922483474132427,-0.7467565737582939,0.2198591258737257
111,2026-09-26T09:33:04.091995+00:00,5.6,1790415184.091059,1790415184.0842414,1790415184.0880332,TEACHING_MODE,NORMAL,START_RECORDING,REACH_TARGET_POS_SUCCESSFULLY,0.6905569718440765,0.05321508889330711,-1.2592201487288688,-0.6261892290305255,1.2681736877916,0.20540779966721265,-0.5515065903376882,0.12643,-0.119085,0.659602,2.144468598632913,-0.7926063732081849,0.2597573525743161
112,2026-09-26T09:33:04.142074+00:00,5.65,1790415184.1407354,1790415184.1230564,1790415184.1397545,TEACHING_MODE,NORMAL,START_RECORDING,REACH_TARGET_POS_SUCCESSFULLY,0.6891781617350009,0.06501351463678878,-1.2592201487288688,-0.6261892290305255,1.3399067200485668,0.20500637393925394,-0.5611931676862568,0.12303,-0.121794,0.659663,2.17303963848806,-0.8195193502739374,0.2852217063609133
113,2026-09-26T09:33:04.192105+00:00,5.7,1790415184.190547,1790415184.1839144,1790415184.1882405,TEACHING_MODE,NORMAL,START_RECORDING,REACH_TARGET_POS_SUCCESSFULLY,0.6865427145644895,0.07637560806727187,-1.2592201487288688,-0.6261892290305255,1.383487591470865,0.20491910747665423,-0.5676857925036757,0.11817599999999999,-0.125586,0.659756,2.2094472066846618,-0.8576897010150535,0.31470031742709753
114,2026-09-26T09:33:04.242067+00:00,5.75,1790415184.2403593,1790415184.2230587,1790415184.2386856,TEACHING_MODE,NORMAL,START_RECORDING,REACH_TARGET_POS_SUCCESSFULLY,0.6825982704549822,0.08278096642209105,-1.2592201487288688,-0.6261892290305255,1.386908436804774,0.20491910747665423,-0.5726425275793395,0.115544,-0.127735,0.659812,2.21304258494377,-0.863065315111196,0.3180862561759666
115,2026-09-26T09:33:04.292254+00:00,5.8,1790415184.2853453,1790415184.2831652,1790415184.287638,TEACHING_MODE,NORMAL,START_RECORDING,REACH_TARGET_POS_SUCCESSFULLY,0.6784618401277557,0.08761552845011535,-1.2592201487288688,-0.6261892290305255,1.386594277539415,0.20491910747665423,-0.5770233040018453,0.11258,-0.13019799999999998,0.659853,2.2117335880047744,-0.8632922079139552,0.31489230364481696
116,2026-09-26T09:33:04.341993+00:00,5.85,1790415184.3402221,1790415184.3235338,1790415184.337714,TEACHING_MODE,NORMAL,START_RECORDING,REACH_TARGET_POS_SUCCESSFULLY,0.6743254098005292,0.09245009047813964,-1.2592201487288688,-0.6262764954931254,1.3865244643693353,0.20491910747665423,-0.5770756638794051,0.110548,-0.131852,0.659872,2.2138628896922072,-0.8669573993431433,0.3101799146644323
117,2026-09-26T09:33:04.392198+00:00,5.9,1790415184.3903162,1790415184.383327,1790415184.3881688,TEACHING_MODE,NORMAL,START_RECORDING,REACH_TARGET_POS_SUCCESSFULLY,0.6701889794733026,0.094492125702973,-1.2592201487288688,-0.6262939487856453,1.3865244643693353,0.20491910747665423,-0.5770756638794051,0.10857,-0.133479,0.6598609999999999,2.215747845284361,-0.869837192608934,0.3033905838741743
118,2026-09-26T09:33:04.442015+00:00,5.95,1790415184.4402218,1790415184.4233286,1790415184.437921,TEACHING_MODE,NORMAL,START_RECORDING,REACH_TARGET_POS_SUCCESSFULLY,0.6701540728882627,0.09786061115932206,-1.2592201487288688,-0.6263986685407649,1.3865244643693353,0.20491910747665423,-0.5770756638794051,0.107389,-0.134441,0.659849,2.217405908073756,-0.8723330134392859,0.3015754414521002
119,2026-09-26T09:33:04.492095+00:00,6.0,1790415184.490177,1790415184.4832387,1790415184.4876153,TEACHING_MODE,NORMAL,START_RECORDING,REACH_TARGET_POS_SUCCESSFULLY,0.6701540728882627,0.10060077808495316,-1.2592201487288688,-0.6263986685407649,1.3873796757028125,0.20491910747665423,-0.5770756638794051,0.10603699999999999,-0.135509,0.659848,2.219605022931269,-0.8757887653582347,0.3004758840233438
120,2026-09-26T09:33:04.541988+00:00,6.05,1790415184.5389264,1790415184.5270286,1790415184.5379698,TEACHING_MODE,NORMAL,START_RECORDING,REACH_TARGET_POS_SUCCESSFULLY,0.6701540728882627,0.10353293122830363,-1.2581729511776725,-0.6263986685407649,1.3891948181248865,0.20491910747665423,-0.5770756638794051,0.105362,-0.135997,0.659856,2.2211583659655436,-0.8781798664334669,0.30098202950642217
121,2026-09-26T09:33:04.592120+00:00,6.1,1790415184.59029,1790415184.5845306,1790415184.5882328,TEACHING_MODE,NORMAL,START_RECORDING,REACH_TARGET_POS_SUCCESSFULLY,0.6646388324519606,0.10829768008624815,-1.2581904044701921,-0.6263986685407649,1.3892820845874865,0.20491910747665423,-0.5770756638794051,0.102435,-0.138257,0.659844,2.224718837639612,-0.8839569062575681,0.2948384705394021
122,2026-09-26T09:33:04.642281+00:00,6.15,1790415184.6408203,1790415184.6230652,1790415184.6399188,TEACHING_MODE,NORMAL,START_RECORDING,REACH_TARGET_POS_SUCCESSFULLY,0.655929639484509,0.11435397259066848,-1.2581904044701921,-0.6263986685407649,1.3904863617713623,0.20491910747665423,-0.5770756638794051,0.099452,-0.14052399999999998,0.659814,2.227860430293202,-0.8888438281631522,0.28586747818415126
123,2026-09-26T09:33:04.692130+00:00,6.2,1790415184.690329,1790415184.6842937,1790415184.688485,TEACHING_MODE,NORMAL,START_RECORDING,REACH_TARGET_POS_SUCCESSFULLY,0.6447595322717452,0.12144000935376545,-1.2571606602115155,-0.6263986685407649,1.3922840509009167,0.20491910747665423,-0.5770756638794051,0.09493,-0.143831,0.6597529999999999,2.2325030061035065,-0.8961043978514487,0.27228881660363535
124,2026-09-26T09:33:04.742148+00:00,6.25,1790415184.7403116,1790415184.7234292,1790415184.7390087,TEACHING_MODE,NORMAL,START_RECORDING,REACH_TARGET_POS_SUCCESSFULLY,0.6339384909093805,0.12966051013065874,-1.2485387337066636,-0.6263986685407649,1.4244155624301322,0.20491910747665423,-0.5770756638794051,0.091859,-0.145625,0.659786,2.2414914517512776,-0.9087929415134474,0.27248080282135473
125,2026-09-26T09:33:04.792136+00:00,6.3,1790415184.7905495,1790415184.7833383,1790415184.787665,TEACHING_MODE,NORMAL,START_RECORDING,REACH_TARGET_POS_SUCCESSFULLY,0.6216862795603801,0.13840460968315035,-1.2348204457859882,-0.6263986685407649,1.4793236206978737,0.20491910747665423,-0.5770756638794051,0.088115,-0.14649399999999999,0.660119,2.2730295513348153,-0.9531243045141033,0.3075793740789607
126,2026-09-26T09:33:04.842130+00:00,6.35,1790415184.8402867,1790415184.8235323,1790415184.837618,TEACHING_MODE,NORMAL,START_RECORDING,REACH_TARGET_POS_SUCCESSFULLY,0.6116331830688929,0.14809118703171886,-1.2129514702584991,-0.6263986685407649,1.5293273037675112,0.20491910747665423,-0.5770756638794051,0.085572,-0.146812,0.660424,2.29301357127015,-0.9833185005736054,0.33142057166120326
127,2026-09-26T09:33:04.892145+00:00,6.4,1790415184.8901963,1790415184.8830194,1790415184.887878,TEACHING_MODE,NORMAL,START_RECORDING,REACH_TARGET_POS_SUCCESSFULLY,0.602382938033323,0.1510582467601092,-1.193927381411761,-0.6263986685407649,1.5592247938541743,0.20491910747665423,-0.5770756638794051,0.083974,-0.14546399999999998,0.661049,2.3061209939526277,-1.0110168758027553,0.3666238626739289
128,2026-09-26T09:33:04.941998+00:00,6.45,1790415184.9402277,1790415184.9231813,1790415184.9377842,TEACHING_MODE,NORMAL,START_RECORDING,REACH_TARGET_POS_SUCCESSFULLY,0.5936388384808313,0.15072663420223031,-1.1791444426473692,-0.6263986685407649,1.573780839815807,0.20470966796641493,-0.5770756638794051,0.08451199999999999,-0.143678,0.661451,2.3083724686877,-1.0188534041442099,0.3836582761733935
129,2026-09-26T09:33:04.992110+00:00,6.5,1790415184.9901237,1790415184.9832273,1790415184.9882486,TEACHING_MODE,NORMAL,START_RECORDING,REACH_TARGET_POS_SUCCESSFULLY,0.5846678461255805,0.15042992822939125,-1.177346753517815,-0.6263986685407649,1.584532068008092,0.20453513504121548,-0.5769360375392455,0.083885,-0.143444,0.661611,2.311060275735772,-1.0234261667844349,0.384129515071432
130,2026-09-26T09:33:05.042323+00:00,6.551,1790415185.040441,1790415185.025038,1790415185.0379755,TEACHING_MODE,NORMAL,START_RECORDING,REACH_TARGET_POS_SUCCESSFULLY,0.5717175030757825,0.15042992822939125,-1.177346753517815,-0.6263986685407649,1.6045509945284668,0.20453513504121548,-0.5769360375392455,0.08282199999999999,-0.143897,0.661658,2.316540609587034,-1.0304598436699721,0.3823667325269177
131,2026-09-26T09:33:05.092100+00:00,6.6,1790415185.0902402,1790415185.0834405,1790415185.0876172,TEACHING_MODE,NORMAL,START_RECORDING,REACH_TARGET_POS_SUCCESSFULLY,0.5622229119449333,0.14683454997028295,-1.1774340199804147,-0.6263986685407649,1.6228071385043277,0.2044653218711357,-0.5769360375392455,0.082338,-0.14377299999999998,0.661775,2.3264715330308814,-1.0417695772228954,0.3826285319147169
132,2026-09-26T09:33:05.142189+00:00,6.65,1790415185.1404984,1790415185.123999,1790415185.1394749,TEACHING_MODE,NORMAL,START_RECORDING,REACH_TARGET_POS_SUCCESSFULLY,0.5599888905023807,0.13723523908431415,-1.1775387397355344,-0.6263986685407649,1.6221613666810897,0.20441296199357586,-0.5769360375392455,0.08497099999999999,-0.14209,0.661813,2.324220058295809,-1.0349278865550777,0.38117990863556156
133,2026-09-26T09:33:05.192105+00:00,6.7,1790415185.1905158,1790415185.1835377,1790415185.1880286,TEACHING_MODE,NORMAL,START_RECORDING,REACH_TARGET_POS_SUCCESSFULLY,0.5563062457806727,0.11995647948957028,-1.1775387397355344,-0.6266255613435241,1.6221613666810897,0.20441296199357586,-0.5769360375392455,0.092748,-0.137292,0.661748,2.318355752009108,-1.016706649164257,0.383204490567875
134,2026-09-26T09:33:05.242082+00:00,6.75,1790415185.2404745,1790415185.2233365,1790415185.2395165,TEACHING_MODE,NORMAL,START_RECORDING,REACH_TARGET_POS_SUCCESSFULLY,0.5499183407183733,0.10885618544688634,-1.1775387397355344,-0.6266255613435241,1.6221613666810897,0.20441296199357586,-0.5769360375392455,0.096925,-0.134748,0.661652,2.314900000090159,-1.006164860482211,0.3818431337513194
135,2026-09-26T09:33:05.292163+00:00,6.8,1790415185.2905102,1790415185.2831733,1790415185.2876875,TEACHING_MODE,NORMAL,START_RECORDING,REACH_TARGET_POS_SUCCESSFULLY,0.5402317633698048,0.10016444577195457,-1.1775387397355344,-0.6266255613435241,1.6221613666810897,0.20441296199357586,-0.5769360375392455,0.10002499999999999,-0.133047,0.661504,2.311688594266489,-0.996041950820644,0.3734306467567068
136,2026-09-26T09:33:05.342016+00:00,6.85,1790415185.3401153,1790415185.3231757,1790415185.338886,TEACHING_MODE,NORMAL,START_RECORDING,REACH_TARGET_POS_SUCCESSFULLY,0.5314178506472335,0.0956614963018092,-1.1775387397355344,-0.6266255613435241,1.6221613666810897,0.20441296199357586,-0.5769360375392455,0.10094,-0.132663,0.661426,2.3103621440349738,-0.9918182540308176,0.366885662061728
137,2026-09-26T09:33:05.391997+00:00,6.9,1790415185.3900974,1790415185.3836575,1790415185.387709,TEACHING_MODE,NORMAL,START_RECORDING,REACH_TARGET_POS_SUCCESSFULLY,0.5280144586058445,0.09443976582541318,-1.1769627810823762,-0.6266255613435241,1.6224755259464487,0.20441296199357586,-0.5769360375392455,0.101354,-0.13252999999999998,0.66138,2.309664012334176,-0.9894271529555854,0.36208600661874357
138,2026-09-26T09:33:05.442201+00:00,6.95,1790415185.4404316,1790415185.4231737,1790415185.4392583,TEACHING_MODE,NORMAL,START_RECORDING,REACH_TARGET_POS_SUCCESSFULLY,0.528485697503883,0.09430013948525363,-1.1672936570263275,-0.6266255613435241,1.6226151522866084,0.20441296199357586,-0.5769360375392455,0.10184299999999999,-0.131936,0.661435,2.309035693803458,-0.9893573397855057,0.3664318764562095
139,2026-09-26T09:33:05.492221+00:00,7.0,1790415185.490237,1790415185.483175,1790415185.4879966,TEACHING_MODE,NORMAL,START_RECORDING,REACH_TARGET_POS_SUCCESSFULLY,0.5297248812727989,0.09435249936281345,-1.1442902174850422,-0.6266255613435241,1.6227547786267678,0.20441296199357586,-0.5769360375392455,0.10461799999999999,-0.128164,0.661825,2.3048469035986714,-0.989846031976064,0.3965038994680718
140,2026-09-26T09:33:05.542002+00:00,7.05,1790415185.5403352,1790415185.5248113,1790415185.5394595,TEACHING_MODE,NORMAL,START_RECORDING,REACH_TARGET_POS_SUCCESSFULLY,0.52941072200744,0.09447467241045306,-1.1062594930840859,-0.6266255613435241,1.6227547786267678,0.20441296199357586,-0.5769360375392455,0.10753299999999999,-0.12383799999999999,0.662275,2.299872715230488,-0.9902474577040228,0.4297698750110837
141,2026-09-26T09:33:05.592082+00:00,7.1,1790415185.5902324,1790415185.5833936,1790415185.5877712,TEACHING_MODE,NORMAL,START_RECORDING,REACH_TARGET_POS_SUCCESSFULLY,0.529079109449561,0.09447467241045306,-1.0548769999053726,-0.6266255613435241,1.6227547786267678,0.20441296199357586,-0.5769360375392455,0.11275299999999999,-0.115312,0.663123,2.2902210444669593,-0.9907012433095412,0.4936140190490363
142,2026-09-26T09:33:05.642059+00:00,7.15,1790415185.640582,1790415185.6254916,1790415185.6396685,TEACHING_MODE,NORMAL,START_RECORDING,REACH_TARGET_POS_SUCCESSFULLY,0.5263738491089698,0.09527752386637046,-0.9846798573901608,-0.6265208415884045,1.6227547786267678,0.2040988027282169,-0.5768313177841259,0.11678799999999999,-0.107497,0.663907,2.281372225159348,-0.9912248420851396,0.5505990191266511
143,2026-09-26T09:33:05.692127+00:00,7.2,1790415185.6903667,1790415185.6855521,1790415185.6886995,TEACHING_MODE,NORMAL,START_RECORDING,REACH_TARGET_POS_SUCCESSFULLY,0.5219930726864641,0.09819222371720099,-0.9216211115156057,-0.625752896717527,1.6227547786267678,0.20193459445574394,-0.5767440513215262,0.120683,-0.09704399999999999,0.665036,2.271895087321019,-0.9919404270784573,0.6250896716017691
144,2026-09-26T09:33:05.742081+00:00,7.25,1790415185.7410395,1790415185.7234051,1790415185.7400713,TEACHING_MODE,NORMAL,START_RECORDING,REACH_TARGET_POS_SUCCESSFULLY,0.5206491691624284,0.10098475052039192,-0.860604400865884,-0.6252816578194885,1.6227547786267678,0.18905406457602578,-0.5766218782738867,0.12299399999999999,-0.088734,0.6658609999999999,2.272418686096617,-0.9895144194181852,0.6770481234336403
145,2026-09-26T09:33:05.792086+00:00,7.3,1790415185.7901874,1790415185.7843091,1790415185.7884367,TEACHING_MODE,NORMAL,START_RECORDING,REACH_TARGET_POS_SUCCESSFULLY,0.5212251278155866,0.10705849631733218,-0.8100945723131681,-0.6252816578194885,1.6227547786267678,0.17467255153959252,-0.5764647986412071,0.12356199999999999,-0.078716,0.666908,2.283536433431821,-0.9857619615263974,0.7387455124916399
146,2026-09-26T09:33:05.842072+00:00,7.35,1790415185.8413796,1790415185.8230767,1790415185.8398228,TEACHING_MODE,NORMAL,START_RECORDING,REACH_TARGET_POS_SUCCESSFULLY,0.52326716304042,0.11765264487693776,-0.772220927544891,-0.6251420314793289,1.6227547786267678,0.15840608291100536,-0.5763775321786074,0.122136,-0.074248,0.667553,2.294723993937105,-0.9839119125192833,0.7667405936936289
147,2026-09-26T09:33:05.892063+00:00,7.4,1790415185.8902469,1790415185.8834167,1790415185.8876355,TEACHING_MODE,NORMAL,START_RECORDING,REACH_TARGET_POS_SUCCESSFULLY,0.523546415720739,0.13226105071613029,-0.7440687667102225,-0.6194522581178274,1.6227547786267678,0.1370607061591147,-0.5763426255935675,0.114633,-0.07257899999999999,0.6693979999999999,2.303886972510075,-0.9901776445339431,0.795625792814135
148,2026-09-26T09:33:05.942097+00:00,7.45,1790415185.9404552,1790415185.9229958,1790415185.93824,TEACHING_MODE,NORMAL,START_RECORDING,REACH_TARGET_POS_SUCCESSFULLY,0.5236860420608985,0.14751522837856074,-0.713176438949923,-0.5962568323588229,1.6227547786267678,0.11590731562494343,-0.5762379058384478,0.105959,-0.07152399999999999,0.672408,2.2952999525902626,-0.9998467685899916,0.8266402936220743
149,2026-09-26T09:33:05.992115+00:00,7.5,1790415185.9902713,1790415185.9829984,1790415185.9880383,TEACHING_MODE,NORMAL,START_RECORDING,REACH_TARGET_POS_SUCCESSFULLY,0.5335995122122263,0.16296139225871054,-0.6855827834758925,-0.5655564908162426,1.6227547786267678,0.09318312876397726,-0.5762379058384478,0.092237,-0.0691,0.677692,2.271266768790301,-1.0142631882114648,0.8854578894142833
150,2026-09-26T09:33:06.042088+00:00,7.55,1790415186.0407484,1790415186.0232005,1790415186.0377984,TEACHING_MODE,NORMAL,START_RECORDING,REACH_TARGET_POS_SUCCESSFULLY,0.5413313207985613,0.17359044740335602,-0.6489483224765317,-0.5301088537082377,1.6227547786267678,0.06993534312741279,-0.576185545960888,0.08148899999999999,-0.06594799999999999,0.6822389999999999,2.2322412067157074,-1.0280338360097,0.9545903810857786
151,2026-09-26T09:33:06.092143+00:00,7.6,1790415186.090084,1790415186.0839894,1790415186.0881286,TEACHING_MODE,NORMAL,START_RECORDING,REACH_TARGET_POS_SUCCESSFULLY,0.5519080160656469,0.18106045660189177,-0.6091024556535011,-0.49534189500851067,1.6227547786267678,0.04420918995301636,-0.5760982794982883,0.06650299999999999,-0.060011999999999996,0.688163,2.184087572653184,-1.0381218390862272,1.0524160856600608
152,2026-09-26T09:33:06.142091+00:00,7.65,1790415186.1410494,1790415186.1247885,1790415186.1377099,TEACHING_MODE,NORMAL,START_RECORDING,REACH_TARGET_POS_SUCCESSFULLY,0.5591511324614233,0.18395770316020235,-0.5649805321630844,-0.46609017674508574,1.6227547786267678,0.01706932008450454,-0.5759935597431687,0.060118,-0.055755,0.69067,2.172062254106943,-1.036673215807072,1.1026117549474177
153,2026-09-26T09:33:06.191986+00:00,7.7,1790415186.1903045,1790415186.1850984,1790415186.1882577,TEACHING_MODE,NORMAL,START_RECORDING,REACH_TARGET_POS_SUCCESSFULLY,0.5614898736590958,0.1840275163302821,-0.5230402702376606,-0.44835763154482333,1.6227547786267678,-0.01579522973054868,-0.5759761064506487,0.052659,-0.048230999999999996,0.693561,2.161363385792218,-1.0285748880778183,1.1718838729590728
154,2026-09-26T09:33:06.242117+00:00,7.75,1790415186.2416809,1790415186.224784,1790415186.238704,TEACHING_MODE,NORMAL,START_RECORDING,REACH_TARGET_POS_SUCCESSFULLY,0.5611582611012168,0.1840275163302821,-0.4789532533322839,-0.4436801491494785,1.6227547786267678,-0.04649557127312894,-0.575871386695529,0.050636999999999995,-0.043238,0.6940149999999999,2.184105025945704,-1.0149264133272227,1.19113485460857
155,2026-09-26T09:33:06.292005+00:00,7.8,1790415186.2902374,1790415186.2850587,1790415186.2891736,TEACHING_MODE,NORMAL,START_RECORDING,REACH_TARGET_POS_SUCCESSFULLY,0.5610884479311371,0.18411478279288182,-0.42586033748661645,-0.4420220863600839,1.6227547786267678,-0.07815584390430608,-0.5757317603553695,0.048917999999999996,-0.036357,0.693912,2.230932209776712,-0.9903870840441824,1.205621087400123
156,2026-09-26T09:33:06.341990+00:00,7.85,1790415186.3352616,1790415186.325237,1790415186.3388736,TEACHING_MODE,NORMAL,START_RECORDING,REACH_TARGET_POS_SUCCESSFULLY,0.5613502473189362,0.18411478279288182,-0.3887720908817369,-0.44195227319000413,1.6227547786267678,-0.10625564486141478,-0.5755048675526103,0.047793999999999996,-0.030455,0.693838,2.255070113331793,-0.9735446567624371,1.2310330813091606
157,2026-09-26T09:33:06.392095+00:00,7.9,1790415186.3903801,1790415186.3848302,1790415186.3882265,TEACHING_MODE,NORMAL,START_RECORDING,REACH_TARGET_POS_SUCCESSFULLY,0.5622578185299734,0.18411478279288182,-0.32033773091103923,-0.44195227319000413,1.6227547786267678,-0.14418164950725157,-0.5752605214573311,0.045440999999999995,-0.021464,0.693503,2.3002741409584466,-0.9425825158320577,1.2644735897773718
158,2026-09-26T09:33:06.442134+00:00,7.95,1790415186.4402704,1790415186.424775,1790415186.4377403,TEACHING_MODE,NORMAL,START_RECORDING,REACH_TARGET_POS_SUCCESSFULLY,0.5751383484096915,0.18411478279288182,-0.2756049421824246,-0.4411668750266067,1.6227547786267678,-0.1774127184652236,-0.5751558017022114,0.043970999999999996,-0.016318,0.693172,2.330677776528188,-0.9220399905360843,1.2867265377402997
159,2026-09-26T09:33:06.492109+00:00,8.0,1790415186.490243,1790415186.484312,1790415186.4876974,TEACHING_MODE,NORMAL,START_RECORDING,REACH_TARGET_POS_SUCCESSFULLY,0.5886471968201276,0.184062422915322,-0.2216742682957998,-0.43488368971942715,1.6227547786267678,-0.21020745511019706,-0.5749114556069321,0.039749,-0.008184,0.693267,2.358882297240416,-0.8954411727356908,1.3454045071923488
160,2026-09-26T09:33:06.542137+00:00,8.05,1790415186.5403023,1790415186.524267,1790415186.537689,TEACHING_MODE,NORMAL,START_RECORDING,REACH_TARGET_POS_SUCCESSFULLY,0.6063622887278699,0.18399260974524223,-0.1847081947385599,-0.4243593543299013,1.6227547786267678,-0.24757495439539565,-0.5745274831714934,0.035896,-0.004659,0.6936019999999999,2.3764054029304393,-0.879331783739783,1.3766284475105275
161,2026-09-26T09:33:06.592066+00:00,8.1,1790415186.5883727,1790415186.5870695,1790415186.5911527,TEACHING_MODE,NORMAL,START_RECORDING,REACH_TARGET_POS_SUCCESSFULLY,0.6292086486364757,0.18399260974524223,-0.1515294856581477,-0.407516927048156,1.6227547786267678,-0.27918286714901297,-0.5744576700014137,0.029991999999999998,-0.001529,0.694229,2.3997055484445635,-0.85875435185877,1.4231240187836565
162,2026-09-26T09:33:06.642140+00:00,8.15,1790415186.6403012,1790415186.6279316,1790415186.637747,TEACHING_MODE,NORMAL,START_RECORDING,REACH_TARGET_POS_SUCCESSFULLY,0.6526309671982397,0.18399260974524223,-0.13379694045788532,-0.39140753805224837,1.6227547786267678,-0.3073001213986416,-0.5742482304911743,0.025553,-0.000641,0.694889,2.408414741412015,-0.848893241585002,1.456459807496748
163,2026-09-26T09:33:06.692221+00:00,8.2,1790415186.6903906,1790415186.6892416,1790415186.6896229,TEACHING_MODE,NORMAL,START_RECORDING,REACH_TARGET_POS_SUCCESSFULLY,0.675931112712364,0.184062422915322,-0.13056808134169579,-0.37580429453941905,1.6227547786267678,-0.3285407783954126,-0.5737769915931359,0.020346,-0.001846,0.695835,2.416530522433789,-0.8416326718967057,1.48672381672633
164,2026-09-26T09:33:06.742172+00:00,8.25,1790415186.7402349,1790415186.7290506,1790415186.7382448,TEACHING_MODE,NORMAL,START_RECORDING,REACH_TARGET_POS_SUCCESSFULLY,0.6914645430551135,0.184062422915322,-0.13086478731453483,-0.36939893618459985,1.621829754123211,-0.3514744047666181,-0.5658706500816016,0.018414,-0.002871,0.696078,2.430109184014305,-0.837810400834838,1.4880851735428853
165,2026-09-26T09:33:06.792094+00:00,8.3,1790415186.7873883,1790415186.790721,1790415186.7910268,TEACHING_MODE,NORMAL,START_RECORDING,REACH_TARGET_POS_SUCCESSFULLY,0.7001562827300453,0.1835039175546838,-0.13421581947836395,-0.37386697906970534,1.6203985841365753,-0.36672858242904854,-0.5442983805269516,0.019599,-0.002363,0.6953349999999999,2.481404410730418,-0.8378802140049177,1.4452024338213847
166,2026-09-26T09:33:06.842170+00:00,8.35,1790415186.840917,1790415186.8279908,1790415186.8379903,TEACHING_MODE,NORMAL,START_RECORDING,REACH_TARGET_POS_SUCCESSFULLY,0.7000515629749255,0.1819680278129288,-0.13817771688039107,-0.38351864983323397,1.6182518291566226,-0.3790855135331684,-0.5125857480182147,0.021693999999999998,-0.001434,0.694645,2.519347868668775,-0.839974609107311,1.400853617528209
167,2026-09-26T09:33:06.892120+00:00,8.4,1790415186.8905249,1790415186.8879614,1790415186.8882747,TEACHING_MODE,NORMAL,START_RECORDING,REACH_TARGET_POS_SUCCESSFULLY,0.6989694588386891,0.17929767405737748,-0.13817771688039107,-0.3957010480121544,1.611008712760846,-0.3848974599423095,-0.47055821963019123,0.026253,0.001469,0.693272,2.589457744721387,-0.8448266244278553,1.3140758471190506
168,2026-09-26T09:33:06.942110+00:00,8.45,1790415186.9401102,1790415186.9282625,1790415186.9377973,TEACHING_MODE,NORMAL,START_RECORDING,REACH_TARGET_POS_SUCCESSFULLY,0.6947632153413829,0.1751961503151908,-0.13817771688039107,-0.41455060393369314,1.6022995197933945,-0.38784706637817995,-0.42956043550084444,0.030258,0.003987,0.692058,2.6400897463217423,-0.8454898495436131,1.2472995499377477
169,2026-09-26T09:33:06.992100+00:00,8.5,1790415186.990031,1790415186.9884531,1790415186.988655,TEACHING_MODE,NORMAL,START_RECORDING,REACH_TARGET_POS_SUCCESSFULLY,0.6892305216125608,0.15311773527746253,-0.13960888686702644,-0.43072980609968065,1.594096472309021,-0.38784706637817995,-0.3826808917922767,0.042584,0.012804999999999999,0.689757,2.7212824631245187,-0.8354018464670858,1.1411660781239725
170,2026-09-26T09:33:07.042052+00:00,8.55,1790415187.0401335,1790415187.0289633,1790415187.0379453,TEACHING_MODE,NORMAL,START_RECORDING,REACH_TARGET_POS_SUCCESSFULLY,0.6895097742928799,0.1168672467135403,-0.15707963267948966,-0.4449367862109145,1.574985116999683,-0.38784706637817995,-0.3392745532951777,0.059216,0.023618999999999998,0.686869,2.7884776393263007,-0.8100247591430884,1.0384010917665463
171,2026-09-26T09:33:07.092138+00:00,8.6,1790415187.0901887,1790415187.0885062,1790415187.0887053,TEACHING_MODE,NORMAL,START_RECORDING,REACH_TARGET_POS_SUCCESSFULLY,0.6854257038432131,0.09210102462774077,-0.1815666020849701,-0.4450240526735142,1.5662235641546713,-0.38784706637817995,-0.27991590543485056,0.07604,0.031469,0.684157,2.868937317843239,-0.7951196473310568,0.8916538082588631
172,2026-09-26T09:33:07.142103+00:00,8.65,1790415187.140079,1790415187.1287487,1790415187.1377966,TEACHING_MODE,NORMAL,START_RECORDING,REACH_TARGET_POS_SUCCESSFULLY,0.6751108079639265,0.08698720991939739,-0.21073105388579536,-0.4449018796258745,1.5568860526565018,-0.38784706637817995,-0.22785273384785973,0.080797,0.030189999999999998,0.683562,2.9060430177406382,-0.7968649765830511,0.7977550945015681
173,2026-09-26T09:33:07.192085+00:00,8.7,1790415187.1904387,1790415187.1893287,1790415187.1895463,TEACHING_MODE,NORMAL,START_RECORDING,REACH_TARGET_POS_SUCCESSFULLY,0.6676407987653908,0.08639379797371932,-0.21664772005005614,-0.44158575404708533,1.552819435499355,-0.38784706637817995,-0.17755234480538315,0.08155599999999999,0.027885,0.68382,2.969712628853392,-0.811647915347443,0.681114740590787
174,2026-09-26T09:33:07.242109+00:00,8.75,1790415187.2402556,1790415187.2299173,1790415187.2376778,TEACHING_MODE,NORMAL,START_RECORDING,REACH_TARGET_POS_SUCCESSFULLY,0.6563310652124676,0.08639379797371932,-0.2163161074921772,-0.4291939163579256,1.552854342084395,-0.38784706637817995,-0.12711232942274703,0.080137,0.026432999999999998,0.68467,3.0085636580027857,-0.8250694972952795,0.6183003408115112
175,2026-09-26T09:33:07.292090+00:00,8.8,1790415187.290819,1790415187.289721,1790415187.2899075,TEACHING_MODE,NORMAL,START_RECORDING,REACH_TARGET_POS_SUCCESSFULLY,0.6489483224765317,0.08628907821859966,-0.21415189921970423,-0.4020714997819337,1.5531859546422737,-0.38784706637817995,-0.09232791743050003,0.074378,0.023011999999999998,0.6875939999999999,3.048968030186454,-0.8569392094366959,0.5516985765554075
176,2026-09-26T09:33:07.342055+00:00,8.85,1790415187.3402097,1790415187.331874,1790415187.3379953,TEACHING_MODE,NORMAL,START_RECORDING,REACH_TARGET_POS_SUCCESSFULLY,0.645440210680023,0.08400269689848708,-0.21125465266139368,-0.3643200280612963,1.5533081276899134,-0.38784706637817995,-0.0661130720655452,0.068479,0.020498,0.690476,3.0722332691155385,-0.8870984989111579,0.5177519226041178
177,2026-09-26T09:33:07.392130+00:00,8.9,1790415187.3914752,1790415187.389927,1790415187.3901312,TEACHING_MODE,NORMAL,START_RECORDING,REACH_TARGET_POS_SUCCESSFULLY,0.6456147436052224,0.07956956059842149,-0.20463985479633515,-0.3140719988963796,1.5533081276899134,-0.38784706637817995,-0.044156830075456545,0.058027999999999996,0.016871,0.6951339999999999,3.1018165999368423,-0.93876024477019,0.482007579523274
178,2026-09-26T09:33:07.442124+00:00,8.95,1790415187.4402676,1790415187.4297976,1790415187.4385376,TEACHING_MODE,NORMAL,START_RECORDING,REACH_TARGET_POS_SUCCESSFULLY,0.6455274771426228,0.07169812567192706,-0.20237092676874252,-0.2560048946825283,1.5533604875674734,-0.38784706637817995,-0.02556907354171693,0.049408999999999995,0.013784999999999999,0.698708,3.1164250057760348,-0.9827425419204472,0.4645891935883706
179,2026-09-26T09:33:07.492131+00:00,9.0,1790415187.4862633,1790415187.4912906,1790415187.4915009,TEACHING_MODE,NORMAL,START_RECORDING,REACH_TARGET_POS_SUCCESSFULLY,0.6450387849520642,0.06375687757535285,-0.20237092676874252,-0.19683823303992048,1.5538142731729918,-0.38784706637817995,-0.009128071987930343,0.036850999999999995,0.009077,0.7031879999999999,-3.1363392125412903,-1.0483843750879538,0.4265410158948942
180,2026-09-26T09:33:07.542134+00:00,9.05,1790415187.5403159,1790415187.5298114,1790415187.5380912,TEACHING_MODE,NORMAL,START_RECORDING,REACH_TARGET_POS_SUCCESSFULLY,0.6404834756043591,0.05998696639104511,-0.20237092676874252,-0.14566517937144674,1.5539713528056713,-0.38784706637817995,0.007138396640656808,0.0295,0.0058579999999999995,0.7050649999999999,-3.1123583886188886,-1.0830117074475214,0.3960152072775134
181,2026-09-26T09:33:07.592129+00:00,9.1,1790415187.5912387,1790415187.589293,1790415187.590249,TEACHING_MODE,NORMAL,START_RECORDING,REACH_TARGET_POS_SUCCESSFULLY,0.6342177435896995,0.06021385919380437,-0.20237092676874252,-0.10248573367710703,1.5545996713363892,-0.38784706637817995,0.01853539665617978,0.017579,0.000139,0.7071759999999999,-3.0778008694294003,-1.133661162340397,0.35093335269849985
182,2026-09-26T09:33:07.642029+00:00,9.15,1790415187.6400907,1790415187.629692,1790415187.637656,TEACHING_MODE,NORMAL,START_RECORDING,REACH_TARGET_POS_SUCCESSFULLY,0.6243217267308916,0.0602662190713642,-0.20237092676874252,-0.07623598172711232,1.554669484506469,-0.38784706637817995,0.026755897433073075,0.011751,-0.002634,0.707939,-3.0552861220786736,-1.1575198132151592,0.3206693434689182
183,2026-09-26T09:33:07.692122+00:00,9.2,1790415187.6909015,1790415187.68824,1790415187.6900184,TEACHING_MODE,NORMAL,START_RECORDING,REACH_TARGET_POS_SUCCESSFULLY,0.6125931141574898,0.06035348553396392,-0.20230111359866276,-0.0567581072748556,1.554669484506469,-0.38784706637817995,0.033719761148530446,0.006124999999999999,-0.005254,0.708517,-3.0290538234211986,-1.1798425743481666,0.27872908154349446
184,2026-09-26T09:33:07.742219+00:00,9.25,1790415187.7401156,1790415187.7283714,1790415187.737844,TEACHING_MODE,NORMAL,START_RECORDING,REACH_TARGET_POS_SUCCESSFULLY,0.5999394770805309,0.060859631017042275,-0.20182987470062427,-0.0404741853537485,1.5596611261671727,-0.38784706637817995,0.033946653951289714,0.002532,-0.006776,0.708803,-3.021897973488022,-1.1941193676294806,0.2647664475275398
185,2026-09-26T09:33:07.792133+00:00,9.3,1790415187.7914042,1790415187.7886543,1790415187.7904053,TEACHING_MODE,NORMAL,START_RECORDING,REACH_TARGET_POS_SUCCESSFULLY,0.5864306286700948,0.06431538293599104,-0.20182987470062427,-0.02829178717482808,1.578353602456032,-0.38784706637817995,0.033946653951289714,-0.003626,-0.009245999999999999,0.7090489999999999,-3.013660019418609,-1.2147317060955334,0.2626545991326266
186,2026-09-26T09:33:07.842114+00:00,9.35,1790415187.840271,1790415187.82921,1790415187.8376005,TEACHING_MODE,NORMAL,START_RECORDING,REACH_TARGET_POS_SUCCESSFULLY,0.5722411018513808,0.07492698478811657,-0.20182987470062427,-0.023160519173964753,1.5984248888539667,-0.38784706637817995,0.033946653951289714,-0.008494999999999999,-0.011618,0.7090299999999999,-3.006992861675991,-1.2267046647642144,0.25946064660147705
187,2026-09-26T09:33:07.892163+00:00,9.4,1790415187.8912153,1790415187.888137,1790415187.8900023,TEACHING_MODE,NORMAL,START_RECORDING,REACH_TARGET_POS_SUCCESSFULLY,0.5584006408830658,0.08876744575643161,-0.20182987470062427,-0.023160519173964753,1.6112181522710853,-0.38784706637817995,0.033946653951289714,-0.017268,-0.016338,0.70872,-2.9936236396057136,-1.243739078263679,0.2466673831843586
188,2026-09-26T09:33:07.942127+00:00,9.45,1790415187.9401438,1790415187.9292483,1790415187.9378822,TEACHING_MODE,NORMAL,START_RECORDING,REACH_TARGET_POS_SUCCESSFULLY,0.5445427266222308,0.10534807365037774,-0.20182987470062427,-0.023160519173964753,1.6129111216455196,-0.38784706637817995,0.034016467121369486,-0.022924,-0.019472,0.708422,-2.9826978784882296,-1.2544728531634444,0.22776546738526002
189,2026-09-26T09:33:07.992129+00:00,9.5,1790415187.9915705,1790415187.988799,1790415187.9890032,TEACHING_MODE,NORMAL,START_RECORDING,REACH_TARGET_POS_SUCCESSFULLY,0.5326046745385896,0.12447688225223559,-0.20182987470062427,-0.023160519173964753,1.6129111216455196,-0.38784706637817995,0.034016467121369486,-0.034316,-0.02565,0.7076049999999999,-2.958210909082749,-1.2758182299153351,0.18882717177326652
190,2026-09-26T09:33:08.042094+00:00,9.55,1790415188.040516,1790415188.0292554,1790415188.0394979,TEACHING_MODE,NORMAL,START_RECORDING,REACH_TARGET_POS_SUCCESSFULLY,0.5226039379246621,0.14365805073165328,-0.20182987470062427,-0.023160519173964753,1.6129111216455196,-0.38784706637817995,0.034016467121369486,-0.042038,-0.029734999999999998,0.706889,-2.939640605841529,-1.2901473830742085,0.16317083176894986
191,2026-09-26T09:33:08.092252+00:00,9.6,1790415188.09065,1790415188.0890954,1790415188.0895674,TEACHING_MODE,NORMAL,START_RECORDING,REACH_TARGET_POS_SUCCESSFULLY,0.5164603789576421,0.16547466638158237,-0.20182987470062427,-0.023160519173964753,1.6129111216455196,-0.38784706637817995,0.034016467121369486,-0.054368,-0.036282,0.705463,-2.9056590453051996,-1.3129064765202145,0.12257447336756178
192,2026-09-26T09:33:08.142160+00:00,9.65,1790415188.1406214,1790415188.1295023,1790415188.1377301,TEACHING_MODE,NORMAL,START_RECORDING,REACH_TARGET_POS_SUCCESSFULLY,0.5119050696099369,0.18985691603194316,-0.20182987470062427,-0.023160519173964753,1.6129111216455196,-0.38784706637817995,0.034016467121369486,-0.064606,-0.041811999999999995,0.7040069999999999,-2.872393069762188,-1.3317211258567134,0.08703956979695722
193,2026-09-26T09:33:08.192131+00:00,9.7,1790415188.1915603,1790415188.1884022,1790415188.1886892,TEACHING_MODE,NORMAL,START_RECORDING,REACH_TARGET_POS_SUCCESSFULLY,0.5061978429559154,0.21584486859413876,-0.20182987470062427,-0.023160519173964753,1.6129111216455196,-0.38784706637817995,0.034016467121369486,-0.08119699999999999,-0.050357,0.701167,-2.806751236594681,-1.3612870033854971,0.015603243512829306
194,2026-09-26T09:33:08.242118+00:00,9.75,1790415188.2401462,1790415188.2279687,1790415188.2377229,TEACHING_MODE,NORMAL,START_RECORDING,REACH_TARGET_POS_SUCCESSFULLY,0.49645890572978707,0.24221679359177306,-0.20182987470062427,-0.023160519173964753,1.6129111216455196,-0.38784706637817995,0.034016467121369486,-0.090997,-0.054898999999999996,0.699241,-2.7597844264235136,-1.3779374444495232,-0.03775147172063735
195,2026-09-26T09:33:08.292100+00:00,9.8,1790415188.291803,1790415188.2882733,1790415188.288565,TEACHING_MODE,NORMAL,START_RECORDING,REACH_TARGET_POS_SUCCESSFULLY,0.4867374217961786,0.27080528673944015,-0.20182987470062427,-0.023160519173964753,1.6129111216455196,-0.38784706637817995,0.034016467121369486,-0.107656,-0.062257999999999994,0.695512,-2.6594105411413196,-1.4049376879778754,-0.14864969239235704
196,2026-09-26T09:33:08.342056+00:00,9.85,1790415188.3401299,1790415188.3284304,1790415188.3376558,TEACHING_MODE,NORMAL,START_RECORDING,REACH_TARGET_POS_SUCCESSFULLY,0.4756022211684548,0.29286624848464854,-0.20182987470062427,-0.023160519173964753,1.6129111216455196,-0.38784706637817995,0.034016467121369486,-0.117792,-0.066605,0.692955,-2.5813070571145733,-1.4203489452729854,-0.2324429497806048
197,2026-09-26T09:33:08.392108+00:00,9.9,1790415188.3905427,1790415188.3880522,1790415188.3882751,TEACHING_MODE,NORMAL,START_RECORDING,REACH_TARGET_POS_SUCCESSFULLY,0.4653571384592481,0.31154127148098787,-0.20182987470062427,-0.023160519173964753,1.6129111216455196,-0.38784706637817995,0.034016467121369486,-0.129692,-0.070618,0.689796,-2.4720668992322485,-1.436458334268893,-0.3536909729166509
198,2026-09-26T09:33:08.442089+00:00,9.95,1790415188.4404464,1790415188.4286911,1790415188.4396203,TEACHING_MODE,NORMAL,START_RECORDING,REACH_TARGET_POS_SUCCESSFULLY,0.4574507969477138,0.3243519881906262,-0.20182987470062427,-0.023160519173964753,1.6129111216455196,-0.38784706637817995,0.034016467121369486,-0.136868,-0.072966,0.687754,-2.3931082038720253,-1.4452722469914645,-0.4392993727269728
199,2026-09-26T09:33:08.492136+00:00,10.0,1790415188.4852633,1790415188.4909985,1790415188.4911447,TEACHING_MODE,NORMAL,START_RECORDING,REACH_TARGET_POS_SUCCESSFULLY,0.44809583215702414,0.3382099024514612,-0.20182987470062427,-0.02326523892908441,1.6129111216455196,-0.38784706637817995,0.034016467121369486,-0.145181,-0.075211,0.685311,-2.2901163247118395,-1.4541385195915957,-0.5518207496030472
200,2026-09-26T09:33:08.542100+00:00,10.05,1790415188.5405715,1790415188.5285223,1790415188.5395606,TEACHING_MODE,NORMAL,START_RECORDING,REACH_TARGET_POS_SUCCESSFULLY,0.4360007004407035,0.3470063618815126,-0.20182987470062427,-0.02326523892908441,1.6129111216455196,-0.38784706637817995,0.034016467121369486,-0.149151,-0.075211,0.6842429999999999,-2.241910330771756,-1.4575070050479446,-0.610027480157058
201,2026-09-26T09:33:08.592114+00:00,10.1,1790415188.5903623,1790415188.5892,1790415188.5894058,TEACHING_MODE,NORMAL,START_RECORDING,REACH_TARGET_POS_SUCCESSFULLY,0.4214446544790708,0.35025267429022205,-0.2016378884829049,-0.02326523892908441,1.6129111216455196,-0.38784706637817995,0.034016467121369486,-0.153225,-0.07381299999999999,0.6833049999999999,-2.1983818192270177,-1.4602122653885359,-0.6707649381264608
202,2026-09-26T09:33:08.642264+00:00,10.15,1790415188.6410306,1790415188.6280613,1790415188.6388552,TEACHING_MODE,NORMAL,START_RECORDING,REACH_TARGET_POS_SUCCESSFULLY,0.4068362486398782,0.3503224874603018,-0.1999449191084704,-0.02326523892908441,1.6129111216455196,-0.38784706637817995,0.034016467121369486,-0.153991,-0.072298,0.683292,-2.198189833009298,-1.4603518917286953,-0.6805911418151888
203,2026-09-26T09:33:08.692217+00:00,10.2,1790415188.690281,1790415188.6884072,1790415188.6886075,TEACHING_MODE,NORMAL,START_RECORDING,REACH_TARGET_POS_SUCCESSFULLY,0.39135517817468857,0.3503224874603018,-0.177901410655782,-0.02326523892908441,1.6129111216455196,-0.38784706637817995,0.034016467121369486,-0.155412,-0.068967,0.683321,-2.227267018347524,-1.466041665090197,-0.6521597283002012
204,2026-09-26T09:33:08.742383+00:00,10.251,1790415188.7401154,1790415188.7282844,1790415188.7381282,TEACHING_MODE,NORMAL,START_RECORDING,REACH_TARGET_POS_SUCCESSFULLY,0.38175586728871974,0.3503224874603018,-0.13353514107008616,-0.02326523892908441,1.6129111216455196,-0.38784706637817995,0.034016467121369486,-0.156247,-0.066701,0.683364,-2.2912158821405963,-1.4759027753639649,-0.5650328920406443
205,2026-09-26T09:33:08.792250+00:00,10.3,1790415188.790107,1790415188.7884123,1790415188.788614,TEACHING_MODE,NORMAL,START_RECORDING,REACH_TARGET_POS_SUCCESSFULLY,0.3775321704988934,0.3503224874603018,-0.07686430025783027,-0.02326523892908441,1.6129111216455196,-0.38784706637817995,0.034016467121369486,-0.157292,-0.063734,0.683418,-2.4865356787312813,-1.4938796666595064,-0.3102322745419921
206,2026-09-26T09:33:08.842132+00:00,10.35,1790415188.8402033,1790415188.8303747,1790415188.8385494,TEACHING_MODE,NORMAL,START_RECORDING,REACH_TARGET_POS_SUCCESSFULLY,0.3757693879543792,0.3503224874603018,-0.017697638615222503,-0.02326523892908441,1.6129111216455196,-0.38784706637817995,0.034016467121369486,-0.157911,-0.062108,0.683427,-2.6915769592555754,-1.503234631450196,-0.059864793343405505
207,2026-09-26T09:33:08.892119+00:00,10.4,1790415188.8909388,1790415188.8885708,1790415188.888844,TEACHING_MODE,NORMAL,START_RECORDING,REACH_TARGET_POS_SUCCESSFULLY,0.3747396436957025,0.3503224874603018,0.04623377188532979,-0.02326523892908441,1.6129111216455196,-0.38784706637817995,0.034016467121369486,-0.158698,-0.060287,0.683403,-3.025074472726652,-1.5085578856687787,0.3324852225049198
208,2026-09-26T09:33:08.942105+00:00,10.45,1790415188.941345,1790415188.9282582,1790415188.9402497,TEACHING_MODE,NORMAL,START_RECORDING,REACH_TARGET_POS_SUCCESSFULLY,0.37353536651182645,0.3511602455012591,0.0955393232541696,-0.02326523892908441,1.6129111216455196,-0.38784706637817995,0.03431317309420852,-0.15933999999999998,-0.059035,0.683353,3.0211823884947044,-1.5071616222671833,0.608823202973182
209,2026-09-26T09:33:08.992091+00:00,10.5,1790415188.9902706,1790415188.9884734,1790415188.9890091,TEACHING_MODE,NORMAL,START_RECORDING,REACH_TARGET_POS_SUCCESSFULLY,0.3734131934641868,0.3531324675560127,0.13599605531539816,-0.02326523892908441,1.6129111216455196,-0.38784706637817995,0.0395840674352314,-0.16125399999999998,-0.0583,0.682869,2.8349383040143894,-1.5046658014368315,0.8400095156923508
210,2026-09-26T09:33:09.042103+00:00,10.55,1790415189.0402682,1790415189.0280678,1790415189.038394,TEACHING_MODE,NORMAL,START_RECORDING,REACH_TARGET_POS_SUCCESSFULLY,0.3734131934641868,0.35609952728440303,0.15765559133264778,-0.02326523892908441,1.6129111216455196,-0.38784706637817995,0.047560222116845484,-0.162793,-0.058197,0.682422,2.8088107251120342,-1.5050672271647902,0.8881456964623545
211,2026-09-26T09:33:09.092246+00:00,10.6,1790415189.0900974,1790415189.088547,1790415189.0888112,TEACHING_MODE,NORMAL,START_RECORDING,REACH_TARGET_POS_SUCCESSFULLY,0.37236599591299024,0.3562740602096025,0.1627694060409912,-0.02326523892908441,1.6129111216455196,-0.38784706637817995,0.06410594342575172,-0.16347399999999998,-0.058136,0.6822239999999999,3.042649938294235,-1.5089244048116977,0.6603453224920546
212,2026-09-26T09:33:09.142050+00:00,10.65,1790415189.1402037,1790415189.1283424,1790415189.1389418,TEACHING_MODE,NORMAL,START_RECORDING,REACH_TARGET_POS_SUCCESSFULLY,0.36664131596644883,0.3561518871619629,0.1627694060409912,-0.02326523892908441,1.6129111216455196,-0.38784706637817995,0.08281587300713093,-0.163648,-0.057546999999999994,0.6822349999999999,-3.028058985747562,-1.5087673251790181,0.44394194853727764
213,2026-09-26T09:33:09.192128+00:00,10.7,1790415189.1902645,1790415189.1882787,1790415189.188416,TEACHING_MODE,NORMAL,START_RECORDING,REACH_TARGET_POS_SUCCESSFULLY,0.35702455178796005,0.35608207399188313,0.1627694060409912,-0.0233001455141243,1.6129111216455196,-0.38784706637817995,0.10897835849452593,-0.164274,-0.0555,0.682259,-2.6228807998970787,-1.4996392531910878,0.02556907354171693
214,2026-09-26T09:33:09.242037+00:00,10.75,1790415189.2401166,1790415189.227978,1790415189.2388387,TEACHING_MODE,NORMAL,START_RECORDING,REACH_TARGET_POS_SUCCESSFULLY,0.34126422864245126,0.3560297141143233,0.1627694060409912,-0.023387411976724018,1.6129111216455196,-0.38784706637817995,0.13482668471656198,-0.16486599999999998,-0.053527,0.682275,-2.3980649389476887,-1.4866016436786902,-0.21174334485195206
215,2026-09-26T09:33:09.292139+00:00,10.8,1790415189.290051,1790415189.2884765,1790415189.2887206,TEACHING_MODE,NORMAL,START_RECORDING,REACH_TARGET_POS_SUCCESSFULLY,0.33042573398756653,0.3556631949714045,0.16287412579611085,-0.024452062820440556,1.6129111216455196,-0.38784706637817995,0.16170475519727465,-0.16524899999999998,-0.050913,0.682395,-2.1968284761927426,-1.4627604460964476,-0.4286877708748472
216,2026-09-26T09:33:09.342128+00:00,10.85,1790415189.3416598,1790415189.328779,1790415189.3407302,TEACHING_MODE,NORMAL,START_RECORDING,REACH_TARGET_POS_SUCCESSFULLY,0.32416000197290684,0.3548777968080071,0.16296139225871054,-0.02452187599052033,1.6129111216455196,-0.38784706637817995,0.1886177322630272,-0.165106,-0.049814,0.682537,-2.0962626046928294,-1.4426193465284332,-0.5356764540220996
217,2026-09-26T09:33:09.392069+00:00,10.9,1790415189.3902147,1790415189.388381,1790415189.3891115,TEACHING_MODE,NORMAL,START_RECORDING,REACH_TARGET_POS_SUCCESSFULLY,0.32370621636738833,0.35475562376036746,0.16296139225871054,-0.02452187599052033,1.6129111216455196,-0.38784706637817995,0.2143438854374236,-0.165073,-0.049602999999999994,0.682566,-1.9917173824983692,-1.41280912290437,-0.6424033377815529
218,2026-09-26T09:33:09.442159+00:00,10.95,1790415189.44129,1790415189.428386,1790415189.4396565,TEACHING_MODE,NORMAL,START_RECORDING,REACH_TARGET_POS_SUCCESSFULLY,0.3240203756327473,0.3548254369304472,0.16304865872131027,-0.02452187599052033,1.6129111216455196,-0.38784706637817995,0.23902284106062344,-0.16509,-0.049675,0.682555,-1.950195999593424,-1.3965077476907428,-0.6840119871490977
219,2026-09-26T09:33:09.492117+00:00,11.0,1790415189.4902558,1790415189.4889946,1790415189.4892557,TEACHING_MODE,NORMAL,START_RECORDING,REACH_TARGET_POS_SUCCESSFULLY,0.32375857624494814,0.3548254369304472,0.16304865872131027,-0.02452187599052033,1.6129111216455196,-0.38784706637817995,0.2630211182755455,-0.1651,-0.049642,0.682555,-1.8944850898697652,-1.367482922230077,-0.7409271740566328
220,2026-09-26T09:33:09.542111+00:00,11.05,1790415189.5407548,1790415189.5290253,1790415189.5397956,TEACHING_MODE,NORMAL,START_RECORDING,REACH_TARGET_POS_SUCCESSFULLY,0.32375857624494814,0.3548254369304472,0.16304865872131027,-0.02452187599052033,1.6129111216455196,-0.38784706637817995,0.2882411259668635,-0.165103,-0.049631999999999996,0.682555,-1.8673103134162132,-1.3491918716691764,-0.7687826289184623
221,2026-09-26T09:33:09.592119+00:00,11.1,1790415189.5902653,1790415189.5883374,1790415189.5885882,TEACHING_MODE,NORMAL,START_RECORDING,REACH_TARGET_POS_SUCCESSFULLY,0.32375857624494814,0.3548254369304472,0.16304865872131027,-0.02452187599052033,1.6129111216455196,-0.38784706637817995,0.3091676236982755,-0.165103,-0.049631999999999996,0.682555,-1.8392628723366644,-1.3262582452979712,-0.7976154681614086
222,2026-09-26T09:33:09.642125+00:00,11.15,1790415189.6406293,1790415189.6284146,1790415189.6397393,TEACHING_MODE,NORMAL,START_RECORDING,REACH_TARGET_POS_SUCCESSFULLY,0.32375857624494814,0.3548254369304472,0.16304865872131027,-0.02452187599052033,1.6129111216455196,-0.38784706637817995,0.3294308963139297,-0.165103,-0.049631999999999996,0.682555,-1.8218444864017609,-1.3092936449685861,-0.8156098127494702
223,2026-09-26T09:33:09.692064+00:00,11.2,1790415189.6902413,1790415189.6883285,1790415189.688556,TEACHING_MODE,NORMAL,START_RECORDING,REACH_TARGET_POS_SUCCESSFULLY,0.32375857624494814,0.3548777968080071,0.16304865872131027,-0.02452187599052033,1.6129111216455196,-0.38784706637817995,0.3466747493236337,-0.165131,-0.049642,0.682545,-1.8019826395140655,-1.2869534305430588,-0.8362221512155231
224,2026-09-26T09:33:09.742065+00:00,11.25,1790415189.7403371,1790415189.7280586,1790415189.7394917,TEACHING_MODE,NORMAL,START_RECORDING,REACH_TARGET_POS_SUCCESSFULLY,0.32382838941502795,0.3548777968080071,0.16304865872131027,-0.02452187599052033,1.6129111216455196,-0.38784706637817995,0.3676885135176454,-0.165127,-0.049654,0.682545,-1.7900445874304243,-1.2713327337377096,-0.848596535612163
225,2026-09-26T09:33:09.792119+00:00,11.3,1790415189.790089,1790415189.7883828,1790415189.7885833,TEACHING_MODE,NORMAL,START_RECORDING,REACH_TARGET_POS_SUCCESSFULLY,0.32388074929258776,0.3548777968080071,0.16304865872131027,-0.02452187599052033,1.6129111216455196,-0.38784706637817995,0.38479274018718984,-0.165125,-0.049663,0.682545,-1.7755583546388714,-1.2497430108905399,-0.8637634468119937
226,2026-09-26T09:33:09.842138+00:00,11.35,1790415189.8414693,1790415189.82906,1790415189.8388674,TEACHING_MODE,NORMAL,START_RECORDING,REACH_TARGET_POS_SUCCESSFULLY,0.32393310917014756,0.3548777968080071,0.16304865872131027,-0.02452187599052033,1.6129111216455196,-0.38784706637817995,0.40076250284293796,-0.165122,-0.049671,0.682545,-1.7686817573860139,-1.238328557582497,-0.8709716566227302
227,2026-09-26T09:33:09.892206+00:00,11.4,1790415189.8906155,1790415189.8894827,1790415189.8896832,TEACHING_MODE,NORMAL,START_RECORDING,REACH_TARGET_POS_SUCCESSFULLY,0.324107642095347,0.3548777968080071,0.16304865872131027,-0.02452187599052033,1.6129111216455196,-0.38784706637817995,0.4186346743833599,-0.16511299999999998,-0.049700999999999995,0.682545,-1.757878169316169,-1.218553977157401,-0.8822639368831336
228,2026-09-26T09:33:09.942273+00:00,11.45,1790415189.9420934,1790415189.9280179,1790415189.938029,TEACHING_MODE,NORMAL,START_RECORDING,REACH_TARGET_POS_SUCCESSFULLY,0.32618458390522026,0.3548777968080071,0.16304865872131027,-0.02452187599052033,1.6129111216455196,-0.38784706637817995,0.43292892095719343,-0.165044,-0.049929999999999995,0.682545,-1.751682250471589,-1.2060923262981615,-0.8874999246391166
229,2026-09-26T09:33:09.992069+00:00,11.5,1790415189.9908195,1790415189.9895191,1790415189.989763,TEACHING_MODE,NORMAL,START_RECORDING,REACH_TARGET_POS_SUCCESSFULLY,0.3262543970753001,0.3548777968080071,0.16304865872131027,-0.02452187599052033,1.6129111216455196,-0.38784706637817995,0.4453382119388732,-0.16500599999999999,-0.050054999999999995,0.682545,-1.7448929196813312,-1.1913268408262894,-0.8940274560415754
230,2026-09-26T09:33:10.042068+00:00,11.55,1790415190.0350547,1790415190.0282779,1790415190.0377176,TEACHING_MODE,NORMAL,START_RECORDING,REACH_TARGET_POS_SUCCESSFULLY,0.32389820258510765,0.3544763710800483,0.16304865872131027,-0.02452187599052033,1.6129111216455196,-0.38784706637817995,0.4460712502247107,-0.164873,-0.049734999999999994,0.682615,-1.7451372657766102,-1.1894069786490957,-0.8954237194431709
231,2026-09-26T09:33:10.092069+00:00,11.6,1790415190.0901449,1790415190.088341,1790415190.088586,TEACHING_MODE,NORMAL,START_RECORDING,REACH_TARGET_POS_SUCCESSFULLY,0.323793482829988,0.3544763710800483,0.16304865872131027,-0.02452187599052033,1.6129111216455196,-0.38784706637817995,0.44666466217038886,-0.16492099999999998,-0.04958,0.682615,-1.744875466388811,-1.1888310199959375,-0.8966454499195669
232,2026-09-26T09:33:10.142116+00:00,11.65,1790415190.1416323,1790415190.1288662,1790415190.1376324,TEACHING_MODE,NORMAL,START_RECORDING,REACH_TARGET_POS_SUCCESSFULLY,0.3240552822177872,0.3544763710800483,0.16304865872131027,-0.02452187599052033,1.6126144156726807,-0.387201294554942,0.4575729699953534,-0.164911,-0.049610999999999995,0.682628,-1.7407564893541043,-1.1827398209064774,-0.9007469736617536
233,2026-09-26T09:33:10.192110+00:00,11.7,1790415190.1905813,1790415190.1879733,1790415190.188288,TEACHING_MODE,NORMAL,START_RECORDING,REACH_TARGET_POS_SUCCESSFULLY,0.32470105404102506,0.35473817046784745,0.16304865872131027,-0.02441715623540067,1.6097346224068902,-0.3866427891943038,0.4848524662040248,-0.165009,-0.049847999999999996,0.682593,-1.7265669625353905,-1.1542560475139299,-0.9177115739911385
234,2026-09-26T09:33:10.242069+00:00,11.75,1790415190.240283,1790415190.2280617,1790415190.237812,TEACHING_MODE,NORMAL,START_RECORDING,REACH_TARGET_POS_SUCCESSFULLY,0.32487558696622454,0.3553315824135256,0.16304865872131027,-0.024120450262561637,1.6034514370997104,-0.3859970173710659,0.514627783243048,-0.165204,-0.050045,0.6825359999999999,-1.7143671110639502,-1.1285997075096132,-0.9338733228646059
235,2026-09-26T09:33:10.292106+00:00,11.8,1790415190.2900255,1790415190.2880592,1790415190.288333,TEACHING_MODE,NORMAL,START_RECORDING,REACH_TARGET_POS_SUCCESSFULLY,0.32487558696622454,0.3559948075292834,0.16304865872131027,-0.02399827721492203,1.594620071084619,-0.3840422486088323,0.5424308782273177,-0.16558199999999998,-0.0504,0.682418,-1.6982402687755227,-1.0933440566193278,-0.9596867425016021
236,2026-09-26T09:33:10.342077+00:00,11.85,1790415190.340115,1790415190.329519,1790415190.337774,TEACHING_MODE,NORMAL,START_RECORDING,REACH_TARGET_POS_SUCCESSFULLY,0.3246312408709453,0.3560297141143233,0.16304865872131027,-0.023404865269243957,1.5890001108931975,-0.3687880709464018,0.5611757143937367,-0.165673,-0.050554999999999996,0.6826639999999999,-1.6663356500490663,-1.074843566548188,-0.9941220886434502
237,2026-09-26T09:33:10.392064+00:00,11.9,1790415190.3904672,1790415190.389215,1790415190.3895621,TEACHING_MODE,NORMAL,START_RECORDING,REACH_TARGET_POS_SUCCESSFULLY,0.323810936122508,0.3560297141143233,0.16297884555123052,-0.023404865269243957,1.588808124675478,-0.32148964821735554,0.5732184862324977,-0.16572699999999999,-0.050338999999999995,0.683866,-1.559015354343935,-1.0599210014436364,-1.086833978509389
238,2026-09-26T09:33:10.442012+00:00,11.95,1790415190.4415421,1790415190.428119,1790415190.4383836,TEACHING_MODE,NORMAL,START_RECORDING,REACH_TARGET_POS_SUCCESSFULLY,0.3236713097823484,0.3560297141143233,0.16297884555123052,-0.023404865269243957,1.5811112226741832,-0.2656565654460569,0.5840046210098225,-0.165735,-0.050366999999999995,0.684793,-1.479882126058512,-1.0495013858092301,-1.1571183874872006
239,2026-09-26T09:33:10.492136+00:00,12.0,1790415190.4909964,1790415190.489733,1790415190.4899015,TEACHING_MODE,NORMAL,START_RECORDING,REACH_TARGET_POS_SUCCESSFULLY,0.3236364031973085,0.3560297141143233,0.16297884555123052,-0.023404865269243957,1.574321891883925,-0.20142844897266557,0.5932025061678328,-0.165802,-0.050536,0.686515,-1.3409713708922835,-1.0239497655600331,-1.2812112973039975
240,2026-09-26T09:33:10.542078+00:00,12.05,1790415190.5402894,1790415190.5282722,1790415190.538065,TEACHING_MODE,NORMAL,START_RECORDING,REACH_TARGET_POS_SUCCESSFULLY,0.32370621636738833,0.3560297141143233,0.16297884555123052,-0.023404865269243957,1.574321891883925,-0.15104079346758928,0.5933072259229524,-0.165956,-0.050563,0.687545,-1.2586441900757106,-1.0139490289461057,-1.3486682728935782
241,2026-09-26T09:33:10.592277+00:00,12.1,1790415190.5907662,1790415190.5879786,1790415190.5882192,TEACHING_MODE,NORMAL,START_RECORDING,REACH_TARGET_POS_SUCCESSFULLY,0.323793482829988,0.3560297141143233,0.16297884555123052,-0.023404865269243957,1.574321891883925,-0.1100081027532026,0.5933072259229524,-0.166176,-0.050619,0.688692,-1.1696149449314799,-0.9995849692021924,-1.4209772638037033
242,2026-09-26T09:33:10.642114+00:00,12.15,1790415190.6401613,1790415190.6285017,1790415190.6381252,TEACHING_MODE,NORMAL,START_RECORDING,REACH_TARGET_POS_SUCCESSFULLY,0.32384584270754785,0.3560297141143233,0.16297884555123052,-0.023404865269243957,1.574321891883925,-0.08431685616384607,0.5933072259229524,-0.16630599999999998,-0.050658999999999996,0.689264,-1.12650531240722,-0.9910852157449801,-1.4556395027483107
243,2026-09-26T09:33:10.692126+00:00,12.2,1790415190.6900287,1790415190.688242,1790415190.6884446,TEACHING_MODE,NORMAL,START_RECORDING,REACH_TARGET_POS_SUCCESSFULLY,0.3237760295374681,0.35590754106668365,0.16297884555123052,-0.023404865269243957,1.574775677489444,-0.07386233394440003,0.5925741876371148,-0.16636599999999999,-0.050654,0.689643,-1.09885929705563,-0.9859190411590769,-1.4778226375411587
244,2026-09-26T09:33:10.742127+00:00,12.25,1790415190.7402883,1790415190.729725,1790415190.7380104,TEACHING_MODE,NORMAL,START_RECORDING,REACH_TARGET_POS_SUCCESSFULLY,0.3237760295374681,0.3556457416788845,0.16297884555123052,-0.023404865269243957,1.5769747923469566,-0.07204719152232593,0.5917713361811974,-0.166286,-0.050573,0.68972,-1.095438451721721,-0.9866171728598746,-1.478677848874636
245,2026-09-26T09:33:10.792100+00:00,12.3,1790415190.7902753,1790415190.7880836,1790415190.7882938,TEACHING_MODE,NORMAL,START_RECORDING,REACH_TARGET_POS_SUCCESSFULLY,0.3237760295374681,0.3556457416788845,0.16297884555123052,-0.023404865269243957,1.5771144186871162,-0.07204719152232593,0.5913873637457586,-0.166242,-0.050549,0.689735,-1.0952290122114816,-0.9871756782205128,-1.4786254889970762
246,2026-09-26T09:33:10.842130+00:00,12.35,1790415190.840114,1790415190.8300748,1790415190.8379376,TEACHING_MODE,NORMAL,START_RECORDING,REACH_TARGET_POS_SUCCESSFULLY,0.3237760295374681,0.35520940936588596,0.16297884555123052,-0.023404865269243957,1.5773413114898753,-0.07204719152232593,0.5913000972831589,-0.166175,-0.050523,0.689758,-1.0953860918441611,-0.9873153045606723,-1.478363689609277
247,2026-09-26T09:33:10.892134+00:00,12.4,1790415190.890423,1790415190.8893487,1790415190.8895416,TEACHING_MODE,NORMAL,START_RECORDING,REACH_TARGET_POS_SUCCESSFULLY,0.3237760295374681,0.3540574920595697,0.16297884555123052,-0.023404865269243957,1.5773413114898753,-0.07204719152232593,0.5911604709429994,-0.16541599999999998,-0.050267,0.690009,-1.0978295527969533,-0.9878039967512308,-1.4762867477994037
248,2026-09-26T09:33:10.942117+00:00,12.45,1790415190.9403803,1790415190.9297893,1790415190.9380715,TEACHING_MODE,NORMAL,START_RECORDING,REACH_TARGET_POS_SUCCESSFULLY,0.3236364031973085,0.35330700048121216,0.16297884555123052,-0.023404865269243957,1.5773413114898753,-0.07204719152232593,0.5911604709429994,-0.16505699999999998,-0.050122,0.69013,-1.0990687365658691,-0.9879610763839102,-1.4753966298808867
249,2026-09-26T09:33:10.992104+00:00,12.5,1790415190.9914734,1790415190.990006,1790415190.9902897,TEACHING_MODE,NORMAL,START_RECORDING,REACH_TARGET_POS_SUCCESSFULLY,0.32360149661226867,0.35330700048121216,0.16297884555123052,-0.023404865269243957,1.5773413114898753,-0.07201228493728604,0.5911604709429994,-0.165037,-0.050107,0.6901379999999999,-1.0990687365658691,-0.9879610763839102,-1.4754315364659265
250,2026-09-26T09:33:11.042286+00:00,12.55,1790415191.0403814,1790415191.0289218,1790415191.0385551,TEACHING_MODE,NORMAL,START_RECORDING,REACH_TARGET_POS_SUCCESSFULLY,0.32360149661226867,0.35330700048121216,0.16297884555123052,-0.023404865269243957,1.576852619299317,-0.07157595262428745,0.5911604709429994,-0.165035,-0.050113,0.690144,-1.0987022174229504,-0.9877865434587109,-1.4759551352415248
251,2026-09-26T09:33:11.092104+00:00,12.6,1790415191.0912669,1790415191.0897825,1790415191.0901701,TEACHING_MODE,NORMAL,START_RECORDING,REACH_TARGET_POS_SUCCESSFULLY,0.3236713097823484,0.3534640801138916,0.16285667250359087,-0.023404865269243957,1.5765210067414381,-0.0709127275085296,0.5911604709429994,-0.165073,-0.050143,0.690151,-1.0972186875587553,-0.9872280380980726,-1.4778226375411587
252,2026-09-26T09:33:11.142125+00:00,12.65,1790415191.1400695,1790415191.1296823,1790415191.1379857,TEACHING_MODE,NORMAL,START_RECORDING,REACH_TARGET_POS_SUCCESSFULLY,0.3236538564898285,0.35363861303909105,0.16285667250359087,-0.023404865269243957,1.574723317611884,-0.056793013859895485,0.5911604709429994,-0.16522799999999999,-0.050241,0.690292,-1.0836400259782393,-0.9835977532539244,-1.490074848890159
253,2026-09-26T09:33:11.192185+00:00,12.7,1790415191.191355,1790415191.1903343,1790415191.1903453,TEACHING_MODE,NORMAL,START_RECORDING,REACH_TARGET_POS_SUCCESSFULLY,0.32339205710202934,0.35363861303909105,0.16280431262603104,-0.023404865269243957,1.5741473589587258,-0.01815142422074103,0.5911604709429994,-0.16548,-0.050287,0.6911649999999999,-1.0210350657092027,-0.9674360043804568,-1.5407417570755544
254,2026-09-26T09:33:11.242165+00:00,12.75,1790415191.2403107,1790415191.2295954,1790415191.2376463,TEACHING_MODE,NORMAL,START_RECORDING,REACH_TARGET_POS_SUCCESSFULLY,0.3204948105437187,0.35304520109341303,0.16280431262603104,-0.023404865269243957,1.5726638290945305,0.029426251188624394,0.5911604709429994,-0.165736,-0.04997,0.6920999999999999,-0.960000901766961,-0.9488482478467173,-1.5922638765944268
255,2026-09-26T09:33:11.292067+00:00,12.8,1790415191.2906442,1790415191.289542,1790415191.2896943,TEACHING_MODE,NORMAL,START_RECORDING,REACH_TARGET_POS_SUCCESSFULLY,0.31747539093776855,0.35215508317489586,0.16273449945595128,-0.023404865269243957,1.5723147632441317,0.07630579489719208,0.5911604709429994,-0.165702,-0.049331,0.6934929999999999,-0.8833984008969299,-0.9220574438286042,-1.6547641171083438
256,2026-09-26T09:33:11.342107+00:00,12.85,1790415191.3400779,1790415191.330549,1790415191.3377984,TEACHING_MODE,NORMAL,START_RECORDING,REACH_TARGET_POS_SUCCESSFULLY,0.31663763289681124,0.3509508059910198,0.16273449945595128,-0.023404865269243957,1.5723147632441317,0.11267845650875392,0.5915095367933982,-0.165803,-0.049231,0.6943929999999999,-0.8327314927115346,-0.9017069047503504,-1.693492973210098
257,2026-09-26T09:33:11.392115+00:00,12.9,1790415191.391785,1790415191.390498,1790415191.3908272,TEACHING_MODE,NORMAL,START_RECORDING,REACH_TARGET_POS_SUCCESSFULLY,0.31648055326413177,0.3455751918948773,0.1629090323811507,-0.023404865269243957,1.574374251761485,0.13280210278424853,0.5920331355689965,-0.16286299999999998,-0.048194,0.695969,-0.8081572568434544,-0.8900481053470284,-1.7089565903827677
258,2026-09-26T09:33:11.442084+00:00,12.95,1790415191.4402452,1790415191.4314268,1790415191.4392757,TEACHING_MODE,NORMAL,START_RECORDING,REACH_TARGET_POS_SUCCESSFULLY,0.31586968802593374,0.3285756849804525,0.16292648567367068,-0.023404865269243957,1.5951611231527374,0.13131857292005336,0.5923123882493155,-0.156608,-0.045762,0.697925,-0.8248426044925201,-0.8997870425731567,-1.6830908108682117
259,2026-09-26T09:33:11.492067+00:00,13.0,1790415191.4853282,1790415191.4890196,1790415191.4918745,TEACHING_MODE,NORMAL,START_RECORDING,REACH_TARGET_POS_SUCCESSFULLY,0.3151191964475762,0.312728095372344,0.16292648567367068,-0.023404865269243957,1.625512398844919,0.13131857292005336,0.5923123882493155,-0.145978,-0.041207,0.701143,-0.8492423074354009,-0.9180606398415373,-1.6292823100292266
260,2026-09-26T09:33:11.542075+00:00,13.05,1790415191.5403087,1790415191.528782,1790415191.5384738,TEACHING_MODE,NORMAL,START_RECORDING,REACH_TARGET_POS_SUCCESSFULLY,0.3150668365700164,0.30045843073082384,0.16292648567367068,-0.023404865269243957,1.6600873713269264,0.13131857292005336,0.5923822014193955,-0.141058,-0.038993,0.702553,-0.8604473212332046,-0.9280962830405047,-1.5961734141188944
261,2026-09-26T09:33:11.592167+00:00,13.1,1790415191.5852995,1790415191.5883012,1790415191.5914066,TEACHING_MODE,NORMAL,START_RECORDING,REACH_TARGET_POS_SUCCESSFULLY,0.3150668365700164,0.2974564644173936,0.16292648567367068,-0.023404865269243957,1.6850281263379254,0.13131857292005336,0.5923822014193955,-0.138506,-0.037348,0.703297,-0.8645139383903513,-0.93879515135523,-1.5599054722624521
262,2026-09-26T09:33:11.642057+00:00,13.15,1790415191.6401732,1790415191.6284864,1790415191.6380317,TEACHING_MODE,NORMAL,START_RECORDING,REACH_TARGET_POS_SUCCESSFULLY,0.3150668365700164,0.3026749988808566,0.16292648567367068,-0.023404865269243957,1.6932660804073387,0.13131857292005336,0.5923822014193955,-0.140406,-0.037786,0.702799,-0.8580736734504922,-0.9398074423213867,-1.5576889041124191
263,2026-09-26T09:33:11.692070+00:00,13.2,1790415191.6917942,1790415191.6889024,1790415191.6893947,TEACHING_MODE,NORMAL,START_RECORDING,REACH_TARGET_POS_SUCCESSFULLY,0.3150668365700164,0.3106337002699508,0.16292648567367068,-0.023404865269243957,1.6932660804073387,0.13142329267517303,0.5924520145894752,-0.145028,-0.039279999999999995,0.70153,-0.8440586795569778,-0.937224355028435,-1.5684401323047041
264,2026-09-26T09:33:11.742071+00:00,13.25,1790415191.7404377,1790415191.7283454,1790415191.7379873,TEACHING_MODE,NORMAL,START_RECORDING,REACH_TARGET_POS_SUCCESSFULLY,0.3150668365700164,0.3195872393326817,0.16292648567367068,-0.023404865269243957,1.6932660804073387,0.13142329267517303,0.5924520145894752,-0.149026,-0.040583,0.700394,-0.8320857208882967,-0.9348856138307626,-1.578074349775713
265,2026-09-26T09:33:11.792088+00:00,13.3,1790415191.7911716,1790415191.7884345,1790415191.7886348,TEACHING_MODE,NORMAL,START_RECORDING,REACH_TARGET_POS_SUCCESSFULLY,0.3151191964475762,0.3267081826808186,0.16292648567367068,-0.023404865269243957,1.6932660804073387,0.13142329267517303,0.5924520145894752,-0.154279,-0.042305999999999996,0.6988479999999999,-0.8164301174979075,-0.931709114592133,-1.5906058138050323
266,2026-09-26T09:33:11.842066+00:00,13.35,1790415191.8402965,1790415191.8284867,1790415191.8380013,TEACHING_MODE,NORMAL,START_RECORDING,REACH_TARGET_POS_SUCCESSFULLY,0.3151191964475762,0.32775538023201517,0.16292648567367068,-0.023404865269243957,1.6932660804073387,0.13142329267517303,0.5924520145894752,-0.154834,-0.042485999999999996,0.698681,-0.8147895080010328,-0.9313775020342541,-1.5919148107440282
267,2026-09-26T09:33:11.892136+00:00,13.4,1790415191.8909862,1790415191.8881226,1790415191.8883505,TEACHING_MODE,NORMAL,START_RECORDING,REACH_TARGET_POS_SUCCESSFULLY,0.3151191964475762,0.3274237676741362,0.16280431262603104,-0.023404865269243957,1.6932660804073387,0.13142329267517303,0.5924520145894752,-0.15465399999999999,-0.042430999999999996,0.698735,-0.8153305600691511,-0.9314473152043339,-1.591583198186149
268,2026-09-26T09:33:11.942160+00:00,13.45,1790415191.9400644,1790415191.9294426,1790415191.9377954,TEACHING_MODE,NORMAL,START_RECORDING,REACH_TARGET_POS_SUCCESSFULLY,0.3151191964475762,0.3274237676741362,0.16280431262603104,-0.023404865269243957,1.693161360652219,0.13142329267517303,0.5924520145894752,-0.15465199999999998,-0.042434,0.698735,-0.815365466654191,-0.9314124086192939,-1.5916879179412688
269,2026-09-26T09:33:11.992092+00:00,13.5,1790415191.9916625,1790415191.988278,1790415191.9884348,TEACHING_MODE,NORMAL,START_RECORDING,REACH_TARGET_POS_SUCCESSFULLY,0.31431634499165884,0.3274237676741362,0.16269959287091143,-0.023404865269243957,1.6921141631010226,0.13142329267517303,0.5924520145894752,-0.15467599999999998,-0.042324,0.6987369999999999,-0.8154876397018306,-0.9311855158165346,-1.593171447805464
270,2026-09-26T09:33:12.042128+00:00,13.55,1790415192.0400777,1790415192.0290084,1790415192.0390768,TEACHING_MODE,NORMAL,START_RECORDING,REACH_TARGET_POS_SUCCESSFULLY,0.31394982584874,0.327493580844216,0.16269959287091143,-0.023404865269243957,1.6912414984750253,0.13142329267517303,0.5924520145894752,-0.154674,-0.042297,0.6987399999999999,-0.8156796259195499,-0.9308364499661358,-1.5944978980369797
271,2026-09-26T09:33:12.092284+00:00,13.6,1790415192.0853655,1790415192.0891836,1790415192.089454,TEACHING_MODE,NORMAL,START_RECORDING,REACH_TARGET_POS_SUCCESSFULLY,0.3133040540255021,0.32754594072177584,0.16269959287091143,-0.023404865269243957,1.6912414984750253,0.13142329267517303,0.5924520145894752,-0.154756,-0.042281,0.698718,-0.8154701864093106,-0.930801543381096,-1.5949167770574584
272,2026-09-26T09:33:12.142245+00:00,13.65,1790415192.1406083,1790415192.1281056,1790415192.1385496,TEACHING_MODE,NORMAL,START_RECORDING,REACH_TARGET_POS_SUCCESSFULLY,0.30953414284119435,0.32754594072177584,0.16259487311579177,-0.023404865269243957,1.6910320589647858,0.13142329267517303,0.5924520145894752,-0.154866,-0.041871,0.698719,-0.8155050929943505,-0.9307491835035361,-1.5977267571531693
273,2026-09-26T09:33:12.192086+00:00,13.7,1790415192.1904073,1790415192.18913,1790415192.1894972,TEACHING_MODE,NORMAL,START_RECORDING,REACH_TARGET_POS_SUCCESSFULLY,0.3024306527855774,0.32754594072177584,0.16154767556459515,-0.023404865269243957,1.6881173591139556,0.13142329267517303,0.592539281052075,-0.155173,-0.04061,0.698726,-0.8161857714026283,-0.9296147194897397,-1.6093157433864116
274,2026-09-26T09:33:12.242101+00:00,13.75,1790415192.2406864,1790415192.2281277,1790415192.2380378,TEACHING_MODE,NORMAL,START_RECORDING,REACH_TARGET_POS_SUCCESSFULLY,0.2921332101988109,0.3276855670619354,0.1568178332916905,-0.023404865269243957,1.678675127860666,0.13142329267517303,0.592539281052075,-0.15539,-0.039798,0.698724,-0.8175471282191838,-0.9268745525641087,-1.6237147097153646
275,2026-09-26T09:33:12.292151+00:00,13.8,1790415192.2912512,1790415192.2882323,1790415192.2883933,TEACHING_MODE,NORMAL,START_RECORDING,REACH_TARGET_POS_SUCCESSFULLY,0.28054422396556855,0.327790286817055,0.14538592669112765,-0.023404865269243957,1.6644157878718726,0.13142329267517303,0.592539281052075,-0.155691,-0.038043,0.698762,-0.822119890859409,-0.9191252906852538,-1.660558610224965
276,2026-09-26T09:33:12.342130+00:00,13.85,1790415192.340088,1790415192.328069,1790415192.3376396,TEACHING_MODE,NORMAL,START_RECORDING,REACH_TARGET_POS_SUCCESSFULLY,0.2717128579504772,0.32859313827297243,0.13082988072949495,-0.023404865269243957,1.6493885030122013,0.13142329267517303,0.592539281052075,-0.15570699999999998,-0.0375,0.6987939999999999,-0.8267275600846741,-0.9117425479493179,-1.688483878256874
277,2026-09-26T09:33:12.392116+00:00,13.9,1790415192.390932,1790415192.3880987,1790415192.3883076,TEACHING_MODE,NORMAL,START_RECORDING,REACH_TARGET_POS_SUCCESSFULLY,0.2652725930106181,0.3307398932529254,0.11615166172022263,-0.023404865269243957,1.6409411094325488,0.13142329267517303,0.592539281052075,-0.15698199999999998,-0.037503999999999996,0.698438,-0.8292408342075459,-0.9015498251176709,-1.723931515364879
278,2026-09-26T09:33:12.442073+00:00,13.95,1790415192.440164,1790415192.4287374,1790415192.4378948,TEACHING_MODE,NORMAL,START_RECORDING,REACH_TARGET_POS_SUCCESSFULLY,0.26113616268339157,0.33463197748487283,0.10194468160898879,-0.023404865269243957,1.6409411094325488,0.13142329267517303,0.592539281052075,-0.158239,-0.037486,0.698085,-0.8281238234862695,-0.8975704744231239,-1.738505014619032
279,2026-09-26T09:33:12.492061+00:00,14.0,1790415192.490128,1790415192.4880922,1790415192.4882576,TEACHING_MODE,NORMAL,START_RECORDING,REACH_TARGET_POS_SUCCESSFULLY,0.2571393586963246,0.3412816819349712,0.09115854683166383,-0.023282692221604357,1.6409411094325488,0.13142329267517303,0.592539281052075,-0.162902,-0.038481,0.696682,-0.8186292323554204,-0.8897513993741892,-1.762730184636713
280,2026-09-26T09:33:12.542298+00:00,14.05,1790415192.5400667,1790415192.5286026,1790415192.5376403,TEACHING_MODE,NORMAL,START_RECORDING,REACH_TARGET_POS_SUCCESSFULLY,0.25345671397461655,0.35271358853553403,0.09049532171590599,-0.023282692221604357,1.6423548261266643,0.13142329267517303,0.592539281052075,-0.16708599999999998,-0.038957,0.695411,-0.8080176305032948,-0.8863654606253203,-1.7748253163530336
281,2026-09-26T09:33:12.592080+00:00,14.1,1790415192.5900943,1790415192.5879424,1790415192.5882304,TEACHING_MODE,NORMAL,START_RECORDING,REACH_TARGET_POS_SUCCESSFULLY,0.24883159145683156,0.36302848441482055,0.09049532171590599,-0.023282692221604357,1.6423548261266643,0.13142329267517303,0.592539281052075,-0.174682,-0.039917,0.69301,-0.7887317422687575,-0.8802219016583002,-1.7951758554312878
282,2026-09-26T09:33:12.642071+00:00,14.15,1790415192.6403139,1790415192.6288357,1790415192.6393502,TEACHING_MODE,NORMAL,START_RECORDING,REACH_TARGET_POS_SUCCESSFULLY,0.2399827721492203,0.36496579988453426,0.09049532171590599,-0.023282692221604357,1.6423548261266643,0.13142329267517303,0.592539281052075,-0.176237,-0.039207,0.692568,-0.7853108969348486,-0.8791048909370238,-1.8037454220585798
283,2026-09-26T09:33:12.692067+00:00,14.2,1790415192.6904945,1790415192.6893313,1790415192.6895256,TEACHING_MODE,NORMAL,START_RECORDING,REACH_TARGET_POS_SUCCESSFULLY,0.22919663737189536,0.36496579988453426,0.08970992355250854,-0.023282692221604357,1.6423548261266643,0.13142329267517303,0.5926265475146746,-0.17676699999999998,-0.036813,0.692564,-0.785467976567528,-0.8788430915492247,-1.8180571219249333
284,2026-09-26T09:33:12.742083+00:00,14.25,1790415192.7409744,1790415192.72804,1790415192.7383547,TEACHING_MODE,NORMAL,START_RECORDING,REACH_TARGET_POS_SUCCESSFULLY,0.2307150738211304,0.36531486573493316,0.08970992355250854,-0.023282692221604357,1.6423548261266643,0.13142329267517303,0.5926265475146746,-0.176719,-0.037118,0.6925589999999999,-0.7854854298600481,-0.878773278379145,-1.816294339380419
285,2026-09-26T09:33:12.792162+00:00,14.3,1790415192.7911415,1790415192.7898078,1790415192.7900407,TEACHING_MODE,NORMAL,START_RECORDING,REACH_TARGET_POS_SUCCESSFULLY,0.23078488699121022,0.36678094230660835,0.08970992355250854,-0.023282692221604357,1.6423548261266643,0.13142329267517303,0.5926265475146746,-0.17768599999999998,-0.037311,0.692237,-0.7830070623222161,-0.8779529736307077,-1.8183887344828122
286,2026-09-26T09:33:12.842060+00:00,14.35,1790415192.840243,1790415192.8286524,1790415192.8384504,TEACHING_MODE,NORMAL,START_RECORDING,REACH_TARGET_POS_SUCCESSFULLY,0.23078488699121022,0.3671474614495272,0.08970992355250854,-0.023282692221604357,1.6423548261266643,0.13142329267517303,0.5926265475146746,-0.177841,-0.03736,0.692184,-0.7826056365942574,-0.877813347290548,-1.8186330805780915
287,2026-09-26T09:33:12.892082+00:00,14.4,1790415192.89028,1790415192.8879993,1790415192.8882911,TEACHING_MODE,NORMAL,START_RECORDING,REACH_TARGET_POS_SUCCESSFULLY,0.23078488699121022,0.36767106022512547,0.08970992355250854,-0.023282692221604357,1.6423548261266643,0.13142329267517303,0.5926265475146746,-0.178168,-0.037437,0.692074,-0.7817678785533001,-0.877534094610229,-1.8192788524013295
288,2026-09-26T09:33:12.942122+00:00,14.45,1790415192.940076,1790415192.9284086,1790415192.9382746,TEACHING_MODE,NORMAL,START_RECORDING,REACH_TARGET_POS_SUCCESSFULLY,0.23078488699121022,0.3692593098444403,0.08970992355250854,-0.023282692221604357,1.6423548261266643,0.13142329267517303,0.5926265475146746,-0.178951,-0.037621,0.691808,-0.7797432966209867,-0.8768708694944711,-1.8208321954356044
289,2026-09-26T09:33:12.992117+00:00,14.5,1790415192.9903166,1790415192.9882898,1790415192.988453,TEACHING_MODE,NORMAL,START_RECORDING,REACH_TARGET_POS_SUCCESSFULLY,0.23078488699121022,0.3716155043346327,0.08970992355250854,-0.023282692221604357,1.6423548261266643,0.13142329267517303,0.5926265475146746,-0.179897,-0.037843,0.691487,-0.7773172889607145,-0.8760505647460338,-1.8226996977352383
290,2026-09-26T09:33:13.042149+00:00,14.55,1790415193.0400274,1790415193.0281847,1790415193.0385103,TEACHING_MODE,NORMAL,START_RECORDING,REACH_TARGET_POS_SUCCESSFULLY,0.2309070600388498,0.37671186575045607,0.08962265708990882,-0.023282692221604357,1.6422326530790246,0.13142329267517303,0.5926265475146746,-0.181855,-0.038313,0.6908139999999999,-0.7723081940074908,-0.8743226887865594,-1.8265917819671855
291,2026-09-26T09:33:13.092069+00:00,14.6,1790415193.0900571,1790415193.087947,1790415193.0882347,TEACHING_MODE,NORMAL,START_RECORDING,REACH_TARGET_POS_SUCCESSFULLY,0.2312212193042088,0.38172096070367983,0.08958775050486893,-0.023282692221604357,1.6422326530790246,0.13142329267517303,0.5926265475146746,-0.18570399999999998,-0.039299,0.689464,-0.7624819903187627,-0.8708843901601306,-1.833869804948002
292,2026-09-26T09:33:13.142069+00:00,14.65,1790415193.1400402,1790415193.128924,1790415193.139083,TEACHING_MODE,NORMAL,START_RECORDING,REACH_TARGET_POS_SUCCESSFULLY,0.23195425759004643,0.3871838412624221,0.08899433855919087,-0.023282692221604357,1.6420057602762652,0.13142329267517303,0.5926265475146746,-0.187793,-0.039868,0.688715,-0.7572285492702598,-0.868894714812857,-1.8378840622275887
293,2026-09-26T09:33:13.192074+00:00,14.7,1790415193.1900835,1790415193.1886582,1790415193.1889234,TEACHING_MODE,NORMAL,START_RECORDING,REACH_TARGET_POS_SUCCESSFULLY,0.23230332344044527,0.38940040941245485,0.08360127117052839,-0.023282692221604357,1.641761414180986,0.13142329267517303,0.5926265475146746,-0.18972599999999998,-0.040616,0.687997,-0.753476091378472,-0.8655087760639881,-1.8444290469225675
294,2026-09-26T09:33:13.242068+00:00,14.75,1790415193.2413683,1790415193.2290318,1790415193.2403102,TEACHING_MODE,NORMAL,START_RECORDING,REACH_TARGET_POS_SUCCESSFULLY,0.23233823002548518,0.39165188414752755,0.06904522520889568,-0.023282692221604357,1.6416392411333465,0.13142329267517303,0.5926265475146746,-0.190552,-0.041138999999999995,0.687673,-0.7541916763717897,-0.8610930930564424,-1.8537840117132571
295,2026-09-26T09:33:13.292055+00:00,14.8,1790415193.2910302,1790415193.2891035,1790415193.2894404,TEACHING_MODE,NORMAL,START_RECORDING,REACH_TARGET_POS_SUCCESSFULLY,0.2321986036853256,0.3940778918077997,0.04818854064756344,-0.023282692221604357,1.6416392411333465,0.13142329267517303,0.5926265475146746,-0.191738,-0.042184,0.6871809999999999,-0.7582932001139764,-0.8511098097350348,-1.8749374022474286
296,2026-09-26T09:33:13.342067+00:00,14.85,1790415193.3409545,1790415193.3282382,1790415193.339789,TEACHING_MODE,NORMAL,START_RECORDING,REACH_TARGET_POS_SUCCESSFULLY,0.2321986036853256,0.39660861922319146,0.022846359908605774,-0.02324778563656447,1.6416392411333465,0.13142329267517303,0.5926265475146746,-0.19286,-0.042984999999999995,0.686726,-0.7604574083864493,-0.8440412262644578,-1.889580714671661
297,2026-09-26T09:33:13.392073+00:00,14.9,1790415193.3900592,1790415193.3879483,1790415193.3883204,TEACHING_MODE,NORMAL,START_RECORDING,REACH_TARGET_POS_SUCCESSFULLY,0.2321986036853256,0.39730675092398915,-0.002722713633111154,-0.02324778563656447,1.6416392411333465,0.13142329267517303,0.5926963606847544,-0.19314099999999998,-0.044062,0.686542,-0.7694458540342201,-0.832556959786335,-1.913561538594063
298,2026-09-26T09:33:13.442074+00:00,14.95,1790415193.4403186,1790415193.428243,1790415193.4394138,TEACHING_MODE,NORMAL,START_RECORDING,REACH_TARGET_POS_SUCCESSFULLY,0.2321986036853256,0.39723693775390945,-0.02349213173184368,-0.02324778563656447,1.641761414180986,0.13142329267517303,0.5926963606847544,-0.192966,-0.044542,0.686565,-0.7749261878854823,-0.827041719350033,-1.9253250577525047
299,2026-09-26T09:33:13.492071+00:00,15.0,1790415193.4900653,1790415193.4882379,1790415193.488824,TEACHING_MODE,NORMAL,START_RECORDING,REACH_TARGET_POS_SUCCESSFULLY,0.2321986036853256,0.39723693775390945,-0.02818706741970842,-0.02324778563656447,1.6419010405211456,0.13142329267517303,0.5926963606847544,-0.192903,-0.044774999999999995,0.686568,-0.777491821885914,-0.8244411787645615,-1.9308926580663668
300,2026-09-26T09:33:13.542075+00:00,15.05,1790415193.5410867,1790415193.5281017,1790415193.5396154,TEACHING_MODE,NORMAL,START_RECORDING,REACH_TARGET_POS_SUCCESSFULLY,0.2321986036853256,0.39723693775390945,-0.02818706741970842,-0.02324778563656447,1.6419708536912254,0.13142329267517303,0.5926963606847544,-0.192904,-0.044773,0.686568,-0.777474368593394,-0.8244586320570814,-1.9308402981888069
301,2026-09-26T09:33:13.592066+00:00,15.1,1790415193.5901077,1790415193.5882382,1790415193.5884624,TEACHING_MODE,NORMAL,START_RECORDING,REACH_TARGET_POS_SUCCESSFULLY,0.2321986036853256,0.3971845778763496,-0.02818706741970842,-0.02324778563656447,1.642127933323905,0.13142329267517303,0.5926963606847544,-0.192876,-0.044761999999999996,0.6865789999999999,-0.777491821885914,-0.8245458985196812,-1.9306832185561273
302,2026-09-26T09:33:13.642113+00:00,15.15,1790415193.6403067,1790415193.6283662,1790415193.639421,TEACHING_MODE,NORMAL,START_RECORDING,REACH_TARGET_POS_SUCCESSFULLY,0.2321986036853256,0.3971845778763496,-0.02818706741970842,-0.02324778563656447,1.642127933323905,0.13142329267517303,0.5926963606847544,-0.192876,-0.044761999999999996,0.6865789999999999,-0.777491821885914,-0.8245458985196812,-1.9306832185561273
303,2026-09-26T09:33:13.692135+00:00,15.2,1790415193.6900098,1790415193.688253,1790415193.6884487,TEACHING_MODE,NORMAL,START_RECORDING,REACH_TARGET_POS_SUCCESSFULLY,0.2321986036853256,0.3971845778763496,-0.02818706741970842,-0.02324778563656447,1.642127933323905,0.13142329267517303,0.5926963606847544,-0.192876,-0.044761999999999996,0.6865789999999999,-0.777491821885914,-0.8245458985196812,-1.9306832185561273
304,2026-09-26T09:33:13.742126+00:00,15.25,1790415193.7415276,1790415193.7291324,1790415193.7390046,TEACHING_MODE,NORMAL,START_RECORDING,REACH_TARGET_POS_SUCCESSFULLY,0.2321986036853256,0.3971845778763496,-0.02818706741970842,-0.02324778563656447,1.642127933323905,0.13142329267517303,0.5926963606847544,-0.192876,-0.044761999999999996,0.6865789999999999,-0.777491821885914,-0.8245458985196812,-1.9306832185561273
305,2026-09-26T09:33:13.792221+00:00,15.3,1790415193.7905145,1790415193.787903,1790415193.788241,TEACHING_MODE,NORMAL,START_RECORDING,REACH_TARGET_POS_SUCCESSFULLY,0.2321986036853256,0.39611992703263305,-0.02818706741970842,-0.02324778563656447,1.642127933323905,0.13142329267517303,0.5926963606847544,-0.19231399999999998,-0.044629999999999996,0.6867869999999999,-0.7787833655323898,-0.8251218571728393,-1.9297407407600504
306,2026-09-26T09:33:13.842125+00:00,15.35,1790415193.8408895,1790415193.8290946,1790415193.8381462,TEACHING_MODE,NORMAL,START_RECORDING,REACH_TARGET_POS_SUCCESSFULLY,0.2321986036853256,0.39498546301883675,-0.02818706741970842,-0.02324778563656447,1.642127933323905,0.13142329267517303,0.5925741876371148,-0.19181199999999998,-0.044510999999999995,0.6869719999999999,-0.7798305630835863,-0.8257327224110372,-1.9290077024742127
307,2026-09-26T09:33:13.892065+00:00,15.4,1790415193.8902955,1790415193.88894,1790415193.8892386,TEACHING_MODE,NORMAL,START_RECORDING,REACH_TARGET_POS_SUCCESSFULLY,0.2321986036853256,0.3948632899711971,-0.02818706741970842,-0.02324778563656447,1.642127933323905,0.13142329267517303,0.5925741876371148,-0.19164399999999998,-0.044471,0.6870339999999999,-0.7802145355190252,-0.8259072553362367,-1.9287284497938937
308,2026-09-26T09:33:13.942071+00:00,15.45,1790415193.9364138,1790415193.9289315,1790415193.9386625,TEACHING_MODE,NORMAL,START_RECORDING,REACH_TARGET_POS_SUCCESSFULLY,0.2321986036853256,0.3949331031412769,-0.02818706741970842,-0.02324778563656447,1.642127933323905,0.13142329267517303,0.5925741876371148,-0.191679,-0.044479,0.687021,-0.7801447223489454,-0.8258723487511969,-1.9287982629639735
309,2026-09-26T09:33:13.992134+00:00,15.5,1790415193.9903605,1790415193.988692,1790415193.988894,TEACHING_MODE,NORMAL,START_RECORDING,REACH_TARGET_POS_SUCCESSFULLY,0.2321986036853256,0.3949331031412769,-0.02818706741970842,-0.02324778563656447,1.642127933323905,0.13142329267517303,0.5925741876371148,-0.191679,-0.044479,0.687021,-0.7801447223489454,-0.8258723487511969,-1.9287982629639735
310,2026-09-26T09:33:14.042007+00:00,15.55,1790415194.04049,1790415194.0280015,1790415194.0375342,TEACHING_MODE,NORMAL,START_RECORDING,REACH_TARGET_POS_SUCCESSFULLY,0.23233823002548518,0.3949331031412769,-0.02818706741970842,-0.02324778563656447,1.642127933323905,0.13142329267517303,0.5925741876371148,-0.19167299999999998,-0.044504999999999996,0.687021,-0.7801447223489454,-0.8258723487511969,-1.928658636623814
311,2026-09-26T09:33:14.092072+00:00,15.6,1790415194.090072,1790415194.0883129,1790415194.0884106,TEACHING_MODE,NORMAL,START_RECORDING,REACH_TARGET_POS_SUCCESSFULLY,0.23233823002548518,0.39348447986212165,-0.02818706741970842,-0.02307325271136504,1.642127933323905,0.13142329267517303,0.5925741876371148,-0.190944,-0.044330999999999995,0.687292,-0.7816980653832204,-0.8265879337445144,-1.9275241726100176
312,2026-09-26T09:33:14.142060+00:00,15.65,1790415194.1401806,1790415194.1280324,1790415194.1376204,TEACHING_MODE,NORMAL,START_RECORDING,REACH_TARGET_POS_SUCCESSFULLY,0.2325127629506846,0.3912504584195689,-0.02818706741970842,-0.02125811028929093,1.642127933323905,0.13142329267517303,0.5925741876371148,-0.190081,-0.044143999999999996,0.687612,-0.7834433946352146,-0.8273907852004319,-1.9261279092084223
313,2026-09-26T09:33:14.192064+00:00,15.7,1790415194.190071,1790415194.1883721,1790415194.1884487,TEACHING_MODE,NORMAL,START_RECORDING,REACH_TARGET_POS_SUCCESSFULLY,0.23277456233848373,0.38362336958835364,-0.02818706741970842,-3.490658503988659e-05,1.6420232135687853,0.13142329267517303,0.5925741876371148,-0.190462,-0.044159,0.687758,-0.7705454114629766,-0.8220151711042893,-1.9355701404617116
314,2026-09-26T09:33:14.242093+00:00,15.75,1790415194.2408407,1790415194.2285054,1790415194.2379355,TEACHING_MODE,NORMAL,START_RECORDING,REACH_TARGET_POS_SUCCESSFULLY,0.23277456233848373,0.3681772057082038,-0.02818706741970842,0.04363323129985824,1.6420232135687853,0.13142329267517303,0.5925741876371148,-0.193459,-0.044601999999999996,0.687052,-0.7420267314853892,-0.80950116036749,-1.9566886244108428
315,2026-09-26T09:33:14.292063+00:00,15.8,1790415194.2903001,1790415194.287951,1790415194.2881675,TEACHING_MODE,NORMAL,START_RECORDING,REACH_TARGET_POS_SUCCESSFULLY,0.23825489618974593,0.34962435575950407,-0.02818706741970842,0.1023112007519076,1.6420232135687853,0.13142329267517303,0.5925741876371148,-0.19824699999999998,-0.046379,0.6854279999999999,-0.6911678370822745,-0.7852759903498088,-1.9882441772869004
316,2026-09-26T09:33:14.342076+00:00,15.85,1790415194.3401341,1790415194.3289356,1790415194.3375201,TEACHING_MODE,NORMAL,START_RECORDING,REACH_TARGET_POS_SUCCESSFULLY,0.24495696051740415,0.3270572485312174,-0.02818706741970842,0.16441001553786586,1.6420232135687853,0.13142329267517303,0.5925741876371148,-0.20178,-0.047925999999999996,0.6837059999999999,-0.6507634648986057,-0.7642273195707571,-2.011771215603784
317,2026-09-26T09:33:14.392064+00:00,15.9,1790415194.3907456,1790415194.3894649,1790415194.3897133,TEACHING_MODE,NORMAL,START_RECORDING,REACH_TARGET_POS_SUCCESSFULLY,0.25200809069546126,0.30867893150771714,-0.02818706741970842,0.21476276445790224,1.6420232135687853,0.13142329267517303,0.5925741876371148,-0.204538,-0.049843,0.681493,-0.6049485720337546,-0.7383615400562011,-2.035507693430907
318,2026-09-26T09:33:14.441987+00:00,15.95,1790415194.4404116,1790415194.428302,1790415194.4386601,TEACHING_MODE,NORMAL,START_RECORDING,REACH_TARGET_POS_SUCCESSFULLY,0.25745351796168353,0.2905275072869761,-0.02818706741970842,0.2372775118086291,1.6420232135687853,0.13142329267517303,0.5925741876371148,-0.201007,-0.049826999999999996,0.682394,-0.6002885429309297,-0.7360402521510487,-2.033919443811592
319,2026-09-26T09:33:14.492119+00:00,16.0,1790415194.4903688,1790415194.4885678,1790415194.4888096,TEACHING_MODE,NORMAL,START_RECORDING,REACH_TARGET_POS_SUCCESSFULLY,0.25757569100932315,0.2835810968640387,-0.02818706741970842,0.23375194671960056,1.6420232135687853,0.13142329267517303,0.5925741876371148,-0.195814,-0.048677,0.684372,-0.6098529472318587,-0.7422187177031087,-2.026449434613056
320,2026-09-26T09:33:14.542055+00:00,16.05,1790415194.5400941,1790415194.527893,1790415194.5377984,TEACHING_MODE,NORMAL,START_RECORDING,REACH_TARGET_POS_SUCCESSFULLY,0.2568950126010454,0.2810503694486469,-0.02818706741970842,0.22029545818672427,1.6420232135687853,0.13142329267517303,0.5925741876371148,-0.19220399999999999,-0.047719,0.68595,-0.6224891310162977,-0.749828353241804,-2.018194027251123
321,2026-09-26T09:33:14.592209+00:00,16.1,1790415194.5900154,1790415194.5880127,1790415194.5882506,TEACHING_MODE,NORMAL,START_RECORDING,REACH_TARGET_POS_SUCCESSFULLY,0.2535614337297362,0.2811725424962865,-0.02818706741970842,0.20205676750338353,1.6420232135687853,0.13142329267517303,0.5927487205623143,-0.187358,-0.045889,0.688194,-0.6447769855642651,-0.7624994436112827,-2.0062559751674818
322,2026-09-26T09:33:14.642126+00:00,16.15,1790415194.6401293,1790415194.6283236,1790415194.6379323,TEACHING_MODE,NORMAL,START_RECORDING,REACH_TARGET_POS_SUCCESSFULLY,0.24966934949778885,0.2811725424962865,-0.02818706741970842,0.18463838156848014,1.6420581201538251,0.13142329267517303,0.5927487205623143,-0.183862,-0.044493,0.6897409999999999,-0.6609561877302526,-0.7715053425515734,-1.997965661220509
323,2026-09-26T09:33:14.692096+00:00,16.2,1790415194.6902025,1790415194.688443,1790415194.6886795,TEACHING_MODE,NORMAL,START_RECORDING,REACH_TARGET_POS_SUCCESSFULLY,0.2465801167217589,0.2812947155439261,-0.02818706741970842,0.1698379895115682,1.6422151997865044,0.13142329267517303,0.5926265475146746,-0.179137,-0.042741,0.69172,-0.6830346027679808,-0.7834608479277346,-1.9859577959667878
324,2026-09-26T09:33:14.741998+00:00,16.25,1790415194.7400382,1790415194.728657,1790415194.7379572,TEACHING_MODE,NORMAL,START_RECORDING,REACH_TARGET_POS_SUCCESSFULLY,0.2444857216193657,0.28134707542148596,-0.02818706741970842,0.15805701706060651,1.6422151997865044,0.13142329267517303,0.5926963606847544,-0.177062,-0.041977,0.692553,-0.6929131663342688,-0.7885223027585182,-1.9804774621155254
325,2026-09-26T09:33:14.792064+00:00,16.3,1790415194.79007,1790415194.7880569,1790415194.788331,TEACHING_MODE,NORMAL,START_RECORDING,REACH_TARGET_POS_SUCCESSFULLY,0.24062854397245823,0.2816088748092851,-0.02818706741970842,0.14997614262387274,1.6422151997865044,0.13142329267517303,0.5926963606847544,-0.174559,-0.040726,0.69356,-0.7055493501187078,-0.7948753012357775,-1.9752763809445824
326,2026-09-26T09:33:14.842070+00:00,16.35,1790415194.84032,1790415194.8293326,1790415194.837658,TEACHING_MODE,NORMAL,START_RECORDING,REACH_TARGET_POS_SUCCESSFULLY,0.23652702023027153,0.28478537404791476,-0.02818706741970842,0.142820292690696,1.6423199195416243,0.13142329267517303,0.5926963606847544,-0.17449599999999998,-0.040026,0.693684,-0.7095461541057748,-0.7968475232905311,-1.9762188587406593
327,2026-09-26T09:33:14.892065+00:00,16.4,1790415194.8918562,1790415194.890627,1790415194.890876,TEACHING_MODE,NORMAL,START_RECORDING,REACH_TARGET_POS_SUCCESSFULLY,0.2325127629506846,0.2885901918172624,-0.02818706741970842,0.13913764796898795,1.6428609716097426,0.13142329267517303,0.5925741876371148,-0.175949,-0.039505,0.693302,-0.7094239810581351,-0.7970220562157306,-1.9806694483332452
328,2026-09-26T09:33:14.942077+00:00,16.45,1790415194.9402997,1790415194.9292502,1790415194.9384003,TEACHING_MODE,NORMAL,START_RECORDING,REACH_TARGET_POS_SUCCESSFULLY,0.23233823002548518,0.29223792995393055,-0.02818706741970842,0.1370956127441546,1.6429482380723421,0.13142329267517303,0.5925741876371148,-0.177257,-0.039804,0.6928869999999999,-0.7083767835069386,-0.7964460975625725,-1.9814548464966424
329,2026-09-26T09:33:14.992046+00:00,16.5,1790415194.9913328,1790415194.9899206,1790415194.9902532,TEACHING_MODE,NORMAL,START_RECORDING,REACH_TARGET_POS_SUCCESSFULLY,0.23239058990304498,0.2930407814098479,-0.02818706741970842,0.1370956127441546,1.6429482380723421,0.13142329267517303,0.5925741876371148,-0.177834,-0.039949,0.692692,-0.7071550530305426,-0.7958003257393346,-1.9822926045375997
330,2026-09-26T09:33:15.042066+00:00,16.55,1790415195.040323,1790415195.029108,1790415195.0378914,TEACHING_MODE,NORMAL,START_RECORDING,REACH_TARGET_POS_SUCCESSFULLY,0.2323556833180051,0.2930407814098479,-0.02818706741970842,0.1370956127441546,1.6429482380723421,0.13142329267517303,0.5925741876371148,-0.177834,-0.039949,0.692692,-0.7071550530305426,-0.7958003257393346,-1.9822926045375997
331,2026-09-26T09:33:15.092211+00:00,16.6,1790415195.0901005,1790415195.0889628,1790415195.0892518,TEACHING_MODE,NORMAL,START_RECORDING,REACH_TARGET_POS_SUCCESSFULLY,0.2323556833180051,0.2930407814098479,-0.02818706741970842,0.1370956127441546,1.6429482380723421,0.13142329267517303,0.5925741876371148,-0.177835,-0.039942,0.692692,-0.7071550530305426,-0.7958003257393346,-1.9823275111226397
332,2026-09-26T09:33:15.141984+00:00,16.65,1790415195.1400626,1790415195.1293123,1790415195.1377125,TEACHING_MODE,NORMAL,START_RECORDING,REACH_TARGET_POS_SUCCESSFULLY,0.2323207767329652,0.2930407814098479,-0.02818706741970842,0.1370956127441546,1.6429482380723421,0.13142329267517303,0.5925741876371148,-0.177835,-0.039942,0.692692,-0.7071550530305426,-0.7958003257393346,-1.9823275111226397
333,2026-09-26T09:33:15.192072+00:00,16.7,1790415195.1904576,1790415195.1893742,1790415195.1895733,TEACHING_MODE,NORMAL,START_RECORDING,REACH_TARGET_POS_SUCCESSFULLY,0.23226841685540536,0.2931280478724477,-0.02818706741970842,0.1363800277508369,1.6429482380723421,0.13142329267517303,0.5925741876371148,-0.17776599999999998,-0.039914,0.69272,-0.707608838636061,-0.7960097652495739,-1.9820831650273603
334,2026-09-26T09:33:15.242087+00:00,16.75,1790415195.2400184,1790415195.2297444,1790415195.238076,TEACHING_MODE,NORMAL,START_RECORDING,REACH_TARGET_POS_SUCCESSFULLY,0.23226841685540536,0.2947686573693223,-0.02818706741970842,0.1323832237637699,1.6429482380723421,0.13142329267517303,0.5925741876371148,-0.177841,-0.039951,0.692712,-0.7089701954526166,-0.7966555370728118,-1.9810883273537234
335,2026-09-26T09:33:15.292069+00:00,16.8,1790415195.29077,1790415195.289693,1790415195.2899246,TEACHING_MODE,NORMAL,START_RECORDING,REACH_TARGET_POS_SUCCESSFULLY,0.23226841685540536,0.29799751648551187,-0.02818706741970842,0.12603022528651053,1.6429482380723421,0.13142329267517303,0.5925741876371148,-0.177802,-0.039999,0.6927709999999999,-0.7135778646778816,-0.7988197453452847,-1.9777372951898946
336,2026-09-26T09:33:15.342063+00:00,16.85,1790415195.3405905,1790415195.3313859,1790415195.3376293,TEACHING_MODE,NORMAL,START_RECORDING,REACH_TARGET_POS_SUCCESSFULLY,0.23226841685540536,0.29909707391426826,-0.02818706741970842,0.12430234932703615,1.6429482380723421,0.13142329267517303,0.5926789073922344,-0.177856,-0.040032,0.6927679999999999,-0.7152010208822364,-0.7994655171685227,-1.9764981114209785
337,2026-09-26T09:33:15.392083+00:00,16.9,1790415195.3911781,1790415195.389876,1790415195.3901176,TEACHING_MODE,NORMAL,START_RECORDING,REACH_TARGET_POS_SUCCESSFULLY,0.23225096356288544,0.29909707391426826,-0.02818706741970842,0.1243198026195561,1.6429482380723421,0.13142329267517303,0.5926789073922344,-0.17787699999999998,-0.040034,0.692762,-0.7152359274672763,-0.7994829704610426,-1.9764981114209785
338,2026-09-26T09:33:15.442079+00:00,16.95,1790415195.440106,1790415195.430315,1790415195.4383347,TEACHING_MODE,NORMAL,START_RECORDING,REACH_TARGET_POS_SUCCESSFULLY,0.23225096356288544,0.29909707391426826,-0.02818706741970842,0.1243198026195561,1.6429482380723421,0.13142329267517303,0.5926789073922344,-0.17787699999999998,-0.040034,0.692762,-0.7152359274672763,-0.7994829704610426,-1.9764981114209785
339,2026-09-26T09:33:15.492064+00:00,17.0,1790415195.4915066,1790415195.4901464,1790415195.4904199,TEACHING_MODE,NORMAL,START_RECORDING,REACH_TARGET_POS_SUCCESSFULLY,0.23225096356288544,0.29909707391426826,-0.02818706741970842,0.12424998944947632,1.6430704111199819,0.13142329267517303,0.5926789073922344,-0.177863,-0.040028,0.692767,-0.7152708340523162,-0.7995527836311223,-1.9763584850808191
340,2026-09-26T09:33:15.542006+00:00,17.05,1790415195.5401654,1790415195.5284839,1790415195.538463,TEACHING_MODE,NORMAL,START_RECORDING,REACH_TARGET_POS_SUCCESSFULLY,0.23225096356288544,0.29909707391426826,-0.02818706741970842,0.12405800323175695,1.6430529578274617,0.13142329267517303,0.5926789073922344,-0.177817,-0.040019,0.692784,-0.7154802735625555,-0.7996400500937221,-1.9762188587406593
341,2026-09-26T09:33:15.592096+00:00,17.1,1790415195.584966,1790415195.5883083,1790415195.5909355,TEACHING_MODE,NORMAL,START_RECORDING,REACH_TARGET_POS_SUCCESSFULLY,0.23225096356288544,0.2991668870843481,-0.02818706741970842,0.12339477811599911,1.6430529578274617,0.13142329267517303,0.5926789073922344,-0.177669,-0.039989,0.6928369999999999,-0.716230765140913,-0.8000065692366409,-1.9756778066725413
342,2026-09-26T09:33:15.642037+00:00,17.15,1790415195.6403177,1790415195.6287286,1790415195.6377869,TEACHING_MODE,NORMAL,START_RECORDING,REACH_TARGET_POS_SUCCESSFULLY,0.23225096356288544,0.30187214742493923,-0.02818706741970842,0.1187522023056942,1.643244944045181,0.13142329267517303,0.5926789073922344,-0.17760599999999999,-0.039996,0.6928759999999999,-0.7184124267059059,-0.8011061266653973,-1.973915024128027
343,2026-09-26T09:33:15.691994+00:00,17.2,1790415195.6909444,1790415195.6880627,1790415195.6898606,TEACHING_MODE,NORMAL,START_RECORDING,REACH_TARGET_POS_SUCCESSFULLY,0.2321986036853256,0.30981339552151343,-0.02818706741970842,0.09854128956759985,1.643314757215261,0.13142329267517303,0.5926789073922344,-0.176232,-0.039832,0.693406,-0.7351675875250515,-0.8088553885442521,-1.9617151726565865
344,2026-09-26T09:33:15.742134+00:00,17.25,1790415195.7400162,1790415195.729384,1790415195.7377367,TEACHING_MODE,NORMAL,START_RECORDING,REACH_TARGET_POS_SUCCESSFULLY,0.23141320552192815,0.3199363051830805,-0.02818706741970842,0.06836454680061789,1.643314757215261,0.13142329267517303,0.5926789073922344,-0.175789,-0.039834999999999995,0.693556,-0.7496712736091244,-0.8152782001915913,-1.9512431971446207
345,2026-09-26T09:33:15.792063+00:00,17.3,1790415195.7911634,1790415195.7885144,1790415195.78871,TEACHING_MODE,NORMAL,START_RECORDING,REACH_TARGET_POS_SUCCESSFULLY,0.2301740217530122,0.32669072938829863,-0.02818706741970842,0.039426987802551904,1.6434020236778606,0.13142329267517303,0.5926789073922344,-0.17118799999999998,-0.038745,0.694915,-0.7853458035198885,-0.8306545509016613,-1.9263548020111814
346,2026-09-26T09:33:15.841997+00:00,17.35,1790415195.8405275,1790415195.8281915,1790415195.8375995,TEACHING_MODE,NORMAL,START_RECORDING,REACH_TARGET_POS_SUCCESSFULLY,0.22987731578017317,0.330268654354887,-0.02818706741970842,0.014695672301792254,1.6434020236778606,0.13142329267517303,0.5926789073922344,-0.167745,-0.03805,0.695846,-0.8063944742989402,-0.8392415708214733,-1.910821371668432
347,2026-09-26T09:33:15.892073+00:00,17.4,1790415195.8909998,1790415195.8883166,1790415195.8885655,TEACHING_MODE,NORMAL,START_RECORDING,REACH_TARGET_POS_SUCCESSFULLY,0.22858577213369732,0.33110641239584426,-0.02818706741970842,0.005480333851262195,1.6434020236778606,0.13142329267517303,0.5926789073922344,-0.16482,-0.037239999999999995,0.696612,-0.8232892614582452,-0.8459087285640917,-1.8994418249454288
348,2026-09-26T09:33:15.942121+00:00,17.45,1790415195.9400747,1790415195.9290006,1790415195.93776,TEACHING_MODE,NORMAL,START_RECORDING,REACH_TARGET_POS_SUCCESSFULLY,0.22865558530377714,0.33110641239584426,-0.02818706741970842,0.005480333851262195,1.6434020236778606,0.13142329267517303,0.5926789073922344,-0.164848,-0.037259,0.696603,-0.8232019949956455,-0.8458563686865318,-1.8994418249454288
349,2026-09-26T09:33:15.992140+00:00,17.5,1790415195.991415,1790415195.988406,1790415195.9886458,TEACHING_MODE,NORMAL,START_RECORDING,REACH_TARGET_POS_SUCCESSFULLY,0.22865558530377714,0.33110641239584426,-0.02818706741970842,0.005480333851262195,1.6434020236778606,0.13142329267517303,0.5926789073922344,-0.164848,-0.037259,0.696603,-0.8232019949956455,-0.8458563686865318,-1.8994418249454288
350,2026-09-26T09:33:16.042093+00:00,17.55,1790415196.0402703,1790415196.0290027,1790415196.03864,TEACHING_MODE,NORMAL,START_RECORDING,REACH_TARGET_POS_SUCCESSFULLY,0.22865558530377714,0.33110641239584426,-0.02818706741970842,0.005480333851262195,1.6434020236778606,0.13142329267517303,0.5926789073922344,-0.164848,-0.037259,0.696603,-0.8232019949956455,-0.8458563686865318,-1.8994418249454288
351,2026-09-26T09:33:16.092278+00:00,17.6,1790415196.085338,1790415196.088637,1790415196.0895386,TEACHING_MODE,NORMAL,START_RECORDING,REACH_TARGET_POS_SUCCESSFULLY,0.22865558530377714,0.33110641239584426,-0.02818706741970842,0.005480333851262195,1.6434020236778606,0.13142329267517303,0.5926789073922344,-0.164848,-0.037259,0.696603,-0.8232019949956455,-0.8458563686865318,-1.8994418249454288
352,2026-09-26T09:33:16.142109+00:00,17.65,1790415196.1403286,1790415196.1280432,1790415196.1379108,TEACHING_MODE,NORMAL,START_RECORDING,REACH_TARGET_POS_SUCCESSFULLY,0.22865558530377714,0.33110641239584426,-0.02818706741970842,0.005480333851262195,1.6434020236778606,0.13142329267517303,0.5926789073922344,-0.164848,-0.037259,0.696603,-0.8232019949956455,-0.8458563686865318,-1.8994418249454288
353,2026-09-26T09:33:16.192113+00:00,17.7,1790415196.1902988,1790415196.1881819,1790415196.1883829,TEACHING_MODE,NORMAL,START_RECORDING,REACH_TARGET_POS_SUCCESSFULLY,0.22865558530377714,0.33110641239584426,-0.02818706741970842,0.005480333851262195,1.6434020236778606,0.13142329267517303,0.5926789073922344,-0.164848,-0.037259,0.696603,-0.8232019949956455,-0.8458563686865318,-1.8994418249454288
354,2026-09-26T09:33:16.242112+00:00,17.75,1790415196.2400892,1790415196.2281601,1790415196.2376697,TEACHING_MODE,NORMAL,START_RECORDING,REACH_TARGET_POS_SUCCESSFULLY,0.22865558530377714,0.33110641239584426,-0.02818706741970842,0.005480333851262195,1.6434020236778606,0.13142329267517303,0.5926789073922344,-0.164848,-0.037259,0.696603,-0.8232019949956455,-0.8458563686865318,-1.8994418249454288
355,2026-09-26T09:33:16.292077+00:00,17.8,1790415196.2903202,1790415196.2887137,1790415196.2889082,TEACHING_MODE,NORMAL,START_RECORDING,REACH_TARGET_POS_SUCCESSFULLY,0.22865558530377714,0.33110641239584426,-0.02818706741970842,0.005480333851262195,1.6434020236778606,0.13142329267517303,0.5926789073922344,-0.164848,-0.037259,0.696603,-0.8232019949956455,-0.8458563686865318,-1.8994418249454288
356,2026-09-26T09:33:16.342113+00:00,17.85,1790415196.3400252,1790415196.3280814,1790415196.337557,TEACHING_MODE,NORMAL,START_RECORDING,REACH_TARGET_POS_SUCCESSFULLY,0.22865558530377714,0.33110641239584426,-0.02818706741970842,0.005480333851262195,1.6434020236778606,0.13142329267517303,0.5926789073922344,-0.164848,-0.037259,0.696603,-0.8232019949956455,-0.8458563686865318,-1.8994418249454288
357,2026-09-26T09:33:16.392069+00:00,17.9,1790415196.3900313,1790415196.3880298,1790415196.3883178,TEACHING_MODE,NORMAL,START_RECORDING,REACH_TARGET_POS_SUCCESSFULLY,0.22865558530377714,0.33110641239584426,-0.02818706741970842,0.005480333851262195,1.6434020236778606,0.13142329267517303,0.5926789073922344,-0.164848,-0.037259,0.696603,-0.8232019949956455,-0.8458563686865318,-1.8994418249454288
358,2026-09-26T09:33:16.442068+00:00,17.95,1790415196.4400823,1790415196.4283233,1790415196.4374912,TEACHING_MODE,NORMAL,START_RECORDING,REACH_TARGET_POS_SUCCESSFULLY,0.22865558530377714,0.33110641239584426,-0.02818706741970842,0.005480333851262195,1.6434020236778606,0.13142329267517303,0.5926789073922344,-0.164848,-0.037259,0.696603,-0.8232019949956455,-0.8458563686865318,-1.8994418249454288
359,2026-09-26T09:33:16.492115+00:00,18.0,1790415196.4899747,1790415196.487826,1790415196.4880726,TEACHING_MODE,NORMAL,START_RECORDING,REACH_TARGET_POS_SUCCESSFULLY,0.22865558530377714,0.33110641239584426,-0.02818706741970842,0.005480333851262195,1.6434020236778606,0.13142329267517303,0.5926789073922344,-0.164848,-0.037259,0.696603,-0.8232019949956455,-0.8458563686865318,-1.8994418249454288
360,2026-09-26T09:33:16.542079+00:00,18.05,1790415196.5400836,1790415196.5287285,1790415196.5382955,TEACHING_MODE,NORMAL,START_RECORDING,REACH_TARGET_POS_SUCCESSFULLY,0.22865558530377714,0.33110641239584426,-0.02818706741970842,0.005480333851262195,1.6434369302629006,0.13142329267517303,0.5926789073922344,-0.164849,-0.037258,0.696603,-0.8231845417031255,-0.8458738219790519,-1.899406918360389
361,2026-09-26T09:33:16.592066+00:00,18.1,1790415196.590085,1790415196.5885346,1790415196.5887449,TEACHING_MODE,NORMAL,START_RECORDING,REACH_TARGET_POS_SUCCESSFULLY,0.22865558530377714,0.33110641239584426,-0.02818706741970842,0.005480333851262195,1.6434369302629006,0.13142329267517303,0.5926789073922344,-0.164849,-0.037258,0.696603,-0.8231845417031255,-0.8458738219790519,-1.899406918360389
362,2026-09-26T09:33:16.642061+00:00,18.15,1790415196.640631,1790415196.6286876,1790415196.6388702,TEACHING_MODE,NORMAL,START_RECORDING,REACH_TARGET_POS_SUCCESSFULLY,0.22865558530377714,0.33110641239584426,-0.02818706741970842,0.005480333851262195,1.6434369302629006,0.13142329267517303,0.5926789073922344,-0.164849,-0.037258,0.696603,-0.8231845417031255,-0.8458738219790519,-1.899406918360389
363,2026-09-26T09:33:16.692078+00:00,18.2,1790415196.6901429,1790415196.6887338,1790415196.6889126,TEACHING_MODE,NORMAL,START_RECORDING,REACH_TARGET_POS_SUCCESSFULLY,0.22865558530377714,0.33110641239584426,-0.02818706741970842,0.005480333851262195,1.6434369302629006,0.13142329267517303,0.5926789073922344,-0.164849,-0.037258,0.696603,-0.8231845417031255,-0.8458738219790519,-1.899406918360389
364,2026-09-26T09:33:16.742067+00:00,18.25,1790415196.740133,1790415196.7281265,1790415196.7386336,TEACHING_MODE,NORMAL,START_RECORDING,REACH_TARGET_POS_SUCCESSFULLY,0.22865558530377714,0.33110641239584426,-0.02818706741970842,0.005480333851262195,1.6434369302629006,0.13142329267517303,0.5926789073922344,-0.164849,-0.037258,0.696603,-0.8231845417031255,-0.8458738219790519,-1.899406918360389
365,2026-09-26T09:33:16.792090+00:00,18.3,1790415196.7908583,1790415196.7880328,1790415196.7882762,TEACHING_MODE,NORMAL,START_RECORDING,REACH_TARGET_POS_SUCCESSFULLY,0.22865558530377714,0.33110641239584426,-0.02818706741970842,0.005480333851262195,1.6434369302629006,0.13142329267517303,0.5926789073922344,-0.164849,-0.037258,0.696603,-0.8231845417031255,-0.8458738219790519,-1.899406918360389
366,2026-09-26T09:33:16.842228+00:00,18.35,1790415196.840026,1790415196.8283854,1790415196.837984,TEACHING_MODE,NORMAL,START_RECORDING,REACH_TARGET_POS_SUCCESSFULLY,0.22865558530377714,0.33110641239584426,-0.02818706741970842,0.005480333851262195,1.6435416500180204,0.13142329267517303,0.5926789073922344,-0.164849,-0.037256,0.696603,-0.8231670884106056,-0.8459087285640917,-1.8993371051903092
367,2026-09-26T09:33:16.892108+00:00,18.4,1790415196.890311,1790415196.8880515,1790415196.8882916,TEACHING_MODE,NORMAL,START_RECORDING,REACH_TARGET_POS_SUCCESSFULLY,0.22865558530377714,0.33110641239584426,-0.02818706741970842,0.005480333851262195,1.6435416500180204,0.13142329267517303,0.5926789073922344,-0.164849,-0.037256,0.696603,-0.8231670884106056,-0.8459087285640917,-1.8993371051903092
368,2026-09-26T09:33:16.942134+00:00,18.45,1790415196.940767,1790415196.9285402,1790415196.9397233,TEACHING_MODE,NORMAL,START_RECORDING,REACH_TARGET_POS_SUCCESSFULLY,0.22865558530377714,0.33110641239584426,-0.02818706741970842,0.005480333851262195,1.6435416500180204,0.13142329267517303,0.5926789073922344,-0.164849,-0.037256,0.696603,-0.8231670884106056,-0.8459087285640917,-1.8993371051903092
369,2026-09-26T09:33:16.992089+00:00,18.5,1790415196.990664,1790415196.9883454,1790415196.988643,TEACHING_MODE,NORMAL,START_RECORDING,REACH_TARGET_POS_SUCCESSFULLY,0.22865558530377714,0.33110641239584426,-0.02818706741970842,0.005480333851262195,1.6435416500180204,0.13142329267517303,0.5926789073922344,-0.164849,-0.037256,0.696603,-0.8231670884106056,-0.8459087285640917,-1.8993371051903092
370,2026-09-26T09:33:17.042067+00:00,18.55,1790415197.040114,1790415197.0283244,1790415197.0388834,TEACHING_MODE,NORMAL,START_RECORDING,REACH_TARGET_POS_SUCCESSFULLY,0.22865558530377714,0.33110641239584426,-0.02818706741970842,0.005480333851262195,1.6435416500180204,0.13142329267517303,0.5926789073922344,-0.164849,-0.037256,0.696603,-0.8231670884106056,-0.8459087285640917,-1.8993371051903092
371,2026-09-26T09:33:17.092069+00:00,18.6,1790415197.090095,1790415197.088346,1790415197.0885408,TEACHING_MODE,NORMAL,START_RECORDING,REACH_TARGET_POS_SUCCESSFULLY,0.22865558530377714,0.33110641239584426,-0.02818706741970842,0.005480333851262195,1.6435416500180204,0.13142329267517303,0.5926789073922344,-0.164849,-0.037256,0.696603,-0.8231670884106056,-0.8459087285640917,-1.8993371051903092
372,2026-09-26T09:33:17.142074+00:00,18.65,1790415197.1368413,1790415197.1308622,1790415197.141272,TEACHING_MODE,NORMAL,START_RECORDING,REACH_TARGET_POS_SUCCESSFULLY,0.22865558530377714,0.33110641239584426,-0.02818706741970842,0.005480333851262195,1.6435416500180204,0.13142329267517303,0.5926789073922344,-0.164849,-0.037256,0.696603,-0.8231670884106056,-0.8459087285640917,-1.8993371051903092
373,2026-09-26T09:33:17.192064+00:00,18.7,1790415197.1903265,1790415197.1889153,1790415197.1891627,TEACHING_MODE,NORMAL,START_RECORDING,REACH_TARGET_POS_SUCCESSFULLY,0.22865558530377714,0.33110641239584426,-0.02818706741970842,0.005480333851262195,1.6435416500180204,0.13142329267517303,0.5926789073922344,-0.164849,-0.037256,0.696603,-0.8231670884106056,-0.8459087285640917,-1.8993371051903092
374,2026-09-26T09:33:17.242068+00:00,18.75,1790415197.2414503,1790415197.2280009,1790415197.2402942,TEACHING_MODE,NORMAL,START_RECORDING,REACH_TARGET_POS_SUCCESSFULLY,0.22865558530377714,0.33098423934820465,-0.02818706741970842,0.005480333851262195,1.6435416500180204,0.13142329267517303,0.5926789073922344,-0.164813,-0.037247999999999996,0.696614,-0.8232543548732054,-0.8459436351491316,-1.8992672920202296
375,2026-09-26T09:33:17.292083+00:00,18.8,1790415197.2901802,1790415197.28821,1790415197.2884328,TEACHING_MODE,NORMAL,START_RECORDING,REACH_TARGET_POS_SUCCESSFULLY,0.22865558530377714,0.3308446130080451,-0.02818706741970842,0.005480333851262195,1.6435416500180204,0.13142329267517303,0.5926789073922344,-0.16472399999999998,-0.037226999999999996,0.696642,-0.8234637943834447,-0.8460309016117313,-1.89911021238755
376,2026-09-26T09:33:17.342063+00:00,18.85,1790415197.3406184,1790415197.3286762,1790415197.339479,TEACHING_MODE,NORMAL,START_RECORDING,REACH_TARGET_POS_SUCCESSFULLY,0.22865558530377714,0.33070498666788556,-0.02818706741970842,0.005480333851262195,1.6435416500180204,0.13142329267517303,0.5926789073922344,-0.16467099999999998,-0.037215,0.6966589999999999,-0.8235859674310843,-0.8460832614892912,-1.8990229459249501
377,2026-09-26T09:33:17.392064+00:00,18.9,1790415197.3900383,1790415197.3880796,1790415197.3882763,TEACHING_MODE,NORMAL,START_RECORDING,REACH_TARGET_POS_SUCCESSFULLY,0.22865558530377714,0.33070498666788556,-0.02818706741970842,0.005480333851262195,1.6435416500180204,0.13142329267517303,0.5926789073922344,-0.16463799999999998,-0.037207,0.696669,-0.823655780601164,-0.8461007147818111,-1.8989705860473904
378,2026-09-26T09:33:17.442156+00:00,18.95,1790415197.4415114,1790415197.4282837,1790415197.4401774,TEACHING_MODE,NORMAL,START_RECORDING,REACH_TARGET_POS_SUCCESSFULLY,0.22865558530377714,0.33070498666788556,-0.02818706741970842,0.005480333851262195,1.6435416500180204,0.13142329267517303,0.5926789073922344,-0.16463799999999998,-0.037207,0.696669,-0.823655780601164,-0.8461007147818111,-1.8989705860473904
379,2026-09-26T09:33:17.492059+00:00,19.0,1790415197.490141,1790415197.4881227,1790415197.4884474,TEACHING_MODE,NORMAL,START_RECORDING,REACH_TARGET_POS_SUCCESSFULLY,0.22865558530377714,0.33058281362024594,-0.02818706741970842,0.005480333851262195,1.6435416500180204,0.13142329267517303,0.5926789073922344,-0.164568,-0.037190999999999995,0.6966899999999999,-0.8238303135263634,-0.8461705279518908,-1.898848412999751
380,2026-09-26T09:33:17.542057+00:00,19.05,1790415197.5404031,1790415197.5281777,1790415197.5375235,TEACHING_MODE,NORMAL,START_RECORDING,REACH_TARGET_POS_SUCCESSFULLY,0.22865558530377714,0.3292912699737702,-0.02818706741970842,0.005480333851262195,1.6435416500180204,0.13142329267517303,0.5926789073922344,-0.164103,-0.037082,0.696835,-0.8249298709551198,-0.8466243135574094,-1.8980281082513133
381,2026-09-26T09:33:17.592080+00:00,19.1,1790415197.5900965,1790415197.5882776,1790415197.5884798,TEACHING_MODE,NORMAL,START_RECORDING,REACH_TARGET_POS_SUCCESSFULLY,0.22865558530377714,0.3269699820686177,-0.02818706741970842,0.005358160803622592,1.6435416500180204,0.13142329267517303,0.5926789073922344,-0.162602,-0.036733999999999996,0.697294,-0.828560155799268,-0.8481078434216046,-1.8953053946182024
382,2026-09-26T09:33:17.642074+00:00,19.15,1790415197.6411235,1790415197.628453,1790415197.6375208,TEACHING_MODE,NORMAL,START_RECORDING,REACH_TARGET_POS_SUCCESSFULLY,0.22865558530377714,0.3248930402587445,-0.02818706741970842,0.0053058009260627615,1.6435416500180204,0.13142329267517303,0.5926789073922344,-0.161819,-0.036552,0.697533,-0.830445111391422,-0.8488757882924821,-1.8938916779240869
383,2026-09-26T09:33:17.692070+00:00,19.2,1790415197.690059,1790415197.6883345,1790415197.6885798,TEACHING_MODE,NORMAL,START_RECORDING,REACH_TARGET_POS_SUCCESSFULLY,0.22865558530377714,0.32382838941502795,-0.02818706741970842,0.0037175513067479217,1.6435416500180204,0.13133602621257331,0.5926789073922344,-0.16042599999999999,-0.036240999999999995,0.697932,-0.8349655141540873,-0.8506734774220363,-1.890470832590178
384,2026-09-26T09:33:17.742070+00:00,19.25,1790415197.741438,1790415197.7289145,1790415197.7376256,TEACHING_MODE,NORMAL,START_RECORDING,REACH_TARGET_POS_SUCCESSFULLY,0.22858577213369732,0.32265901881619174,-0.02818706741970842,-0.0002617993877991494,1.6435416500180204,0.13133602621257331,0.5926789073922344,-0.15923099999999998,-0.035988,0.6982499999999999,-0.8400269689848708,-0.85259333959923,-1.8866311082357905
385,2026-09-26T09:33:17.792067+00:00,19.3,1790415197.7900858,1790415197.7887912,1790415197.7890344,TEACHING_MODE,NORMAL,START_RECORDING,REACH_TARGET_POS_SUCCESSFULLY,0.22858577213369732,0.3191509070196831,-0.02818706741970842,-0.0002617993877991494,1.6435416500180204,0.13133602621257331,0.5926789073922344,-0.156825,-0.035424,0.6989529999999999,-0.8463450608770904,-0.855071707137062,-1.8819187192554059
386,2026-09-26T09:33:17.842114+00:00,19.35,1790415197.8403966,1790415197.8281326,1790415197.8394215,TEACHING_MODE,NORMAL,START_RECORDING,REACH_TARGET_POS_SUCCESSFULLY,0.2285683188411774,0.3159220479034936,-0.02818706741970842,-0.0002617993877991494,1.6435416500180204,0.13133602621257331,0.5926789073922344,-0.155294,-0.035067999999999995,0.6994009999999999,-0.8500102523062784,-0.8565028771236972,-1.879161099037255
387,2026-09-26T09:33:17.892137+00:00,19.4,1790415197.891103,1790415197.8897269,1790415197.8899648,TEACHING_MODE,NORMAL,START_RECORDING,REACH_TARGET_POS_SUCCESSFULLY,0.22851595896361757,0.31251865586210464,-0.02818706741970842,-0.0002617993877991494,1.6435416500180204,0.13133602621257331,0.5926789073922344,-0.153309,-0.034594,0.6999759999999999,-0.8547924544567428,-0.8583529261308113,-1.8756180806557063
388,2026-09-26T09:33:17.942246+00:00,19.45,1790415197.9408183,1790415197.9279284,1790415197.9376538,TEACHING_MODE,NORMAL,START_RECORDING,REACH_TARGET_POS_SUCCESSFULLY,0.22851595896361757,0.31155872477350777,-0.02818706741970842,-0.0002617993877991494,1.6435416500180204,0.13133602621257331,0.5926789073922344,-0.152808,-0.034478,0.70012,-0.855996731640619,-0.8588241650288497,-1.8747105094446692
389,2026-09-26T09:33:17.992099+00:00,19.5,1790415197.9901366,1790415197.9880946,1790415197.988331,TEACHING_MODE,NORMAL,START_RECORDING,REACH_TARGET_POS_SUCCESSFULLY,0.22851595896361757,0.31152381818846786,-0.02818706741970842,-0.0002617993877991494,1.6435416500180204,0.13133602621257331,0.5926789073922344,-0.152658,-0.034443,0.700163,-0.8563632507835378,-0.8589637913690094,-1.8744312567643502
390,2026-09-26T09:33:18.042100+00:00,19.55,1790415198.0400233,1790415198.0281327,1790415198.0375974,TEACHING_MODE,NORMAL,START_RECORDING,REACH_TARGET_POS_SUCCESSFULLY,0.22851595896361757,0.31152381818846786,-0.02818706741970842,-0.0002617993877991494,1.6435416500180204,0.13133602621257331,0.5926789073922344,-0.152658,-0.034443,0.700163,-0.8563632507835378,-0.8589637913690094,-1.8744312567643502
391,2026-09-26T09:33:18.092161+00:00,19.6,1790415198.0899878,1790415198.088442,1790415198.0886858,TEACHING_MODE,NORMAL,START_RECORDING,REACH_TARGET_POS_SUCCESSFULLY,0.22851595896361757,0.31152381818846786,-0.02818706741970842,-0.0002617993877991494,1.6435416500180204,0.13133602621257331,0.5926789073922344,-0.152658,-0.034443,0.700163,-0.8563632507835378,-0.8589637913690094,-1.8744312567643502
392,2026-09-26T09:33:18.142121+00:00,19.65,1790415198.140036,1790415198.1285346,1790415198.1382263,TEACHING_MODE,NORMAL,START_RECORDING,REACH_TARGET_POS_SUCCESSFULLY,0.22851595896361757,0.31152381818846786,-0.02818706741970842,-0.0002617993877991494,1.6435416500180204,0.13133602621257331,0.5926789073922344,-0.152658,-0.034443,0.700163,-0.8563632507835378,-0.8589637913690094,-1.8744312567643502
393,2026-09-26T09:33:18.192145+00:00,19.7,1790415198.1900678,1790415198.1880088,1790415198.1883788,TEACHING_MODE,NORMAL,START_RECORDING,REACH_TARGET_POS_SUCCESSFULLY,0.22851595896361757,0.31152381818846786,-0.02818706741970842,-0.0002617993877991494,1.6435416500180204,0.13133602621257331,0.5926789073922344,-0.152658,-0.034443,0.700163,-0.8563632507835378,-0.8589637913690094,-1.8744312567643502
394,2026-09-26T09:33:18.242167+00:00,19.75,1790415198.239992,1790415198.2296407,1790415198.237799,TEACHING_MODE,NORMAL,START_RECORDING,REACH_TARGET_POS_SUCCESSFULLY,0.22851595896361757,0.31152381818846786,-0.02818706741970842,-0.0002617993877991494,1.6435416500180204,0.13133602621257331,0.5926789073922344,-0.152658,-0.034443,0.700163,-0.8563632507835378,-0.8589637913690094,-1.8744312567643502
395,2026-09-26T09:33:18.292141+00:00,19.8,1790415198.2910175,1790415198.2894664,1790415198.2897282,TEACHING_MODE,NORMAL,START_RECORDING,REACH_TARGET_POS_SUCCESSFULLY,0.22849850567109764,0.31152381818846786,-0.02818706741970842,-0.0002617993877991494,1.6435416500180204,0.13133602621257331,0.5926789073922344,-0.152659,-0.03444,0.700163,-0.8563632507835378,-0.8589637913690094,-1.87444871005687
396,2026-09-26T09:33:18.342090+00:00,19.85,1790415198.3402243,1790415198.3278863,1790415198.338141,TEACHING_MODE,NORMAL,START_RECORDING,REACH_TARGET_POS_SUCCESSFULLY,0.2284461457935378,0.31152381818846786,-0.02818706741970842,-0.0002617993877991494,1.6435416500180204,0.13133602621257331,0.5926789073922344,-0.152661,-0.034430999999999996,0.700163,-0.8563632507835378,-0.8589637913690094,-1.87451852322695
397,2026-09-26T09:33:18.392063+00:00,19.9,1790415198.3903365,1790415198.3884282,1790415198.3887253,TEACHING_MODE,NORMAL,START_RECORDING,REACH_TARGET_POS_SUCCESSFULLY,0.2284461457935378,0.31152381818846786,-0.02818706741970842,-0.0002617993877991494,1.6435416500180204,0.13133602621257331,0.5926789073922344,-0.152661,-0.034430999999999996,0.700163,-0.8563632507835378,-0.8589637913690094,-1.87451852322695
398,2026-09-26T09:33:18.442164+00:00,19.95,1790415198.440048,1790415198.4284158,1790415198.4375832,TEACHING_MODE,NORMAL,START_RECORDING,REACH_TARGET_POS_SUCCESSFULLY,0.22837633262345802,0.31152381818846786,-0.02818706741970842,-0.0002617993877991494,1.6435416500180204,0.13133602621257331,0.5926789073922344,-0.152663,-0.034422999999999995,0.700163,-0.8563632507835378,-0.8589637913690094,-1.8745708831045096
399,2026-09-26T09:33:18.492078+00:00,20.0,1790415198.4900477,1790415198.4881415,1790415198.4883604,TEACHING_MODE,NORMAL,START_RECORDING,REACH_TARGET_POS_SUCCESSFULLY,0.22769565421518026,0.31152381818846786,-0.02818706741970842,-0.0002617993877991494,1.6435416500180204,0.13133602621257331,0.5926789073922344,-0.152687,-0.034317,0.700163,-0.8563632507835378,-0.8589637913690094,-1.8752515615127874
400,2026-09-26T09:33:18.542161+00:00,20.05,1790415198.5399969,1790415198.528485,1790415198.5375316,TEACHING_MODE,NORMAL,START_RECORDING,REACH_TARGET_POS_SUCCESSFULLY,0.22766074763014035,0.31152381818846786,-0.02818706741970842,-0.0002617993877991494,1.6435416500180204,0.13133602621257331,0.5926789073922344,-0.152688,-0.034311,0.700163,-0.8563632507835378,-0.8589637913690094,-1.8753039213903473
401,2026-09-26T09:33:18.592055+00:00,20.1,1790415198.59004,1790415198.5885427,1790415198.588751,TEACHING_MODE,NORMAL,START_RECORDING,REACH_TARGET_POS_SUCCESSFULLY,0.22766074763014035,0.31152381818846786,-0.02818706741970842,-0.0002617993877991494,1.6435416500180204,0.13133602621257331,0.5926789073922344,-0.152688,-0.034311,0.700163,-0.8563632507835378,-0.8589637913690094,-1.8753039213903473
402,2026-09-26T09:33:18.642078+00:00,20.15,1790415198.6399984,1790415198.6290905,1790415198.638075,TEACHING_MODE,NORMAL,START_RECORDING,REACH_TARGET_POS_SUCCESSFULLY,0.22766074763014035,0.31152381818846786,-0.02818706741970842,-0.0002617993877991494,1.6435416500180204,0.13133602621257331,0.5926789073922344,-0.152688,-0.034311,0.700163,-0.8563632507835378,-0.8589637913690094,-1.8753039213903473
403,2026-09-26T09:33:18.691997+00:00,20.2,1790415198.6913068,1790415198.6901026,1790415198.69034,TEACHING_MODE,NORMAL,START_RECORDING,REACH_TARGET_POS_SUCCESSFULLY,0.22766074763014035,0.31152381818846786,-0.02818706741970842,-0.0002617993877991494,1.6435416500180204,0.13133602621257331,0.5926789073922344,-0.152688,-0.034311,0.700163,-0.8563632507835378,-0.8589637913690094,-1.8753039213903473
404,2026-09-26T09:33:18.742091+00:00,20.25,1790415198.7405539,1790415198.7307298,1790415198.7375684,TEACHING_MODE,NORMAL,START_RECORDING,REACH_TARGET_POS_SUCCESSFULLY,0.22766074763014035,0.31152381818846786,-0.02818706741970842,-0.0002617993877991494,1.6435416500180204,0.13133602621257331,0.5926789073922344,-0.152688,-0.034311,0.700163,-0.8563632507835378,-0.8589637913690094,-1.8753039213903473
405,2026-09-26T09:33:18.792066+00:00,20.3,1790415198.7916102,1790415198.7904043,1790415198.7906587,TEACHING_MODE,NORMAL,START_RECORDING,REACH_TARGET_POS_SUCCESSFULLY,0.22766074763014035,0.31152381818846786,-0.02818706741970842,-0.0002617993877991494,1.6435416500180204,0.13133602621257331,0.5926789073922344,-0.152688,-0.034311,0.700163,-0.8563632507835378,-0.8589637913690094,-1.8753039213903473
406,2026-09-26T09:33:18.842061+00:00,20.35,1790415198.8402314,1790415198.8295374,1790415198.8377137,TEACHING_MODE,NORMAL,START_RECORDING,REACH_TARGET_POS_SUCCESSFULLY,0.22766074763014035,0.31152381818846786,-0.02818706741970842,-0.0002617993877991494,1.6435416500180204,0.13133602621257331,0.5925567343445949,-0.152688,-0.034311,0.700163,-0.8562585310284181,-0.859051057831609,-1.875408641145467
407,2026-09-26T09:33:18.892063+00:00,20.4,1790415198.885969,1790415198.8906503,1790415198.890887,TEACHING_MODE,NORMAL,START_RECORDING,REACH_TARGET_POS_SUCCESSFULLY,0.22766074763014035,0.31152381818846786,-0.02818706741970842,-0.0002617993877991494,1.6435416500180204,0.13133602621257331,0.5925567343445949,-0.152688,-0.034311,0.700163,-0.8562585310284181,-0.859051057831609,-1.875408641145467
408,2026-09-26T09:33:18.942049+00:00,20.45,1790415198.940345,1790415198.9297447,1790415198.9375904,TEACHING_MODE,NORMAL,START_RECORDING,REACH_TARGET_POS_SUCCESSFULLY,0.22766074763014035,0.31152381818846786,-0.02818706741970842,-0.0002617993877991494,1.6435416500180204,0.13133602621257331,0.5925567343445949,-0.152688,-0.034311,0.700163,-0.8562585310284181,-0.859051057831609,-1.875408641145467
409,2026-09-26T09:33:18.992094+00:00,20.5,1790415198.9909737,1790415198.9894059,1790415198.9896502,TEACHING_MODE,NORMAL,START_RECORDING,REACH_TARGET_POS_SUCCESSFULLY,0.22766074763014035,0.31152381818846786,-0.02818706741970842,-0.0002617993877991494,1.6435416500180204,0.13133602621257331,0.5925567343445949,-0.152688,-0.034311,0.700163,-0.8562585310284181,-0.859051057831609,-1.875408641145467
410,2026-09-26T09:33:19.042288+00:00,20.55,1790415199.040393,1790415199.0307136,1790415199.0387795,TEACHING_MODE,NORMAL,START_RECORDING,REACH_TARGET_POS_SUCCESSFULLY,0.22766074763014035,0.31152381818846786,-0.02818706741970842,-0.0002617993877991494,1.6435416500180204,0.13133602621257331,0.5925567343445949,-0.152688,-0.034311,0.700163,-0.8562585310284181,-0.859051057831609,-1.875408641145467
411,2026-09-26T09:33:19.092130+00:00,20.6,1790415199.0907378,1790415199.0895615,1790415199.0898044,TEACHING_MODE,NORMAL,START_RECORDING,REACH_TARGET_POS_SUCCESSFULLY,0.22766074763014035,0.31152381818846786,-0.02818706741970842,-0.0002617993877991494,1.6435416500180204,0.13133602621257331,0.5925567343445949,-0.152688,-0.034311,0.700163,-0.8562585310284181,-0.859051057831609,-1.875408641145467
412,2026-09-26T09:33:19.142089+00:00,20.65,1790415199.1400416,1790415199.1298563,1790415199.1379385,TEACHING_MODE,NORMAL,START_RECORDING,REACH_TARGET_POS_SUCCESSFULLY,0.22766074763014035,0.3115936313585477,-0.02818706741970842,-0.0002617993877991494,1.6435416500180204,0.13133602621257331,0.5925567343445949,-0.152724,-0.034318999999999995,0.700152,-0.8561712645658184,-0.8590161512465692,-1.875478454315547
413,2026-09-26T09:33:19.192066+00:00,20.7,1790415199.1912885,1790415199.190124,1790415199.1903138,TEACHING_MODE,NORMAL,START_RECORDING,REACH_TARGET_POS_SUCCESSFULLY,0.22760838775258052,0.31164599123610753,-0.02818706741970842,-0.0002617993877991494,1.6435416500180204,0.13133602621257331,0.5925567343445949,-0.152756,-0.034319999999999996,0.700143,-0.8561014513957386,-0.8589986979540492,-1.8755831740706665
414,2026-09-26T09:33:19.242203+00:00,20.75,1790415199.2407022,1790415199.2285454,1790415199.2383416,TEACHING_MODE,NORMAL,START_RECORDING,REACH_TARGET_POS_SUCCESSFULLY,0.22760838775258052,0.31164599123610753,-0.02818706741970842,-0.0002617993877991494,1.6435416500180204,0.13133602621257331,0.5925567343445949,-0.152756,-0.034319999999999996,0.700143,-0.8561014513957386,-0.8589986979540492,-1.8755831740706665
415,2026-09-26T09:33:19.292114+00:00,20.8,1790415199.2853882,1790415199.2894278,1790415199.2896676,TEACHING_MODE,NORMAL,START_RECORDING,REACH_TARGET_POS_SUCCESSFULLY,0.22760838775258052,0.31164599123610753,-0.02818706741970842,-0.0002617993877991494,1.6435416500180204,0.13133602621257331,0.5925567343445949,-0.152756,-0.034319999999999996,0.700143,-0.8561014513957386,-0.8589986979540492,-1.8755831740706665
416,2026-09-26T09:33:19.342204+00:00,20.85,1790415199.3401208,1790415199.3280902,1790415199.337893,TEACHING_MODE,NORMAL,START_RECORDING,REACH_TARGET_POS_SUCCESSFULLY,0.22760838775258052,0.31164599123610753,-0.02818706741970842,-0.0002617993877991494,1.6435416500180204,0.13133602621257331,0.5925567343445949,-0.152756,-0.034319999999999996,0.700143,-0.8561014513957386,-0.8589986979540492,-1.8755831740706665
417,2026-09-26T09:33:19.392123+00:00,20.9,1790415199.3913872,1790415199.388337,1790415199.3887005,TEACHING_MODE,NORMAL,START_RECORDING,REACH_TARGET_POS_SUCCESSFULLY,0.22760838775258052,0.31164599123610753,-0.02818706741970842,-0.0002617993877991494,1.6435416500180204,0.13133602621257331,0.5925567343445949,-0.152756,-0.034319999999999996,0.700143,-0.8561014513957386,-0.8589986979540492,-1.8755831740706665
418,2026-09-26T09:33:19.442113+00:00,20.95,1790415199.4400804,1790415199.4284577,1790415199.4375947,TEACHING_MODE,NORMAL,START_RECORDING,REACH_TARGET_POS_SUCCESSFULLY,0.22760838775258052,0.31164599123610753,-0.02818706741970842,-0.0002617993877991494,1.6435416500180204,0.13133602621257331,0.5925567343445949,-0.152756,-0.034319999999999996,0.700143,-0.8561014513957386,-0.8589986979540492,-1.8755831740706665
419,2026-09-26T09:33:19.492119+00:00,21.0,1790415199.4909606,1790415199.4879286,1790415199.48841,TEACHING_MODE,NORMAL,START_RECORDING,REACH_TARGET_POS_SUCCESSFULLY,0.22760838775258052,0.31164599123610753,-0.02818706741970842,-0.0002617993877991494,1.6435416500180204,0.13133602621257331,0.5925567343445949,-0.152756,-0.034319999999999996,0.700143,-0.8561014513957386,-0.8589986979540492,-1.8755831740706665
420,2026-09-26T09:33:19.542113+00:00,21.05,1790415199.540029,1790415199.5280473,1790415199.5374959,TEACHING_MODE,NORMAL,START_RECORDING,REACH_TARGET_POS_SUCCESSFULLY,0.22760838775258052,0.31164599123610753,-0.02818706741970842,-0.0002617993877991494,1.6435416500180204,0.13133602621257331,0.5925567343445949,-0.152756,-0.034319999999999996,0.700143,-0.8561014513957386,-0.8589986979540492,-1.8755831740706665
421,2026-09-26T09:33:19.592119+00:00,21.1,1790415199.5911422,1790415199.5880015,1790415199.5882921,TEACHING_MODE,NORMAL,START_RECORDING,REACH_TARGET_POS_SUCCESSFULLY,0.22760838775258052,0.31164599123610753,-0.02818706741970842,-0.0002617993877991494,1.6435416500180204,0.13133602621257331,0.5926265475146746,-0.152756,-0.034319999999999996,0.700143,-0.8561712645658184,-0.8589288847839694,-1.8754959076080666
422,2026-09-26T09:33:19.642098+00:00,21.15,1790415199.6400037,1790415199.6280007,1790415199.6376173,TEACHING_MODE,NORMAL,START_RECORDING,REACH_TARGET_POS_SUCCESSFULLY,0.22760838775258052,0.31164599123610753,-0.02818706741970842,-0.0002617993877991494,1.6435416500180204,0.13133602621257331,0.5926265475146746,-0.152756,-0.034319999999999996,0.700143,-0.8561712645658184,-0.8589288847839694,-1.8754959076080666
423,2026-09-26T09:33:19.692072+00:00,21.2,1790415199.6917105,1790415199.6884694,1790415199.6886904,TEACHING_MODE,NORMAL,START_RECORDING,REACH_TARGET_POS_SUCCESSFULLY,0.22760838775258052,0.31164599123610753,-0.02818706741970842,-0.0002617993877991494,1.6435416500180204,0.13133602621257331,0.5926265475146746,-0.152756,-0.034319999999999996,0.700143,-0.8561712645658184,-0.8589288847839694,-1.8754959076080666
424,2026-09-26T09:33:19.742059+00:00,21.25,1790415199.7400548,1790415199.7299814,1790415199.7380593,TEACHING_MODE,NORMAL,START_RECORDING,REACH_TARGET_POS_SUCCESSFULLY,0.22760838775258052,0.31164599123610753,-0.02818706741970842,-0.0002617993877991494,1.6435416500180204,0.13133602621257331,0.5926265475146746,-0.152756,-0.034319999999999996,0.700143,-0.8561712645658184,-0.8589288847839694,-1.8754959076080666
425,2026-09-26T09:33:19.792349+00:00,21.301,1790415199.7852075,1790415199.788159,1790415199.7883708,TEACHING_MODE,NORMAL,START_RECORDING,REACH_TARGET_POS_SUCCESSFULLY,0.22760838775258052,0.31164599123610753,-0.02818706741970842,-0.0002617993877991494,1.6435416500180204,0.13133602621257331,0.5926265475146746,-0.152756,-0.034319999999999996,0.700143,-0.8561712645658184,-0.8589288847839694,-1.8754959076080666
426,2026-09-26T09:33:19.842104+00:00,21.35,1790415199.8403037,1790415199.8285756,1790415199.8393946,TEACHING_MODE,NORMAL,START_RECORDING,REACH_TARGET_POS_SUCCESSFULLY,0.22760838775258052,0.31164599123610753,-0.02818706741970842,-0.0002617993877991494,1.6435416500180204,0.13133602621257331,0.5926265475146746,-0.152756,-0.034319999999999996,0.700143,-0.8561712645658184,-0.8589288847839694,-1.8754959076080666
427,2026-09-26T09:33:19.892096+00:00,21.4,1790415199.8908725,1790415199.8885198,1790415199.8887167,TEACHING_MODE,NORMAL,START_RECORDING,REACH_TARGET_POS_SUCCESSFULLY,0.22760838775258052,0.31164599123610753,-0.02818706741970842,-0.0002617993877991494,1.6435416500180204,0.13133602621257331,0.5926265475146746,-0.152756,-0.034319999999999996,0.700143,-0.8561712645658184,-0.8589288847839694,-1.8754959076080666
428,2026-09-26T09:33:19.942173+00:00,21.45,1790415199.939982,1790415199.928391,1790415199.93798,TEACHING_MODE,NORMAL,START_RECORDING,REACH_TARGET_POS_SUCCESSFULLY,0.22760838775258052,0.31164599123610753,-0.02818706741970842,-0.0002617993877991494,1.6435416500180204,0.13133602621257331,0.5926265475146746,-0.152756,-0.034319999999999996,0.700143,-0.8561712645658184,-0.8589288847839694,-1.8754959076080666
429,2026-09-26T09:33:19.992119+00:00,21.5,1790415199.9900289,1790415199.9879863,1790415199.9881892,TEACHING_MODE,NORMAL,START_RECORDING,REACH_TARGET_POS_SUCCESSFULLY,0.22760838775258052,0.31164599123610753,-0.02818706741970842,-0.0002617993877991494,1.6435416500180204,0.13133602621257331,0.5926265475146746,-0.152756,-0.034319999999999996,0.700143,-0.8561712645658184,-0.8589288847839694,-1.8754959076080666
430,2026-09-26T09:33:20.042091+00:00,21.55,1790415200.0399826,1790415200.028241,1790415200.0375662,TEACHING_MODE,NORMAL,START_RECORDING,REACH_TARGET_POS_SUCCESSFULLY,0.22760838775258052,0.31164599123610753,-0.028082347664588763,-0.0002617993877991494,1.6435416500180204,0.13133602621257331,0.5926265475146746,-0.152756,-0.034318,0.700143,-0.8561363579807786,-0.8589637913690094,-1.875426094437987
431,2026-09-26T09:33:20.092126+00:00,21.6,1790415200.0903728,1790415200.0880518,1790415200.0882354,TEACHING_MODE,NORMAL,START_RECORDING,REACH_TARGET_POS_SUCCESSFULLY,0.22760838775258052,0.31164599123610753,-0.028082347664588763,-0.0002617993877991494,1.6435416500180204,0.13133602621257331,0.5926265475146746,-0.152756,-0.034318,0.700143,-0.8561363579807786,-0.8589637913690094,-1.875426094437987
432,2026-09-26T09:33:20.142130+00:00,21.65,1790415200.1400836,1790415200.1279118,1790415200.1378994,TEACHING_MODE,NORMAL,START_RECORDING,REACH_TARGET_POS_SUCCESSFULLY,0.22760838775258052,0.31164599123610753,-0.028082347664588763,-0.0002617993877991494,1.6435416500180204,0.13133602621257331,0.5926265475146746,-0.152756,-0.034318,0.700143,-0.8561363579807786,-0.8589637913690094,-1.875426094437987
433,2026-09-26T09:33:20.192134+00:00,21.7,1790415200.189997,1790415200.1884694,1790415200.1887121,TEACHING_MODE,NORMAL,START_RECORDING,REACH_TARGET_POS_SUCCESSFULLY,0.22760838775258052,0.31164599123610753,-0.028082347664588763,-0.0002617993877991494,1.6435416500180204,0.13133602621257331,0.5926265475146746,-0.152756,-0.034318,0.700143,-0.8561363579807786,-0.8589637913690094,-1.875426094437987
434,2026-09-26T09:33:20.242111+00:00,21.75,1790415200.2399895,1790415200.2290146,1790415200.238787,TEACHING_MODE,NORMAL,START_RECORDING,REACH_TARGET_POS_SUCCESSFULLY,0.22760838775258052,0.31164599123610753,-0.028082347664588763,-0.0002617993877991494,1.6435416500180204,0.13133602621257331,0.5926265475146746,-0.152756,-0.034318,0.700143,-0.8561363579807786,-0.8589637913690094,-1.875426094437987
435,2026-09-26T09:33:20.292146+00:00,21.8,1790415200.2904935,1790415200.288528,1790415200.2887468,TEACHING_MODE,NORMAL,START_RECORDING,REACH_TARGET_POS_SUCCESSFULLY,0.22760838775258052,0.31164599123610753,-0.028082347664588763,-0.0002617993877991494,1.6435416500180204,0.13133602621257331,0.5926265475146746,-0.152756,-0.034318,0.700143,-0.8561363579807786,-0.8589637913690094,-1.875426094437987
436,2026-09-26T09:33:20.342086+00:00,21.85,1790415200.3400037,1790415200.328568,1790415200.3386712,TEACHING_MODE,NORMAL,START_RECORDING,REACH_TARGET_POS_SUCCESSFULLY,0.22760838775258052,0.31164599123610753,-0.028082347664588763,-0.0002617993877991494,1.6435416500180204,0.13133602621257331,0.5926265475146746,-0.152756,-0.034318,0.700143,-0.8561363579807786,-0.8589637913690094,-1.875426094437987
437,2026-09-26T09:33:20.392075+00:00,21.9,1790415200.3903651,1790415200.3886588,1790415200.3889015,TEACHING_MODE,NORMAL,START_RECORDING,REACH_TARGET_POS_SUCCESSFULLY,0.22760838775258052,0.31164599123610753,-0.028082347664588763,-0.0002617993877991494,1.6435416500180204,0.13133602621257331,0.5926265475146746,-0.152756,-0.034318,0.700143,-0.8561363579807786,-0.8589637913690094,-1.875426094437987
438,2026-09-26T09:33:20.442064+00:00,21.95,1790415200.4402075,1790415200.4278996,1790415200.4390388,TEACHING_MODE,NORMAL,START_RECORDING,REACH_TARGET_POS_SUCCESSFULLY,0.22760838775258052,0.31164599123610753,-0.028082347664588763,-0.0002617993877991494,1.6435416500180204,0.13133602621257331,0.5926265475146746,-0.152756,-0.034318,0.700143,-0.8561363579807786,-0.8589637913690094,-1.875426094437987
439,2026-09-26T09:33:20.492064+00:00,22.0,1790415200.4905057,1790415200.4893484,1790415200.4895954,TEACHING_MODE,NORMAL,START_RECORDING,REACH_TARGET_POS_SUCCESSFULLY,0.22760838775258052,0.31164599123610753,-0.028082347664588763,-0.0003316125578789226,1.6435416500180204,0.13133602621257331,0.5926265475146746,-0.152741,-0.034315,0.700147,-0.8562236244433782,-0.8589986979540492,-1.8753562812679072
440,2026-09-26T09:33:20.542172+00:00,22.05,1790415200.5403872,1790415200.5280077,1790415200.537907,TEACHING_MODE,NORMAL,START_RECORDING,REACH_TARGET_POS_SUCCESSFULLY,0.22760838775258052,0.31164599123610753,-0.028082347664588763,-0.0003316125578789226,1.6435416500180204,0.13133602621257331,0.5926265475146746,-0.152741,-0.034315,0.700147,-0.8562236244433782,-0.8589986979540492,-1.8753562812679072
441,2026-09-26T09:33:20.592070+00:00,22.1,1790415200.590248,1790415200.588152,1790415200.5883245,TEACHING_MODE,NORMAL,START_RECORDING,REACH_TARGET_POS_SUCCESSFULLY,0.22760838775258052,0.31164599123610753,-0.028082347664588763,-0.0003316125578789226,1.6435416500180204,0.13133602621257331,0.5926265475146746,-0.152741,-0.034315,0.700147,-0.8562236244433782,-0.8589986979540492,-1.8753562812679072
442,2026-09-26T09:33:20.642103+00:00,22.15,1790415200.6400578,1790415200.6279793,1790415200.6382396,TEACHING_MODE,NORMAL,START_RECORDING,REACH_TARGET_POS_SUCCESSFULLY,0.22760838775258052,0.31164599123610753,-0.028082347664588763,-0.0003316125578789226,1.6435416500180204,0.13133602621257331,0.5926265475146746,-0.152741,-0.034315,0.700147,-0.8562236244433782,-0.8589986979540492,-1.8753562812679072
443,2026-09-26T09:33:20.691985+00:00,22.2,1790415200.6899383,1790415200.6879916,1790415200.688192,TEACHING_MODE,NORMAL,START_RECORDING,REACH_TARGET_POS_SUCCESSFULLY,0.22760838775258052,0.31164599123610753,-0.028082347664588763,-0.0003316125578789226,1.6435416500180204,0.13133602621257331,0.5926265475146746,-0.152741,-0.034315,0.700147,-0.8562236244433782,-0.8589986979540492,-1.8753562812679072
444,2026-09-26T09:33:20.741992+00:00,22.25,1790415200.7399862,1790415200.728806,1790415200.7390616,TEACHING_MODE,NORMAL,START_RECORDING,REACH_TARGET_POS_SUCCESSFULLY,0.22760838775258052,0.31164599123610753,-0.028082347664588763,-0.0003316125578789226,1.6435416500180204,0.13133602621257331,0.5926265475146746,-0.152741,-0.034315,0.700147,-0.8562236244433782,-0.8589986979540492,-1.8753562812679072
445,2026-09-26T09:33:20.792075+00:00,22.3,1790415200.7904074,1790415200.7883039,1790415200.7885497,TEACHING_MODE,NORMAL,START_RECORDING,REACH_TARGET_POS_SUCCESSFULLY,0.22760838775258052,0.31164599123610753,-0.028082347664588763,-0.0003316125578789226,1.6435416500180204,0.13133602621257331,0.5926265475146746,-0.152741,-0.034315,0.700147,-0.8562236244433782,-0.8589986979540492,-1.8753562812679072
446,2026-09-26T09:33:20.842086+00:00,22.35,1790415200.840011,1790415200.828863,1790415200.8391066,TEACHING_MODE,NORMAL,START_RECORDING,REACH_TARGET_POS_SUCCESSFULLY,0.22760838775258052,0.31164599123610753,-0.028082347664588763,-0.0003316125578789226,1.6435416500180204,0.13133602621257331,0.5926265475146746,-0.152741,-0.034315,0.700147,-0.8562236244433782,-0.8589986979540492,-1.8753562812679072
447,2026-09-26T09:33:20.892072+00:00,22.4,1790415200.890156,1790415200.8888862,1790415200.8890853,TEACHING_MODE,NORMAL,START_RECORDING,REACH_TARGET_POS_SUCCESSFULLY,0.22760838775258052,0.31164599123610753,-0.028082347664588763,-0.0003316125578789226,1.6435416500180204,0.13133602621257331,0.5926265475146746,-0.152741,-0.034315,0.700147,-0.8562236244433782,-0.8589986979540492,-1.8753562812679072
448,2026-09-26T09:33:20.942058+00:00,22.45,1790415200.941917,1790415200.9281054,1790415200.9408443,TEACHING_MODE,NORMAL,START_RECORDING,REACH_TARGET_POS_SUCCESSFULLY,0.22760838775258052,0.31164599123610753,-0.028082347664588763,-0.0003316125578789226,1.6435416500180204,0.13133602621257331,0.5926265475146746,-0.152741,-0.034315,0.700147,-0.8562236244433782,-0.8589986979540492,-1.8753562812679072
449,2026-09-26T09:33:20.991972+00:00,22.5,1790415200.9900706,1790415200.9886768,1790415200.9889176,TEACHING_MODE,NORMAL,START_RECORDING,REACH_TARGET_POS_SUCCESSFULLY,0.22760838775258052,0.31164599123610753,-0.028082347664588763,-0.0003316125578789226,1.6435416500180204,0.13133602621257331,0.5926265475146746,-0.152741,-0.034315,0.700147,-0.8562236244433782,-0.8589986979540492,-1.8753562812679072
450,2026-09-26T09:33:21.042117+00:00,22.55,1790415201.0403707,1790415201.0281253,1790415201.0394917,TEACHING_MODE,NORMAL,START_RECORDING,REACH_TARGET_POS_SUCCESSFULLY,0.22760838775258052,0.31164599123610753,-0.028082347664588763,-0.0003316125578789226,1.6435416500180204,0.13133602621257331,0.5926265475146746,-0.152741,-0.034315,0.700147,-0.8562236244433782,-0.8589986979540492,-1.8753562812679072
451,2026-09-26T09:33:21.091990+00:00,22.6,1790415201.0902343,1790415201.0884273,1790415201.08867,TEACHING_MODE,NORMAL,START_RECORDING,REACH_TARGET_POS_SUCCESSFULLY,0.22760838775258052,0.31164599123610753,-0.028082347664588763,-0.0003316125578789226,1.6435416500180204,0.13133602621257331,0.5926265475146746,-0.152741,-0.034315,0.700147,-0.8562236244433782,-0.8589986979540492,-1.8753562812679072
452,2026-09-26T09:33:21.142123+00:00,22.65,1790415201.1374466,1790415201.13148,1790415201.1416256,TEACHING_MODE,NORMAL,START_RECORDING,REACH_TARGET_POS_SUCCESSFULLY,0.22760838775258052,0.31164599123610753,-0.028082347664588763,-0.0003316125578789226,1.6435416500180204,0.13133602621257331,0.5926265475146746,-0.152741,-0.034315,0.700147,-0.8562236244433782,-0.8589986979540492,-1.8753562812679072
453,2026-09-26T09:33:21.192125+00:00,22.7,1790415201.1900299,1790415201.1882236,1790415201.1884706,TEACHING_MODE,NORMAL,START_RECORDING,REACH_TARGET_POS_SUCCESSFULLY,0.22760838775258052,0.31164599123610753,-0.028082347664588763,-0.0003316125578789226,1.6435416500180204,0.13133602621257331,0.5926265475146746,-0.152741,-0.034315,0.700147,-0.8562236244433782,-0.8589986979540492,-1.8753562812679072
454,2026-09-26T09:33:21.242061+00:00,22.75,1790415201.2413716,1790415201.230673,1790415201.239075,TEACHING_MODE,NORMAL,START_RECORDING,REACH_TARGET_POS_SUCCESSFULLY,0.22760838775258052,0.31164599123610753,-0.028082347664588763,-0.0003316125578789226,1.6435416500180204,0.13133602621257331,0.5926265475146746,-0.152741,-0.034315,0.700147,-0.8562236244433782,-0.8589986979540492,-1.8753562812679072
455,2026-09-26T09:33:21.292056+00:00,22.8,1790415201.2906117,1790415201.2896192,1790415201.2888644,TEACHING_MODE,NORMAL,START_RECORDING,REACH_TARGET_POS_SUCCESSFULLY,0.22760838775258052,0.31164599123610753,-0.028082347664588763,-0.00045378560551852573,1.6435416500180204,0.13133602621257331,0.5926265475146746,-0.15270599999999998,-0.034308,0.700155,-0.8563981573685776,-0.859051057831609,-1.8752341082202675
456,2026-09-26T09:33:21.342292+00:00,22.85,1790415201.3413794,1790415201.3279142,1790415201.3381953,TEACHING_MODE,NORMAL,START_RECORDING,REACH_TARGET_POS_SUCCESSFULLY,0.22760838775258052,0.31161108465106757,-0.028082347664588763,-0.0014835298641951802,1.6435416500180204,0.13133602621257331,0.5926265475146746,-0.152581,-0.034282,0.700186,-0.8569741160217358,-0.8592604973418483,-1.874780322614749
457,2026-09-26T09:33:21.392248+00:00,22.9,1790415201.3908486,1790415201.3886778,1790415201.3889165,TEACHING_MODE,NORMAL,START_RECORDING,REACH_TARGET_POS_SUCCESSFULLY,0.22734658836478136,0.31161108465106757,-0.028082347664588763,-0.008761552845011534,1.6435416500180204,0.13133602621257331,0.5926265475146746,-0.150882,-0.033906,0.700579,-0.8657356688667474,-0.8624020899954381,-1.8682876977973302
458,2026-09-26T09:33:21.442075+00:00,22.95,1790415201.4406002,1790415201.427955,1790415201.4376047,TEACHING_MODE,NORMAL,START_RECORDING,REACH_TARGET_POS_SUCCESSFULLY,0.2259503249631859,0.31161108465106757,-0.028082347664588763,-0.02410299697004169,1.6435416500180204,0.13133602621257331,0.5926265475146746,-0.147927,-0.033072,0.701244,-0.8813040057945368,-0.8678126106766205,-1.857902988747964
459,2026-09-26T09:33:21.492055+00:00,23.0,1790415201.4900308,1790415201.4883168,1790415201.4885662,TEACHING_MODE,NORMAL,START_RECORDING,REACH_TARGET_POS_SUCCESSFULLY,0.22383847656827277,0.31161108465106757,-0.028082347664588763,-0.04794419455228423,1.6435416500180204,0.13133602621257331,0.5926265475146746,-0.141394,-0.031466,0.702575,-0.916001151324184,-0.8792096106921435,-1.8331018600771243
460,2026-09-26T09:33:21.542204+00:00,23.05,1790415201.5411797,1790415201.5279202,1790415201.537505,TEACHING_MODE,NORMAL,START_RECORDING,REACH_TARGET_POS_SUCCESSFULLY,0.21720622541069431,0.31134928526326844,-0.028082347664588763,-0.0846135621366851,1.6435416500180204,0.13133602621257331,0.5926265475146746,-0.133797,-0.029505999999999998,0.703909,-0.9573654545964496,-0.8916363549663432,-1.8040770346164587
461,2026-09-26T09:33:21.592335+00:00,23.1,1790415201.5900164,1790415201.5882022,1790415201.58843,TEACHING_MODE,NORMAL,START_RECORDING,REACH_TARGET_POS_SUCCESSFULLY,0.2016378884829049,0.30614820409232535,-0.028082347664588763,-0.12974777659325845,1.6468926821818493,0.1325403033964494,0.5925218277595549,-0.116612,-0.023739999999999997,0.7064119999999999,-1.0476687900946362,-0.9152855663308663,-1.7497623882943951
462,2026-09-26T09:33:21.642119+00:00,23.15,1790415201.641446,1790415201.627952,1790415201.6379602,TEACHING_MODE,NORMAL,START_RECORDING,REACH_TARGET_POS_SUCCESSFULLY,0.19875809521711424,0.3049613802009692,-0.028082347664588763,-0.17126915949820357,1.6572250313536558,0.13233086388621007,0.5925218277595549,-0.10693,-0.021681,0.707318,-1.0995050688788677,-0.9275552309723865,-1.7000728644901166
463,2026-09-26T09:33:21.692192+00:00,23.2,1790415201.6900494,1790415201.6881616,1790415201.688387,TEACHING_MODE,NORMAL,START_RECORDING,REACH_TARGET_POS_SUCCESSFULLY,0.19774580425095753,0.305031193371049,-0.028082347664588763,-0.1831024918267251,1.6702975474510935,0.13227850400865024,0.5925218277595549,-0.101315,-0.02004,0.7075899999999999,-1.133015390517159,-0.9353393994362812,-1.6617454341163211
464,2026-09-26T09:33:21.742101+00:00,23.25,1790415201.7400782,1790415201.728716,1790415201.7379553,TEACHING_MODE,NORMAL,START_RECORDING,REACH_TARGET_POS_SUCCESSFULLY,0.19888026826475386,0.30695105554824276,-0.028082347664588763,-0.18217746732316814,1.6752019226491974,0.13185962498817158,0.5925218277595549,-0.10226099999999999,-0.020242,0.707428,-1.1300657840812887,-0.9356535587016401,-1.656544352945378
465,2026-09-26T09:33:21.792083+00:00,23.3,1790415201.7899938,1790415201.7879124,1790415201.788158,TEACHING_MODE,NORMAL,START_RECORDING,REACH_TARGET_POS_SUCCESSFULLY,0.19888026826475386,0.3089581841880362,-0.028082347664588763,-0.1819331212278889,1.6752019226491974,0.13185962498817158,0.5925218277595549,-0.103819,-0.020517,0.7071569999999999,-1.1251090490056246,-0.9348158006606828,-1.6607855030277243
466,2026-09-26T09:33:21.842076+00:00,23.35,1790415201.8401256,1790415201.8299046,1790415201.8375416,TEACHING_MODE,NORMAL,START_RECORDING,REACH_TARGET_POS_SUCCESSFULLY,0.19888026826475386,0.30965631588883397,-0.028082347664588763,-0.18146188232985044,1.6752019226491974,0.13185962498817158,0.5925218277595549,-0.10427399999999999,-0.020607,0.707082,-1.1235731592638696,-0.9345540012728837,-1.6620246867966402
467,2026-09-26T09:33:21.892070+00:00,23.4,1790415201.8906705,1790415201.8893843,1790415201.8896346,TEACHING_MODE,NORMAL,START_RECORDING,REACH_TARGET_POS_SUCCESSFULLY,0.19915952094507294,0.30965631588883397,-0.028082347664588763,-0.1814095224522906,1.6752019226491974,0.13180726511061178,0.5925218277595549,-0.104351,-0.020652,0.707077,-1.123136826950871,-0.934484188102804,-1.6620944999667202
468,2026-09-26T09:33:21.942132+00:00,23.45,1790415201.9413707,1790415201.928014,1790415201.9380577,TEACHING_MODE,NORMAL,START_RECORDING,REACH_TARGET_POS_SUCCESSFULLY,0.19936896045531227,0.30949923625615444,-0.028082347664588763,-0.1814095224522906,1.6752019226491974,0.13180726511061178,0.5925218277595549,-0.104309,-0.020652999999999998,0.7070839999999999,-1.1232589999985108,-0.9345016413953239,-1.6619025137490007
469,2026-09-26T09:33:21.992092+00:00,23.5,1790415201.9904263,1790415201.9882035,1790415201.988476,TEACHING_MODE,NORMAL,START_RECORDING,REACH_TARGET_POS_SUCCESSFULLY,0.1993864137478322,0.30864402492267723,-0.028082347664588763,-0.1814095224522906,1.6752019226491974,0.13180726511061178,0.5925218277595549,-0.103783,-0.02056,0.7071839999999999,-1.1247774364477459,-0.934780894075643,-1.660558610224965
470,2026-09-26T09:33:22.042394+00:00,23.551,1790415202.0399716,1790415202.0283349,1790415202.03753,TEACHING_MODE,NORMAL,START_RECORDING,REACH_TARGET_POS_SUCCESSFULLY,0.1993864137478322,0.30864402492267723,-0.028082347664588763,-0.1814095224522906,1.6752019226491974,0.13180726511061178,0.5925218277595549,-0.103783,-0.02056,0.7071839999999999,-1.1247774364477459,-0.934780894075643,-1.660558610224965
471,2026-09-26T09:33:22.092134+00:00,23.6,1790415202.0899887,1790415202.0879269,1790415202.0881639,TEACHING_MODE,NORMAL,START_RECORDING,REACH_TARGET_POS_SUCCESSFULLY,0.19888026826475386,0.30864402492267723,-0.028082347664588763,-0.1814095224522906,1.6752019226491974,0.13180726511061178,0.5925218277595549,-0.10379,-0.020523,0.7071839999999999,-1.1247774364477459,-0.934780894075643,-1.6609251293678837
472,2026-09-26T09:33:22.142214+00:00,23.65,1790415202.1400506,1790415202.1288762,1790415202.1378312,TEACHING_MODE,NORMAL,START_RECORDING,REACH_TARGET_POS_SUCCESSFULLY,0.19882790838719402,0.30864402492267723,-0.028082347664588763,-0.1814095224522906,1.6752019226491974,0.13180726511061178,0.5925218277595549,-0.103794,-0.020503,0.7071839999999999,-1.1247774364477459,-0.934780894075643,-1.661117115585603
473,2026-09-26T09:33:22.192105+00:00,23.7,1790415202.189991,1790415202.188073,1790415202.188379,TEACHING_MODE,NORMAL,START_RECORDING,REACH_TARGET_POS_SUCCESSFULLY,0.19882790838719402,0.30864402492267723,-0.028082347664588763,-0.1814095224522906,1.6752019226491974,0.13180726511061178,0.5925218277595549,-0.103794,-0.020503,0.7071839999999999,-1.1247774364477459,-0.934780894075643,-1.661117115585603
474,2026-09-26T09:33:22.242092+00:00,23.75,1790415202.2399168,1790415202.2282174,1790415202.238074,TEACHING_MODE,NORMAL,START_RECORDING,REACH_TARGET_POS_SUCCESSFULLY,0.19882790838719402,0.308713838092757,-0.028082347664588763,-0.1814095224522906,1.6752019226491974,0.13180726511061178,0.5925218277595549,-0.10383099999999999,-0.02051,0.707177,-1.1246552634001061,-0.9347459874906031,-1.661204382048203
475,2026-09-26T09:33:22.292116+00:00,23.8,1790415202.2899535,1790415202.287832,1790415202.2884583,TEACHING_MODE,NORMAL,START_RECORDING,REACH_TARGET_POS_SUCCESSFULLY,0.19882790838719402,0.3088360111403966,-0.028082347664588763,-0.1814095224522906,1.6752019226491974,0.13180726511061178,0.5925218277595549,-0.103903,-0.020524999999999998,0.707163,-1.1244632771823868,-0.9347110809055632,-1.6613614616808825
476,2026-09-26T09:33:22.342088+00:00,23.85,1790415202.340463,1790415202.3300958,1790415202.337473,TEACHING_MODE,NORMAL,START_RECORDING,REACH_TARGET_POS_SUCCESSFULLY,0.19882790838719402,0.3088360111403966,-0.028082347664588763,-0.1814095224522906,1.6752019226491974,0.13180726511061178,0.5925218277595549,-0.103903,-0.020524999999999998,0.707163,-1.1244632771823868,-0.9347110809055632,-1.6613614616808825
477,2026-09-26T09:33:22.392127+00:00,23.9,1790415202.3899543,1790415202.388658,1790415202.3889308,TEACHING_MODE,NORMAL,START_RECORDING,REACH_TARGET_POS_SUCCESSFULLY,0.19882790838719402,0.3088360111403966,-0.028082347664588763,-0.1814095224522906,1.6752019226491974,0.13180726511061178,0.5925218277595549,-0.103903,-0.020524999999999998,0.707163,-1.1244632771823868,-0.9347110809055632,-1.6613614616808825
478,2026-09-26T09:33:22.442088+00:00,23.95,1790415202.4400938,1790415202.429532,1790415202.437776,TEACHING_MODE,NORMAL,START_RECORDING,REACH_TARGET_POS_SUCCESSFULLY,0.19882790838719402,0.3088360111403966,-0.028082347664588763,-0.1814095224522906,1.6752019226491974,0.13180726511061178,0.5925218277595549,-0.103903,-0.020524999999999998,0.707163,-1.1244632771823868,-0.9347110809055632,-1.6613614616808825
479,2026-09-26T09:33:22.492102+00:00,24.0,1790415202.4907732,1790415202.4894733,1790415202.4896595,TEACHING_MODE,NORMAL,START_RECORDING,REACH_TARGET_POS_SUCCESSFULLY,0.19882790838719402,0.3087487446777969,-0.028082347664588763,-0.1814095224522906,1.6752019226491974,0.13180726511061178,0.5925218277595549,-0.10385499999999999,-0.020515,0.707172,-1.1245854502300263,-0.9347459874906031,-1.661256741925763
480,2026-09-26T09:33:22.542099+00:00,24.05,1790415202.5400944,1790415202.5289676,1790415202.5380604,TEACHING_MODE,NORMAL,START_RECORDING,REACH_TARGET_POS_SUCCESSFULLY,0.19882790838719402,0.3087487446777969,-0.028082347664588763,-0.1814095224522906,1.6752019226491974,0.13180726511061178,0.5925218277595549,-0.10385499999999999,-0.020515,0.707172,-1.1245854502300263,-0.9347459874906031,-1.661256741925763
481,2026-09-26T09:33:22.591994+00:00,24.1,1790415202.59039,1790415202.5893366,1790415202.5895197,TEACHING_MODE,NORMAL,START_RECORDING,REACH_TARGET_POS_SUCCESSFULLY,0.19882790838719402,0.3086963848002371,-0.028082347664588763,-0.1814095224522906,1.6752019226491974,0.13180726511061178,0.5925218277595549,-0.10382799999999999,-0.02051,0.707178,-1.1246727166926263,-0.934763440783123,-1.661204382048203
482,2026-09-26T09:33:22.641984+00:00,24.15,1790415202.6399617,1790415202.6287463,1790415202.6375833,TEACHING_MODE,NORMAL,START_RECORDING,REACH_TARGET_POS_SUCCESSFULLY,0.19882790838719402,0.3086963848002371,-0.028082347664588763,-0.1814095224522906,1.6752019226491974,0.13180726511061178,0.5925218277595549,-0.10382799999999999,-0.02051,0.707178,-1.1246727166926263,-0.934763440783123,-1.6611869287556829
483,2026-09-26T09:33:22.692122+00:00,24.2,1790415202.6907783,1790415202.6895702,1790415202.689814,TEACHING_MODE,NORMAL,START_RECORDING,REACH_TARGET_POS_SUCCESSFULLY,0.19882790838719402,0.3086963848002371,-0.028082347664588763,-0.1814095224522906,1.6752019226491974,0.13180726511061178,0.5925218277595549,-0.10382799999999999,-0.02051,0.707178,-1.1246727166926263,-0.934763440783123,-1.6611869287556829
484,2026-09-26T09:33:22.741999+00:00,24.25,1790415202.739996,1790415202.7296948,1790415202.7380743,TEACHING_MODE,NORMAL,START_RECORDING,REACH_TARGET_POS_SUCCESSFULLY,0.19882790838719402,0.3086963848002371,-0.028082347664588763,-0.1814095224522906,1.6752019226491974,0.13180726511061178,0.5925218277595549,-0.10382799999999999,-0.02051,0.707178,-1.1246727166926263,-0.934763440783123,-1.6611869287556829
485,2026-09-26T09:33:22.792125+00:00,24.3,1790415202.7906394,1790415202.789641,1790415202.7898374,TEACHING_MODE,NORMAL,START_RECORDING,REACH_TARGET_POS_SUCCESSFULLY,0.19882790838719402,0.30867893150771714,-0.028082347664588763,-0.1814095224522906,1.6752019226491974,0.13180726511061178,0.5925218277595549,-0.10381499999999999,-0.020506999999999997,0.7071799999999999,-1.124707623277666,-0.934763440783123,-1.661169475463163
486,2026-09-26T09:33:22.842134+00:00,24.35,1790415202.840012,1790415202.8306823,1790415202.837541,TEACHING_MODE,NORMAL,START_RECORDING,REACH_TARGET_POS_SUCCESSFULLY,0.19882790838719402,0.3085916650451174,-0.028082347664588763,-0.1814095224522906,1.6752019226491974,0.13180726511061178,0.5925218277595549,-0.10377,-0.020498,0.7071879999999999,-1.1248472496178255,-0.934780894075643,-1.6610647557080434
487,2026-09-26T09:33:22.892129+00:00,24.4,1790415202.8913608,1790415202.8897543,1790415202.8900702,TEACHING_MODE,NORMAL,START_RECORDING,REACH_TARGET_POS_SUCCESSFULLY,0.19882790838719402,0.3085916650451174,-0.028082347664588763,-0.1814095224522906,1.6752019226491974,0.13180726511061178,0.5925218277595549,-0.10377,-0.020498,0.7071879999999999,-1.1248472496178255,-0.934780894075643,-1.6610647557080434
488,2026-09-26T09:33:22.942142+00:00,24.45,1790415202.9400046,1790415202.9302216,1790415202.9383929,TEACHING_MODE,NORMAL,START_RECORDING,REACH_TARGET_POS_SUCCESSFULLY,0.19882790838719402,0.3085916650451174,-0.028082347664588763,-0.1814095224522906,1.6752019226491974,0.13180726511061178,0.5925218277595549,-0.10377,-0.020498,0.7071879999999999,-1.1248472496178255,-0.934780894075643,-1.6610647557080434
489,2026-09-26T09:33:22.992121+00:00,24.5,1790415202.9855173,1790415202.988938,1790415202.991261,TEACHING_MODE,NORMAL,START_RECORDING,REACH_TARGET_POS_SUCCESSFULLY,0.19882790838719402,0.3085916650451174,-0.028082347664588763,-0.1814095224522906,1.6752019226491974,0.13180726511061178,0.5925218277595549,-0.10377,-0.020498,0.7071879999999999,-1.1248472496178255,-0.934780894075643,-1.6610647557080434
490,2026-09-26T09:33:23.042158+00:00,24.55,1790415203.0401738,1790415203.028032,1790415203.0378437,TEACHING_MODE,NORMAL,START_RECORDING,REACH_TARGET_POS_SUCCESSFULLY,0.19882790838719402,0.3085916650451174,-0.028082347664588763,-0.1814095224522906,1.6752019226491974,0.13180726511061178,0.5925218277595549,-0.10377,-0.020498,0.7071879999999999,-1.1248472496178255,-0.934780894075643,-1.6610647557080434
491,2026-09-26T09:33:23.092100+00:00,24.6,1790415203.0918326,1790415203.0888886,1790415203.090919,TEACHING_MODE,NORMAL,START_RECORDING,REACH_TARGET_POS_SUCCESSFULLY,0.19882790838719402,0.3085916650451174,-0.028082347664588763,-0.1814095224522906,1.6752019226491974,0.13180726511061178,0.5925218277595549,-0.10377,-0.020498,0.7071879999999999,-1.1248472496178255,-0.934780894075643,-1.6610647557080434
492,2026-09-26T09:33:23.142388+00:00,24.651,1790415203.1408372,1790415203.1307676,1790415203.1377409,TEACHING_MODE,NORMAL,START_RECORDING,REACH_TARGET_POS_SUCCESSFULLY,0.19882790838719402,0.3085218518750376,-0.028082347664588763,-0.1814095224522906,1.6752019226491974,0.13180726511061178,0.5925218277595549,-0.10374,-0.020492,0.707194,-1.1249345160804254,-0.9347983473681629,-1.6609949425379638
493,2026-09-26T09:33:23.192103+00:00,24.7,1790415203.1874814,1790415203.1904697,1790415203.1855886,TEACHING_MODE,NORMAL,START_RECORDING,REACH_TARGET_POS_SUCCESSFULLY,0.19882790838719402,0.3085218518750376,-0.028082347664588763,-0.1814095224522906,1.6752019226491974,0.13180726511061178,0.5925218277595549,-0.103726,-0.020489,0.707197,-1.1249694226654652,-0.9348158006606828,-1.6609600359529235
494,2026-09-26T09:33:23.242124+00:00,24.75,1790415203.23996,1790415203.2303426,1790415203.2383456,TEACHING_MODE,NORMAL,START_RECORDING,REACH_TARGET_POS_SUCCESSFULLY,0.19882790838719402,0.3085218518750376,-0.028082347664588763,-0.1814095224522906,1.6752019226491974,0.13180726511061178,0.5925218277595549,-0.103726,-0.020489,0.707197,-1.1249694226654652,-0.9348158006606828,-1.6609600359529235
495,2026-09-26T09:33:23.292223+00:00,24.8,1790415203.291323,1790415203.2885048,1790415203.2889473,TEACHING_MODE,NORMAL,START_RECORDING,REACH_TARGET_POS_SUCCESSFULLY,0.1988977215572738,0.3085218518750376,-0.028082347664588763,-0.1814095224522906,1.6752019226491974,0.13180726511061178,0.5925218277595549,-0.103725,-0.020496999999999998,0.707197,-1.1249694226654652,-0.9348158006606828,-1.660890222782844
496,2026-09-26T09:33:23.341997+00:00,24.85,1790415203.3400319,1790415203.329136,1790415203.337983,TEACHING_MODE,NORMAL,START_RECORDING,REACH_TARGET_POS_SUCCESSFULLY,0.19895008143483364,0.3085218518750376,-0.028082347664588763,-0.1814095224522906,1.6752019226491974,0.13180726511061178,0.5925218277595549,-0.103725,-0.020496,0.707197,-1.1249694226654652,-0.9348158006606828,-1.660890222782844
497,2026-09-26T09:33:23.392130+00:00,24.9,1790415203.3915925,1790415203.3883789,1790415203.3885345,TEACHING_MODE,NORMAL,START_RECORDING,REACH_TARGET_POS_SUCCESSFULLY,0.19896753472735357,0.3083298656573183,-0.028082347664588763,-0.1814095224522906,1.6752019226491974,0.13180726511061178,0.5925218277595549,-0.103617,-0.020488,0.707217,-1.125266128638304,-0.9348681605382427,-1.6605237036399252
498,2026-09-26T09:33:23.442018+00:00,24.95,1790415203.4401045,1790415203.4293766,1790415203.4387703,TEACHING_MODE,NORMAL,START_RECORDING,REACH_TARGET_POS_SUCCESSFULLY,0.19896753472735357,0.3083298656573183,-0.028082347664588763,-0.1814095224522906,1.6752019226491974,0.13180726511061178,0.5925218277595549,-0.103618,-0.020482,0.707217,-1.125266128638304,-0.9348681605382427,-1.660576063517485
499,2026-09-26T09:33:23.492195+00:00,25.0,1790415203.485554,1790415203.4898405,1790415203.4900854,TEACHING_MODE,NORMAL,START_RECORDING,REACH_TARGET_POS_SUCCESSFULLY,0.1991071610675131,0.3084520387049579,-0.028082347664588763,-0.1814095224522906,1.6752019226491974,0.13180726511061178,0.5925218277595549,-0.103686,-0.020512,0.7072029999999999,-1.1250566891280647,-0.9348332539532027,-1.6605935168100048
500,2026-09-26T09:33:23.542053+00:00,25.05,1790415203.5403824,1790415203.528105,1790415203.5380173,TEACHING_MODE,NORMAL,START_RECORDING,REACH_TARGET_POS_SUCCESSFULLY,0.1991071610675131,0.3085043985825177,-0.028082347664588763,-0.1814095224522906,1.6752019226491974,0.13175490523305194,0.5925218277595549,-0.10371599999999999,-0.020517999999999998,0.7071959999999999,-1.1250741424205848,-0.9348332539532027,-1.660576063517485
501,2026-09-26T09:33:23.592110+00:00,25.1,1790415203.590045,1790415203.5887606,1790415203.5889952,TEACHING_MODE,NORMAL,START_RECORDING,REACH_TARGET_POS_SUCCESSFULLY,0.19915952094507294,0.3085916650451174,-0.028082347664588763,-0.18085101709165244,1.6752019226491974,0.13175490523305194,0.5925218277595549,-0.10391199999999999,-0.020558999999999997,0.707181,-1.124026944869388,-0.9346587210280034,-1.6613789149734022
502,2026-09-26T09:33:23.642175+00:00,25.15,1790415203.6404252,1790415203.6279464,1790415203.637779,TEACHING_MODE,NORMAL,START_RECORDING,REACH_TARGET_POS_SUCCESSFULLY,0.19915952094507294,0.3085916650451174,-0.028082347664588763,-0.17573720238330906,1.6752019226491974,0.13175490523305194,0.5925218277595549,-0.104655,-0.020687999999999998,0.707147,-1.1195589019842827,-0.9339431360346857,-1.6649917465250306
503,2026-09-26T09:33:23.692120+00:00,25.2,1790415203.6901526,1790415203.6881402,1790415203.6883924,TEACHING_MODE,NORMAL,START_RECORDING,REACH_TARGET_POS_SUCCESSFULLY,0.1994213203328721,0.3085916650451174,-0.028082347664588763,-0.16530013345638295,1.6752019226491974,0.13175490523305194,0.5925218277595549,-0.10786699999999999,-0.021273999999999998,0.706978,-1.1002904670422653,-0.9307142769184962,-1.6803157373575408
504,2026-09-26T09:33:23.742175+00:00,25.25,1790415203.7399316,1790415203.7280884,1790415203.7378902,TEACHING_MODE,NORMAL,START_RECORDING,REACH_TARGET_POS_SUCCESSFULLY,0.19943877362539203,0.3085916650451174,-0.028082347664588763,-0.15789993742792702,1.6752019226491974,0.13175490523305194,0.5925218277595549,-0.109632,-0.021584,0.706869,-1.0897835849452595,-0.9288642279113821,-1.6887631309371933
505,2026-09-26T09:33:23.792181+00:00,25.3,1790415203.7899773,1790415203.7879422,1790415203.7881851,TEACHING_MODE,NORMAL,START_RECORDING,REACH_TARGET_POS_SUCCESSFULLY,0.19943877362539203,0.3085916650451174,-0.028082347664588763,-0.15404275978101953,1.6752019226491974,0.13175490523305194,0.5925218277595549,-0.11109999999999999,-0.021838,0.706773,-1.080987125515208,-0.9272585249995474,-1.6958491677002905
506,2026-09-26T09:33:23.842044+00:00,25.35,1790415203.8399718,1790415203.8280134,1790415203.83749,TEACHING_MODE,NORMAL,START_RECORDING,REACH_TARGET_POS_SUCCESSFULLY,0.19943877362539203,0.3085916650451174,-0.028082347664588763,-0.15404275978101953,1.675306642404317,0.13175490523305194,0.5925218277595549,-0.11112999999999999,-0.021844,0.7067669999999999,-1.0808998590526082,-0.9272410717070275,-1.69591898087037
507,2026-09-26T09:33:23.892093+00:00,25.4,1790415203.8903248,1790415203.8878,1790415203.8880365,TEACHING_MODE,NORMAL,START_RECORDING,REACH_TARGET_POS_SUCCESSFULLY,0.19943877362539203,0.3085916650451174,-0.028082347664588763,-0.15404275978101953,1.6755509884995963,0.13175490523305194,0.5925218277595549,-0.111132,-0.021837,0.7067669999999999,-1.0808649524675684,-0.9272934315845873,-1.695604821605011
508,2026-09-26T09:33:23.942093+00:00,25.45,1790415203.9400206,1790415203.9285338,1790415203.9377315,TEACHING_MODE,NORMAL,START_RECORDING,REACH_TARGET_POS_SUCCESSFULLY,0.19943877362539203,0.3085916650451174,-0.028082347664588763,-0.15404275978101953,1.6755509884995963,0.13175490523305194,0.5925218277595549,-0.111132,-0.021837,0.7067669999999999,-1.0808649524675684,-0.9272934315845873,-1.695604821605011
509,2026-09-26T09:33:23.992089+00:00,25.5,1790415203.9900177,1790415203.9880881,1790415203.9883776,TEACHING_MODE,NORMAL,START_RECORDING,REACH_TARGET_POS_SUCCESSFULLY,0.19943877362539203,0.3085916650451174,-0.028082347664588763,-0.15404275978101953,1.6755509884995963,0.13175490523305194,0.5925218277595549,-0.111132,-0.021837,0.7067669999999999,-1.0808649524675684,-0.9272934315845873,-1.695604821605011
510,2026-09-26T09:33:24.042111+00:00,25.55,1790415204.037881,1790415204.028895,1790415204.040805,TEACHING_MODE,NORMAL,START_RECORDING,REACH_TARGET_POS_SUCCESSFULLY,0.19943877362539203,0.3085916650451174,-0.028082347664588763,-0.15404275978101953,1.6755509884995963,0.13175490523305194,0.5925218277595549,-0.111132,-0.021837,0.7067669999999999,-1.0808649524675684,-0.9272934315845873,-1.695604821605011
511,2026-09-26T09:33:24.092208+00:00,25.6,1790415204.0903754,1790415204.0890784,1790415204.0894256,TEACHING_MODE,NORMAL,START_RECORDING,REACH_TARGET_POS_SUCCESSFULLY,0.19949113350295186,0.3085916650451174,-0.028082347664588763,-0.15404275978101953,1.675638254962196,0.13175490523305194,0.5925218277595549,-0.111132,-0.02184,0.7067669999999999,-1.0808649524675684,-0.9273108848771072,-1.6954826485573715
512,2026-09-26T09:33:24.142244+00:00,25.65,1790415204.14007,1790415204.1280406,1790415204.1375785,TEACHING_MODE,NORMAL,START_RECORDING,REACH_TARGET_POS_SUCCESSFULLY,0.19949113350295186,0.3085916650451174,-0.028082347664588763,-0.15404275978101953,1.6757778813023556,0.13184217169565166,0.5925218277595549,-0.111132,-0.021838999999999997,0.7067669999999999,-1.0808474991750485,-0.9273108848771072,-1.6954128353872917
513,2026-09-26T09:33:24.192096+00:00,25.7,1790415204.1900918,1790415204.188091,1790415204.188394,TEACHING_MODE,NORMAL,START_RECORDING,REACH_TARGET_POS_SUCCESSFULLY,0.19949113350295186,0.3085916650451174,-0.028082347664588763,-0.15404275978101953,1.6758476944724354,0.13184217169565166,0.5925218277595549,-0.111134,-0.021835999999999998,0.706769,-1.080707872834889,-0.9273108848771072,-1.6953953820947718
514,2026-09-26T09:33:24.242112+00:00,25.75,1790415204.2399795,1790415204.2280207,1790415204.237788,TEACHING_MODE,NORMAL,START_RECORDING,REACH_TARGET_POS_SUCCESSFULLY,0.19949113350295186,0.3085916650451174,-0.028082347664588763,-0.15404275978101953,1.675934960935035,0.13184217169565166,0.5925218277595549,-0.111134,-0.021834,0.706769,-1.080690419542369,-0.9273108848771072,-1.695308115632172
515,2026-09-26T09:33:24.292125+00:00,25.8,1790415204.290018,1790415204.288041,1790415204.2883341,TEACHING_MODE,NORMAL,START_RECORDING,REACH_TARGET_POS_SUCCESSFULLY,0.19949113350295186,0.3085916650451174,-0.028082347664588763,-0.15404275978101953,1.675934960935035,0.13184217169565166,0.5925218277595549,-0.111134,-0.021834,0.706769,-1.080690419542369,-0.9273108848771072,-1.695308115632172
516,2026-09-26T09:33:24.342226+00:00,25.85,1790415204.3399346,1790415204.329436,1790415204.338742,TEACHING_MODE,NORMAL,START_RECORDING,REACH_TARGET_POS_SUCCESSFULLY,0.19949113350295186,0.3085916650451174,-0.028082347664588763,-0.15404275978101953,1.6761444004452744,0.13184217169565166,0.5925218277595549,-0.111134,-0.021834,0.706769,-1.080690419542369,-0.9273108848771072,-1.695308115632172
517,2026-09-26T09:33:24.392062+00:00,25.9,1790415204.3903966,1790415204.389135,1790415204.3893762,TEACHING_MODE,NORMAL,START_RECORDING,REACH_TARGET_POS_SUCCESSFULLY,0.19949113350295186,0.3085916650451174,-0.028082347664588763,-0.15404275978101953,1.676231666907874,0.13184217169565166,0.5925218277595549,-0.111136,-0.021827,0.706769,-1.0806729662498489,-0.927363244754667,-1.695046316244373
518,2026-09-26T09:33:24.442129+00:00,25.95,1790415204.4411905,1790415204.4283855,1790415204.4394763,TEACHING_MODE,NORMAL,START_RECORDING,REACH_TARGET_POS_SUCCESSFULLY,0.19949113350295186,0.3085916650451174,-0.028082347664588763,-0.15404275978101953,1.676231666907874,0.13184217169565166,0.5925218277595549,-0.111136,-0.021827,0.706769,-1.0806729662498489,-0.927363244754667,-1.695046316244373
519,2026-09-26T09:33:24.492087+00:00,26.0,1790415204.4906776,1790415204.488383,1790415204.488628,TEACHING_MODE,NORMAL,START_RECORDING,REACH_TARGET_POS_SUCCESSFULLY,0.19949113350295186,0.3085916650451174,-0.028082347664588763,-0.15404275978101953,1.676231666907874,0.13184217169565166,0.5925218277595549,-0.111136,-0.021827,0.706769,-1.0806729662498489,-0.927363244754667,-1.695046316244373
520,2026-09-26T09:33:24.542244+00:00,26.05,1790415204.5402195,1790415204.5281904,1790415204.5391212,TEACHING_MODE,NORMAL,START_RECORDING,REACH_TARGET_POS_SUCCESSFULLY,0.19949113350295186,0.3085916650451174,-0.028082347664588763,-0.15404275978101953,1.6762840267854338,0.13184217169565166,0.5925218277595549,-0.111136,-0.021825999999999998,0.706769,-1.0806729662498489,-0.927363244754667,-1.694993956366813
521,2026-09-26T09:33:24.592141+00:00,26.1,1790415204.5899682,1790415204.5883305,1790415204.5884523,TEACHING_MODE,NORMAL,START_RECORDING,REACH_TARGET_POS_SUCCESSFULLY,0.19949113350295186,0.3085916650451174,-0.028082347664588763,-0.15404275978101953,1.6763712932480337,0.13184217169565166,0.5925218277595549,-0.111137,-0.021824,0.706769,-1.080655512957329,-0.9273806980471869,-1.6949066899042133
522,2026-09-26T09:33:24.642114+00:00,26.15,1790415204.640701,1790415204.628438,1790415204.6398082,TEACHING_MODE,NORMAL,START_RECORDING,REACH_TARGET_POS_SUCCESSFULLY,0.19952604008799177,0.3085916650451174,-0.028082347664588763,-0.15404275978101953,1.6763712932480337,0.13184217169565166,0.5925218277595549,-0.111136,-0.021827,0.706769,-1.080655512957329,-0.9273806980471869,-1.6948892366116934
523,2026-09-26T09:33:24.692090+00:00,26.2,1790415204.6900203,1790415204.6879716,1790415204.68818,TEACHING_MODE,NORMAL,START_RECORDING,REACH_TARGET_POS_SUCCESSFULLY,0.19952604008799177,0.3085916650451174,-0.028082347664588763,-0.15404275978101953,1.6763712932480337,0.13184217169565166,0.5925218277595549,-0.111136,-0.021827,0.706769,-1.080655512957329,-0.9273806980471869,-1.6948717833191735
524,2026-09-26T09:33:24.742065+00:00,26.25,1790415204.7399728,1790415204.728006,1790415204.7390437,TEACHING_MODE,NORMAL,START_RECORDING,REACH_TARGET_POS_SUCCESSFULLY,0.19952604008799177,0.3085916650451174,-0.028082347664588763,-0.15404275978101953,1.6763712932480337,0.13184217169565166,0.5925218277595549,-0.111136,-0.021827,0.706769,-1.080655512957329,-0.9273806980471869,-1.6948717833191735
525,2026-09-26T09:33:24.792054+00:00,26.3,1790415204.7899847,1790415204.7881937,1790415204.788413,TEACHING_MODE,NORMAL,START_RECORDING,REACH_TARGET_POS_SUCCESSFULLY,0.19952604008799177,0.3085916650451174,-0.028082347664588763,-0.15404275978101953,1.6763712932480337,0.13184217169565166,0.5925218277595549,-0.111136,-0.021827,0.706769,-1.080655512957329,-0.9273806980471869,-1.6948717833191735
526,2026-09-26T09:33:24.842142+00:00,26.35,1790415204.8404114,1790415204.8283353,1790415204.8394976,TEACHING_MODE,NORMAL,START_RECORDING,REACH_TARGET_POS_SUCCESSFULLY,0.19956094667303165,0.3085916650451174,-0.028082347664588763,-0.15404275978101953,1.6763712932480337,0.13184217169565166,0.5925218277595549,-0.111135,-0.021832,0.706769,-1.080655512957329,-0.9273806980471869,-1.6948368767341335
527,2026-09-26T09:33:24.892119+00:00,26.4,1790415204.8899703,1790415204.8887591,1790415204.888932,TEACHING_MODE,NORMAL,START_RECORDING,REACH_TARGET_POS_SUCCESSFULLY,0.20092230348958723,0.3085916650451174,-0.028082347664588763,-0.15404275978101953,1.6763712932480337,0.13184217169565166,0.5925218277595549,-0.111106,-0.021983,0.706769,-1.080655512957329,-0.9273806980471869,-1.693475519917578
528,2026-09-26T09:33:24.942185+00:00,26.45,1790415204.9354272,1790415204.9284663,1790415204.9411242,TEACHING_MODE,NORMAL,START_RECORDING,REACH_TARGET_POS_SUCCESSFULLY,0.2012364627549462,0.3085916650451174,-0.028082347664588763,-0.15404275978101953,1.6763712932480337,0.13184217169565166,0.5925218277595549,-0.11109899999999999,-0.022017,0.706769,-1.080655512957329,-0.9273806980471869,-1.693161360652219
529,2026-09-26T09:33:24.992116+00:00,26.5,1790415204.9903371,1790415204.9889743,1790415204.9892266,TEACHING_MODE,NORMAL,START_RECORDING,REACH_TARGET_POS_SUCCESSFULLY,0.2012364627549462,0.3085916650451174,-0.028082347664588763,-0.15404275978101953,1.6763712932480337,0.13184217169565166,0.5925218277595549,-0.11109899999999999,-0.022017,0.706769,-1.080655512957329,-0.9273806980471869,-1.693161360652219
530,2026-09-26T09:33:25.042114+00:00,26.55,1790415205.0404592,1790415205.0281286,1790415205.0379038,TEACHING_MODE,NORMAL,START_RECORDING,REACH_TARGET_POS_SUCCESSFULLY,0.2012364627549462,0.3085916650451174,-0.028082347664588763,-0.15404275978101953,1.6763712932480337,0.13184217169565166,0.5925218277595549,-0.11109899999999999,-0.022017,0.706769,-1.080655512957329,-0.9273806980471869,-1.693161360652219
531,2026-09-26T09:33:25.092088+00:00,26.6,1790415205.0901783,1790415205.0881946,1790415205.0883942,TEACHING_MODE,NORMAL,START_RECORDING,REACH_TARGET_POS_SUCCESSFULLY,0.20128882263250603,0.3087487446777969,-0.028082347664588763,-0.15404275978101953,1.6763712932480337,0.13184217169565166,0.5925218277595549,-0.111189,-0.022042,0.706751,-1.0803937135695298,-0.9273283381696271,-1.6933184402848984
532,2026-09-26T09:33:25.142121+00:00,26.65,1790415205.1404622,1790415205.1284847,1790415205.1380637,TEACHING_MODE,NORMAL,START_RECORDING,REACH_TARGET_POS_SUCCESSFULLY,0.20128882263250603,0.30958650271875415,-0.028082347664588763,-0.15404275978101953,1.6763712932480337,0.13184217169565166,0.5925218277595549,-0.11165499999999999,-0.022137,0.7066549999999999,-1.0790847166305342,-0.9270665387818281,-1.694383091128615
533,2026-09-26T09:33:25.192114+00:00,26.7,1790415205.1899915,1790415205.1880145,1790415205.1882322,TEACHING_MODE,NORMAL,START_RECORDING,REACH_TARGET_POS_SUCCESSFULLY,0.20134118251006586,0.3096214093037941,-0.028082347664588763,-0.15392058673337994,1.6763712932480337,0.13184217169565166,0.5925218277595549,-0.11170899999999999,-0.022154,0.706649,-1.078805463950215,-0.9270141789042683,-1.6945401707612946
534,2026-09-26T09:33:25.242250+00:00,26.75,1790415205.235361,1790415205.2285967,1790415205.2399068,TEACHING_MODE,NORMAL,START_RECORDING,REACH_TARGET_POS_SUCCESSFULLY,0.20134118251006586,0.3096214093037941,-0.028082347664588763,-0.15271630954950383,1.6763712932480337,0.13184217169565166,0.5925218277595549,-0.111957,-0.022198,0.706631,-1.07733938737854,-0.926734926223949,-1.6957095413601306
535,2026-09-26T09:33:25.292140+00:00,26.8,1790415205.2919009,1790415205.2907472,1790415205.2909784,TEACHING_MODE,NORMAL,START_RECORDING,REACH_TARGET_POS_SUCCESSFULLY,0.20141099568014564,0.3096214093037941,-0.028082347664588763,-0.1475850415486405,1.6763712932480337,0.13184217169565166,0.5925218277595549,-0.113413,-0.022461,0.7065199999999999,-1.0687523674587276,-0.9251292233121143,-1.7025686853204685
536,2026-09-26T09:33:25.342140+00:00,26.85,1790415205.3415027,1790415205.328942,1790415205.337633,TEACHING_MODE,NORMAL,START_RECORDING,REACH_TARGET_POS_SUCCESSFULLY,0.20144590226518552,0.3096214093037941,-0.028082347664588763,-0.13723523908431415,1.6763712932480337,0.13184217169565166,0.5925218277595549,-0.11544099999999999,-0.022822,0.706353,-1.0568317686676065,-0.9228079354069618,-1.7120981830363575
537,2026-09-26T09:33:25.392126+00:00,26.9,1790415205.3899434,1790415205.3881216,1790415205.3883405,TEACHING_MODE,NORMAL,START_RECORDING,REACH_TARGET_POS_SUCCESSFULLY,0.20144590226518552,0.3096214093037941,-0.028082347664588763,-0.12849113953182253,1.6763712932480337,0.13184217169565166,0.5925218277595549,-0.11813799999999999,-0.023295999999999997,0.706106,-1.0411063521071375,-0.9196314361683322,-1.7247169135282765
538,2026-09-26T09:33:25.442115+00:00,26.95,1790415205.4404254,1790415205.4288328,1790415205.437849,TEACHING_MODE,NORMAL,START_RECORDING,REACH_TARGET_POS_SUCCESSFULLY,0.20144590226518552,0.3095515961337143,-0.028082347664588763,-0.11931070766633237,1.6763712932480337,0.13184217169565166,0.5925218277595549,-0.120573,-0.023722,0.705865,-1.0268819187033837,-0.9166469231474219,-1.7360964602512796
539,2026-09-26T09:33:25.492082+00:00,27.0,1790415205.4900832,1790415205.4885461,1790415205.4887893,TEACHING_MODE,NORMAL,START_RECORDING,REACH_TARGET_POS_SUCCESSFULLY,0.20153316872778523,0.3095515961337143,-0.028082347664588763,-0.11578514257730382,1.6763712932480337,0.13184217169565166,0.5925218277595549,-0.12175599999999999,-0.023939,0.7057359999999999,-1.020057681328086,-0.9151633932832267,-1.741472074347422
540,2026-09-26T09:33:25.542114+00:00,27.05,1790415205.5400188,1790415205.5282474,1790415205.5375512,TEACHING_MODE,NORMAL,START_RECORDING,REACH_TARGET_POS_SUCCESSFULLY,0.20153316872778523,0.3095515961337143,-0.028082347664588763,-0.11515682404658587,1.6763712932480337,0.13184217169565166,0.5925218277595549,-0.122082,-0.023996999999999997,0.7057,-1.018190179028452,-0.914744514262748,-1.7429556042116174
541,2026-09-26T09:33:25.592113+00:00,27.1,1790415205.5899904,1790415205.5885415,1790415205.588751,TEACHING_MODE,NORMAL,START_RECORDING,REACH_TARGET_POS_SUCCESSFULLY,0.20153316872778523,0.3095515961337143,-0.028082347664588763,-0.11515682404658587,1.6763712932480337,0.13184217169565166,0.5925218277595549,-0.122082,-0.023996999999999997,0.7057,-1.018190179028452,-0.914744514262748,-1.7429556042116174
542,2026-09-26T09:33:25.642100+00:00,27.15,1790415205.6399868,1790415205.6283712,1790415205.6377802,TEACHING_MODE,NORMAL,START_RECORDING,REACH_TARGET_POS_SUCCESSFULLY,0.20153316872778523,0.3095515961337143,-0.028082347664588763,-0.11515682404658587,1.6763712932480337,0.13184217169565166,0.5925218277595549,-0.122082,-0.023996999999999997,0.7057,-1.018190179028452,-0.914744514262748,-1.7429556042116174
543,2026-09-26T09:33:25.692111+00:00,27.2,1790415205.6900191,1790415205.6879025,1790415205.688102,TEACHING_MODE,NORMAL,START_RECORDING,REACH_TARGET_POS_SUCCESSFULLY,0.20153316872778523,0.3095515961337143,-0.028082347664588763,-0.11515682404658587,1.6763712932480337,0.13184217169565166,0.5925218277595549,-0.122082,-0.023996999999999997,0.7057,-1.018190179028452,-0.914744514262748,-1.7429556042116174
544,2026-09-26T09:33:25.742205+00:00,27.25,1790415205.7399564,1790415205.7284162,1790415205.737528,TEACHING_MODE,NORMAL,START_RECORDING,REACH_TARGET_POS_SUCCESSFULLY,0.20153316872778523,0.3095515961337143,-0.028082347664588763,-0.11515682404658587,1.6763712932480337,0.13184217169565166,0.5925218277595549,-0.122082,-0.023996999999999997,0.7057,-1.018190179028452,-0.914744514262748,-1.7429556042116174
545,2026-09-26T09:33:25.792126+00:00,27.3,1790415205.7899876,1790415205.788391,1790415205.7886078,TEACHING_MODE,NORMAL,START_RECORDING,REACH_TARGET_POS_SUCCESSFULLY,0.20153316872778523,0.3095515961337143,-0.028082347664588763,-0.11515682404658587,1.6763712932480337,0.13184217169565166,0.5925218277595549,-0.122082,-0.023996999999999997,0.7057,-1.018190179028452,-0.914744514262748,-1.7429556042116174
546,2026-09-26T09:33:25.842223+00:00,27.35,1790415205.8400364,1790415205.8305192,1790415205.8381493,TEACHING_MODE,NORMAL,START_RECORDING,REACH_TARGET_POS_SUCCESSFULLY,0.20153316872778523,0.3095515961337143,-0.028082347664588763,-0.1150870108765061,1.6763712932480337,0.13184217169565166,0.5925218277595549,-0.122082,-0.023996999999999997,0.7057,-1.018190179028452,-0.914744514262748,-1.7429556042116174
547,2026-09-26T09:33:25.892064+00:00,27.4,1790415205.8918917,1790415205.8905072,1790415205.8908358,TEACHING_MODE,NORMAL,START_RECORDING,REACH_TARGET_POS_SUCCESSFULLY,0.20153316872778523,0.3095515961337143,-0.028082347664588763,-0.1150870108765061,1.6763712932480337,0.13184217169565166,0.5925218277595549,-0.12210199999999999,-0.024,0.7056979999999999,-1.0180680059808125,-0.9147096076777081,-1.743060323966737
548,2026-09-26T09:33:25.942075+00:00,27.45,1790415205.9404163,1790415205.929393,1790415205.9378374,TEACHING_MODE,NORMAL,START_RECORDING,REACH_TARGET_POS_SUCCESSFULLY,0.20153316872778523,0.3095515961337143,-0.028082347664588763,-0.11503465099894626,1.6763712932480337,0.13184217169565166,0.5925218277595549,-0.12210199999999999,-0.024,0.7056979999999999,-1.0180680059808125,-0.9147096076777081,-1.743060323966737
549,2026-09-26T09:33:25.992117+00:00,27.5,1790415205.9901705,1790415205.9881563,1790415205.9884021,TEACHING_MODE,NORMAL,START_RECORDING,REACH_TARGET_POS_SUCCESSFULLY,0.20153316872778523,0.3095515961337143,-0.028082347664588763,-0.11494738453634655,1.6763712932480337,0.13184217169565166,0.5925218277595549,-0.122138,-0.024007,0.7056939999999999,-1.017858566470573,-0.9146747010926684,-1.7432174035994166
550,2026-09-26T09:33:26.042121+00:00,27.55,1790415206.0400038,1790415206.0281508,1790415206.0375028,TEACHING_MODE,NORMAL,START_RECORDING,REACH_TARGET_POS_SUCCESSFULLY,0.20153316872778523,0.3095515961337143,-0.028082347664588763,-0.11494738453634655,1.6763712932480337,0.13184217169565166,0.5925218277595549,-0.122138,-0.024007,0.7056939999999999,-1.017858566470573,-0.9146747010926684,-1.7432174035994166
551,2026-09-26T09:33:26.092110+00:00,27.6,1790415206.0900333,1790415206.0883937,1790415206.0886376,TEACHING_MODE,NORMAL,START_RECORDING,REACH_TARGET_POS_SUCCESSFULLY,0.20153316872778523,0.3095515961337143,-0.028082347664588763,-0.11491247795130667,1.6763712932480337,0.13184217169565166,0.5925218277595549,-0.122151,-0.024009,0.705692,-1.0177887533004932,-0.9146572478001483,-1.7432872167694962
552,2026-09-26T09:33:26.142066+00:00,27.65,1790415206.1402361,1790415206.128616,1790415206.1379082,TEACHING_MODE,NORMAL,START_RECORDING,REACH_TARGET_POS_SUCCESSFULLY,0.20153316872778523,0.3095515961337143,-0.028082347664588763,-0.11491247795130667,1.6763712932480337,0.13184217169565166,0.5925218277595549,-0.122151,-0.024009,0.705692,-1.0177887533004932,-0.9146572478001483,-1.7432872167694962
553,2026-09-26T09:33:26.192056+00:00,27.7,1790415206.1900687,1790415206.1889975,1790415206.1891384,TEACHING_MODE,NORMAL,START_RECORDING,REACH_TARGET_POS_SUCCESSFULLY,0.20153316872778523,0.3095515961337143,-0.028082347664588763,-0.11491247795130667,1.6763712932480337,0.13184217169565166,0.5925218277595549,-0.122151,-0.024009,0.705692,-1.0177887533004932,-0.9146572478001483,-1.7432872167694962
554,2026-09-26T09:33:26.242068+00:00,27.75,1790415206.2399905,1790415206.2304573,1790415206.2376719,TEACHING_MODE,NORMAL,START_RECORDING,REACH_TARGET_POS_SUCCESSFULLY,0.20153316872778523,0.3095515961337143,-0.028082347664588763,-0.11482521148870693,1.6763712932480337,0.13184217169565166,0.5925218277595549,-0.12217199999999999,-0.024012,0.7056899999999999,-1.0176665802528537,-0.9146223412151085,-1.743374483232096
555,2026-09-26T09:33:26.292175+00:00,27.8,1790415206.290428,1790415206.2893941,1790415206.289464,TEACHING_MODE,NORMAL,START_RECORDING,REACH_TARGET_POS_SUCCESSFULLY,0.20153316872778523,0.3095515961337143,-0.028082347664588763,-0.11482521148870693,1.6763712932480337,0.13184217169565166,0.5925218277595549,-0.12217199999999999,-0.024012,0.7056899999999999,-1.0176665802528537,-0.9146223412151085,-1.743374483232096
556,2026-09-26T09:33:26.342121+00:00,27.85,1790415206.340048,1790415206.3299747,1790415206.337557,TEACHING_MODE,NORMAL,START_RECORDING,REACH_TARGET_POS_SUCCESSFULLY,0.20153316872778523,0.3095515961337143,-0.028082347664588763,-0.11482521148870693,1.6764411064181133,0.13184217169565166,0.5925218277595549,-0.12217199999999999,-0.024012,0.7056899999999999,-1.0176665802528537,-0.9146223412151085,-1.743374483232096
557,2026-09-26T09:33:26.392139+00:00,27.9,1790415206.3851767,1790415206.3910806,1790415206.3914714,TEACHING_MODE,NORMAL,START_RECORDING,REACH_TARGET_POS_SUCCESSFULLY,0.20153316872778523,0.3095515961337143,-0.028082347664588763,-0.11482521148870693,1.6764411064181133,0.13184217169565166,0.5925218277595549,-0.12217199999999999,-0.024010999999999998,0.7056899999999999,-1.0176665802528537,-0.9146397945076284,-1.7433221233545362
558,2026-09-26T09:33:26.442184+00:00,27.95,1790415206.440096,1790415206.4299738,1790415206.4385164,TEACHING_MODE,NORMAL,START_RECORDING,REACH_TARGET_POS_SUCCESSFULLY,0.20153316872778523,0.3095515961337143,-0.028082347664588763,-0.11482521148870693,1.6764411064181133,0.13184217169565166,0.5925218277595549,-0.12217199999999999,-0.024010999999999998,0.7056899999999999,-1.0176665802528537,-0.9146397945076284,-1.7433221233545362
559,2026-09-26T09:33:26.492117+00:00,28.0,1790415206.4915092,1790415206.4895544,1790415206.4904559,TEACHING_MODE,NORMAL,START_RECORDING,REACH_TARGET_POS_SUCCESSFULLY,0.20153316872778523,0.3095515961337143,-0.028082347664588763,-0.11482521148870693,1.6764411064181133,0.13184217169565166,0.5925218277595549,-0.12217199999999999,-0.024010999999999998,0.7056899999999999,-1.0176665802528537,-0.9146397945076284,-1.7433221233545362
560,2026-09-26T09:33:26.542125+00:00,28.05,1790415206.5399594,1790415206.5300038,1790415206.5377417,TEACHING_MODE,NORMAL,START_RECORDING,REACH_TARGET_POS_SUCCESSFULLY,0.20153316872778523,0.3095515961337143,-0.028082347664588763,-0.11482521148870693,1.6764411064181133,0.13184217169565166,0.5925218277595549,-0.12217199999999999,-0.024010999999999998,0.7056899999999999,-1.0176665802528537,-0.9146397945076284,-1.7433221233545362
561,2026-09-26T09:33:26.592140+00:00,28.1,1790415206.5904706,1790415206.5893466,1790415206.589589,TEACHING_MODE,NORMAL,START_RECORDING,REACH_TARGET_POS_SUCCESSFULLY,0.20153316872778523,0.3095515961337143,-0.028082347664588763,-0.11482521148870693,1.6764411064181133,0.13184217169565166,0.5925218277595549,-0.12217199999999999,-0.024010999999999998,0.7056899999999999,-1.0176665802528537,-0.9146397945076284,-1.7433221233545362
562,2026-09-26T09:33:26.642130+00:00,28.15,1790415206.6401508,1790415206.6296794,1790415206.637516,TEACHING_MODE,NORMAL,START_RECORDING,REACH_TARGET_POS_SUCCESSFULLY,0.20153316872778523,0.3095515961337143,-0.028082347664588763,-0.11482521148870693,1.6764411064181133,0.13184217169565166,0.5925218277595549,-0.12217199999999999,-0.024010999999999998,0.7056899999999999,-1.0176665802528537,-0.9146397945076284,-1.7433221233545362
563,2026-09-26T09:33:26.692141+00:00,28.2,1790415206.6908016,1790415206.6895783,1790415206.6898234,TEACHING_MODE,NORMAL,START_RECORDING,REACH_TARGET_POS_SUCCESSFULLY,0.20153316872778523,0.3095515961337143,-0.028082347664588763,-0.11482521148870693,1.6764411064181133,0.13184217169565166,0.5925218277595549,-0.12217199999999999,-0.024010999999999998,0.7056899999999999,-1.0176665802528537,-0.9146397945076284,-1.7433221233545362
564,2026-09-26T09:33:26.742074+00:00,28.25,1790415206.7402706,1790415206.7284796,1790415206.737522,TEACHING_MODE,NORMAL,START_RECORDING,REACH_TARGET_POS_SUCCESSFULLY,0.20153316872778523,0.3095515961337143,-0.028082347664588763,-0.11482521148870693,1.6764411064181133,0.13184217169565166,0.5925218277595549,-0.12217199999999999,-0.024010999999999998,0.7056899999999999,-1.0176665802528537,-0.9146397945076284,-1.7433221233545362
565,2026-09-26T09:33:26.792073+00:00,28.3,1790415206.7908618,1790415206.788151,1790415206.7899516,TEACHING_MODE,NORMAL,START_RECORDING,REACH_TARGET_POS_SUCCESSFULLY,0.20153316872778523,0.3095515961337143,-0.028082347664588763,-0.11482521148870693,1.6764411064181133,0.13184217169565166,0.5925218277595549,-0.12217199999999999,-0.024010999999999998,0.7056899999999999,-1.0176665802528537,-0.9146397945076284,-1.7433221233545362
566,2026-09-26T09:33:26.842071+00:00,28.35,1790415206.8400176,1790415206.8307111,1790415206.8384233,TEACHING_MODE,NORMAL,START_RECORDING,REACH_TARGET_POS_SUCCESSFULLY,0.20153316872778523,0.3095515961337143,-0.028082347664588763,-0.11482521148870693,1.6764411064181133,0.13184217169565166,0.5925218277595549,-0.12217199999999999,-0.024010999999999998,0.7056899999999999,-1.0176665802528537,-0.9146397945076284,-1.7433221233545362
567,2026-09-26T09:33:26.892125+00:00,28.4,1790415206.891548,1790415206.8882008,1790415206.890351,TEACHING_MODE,NORMAL,START_RECORDING,REACH_TARGET_POS_SUCCESSFULLY,0.20153316872778523,0.3095515961337143,-0.028082347664588763,-0.11482521148870693,1.6764411064181133,0.13184217169565166,0.5925218277595549,-0.12217199999999999,-0.024010999999999998,0.7056899999999999,-1.0176665802528537,-0.9146397945076284,-1.7433221233545362
568,2026-09-26T09:33:26.942199+00:00,28.45,1790415206.9404252,1790415206.928486,1790415206.9391217,TEACHING_MODE,NORMAL,START_RECORDING,REACH_TARGET_POS_SUCCESSFULLY,0.20153316872778523,0.3095515961337143,-0.028082347664588763,-0.11482521148870693,1.6764411064181133,0.13184217169565166,0.5925218277595549,-0.12217199999999999,-0.024010999999999998,0.7056899999999999,-1.0176665802528537,-0.9146397945076284,-1.7433221233545362
569,2026-09-26T09:33:26.992097+00:00,28.5,1790415206.9913778,1790415206.9879127,1790415206.9902449,TEACHING_MODE,NORMAL,START_RECORDING,REACH_TARGET_POS_SUCCESSFULLY,0.20153316872778523,0.3095515961337143,-0.028082347664588763,-0.11482521148870693,1.6764411064181133,0.13184217169565166,0.5925218277595549,-0.12217199999999999,-0.024010999999999998,0.7056899999999999,-1.0176665802528537,-0.9146397945076284,-1.7433221233545362
570,2026-09-26T09:33:27.042052+00:00,28.55,1790415207.0400062,1790415207.0282154,1790415207.0376089,TEACHING_MODE,NORMAL,START_RECORDING,REACH_TARGET_POS_SUCCESSFULLY,0.20153316872778523,0.3095515961337143,-0.028082347664588763,-0.11482521148870693,1.6764411064181133,0.13177235852557187,0.5925218277595549,-0.12217199999999999,-0.024010999999999998,0.705688,-1.0177538467154534,-0.9146747010926684,-1.7432523101844564
571,2026-09-26T09:33:27.092103+00:00,28.6,1790415207.0907605,1790415207.0879579,1790415207.0882022,TEACHING_MODE,NORMAL,START_RECORDING,REACH_TARGET_POS_SUCCESSFULLY,0.20153316872778523,0.3095515961337143,-0.028082347664588763,-0.11482521148870693,1.6764411064181133,0.13177235852557187,0.5925218277595549,-0.12217199999999999,-0.024010999999999998,0.705688,-1.0177538467154534,-0.9146747010926684,-1.7432523101844564
572,2026-09-26T09:33:27.142170+00:00,28.65,1790415207.1399643,1790415207.1282942,1790415207.1377015,TEACHING_MODE,NORMAL,START_RECORDING,REACH_TARGET_POS_SUCCESSFULLY,0.20153316872778523,0.3095515961337143,-0.028082347664588763,-0.11482521148870693,1.6764411064181133,0.13177235852557187,0.5925218277595549,-0.12217199999999999,-0.024010999999999998,0.705688,-1.0177538467154534,-0.9146747010926684,-1.7432523101844564
573,2026-09-26T09:33:27.192092+00:00,28.7,1790415207.1913562,1790415207.1886876,1790415207.18888,TEACHING_MODE,NORMAL,START_RECORDING,REACH_TARGET_POS_SUCCESSFULLY,0.20153316872778523,0.3095515961337143,-0.028082347664588763,-0.11482521148870693,1.6764411064181133,0.13177235852557187,0.5925218277595549,-0.12217199999999999,-0.024010999999999998,0.705688,-1.0177538467154534,-0.9146747010926684,-1.7432523101844564
574,2026-09-26T09:33:27.242081+00:00,28.75,1790415207.2401226,1790415207.228623,1790415207.2374895,TEACHING_MODE,NORMAL,START_RECORDING,REACH_TARGET_POS_SUCCESSFULLY,0.20153316872778523,0.3095515961337143,-0.028082347664588763,-0.11482521148870693,1.6764411064181133,0.13177235852557187,0.5925218277595549,-0.12217199999999999,-0.024010999999999998,0.705688,-1.0177538467154534,-0.9146747010926684,-1.7432523101844564
575,2026-09-26T09:33:27.292108+00:00,28.8,1790415207.2848735,1790415207.2887597,1790415207.2890956,TEACHING_MODE,NORMAL,START_RECORDING,REACH_TARGET_POS_SUCCESSFULLY,0.20153316872778523,0.3095515961337143,-0.028082347664588763,-0.11482521148870693,1.6764411064181133,0.13177235852557187,0.5925218277595549,-0.12217199999999999,-0.024010999999999998,0.705688,-1.0177538467154534,-0.9146747010926684,-1.7432523101844564
576,2026-09-26T09:33:27.341987+00:00,28.85,1790415207.3405304,1790415207.3296595,1790415207.339357,TEACHING_MODE,NORMAL,START_RECORDING,REACH_TARGET_POS_SUCCESSFULLY,0.20153316872778523,0.3095515961337143,-0.028082347664588763,-0.11482521148870693,1.6764411064181133,0.13177235852557187,0.5925218277595549,-0.12217199999999999,-0.024010999999999998,0.705688,-1.0177538467154534,-0.9146747010926684,-1.7432523101844564
577,2026-09-26T09:33:27.392088+00:00,28.9,1790415207.3900366,1790415207.3882427,1790415207.3884852,TEACHING_MODE,NORMAL,START_RECORDING,REACH_TARGET_POS_SUCCESSFULLY,0.20153316872778523,0.3095515961337143,-0.028082347664588763,-0.11482521148870693,1.6764411064181133,0.13177235852557187,0.5925218277595549,-0.12217199999999999,-0.024010999999999998,0.705688,-1.0177538467154534,-0.9146747010926684,-1.7432523101844564
578,2026-09-26T09:33:27.442087+00:00,28.95,1790415207.4406161,1790415207.4287333,1790415207.4395792,TEACHING_MODE,NORMAL,START_RECORDING,REACH_TARGET_POS_SUCCESSFULLY,0.20153316872778523,0.3095515961337143,-0.028082347664588763,-0.11482521148870693,1.6764411064181133,0.13177235852557187,0.5925218277595549,-0.12217199999999999,-0.024010999999999998,0.705688,-1.0177538467154534,-0.9146747010926684,-1.7432523101844564
579,2026-09-26T09:33:27.492093+00:00,29.0,1790415207.4902318,1790415207.4882956,1790415207.4885712,TEACHING_MODE,NORMAL,START_RECORDING,REACH_TARGET_POS_SUCCESSFULLY,0.20153316872778523,0.3095515961337143,-0.028082347664588763,-0.11482521148870693,1.6764411064181133,0.13177235852557187,0.5925218277595549,-0.12217199999999999,-0.024010999999999998,0.705688,-1.0177538467154534,-0.9146747010926684,-1.7432523101844564
580,2026-09-26T09:33:27.542312+00:00,29.05,1790415207.5404968,1790415207.5280066,1790415207.5379932,TEACHING_MODE,NORMAL,START_RECORDING,REACH_TARGET_POS_SUCCESSFULLY,0.20153316872778523,0.3095515961337143,-0.028082347664588763,-0.11482521148870693,1.6764411064181133,0.13177235852557187,0.5925218277595549,-0.12217199999999999,-0.024010999999999998,0.705688,-1.0177538467154534,-0.9146747010926684,-1.7432523101844564
581,2026-09-26T09:33:27.592144+00:00,29.1,1790415207.5899353,1790415207.5882504,1790415207.5884793,TEACHING_MODE,NORMAL,START_RECORDING,REACH_TARGET_POS_SUCCESSFULLY,0.20153316872778523,0.3095515961337143,-0.028082347664588763,-0.11482521148870693,1.6764411064181133,0.13177235852557187,0.5925218277595549,-0.12217199999999999,-0.024010999999999998,0.705688,-1.0177538467154534,-0.9146747010926684,-1.7432523101844564
582,2026-09-26T09:33:27.642136+00:00,29.15,1790415207.6399186,1790415207.6284122,1790415207.6376805,TEACHING_MODE,NORMAL,START_RECORDING,REACH_TARGET_POS_SUCCESSFULLY,0.20153316872778523,0.3095515961337143,-0.028082347664588763,-0.11482521148870693,1.6764411064181133,0.13177235852557187,0.5925218277595549,-0.12217199999999999,-0.024010999999999998,0.705688,-1.0177538467154534,-0.9146747010926684,-1.7432523101844564
583,2026-09-26T09:33:27.692081+00:00,29.2,1790415207.6900032,1790415207.6883903,1790415207.688587,TEACHING_MODE,NORMAL,START_RECORDING,REACH_TARGET_POS_SUCCESSFULLY,0.20153316872778523,0.3095515961337143,-0.028082347664588763,-0.11482521148870693,1.6764411064181133,0.13177235852557187,0.5925218277595549,-0.12217199999999999,-0.024010999999999998,0.705688,-1.0177538467154534,-0.9146747010926684,-1.7432523101844564
584,2026-09-26T09:33:27.742098+00:00,29.25,1790415207.740121,1790415207.727975,1790415207.7380195,TEACHING_MODE,NORMAL,START_RECORDING,REACH_TARGET_POS_SUCCESSFULLY,0.20153316872778523,0.3095515961337143,-0.028082347664588763,-0.11482521148870693,1.6764411064181133,0.13177235852557187,0.5925218277595549,-0.12217199999999999,-0.024010999999999998,0.705688,-1.0177538467154534,-0.9146747010926684,-1.7432523101844564
585,2026-09-26T09:33:27.792265+00:00,29.3,1790415207.7899222,1790415207.7879903,1790415207.7881758,TEACHING_MODE,NORMAL,START_RECORDING,REACH_TARGET_POS_SUCCESSFULLY,0.20153316872778523,0.3095515961337143,-0.028082347664588763,-0.11482521148870693,1.6764411064181133,0.13177235852557187,0.5925218277595549,-0.12217199999999999,-0.024010999999999998,0.705688,-1.0177538467154534,-0.9146747010926684,-1.7432523101844564
586,2026-09-26T09:33:27.842130+00:00,29.35,1790415207.8399205,1790415207.8285632,1790415207.8381314,TEACHING_MODE,NORMAL,START_RECORDING,REACH_TARGET_POS_SUCCESSFULLY,0.20153316872778523,0.3095515961337143,-0.028082347664588763,-0.11482521148870693,1.6764411064181133,0.13177235852557187,0.5925218277595549,-0.12217199999999999,-0.024010999999999998,0.705688,-1.0177538467154534,-0.9146747010926684,-1.7432523101844564
587,2026-09-26T09:33:27.892151+00:00,29.4,1790415207.8899188,1790415207.888178,1790415207.8884163,TEACHING_MODE,NORMAL,START_RECORDING,REACH_TARGET_POS_SUCCESSFULLY,0.20153316872778523,0.3095515961337143,-0.028082347664588763,-0.11482521148870693,1.6764411064181133,0.13177235852557187,0.5925218277595549,-0.12217199999999999,-0.024010999999999998,0.705688,-1.0177538467154534,-0.9146747010926684,-1.7432523101844564
588,2026-09-26T09:33:27.942146+00:00,29.45,1790415207.9405234,1790415207.928361,1790415207.9391,TEACHING_MODE,NORMAL,START_RECORDING,REACH_TARGET_POS_SUCCESSFULLY,0.20153316872778523,0.3095515961337143,-0.028082347664588763,-0.11482521148870693,1.6764411064181133,0.13177235852557187,0.5925218277595549,-0.12217199999999999,-0.024010999999999998,0.705688,-1.0177538467154534,-0.9146747010926684,-1.7432523101844564
589,2026-09-26T09:33:27.992216+00:00,29.5,1790415207.989979,1790415207.989087,1790415207.9891124,TEACHING_MODE,NORMAL,START_RECORDING,REACH_TARGET_POS_SUCCESSFULLY,0.20153316872778523,0.3095515961337143,-0.028082347664588763,-0.11482521148870693,1.6764411064181133,0.13177235852557187,0.5925218277595549,-0.12217199999999999,-0.024010999999999998,0.705688,-1.0177538467154534,-0.9146747010926684,-1.7432523101844564
590,2026-09-26T09:33:28.042165+00:00,29.55,1790415208.040467,1790415208.0280128,1790415208.037821,TEACHING_MODE,NORMAL,START_RECORDING,REACH_TARGET_POS_SUCCESSFULLY,0.20153316872778523,0.3095515961337143,-0.028082347664588763,-0.11482521148870693,1.6764411064181133,0.13177235852557187,0.5925218277595549,-0.12217199999999999,-0.024010999999999998,0.705688,-1.0177538467154534,-0.9146747010926684,-1.7432523101844564
591,2026-09-26T09:33:28.092143+00:00,29.6,1790415208.0899324,1790415208.0879903,1790415208.0881824,TEACHING_MODE,NORMAL,START_RECORDING,REACH_TARGET_POS_SUCCESSFULLY,0.20153316872778523,0.3095515961337143,-0.028082347664588763,-0.11482521148870693,1.6764411064181133,0.13177235852557187,0.5925218277595549,-0.12217199999999999,-0.024010999999999998,0.705688,-1.0177538467154534,-0.9146747010926684,-1.7432523101844564
592,2026-09-26T09:33:28.142145+00:00,29.65,1790415208.1398795,1790415208.1277695,1790415208.1381729,TEACHING_MODE,NORMAL,START_RECORDING,REACH_TARGET_POS_SUCCESSFULLY,0.20153316872778523,0.3095515961337143,-0.028082347664588763,-0.11482521148870693,1.6764411064181133,0.13177235852557187,0.5925218277595549,-0.12217199999999999,-0.024010999999999998,0.705688,-1.0177538467154534,-0.9146747010926684,-1.7432523101844564
593,2026-09-26T09:33:28.192234+00:00,29.7,1790415208.1898804,1790415208.18802,1790415208.1882627,TEACHING_MODE,NORMAL,START_RECORDING,REACH_TARGET_POS_SUCCESSFULLY,0.20153316872778523,0.3095515961337143,-0.028082347664588763,-0.11482521148870693,1.6764411064181133,0.13177235852557187,0.5925218277595549,-0.12217199999999999,-0.024010999999999998,0.705688,-1.0177538467154534,-0.9146747010926684,-1.7432523101844564
594,2026-09-26T09:33:28.242091+00:00,29.75,1790415208.2399342,1790415208.2286077,1790415208.2387347,TEACHING_MODE,NORMAL,START_RECORDING,REACH_TARGET_POS_SUCCESSFULLY,0.20153316872778523,0.3095515961337143,-0.028082347664588763,-0.11482521148870693,1.6764411064181133,0.131737451940532,0.5925218277595549,-0.12217199999999999,-0.024010999999999998,0.705687,-1.0178236598855332,-0.9146921543851882,-1.7431999503068965
595,2026-09-26T09:33:28.292037+00:00,29.8,1790415208.290232,1790415208.2879868,1790415208.2881894,TEACHING_MODE,NORMAL,START_RECORDING,REACH_TARGET_POS_SUCCESSFULLY,0.20153316872778523,0.3095515961337143,-0.028082347664588763,-0.11482521148870693,1.6764411064181133,0.131737451940532,0.5925218277595549,-0.12217199999999999,-0.024010999999999998,0.705687,-1.0178236598855332,-0.9146921543851882,-1.7431999503068965
596,2026-09-26T09:33:28.342363+00:00,29.851,1790415208.340569,1790415208.3285284,1790415208.3395283,TEACHING_MODE,NORMAL,START_RECORDING,REACH_TARGET_POS_SUCCESSFULLY,0.20153316872778523,0.3095515961337143,-0.028082347664588763,-0.11482521148870693,1.6764411064181133,0.131737451940532,0.5925218277595549,-0.12217199999999999,-0.024010999999999998,0.705687,-1.0178236598855332,-0.9146921543851882,-1.7431999503068965
597,2026-09-26T09:33:28.392379+00:00,29.901,1790415208.3900104,1790415208.3879914,1790415208.3882344,TEACHING_MODE,NORMAL,START_RECORDING,REACH_TARGET_POS_SUCCESSFULLY,0.20153316872778523,0.3095515961337143,-0.028082347664588763,-0.11482521148870693,1.6764411064181133,0.131737451940532,0.5925218277595549,-0.12217199999999999,-0.024010999999999998,0.705687,-1.0178236598855332,-0.9146921543851882,-1.7431999503068965
598,2026-09-26T09:33:28.442122+00:00,29.95,1790415208.4405704,1790415208.4282546,1790415208.4396858,TEACHING_MODE,NORMAL,START_RECORDING,REACH_TARGET_POS_SUCCESSFULLY,0.20153316872778523,0.3095515961337143,-0.028082347664588763,-0.11482521148870693,1.6764411064181133,0.131737451940532,0.5925218277595549,-0.12217199999999999,-0.024010999999999998,0.705687,-1.0178236598855332,-0.9146921543851882,-1.7431999503068965
