sample_index,captured_at_utc,elapsed_s,joint_feedback_unix_s,pose_feedback_unix_s,status_feedback_unix_s,control_mode,arm_status,teach_status,motion_status,joint_1_rad,joint_2_rad,joint_3_rad,joint_4_rad,joint_5_rad,joint_6_rad,joint_7_rad,x_m,y_m,z_m,roll_rad,pitch_rad,yaw_rad
0,2026-09-26T08:40:27.439+00:00,0.051,1790412027.4349794,1790412027.419183,1790412027.4392698,TEACHING_MODE,NORMAL,START_RECORDING,REACH_TARGET_POS_SUCCESSFULLY,0.017366026057343577,-0.5787511799613198,0.028047441079548877,-0.299481046349707,0.011239920382843483,0.2056695990550118,-0.47343801289598186,0.38203299999999996,-0.014076,0.572442,1.4611896497696526,-0.21156881192675261,0.22984240919513327
1,2026-09-26T08:40:27.460+00:00,0.071,1790412027.4547377,1790412027.4591334,1790412027.4592938,TEACHING_MODE,NORMAL,START_RECORDING,REACH_TARGET_POS_SUCCESSFULLY,0.017366026057343577,-0.5787511799613198,0.028047441079548877,-0.299481046349707,0.011239920382843483,0.2056695990550118,-0.47343801289598186,0.38203299999999996,-0.014076,0.572442,1.4611896497696526,-0.21156881192675261,0.22984240919513327
2,2026-09-26T08:40:27.479+00:00,0.091,1790412027.4747756,1790412027.479131,1790412027.479376,TEACHING_MODE,NORMAL,START_RECORDING,REACH_TARGET_POS_SUCCESSFULLY,0.017366026057343577,-0.5787511799613198,0.028047441079548877,-0.299481046349707,0.011239920382843483,0.2056695990550118,-0.47343801289598186,0.38203299999999996,-0.014076,0.572442,1.4611896497696526,-0.21156881192675261,0.22984240919513327
3,2026-09-26T08:40:27.500+00:00,0.111,1790412027.4952621,1790412027.4992042,1790412027.4993782,TEACHING_MODE,NORMAL,START_RECORDING,REACH_TARGET_POS_SUCCESSFULLY,0.017296212887263806,-0.5787511799613198,0.028047441079548877,-0.299481046349707,0.011239920382843483,0.2056695990550118,-0.47343801289598186,0.38203299999999996,-0.014102,0.572442,1.4611896497696526,-0.21156881192675261,0.2297725960250535
4,2026-09-26T08:40:27.520+00:00,0.131,1790412027.5151854,1790412027.519286,1790412027.5195787,TEACHING_MODE,NORMAL,START_RECORDING,REACH_TARGET_POS_SUCCESSFULLY,0.017296212887263806,-0.5787511799613198,0.028047441079548877,-0.299481046349707,0.011239920382843483,0.2056695990550118,-0.47343801289598186,0.38203299999999996,-0.014102,0.572442,1.4611896497696526,-0.21156881192675261,0.2297725960250535
5,2026-09-26T08:40:27.540+00:00,0.151,1790412027.5356364,1790412027.519286,1790412027.5396278,TEACHING_MODE,NORMAL,START_RECORDING,REACH_TARGET_POS_SUCCESSFULLY,0.017296212887263806,-0.5787511799613198,0.028047441079548877,-0.299481046349707,0.011239920382843483,0.2056695990550118,-0.47343801289598186,0.38203299999999996,-0.014102,0.572442,1.4611896497696526,-0.21156881192675261,0.2297725960250535
6,2026-09-26T08:40:27.560+00:00,0.171,1790412027.5549932,1790412027.55934,1790412027.5595858,TEACHING_MODE,NORMAL,START_RECORDING,REACH_TARGET_POS_SUCCESSFULLY,0.017296212887263806,-0.5787511799613198,0.028047441079548877,-0.299481046349707,0.011239920382843483,0.2056695990550118,-0.47343801289598186,0.38203299999999996,-0.014102,0.572442,1.4611896497696526,-0.21156881192675261,0.2297725960250535
7,2026-09-26T08:40:27.580+00:00,0.191,1790412027.5747354,1790412027.5793366,1790412027.5796301,TEACHING_MODE,NORMAL,START_RECORDING,REACH_TARGET_POS_SUCCESSFULLY,0.017296212887263806,-0.5787511799613198,0.028047441079548877,-0.299481046349707,0.011239920382843483,0.2056695990550118,-0.47343801289598186,0.38203299999999996,-0.014102,0.572442,1.4611896497696526,-0.21156881192675261,0.2297725960250535
8,2026-09-26T08:40:27.600+00:00,0.211,1790412027.595586,1790412027.5997815,1790412027.5944958,TEACHING_MODE,NORMAL,START_RECORDING,REACH_TARGET_POS_SUCCESSFULLY,0.017296212887263806,-0.5787511799613198,0.028047441079548877,-0.299481046349707,0.011239920382843483,0.2056695990550118,-0.47343801289598186,0.38203299999999996,-0.014102,0.572442,1.4611896497696526,-0.21156881192675261,0.2297725960250535
9,2026-09-26T08:40:27.620+00:00,0.231,1790412027.6149004,1790412027.6199496,1790412027.6137486,TEACHING_MODE,NORMAL,START_RECORDING,REACH_TARGET_POS_SUCCESSFULLY,0.017296212887263806,-0.5787511799613198,0.028047441079548877,-0.299481046349707,0.011239920382843483,0.2056695990550118,-0.47343801289598186,0.38203299999999996,-0.014102,0.572442,1.4611896497696526,-0.21156881192675261,0.2297725960250535
10,2026-09-26T08:40:27.640+00:00,0.251,1790412027.6350324,1790412027.6397479,1790412027.6337376,TEACHING_MODE,NORMAL,START_RECORDING,REACH_TARGET_POS_SUCCESSFULLY,0.017296212887263806,-0.5787511799613198,0.028047441079548877,-0.299481046349707,0.011239920382843483,0.2056695990550118,-0.47343801289598186,0.38203299999999996,-0.014102,0.572442,1.4611896497696526,-0.21156881192675261,0.2297725960250535
11,2026-09-26T08:40:27.660+00:00,0.271,1790412027.6561322,1790412027.6597273,1790412027.6599755,TEACHING_MODE,NORMAL,START_RECORDING,REACH_TARGET_POS_SUCCESSFULLY,0.017296212887263806,-0.5787511799613198,0.028047441079548877,-0.299481046349707,0.011239920382843483,0.2056695990550118,-0.47343801289598186,0.38203299999999996,-0.014102,0.572442,1.4611896497696526,-0.21156881192675261,0.2297725960250535
12,2026-09-26T08:40:27.680+00:00,0.291,1790412027.674851,1790412027.6794636,1790412027.679696,TEACHING_MODE,NORMAL,START_RECORDING,REACH_TARGET_POS_SUCCESSFULLY,0.017296212887263806,-0.5787511799613198,0.028047441079548877,-0.299481046349707,0.011239920382843483,0.2056695990550118,-0.47343801289598186,0.38203299999999996,-0.014102,0.572442,1.4611896497696526,-0.21156881192675261,0.2297725960250535
13,2026-09-26T08:40:27.700+00:00,0.311,1790412027.6951303,1790412027.6999793,1790412027.6991763,TEACHING_MODE,NORMAL,START_RECORDING,REACH_TARGET_POS_SUCCESSFULLY,0.017296212887263806,-0.5787511799613198,0.028047441079548877,-0.299481046349707,0.011239920382843483,0.2056695990550118,-0.47343801289598186,0.38203299999999996,-0.014102,0.572442,1.4611896497696526,-0.21156881192675261,0.2297725960250535
14,2026-09-26T08:40:27.720+00:00,0.331,1790412027.7154639,1790412027.719133,1790412027.719378,TEACHING_MODE,NORMAL,START_RECORDING,REACH_TARGET_POS_SUCCESSFULLY,0.017296212887263806,-0.5787511799613198,0.028047441079548877,-0.299481046349707,0.011239920382843483,0.2056695990550118,-0.47343801289598186,0.38203299999999996,-0.014102,0.572442,1.4611896497696526,-0.21156881192675261,0.2297725960250535
15,2026-09-26T08:40:27.740+00:00,0.351,1790412027.7349524,1790412027.7392828,1790412027.739656,TEACHING_MODE,NORMAL,START_RECORDING,REACH_TARGET_POS_SUCCESSFULLY,0.017296212887263806,-0.5787511799613198,0.028047441079548877,-0.299481046349707,0.011239920382843483,0.2056695990550118,-0.47343801289598186,0.38203299999999996,-0.014102,0.572442,1.4611896497696526,-0.21156881192675261,0.2297725960250535
16,2026-09-26T08:40:27.760+00:00,0.371,1790412027.755519,1790412027.75966,1790412027.7544563,TEACHING_MODE,NORMAL,START_RECORDING,REACH_TARGET_POS_SUCCESSFULLY,0.017296212887263806,-0.5787511799613198,0.028047441079548877,-0.299481046349707,0.011239920382843483,0.2056695990550118,-0.47343801289598186,0.38203299999999996,-0.014102,0.572442,1.4611896497696526,-0.21156881192675261,0.2297725960250535
17,2026-09-26T08:40:27.780+00:00,0.391,1790412027.7750165,1790412027.7791953,1790412027.779438,TEACHING_MODE,NORMAL,START_RECORDING,REACH_TARGET_POS_SUCCESSFULLY,0.017296212887263806,-0.5787511799613198,0.028047441079548877,-0.299481046349707,0.011239920382843483,0.2056695990550118,-0.47343801289598186,0.38203299999999996,-0.014102,0.572442,1.4611896497696526,-0.21156881192675261,0.2297725960250535
18,2026-09-26T08:40:27.800+00:00,0.411,1790412027.7952075,1790412027.7991395,1790412027.793654,TEACHING_MODE,NORMAL,START_RECORDING,REACH_TARGET_POS_SUCCESSFULLY,0.017296212887263806,-0.5787511799613198,0.028047441079548877,-0.299481046349707,0.011239920382843483,0.20561723917745198,-0.47343801289598186,0.382032,-0.014102,0.572442,1.4612245563546928,-0.21156881192675261,0.2297376894400136
19,2026-09-26T08:40:27.820+00:00,0.431,1790412027.8157601,1790412027.819445,1790412027.8189862,TEACHING_MODE,NORMAL,START_RECORDING,REACH_TARGET_POS_SUCCESSFULLY,0.017296212887263806,-0.5787511799613198,0.028047441079548877,-0.299481046349707,0.011239920382843483,0.20561723917745198,-0.47343801289598186,0.382032,-0.014102,0.572442,1.4612245563546928,-0.21156881192675261,0.2297376894400136
20,2026-09-26T08:40:27.840+00:00,0.451,1790412027.8348472,1790412027.8391376,1790412027.8394146,TEACHING_MODE,NORMAL,START_RECORDING,REACH_TARGET_POS_SUCCESSFULLY,0.017296212887263806,-0.5787511799613198,0.028047441079548877,-0.299481046349707,0.011239920382843483,0.20561723917745198,-0.47343801289598186,0.382032,-0.014102,0.572442,1.4612245563546928,-0.21156881192675261,0.2297376894400136
21,2026-09-26T08:40:27.860+00:00,0.471,1790412027.8547838,1790412027.8597038,1790412027.8599472,TEACHING_MODE,NORMAL,START_RECORDING,REACH_TARGET_POS_SUCCESSFULLY,0.017296212887263806,-0.5787511799613198,0.028047441079548877,-0.299481046349707,0.011239920382843483,0.20561723917745198,-0.47343801289598186,0.382032,-0.014102,0.572442,1.4612245563546928,-0.21156881192675261,0.2297376894400136
22,2026-09-26T08:40:27.880+00:00,0.491,1790412027.8755262,1790412027.8799055,1790412027.8797035,TEACHING_MODE,NORMAL,START_RECORDING,REACH_TARGET_POS_SUCCESSFULLY,0.017296212887263806,-0.5787511799613198,0.028047441079548877,-0.299481046349707,0.011239920382843483,0.20561723917745198,-0.47343801289598186,0.382032,-0.014102,0.572442,1.4612245563546928,-0.21156881192675261,0.2297376894400136
23,2026-09-26T08:40:27.900+00:00,0.511,1790412027.89479,1790412027.8799055,1790412027.8938098,TEACHING_MODE,NORMAL,START_RECORDING,REACH_TARGET_POS_SUCCESSFULLY,0.017296212887263806,-0.5787511799613198,0.028047441079548877,-0.299481046349707,0.011239920382843483,0.20561723917745198,-0.47343801289598186,0.382032,-0.014102,0.572442,1.4612245563546928,-0.21156881192675261,0.2297376894400136
24,2026-09-26T08:40:27.920+00:00,0.531,1790412027.914835,1790412027.9002185,1790412027.9192467,TEACHING_MODE,NORMAL,START_RECORDING,REACH_TARGET_POS_SUCCESSFULLY,0.017296212887263806,-0.5787511799613198,0.028047441079548877,-0.299481046349707,0.011239920382843483,0.20561723917745198,-0.47343801289598186,0.382032,-0.014102,0.572442,1.4612245563546928,-0.21156881192675261,0.2297376894400136
25,2026-09-26T08:40:27.940+00:00,0.551,1790412027.9346995,1790412027.9393404,1790412027.939581,TEACHING_MODE,NORMAL,START_RECORDING,REACH_TARGET_POS_SUCCESSFULLY,0.017296212887263806,-0.5787511799613198,0.028047441079548877,-0.299481046349707,0.011239920382843483,0.20561723917745198,-0.47343801289598186,0.382032,-0.014102,0.572442,1.4612245563546928,-0.21156881192675261,0.2297376894400136
26,2026-09-26T08:40:27.960+00:00,0.571,1790412027.9546998,1790412027.959293,1790412027.9595902,TEACHING_MODE,NORMAL,START_RECORDING,REACH_TARGET_POS_SUCCESSFULLY,0.017296212887263806,-0.5787511799613198,0.028047441079548877,-0.299481046349707,0.011239920382843483,0.20561723917745198,-0.47343801289598186,0.382032,-0.014102,0.572442,1.4612245563546928,-0.21156881192675261,0.2297376894400136
27,2026-09-26T08:40:27.980+00:00,0.591,1790412027.975127,1790412027.9798396,1790412027.9738398,TEACHING_MODE,NORMAL,START_RECORDING,REACH_TARGET_POS_SUCCESSFULLY,0.017296212887263806,-0.5787511799613198,0.028047441079548877,-0.299481046349707,0.011239920382843483,0.20561723917745198,-0.47343801289598186,0.382032,-0.014102,0.572442,1.4612245563546928,-0.21156881192675261,0.2297376894400136
28,2026-09-26T08:40:28.000+00:00,0.611,1790412027.9951026,1790412027.9992173,1790412027.9994278,TEACHING_MODE,NORMAL,START_RECORDING,REACH_TARGET_POS_SUCCESSFULLY,0.017296212887263806,-0.5787511799613198,0.028047441079548877,-0.299481046349707,0.011239920382843483,0.20561723917745198,-0.47343801289598186,0.382032,-0.014102,0.572442,1.4612245563546928,-0.21156881192675261,0.2297376894400136
29,2026-09-26T08:40:28.020+00:00,0.631,1790412028.01515,1790412028.0192637,1790412028.019526,TEACHING_MODE,NORMAL,START_RECORDING,REACH_TARGET_POS_SUCCESSFULLY,0.017296212887263806,-0.5787511799613198,0.028047441079548877,-0.299481046349707,0.011239920382843483,0.20561723917745198,-0.47343801289598186,0.382032,-0.014102,0.572442,1.4612245563546928,-0.21156881192675261,0.2297376894400136
30,2026-09-26T08:40:28.040+00:00,0.651,1790412028.0360856,1790412028.0192637,1790412028.039947,TEACHING_MODE,NORMAL,START_RECORDING,REACH_TARGET_POS_SUCCESSFULLY,0.017296212887263806,-0.5787511799613198,0.028047441079548877,-0.299481046349707,0.011239920382843483,0.20561723917745198,-0.47343801289598186,0.382032,-0.014102,0.572442,1.4612245563546928,-0.21156881192675261,0.2297376894400136
31,2026-09-26T08:40:28.059+00:00,0.671,1790412028.0553424,1790412028.059137,1790412028.059382,TEACHING_MODE,NORMAL,START_RECORDING,REACH_TARGET_POS_SUCCESSFULLY,0.017296212887263806,-0.5787511799613198,0.028047441079548877,-0.299481046349707,0.011239920382843483,0.20561723917745198,-0.47343801289598186,0.382032,-0.014102,0.572442,1.4612245563546928,-0.21156881192675261,0.2297376894400136
32,2026-09-26T08:40:28.080+00:00,0.691,1790412028.0746999,1790412028.0790956,1790412028.0793908,TEACHING_MODE,NORMAL,START_RECORDING,REACH_TARGET_POS_SUCCESSFULLY,0.017296212887263806,-0.5787511799613198,0.028047441079548877,-0.299481046349707,0.011239920382843483,0.20561723917745198,-0.47343801289598186,0.382032,-0.014102,0.572442,1.4612245563546928,-0.21156881192675261,0.2297376894400136
33,2026-09-26T08:40:28.100+00:00,0.711,1790412028.094848,1790412028.09924,1790412028.0995774,TEACHING_MODE,NORMAL,START_RECORDING,REACH_TARGET_POS_SUCCESSFULLY,0.017296212887263806,-0.5787511799613198,0.028047441079548877,-0.299481046349707,0.011239920382843483,0.20561723917745198,-0.47343801289598186,0.382032,-0.014102,0.572442,1.4612245563546928,-0.21156881192675261,0.2297376894400136
34,2026-09-26T08:40:28.120+00:00,0.731,1790412028.1148145,1790412028.119385,1790412028.1196365,TEACHING_MODE,NORMAL,START_RECORDING,REACH_TARGET_POS_SUCCESSFULLY,0.017296212887263806,-0.5787511799613198,0.028047441079548877,-0.299481046349707,0.011239920382843483,0.20561723917745198,-0.47343801289598186,0.382032,-0.014102,0.572442,1.4612245563546928,-0.21156881192675261,0.2297376894400136
35,2026-09-26T08:40:28.140+00:00,0.751,1790412028.135033,1790412028.140091,1790412028.1338499,TEACHING_MODE,NORMAL,START_RECORDING,REACH_TARGET_POS_SUCCESSFULLY,0.017296212887263806,-0.5787511799613198,0.028047441079548877,-0.299481046349707,0.011239920382843483,0.20561723917745198,-0.47343801289598186,0.382032,-0.014102,0.572442,1.4612245563546928,-0.21156881192675261,0.2297376894400136
36,2026-09-26T08:40:28.160+00:00,0.771,1790412028.1552196,1790412028.1595721,1790412028.1597726,TEACHING_MODE,NORMAL,START_RECORDING,REACH_TARGET_POS_SUCCESSFULLY,0.017296212887263806,-0.5787511799613198,0.028047441079548877,-0.299481046349707,0.011239920382843483,0.20561723917745198,-0.47343801289598186,0.382032,-0.014102,0.572442,1.4612245563546928,-0.21156881192675261,0.2297376894400136
37,2026-09-26T08:40:28.180+00:00,0.791,1790412028.1751416,1790412028.1791801,1790412028.179889,TEACHING_MODE,NORMAL,START_RECORDING,REACH_TARGET_POS_SUCCESSFULLY,0.017296212887263806,-0.5787511799613198,0.028047441079548877,-0.299481046349707,0.011239920382843483,0.20561723917745198,-0.47343801289598186,0.382032,-0.014102,0.572442,1.4612245563546928,-0.21156881192675261,0.2297376894400136
38,2026-09-26T08:40:28.200+00:00,0.811,1790412028.1959834,1790412028.1791801,1790412028.1946497,TEACHING_MODE,NORMAL,START_RECORDING,REACH_TARGET_POS_SUCCESSFULLY,0.017296212887263806,-0.5787511799613198,0.028047441079548877,-0.299481046349707,0.011239920382843483,0.20561723917745198,-0.47343801289598186,0.382032,-0.014102,0.572442,1.4612245563546928,-0.21156881192675261,0.2297376894400136
39,2026-09-26T08:40:28.220+00:00,0.831,1790412028.2147436,1790412028.219091,1790412028.2192857,TEACHING_MODE,NORMAL,START_RECORDING,REACH_TARGET_POS_SUCCESSFULLY,0.017296212887263806,-0.5787511799613198,0.028047441079548877,-0.299481046349707,0.011239920382843483,0.20561723917745198,-0.47343801289598186,0.382032,-0.014102,0.572442,1.4612245563546928,-0.21146409217163295,0.22972023614749368
40,2026-09-26T08:40:28.240+00:00,0.851,1790412028.2348404,1790412028.219091,1790412028.239528,TEACHING_MODE,NORMAL,START_RECORDING,REACH_TARGET_POS_SUCCESSFULLY,0.017296212887263806,-0.5787511799613198,0.028047441079548877,-0.299481046349707,0.011239920382843483,0.20561723917745198,-0.47354273265110153,0.382032,-0.014102,0.572442,1.4612245563546928,-0.21146409217163295,0.22972023614749368
41,2026-09-26T08:40:28.260+00:00,0.871,1790412028.2571824,1790412028.240268,1790412028.2597973,TEACHING_MODE,NORMAL,START_RECORDING,REACH_TARGET_POS_SUCCESSFULLY,0.017296212887263806,-0.5787511799613198,0.028047441079548877,-0.299481046349707,0.011239920382843483,0.20561723917745198,-0.47354273265110153,0.382032,-0.014102,0.572442,1.4612245563546928,-0.21146409217163295,0.22972023614749368
42,2026-09-26T08:40:28.280+00:00,0.891,1790412028.2783813,1790412028.2649088,1790412028.2771175,TEACHING_MODE,NORMAL,START_RECORDING,REACH_TARGET_POS_SUCCESSFULLY,0.017296212887263806,-0.5787511799613198,0.028047441079548877,-0.299481046349707,0.011239920382843483,0.20561723917745198,-0.47354273265110153,0.382032,-0.014102,0.572442,1.4612245563546928,-0.21146409217163295,0.22972023614749368
43,2026-09-26T08:40:28.300+00:00,0.911,1790412028.2978358,1790412028.2858324,1790412028.2981656,TEACHING_MODE,NORMAL,START_RECORDING,REACH_TARGET_POS_SUCCESSFULLY,0.017296212887263806,-0.5787511799613198,0.028047441079548877,-0.299481046349707,0.011239920382843483,0.20561723917745198,-0.47354273265110153,0.382032,-0.014102,0.572442,1.4612245563546928,-0.21146409217163295,0.22972023614749368
44,2026-09-26T08:40:28.320+00:00,0.931,1790412028.3197277,1790412028.3074067,1790412028.3186567,TEACHING_MODE,NORMAL,START_RECORDING,REACH_TARGET_POS_SUCCESSFULLY,0.017296212887263806,-0.5787511799613198,0.028047441079548877,-0.299481046349707,0.011239920382843483,0.20561723917745198,-0.47354273265110153,0.382032,-0.014102,0.572442,1.4612245563546928,-0.21146409217163295,0.22972023614749368
45,2026-09-26T08:40:28.340+00:00,0.951,1790412028.3397565,1790412028.3242292,1790412028.3386579,TEACHING_MODE,NORMAL,START_RECORDING,REACH_TARGET_POS_SUCCESSFULLY,0.017296212887263806,-0.5787511799613198,0.028047441079548877,-0.299481046349707,0.011239920382843483,0.20561723917745198,-0.47354273265110153,0.382032,-0.014102,0.572442,1.4612245563546928,-0.21146409217163295,0.22972023614749368
46,2026-09-26T08:40:28.360+00:00,0.971,1790412028.3554819,1790412028.3441925,1790412028.3590755,TEACHING_MODE,NORMAL,START_RECORDING,REACH_TARGET_POS_SUCCESSFULLY,0.017296212887263806,-0.5787511799613198,0.028047441079548877,-0.299481046349707,0.011239920382843483,0.20561723917745198,-0.47354273265110153,0.382032,-0.014102,0.572442,1.4612245563546928,-0.21146409217163295,0.22972023614749368
47,2026-09-26T08:40:28.380+00:00,0.991,1790412028.3748136,1790412028.364828,1790412028.3792639,TEACHING_MODE,NORMAL,START_RECORDING,REACH_TARGET_POS_SUCCESSFULLY,0.017296212887263806,-0.5787511799613198,0.028047441079548877,-0.299481046349707,0.011239920382843483,0.20561723917745198,-0.47354273265110153,0.382032,-0.014102,0.572442,1.4612245563546928,-0.21146409217163295,0.22972023614749368
48,2026-09-26T08:40:28.400+00:00,1.011,1790412028.3950853,1790412028.3842692,1790412028.39915,TEACHING_MODE,NORMAL,START_RECORDING,REACH_TARGET_POS_SUCCESSFULLY,0.017296212887263806,-0.5787511799613198,0.028047441079548877,-0.299481046349707,0.011239920382843483,0.20561723917745198,-0.47354273265110153,0.382032,-0.014102,0.572442,1.4612245563546928,-0.21146409217163295,0.22972023614749368
49,2026-09-26T08:40:28.420+00:00,1.031,1790412028.4168944,1790412028.4043858,1790412028.4196084,TEACHING_MODE,NORMAL,START_RECORDING,REACH_TARGET_POS_SUCCESSFULLY,0.017296212887263806,-0.5787511799613198,0.028047441079548877,-0.299481046349707,0.011239920382843483,0.20561723917745198,-0.47354273265110153,0.382032,-0.014102,0.572442,1.4612245563546928,-0.21146409217163295,0.22972023614749368
50,2026-09-26T08:40:28.440+00:00,1.051,1790412028.435662,1790412028.4248068,1790412028.4387012,TEACHING_MODE,NORMAL,START_RECORDING,REACH_TARGET_POS_SUCCESSFULLY,0.017296212887263806,-0.5787511799613198,0.028047441079548877,-0.299481046349707,0.011239920382843483,0.20561723917745198,-0.47354273265110153,0.382032,-0.014102,0.572442,1.4612245563546928,-0.21146409217163295,0.22972023614749368
51,2026-09-26T08:40:28.460+00:00,1.071,1790412028.4597888,1790412028.4441833,1790412028.4586616,TEACHING_MODE,NORMAL,START_RECORDING,REACH_TARGET_POS_SUCCESSFULLY,0.017296212887263806,-0.5787511799613198,0.028047441079548877,-0.299481046349707,0.011239920382843483,0.20561723917745198,-0.47354273265110153,0.382032,-0.014102,0.572442,1.4612245563546928,-0.21146409217163295,0.22972023614749368
52,2026-09-26T08:40:28.480+00:00,1.091,1790412028.479745,1790412028.4644723,1790412028.478745,TEACHING_MODE,NORMAL,START_RECORDING,REACH_TARGET_POS_SUCCESSFULLY,0.017296212887263806,-0.5787511799613198,0.028047441079548877,-0.299481046349707,0.011239920382843483,0.20561723917745198,-0.47354273265110153,0.382032,-0.014102,0.572442,1.4612245563546928,-0.21146409217163295,0.22972023614749368
53,2026-09-26T08:40:28.500+00:00,1.111,1790412028.4997435,1790412028.4841437,1790412028.4986572,TEACHING_MODE,NORMAL,START_RECORDING,REACH_TARGET_POS_SUCCESSFULLY,0.017296212887263806,-0.5787511799613198,0.028047441079548877,-0.299481046349707,0.011239920382843483,0.20561723917745198,-0.47354273265110153,0.382032,-0.014102,0.572442,1.4612245563546928,-0.21146409217163295,0.22972023614749368
54,2026-09-26T08:40:28.520+00:00,1.131,1790412028.5150328,1790412028.5045936,1790412028.5191243,TEACHING_MODE,NORMAL,START_RECORDING,REACH_TARGET_POS_SUCCESSFULLY,0.017296212887263806,-0.5787511799613198,0.028047441079548877,-0.299481046349707,0.011239920382843483,0.20561723917745198,-0.47354273265110153,0.382032,-0.014102,0.572442,1.4612245563546928,-0.21146409217163295,0.22972023614749368
55,2026-09-26T08:40:28.540+00:00,1.151,1790412028.5398,1790412028.5257945,1790412028.53876,TEACHING_MODE,NORMAL,START_RECORDING,REACH_TARGET_POS_SUCCESSFULLY,0.017296212887263806,-0.5787511799613198,0.028047441079548877,-0.299481046349707,0.011239920382843483,0.20561723917745198,-0.47354273265110153,0.382032,-0.014102,0.572442,1.4612245563546928,-0.21146409217163295,0.22972023614749368
56,2026-09-26T08:40:28.560+00:00,1.171,1790412028.5598428,1790412028.5448356,1790412028.558932,TEACHING_MODE,NORMAL,START_RECORDING,REACH_TARGET_POS_SUCCESSFULLY,0.017296212887263806,-0.5787511799613198,0.028047441079548877,-0.299481046349707,0.011239920382843483,0.20561723917745198,-0.47354273265110153,0.382032,-0.014102,0.572442,1.4612245563546928,-0.21146409217163295,0.22972023614749368
57,2026-09-26T08:40:28.580+00:00,1.191,1790412028.57609,1790412028.5643487,1790412028.5794578,TEACHING_MODE,NORMAL,START_RECORDING,REACH_TARGET_POS_SUCCESSFULLY,0.017296212887263806,-0.5787511799613198,0.028047441079548877,-0.299481046349707,0.011239920382843483,0.20561723917745198,-0.47354273265110153,0.382032,-0.014102,0.572442,1.4612245563546928,-0.21146409217163295,0.22972023614749368
58,2026-09-26T08:40:28.600+00:00,1.211,1790412028.5947464,1790412028.5848024,1790412028.5990028,TEACHING_MODE,NORMAL,START_RECORDING,REACH_TARGET_POS_SUCCESSFULLY,0.017296212887263806,-0.5787511799613198,0.028047441079548877,-0.299481046349707,0.011239920382843483,0.20561723917745198,-0.47354273265110153,0.382032,-0.014102,0.572442,1.4612245563546928,-0.21146409217163295,0.22972023614749368
59,2026-09-26T08:40:28.620+00:00,1.231,1790412028.6198013,1790412028.6042848,1790412028.618912,TEACHING_MODE,NORMAL,START_RECORDING,REACH_TARGET_POS_SUCCESSFULLY,0.017296212887263806,-0.5787511799613198,0.028047441079548877,-0.299481046349707,0.011239920382843483,0.20561723917745198,-0.47354273265110153,0.382032,-0.014102,0.572442,1.4612245563546928,-0.21146409217163295,0.22972023614749368
60,2026-09-26T08:40:28.640+00:00,1.251,1790412028.635886,1790412028.6248798,1790412028.639193,TEACHING_MODE,NORMAL,START_RECORDING,REACH_TARGET_POS_SUCCESSFULLY,0.017296212887263806,-0.5787511799613198,0.028047441079548877,-0.299481046349707,0.011239920382843483,0.20561723917745198,-0.47354273265110153,0.382032,-0.014102,0.572442,1.4612245563546928,-0.21146409217163295,0.22972023614749368
61,2026-09-26T08:40:28.660+00:00,1.271,1790412028.6550026,1790412028.6442323,1790412028.6591868,TEACHING_MODE,NORMAL,START_RECORDING,REACH_TARGET_POS_SUCCESSFULLY,0.017296212887263806,-0.5787511799613198,0.028047441079548877,-0.299481046349707,0.011239920382843483,0.20561723917745198,-0.47354273265110153,0.382032,-0.014102,0.572442,1.4612245563546928,-0.21146409217163295,0.22972023614749368
62,2026-09-26T08:40:28.680+00:00,1.291,1790412028.6748111,1790412028.664193,1790412028.6794856,TEACHING_MODE,NORMAL,START_RECORDING,REACH_TARGET_POS_SUCCESSFULLY,0.017296212887263806,-0.5787511799613198,0.028047441079548877,-0.299481046349707,0.011239920382843483,0.20561723917745198,-0.47354273265110153,0.382032,-0.014102,0.572442,1.4612245563546928,-0.21146409217163295,0.22972023614749368
63,2026-09-26T08:40:28.700+00:00,1.311,1790412028.6957078,1790412028.6850815,1790412028.6987555,TEACHING_MODE,NORMAL,START_RECORDING,REACH_TARGET_POS_SUCCESSFULLY,0.017296212887263806,-0.5787511799613198,0.028047441079548877,-0.299481046349707,0.011239920382843483,0.20561723917745198,-0.47354273265110153,0.382032,-0.014102,0.572442,1.4612245563546928,-0.21146409217163295,0.22972023614749368
64,2026-09-26T08:40:28.720+00:00,1.331,1790412028.7197576,1790412028.704239,1790412028.718716,TEACHING_MODE,NORMAL,START_RECORDING,REACH_TARGET_POS_SUCCESSFULLY,0.017296212887263806,-0.5787511799613198,0.028047441079548877,-0.299481046349707,0.011239920382843483,0.20561723917745198,-0.47354273265110153,0.382032,-0.014102,0.572442,1.4612245563546928,-0.21146409217163295,0.22972023614749368
65,2026-09-26T08:40:28.740+00:00,1.351,1790412028.7352657,1790412028.724235,1790412028.7396336,TEACHING_MODE,NORMAL,START_RECORDING,REACH_TARGET_POS_SUCCESSFULLY,0.017296212887263806,-0.5787511799613198,0.028047441079548877,-0.299481046349707,0.011239920382843483,0.20561723917745198,-0.47354273265110153,0.382032,-0.014102,0.572442,1.4612245563546928,-0.21146409217163295,0.22972023614749368
66,2026-09-26T08:40:28.760+00:00,1.371,1790412028.7597528,1790412028.744643,1790412028.7587695,TEACHING_MODE,NORMAL,START_RECORDING,REACH_TARGET_POS_SUCCESSFULLY,0.017296212887263806,-0.5787511799613198,0.028047441079548877,-0.299481046349707,0.011239920382843483,0.20561723917745198,-0.47354273265110153,0.382032,-0.014102,0.572442,1.4612245563546928,-0.21146409217163295,0.22972023614749368
67,2026-09-26T08:40:28.780+00:00,1.391,1790412028.7798595,1790412028.7643433,1790412028.7789965,TEACHING_MODE,NORMAL,START_RECORDING,REACH_TARGET_POS_SUCCESSFULLY,0.017296212887263806,-0.5787511799613198,0.028047441079548877,-0.299481046349707,0.011239920382843483,0.20561723917745198,-0.47354273265110153,0.382032,-0.014102,0.572442,1.4612245563546928,-0.21146409217163295,0.22972023614749368
68,2026-09-26T08:40:28.800+00:00,1.411,1790412028.796387,1790412028.7846441,1790412028.799664,TEACHING_MODE,NORMAL,START_RECORDING,REACH_TARGET_POS_SUCCESSFULLY,0.017296212887263806,-0.5787511799613198,0.028047441079548877,-0.299481046349707,0.011239920382843483,0.20561723917745198,-0.47354273265110153,0.382032,-0.014102,0.572442,1.4612245563546928,-0.21146409217163295,0.22972023614749368
69,2026-09-26T08:40:28.820+00:00,1.431,1790412028.819749,1790412028.8055103,1790412028.8187177,TEACHING_MODE,NORMAL,START_RECORDING,REACH_TARGET_POS_SUCCESSFULLY,0.017296212887263806,-0.5787511799613198,0.028047441079548877,-0.299481046349707,0.011239920382843483,0.20561723917745198,-0.47354273265110153,0.382032,-0.014102,0.572442,1.4612245563546928,-0.21146409217163295,0.22972023614749368
70,2026-09-26T08:40:28.840+00:00,1.451,1790412028.8397648,1790412028.824152,1790412028.838796,TEACHING_MODE,NORMAL,START_RECORDING,REACH_TARGET_POS_SUCCESSFULLY,0.017296212887263806,-0.5787511799613198,0.028047441079548877,-0.299481046349707,0.011239920382843483,0.20561723917745198,-0.47354273265110153,0.382032,-0.014102,0.572442,1.4612245563546928,-0.21146409217163295,0.22972023614749368
71,2026-09-26T08:40:28.860+00:00,1.471,1790412028.856708,1790412028.8460164,1790412028.8592358,TEACHING_MODE,NORMAL,START_RECORDING,REACH_TARGET_POS_SUCCESSFULLY,0.017296212887263806,-0.5787511799613198,0.028047441079548877,-0.299481046349707,0.011239920382843483,0.20561723917745198,-0.47354273265110153,0.382032,-0.014102,0.572442,1.4612245563546928,-0.21146409217163295,0.22972023614749368
72,2026-09-26T08:40:28.880+00:00,1.491,1790412028.879806,1790412028.864444,1790412028.8787608,TEACHING_MODE,NORMAL,START_RECORDING,REACH_TARGET_POS_SUCCESSFULLY,0.017296212887263806,-0.5787511799613198,0.028047441079548877,-0.299481046349707,0.011239920382843483,0.20561723917745198,-0.47354273265110153,0.382032,-0.014102,0.572442,1.4612245563546928,-0.21146409217163295,0.22972023614749368
73,2026-09-26T08:40:28.900+00:00,1.511,1790412028.8950465,1790412028.8841944,1790412028.8981442,TEACHING_MODE,NORMAL,START_RECORDING,REACH_TARGET_POS_SUCCESSFULLY,0.017296212887263806,-0.5787511799613198,0.028047441079548877,-0.299481046349707,0.011239920382843483,0.20561723917745198,-0.47354273265110153,0.382032,-0.014102,0.572442,1.4612245563546928,-0.21146409217163295,0.22972023614749368
74,2026-09-26T08:40:28.920+00:00,1.531,1790412028.9200048,1790412028.9046395,1790412028.9190633,TEACHING_MODE,NORMAL,START_RECORDING,REACH_TARGET_POS_SUCCESSFULLY,0.017296212887263806,-0.5787511799613198,0.028047441079548877,-0.299481046349707,0.011239920382843483,0.20561723917745198,-0.47354273265110153,0.382032,-0.014102,0.572442,1.4612245563546928,-0.21146409217163295,0.22972023614749368
75,2026-09-26T08:40:28.940+00:00,1.551,1790412028.9353435,1790412028.9243498,1790412028.9391592,TEACHING_MODE,NORMAL,START_RECORDING,REACH_TARGET_POS_SUCCESSFULLY,0.017296212887263806,-0.5787511799613198,0.028047441079548877,-0.299481046349707,0.011239920382843483,0.20561723917745198,-0.47354273265110153,0.382032,-0.014102,0.572442,1.4612245563546928,-0.21146409217163295,0.22972023614749368
76,2026-09-26T08:40:28.960+00:00,1.571,1790412028.9563277,1790412028.9443746,1790412028.9593713,TEACHING_MODE,NORMAL,START_RECORDING,REACH_TARGET_POS_SUCCESSFULLY,0.017296212887263806,-0.5787511799613198,0.028047441079548877,-0.299481046349707,0.011239920382843483,0.20561723917745198,-0.47354273265110153,0.382032,-0.014102,0.572442,1.4612245563546928,-0.21146409217163295,0.22972023614749368
77,2026-09-26T08:40:28.980+00:00,1.591,1790412028.9798133,1790412028.9648132,1790412028.9787922,TEACHING_MODE,NORMAL,START_RECORDING,REACH_TARGET_POS_SUCCESSFULLY,0.017296212887263806,-0.5787511799613198,0.028047441079548877,-0.299481046349707,0.011239920382843483,0.20561723917745198,-0.47354273265110153,0.382032,-0.014102,0.572442,1.4612245563546928,-0.21146409217163295,0.22972023614749368
78,2026-09-26T08:40:29.000+00:00,1.611,1790412028.9998362,1790412028.9842334,1790412028.998669,TEACHING_MODE,NORMAL,START_RECORDING,REACH_TARGET_POS_SUCCESSFULLY,0.017296212887263806,-0.5787511799613198,0.028047441079548877,-0.299481046349707,0.011239920382843483,0.20561723917745198,-0.47354273265110153,0.382032,-0.014102,0.572442,1.4612245563546928,-0.21146409217163295,0.22972023614749368
79,2026-09-26T08:40:29.020+00:00,1.631,1790412029.020005,1790412029.0043733,1790412029.0190365,TEACHING_MODE,NORMAL,START_RECORDING,REACH_TARGET_POS_SUCCESSFULLY,0.017296212887263806,-0.5787511799613198,0.028047441079548877,-0.299481046349707,0.011239920382843483,0.20561723917745198,-0.47354273265110153,0.382032,-0.014102,0.572442,1.4612245563546928,-0.21146409217163295,0.22972023614749368
80,2026-09-26T08:40:29.040+00:00,1.651,1790412029.039945,1790412029.0243816,1790412029.0387928,TEACHING_MODE,NORMAL,START_RECORDING,REACH_TARGET_POS_SUCCESSFULLY,0.017296212887263806,-0.5787511799613198,0.028047441079548877,-0.299481046349707,0.011239920382843483,0.20561723917745198,-0.47354273265110153,0.382032,-0.014102,0.572442,1.4612245563546928,-0.21146409217163295,0.22972023614749368
81,2026-09-26T08:40:29.060+00:00,1.671,1790412029.0563955,1790412029.0446362,1790412029.0588179,TEACHING_MODE,NORMAL,START_RECORDING,REACH_TARGET_POS_SUCCESSFULLY,0.017296212887263806,-0.5787511799613198,0.028047441079548877,-0.299481046349707,0.011239920382843483,0.20561723917745198,-0.47354273265110153,0.382032,-0.014102,0.572442,1.4612245563546928,-0.21146409217163295,0.22972023614749368
82,2026-09-26T08:40:29.080+00:00,1.691,1790412029.0799937,1790412029.0656412,1790412029.0791974,TEACHING_MODE,NORMAL,START_RECORDING,REACH_TARGET_POS_SUCCESSFULLY,0.017296212887263806,-0.5787511799613198,0.028047441079548877,-0.299481046349707,0.011239920382843483,0.20561723917745198,-0.47354273265110153,0.382032,-0.014102,0.572442,1.4612245563546928,-0.21146409217163295,0.22972023614749368
83,2026-09-26T08:40:29.100+00:00,1.711,1790412029.0997467,1790412029.0848134,1790412029.098793,TEACHING_MODE,NORMAL,START_RECORDING,REACH_TARGET_POS_SUCCESSFULLY,0.017296212887263806,-0.5787511799613198,0.028047441079548877,-0.299481046349707,0.011239920382843483,0.20561723917745198,-0.47354273265110153,0.382032,-0.014102,0.572442,1.4612245563546928,-0.21146409217163295,0.22972023614749368
84,2026-09-26T08:40:29.120+00:00,1.731,1790412029.117373,1790412029.1042383,1790412029.119644,TEACHING_MODE,NORMAL,START_RECORDING,REACH_TARGET_POS_SUCCESSFULLY,0.017296212887263806,-0.5787511799613198,0.028047441079548877,-0.299481046349707,0.011239920382843483,0.20561723917745198,-0.47354273265110153,0.382032,-0.014102,0.572442,1.4612245563546928,-0.21146409217163295,0.22972023614749368
85,2026-09-26T08:40:29.140+00:00,1.751,1790412029.139868,1790412029.1247072,1790412029.1387153,TEACHING_MODE,NORMAL,START_RECORDING,REACH_TARGET_POS_SUCCESSFULLY,0.017296212887263806,-0.5787511799613198,0.028047441079548877,-0.299481046349707,0.011239920382843483,0.20561723917745198,-0.47354273265110153,0.382032,-0.014102,0.572442,1.4612245563546928,-0.21146409217163295,0.22972023614749368
86,2026-09-26T08:40:29.160+00:00,1.771,1790412029.159908,1790412029.1441026,1790412029.1587584,TEACHING_MODE,NORMAL,START_RECORDING,REACH_TARGET_POS_SUCCESSFULLY,0.017296212887263806,-0.5787511799613198,0.028047441079548877,-0.299481046349707,0.011239920382843483,0.20561723917745198,-0.47354273265110153,0.382032,-0.014102,0.572442,1.4612245563546928,-0.21146409217163295,0.22972023614749368
87,2026-09-26T08:40:29.180+00:00,1.791,1790412029.1788378,1790412029.1642337,1790412029.1769216,TEACHING_MODE,NORMAL,START_RECORDING,REACH_TARGET_POS_SUCCESSFULLY,0.017296212887263806,-0.5787511799613198,0.028047441079548877,-0.299481046349707,0.011239920382843483,0.20561723917745198,-0.47354273265110153,0.382032,-0.014102,0.572442,1.4612245563546928,-0.21146409217163295,0.22972023614749368
88,2026-09-26T08:40:29.200+00:00,1.811,1790412029.1999784,1790412029.1847281,1790412029.1990812,TEACHING_MODE,NORMAL,START_RECORDING,REACH_TARGET_POS_SUCCESSFULLY,0.017296212887263806,-0.5787511799613198,0.028047441079548877,-0.299481046349707,0.011239920382843483,0.20561723917745198,-0.47354273265110153,0.382032,-0.014102,0.572442,1.4612245563546928,-0.21146409217163295,0.22972023614749368
89,2026-09-26T08:40:29.220+00:00,1.831,1790412029.2161472,1790412029.2041929,1790412029.2186651,TEACHING_MODE,NORMAL,START_RECORDING,REACH_TARGET_POS_SUCCESSFULLY,0.017296212887263806,-0.5787511799613198,0.028047441079548877,-0.299481046349707,0.011239920382843483,0.20561723917745198,-0.47354273265110153,0.382032,-0.014102,0.572442,1.4612245563546928,-0.21146409217163295,0.22972023614749368
90,2026-09-26T08:40:29.240+00:00,1.851,1790412029.2382817,1790412029.2249944,1790412029.2347436,TEACHING_MODE,NORMAL,START_RECORDING,REACH_TARGET_POS_SUCCESSFULLY,0.017296212887263806,-0.5787511799613198,0.028047441079548877,-0.299481046349707,0.011239920382843483,0.20561723917745198,-0.47354273265110153,0.382032,-0.014102,0.572442,1.4612245563546928,-0.21146409217163295,0.22972023614749368
91,2026-09-26T08:40:29.260+00:00,1.871,1790412029.2597528,1790412029.2446482,1790412029.258865,TEACHING_MODE,NORMAL,START_RECORDING,REACH_TARGET_POS_SUCCESSFULLY,0.017296212887263806,-0.5787511799613198,0.028047441079548877,-0.299481046349707,0.011239920382843483,0.20561723917745198,-0.47354273265110153,0.382032,-0.014102,0.572442,1.4612245563546928,-0.21146409217163295,0.22972023614749368
92,2026-09-26T08:40:29.280+00:00,1.891,1790412029.279736,1790412029.2647965,1790412029.2786558,TEACHING_MODE,NORMAL,START_RECORDING,REACH_TARGET_POS_SUCCESSFULLY,0.017296212887263806,-0.5787511799613198,0.028047441079548877,-0.299481046349707,0.011239920382843483,0.20561723917745198,-0.47354273265110153,0.382032,-0.014102,0.572442,1.4612245563546928,-0.21146409217163295,0.22972023614749368
93,2026-09-26T08:40:29.300+00:00,1.911,1790412029.2970855,1790412029.2857506,1790412029.2992425,TEACHING_MODE,NORMAL,START_RECORDING,REACH_TARGET_POS_SUCCESSFULLY,0.017296212887263806,-0.5787511799613198,0.028047441079548877,-0.299481046349707,0.011239920382843483,0.20561723917745198,-0.47354273265110153,0.382032,-0.014102,0.572442,1.4612245563546928,-0.21146409217163295,0.22972023614749368
94,2026-09-26T08:40:29.320+00:00,1.931,1790412029.3198464,1790412029.3047256,1790412029.3190174,TEACHING_MODE,NORMAL,START_RECORDING,REACH_TARGET_POS_SUCCESSFULLY,0.017296212887263806,-0.5787511799613198,0.028047441079548877,-0.299481046349707,0.011239920382843483,0.20561723917745198,-0.47354273265110153,0.382032,-0.014102,0.572442,1.4612245563546928,-0.21146409217163295,0.22972023614749368
95,2026-09-26T08:40:29.340+00:00,1.951,1790412029.337569,1790412029.324638,1790412029.3347585,TEACHING_MODE,NORMAL,START_RECORDING,REACH_TARGET_POS_SUCCESSFULLY,0.017296212887263806,-0.5787511799613198,0.028047441079548877,-0.299481046349707,0.011239920382843483,0.20561723917745198,-0.47354273265110153,0.382032,-0.014102,0.572442,1.4612245563546928,-0.21146409217163295,0.22972023614749368
96,2026-09-26T08:40:29.360+00:00,1.971,1790412029.3570597,1790412029.3453808,1790412029.359132,TEACHING_MODE,NORMAL,START_RECORDING,REACH_TARGET_POS_SUCCESSFULLY,0.017296212887263806,-0.5787511799613198,0.028047441079548877,-0.299481046349707,0.011239920382843483,0.20561723917745198,-0.47354273265110153,0.382032,-0.014102,0.572442,1.4612245563546928,-0.21146409217163295,0.22972023614749368
97,2026-09-26T08:40:29.380+00:00,1.991,1790412029.3772771,1790412029.364155,1790412029.3792453,TEACHING_MODE,NORMAL,START_RECORDING,REACH_TARGET_POS_SUCCESSFULLY,0.017296212887263806,-0.5787511799613198,0.028047441079548877,-0.299481046349707,0.011239920382843483,0.20561723917745198,-0.47354273265110153,0.382032,-0.014102,0.572442,1.4612245563546928,-0.21146409217163295,0.22972023614749368
98,2026-09-26T08:40:29.400+00:00,2.011,1790412029.398665,1790412029.384152,1790412029.3950498,TEACHING_MODE,NORMAL,START_RECORDING,REACH_TARGET_POS_SUCCESSFULLY,0.017296212887263806,-0.5787511799613198,0.028047441079548877,-0.299481046349707,0.011239920382843483,0.20561723917745198,-0.47354273265110153,0.382032,-0.014102,0.572442,1.4612245563546928,-0.21146409217163295,0.22972023614749368
99,2026-09-26T08:40:29.420+00:00,2.031,1790412029.4197536,1790412029.4047952,1790412029.4188602,TEACHING_MODE,NORMAL,START_RECORDING,REACH_TARGET_POS_SUCCESSFULLY,0.017296212887263806,-0.5787511799613198,0.028047441079548877,-0.299481046349707,0.011239920382843483,0.20561723917745198,-0.47354273265110153,0.382032,-0.014102,0.572442,1.4612245563546928,-0.21146409217163295,0.22972023614749368
100,2026-09-26T08:40:29.440+00:00,2.051,1790412029.4400609,1790412029.4241083,1790412029.439206,TEACHING_MODE,NORMAL,START_RECORDING,REACH_TARGET_POS_SUCCESSFULLY,0.017296212887263806,-0.5787511799613198,0.028047441079548877,-0.299481046349707,0.011239920382843483,0.20561723917745198,-0.47354273265110153,0.382032,-0.014102,0.572442,1.4612245563546928,-0.21146409217163295,0.22972023614749368
101,2026-09-26T08:40:29.460+00:00,2.071,1790412029.457483,1790412029.4446144,1790412029.4544218,TEACHING_MODE,NORMAL,START_RECORDING,REACH_TARGET_POS_SUCCESSFULLY,0.017296212887263806,-0.5787511799613198,0.028047441079548877,-0.299481046349707,0.011239920382843483,0.20561723917745198,-0.47354273265110153,0.382032,-0.014102,0.572442,1.4612245563546928,-0.21146409217163295,0.22972023614749368
102,2026-09-26T08:40:29.480+00:00,2.091,1790412029.4761977,1790412029.464357,1790412029.4787643,TEACHING_MODE,NORMAL,START_RECORDING,REACH_TARGET_POS_SUCCESSFULLY,0.017296212887263806,-0.5787511799613198,0.028047441079548877,-0.299481046349707,0.011239920382843483,0.20561723917745198,-0.47354273265110153,0.382032,-0.014102,0.572442,1.4612245563546928,-0.21146409217163295,0.22972023614749368
103,2026-09-26T08:40:29.500+00:00,2.111,1790412029.4963787,1790412029.4840622,1790412029.4992576,TEACHING_MODE,NORMAL,START_RECORDING,REACH_TARGET_POS_SUCCESSFULLY,0.017296212887263806,-0.5787511799613198,0.028047441079548877,-0.299481046349707,0.011239920382843483,0.20561723917745198,-0.47354273265110153,0.382032,-0.014102,0.572442,1.4612245563546928,-0.21146409217163295,0.22972023614749368
104,2026-09-26T08:40:29.520+00:00,2.131,1790412029.5168405,1790412029.50504,1790412029.5190268,TEACHING_MODE,NORMAL,START_RECORDING,REACH_TARGET_POS_SUCCESSFULLY,0.017296212887263806,-0.5787511799613198,0.028047441079548877,-0.299481046349707,0.011239920382843483,0.20561723917745198,-0.47354273265110153,0.382032,-0.014102,0.572442,1.4612245563546928,-0.21146409217163295,0.22972023614749368
105,2026-09-26T08:40:29.540+00:00,2.151,1790412029.539912,1790412029.524195,1790412029.5390522,TEACHING_MODE,NORMAL,START_RECORDING,REACH_TARGET_POS_SUCCESSFULLY,0.017296212887263806,-0.5787511799613198,0.028047441079548877,-0.299481046349707,0.011239920382843483,0.20561723917745198,-0.47354273265110153,0.382032,-0.014102,0.572442,1.4612245563546928,-0.21146409217163295,0.22972023614749368
106,2026-09-26T08:40:29.560+00:00,2.171,1790412029.5564406,1790412029.544158,1790412029.5596676,TEACHING_MODE,NORMAL,START_RECORDING,REACH_TARGET_POS_SUCCESSFULLY,0.017296212887263806,-0.5787511799613198,0.028047441079548877,-0.299481046349707,0.011239920382843483,0.20561723917745198,-0.47354273265110153,0.382032,-0.014102,0.572442,1.4612245563546928,-0.21146409217163295,0.22972023614749368
107,2026-09-26T08:40:29.580+00:00,2.191,1790412029.5763097,1790412029.5658805,1790412029.578913,TEACHING_MODE,NORMAL,START_RECORDING,REACH_TARGET_POS_SUCCESSFULLY,0.017296212887263806,-0.5787511799613198,0.028047441079548877,-0.299481046349707,0.011239920382843483,0.20561723917745198,-0.47354273265110153,0.382032,-0.014102,0.572442,1.4612245563546928,-0.21146409217163295,0.22972023614749368
108,2026-09-26T08:40:29.600+00:00,2.211,1790412029.597246,1790412029.5847986,1790412029.5992324,TEACHING_MODE,NORMAL,START_RECORDING,REACH_TARGET_POS_SUCCESSFULLY,0.017296212887263806,-0.5787511799613198,0.028047441079548877,-0.299481046349707,0.011239920382843483,0.20561723917745198,-0.47354273265110153,0.382032,-0.014102,0.572442,1.4612245563546928,-0.21146409217163295,0.22972023614749368
109,2026-09-26T08:40:29.620+00:00,2.231,1790412029.6176655,1790412029.6047401,1790412029.6179094,TEACHING_MODE,NORMAL,START_RECORDING,REACH_TARGET_POS_SUCCESSFULLY,0.017296212887263806,-0.5787511799613198,0.028047441079548877,-0.299481046349707,0.011239920382843483,0.20561723917745198,-0.47354273265110153,0.382032,-0.014102,0.572442,1.4612245563546928,-0.21146409217163295,0.22972023614749368
110,2026-09-26T08:40:29.640+00:00,2.251,1790412029.6397529,1790412029.624704,1790412029.638926,TEACHING_MODE,NORMAL,START_RECORDING,REACH_TARGET_POS_SUCCESSFULLY,0.017296212887263806,-0.5787511799613198,0.028047441079548877,-0.299481046349707,0.011239920382843483,0.20561723917745198,-0.47354273265110153,0.382032,-0.014102,0.572442,1.4612245563546928,-0.21146409217163295,0.22972023614749368
111,2026-09-26T08:40:29.660+00:00,2.271,1790412029.6600013,1790412029.6442387,1790412029.6590967,TEACHING_MODE,NORMAL,START_RECORDING,REACH_TARGET_POS_SUCCESSFULLY,0.017296212887263806,-0.5787511799613198,0.028047441079548877,-0.299481046349707,0.011239920382843483,0.20561723917745198,-0.47354273265110153,0.382032,-0.014102,0.572442,1.4612245563546928,-0.21146409217163295,0.22972023614749368
112,2026-09-26T08:40:29.680+00:00,2.291,1790412029.6752617,1790412029.6647165,1790412029.6793666,TEACHING_MODE,NORMAL,START_RECORDING,REACH_TARGET_POS_SUCCESSFULLY,0.017296212887263806,-0.5787511799613198,0.028047441079548877,-0.299481046349707,0.011239920382843483,0.20561723917745198,-0.47354273265110153,0.382032,-0.014102,0.572442,1.4612245563546928,-0.21146409217163295,0.22972023614749368
113,2026-09-26T08:40:29.700+00:00,2.311,1790412029.6998658,1790412029.6842413,1790412029.6990104,TEACHING_MODE,NORMAL,START_RECORDING,REACH_TARGET_POS_SUCCESSFULLY,0.017296212887263806,-0.5787511799613198,0.028047441079548877,-0.299481046349707,0.011239920382843483,0.20561723917745198,-0.47354273265110153,0.382032,-0.014102,0.572442,1.4612245563546928,-0.21146409217163295,0.22972023614749368
114,2026-09-26T08:40:29.720+00:00,2.331,1790412029.7149096,1790412029.7042437,1790412029.7193632,TEACHING_MODE,NORMAL,START_RECORDING,REACH_TARGET_POS_SUCCESSFULLY,0.016982053621904827,-0.5787511799613198,0.028047441079548877,-0.299481046349707,0.011239920382843483,0.20561723917745198,-0.47354273265110153,0.382031,-0.014126,0.572442,1.4612245563546928,-0.21146409217163295,0.22966787626993385
115,2026-09-26T08:40:29.740+00:00,2.351,1790412029.7348642,1790412029.7260964,1790412029.7392168,TEACHING_MODE,NORMAL,START_RECORDING,REACH_TARGET_POS_SUCCESSFULLY,0.015219271077390554,-0.5787511799613198,0.028047441079548877,-0.299481046349707,0.011239920382843483,0.20561723917745198,-0.47354273265110153,0.382027,-0.014225,0.572442,1.4612245563546928,-0.21146409217163295,0.22940607688213469
116,2026-09-26T08:40:29.760+00:00,2.371,1790412029.75527,1790412029.7443907,1790412029.7589173,TEACHING_MODE,NORMAL,START_RECORDING,REACH_TARGET_POS_SUCCESSFULLY,0.013142329267517301,-0.5787511799613198,0.028082347664588763,-0.299481046349707,0.011239920382843483,0.20561723917745198,-0.47354273265110153,0.382002,-0.014898,0.572442,1.4612245563546928,-0.21146409217163295,0.22764329433762043
117,2026-09-26T08:40:29.780+00:00,2.391,1790412029.7755463,1790412029.764218,1790412029.7798107,TEACHING_MODE,NORMAL,START_RECORDING,REACH_TARGET_POS_SUCCESSFULLY,0.008883725892651137,-0.5787511799613198,0.028082347664588763,-0.299481046349707,0.011239920382843483,0.20561723917745198,-0.47354273265110153,0.381948,-0.016225,0.572441,1.4612420096472125,-0.21146409217163295,0.22418754241867164
118,2026-09-26T08:40:29.800+00:00,2.411,1790412029.7999568,1790412029.78427,1790412029.7991083,TEACHING_MODE,NORMAL,START_RECORDING,REACH_TARGET_POS_SUCCESSFULLY,0.006928957130417489,-0.5787511799613198,0.028082347664588763,-0.299481046349707,0.011239920382843483,0.20561723917745198,-0.47354273265110153,0.381878,-0.017789,0.572441,1.4612420096472125,-0.21146409217163295,0.22008601867648495
119,2026-09-26T08:40:29.820+00:00,2.431,1790412029.8198173,1790412029.8043106,1790412029.8189123,TEACHING_MODE,NORMAL,START_RECORDING,REACH_TARGET_POS_SUCCESSFULLY,0.007696902001294993,-0.5787511799613198,0.028082347664588763,-0.299481046349707,0.011239920382843483,0.20561723917745198,-0.47354273265110153,0.381865,-0.018063,0.572441,1.4612420096472125,-0.21146409217163295,0.2193704336831673
120,2026-09-26T08:40:29.840+00:00,2.451,1790412029.8399994,1790412029.8250914,1790412029.8391542,TEACHING_MODE,NORMAL,START_RECORDING,REACH_TARGET_POS_SUCCESSFULLY,0.008255407361933179,-0.5787511799613198,0.028082347664588763,-0.299481046349707,0.011239920382843483,0.20561723917745198,-0.47354273265110153,0.38187899999999997,-0.017769999999999998,0.572441,1.4612420096472125,-0.21146409217163295,0.22013837855404478
121,2026-09-26T08:40:29.860+00:00,2.471,1790412029.8598118,1790412029.8446763,1790412029.8588197,TEACHING_MODE,NORMAL,START_RECORDING,REACH_TARGET_POS_SUCCESSFULLY,0.0096342174710087,-0.5786115536211601,0.02796017461694916,-0.299481046349707,0.011239920382843483,0.20561723917745198,-0.47354273265110153,0.381886,-0.017617,0.572441,1.4612420096472125,-0.21146409217163295,0.2205398042820035
122,2026-09-26T08:40:29.880+00:00,2.491,1790412029.8758028,1790412029.8647192,1790412029.8781002,TEACHING_MODE,NORMAL,START_RECORDING,REACH_TARGET_POS_SUCCESSFULLY,0.012915436464758038,-0.5785242871585604,0.02787290815434944,-0.299481046349707,0.011239920382843483,0.20561723917745198,-0.47354273265110153,0.38184999999999997,-0.017037,0.572496,1.4611547431846128,-0.2115862652192726,0.22200588085367873
123,2026-09-26T08:40:29.900+00:00,2.511,1790412029.900065,1790412029.885152,1790412029.8991113,TEACHING_MODE,NORMAL,START_RECORDING,REACH_TARGET_POS_SUCCESSFULLY,0.019216075064457567,-0.5785242871585604,0.026337018412594435,-0.299481046349707,0.011239920382843483,0.20561723917745198,-0.47354273265110153,0.381892,-0.015080999999999999,0.5725319999999999,1.4607358641641341,-0.2115862652192726,0.22677062971162323
124,2026-09-26T08:40:29.919+00:00,2.531,1790412029.9148002,1790412029.9042346,1790412029.9191122,TEACHING_MODE,NORMAL,START_RECORDING,REACH_TARGET_POS_SUCCESSFULLY,0.024452062820440556,-0.5785941003286402,0.026179938779914945,-0.299481046349707,0.011239920382843483,0.20561723917745198,-0.47354273265110153,0.38198299999999996,-0.013007,0.572519,1.460177358803496,-0.2113942790015532,0.23165755161720736
125,2026-09-26T08:40:29.940+00:00,2.551,1790412029.9352424,1790412029.9242537,1790412029.9342203,TEACHING_MODE,NORMAL,START_RECORDING,REACH_TARGET_POS_SUCCESSFULLY,0.029286624848464848,-0.5785941003286402,0.026179938779914945,-0.299481046349707,0.011239920382843483,0.20561723917745198,-0.47354273265110153,0.382059,-0.010539999999999999,0.572519,1.460177358803496,-0.2113942790015532,0.2381152698495864
126,2026-09-26T08:40:29.960+00:00,2.571,1790412029.9548156,1790412029.9447682,1790412029.9596994,TEACHING_MODE,NORMAL,START_RECORDING,REACH_TARGET_POS_SUCCESSFULLY,0.03935717463247213,-0.5785941003286402,0.026179938779914945,-0.299481046349707,0.011239920382843483,0.20561723917745198,-0.47354273265110153,0.382105,-0.008716,0.572519,1.460177358803496,-0.2113942790015532,0.24289747200005085
127,2026-09-26T08:40:29.980+00:00,2.591,1790412029.9749124,1790412029.9642065,1790412029.9794908,TEACHING_MODE,NORMAL,START_RECORDING,REACH_TARGET_POS_SUCCESSFULLY,0.044889868361294154,-0.5785941003286402,0.026179938779914945,-0.299481046349707,0.011239920382843483,0.20561723917745198,-0.47354273265110153,0.38216,-0.0058319999999999995,0.572519,1.460177358803496,-0.2113942790015532,0.25043729436866635
128,2026-09-26T08:40:30.000+00:00,2.611,1790412029.9951358,1790412029.9842448,1790412029.9941285,TEACHING_MODE,NORMAL,START_RECORDING,REACH_TARGET_POS_SUCCESSFULLY,0.05344198169606638,-0.5785941003286402,0.026179938779914945,-0.299481046349707,0.011239920382843483,0.20561723917745198,-0.47354273265110153,0.382195,-0.0026449999999999998,0.572519,1.460177358803496,-0.2113942790015532,0.25877996819319926
129,2026-09-26T08:40:30.020+00:00,2.631,1790412030.0147672,1790412030.004114,1790412030.01367,TEACHING_MODE,NORMAL,START_RECORDING,REACH_TARGET_POS_SUCCESSFULLY,0.059096848472528,-0.5785941003286402,0.026179938779914945,-0.299481046349707,0.011239920382843483,0.20561723917745198,-0.47354273265110153,0.382204,0.0005989999999999999,0.572519,1.460177358803496,-0.2113942790015532,0.2672622683578917
130,2026-09-26T08:40:30.040+00:00,2.651,1790412030.0347164,1790412030.0243046,1790412030.0394886,TEACHING_MODE,NORMAL,START_RECORDING,REACH_TARGET_POS_SUCCESSFULLY,0.07117452689632876,-0.5785941003286402,0.026179938779914945,-0.299481046349707,0.011239920382843483,0.20561723917745198,-0.47354273265110153,0.38218399999999997,0.003942,0.572519,1.460177358803496,-0.2113942790015532,0.2760063679103833
131,2026-09-26T08:40:30.060+00:00,2.671,1790412030.0547554,1790412030.0450027,1790412030.0596492,TEACHING_MODE,NORMAL,START_RECORDING,REACH_TARGET_POS_SUCCESSFULLY,0.08082619765985741,-0.5785766470361202,0.026179938779914945,-0.299481046349707,0.011239920382843483,0.20561723917745198,-0.47354273265110153,0.382129,0.0075769999999999995,0.572519,1.460177358803496,-0.2113942790015532,0.2855184123337524
132,2026-09-26T08:40:30.080+00:00,2.691,1790412030.0749803,1790412030.0642095,1790412030.0797682,TEACHING_MODE,NORMAL,START_RECORDING,REACH_TARGET_POS_SUCCESSFULLY,0.09030333549818662,-0.5785766470361202,0.026179938779914945,-0.299481046349707,0.011239920382843483,0.20561723917745198,-0.47354273265110153,0.38203,0.01126,0.572526,1.460177358803496,-0.21141173229407312,0.295170083097281
133,2026-09-26T08:40:30.100+00:00,2.711,1790412030.0954592,1790412030.0840797,1790412030.0945396,TEACHING_MODE,NORMAL,START_RECORDING,REACH_TARGET_POS_SUCCESSFULLY,0.09653416092780637,-0.5785766470361202,0.026179938779914945,-0.299481046349707,0.011239920382843483,0.20561723917745198,-0.47354273265110153,0.381951,0.013637999999999999,0.5725279999999999,1.460177358803496,-0.21141173229407312,0.3014009085269008
134,2026-09-26T08:40:30.120+00:00,2.731,1790412030.1149123,1790412030.1056578,1790412030.12002,TEACHING_MODE,NORMAL,START_RECORDING,REACH_TARGET_POS_SUCCESSFULLY,0.10576695267085638,-0.5785766470361202,0.026179938779914945,-0.299481046349707,0.011239920382843483,0.20554742600737222,-0.47354273265110153,0.381806,0.017224,0.5725279999999999,1.460177358803496,-0.21141173229407312,0.31079077990263027
135,2026-09-26T08:40:30.140+00:00,2.751,1790412030.1349401,1790412030.1245909,1790412030.1399577,TEACHING_MODE,NORMAL,START_RECORDING,REACH_TARGET_POS_SUCCESSFULLY,0.11463322527098757,-0.5785766470361202,0.026179938779914945,-0.299481046349707,0.011239920382843483,0.20554742600737222,-0.47354273265110153,0.381633,0.020685,0.572527,1.460229718681056,-0.2114291855865931,0.31977922555040106
136,2026-09-26T08:40:30.160+00:00,2.771,1790412030.1566544,1790412030.1446784,1790412030.1540892,TEACHING_MODE,NORMAL,START_RECORDING,REACH_TARGET_POS_SUCCESSFULLY,0.12051498485020846,-0.5785068338660405,0.026179938779914945,-0.299481046349707,0.011239920382843483,0.20554742600737222,-0.47354273265110153,0.38140599999999997,0.024096,0.57255,1.4602122653885359,-0.21148154546415293,0.328732764613132
137,2026-09-26T08:40:30.180+00:00,2.791,1790412030.175076,1790412030.1642003,1790412030.1737878,TEACHING_MODE,NORMAL,START_RECORDING,REACH_TARGET_POS_SUCCESSFULLY,0.1322261441310904,-0.5785068338660405,0.026179938779914945,-0.299481046349707,0.011239920382843483,0.20554742600737222,-0.47354273265110153,0.38117999999999996,0.027437,0.57255,1.4602122653885359,-0.21148154546415293,0.3374943174581435
138,2026-09-26T08:40:30.200+00:00,2.811,1790412030.1947653,1790412030.184236,1790412030.193728,TEACHING_MODE,NORMAL,START_RECORDING,REACH_TARGET_POS_SUCCESSFULLY,0.14107496343870166,-0.5785068338660405,0.026179938779914945,-0.299481046349707,0.011239920382843483,0.20554742600737222,-0.47354273265110153,0.38092699999999996,0.030754,0.57255,1.4602122653885359,-0.21148154546415293,0.3462035104255952
139,2026-09-26T08:40:30.220+00:00,2.831,1790412030.2147565,1790412030.2048259,1790412030.2138488,TEACHING_MODE,NORMAL,START_RECORDING,REACH_TARGET_POS_SUCCESSFULLY,0.1470614427730422,-0.5785068338660405,0.026179938779914945,-0.299481046349707,0.011239920382843483,0.20554742600737222,-0.47354273265110153,0.380637,0.034152999999999996,0.57255,1.4602122653885359,-0.21148154546415293,0.35512214290328625
140,2026-09-26T08:40:30.240+00:00,2.851,1790412030.2347162,1790412030.2241971,1790412030.2338343,TEACHING_MODE,NORMAL,START_RECORDING,REACH_TARGET_POS_SUCCESSFULLY,0.1561720614684526,-0.5785068338660405,0.026179938779914945,-0.299481046349707,0.011239920382843483,0.20554742600737222,-0.47354273265110153,0.380311,0.037611,0.57255,1.4602122653885359,-0.21148154546415293,0.3642153083061767
141,2026-09-26T08:40:30.260+00:00,2.871,1790412030.2550254,1790412030.2443001,1790412030.253771,TEACHING_MODE,NORMAL,START_RECORDING,REACH_TARGET_POS_SUCCESSFULLY,0.1655270262591422,-0.5785068338660405,0.026179938779914945,-0.299481046349707,0.011239920382843483,0.20554742600737222,-0.47354273265110153,0.38007399999999997,0.039939999999999996,0.57255,1.4602122653885359,-0.21148154546415293,0.3703414139806768
142,2026-09-26T08:40:30.280+00:00,2.891,1790412030.27497,1790412030.2661016,1790412030.27369,TEACHING_MODE,NORMAL,START_RECORDING,REACH_TARGET_POS_SUCCESSFULLY,0.17510888385259107,-0.5785068338660405,0.02611012560983517,-0.299481046349707,0.011239920382843483,0.20554742600737222,-0.47354273265110153,0.37967799999999996,0.043536,0.57255,1.4602122653885359,-0.21148154546415293,0.379801098526486
143,2026-09-26T08:40:30.300+00:00,2.911,1790412030.2948241,1790412030.284395,1790412030.2939312,TEACHING_MODE,NORMAL,START_RECORDING,REACH_TARGET_POS_SUCCESSFULLY,0.18434167559564107,-0.5785068338660405,0.02611012560983517,-0.299481046349707,0.011239920382843483,0.20554742600737222,-0.47354273265110153,0.379254,0.047082,0.5725509999999999,1.460177358803496,-0.21148154546415293,0.3891037034396158
144,2026-09-26T08:40:30.320+00:00,2.931,1790412030.3159204,1790412030.304258,1790412030.3196738,TEACHING_MODE,NORMAL,START_RECORDING,REACH_TARGET_POS_SUCCESSFULLY,0.19371409367885065,-0.5785068338660405,0.025132741228718343,-0.299481046349707,0.011239920382843483,0.20554742600737222,-0.47354273265110153,0.378803,0.050557,0.572554,1.4600202791708166,-0.21144663887911302,0.39814450896494646
145,2026-09-26T08:40:30.340+00:00,2.951,1790412030.3386467,1790412030.330097,1790412030.3374763,TEACHING_MODE,NORMAL,START_RECORDING,REACH_TARGET_POS_SUCCESSFULLY,0.20338321773489923,-0.5785068338660405,0.023631758072003222,-0.299481046349707,0.011239920382843483,0.20554742600737222,-0.47354273265110153,0.378307,0.054042,0.572566,1.4594443205176584,-0.21132446583147343,0.4068013420548383
146,2026-09-26T08:40:30.360+00:00,2.971,1790412030.3560143,1790412030.3477423,1790412030.3551033,TEACHING_MODE,NORMAL,START_RECORDING,REACH_TARGET_POS_SUCCESSFULLY,0.20980602938223836,-0.5785068338660405,0.0209614043164519,-0.299481046349707,0.011239920382843483,0.20554742600737222,-0.47354273265110153,0.377766,0.057551,0.572587,1.4584494828440215,-0.2111150263212341,0.4151789224644111
147,2026-09-26T08:40:30.380+00:00,2.991,1790412030.3793797,1790412030.368481,1790412030.378104,TEACHING_MODE,NORMAL,START_RECORDING,REACH_TARGET_POS_SUCCESSFULLY,0.21924826063552766,-0.5785068338660405,0.018709929581379212,-0.299481046349707,0.011239920382843483,0.20554742600737222,-0.47354273265110153,0.377193,0.060934999999999996,0.572623,1.4567390601770671,-0.21076596047083523,0.42257911849286706
148,2026-09-26T08:40:30.400+00:00,3.011,1790412030.3952005,1790412030.3872106,1790412030.3988812,TEACHING_MODE,NORMAL,START_RECORDING,REACH_TARGET_POS_SUCCESSFULLY,0.23136084564436832,-0.5785068338660405,0.01350884841043611,-0.299481046349707,0.011239920382843483,0.20554742600737222,-0.47354273265110153,0.37682499999999997,0.062987,0.57265,1.4554998764081513,-0.21052161437555603,0.4268900817452931
149,2026-09-26T08:40:30.420+00:00,3.031,1790412030.4198117,1790412030.4042478,1790412030.4187815,TEACHING_MODE,NORMAL,START_RECORDING,REACH_TARGET_POS_SUCCESSFULLY,0.24022711824449955,-0.5785068338660405,0.010262536001726658,-0.299481046349707,0.011239920382843483,0.20554742600737222,-0.47354273265110153,0.37623,0.066131,0.5726979999999999,1.4532833082581182,-0.2100678287700375,0.4332081736375126
150,2026-09-26T08:40:30.440+00:00,3.051,1790412030.4352074,1790412030.4261706,1790412030.4390607,TEACHING_MODE,NORMAL,START_RECORDING,REACH_TARGET_POS_SUCCESSFULLY,0.24856979206903243,-0.5785766470361202,0.0032637657012293962,-0.299481046349707,0.011239920382843483,0.20554742600737222,-0.47354273265110153,0.37563599999999997,0.06905399999999999,0.572757,1.450595501210047,-0.20952677670191927,0.4385314278560953
151,2026-09-26T08:40:30.460+00:00,3.071,1790412030.4547207,1790412030.4443622,1790412030.4586267,TEACHING_MODE,NORMAL,START_RECORDING,REACH_TARGET_POS_SUCCESSFULLY,0.2565983066282063,-0.5786464602062,-0.0020420352248333657,-0.299481046349707,0.011239920382843483,0.20554742600737222,-0.47354273265110153,0.375084,0.07174599999999999,0.572798,1.4476808013592166,-0.20889845817120128,0.44301692403372067
152,2026-09-26T08:40:30.480+00:00,3.091,1790412030.4747238,1790412030.4643621,1790412030.4793189,TEACHING_MODE,NORMAL,START_RECORDING,REACH_TARGET_POS_SUCCESSFULLY,0.261939014139309,-0.5787860865463595,-0.0054105206811824215,-0.299481046349707,0.011239920382843483,0.20554742600737222,-0.47354273265110153,0.374538,0.074319,0.5728369999999999,1.444766101508386,-0.20827013964048335,0.4471882609459871
153,2026-09-26T08:40:30.500+00:00,3.111,1790412030.494826,1790412030.485718,1790412030.4994004,TEACHING_MODE,NORMAL,START_RECORDING,REACH_TARGET_POS_SUCCESSFULLY,0.26708773543269226,-0.5787860865463595,-0.010402162341886203,-0.299481046349707,0.011239920382843483,0.20554742600737222,-0.47354273265110153,0.374008,0.076834,0.572855,1.4419037615351153,-0.2076069145247255,0.45121997151809407
154,2026-09-26T08:40:30.520+00:00,3.131,1790412030.514795,1790412030.5048249,1790412030.5187304,TEACHING_MODE,NORMAL,START_RECORDING,REACH_TARGET_POS_SUCCESSFULLY,0.27689648582890036,-0.579257325444398,-0.013439035240356337,-0.299481046349707,0.011239920382843483,0.20554742600737222,-0.47354273265110153,0.373481,0.07916,0.5728909999999999,1.4394253939972834,-0.2070833157491272,0.45514696233508123
155,2026-09-26T08:40:30.540+00:00,3.151,1790412030.5350964,1790412030.5246096,1790412030.5393708,TEACHING_MODE,NORMAL,START_RECORDING,REACH_TARGET_POS_SUCCESSFULLY,0.2812423556663663,-0.579588938002277,-0.016510814723866358,-0.299481046349707,0.011239920382843483,0.20554742600737222,-0.47354273265110153,0.37324399999999996,0.080928,0.572769,1.437959317425608,-0.20640263734084943,0.45834091486623085
156,2026-09-26T08:40:30.560+00:00,3.171,1790412030.5548124,1790412030.5464299,1790412030.5591404,TEACHING_MODE,NORMAL,START_RECORDING,REACH_TARGET_POS_SUCCESSFULLY,0.290562413872016,-0.5797809242199964,-0.019634954084936207,-0.299481046349707,0.011239920382843483,0.20554742600737222,-0.47354273265110153,0.372837,0.08324899999999999,0.57268,1.4363885210988134,-0.20577431881013147,0.46296603738401587
157,2026-09-26T08:40:30.580+00:00,3.191,1790412030.5748281,1790412030.5647116,1790412030.578711,TEACHING_MODE,NORMAL,START_RECORDING,REACH_TARGET_POS_SUCCESSFULLY,0.29450685798152315,-0.5799380038526758,-0.02171189589480946,-0.299481046349707,0.011362093430483085,0.20554742600737222,-0.47354273265110153,0.372392,0.08561099999999999,0.5726019999999999,1.4349398978196581,-0.20521581344949327,0.4677831461195202
158,2026-09-26T08:40:30.600+00:00,3.211,1790412030.5954592,1790412030.5853634,1790412030.5945039,TEACHING_MODE,NORMAL,START_RECORDING,REACH_TARGET_POS_SUCCESSFULLY,0.300720230118623,-0.5800252703152756,-0.022863813201125717,-0.299481046349707,0.011362093430483085,0.20554742600737222,-0.47354273265110153,0.371925,0.087653,0.572595,1.4339450601460213,-0.2049540140616941,0.47232100217470546
159,2026-09-26T08:40:30.620+00:00,3.231,1790412030.6198547,1790412030.6074958,1790412030.6188817,TEACHING_MODE,NORMAL,START_RECORDING,REACH_TARGET_POS_SUCCESSFULLY,0.30600857775216583,-0.5807234020160733,-0.025080381351158518,-0.299481046349707,0.011362093430483085,0.20554742600737222,-0.47354273265110153,0.371452,0.08986999999999999,0.572546,1.4330374889349842,-0.20460494821129527,0.4773650037129691
160,2026-09-26T08:40:30.640+00:00,3.251,1790412030.6398044,1790412030.6246512,1790412030.6387055,TEACHING_MODE,NORMAL,START_RECORDING,REACH_TARGET_POS_SUCCESSFULLY,0.3117332576987072,-0.580828121771193,-0.026267205242514663,-0.299481046349707,0.011362093430483085,0.20554742600737222,-0.47354273265110153,0.37122299999999997,0.091753,0.572349,1.4323044506491465,-0.20390681651049752,0.4814665274551558
161,2026-09-26T08:40:30.660+00:00,3.271,1790412030.6562824,1790412030.644986,1790412030.659455,TEACHING_MODE,NORMAL,START_RECORDING,REACH_TARGET_POS_SUCCESSFULLY,0.31553807546805485,-0.5808630283562328,-0.02637192499763432,-0.299481046349707,0.011362093430483085,0.20554742600737222,-0.47354273265110153,0.370743,0.093773,0.572328,1.4318855716286678,-0.20374973687781803,0.4864756224083795
162,2026-09-26T08:40:30.680+00:00,3.291,1790412030.6797197,1790412030.665935,1790412030.678776,TEACHING_MODE,NORMAL,START_RECORDING,REACH_TARGET_POS_SUCCESSFULLY,0.3236189499047886,-0.5808630283562328,-0.02637192499763432,-0.299481046349707,0.011362093430483085,0.20554742600737222,-0.47354273265110153,0.370368,0.095315,0.5723119999999999,1.4318855716286678,-0.2036973770002582,0.49061205273560604
163,2026-09-26T08:40:30.700+00:00,3.311,1790412030.6997764,1790412030.684777,1790412030.698731,TEACHING_MODE,NORMAL,START_RECORDING,REACH_TARGET_POS_SUCCESSFULLY,0.3304082806950465,-0.5808630283562328,-0.02637192499763432,-0.299481046349707,0.011362093430483085,0.20554742600737222,-0.47354273265110153,0.36979399999999996,0.09752,0.5723119999999999,1.4318855716286678,-0.2036973770002582,0.49656362548490673
164,2026-09-26T08:40:30.720+00:00,3.331,1790412030.7154214,1790412030.7064474,1790412030.7192883,TEACHING_MODE,NORMAL,START_RECORDING,REACH_TARGET_POS_SUCCESSFULLY,0.33775611684594264,-0.5808630283562328,-0.02637192499763432,-0.299481046349707,0.011362093430483085,0.20554742600737222,-0.47354273265110153,0.369124,0.10002699999999999,0.5723119999999999,1.4318855716286678,-0.2036973770002582,0.5033529562751646
165,2026-09-26T08:40:30.740+00:00,3.351,1790412030.739965,1790412030.7248607,1790412030.7390504,TEACHING_MODE,NORMAL,START_RECORDING,REACH_TARGET_POS_SUCCESSFULLY,0.3458544445751963,-0.5808630283562328,-0.02637192499763432,-0.299481046349707,0.011362093430483085,0.20554742600737222,-0.47354273265110153,0.368378,0.102739,0.5723119999999999,1.4318855716286678,-0.2036973770002582,0.5107182457185807
166,2026-09-26T08:40:30.760+00:00,3.371,1790412030.7552857,1790412030.7449214,1790412030.7541807,TEACHING_MODE,NORMAL,START_RECORDING,REACH_TARGET_POS_SUCCESSFULLY,0.35142204488905826,-0.5808804816487528,-0.02637192499763432,-0.2995334062272668,0.011449359893082803,0.20554742600737222,-0.47354273265110153,0.36753399999999997,0.10571799999999999,0.5723119999999999,1.4318855716286678,-0.2036973770002582,0.5188165734478344
167,2026-09-26T08:40:30.780+00:00,3.391,1790412030.775019,1790412030.766202,1790412030.7788172,TEACHING_MODE,NORMAL,START_RECORDING,REACH_TARGET_POS_SUCCESSFULLY,0.35959018578839175,-0.5810026546963923,-0.02637192499763432,-0.29960321939734663,0.011449359893082803,0.20554742600737222,-0.47354273265110153,0.366707,0.108774,0.572248,1.4319902913837874,-0.20350539078253882,0.5271068873948075
168,2026-09-26T08:40:30.800+00:00,3.411,1790412030.7998285,1790412030.785505,1790412030.7987735,TEACHING_MODE,NORMAL,START_RECORDING,REACH_TARGET_POS_SUCCESSFULLY,0.368124845830644,-0.5810026546963923,-0.02637192499763432,-0.2996730325674264,0.011449359893082803,0.2055125194223323,-0.47354273265110153,0.365821,0.111784,0.5722309999999999,1.4320077446763075,-0.203453030904979,0.5353099348791808
169,2026-09-26T08:40:30.820+00:00,3.431,1790412030.815217,1790412030.8052053,1790412030.8190634,TEACHING_MODE,NORMAL,START_RECORDING,REACH_TARGET_POS_SUCCESSFULLY,0.3768689453831356,-0.5810026546963923,-0.02637192499763432,-0.2996730325674264,0.011449359893082803,0.2055125194223323,-0.47354273265110153,0.365178,0.11390499999999999,0.572216,1.4320426512613473,-0.20338321773489923,0.5410695214107621
170,2026-09-26T08:40:30.840+00:00,3.451,1790412030.8398201,1790412030.8262212,1790412030.8388631,TEACHING_MODE,NORMAL,START_RECORDING,REACH_TARGET_POS_SUCCESSFULLY,0.38273325166983657,-0.5810026546963923,-0.02637192499763432,-0.2996730325674264,0.011449359893082803,0.2055125194223323,-0.47354273265110153,0.364168,0.11709399999999999,0.572216,1.4320426512613473,-0.20338321773489923,0.5498136209632537
171,2026-09-26T08:40:30.860+00:00,3.471,1790412030.8597667,1790412030.8457189,1790412030.8587213,TEACHING_MODE,NORMAL,START_RECORDING,REACH_TARGET_POS_SUCCESSFULLY,0.39433969119559886,-0.5810026546963923,-0.02637192499763432,-0.2996730325674264,0.011449359893082803,0.2055125194223323,-0.47354273265110153,0.363124,0.120293,0.572216,1.4320426512613473,-0.20338321773489923,0.5586100803933051
172,2026-09-26T08:40:30.880+00:00,3.491,1790412030.8756547,1790412030.8657305,1790412030.8793871,TEACHING_MODE,NORMAL,START_RECORDING,REACH_TARGET_POS_SUCCESSFULLY,0.40292671111541095,-0.5810026546963923,-0.02637192499763432,-0.2996730325674264,0.011449359893082803,0.2055125194223323,-0.47354273265110153,0.362066,0.123439,0.572216,1.4320426512613473,-0.20338321773489923,0.5672843667757169
173,2026-09-26T08:40:30.900+00:00,3.511,1790412030.8998744,1790412030.8860204,1790412030.8988075,TEACHING_MODE,NORMAL,START_RECORDING,REACH_TARGET_POS_SUCCESSFULLY,0.4083721383816332,-0.5810026546963923,-0.02637192499763432,-0.2996730325674264,0.011449359893082803,0.20542525295973257,-0.47354273265110153,0.360992,0.126547,0.572216,1.4320426512613473,-0.20338321773489923,0.575871386695529
174,2026-09-26T08:40:30.920+00:00,3.531,1790412030.9196758,1790412030.905719,1790412030.9186242,TEACHING_MODE,NORMAL,START_RECORDING,REACH_TARGET_POS_SUCCESSFULLY,0.4165751858660066,-0.5810026546963923,-0.02637192499763432,-0.2996730325674264,0.011449359893082803,0.20542525295973257,-0.47354273265110153,0.359944,0.129493,0.572214,1.4320950111389072,-0.20340067102741916,0.5839871677173026
175,2026-09-26T08:40:30.940+00:00,3.551,1790412030.9398515,1790412030.9266708,1790412030.9389234,TEACHING_MODE,NORMAL,START_RECORDING,REACH_TARGET_POS_SUCCESSFULLY,0.4244117142074611,-0.5810026546963923,-0.02637192499763432,-0.2996730325674264,0.011449359893082803,0.20539034637469272,-0.47354273265110153,0.35889699999999997,0.13236599999999998,0.572214,1.4320950111389072,-0.20340067102741916,0.5919807756914367
176,2026-09-26T08:40:30.960+00:00,3.571,1790412030.9597065,1790412030.9466426,1790412030.958605,TEACHING_MODE,NORMAL,START_RECORDING,REACH_TARGET_POS_SUCCESSFULLY,0.4322656958414356,-0.5810026546963923,-0.026459191460234035,-0.2996730325674264,0.011449359893082803,0.20539034637469272,-0.47354273265110153,0.35819,0.134269,0.572214,1.4321124644314271,-0.20340067102741916,0.5972516700324596
177,2026-09-26T08:40:30.980+00:00,3.591,1790412030.974777,1790412030.9657197,1790412030.9793952,TEACHING_MODE,NORMAL,START_RECORDING,REACH_TARGET_POS_SUCCESSFULLY,0.43708280457693993,-0.5810026546963923,-0.02659881780039358,-0.2996730325674264,0.011449359893082803,0.20532053320461294,-0.47354273265110153,0.35712499999999997,0.137071,0.572215,1.4320601045538675,-0.20340067102741916,0.6050358384963543
178,2026-09-26T08:40:31.000+00:00,3.611,1790412030.9948318,1790412030.988647,1790412030.999257,TEACHING_MODE,NORMAL,START_RECORDING,REACH_TARGET_POS_SUCCESSFULLY,0.4461759699798304,-0.5810026546963923,-0.027314402793711258,-0.2996730325674264,0.011449359893082803,0.20525072003453315,-0.47354273265110153,0.35612699999999997,0.139623,0.5722189999999999,1.431903024921188,-0.2033657644423793,0.6119647956267719
179,2026-09-26T08:40:31.020+00:00,3.631,1790412031.0199046,1790412031.0060594,1790412031.0186284,TEACHING_MODE,NORMAL,START_RECORDING,REACH_TARGET_POS_SUCCESSFULLY,0.45183083675629204,-0.5810026546963923,-0.02869321290278678,-0.2996730325674264,0.011449359893082803,0.20516345357193344,-0.47354273265110153,0.355195,0.141953,0.572225,1.4316761321184286,-0.2033308578573394,0.6181956210563916
180,2026-09-26T08:40:31.040+00:00,3.651,1790412031.0356677,1790412031.0259223,1790412031.0392478,TEACHING_MODE,NORMAL,START_RECORDING,REACH_TARGET_POS_SUCCESSFULLY,0.454012498321285,-0.5810026546963923,-0.02933898472602468,-0.2996730325674264,0.011449359893082803,0.20516345357193344,-0.47354273265110153,0.35440699999999997,0.143848,0.572243,1.430978000417631,-0.2032086848096998,0.6227858369891366
181,2026-09-26T08:40:31.060+00:00,3.671,1790412031.0599108,1790412031.044685,1790412031.0586777,TEACHING_MODE,NORMAL,START_RECORDING,REACH_TARGET_POS_SUCCESSFULLY,0.4555134814780001,-0.5809328415263126,-0.030543261909900768,-0.2996730325674264,0.011449359893082803,0.20516345357193344,-0.47354273265110153,0.353996,0.144815,0.572257,1.4304369483495125,-0.20312141834710007,0.6250198584316894
182,2026-09-26T08:40:31.080+00:00,3.691,1790412031.0748942,1790412031.0644147,1790412031.0788207,TEACHING_MODE,NORMAL,START_RECORDING,REACH_TARGET_POS_SUCCESSFULLY,0.45594981379099864,-0.5809328415263126,-0.03262020371977402,-0.2996730325674264,0.011449359893082803,0.20516345357193344,-0.47354273265110153,0.353838,0.14504999999999998,0.572307,1.4296166436010753,-0.20306905846954024,0.6250198584316894
183,2026-09-26T08:40:31.100+00:00,3.711,1790412031.0951035,1790412031.0866995,1790412031.0992088,TEACHING_MODE,NORMAL,START_RECORDING,REACH_TARGET_POS_SUCCESSFULLY,0.45547857489296023,-0.5808630283562328,-0.03623303527140228,-0.2996730325674264,0.011449359893082803,0.20516345357193344,-0.47354273265110153,0.353865,0.144877,0.5723429999999999,1.4281854736144401,-0.20282471237426106,0.623257075887175
184,2026-09-26T08:40:31.120+00:00,3.731,1790412031.11977,1790412031.1062894,1790412031.1186771,TEACHING_MODE,NORMAL,START_RECORDING,REACH_TARGET_POS_SUCCESSFULLY,0.45411721807640465,-0.5808630283562328,-0.040491638646268445,-0.2995683128123067,0.011449359893082803,0.20516345357193344,-0.47354273265110153,0.353931,0.14449099999999998,0.5724239999999999,1.4267717569203247,-0.20275489920418127,0.6209881478595825
185,2026-09-26T08:40:31.140+00:00,3.751,1790412031.1397696,1790412031.124659,1790412031.1386545,TEACHING_MODE,NORMAL,START_RECORDING,REACH_TARGET_POS_SUCCESSFULLY,0.44659484900030905,-0.5808106684786729,-0.04377285764001779,-0.29946359305718706,0.011449359893082803,0.2051110936943736,-0.47354273265110153,0.354382,0.143196,0.572485,1.4244155624301322,-0.20237092676874252,0.6152285613280012
186,2026-09-26T08:40:31.160+00:00,3.771,1790412031.1597238,1790412031.148041,1790412031.15881,TEACHING_MODE,NORMAL,START_RECORDING,REACH_TARGET_POS_SUCCESSFULLY,0.4382172685907363,-0.5807234020160733,-0.052185344634630454,-0.29946359305718706,0.011449359893082803,0.2051110936943736,-0.47354273265110153,0.355301,0.14054,0.572606,1.4215183158718216,-0.20209167408842343,0.6051754648365139
187,2026-09-26T08:40:31.180+00:00,3.791,1790412031.174711,1790412031.1643136,1790412031.1793685,TEACHING_MODE,NORMAL,START_RECORDING,REACH_TARGET_POS_SUCCESSFULLY,0.43071235280716064,-0.5807408553085932,-0.0596204472481263,-0.29946359305718706,0.011449359893082803,0.2051110936943736,-0.47354273265110153,0.356524,0.137019,0.5727289999999999,1.4179403909052333,-0.20160298189786502,0.5921204020315963
188,2026-09-26T08:40:31.200+00:00,3.811,1790412031.1950183,1790412031.1861675,1790412031.1991863,TEACHING_MODE,NORMAL,START_RECORDING,REACH_TARGET_POS_SUCCESSFULLY,0.41671481220616613,-0.5807408553085932,-0.06497860805174889,-0.29946359305718706,0.011449359893082803,0.2051110936943736,-0.47354273265110153,0.358201,0.132211,0.572839,1.4138214138705265,-0.200992116659667,0.574981268777012
189,2026-09-26T08:40:31.220+00:00,3.831,1790412031.2197807,1790412031.2078183,1790412031.218869,TEACHING_MODE,NORMAL,START_RECORDING,REACH_TARGET_POS_SUCCESSFULLY,0.399209159808663,-0.5807408553085932,-0.07356562797156099,-0.29946359305718706,0.011449359893082803,0.2051110936943736,-0.47354273265110153,0.36024999999999996,0.12609,0.572965,1.409335917692901,-0.2003463448364291,0.5539151447054405
190,2026-09-26T08:40:31.240+00:00,3.851,1790412031.2347806,1790412031.2242203,1790412031.2392168,TEACHING_MODE,NORMAL,START_RECORDING,REACH_TARGET_POS_SUCCESSFULLY,0.3788062608528493,-0.580513962505834,-0.0821526478913731,-0.29946359305718706,0.011449359893082803,0.2051110936943736,-0.47354273265110153,0.36261,0.118632,0.573102,1.4045188089573968,-0.19968311972067126,0.5289743896944414
191,2026-09-26T08:40:31.260+00:00,3.871,1790412031.2552278,1790412031.2444594,1790412031.2596962,TEACHING_MODE,NORMAL,START_RECORDING,REACH_TARGET_POS_SUCCESSFULLY,0.3644072945238961,-0.5804616026282742,-0.0875980751575954,-0.29946359305718706,0.011554079648202462,0.2051110936943736,-0.47354273265110153,0.364164,0.113092,0.573278,1.4013946695963269,-0.19949113350295186,0.5110324049839398
192,2026-09-26T08:40:31.280+00:00,3.891,1790412031.27981,1790412031.2656872,1790412031.2786777,TEACHING_MODE,NORMAL,START_RECORDING,REACH_TARGET_POS_SUCCESSFULLY,0.3343527248045537,-0.5804092427507144,-0.09482373826085193,-0.29946359305718706,0.011554079648202462,0.2051110936943736,-0.47354273265110153,0.366552,0.10446799999999999,0.573429,1.3969789865887812,-0.19898498801987352,0.48347365609494924
193,2026-09-26T08:40:31.300+00:00,3.911,1790412031.295186,1790412031.2842937,1790412031.2986803,TEACHING_MODE,NORMAL,START_RECORDING,REACH_TARGET_POS_SUCCESSFULLY,0.3114365517258682,-0.5804092427507144,-0.10267771989482641,-0.29946359305718706,0.011554079648202462,0.2051110936943736,-0.47354273265110153,0.368821,0.09555999999999999,0.5735589999999999,1.3931916221119536,-0.1985661089993949,0.45584509403587903
194,2026-09-26T08:40:31.320+00:00,3.931,1790412031.3168707,1790412031.305325,1790412031.3191197,TEACHING_MODE,NORMAL,START_RECORDING,REACH_TARGET_POS_SUCCESSFULLY,0.29613001418587787,-0.5804092427507144,-0.10814060045356866,-0.29946359305718706,0.011554079648202462,0.2051110936943736,-0.47354273265110153,0.370911,0.086604,0.573657,1.389997669580804,-0.19819958985647607,0.4287401307524071
195,2026-09-26T08:40:31.340+00:00,3.951,1790412031.3397915,1790412031.3250103,1790412031.3388789,TEACHING_MODE,NORMAL,START_RECORDING,REACH_TARGET_POS_SUCCESSFULLY,0.2739643326855499,-0.5800950834853553,-0.11131709969219834,-0.29946359305718706,0.011554079648202462,0.2051110936943736,-0.47354273265110153,0.372778,0.077653,0.573751,1.386943343389814,-0.1978505240060772,0.40189696685673426
196,2026-09-26T08:40:31.360+00:00,3.971,1790412031.3597257,1790412031.3447266,1790412031.358682,TEACHING_MODE,NORMAL,START_RECORDING,REACH_TARGET_POS_SUCCESSFULLY,0.25354398043721627,-0.5795365781247171,-0.11583750245486366,-0.29946359305718706,0.011554079648202462,0.2051110936943736,-0.47354273265110153,0.37407599999999996,0.069113,0.574077,1.384150816586623,-0.19818213656395614,0.3767642256280159
197,2026-09-26T08:40:31.380+00:00,3.991,1790412031.3761032,1790412031.3663478,1790412031.3792129,TEACHING_MODE,NORMAL,START_RECORDING,REACH_TARGET_POS_SUCCESSFULLY,0.23439771854283845,-0.5794318583695974,-0.11969468010177113,-0.29946359305718706,0.011676252695842066,0.2051110936943736,-0.47354273265110153,0.375254,0.061256,0.5742389999999999,1.3818644352665104,-0.19818213656395614,0.35381314596429053
198,2026-09-26T08:40:31.400+00:00,4.011,1790412031.3998325,1790412031.3845048,1790412031.3989687,TEACHING_MODE,NORMAL,START_RECORDING,REACH_TARGET_POS_SUCCESSFULLY,0.21594958834925843,-0.5794318583695974,-0.12233012727228257,-0.29946359305718706,0.011676252695842066,0.2051110936943736,-0.47354273265110153,0.375924,0.056218,0.57434,1.3799445730893165,-0.19807741680883648,0.3386636880569797
199,2026-09-26T08:40:31.420+00:00,4.031,1790412031.4151812,1790412031.4046547,1790412031.4188235,TEACHING_MODE,NORMAL,START_RECORDING,REACH_TARGET_POS_SUCCESSFULLY,0.19914206765255302,-0.5794318583695974,-0.12472122834751478,-0.29946359305718706,0.011676252695842066,0.2051110936943736,-0.47354273265110153,0.37688,0.049145,0.574369,1.3790370018782796,-0.19799015034623674,0.3190287339720435
200,2026-09-26T08:40:31.440+00:00,4.051,1790412031.43978,1790412031.425325,1790412031.4387884,TEACHING_MODE,NORMAL,START_RECORDING,REACH_TARGET_POS_SUCCESSFULLY,0.18460347498344024,-0.5794318583695974,-0.12627457138178974,-0.29946359305718706,0.011676252695842066,0.2051809068644534,-0.47354273265110153,0.377625,0.042607,0.5744119999999999,1.3777105516467638,-0.1978505240060772,0.3004933373158637
201,2026-09-26T08:40:31.460+00:00,4.071,1790412031.4597569,1790412031.4448228,1790412031.458685,TEACHING_MODE,NORMAL,START_RECORDING,REACH_TARGET_POS_SUCCESSFULLY,0.1715658654710426,-0.5794318583695974,-0.1262571180892698,-0.29946359305718706,0.011676252695842066,0.2051809068644534,-0.47354273265110153,0.37818599999999997,0.036987,0.574441,1.376802980435727,-0.19776325754347748,0.2848900938030344
202,2026-09-26T08:40:31.480+00:00,4.091,1790412031.4750667,1790412031.4653847,1790412031.47902,TEACHING_MODE,NORMAL,START_RECORDING,REACH_TARGET_POS_SUCCESSFULLY,0.1636246173744684,-0.5794318583695974,-0.1262571180892698,-0.29946359305718706,0.011676252695842066,0.2051809068644534,-0.47354273265110153,0.378637,0.032049999999999995,0.574441,1.3768204337282468,-0.19776325754347748,0.2718524842906368
203,2026-09-26T08:40:31.500+00:00,4.111,1790412031.494783,1790412031.4849641,1790412031.4993706,TEACHING_MODE,NORMAL,START_RECORDING,REACH_TARGET_POS_SUCCESSFULLY,0.15236724369910498,-0.5794318583695974,-0.1262571180892698,-0.29946359305718706,0.011676252695842066,0.2051809068644534,-0.47354273265110153,0.37898699999999996,0.027607,0.574441,1.3768204337282468,-0.19776325754347748,0.2601238717172349
204,2026-09-26T08:40:31.520+00:00,4.131,1790412031.5151765,1790412031.5044105,1790412031.5190613,TEACHING_MODE,NORMAL,START_RECORDING,REACH_TARGET_POS_SUCCESSFULLY,0.14175564184697945,-0.5794318583695974,-0.1262571180892698,-0.29946359305718706,0.011676252695842066,0.2051809068644534,-0.47354273265110153,0.37927099999999997,0.023386,0.574441,1.3768204337282468,-0.19776325754347748,0.24898867108951106
205,2026-09-26T08:40:31.540+00:00,4.151,1790412031.535527,1790412031.5246503,1790412031.5397675,TEACHING_MODE,NORMAL,START_RECORDING,REACH_TARGET_POS_SUCCESSFULLY,0.13533283019964032,-0.5794318583695974,-0.1262571180892698,-0.29946359305718706,0.011676252695842066,0.2051809068644534,-0.47354273265110153,0.379424,0.020755,0.574441,1.3768204337282468,-0.19776325754347748,0.24205971395909356
206,2026-09-26T08:40:31.560+00:00,4.171,1790412031.5548608,1790412031.5445142,1790412031.5586648,TEACHING_MODE,NORMAL,START_RECORDING,REACH_TARGET_POS_SUCCESSFULLY,0.12393583018411734,-0.5794318583695974,-0.1262571180892698,-0.29946359305718706,0.011676252695842066,0.2051809068644534,-0.47354273265110153,0.379604,0.017136,0.574441,1.3768204337282468,-0.19776325754347748,0.2325127629506846
207,2026-09-26T08:40:31.580+00:00,4.191,1790412031.579855,1790412031.5642917,1790412031.5786748,TEACHING_MODE,NORMAL,START_RECORDING,REACH_TARGET_POS_SUCCESSFULLY,0.11726867244149901,-0.5794318583695974,-0.1262571180892698,-0.29946359305718706,0.011676252695842066,0.2052681733270531,-0.47354273265110153,0.37973399999999996,0.013987999999999999,0.574441,1.3768204337282468,-0.19776325754347748,0.22422244900371152
208,2026-09-26T08:40:31.600+00:00,4.211,1790412031.5998325,1790412031.5847206,1790412031.5989847,TEACHING_MODE,NORMAL,START_RECORDING,REACH_TARGET_POS_SUCCESSFULLY,0.11201523139299607,-0.5794318583695974,-0.1262571180892698,-0.29946359305718706,0.011676252695842066,0.2052681733270531,-0.47354273265110153,0.37982,0.011457,0.574442,1.3767506205581672,-0.19774580425095753,0.2176425577236929
209,2026-09-26T08:40:31.620+00:00,4.231,1790412031.6197836,1790412031.6046662,1790412031.6188705,TEACHING_MODE,NORMAL,START_RECORDING,REACH_TARGET_POS_SUCCESSFULLY,0.10903071837208576,-0.5794318583695974,-0.1262571180892698,-0.29946359305718706,0.011676252695842066,0.2052681733270531,-0.47354273265110153,0.37987499999999996,0.009462,0.574442,1.3767506205581672,-0.19774580425095753,0.21238911667518998
210,2026-09-26T08:40:31.640+00:00,4.251,1790412031.6348283,1790412031.6243844,1790412031.6339853,TEACHING_MODE,NORMAL,START_RECORDING,REACH_TARGET_POS_SUCCESSFULLY,0.10721557595001166,-0.5794318583695974,-0.1262571180892698,-0.29946359305718706,0.011676252695842066,0.2052681733270531,-0.47354273265110153,0.379911,0.007866,0.574442,1.3767506205581672,-0.19774580425095753,0.20818287317788364
211,2026-09-26T08:40:31.660+00:00,4.271,1790412031.6598556,1790412031.645806,1790412031.659003,TEACHING_MODE,NORMAL,START_RECORDING,REACH_TARGET_POS_SUCCESSFULLY,0.10761700167797036,-0.5795016715396772,-0.12615239833415012,-0.29946359305718706,0.011676252695842066,0.2052681733270531,-0.47354273265110153,0.379924,0.00777,0.574433,1.376768073850687,-0.1977283509584376,0.2079385270826044
212,2026-09-26T08:40:31.680+00:00,4.291,1790412031.6799815,1790412031.664729,1790412031.6786656,TEACHING_MODE,NORMAL,START_RECORDING,REACH_TARGET_POS_SUCCESSFULLY,0.10768681484805014,-0.5795016715396772,-0.12615239833415012,-0.29946359305718706,0.011676252695842066,0.2052681733270531,-0.47354273265110153,0.379944,0.007801,0.574415,1.3768204337282468,-0.19767599108087777,0.20806070013024403
213,2026-09-26T08:40:31.700+00:00,4.311,1790412031.6967218,1790412031.6841729,1790412031.6994166,TEACHING_MODE,NORMAL,START_RECORDING,REACH_TARGET_POS_SUCCESSFULLY,0.10775662801812991,-0.5795016715396772,-0.12615239833415012,-0.29946359305718706,0.011676252695842066,0.2052681733270531,-0.47354273265110153,0.379943,0.007829,0.574415,1.3768204337282468,-0.19767599108087777,0.2081305133003238
214,2026-09-26T08:40:31.720+00:00,4.331,1790412031.7197397,1790412031.704666,1790412031.718686,TEACHING_MODE,NORMAL,START_RECORDING,REACH_TARGET_POS_SUCCESSFULLY,0.10775662801812991,-0.5795714847097571,-0.12615239833415012,-0.29946359305718706,0.011676252695842066,0.2052681733270531,-0.47354273265110153,0.379943,0.007854,0.574415,1.3768204337282468,-0.19767599108087777,0.20820032647040357
215,2026-09-26T08:40:31.740+00:00,4.351,1790412031.7397842,1790412031.7240818,1790412031.7387838,TEACHING_MODE,NORMAL,START_RECORDING,REACH_TARGET_POS_SUCCESSFULLY,0.10775662801812991,-0.5795714847097571,-0.12615239833415012,-0.29946359305718706,0.011676252695842066,0.2052681733270531,-0.47354273265110153,0.379972,0.007857,0.57439,1.3768378870207667,-0.19762363120331794,0.20820032647040357
216,2026-09-26T08:40:31.760+00:00,4.371,1790412031.7599723,1790412031.7441661,1790412031.7590153,TEACHING_MODE,NORMAL,START_RECORDING,REACH_TARGET_POS_SUCCESSFULLY,0.10768681484805014,-0.5795714847097571,-0.12615239833415012,-0.29946359305718706,0.011676252695842066,0.2052681733270531,-0.47354273265110153,0.379972,0.007857,0.57439,1.3768378870207667,-0.19762363120331794,0.20820032647040357
217,2026-09-26T08:40:31.780+00:00,4.391,1790412031.7800295,1790412031.7643182,1790412031.7791488,TEACHING_MODE,NORMAL,START_RECORDING,REACH_TARGET_POS_SUCCESSFULLY,0.10768681484805014,-0.5795714847097571,-0.12615239833415012,-0.29946359305718706,0.011676252695842066,0.2052681733270531,-0.47354273265110153,0.379972,0.007832,0.57439,1.3768378870207667,-0.19762363120331794,0.2081305133003238
218,2026-09-26T08:40:31.800+00:00,4.411,1790412031.7947845,1790412031.7842374,1790412031.7998335,TEACHING_MODE,NORMAL,START_RECORDING,REACH_TARGET_POS_SUCCESSFULLY,0.10768681484805014,-0.5795714847097571,-0.12615239833415012,-0.29946359305718706,0.011676252695842066,0.2052681733270531,-0.47354273265110153,0.379972,0.007832,0.57439,1.3768378870207667,-0.19762363120331794,0.2081305133003238
219,2026-09-26T08:40:31.820+00:00,4.431,1790412031.8197186,1790412031.804921,1790412031.818729,TEACHING_MODE,NORMAL,START_RECORDING,REACH_TARGET_POS_SUCCESSFULLY,0.10775662801812991,-0.5795714847097571,-0.12615239833415012,-0.29946359305718706,0.011676252695842066,0.2052681733270531,-0.47354273265110153,0.379972,0.007832,0.57439,1.3768378870207667,-0.19762363120331794,0.2081305133003238
220,2026-09-26T08:40:31.840+00:00,4.451,1790412031.8397694,1790412031.8245146,1790412031.8389604,TEACHING_MODE,NORMAL,START_RECORDING,REACH_TARGET_POS_SUCCESSFULLY,0.10775662801812991,-0.5795714847097571,-0.12615239833415012,-0.29946359305718706,0.011676252695842066,0.2052681733270531,-0.47354273265110153,0.379972,0.007857,0.57439,1.3768378870207667,-0.19762363120331794,0.20820032647040357
221,2026-09-26T08:40:31.860+00:00,4.471,1790412031.8552573,1790412031.8444352,1790412031.8596866,TEACHING_MODE,NORMAL,START_RECORDING,REACH_TARGET_POS_SUCCESSFULLY,0.10780898789568974,-0.5795714847097571,-0.12615239833415012,-0.29946359305718706,0.011676252695842066,0.2052681733270531,-0.47354273265110153,0.379972,0.007857,0.57439,1.3768378870207667,-0.19762363120331794,0.20820032647040357
222,2026-09-26T08:40:31.880+00:00,4.491,1790412031.8749733,1790412031.8651145,1790412031.8786776,TEACHING_MODE,NORMAL,START_RECORDING,REACH_TARGET_POS_SUCCESSFULLY,0.10805333399096893,-0.5795714847097571,-0.12615239833415012,-0.29946359305718706,0.011676252695842066,0.2052681733270531,-0.47354273265110153,0.379971,0.00788,0.57439,1.3768378870207667,-0.19762363120331794,0.20827013964048335
223,2026-09-26T08:40:31.900+00:00,4.511,1790412031.8953452,1790412031.8847344,1790412031.8987775,TEACHING_MODE,NORMAL,START_RECORDING,REACH_TARGET_POS_SUCCESSFULLY,0.10871655910672678,-0.5795714847097571,-0.1262222115042299,-0.29946359305718706,0.011676252695842066,0.2052681733270531,-0.47354273265110153,0.379969,0.007973,0.57439,1.3768378870207667,-0.19762363120331794,0.2084970324432426
224,2026-09-26T08:40:31.920+00:00,4.531,1790412031.9198565,1790412031.9054558,1790412031.9187298,TEACHING_MODE,NORMAL,START_RECORDING,REACH_TARGET_POS_SUCCESSFULLY,0.11189305834535647,-0.5795714847097571,-0.1262222115042299,-0.29946359305718706,0.011676252695842066,0.2052681733270531,-0.47354273265110153,0.37995399999999996,0.008624999999999999,0.574391,1.376785527143207,-0.19760617791079801,0.21019000181767714
225,2026-09-26T08:40:31.940+00:00,4.551,1790412031.9397862,1790412031.9246309,1790412031.9387991,TEACHING_MODE,NORMAL,START_RECORDING,REACH_TARGET_POS_SUCCESSFULLY,0.11704177963873974,-0.5795714847097571,-0.1262222115042299,-0.29946359305718706,0.011763519158441782,0.2052681733270531,-0.47354273265110153,0.379922,0.009923,0.574391,1.376785527143207,-0.19760617791079801,0.21361084715158601
226,2026-09-26T08:40:31.960+00:00,4.571,1790412031.9547307,1790412031.944253,1790412031.9590309,TEACHING_MODE,NORMAL,START_RECORDING,REACH_TARGET_POS_SUCCESSFULLY,0.12315043202071989,-0.5795714847097571,-0.1262222115042299,-0.29946359305718706,0.012007865253720988,0.2052681733270531,-0.47354273265110153,0.379882,0.011382999999999999,0.57439,1.3768553403132868,-0.19762363120331794,0.2174854780910134
227,2026-09-26T08:40:31.980+00:00,4.591,1790412031.9797606,1790412031.9647713,1790412031.9786355,TEACHING_MODE,NORMAL,START_RECORDING,REACH_TARGET_POS_SUCCESSFULLY,0.12847368623930258,-0.5795714847097571,-0.1262222115042299,-0.29946359305718706,0.012147491593880535,0.2052681733270531,-0.47354273265110153,0.37981,0.013701999999999999,0.574384,1.3770996864085658,-0.19765853778835785,0.22375121010567306
228,2026-09-26T08:40:32.000+00:00,4.611,1790412031.9998183,1790412031.9840608,1790412031.9989326,TEACHING_MODE,NORMAL,START_RECORDING,REACH_TARGET_POS_SUCCESSFULLY,0.14004521918002502,-0.5795714847097571,-0.1262222115042299,-0.29946359305718706,0.012199851471440365,0.2052681733270531,-0.47354273265110153,0.37968999999999997,0.016732,0.574383,1.3771694995786459,-0.19767599108087777,0.23176227137232702
229,2026-09-26T08:40:32.020+00:00,4.631,1790412032.0150201,1790412032.0041728,1790412032.0195162,TEACHING_MODE,NORMAL,START_RECORDING,REACH_TARGET_POS_SUCCESSFULLY,0.1500808623789924,-0.5795016715396772,-0.1262222115042299,-0.29946359305718706,0.01228711793404008,0.2052681733270531,-0.47354273265110153,0.379498,0.020111,0.574407,1.3772044061636857,-0.19774580425095753,0.24069835714253798
230,2026-09-26T08:40:32.040+00:00,4.651,1790412032.040022,1790412032.0247815,1790412032.0391655,TEACHING_MODE,NORMAL,START_RECORDING,REACH_TARGET_POS_SUCCESSFULLY,0.15721925901964923,-0.5793271386144778,-0.1262222115042299,-0.29946359305718706,0.01228711793404008,0.2052681733270531,-0.47354273265110153,0.379278,0.023918,0.5744049999999999,1.3772742193337655,-0.19774580425095753,0.2507863602190652
231,2026-09-26T08:40:32.060+00:00,4.671,1790412032.054932,1790412032.0441957,1790412032.0587282,TEACHING_MODE,NORMAL,START_RECORDING,REACH_TARGET_POS_SUCCESSFULLY,0.1687907919603716,-0.579257325444398,-0.1262222115042299,-0.29946359305718706,0.013089969389957472,0.2052681733270531,-0.47354273265110153,0.378922,0.028062,0.5744659999999999,1.3775185654290445,-0.1979726970537168,0.261921560846789
232,2026-09-26T08:40:32.080+00:00,4.691,1790412032.0751066,1790412032.0642495,1790412032.0790617,TEACHING_MODE,NORMAL,START_RECORDING,REACH_TARGET_POS_SUCCESSFULLY,0.18088592367669232,-0.57869882008376,-0.1262222115042299,-0.29946359305718706,0.014695672301792254,0.2052681733270531,-0.47354273265110153,0.378548,0.032463,0.574484,1.3778501779869237,-0.19807741680883648,0.27377234646783055
233,2026-09-26T08:40:32.100+00:00,4.711,1790412032.0997307,1790412032.0844717,1790412032.0986693,TEACHING_MODE,NORMAL,START_RECORDING,REACH_TARGET_POS_SUCCESSFULLY,0.19338248112097173,-0.5784544739884806,-0.1262222115042299,-0.29946359305718706,0.016109388995907664,0.2052681733270531,-0.47354273265110153,0.378048,0.035528,0.5746709999999999,1.3790544551707995,-0.19882790838719402,0.2827782454081213
234,2026-09-26T08:40:32.120+00:00,4.731,1790412032.1197798,1790412032.1047442,1790412032.11869,TEACHING_MODE,NORMAL,START_RECORDING,REACH_TARGET_POS_SUCCESSFULLY,0.20607102478297049,-0.5783148476483211,-0.1262222115042299,-0.2993588733020674,0.0197920337176157,0.2052681733270531,-0.47354273265110153,0.377508,0.040226,0.574719,1.380764877837754,-0.19933405387027237,0.29635690698863715
235,2026-09-26T08:40:32.140+00:00,4.751,1790412032.136075,1790412032.1244717,1790412032.1392248,TEACHING_MODE,NORMAL,START_RECORDING,REACH_TARGET_POS_SUCCESSFULLY,0.21877702173748922,-0.5782275811857214,-0.1262222115042299,-0.2993588733020674,0.025080381351158518,0.2052681733270531,-0.47354273265110153,0.37693899999999997,0.045001,0.574728,1.3842729896342627,-0.20013690532618977,0.31129692538570863
236,2026-09-26T08:40:32.160+00:00,4.771,1790412032.159746,1790412032.1446767,1790412032.1587434,TEACHING_MODE,NORMAL,START_RECORDING,REACH_TARGET_POS_SUCCESSFULLY,0.23129103247428856,-0.5781926746006815,-0.1262222115042299,-0.2993588733020674,0.03270747018237374,0.2052681733270531,-0.47354273265110153,0.376389,0.049783999999999995,0.574654,1.3889155654445677,-0.20093975678210715,0.3269176221910579
237,2026-09-26T08:40:32.180+00:00,4.791,1790412032.1798747,1790412032.1653254,1790412032.1787283,TEACHING_MODE,NORMAL,START_RECORDING,REACH_TARGET_POS_SUCCESSFULLY,0.23970351946890123,-0.578070501553042,-0.1262222115042299,-0.2993065134245076,0.04213224814314312,0.2052681733270531,-0.47354273265110153,0.375813,0.054499,0.5745629999999999,1.3929123694316345,-0.2015506220203052,0.341962360343249
238,2026-09-26T08:40:32.200+00:00,4.811,1790412032.1999993,1790412032.185329,1790412032.1978009,TEACHING_MODE,NORMAL,START_RECORDING,REACH_TARGET_POS_SUCCESSFULLY,0.25220007691318064,-0.5779483285054022,-0.1262222115042299,-0.2993065134245076,0.053162729015747284,0.2052681733270531,-0.47354273265110153,0.375168,0.059233999999999995,0.5744589999999999,1.400190392412451,-0.20291197883686074,0.35915385347539314
239,2026-09-26T08:40:32.220+00:00,4.831,1790412032.219778,1790412032.2091706,1790412032.2186842,TEACHING_MODE,NORMAL,START_RECORDING,REACH_TARGET_POS_SUCCESSFULLY,0.26406831582674206,-0.5775294494849237,-0.1262222115042299,-0.2993065134245076,0.0651007810993885,0.2052681733270531,-0.47354273265110153,0.37455499999999997,0.063859,0.574263,1.411604845720494,-0.20497146735421407,0.3786142746351299
240,2026-09-26T08:40:32.240+00:00,4.851,1790412032.2356136,1790412032.2302282,1790412032.2390745,TEACHING_MODE,NORMAL,START_RECORDING,REACH_TARGET_POS_SUCCESSFULLY,0.27485445060406705,-0.5771629303420048,-0.1262222115042299,-0.2993065134245076,0.0735307213865211,0.2052681733270531,-0.47354273265110153,0.373691,0.068157,0.5742929999999999,1.421116890143863,-0.20727530196684657,0.3962246467877527
241,2026-09-26T08:40:32.260+00:00,4.871,1790412032.2599354,1790412032.2496777,1790412032.2589762,TEACHING_MODE,NORMAL,START_RECORDING,REACH_TARGET_POS_SUCCESSFULLY,0.28466320100027515,-0.5771454770494848,-0.1262222115042299,-0.2993065134245076,0.0868301302867179,0.2051809068644534,-0.47354273265110153,0.373114,0.07206699999999999,0.574097,1.43115253334283,-0.20916025755900045,0.41290999443681853
242,2026-09-26T08:40:32.280+00:00,4.891,1790412032.2799768,1790412032.2693791,1790412032.2791288,TEACHING_MODE,NORMAL,START_RECORDING,REACH_TARGET_POS_SUCCESSFULLY,0.2939832592059249,-0.5771454770494848,-0.1262920246743097,-0.2993065134245076,0.10067059125503293,0.2051809068644534,-0.47354273265110153,0.372535,0.075666,0.573936,1.4381862102283673,-0.21043434791295632,0.42673300211261356
243,2026-09-26T08:40:32.300+00:00,4.911,1790412032.296692,1790412032.2897866,1790412032.2998705,TEACHING_MODE,NORMAL,START_RECORDING,REACH_TARGET_POS_SUCCESSFULLY,0.2999173786627056,-0.5771454770494848,-0.1262920246743097,-0.2993065134245076,0.11023499555596185,0.2051809068644534,-0.47354273265110153,0.372029,0.079109,0.573689,1.4489723450056924,-0.21247638313778966,0.4425456851356822
244,2026-09-26T08:40:32.320+00:00,4.931,1790412032.3153203,1790412032.309554,1790412032.3187864,TEACHING_MODE,NORMAL,START_RECORDING,REACH_TARGET_POS_SUCCESSFULLY,0.30803315968447925,-0.5771454770494848,-0.1262920246743097,-0.2993065134245076,0.12515756066051337,0.2051809068644534,-0.47354273265110153,0.37154899999999996,0.082338,0.57343,1.4602820785586157,-0.21469295128782248,0.4580791154784318
245,2026-09-26T08:40:32.340+00:00,4.951,1790412032.3397403,1790412032.329387,1790412032.3386905,TEACHING_MODE,NORMAL,START_RECORDING,REACH_TARGET_POS_SUCCESSFULLY,0.31534608925033547,-0.5771454770494848,-0.12636183784438945,-0.2993065134245076,0.1448448746230094,0.2051809068644534,-0.47354273265110153,0.37112599999999996,0.085217,0.573164,1.471871064791858,-0.21704914577801482,0.47282714765778383
246,2026-09-26T08:40:32.360+00:00,4.971,1790412032.3583074,1790412032.351675,1790412032.3573065,TEACHING_MODE,NORMAL,START_RECORDING,REACH_TARGET_POS_SUCCESSFULLY,0.3196395992102415,-0.5772152902195647,-0.12695524979006753,-0.2993065134245076,0.15413002624361924,0.2051809068644534,-0.47354273265110153,0.37091599999999997,0.08702499999999999,0.572917,1.4827270127392629,-0.2193355270981274,0.48415433450322704
247,2026-09-26T08:40:32.380+00:00,4.991,1790412032.3756137,1790412032.369174,1790412032.3792374,TEACHING_MODE,NORMAL,START_RECORDING,REACH_TARGET_POS_SUCCESSFULLY,0.3275633940142958,-0.5774770896073639,-0.12812462038890374,-0.2993065134245076,0.16308356530635015,0.2051809068644534,-0.47354273265110153,0.3707,0.089213,0.572593,1.4926753894756304,-0.22123793598280123,0.4957433207364694
248,2026-09-26T08:40:32.450+00:00,5.061,1790412032.4471266,1790412032.4459836,1790412032.446223,TEACHING_MODE,NORMAL,DISABLED,REACH_TARGET_POS_SUCCESSFULLY,0.3380353695262618,-0.5772851033896444,-0.13550736312483974,-0.2991668870843481,0.19500563732532644,0.20528562661957306,-0.47354273265110153,0.369733,0.09403399999999999,0.572261,1.5123452501456065,-0.22615976447342523,0.5194099853935125
249,2026-09-26T08:40:32.471+00:00,5.082,1790412032.4664598,1790412032.464175,1790412032.4667869,TEACHING_MODE,NORMAL,DISABLED,REACH_TARGET_POS_SUCCESSFULLY,0.3381226359888615,-0.5768487710766459,-0.13550736312483974,-0.298870181111509,0.1951103570804461,0.20528562661957306,-0.47354273265110153,0.36955299999999996,0.09404,0.572426,1.5125546896558457,-0.2267880830041432,0.5198114111214712
250,2026-09-26T08:40:32.491+00:00,5.102,1790412032.4863198,1790412032.4841707,1790412032.490935,TEACHING_MODE,NORMAL,DISABLED,REACH_TARGET_POS_SUCCESSFULLY,0.3380528228187817,-0.5767964111990861,-0.13543754995475996,-0.2986781948937896,0.1951103570804461,0.20528562661957306,-0.47354273265110153,0.369469,0.09399199999999999,0.572516,1.512519783070806,-0.22708478897698223,0.5198114111214712
251,2026-09-26T08:40:32.511+00:00,5.123,1790412032.5114536,1790412032.504351,1790412032.5104902,TEACHING_MODE,NORMAL,DISABLED,REACH_TARGET_POS_SUCCESSFULLY,0.33784338330854236,-0.5767964111990861,-0.1352979236146004,-0.2986607416012697,0.1951103570804461,0.20528562661957306,-0.47354273265110153,0.369458,0.09394999999999999,0.572542,1.5125546896558457,-0.22722441531714177,0.5197939578289512
252,2026-09-26T08:40:32.532+00:00,5.143,1790412032.5317435,1790412032.5250192,1790412032.5305474,TEACHING_MODE,NORMAL,DISABLED,REACH_TARGET_POS_SUCCESSFULLY,0.33766885038334293,-0.5768836776616857,-0.1352455637370406,-0.2986607416012697,0.19498818403280652,0.20528562661957306,-0.47354273265110153,0.3695,0.09391999999999999,0.5725129999999999,1.512502329778286,-0.22713714885454206,0.5196543314887917
253,2026-09-26T08:40:32.552+00:00,5.163,1790412032.5514839,1790412032.5443258,1790412032.550546,TEACHING_MODE,NORMAL,DISABLED,REACH_TARGET_POS_SUCCESSFULLY,0.33719761148530447,-0.5768836776616857,-0.13515829727444087,-0.2986607416012697,0.19481365110760707,0.20528562661957306,-0.47354273265110153,0.36952399999999996,0.093806,0.572519,1.5123627034381264,-0.22710224226950218,0.519252905760833
254,2026-09-26T08:40:32.572+00:00,5.184,1790412032.571446,1790412032.5640333,1790412032.5705342,TEACHING_MODE,NORMAL,DISABLED,REACH_TARGET_POS_SUCCESSFULLY,0.3370056252675851,-0.5768836776616857,-0.135123390689401,-0.2986258350162298,0.19449949184224807,0.20528562661957306,-0.47354273265110153,0.36955499999999997,0.093674,0.572521,1.5122405303904867,-0.22706733568446227,0.5188340267403544
255,2026-09-26T08:40:32.593+00:00,5.205,1790412032.5914717,1790412032.584797,1790412032.5907204,TEACHING_MODE,NORMAL,DISABLED,REACH_TARGET_POS_SUCCESSFULLY,0.3368310923423857,-0.5768836776616857,-0.135123390689401,-0.2985385685536301,0.19429005233200877,0.20528562661957306,-0.47354273265110153,0.369568,0.093595,0.572531,1.5121532639278872,-0.22708478897698223,0.5185896806450752
256,2026-09-26T08:40:32.614+00:00,5.225,1790412032.611404,1790412032.6042302,1790412032.610491,TEACHING_MODE,NORMAL,DISABLED,REACH_TARGET_POS_SUCCESSFULLY,0.33658674624710644,-0.5768836776616857,-0.13503612422680128,-0.2985385685536301,0.1941329726993293,0.20528562661957306,-0.47354273265110153,0.369571,0.093513,0.572552,1.5119787310026875,-0.22713714885454206,0.518310427964756
257,2026-09-26T08:40:32.634+00:00,5.245,1790412032.631678,1790412032.6240876,1790412032.6305332,TEACHING_MODE,NORMAL,DISABLED,REACH_TARGET_POS_SUCCESSFULLY,0.3364645731994668,-0.5768836776616857,-0.1349139511791617,-0.2983989422134705,0.19404570623672956,0.20528562661957306,-0.47354273265110153,0.36958199999999997,0.09344999999999999,0.5725589999999999,1.5119961842952077,-0.22717205543958194,0.5181882549171165
258,2026-09-26T08:40:32.654+00:00,5.266,1790412032.6513588,1790412032.6442623,1790412032.6504905,TEACHING_MODE,NORMAL,DISABLED,REACH_TARGET_POS_SUCCESSFULLY,0.33641221332190707,-0.5768836776616857,-0.1349139511791617,-0.2984163955059905,0.19404570623672956,0.20528562661957306,-0.47354273265110153,0.36957,0.093429,0.572579,1.511891464540088,-0.2272418686096617,0.5181009884545168
259,2026-09-26T08:40:32.675+00:00,5.286,1790412032.6713922,1790412032.6641762,1790412032.6705124,TEACHING_MODE,NORMAL,DISABLED,REACH_TARGET_POS_SUCCESSFULLY,0.3363249468593073,-0.5769360375392455,-0.13486159130160186,-0.2984163955059905,0.19399334635916973,0.20528562661957306,-0.47354273265110153,0.36957,0.093429,0.572579,1.511891464540088,-0.2272418686096617,0.5181009884545168
260,2026-09-26T08:40:32.695+00:00,5.306,1790412032.691671,1790412032.6846712,1790412032.6905932,TEACHING_MODE,NORMAL,DISABLED,REACH_TARGET_POS_SUCCESSFULLY,0.3361678672266278,-0.5770407572943652,-0.13479177813152207,-0.2984163955059905,0.19399334635916973,0.20528562661957306,-0.47354273265110153,0.36963999999999997,0.093389,0.5725279999999999,1.511908917832608,-0.22710224226950218,0.5179439088218373
261,2026-09-26T08:40:32.715+00:00,5.327,1790412032.7114007,1790412032.7041848,1790412032.715646,TEACHING_MODE,NORMAL,DISABLED,REACH_TARGET_POS_SUCCESSFULLY,0.33613296064158793,-0.5771629303420048,-0.13479177813152207,-0.2984163955059905,0.19399334635916973,0.20528562661957306,-0.47354273265110153,0.369699,0.09337,0.572483,1.5119612777101679,-0.22699752251438252,0.5178740956517575
262,2026-09-26T08:40:32.736+00:00,5.347,1790412032.7313247,1790412032.7243667,1790412032.7359633,TEACHING_MODE,NORMAL,DISABLED,REACH_TARGET_POS_SUCCESSFULLY,0.33613296064158793,-0.5773898231447641,-0.13473941825396224,-0.2984163955059905,0.19399334635916973,0.20528562661957306,-0.47354273265110153,0.36976899999999996,0.093398,0.572417,1.5120310908802475,-0.22682298958918307,0.5179090022367974
263,2026-09-26T08:40:32.756+00:00,5.367,1790412032.7514234,1790412032.7447917,1790412032.7556374,TEACHING_MODE,NORMAL,DISABLED,REACH_TARGET_POS_SUCCESSFULLY,0.33613296064158793,-0.5773898231447641,-0.13473941825396224,-0.2984163955059905,0.19399334635916973,0.20528562661957306,-0.47354273265110153,0.369803,0.09340999999999999,0.5723849999999999,1.5120485441727676,-0.2267531764191033,0.5178915489442775
264,2026-09-26T08:40:32.776+00:00,5.388,1790412032.7764018,1790412032.7640662,1790412032.7754915,TEACHING_MODE,NORMAL,DISABLED,REACH_TARGET_POS_SUCCESSFULLY,0.3361853205191478,-0.5773898231447641,-0.13473941825396224,-0.2984163955059905,0.19399334635916973,0.20528562661957306,-0.47354273265110153,0.369803,0.09340999999999999,0.5723849999999999,1.5120485441727676,-0.2267531764191033,0.5178915489442775
265,2026-09-26T08:40:32.797+00:00,5.408,1790412032.7915769,1790412032.7841532,1790412032.7906234,TEACHING_MODE,NORMAL,DISABLED,REACH_TARGET_POS_SUCCESSFULLY,0.33625513368922755,-0.5774072764372841,-0.13473941825396224,-0.2984163955059905,0.19399334635916973,0.20528562661957306,-0.47354273265110153,0.369799,0.093458,0.5723779999999999,1.5120485441727676,-0.22673572312658336,0.518013721991917
266,2026-09-26T08:40:32.817+00:00,5.428,1790412032.8162694,1790412032.8043046,1790412032.8154368,TEACHING_MODE,NORMAL,DISABLED,REACH_TARGET_POS_SUCCESSFULLY,0.3363598534443472,-0.5774596363148439,-0.13473941825396224,-0.2984163955059905,0.19399334635916973,0.20528562661957306,-0.47354273265110153,0.369824,0.093467,0.572355,1.5120485441727676,-0.22666590995650357,0.518013721991917
267,2026-09-26T08:40:32.838+00:00,5.449,1790412032.8369446,1790412032.8240461,1790412032.836034,TEACHING_MODE,NORMAL,DISABLED,REACH_TARGET_POS_SUCCESSFULLY,0.3364820264919868,-0.5776341692400434,-0.13473941825396224,-0.2984163955059905,0.19399334635916973,0.20528562661957306,-0.47354273265110153,0.36982299999999996,0.093525,0.5723429999999999,1.5120659974652875,-0.22664845666398364,0.5181533483320766
268,2026-09-26T08:40:32.858+00:00,5.469,1790412032.8572817,1790412032.8453681,1790412032.856345,TEACHING_MODE,NORMAL,DISABLED,REACH_TARGET_POS_SUCCESSFULLY,0.3365692929545865,-0.5777912488727228,-0.13473941825396224,-0.29852111526111014,0.19399334635916973,0.20528562661957306,-0.47354273265110153,0.369895,0.093595,0.572261,1.5121183573428474,-0.22638665727618448,0.5182580680871962
269,2026-09-26T08:40:32.878+00:00,5.49,1790412032.8765645,1790412032.8644667,1790412032.8756819,TEACHING_MODE,NORMAL,DISABLED,REACH_TARGET_POS_SUCCESSFULLY,0.33662165283214635,-0.578070501553042,-0.13473941825396224,-0.2986258350162298,0.19411551940680932,0.2051809068644534,-0.47354273265110153,0.36998,0.093664,0.57217,1.5122405303904867,-0.22615976447342523,0.5182580680871962
270,2026-09-26T08:40:32.899+00:00,5.51,1790412032.8972,1790412032.8841918,1790412032.896071,TEACHING_MODE,NORMAL,DISABLED,REACH_TARGET_POS_SUCCESSFULLY,0.3366914660022261,-0.5782275811857214,-0.13473941825396224,-0.29869564818630956,0.19411551940680932,0.2051809068644534,-0.47354273265110153,0.37007199999999996,0.093707,0.572079,1.5123277968530866,-0.22589796508562607,0.5184151477198757
271,2026-09-26T08:40:32.919+00:00,5.53,1790412032.9163327,1790412032.9047387,1790412032.915359,TEACHING_MODE,NORMAL,DISABLED,REACH_TARGET_POS_SUCCESSFULLY,0.3366914660022261,-0.5783323009408411,-0.13473941825396224,-0.2988178212339491,0.19411551940680932,0.2052681733270531,-0.47354273265110153,0.37015499999999996,0.09375,0.571992,1.5124325166082062,-0.22565361899034686,0.5183627878423158
272,2026-09-26T08:40:32.939+00:00,5.551,1790412032.936383,1790412032.9241323,1790412032.9353266,TEACHING_MODE,NORMAL,DISABLED,REACH_TARGET_POS_SUCCESSFULLY,0.3366914660022261,-0.5783846608184009,-0.13473941825396224,-0.2989399942815888,0.19415042599184923,0.20516345357193344,-0.47354273265110153,0.370232,0.09376799999999999,0.571906,1.512537236363326,-0.22532200643246794,0.5182929746722361
273,2026-09-26T08:40:32.960+00:00,5.571,1790412032.9576874,1790412032.9444797,1790412032.956786,TEACHING_MODE,NORMAL,DISABLED,REACH_TARGET_POS_SUCCESSFULLY,0.3366914660022261,-0.5783846608184009,-0.13473941825396224,-0.29897490086662865,0.1942551457469689,0.2051809068644534,-0.47354273265110153,0.370257,0.093776,0.5718799999999999,1.5125895962408857,-0.2252696465549081,0.5182929746722361
274,2026-09-26T08:40:32.980+00:00,5.592,1790412032.9763134,1790412032.9641364,1790412032.980455,TEACHING_MODE,NORMAL,DISABLED,REACH_TARGET_POS_SUCCESSFULLY,0.3366914660022261,-0.5783846608184009,-0.13473941825396224,-0.2990621673292284,0.1942551457469689,0.20532053320461294,-0.47354273265110153,0.370261,0.093778,0.571881,1.5125721429483658,-0.2252696465549081,0.5184849608899554
275,2026-09-26T08:40:33.001+00:00,5.612,1790412032.9962637,1790412032.9840796,1790412032.995395,TEACHING_MODE,NORMAL,DISABLED,REACH_TARGET_POS_SUCCESSFULLY,0.3366914660022261,-0.5783846608184009,-0.13473941825396224,-0.2990621673292284,0.1942551457469689,0.20512854698689356,-0.47354273265110153,0.37027499999999997,0.093778,0.571858,1.5127292225810454,-0.22518238009230843,0.518310427964756
276,2026-09-26T08:40:33.021+00:00,5.632,1790412033.0214052,1790412033.0047817,1790412033.0205357,TEACHING_MODE,NORMAL,DISABLED,REACH_TARGET_POS_SUCCESSFULLY,0.3366914660022261,-0.5783846608184009,-0.13473941825396224,-0.2990621673292284,0.19427259903948882,0.2051809068644534,-0.47354273265110153,0.37027699999999997,0.09378,0.571861,1.5126070495334056,-0.22518238009230843,0.5184849608899554
277,2026-09-26T08:40:33.041+00:00,5.653,1790412033.0413656,1790412033.0244646,1790412033.0404906,TEACHING_MODE,NORMAL,DISABLED,REACH_TARGET_POS_SUCCESSFULLY,0.3366914660022261,-0.5783846608184009,-0.13473941825396224,-0.2990621673292284,0.19439477208712844,0.20535543978965282,-0.47354273265110153,0.37027499999999997,0.093779,0.571858,1.5126943159960056,-0.22518238009230843,0.5183627878423158
278,2026-09-26T08:40:33.062+00:00,5.673,1790412033.0615108,1790412033.0441833,1790412033.0604653,TEACHING_MODE,NORMAL,DISABLED,REACH_TARGET_POS_SUCCESSFULLY,0.3366914660022261,-0.5783846608184009,-0.13473941825396224,-0.2990621673292284,0.19439477208712844,0.20540779966721265,-0.47354273265110153,0.37028,0.09378099999999999,0.571859,1.5126943159960056,-0.22519983338482835,0.5185722273525551
279,2026-09-26T08:40:33.082+00:00,5.694,1790412033.0813358,1790412033.064617,1790412033.080421,TEACHING_MODE,NORMAL,DISABLED,REACH_TARGET_POS_SUCCESSFULLY,0.3366914660022261,-0.5783846608184009,-0.13473941825396224,-0.2990621673292284,0.19439477208712844,0.20498892064673402,-0.47354273265110153,0.37027499999999997,0.093778,0.571853,1.5129037555062448,-0.22521728667734828,0.5182755213797161
280,2026-09-26T08:40:33.103+00:00,5.714,1790412033.101381,1790412033.084266,1790412033.100413,TEACHING_MODE,NORMAL,DISABLED,REACH_TARGET_POS_SUCCESSFULLY,0.336726372587266,-0.5783846608184009,-0.13473941825396224,-0.2990621673292284,0.19439477208712844,0.20544270625225255,-0.47354273265110153,0.370272,0.093789,0.571853,1.5129212087987647,-0.22521728667734828,0.5182929746722361
281,2026-09-26T08:40:33.124+00:00,5.735,1790412033.1213412,1790412033.1040795,1790412033.1204386,TEACHING_MODE,NORMAL,DISABLED,REACH_TARGET_POS_SUCCESSFULLY,0.336726372587266,-0.5783846608184009,-0.13473941825396224,-0.2990621673292284,0.19444713196468827,0.20490165418413428,-0.47354273265110153,0.37027099999999996,0.093788,0.5718599999999999,1.5126245028259255,-0.22519983338482835,0.5186944004001948
282,2026-09-26T08:40:33.144+00:00,5.755,1790412033.1412237,1790412033.144026,1790412033.1403491,TEACHING_MODE,NORMAL,DISABLED,REACH_TARGET_POS_SUCCESSFULLY,0.336726372587266,-0.5783846608184009,-0.13473941825396224,-0.2990621673292284,0.19444713196468827,0.20539034637469272,-0.47354273265110153,0.370293,0.09379499999999999,0.57184,1.5127292225810454,-0.2251300202147486,0.518659493815155
283,2026-09-26T08:40:33.164+00:00,5.776,1790412033.1621048,1790412033.144026,1790412033.1605093,TEACHING_MODE,NORMAL,DISABLED,REACH_TARGET_POS_SUCCESSFULLY,0.336726372587266,-0.5783846608184009,-0.13473941825396224,-0.29914943379182807,0.19444713196468827,0.20512854698689356,-0.47354273265110153,0.370289,0.093793,0.571836,1.5128863022137247,-0.2251300202147486,0.518659493815155
284,2026-09-26T08:40:33.185+00:00,5.796,1790412033.1814296,1790412033.184237,1790412033.1804101,TEACHING_MODE,NORMAL,DISABLED,REACH_TARGET_POS_SUCCESSFULLY,0.3367787324648258,-0.5783846608184009,-0.13473941825396224,-0.29914943379182807,0.19453439842728798,0.20498892064673402,-0.47354273265110153,0.370283,0.09381199999999999,0.571832,1.5130608351389243,-0.22516492679978845,0.5183976944273558
