sample_index,captured_at_utc,elapsed_s,joint_feedback_unix_s,pose_feedback_unix_s,status_feedback_unix_s,control_mode,arm_status,teach_status,motion_status,joint_1_rad,joint_2_rad,joint_3_rad,joint_4_rad,joint_5_rad,joint_6_rad,joint_7_rad,x_m,y_m,z_m,roll_rad,pitch_rad,yaw_rad
0,2026-09-27T05:21:42.213+00:00,0.506,1790486502.2100978,1790486502.209263,1790486502.2103374,TEACHING_MODE,NORMAL,START_RECORDING,REACH_TARGET_POS_SUCCESSFULLY,0.017366026057343577,-0.5788035398388796,0.028047441079548877,-0.2995159529347469,0.01117010721276371,0.20537289308217274,-0.4735252793585816,0.382061,-0.014076,0.572407,1.4613641826948522,-0.21141173229407312,0.22954570322229423
1,2026-09-27T05:21:42.234+00:00,0.526,1790486502.2308972,1790486502.2298536,1790486502.2312272,TEACHING_MODE,NORMAL,START_RECORDING,REACH_TARGET_POS_SUCCESSFULLY,0.017366026057343577,-0.5788035398388796,0.028047441079548877,-0.2995159529347469,0.01117010721276371,0.20537289308217274,-0.4735252793585816,0.382061,-0.014076,0.572407,1.4613641826948522,-0.21141173229407312,0.22954570322229423
2,2026-09-27T05:21:42.254+00:00,0.546,1790486502.2504983,1790486502.2496083,1790486502.250769,TEACHING_MODE,NORMAL,START_RECORDING,REACH_TARGET_POS_SUCCESSFULLY,0.017366026057343577,-0.5788035398388796,0.028047441079548877,-0.2995159529347469,0.01117010721276371,0.20537289308217274,-0.4735252793585816,0.382061,-0.014076,0.572407,1.4613641826948522,-0.21141173229407312,0.22954570322229423
3,2026-09-27T05:21:42.274+00:00,0.566,1790486502.270725,1790486502.2697685,1790486502.2709649,TEACHING_MODE,NORMAL,START_RECORDING,REACH_TARGET_POS_SUCCESSFULLY,0.017366026057343577,-0.5788035398388796,0.028047441079548877,-0.2995159529347469,0.01117010721276371,0.20537289308217274,-0.4735252793585816,0.382061,-0.014076,0.572407,1.4613641826948522,-0.21141173229407312,0.22954570322229423
4,2026-09-27T05:21:42.294+00:00,0.586,1790486502.2908983,1790486502.289947,1790486502.2912128,TEACHING_MODE,NORMAL,START_RECORDING,REACH_TARGET_POS_SUCCESSFULLY,0.017366026057343577,-0.5788035398388796,0.028047441079548877,-0.2995159529347469,0.01117010721276371,0.20537289308217274,-0.4735252793585816,0.382061,-0.014076,0.572407,1.4613641826948522,-0.21141173229407312,0.22954570322229423
5,2026-09-27T05:21:42.314+00:00,0.606,1790486502.3105628,1790486502.3091013,1790486502.3107586,TEACHING_MODE,NORMAL,START_RECORDING,REACH_TARGET_POS_SUCCESSFULLY,0.017366026057343577,-0.5788035398388796,0.028047441079548877,-0.2995159529347469,0.01117010721276371,0.20537289308217274,-0.4735252793585816,0.382061,-0.014076,0.572407,1.4613641826948522,-0.21141173229407312,0.22954570322229423
6,2026-09-27T05:21:42.334+00:00,0.626,1790486502.3300977,1790486502.3291404,1790486502.3303347,TEACHING_MODE,NORMAL,START_RECORDING,REACH_TARGET_POS_SUCCESSFULLY,0.017366026057343577,-0.5788035398388796,0.028047441079548877,-0.2995159529347469,0.01117010721276371,0.20537289308217274,-0.4735252793585816,0.382061,-0.014076,0.572407,1.4613641826948522,-0.21141173229407312,0.22954570322229423
7,2026-09-27T05:21:42.354+00:00,0.646,1790486502.3500595,1790486502.349213,1790486502.3502543,TEACHING_MODE,NORMAL,START_RECORDING,REACH_TARGET_POS_SUCCESSFULLY,0.017366026057343577,-0.5788035398388796,0.028047441079548877,-0.2995159529347469,0.01117010721276371,0.20537289308217274,-0.4735252793585816,0.382061,-0.014076,0.572407,1.4613641826948522,-0.21141173229407312,0.22954570322229423
8,2026-09-27T05:21:42.374+00:00,0.666,1790486502.3702776,1790486502.369413,1790486502.3705165,TEACHING_MODE,NORMAL,START_RECORDING,REACH_TARGET_POS_SUCCESSFULLY,0.017366026057343577,-0.5788035398388796,0.028047441079548877,-0.2995159529347469,0.01117010721276371,0.20537289308217274,-0.4735252793585816,0.382061,-0.014076,0.572407,1.4613641826948522,-0.21141173229407312,0.22954570322229423
9,2026-09-27T05:21:42.394+00:00,0.686,1790486502.3909154,1790486502.38995,1790486502.3911529,TEACHING_MODE,NORMAL,START_RECORDING,REACH_TARGET_POS_SUCCESSFULLY,0.017366026057343577,-0.5788035398388796,0.028047441079548877,-0.2995159529347469,0.01117010721276371,0.20537289308217274,-0.4735252793585816,0.382061,-0.014076,0.572407,1.4613641826948522,-0.21141173229407312,0.22954570322229423
10,2026-09-27T05:21:42.414+00:00,0.706,1790486502.4102228,1790486502.4093964,1790486502.410459,TEACHING_MODE,NORMAL,START_RECORDING,REACH_TARGET_POS_SUCCESSFULLY,0.017366026057343577,-0.5788035398388796,0.028047441079548877,-0.2995159529347469,0.01117010721276371,0.20537289308217274,-0.4735252793585816,0.382061,-0.014076,0.572407,1.4613641826948522,-0.21141173229407312,0.22954570322229423
11,2026-09-27T05:21:42.434+00:00,0.726,1790486502.4301467,1790486502.4291685,1790486502.4303436,TEACHING_MODE,NORMAL,START_RECORDING,REACH_TARGET_POS_SUCCESSFULLY,0.017366026057343577,-0.5788035398388796,0.028047441079548877,-0.2995159529347469,0.01117010721276371,0.20537289308217274,-0.4735252793585816,0.382061,-0.014076,0.572407,1.4613641826948522,-0.21141173229407312,0.22954570322229423
12,2026-09-27T05:21:42.454+00:00,0.746,1790486502.4509459,1790486502.4498198,1790486502.4511468,TEACHING_MODE,NORMAL,START_RECORDING,REACH_TARGET_POS_SUCCESSFULLY,0.017366026057343577,-0.5788035398388796,0.028047441079548877,-0.2995159529347469,0.01117010721276371,0.20537289308217274,-0.4735252793585816,0.382061,-0.014076,0.572407,1.4613641826948522,-0.21141173229407312,0.22954570322229423
13,2026-09-27T05:21:42.474+00:00,0.766,1790486502.4703577,1790486502.4694595,1790486502.470566,TEACHING_MODE,NORMAL,START_RECORDING,REACH_TARGET_POS_SUCCESSFULLY,0.017366026057343577,-0.5788035398388796,0.028047441079548877,-0.2995159529347469,0.01117010721276371,0.20537289308217274,-0.4735252793585816,0.382061,-0.014076,0.572407,1.4613641826948522,-0.21141173229407312,0.22954570322229423
14,2026-09-27T05:21:42.494+00:00,0.786,1790486502.4900198,1790486502.489148,1790486502.4902596,TEACHING_MODE,NORMAL,START_RECORDING,REACH_TARGET_POS_SUCCESSFULLY,0.017366026057343577,-0.5788035398388796,0.028047441079548877,-0.2995159529347469,0.01117010721276371,0.20537289308217274,-0.4735252793585816,0.382061,-0.014076,0.572407,1.4613641826948522,-0.21141173229407312,0.22954570322229423
15,2026-09-27T05:21:42.514+00:00,0.806,1790486502.5110629,1790486502.5100205,1790486502.5113375,TEACHING_MODE,NORMAL,START_RECORDING,REACH_TARGET_POS_SUCCESSFULLY,0.017366026057343577,-0.5788035398388796,0.028047441079548877,-0.2995159529347469,0.01117010721276371,0.20537289308217274,-0.4735252793585816,0.382061,-0.014076,0.572407,1.4613641826948522,-0.21141173229407312,0.22954570322229423
16,2026-09-27T05:21:42.534+00:00,0.826,1790486502.5303068,1790486502.529464,1790486502.5305521,TEACHING_MODE,NORMAL,START_RECORDING,REACH_TARGET_POS_SUCCESSFULLY,0.017366026057343577,-0.5788035398388796,0.028047441079548877,-0.2995159529347469,0.01117010721276371,0.20537289308217274,-0.4735252793585816,0.382061,-0.014076,0.572407,1.4613641826948522,-0.21141173229407312,0.22954570322229423
17,2026-09-27T05:21:42.554+00:00,0.846,1790486502.5502057,1790486502.54942,1790486502.5504475,TEACHING_MODE,NORMAL,START_RECORDING,REACH_TARGET_POS_SUCCESSFULLY,0.017366026057343577,-0.5788035398388796,0.028047441079548877,-0.2995159529347469,0.01117010721276371,0.20537289308217274,-0.4735252793585816,0.382061,-0.014076,0.572407,1.4613641826948522,-0.21141173229407312,0.22954570322229423
18,2026-09-27T05:21:42.574+00:00,0.866,1790486502.5711935,1790486502.5702772,1790486502.5714104,TEACHING_MODE,NORMAL,START_RECORDING,REACH_TARGET_POS_SUCCESSFULLY,0.017366026057343577,-0.5788035398388796,0.028047441079548877,-0.2995159529347469,0.01117010721276371,0.20537289308217274,-0.4735252793585816,0.382061,-0.014076,0.572407,1.4613641826948522,-0.21141173229407312,0.22954570322229423
19,2026-09-27T05:21:42.594+00:00,0.886,1790486502.5899186,1790486502.5891056,1790486502.5901225,TEACHING_MODE,NORMAL,START_RECORDING,REACH_TARGET_POS_SUCCESSFULLY,0.017366026057343577,-0.5788035398388796,0.028047441079548877,-0.2995159529347469,0.01117010721276371,0.20537289308217274,-0.4735252793585816,0.382061,-0.014076,0.572407,1.4613641826948522,-0.21141173229407312,0.22954570322229423
20,2026-09-27T05:21:42.614+00:00,0.906,1790486502.6105218,1790486502.609612,1790486502.6107833,TEACHING_MODE,NORMAL,START_RECORDING,REACH_TARGET_POS_SUCCESSFULLY,0.017366026057343577,-0.5788035398388796,0.028047441079548877,-0.2995159529347469,0.01117010721276371,0.20537289308217274,-0.4735252793585816,0.382061,-0.014076,0.572407,1.4613641826948522,-0.21141173229407312,0.22954570322229423
21,2026-09-27T05:21:42.634+00:00,0.926,1790486502.630364,1790486502.6294022,1790486502.630566,TEACHING_MODE,NORMAL,START_RECORDING,REACH_TARGET_POS_SUCCESSFULLY,0.017366026057343577,-0.5788035398388796,0.028047441079548877,-0.2995159529347469,0.01117010721276371,0.20537289308217274,-0.4735252793585816,0.382061,-0.014076,0.572407,1.4613641826948522,-0.21141173229407312,0.22954570322229423
22,2026-09-27T05:21:42.654+00:00,0.946,1790486502.6500711,1790486502.6493084,1790486502.6503134,TEACHING_MODE,NORMAL,START_RECORDING,REACH_TARGET_POS_SUCCESSFULLY,0.017366026057343577,-0.5788035398388796,0.028047441079548877,-0.2995159529347469,0.01117010721276371,0.20537289308217274,-0.4735252793585816,0.382061,-0.014076,0.572407,1.4613641826948522,-0.21141173229407312,0.22954570322229423
23,2026-09-27T05:21:42.674+00:00,0.966,1790486502.6710784,1790486502.670028,1790486502.671322,TEACHING_MODE,NORMAL,START_RECORDING,REACH_TARGET_POS_SUCCESSFULLY,0.017366026057343577,-0.5788035398388796,0.028047441079548877,-0.2995159529347469,0.01117010721276371,0.20537289308217274,-0.4735252793585816,0.382061,-0.014076,0.572407,1.4613641826948522,-0.21141173229407312,0.22954570322229423
24,2026-09-27T05:21:42.694+00:00,0.986,1790486502.6902125,1790486502.6892376,1790486502.6904025,TEACHING_MODE,NORMAL,START_RECORDING,REACH_TARGET_POS_SUCCESSFULLY,0.017366026057343577,-0.5788035398388796,0.028047441079548877,-0.2995159529347469,0.01117010721276371,0.20537289308217274,-0.4735252793585816,0.382061,-0.014076,0.572407,1.4613641826948522,-0.21141173229407312,0.22954570322229423
25,2026-09-27T05:21:42.714+00:00,1.006,1790486502.7101753,1790486502.709309,1790486502.710454,TEACHING_MODE,NORMAL,START_RECORDING,REACH_TARGET_POS_SUCCESSFULLY,0.017366026057343577,-0.5788035398388796,0.028047441079548877,-0.2995159529347469,0.01117010721276371,0.20537289308217274,-0.4735252793585816,0.382061,-0.014076,0.572407,1.4613641826948522,-0.21141173229407312,0.22954570322229423
26,2026-09-27T05:21:42.734+00:00,1.027,1790486502.731297,1790486502.7301295,1790486502.7315085,TEACHING_MODE,NORMAL,START_RECORDING,REACH_TARGET_POS_SUCCESSFULLY,0.017366026057343577,-0.5788035398388796,0.028047441079548877,-0.2995159529347469,0.01117010721276371,0.20537289308217274,-0.4735252793585816,0.382061,-0.014076,0.572407,1.4613641826948522,-0.21141173229407312,0.22954570322229423
27,2026-09-27T05:21:42.754+00:00,1.047,1790486502.7499814,1790486502.7490754,1790486502.7501855,TEACHING_MODE,NORMAL,START_RECORDING,REACH_TARGET_POS_SUCCESSFULLY,0.017366026057343577,-0.5788035398388796,0.028047441079548877,-0.2995159529347469,0.01117010721276371,0.20537289308217274,-0.4735252793585816,0.382061,-0.014076,0.572407,1.4613641826948522,-0.21141173229407312,0.22954570322229423
28,2026-09-27T05:21:42.774+00:00,1.066,1790486502.7704604,1790486502.7695343,1790486502.7707863,TEACHING_MODE,NORMAL,START_RECORDING,REACH_TARGET_POS_SUCCESSFULLY,0.017366026057343577,-0.5788035398388796,0.028047441079548877,-0.2995159529347469,0.01117010721276371,0.20537289308217274,-0.4735252793585816,0.382061,-0.014076,0.572407,1.4613641826948522,-0.21141173229407312,0.22954570322229423
29,2026-09-27T05:21:42.794+00:00,1.086,1790486502.7906184,1790486502.789641,1790486502.7908418,TEACHING_MODE,NORMAL,START_RECORDING,REACH_TARGET_POS_SUCCESSFULLY,0.017366026057343577,-0.5788035398388796,0.028047441079548877,-0.2995159529347469,0.01117010721276371,0.20537289308217274,-0.4735252793585816,0.382061,-0.014076,0.572407,1.4613641826948522,-0.21141173229407312,0.22954570322229423
30,2026-09-27T05:21:42.814+00:00,1.106,1790486502.8102348,1790486502.8093543,1790486502.810481,TEACHING_MODE,NORMAL,START_RECORDING,REACH_TARGET_POS_SUCCESSFULLY,0.017366026057343577,-0.5788035398388796,0.028047441079548877,-0.2995159529347469,0.01117010721276371,0.20537289308217274,-0.4735252793585816,0.382061,-0.014076,0.572407,1.4613641826948522,-0.21141173229407312,0.22954570322229423
31,2026-09-27T05:21:42.834+00:00,1.126,1790486502.831388,1790486502.8304157,1790486502.8317525,TEACHING_MODE,NORMAL,START_RECORDING,REACH_TARGET_POS_SUCCESSFULLY,0.017366026057343577,-0.5788035398388796,0.028047441079548877,-0.2995159529347469,0.01117010721276371,0.20537289308217274,-0.4735252793585816,0.382061,-0.014076,0.572407,1.4613641826948522,-0.21141173229407312,0.22954570322229423
32,2026-09-27T05:21:42.854+00:00,1.146,1790486502.8502436,1790486502.8493803,1790486502.8508947,TEACHING_MODE,NORMAL,START_RECORDING,REACH_TARGET_POS_SUCCESSFULLY,0.017366026057343577,-0.5788035398388796,0.028047441079548877,-0.2995159529347469,0.01117010721276371,0.20537289308217274,-0.4735252793585816,0.382061,-0.014076,0.572407,1.4613641826948522,-0.21141173229407312,0.22954570322229423
33,2026-09-27T05:21:42.874+00:00,1.166,1790486502.8701468,1790486502.8692334,1790486502.8703437,TEACHING_MODE,NORMAL,START_RECORDING,REACH_TARGET_POS_SUCCESSFULLY,0.017366026057343577,-0.5788035398388796,0.028047441079548877,-0.2995159529347469,0.01117010721276371,0.20537289308217274,-0.4735252793585816,0.382061,-0.014076,0.572407,1.4613641826948522,-0.21141173229407312,0.22954570322229423
34,2026-09-27T05:21:42.894+00:00,1.186,1790486502.8907712,1790486502.8897703,1790486502.8910213,TEACHING_MODE,NORMAL,START_RECORDING,REACH_TARGET_POS_SUCCESSFULLY,0.017366026057343577,-0.5788035398388796,0.028047441079548877,-0.2995159529347469,0.01117010721276371,0.20537289308217274,-0.4735252793585816,0.382061,-0.014076,0.572407,1.4613641826948522,-0.21141173229407312,0.22954570322229423
35,2026-09-27T05:21:42.914+00:00,1.206,1790486502.9101038,1790486502.909232,1790486502.9103434,TEACHING_MODE,NORMAL,START_RECORDING,REACH_TARGET_POS_SUCCESSFULLY,0.017366026057343577,-0.5788035398388796,0.028047441079548877,-0.2995159529347469,0.01117010721276371,0.20537289308217274,-0.4735252793585816,0.382061,-0.014076,0.572407,1.4613641826948522,-0.21141173229407312,0.22954570322229423
36,2026-09-27T05:21:42.934+00:00,1.226,1790486502.9300568,1790486502.9291823,1790486502.9302926,TEACHING_MODE,NORMAL,START_RECORDING,REACH_TARGET_POS_SUCCESSFULLY,0.017366026057343577,-0.5788035398388796,0.028047441079548877,-0.2995159529347469,0.01117010721276371,0.20537289308217274,-0.4735252793585816,0.382061,-0.014076,0.572407,1.4613641826948522,-0.21141173229407312,0.22954570322229423
37,2026-09-27T05:21:42.954+00:00,1.246,1790486502.9502926,1790486502.9494896,1790486502.9504943,TEACHING_MODE,NORMAL,START_RECORDING,REACH_TARGET_POS_SUCCESSFULLY,0.017366026057343577,-0.5788035398388796,0.028047441079548877,-0.2995159529347469,0.01117010721276371,0.20537289308217274,-0.4735252793585816,0.382061,-0.014076,0.572407,1.4613641826948522,-0.21141173229407312,0.22954570322229423
38,2026-09-27T05:21:42.974+00:00,1.266,1790486502.9702523,1790486502.9691775,1790486502.970374,TEACHING_MODE,NORMAL,START_RECORDING,REACH_TARGET_POS_SUCCESSFULLY,0.017366026057343577,-0.5788035398388796,0.028047441079548877,-0.2995159529347469,0.01117010721276371,0.20537289308217274,-0.4735252793585816,0.382061,-0.014076,0.572407,1.4613641826948522,-0.21141173229407312,0.22954570322229423
39,2026-09-27T05:21:42.994+00:00,1.286,1790486502.992667,1790486502.9915245,1790486502.9929,TEACHING_MODE,NORMAL,START_RECORDING,REACH_TARGET_POS_SUCCESSFULLY,0.017366026057343577,-0.5788035398388796,0.028047441079548877,-0.2995159529347469,0.01117010721276371,0.20537289308217274,-0.4735252793585816,0.382061,-0.014076,0.572407,1.4613641826948522,-0.21141173229407312,0.22954570322229423
40,2026-09-27T05:21:43.014+00:00,1.306,1790486503.0102365,1790486503.0093226,1790486503.0104153,TEACHING_MODE,NORMAL,START_RECORDING,REACH_TARGET_POS_SUCCESSFULLY,0.017366026057343577,-0.5788035398388796,0.028047441079548877,-0.2995159529347469,0.01117010721276371,0.20537289308217274,-0.4735252793585816,0.382061,-0.014076,0.572407,1.4613641826948522,-0.21141173229407312,0.22954570322229423
41,2026-09-27T05:21:43.034+00:00,1.326,1790486503.0303426,1790486503.0293863,1790486503.030587,TEACHING_MODE,NORMAL,START_RECORDING,REACH_TARGET_POS_SUCCESSFULLY,0.017366026057343577,-0.5788035398388796,0.028047441079548877,-0.2995159529347469,0.01117010721276371,0.20537289308217274,-0.4735252793585816,0.382061,-0.014076,0.572407,1.4613641826948522,-0.21141173229407312,0.22954570322229423
42,2026-09-27T05:21:43.054+00:00,1.346,1790486503.0511513,1790486503.0501869,1790486503.0513675,TEACHING_MODE,NORMAL,START_RECORDING,REACH_TARGET_POS_SUCCESSFULLY,0.017366026057343577,-0.5788035398388796,0.028047441079548877,-0.2995159529347469,0.01117010721276371,0.20537289308217274,-0.4735252793585816,0.382061,-0.014076,0.572407,1.4613641826948522,-0.21141173229407312,0.22954570322229423
43,2026-09-27T05:21:43.074+00:00,1.366,1790486503.0704215,1790486503.0694573,1790486503.0706391,TEACHING_MODE,NORMAL,START_RECORDING,REACH_TARGET_POS_SUCCESSFULLY,0.017366026057343577,-0.5788035398388796,0.028047441079548877,-0.2995159529347469,0.01117010721276371,0.20537289308217274,-0.4735252793585816,0.382061,-0.014076,0.572407,1.4613641826948522,-0.21141173229407312,0.22954570322229423
44,2026-09-27T05:21:43.094+00:00,1.386,1790486503.0905623,1790486503.0891576,1790486503.0908055,TEACHING_MODE,NORMAL,START_RECORDING,REACH_TARGET_POS_SUCCESSFULLY,0.017366026057343577,-0.5788035398388796,0.028047441079548877,-0.2995159529347469,0.01117010721276371,0.20537289308217274,-0.4735252793585816,0.382061,-0.014076,0.572407,1.4613641826948522,-0.21141173229407312,0.22954570322229423
45,2026-09-27T05:21:43.114+00:00,1.406,1790486503.1114922,1790486503.1101072,1790486503.111792,TEACHING_MODE,NORMAL,START_RECORDING,REACH_TARGET_POS_SUCCESSFULLY,0.017366026057343577,-0.5788035398388796,0.028047441079548877,-0.2995159529347469,0.01117010721276371,0.20537289308217274,-0.4735252793585816,0.382061,-0.014076,0.572407,1.4613641826948522,-0.21141173229407312,0.22954570322229423
46,2026-09-27T05:21:43.134+00:00,1.426,1790486503.1305017,1790486503.1296375,1790486503.1307414,TEACHING_MODE,NORMAL,START_RECORDING,REACH_TARGET_POS_SUCCESSFULLY,0.017366026057343577,-0.5788035398388796,0.028047441079548877,-0.2995159529347469,0.01117010721276371,0.20537289308217274,-0.4735252793585816,0.382061,-0.014076,0.572407,1.4613641826948522,-0.21141173229407312,0.22954570322229423
47,2026-09-27T05:21:43.154+00:00,1.446,1790486503.1501932,1790486503.1492658,1790486503.1504145,TEACHING_MODE,NORMAL,START_RECORDING,REACH_TARGET_POS_SUCCESSFULLY,0.017366026057343577,-0.5788035398388796,0.028047441079548877,-0.2995159529347469,0.01117010721276371,0.20537289308217274,-0.4735252793585816,0.382061,-0.014076,0.572407,1.4613641826948522,-0.21141173229407312,0.22954570322229423
48,2026-09-27T05:21:43.174+00:00,1.466,1790486503.1701918,1790486503.1691818,1790486503.1704285,TEACHING_MODE,NORMAL,START_RECORDING,REACH_TARGET_POS_SUCCESSFULLY,0.017366026057343577,-0.5788035398388796,0.028047441079548877,-0.2995159529347469,0.01117010721276371,0.20537289308217274,-0.4735252793585816,0.382061,-0.014076,0.572407,1.4613641826948522,-0.21141173229407312,0.22954570322229423
49,2026-09-27T05:21:43.194+00:00,1.486,1790486503.1901426,1790486503.1890965,1790486503.1903417,TEACHING_MODE,NORMAL,START_RECORDING,REACH_TARGET_POS_SUCCESSFULLY,0.017366026057343577,-0.5788035398388796,0.028047441079548877,-0.2995159529347469,0.01117010721276371,0.20537289308217274,-0.4735252793585816,0.382061,-0.014076,0.572407,1.4613641826948522,-0.21141173229407312,0.22954570322229423
50,2026-09-27T05:21:43.214+00:00,1.506,1790486503.2111547,1790486503.2098053,1790486503.2109084,TEACHING_MODE,NORMAL,START_RECORDING,REACH_TARGET_POS_SUCCESSFULLY,0.017366026057343577,-0.5788035398388796,0.028047441079548877,-0.2995159529347469,0.01117010721276371,0.20537289308217274,-0.4735252793585816,0.382061,-0.014076,0.572407,1.4613641826948522,-0.21141173229407312,0.22954570322229423
51,2026-09-27T05:21:43.234+00:00,1.526,1790486503.2301533,1790486503.2293167,1790486503.2303803,TEACHING_MODE,NORMAL,START_RECORDING,REACH_TARGET_POS_SUCCESSFULLY,0.017366026057343577,-0.5788035398388796,0.028047441079548877,-0.2995159529347469,0.01117010721276371,0.20537289308217274,-0.4735252793585816,0.382061,-0.014076,0.572407,1.4613641826948522,-0.21141173229407312,0.22954570322229423
52,2026-09-27T05:21:43.254+00:00,1.546,1790486503.2500966,1790486503.2492049,1790486503.2502964,TEACHING_MODE,NORMAL,START_RECORDING,REACH_TARGET_POS_SUCCESSFULLY,0.017366026057343577,-0.5788035398388796,0.028047441079548877,-0.2995159529347469,0.01117010721276371,0.20537289308217274,-0.4735252793585816,0.382061,-0.014076,0.572407,1.4613641826948522,-0.21141173229407312,0.22954570322229423
53,2026-09-27T05:21:43.274+00:00,1.566,1790486503.2708998,1790486503.2698567,1790486503.2711432,TEACHING_MODE,NORMAL,START_RECORDING,REACH_TARGET_POS_SUCCESSFULLY,0.017366026057343577,-0.5788035398388796,0.028047441079548877,-0.2995159529347469,0.01117010721276371,0.20537289308217274,-0.4735252793585816,0.382061,-0.014076,0.572407,1.4613641826948522,-0.21141173229407312,0.22954570322229423
54,2026-09-27T05:21:43.294+00:00,1.586,1790486503.2905016,1790486503.2896955,1790486503.2907636,TEACHING_MODE,NORMAL,START_RECORDING,REACH_TARGET_POS_SUCCESSFULLY,0.017366026057343577,-0.5788035398388796,0.028047441079548877,-0.2995159529347469,0.01117010721276371,0.20537289308217274,-0.4735252793585816,0.382061,-0.014076,0.572407,1.4613641826948522,-0.21141173229407312,0.22954570322229423
55,2026-09-27T05:21:43.314+00:00,1.606,1790486503.3105056,1790486503.309593,1790486503.3108099,TEACHING_MODE,NORMAL,START_RECORDING,REACH_TARGET_POS_SUCCESSFULLY,0.017366026057343577,-0.5788558997164394,0.028047441079548877,-0.2995159529347469,0.01117010721276371,0.20537289308217274,-0.4735252793585816,0.38208,-0.014074999999999999,0.572391,1.4613816359873721,-0.21135937241651329,0.22954570322229423
56,2026-09-27T05:21:43.334+00:00,1.626,1790486503.33086,1790486503.3300097,1790486503.331104,TEACHING_MODE,NORMAL,START_RECORDING,REACH_TARGET_POS_SUCCESSFULLY,0.01731366617978375,-0.5788908063014793,0.028047441079548877,-0.2995159529347469,0.01117010721276371,0.20537289308217274,-0.4735252793585816,0.38209499999999996,-0.0141,0.572377,1.4613816359873721,-0.21132446583147343,0.22947589005221444
57,2026-09-27T05:21:43.354+00:00,1.646,1790486503.3504102,1790486503.349116,1790486503.350671,TEACHING_MODE,NORMAL,START_RECORDING,REACH_TARGET_POS_SUCCESSFULLY,0.01731366617978375,-0.5789606194715591,0.028047441079548877,-0.2996206726898666,0.01117010721276371,0.20537289308217274,-0.4735252793585816,0.382148,-0.014098999999999999,0.5723239999999999,1.461416542572412,-0.211149932906274,0.22947589005221444
58,2026-09-27T05:21:43.374+00:00,1.666,1790486503.371091,1790486503.3694377,1790486503.371355,TEACHING_MODE,NORMAL,START_RECORDING,REACH_TARGET_POS_SUCCESSFULLY,0.01731366617978375,-0.5789606194715591,0.028047441079548877,-0.2998999253701856,0.01117010721276371,0.20537289308217274,-0.4735252793585816,0.382198,-0.014096,0.572264,1.4614863557424917,-0.2108706802259549,0.22945843675969452
59,2026-09-27T05:21:43.394+00:00,1.686,1790486503.3901637,1790486503.3893092,1790486503.390404,TEACHING_MODE,NORMAL,START_RECORDING,REACH_TARGET_POS_SUCCESSFULLY,0.01731366617978375,-0.5789606194715591,0.028047441079548877,-0.3000220984178253,0.01117010721276371,0.20537289308217274,-0.4735252793585816,0.382218,-0.014095,0.5722389999999999,1.4615038090350116,-0.2107485071783153,0.22945843675969452
60,2026-09-27T05:21:43.414+00:00,1.706,1790486503.4101183,1790486503.4092433,1790486503.410351,TEACHING_MODE,NORMAL,START_RECORDING,REACH_TARGET_POS_SUCCESSFULLY,0.017383479349863524,-0.5789606194715591,0.028047441079548877,-0.3000220984178253,0.01117010721276371,0.20537289308217274,-0.4735252793585816,0.382219,-0.014065999999999999,0.5722389999999999,1.4615038090350116,-0.2107485071783153,0.22952824992977428
61,2026-09-27T05:21:43.434+00:00,1.726,1790486503.4308681,1790486503.429818,1790486503.4311128,TEACHING_MODE,NORMAL,START_RECORDING,REACH_TARGET_POS_SUCCESSFULLY,0.017523105690023067,-0.5789606194715591,0.028047441079548877,-0.3000220984178253,0.01117010721276371,0.20537289308217274,-0.4735252793585816,0.382221,-0.014018,0.5722389999999999,1.4615038090350116,-0.2107485071783153,0.22965042297741387
62,2026-09-27T05:21:43.454+00:00,1.746,1790486503.4505022,1790486503.44955,1790486503.4507425,TEACHING_MODE,NORMAL,START_RECORDING,REACH_TARGET_POS_SUCCESSFULLY,0.017592918860102842,-0.5790129793491188,0.027925268031909273,-0.3000220984178253,0.01117010721276371,0.20537289308217274,-0.4735252793585816,0.382241,-0.013996999999999999,0.572222,1.4614514491574517,-0.21069614730075548,0.22965042297741387
63,2026-09-27T05:21:43.474+00:00,1.766,1790486503.470215,1790486503.4692616,1790486503.4704063,TEACHING_MODE,NORMAL,START_RECORDING,REACH_TARGET_POS_SUCCESSFULLY,0.01778490507782222,-0.5790129793491188,0.027855454861829502,-0.3000220984178253,0.01117010721276371,0.20537289308217274,-0.4735252793585816,0.382241,-0.013972,0.5722229999999999,1.461399089279892,-0.21067869400823552,0.22968532956245377
64,2026-09-27T05:21:43.494+00:00,1.786,1790486503.4910672,1790486503.4901528,1790486503.4913044,TEACHING_MODE,NORMAL,START_RECORDING,REACH_TARGET_POS_SUCCESSFULLY,0.018517943363659837,-0.5790129793491188,0.02775073510670984,-0.3000220984178253,0.01117010721276371,0.20537289308217274,-0.4735252793585816,0.382251,-0.013654,0.572224,1.4613467294023321,-0.21067869400823552,0.23045327443333127
65,2026-09-27T05:21:43.514+00:00,1.806,1790486503.5103476,1790486503.509431,1790486503.5105484,TEACHING_MODE,NORMAL,START_RECORDING,REACH_TARGET_POS_SUCCESSFULLY,0.018814649336498873,-0.5789431661790391,0.02775073510670984,-0.3000220984178253,0.01117010721276371,0.20537289308217274,-0.4735252793585816,0.382226,-0.013543999999999999,0.572249,1.4613467294023321,-0.21073105388579536,0.2307499804061703
66,2026-09-27T05:21:43.534+00:00,1.826,1790486503.5303552,1790486503.529535,1790486503.5305989,TEACHING_MODE,NORMAL,START_RECORDING,REACH_TARGET_POS_SUCCESSFULLY,0.018814649336498873,-0.5789431661790391,0.025935592684635737,-0.3000220984178253,0.01117010721276371,0.20537289308217274,-0.4735252793585816,0.38220699999999996,-0.013647,0.572264,1.4606485977015347,-0.2105914275456358,0.22984240919513327
67,2026-09-27T05:21:43.554+00:00,1.846,1790486503.550652,1790486503.5498052,1790486503.5508842,TEACHING_MODE,NORMAL,START_RECORDING,REACH_TARGET_POS_SUCCESSFULLY,0.018814649336498873,-0.5789431661790391,0.025394540616517497,-0.3000220984178253,0.01117010721276371,0.20537289308217274,-0.4735252793585816,0.382189,-0.013737,0.572276,1.4600551857558564,-0.21046925449799622,0.2290570110317358
68,2026-09-27T05:21:43.574+00:00,1.866,1790486503.571,1790486503.5700777,1790486503.571157,TEACHING_MODE,NORMAL,START_RECORDING,REACH_TARGET_POS_SUCCESSFULLY,0.018814649336498873,-0.5789431661790391,0.025394540616517497,-0.3000220984178253,0.01117010721276371,0.20537289308217274,-0.4735252793585816,0.382189,-0.013739,0.572276,1.4600377324633365,-0.21046925449799622,0.2290395577392159
69,2026-09-27T05:21:43.594+00:00,1.886,1790486503.591806,1790486503.5905223,1790486503.5920632,TEACHING_MODE,NORMAL,START_RECORDING,REACH_TARGET_POS_SUCCESSFULLY,0.019617500792416268,-0.5788908063014793,0.025394540616517497,-0.3000220984178253,0.01117010721276371,0.20537289308217274,-0.4735252793585816,0.382166,-0.01363,0.5722999999999999,1.4600377324633365,-0.21052161437555603,0.2293362637120549
70,2026-09-27T05:21:43.614+00:00,1.906,1790486503.6108015,1790486503.6093926,1790486503.610898,TEACHING_MODE,NORMAL,START_RECORDING,REACH_TARGET_POS_SUCCESSFULLY,0.022427480888127134,-0.5788558997164394,0.025394540616517497,-0.3000220984178253,0.01117010721276371,0.20537289308217274,-0.4735252793585816,0.38219899999999996,-0.012355,0.572309,1.4600202791708166,-0.21053906766807598,0.23266984258336407
71,2026-09-27T05:21:43.634+00:00,1.926,1790486503.6300693,1790486503.6291156,1790486503.6303215,TEACHING_MODE,NORMAL,START_RECORDING,REACH_TARGET_POS_SUCCESSFULLY,0.029199358385865133,-0.5788035398388796,0.025394540616517497,-0.3000220984178253,0.01117010721276371,0.20537289308217274,-0.4735252793585816,0.38225,-0.00977,0.57233,1.4600202791708166,-0.21060888083815574,0.23944172008110207
72,2026-09-27T05:21:43.654+00:00,1.946,1790486503.6509268,1790486503.6498725,1790486503.6511726,TEACHING_MODE,NORMAL,START_RECORDING,REACH_TARGET_POS_SUCCESSFULLY,0.036861353802120245,-0.5788035398388796,0.025394540616517497,-0.3000220984178253,0.01117010721276371,0.20537289308217274,-0.4735252793585816,0.382314,-0.006836999999999999,0.57233,1.4600202791708166,-0.21060888083815574,0.24710371549735716
73,2026-09-27T05:21:43.674+00:00,1.966,1790486503.6701279,1790486503.6692488,1790486503.67037,TEACHING_MODE,NORMAL,START_RECORDING,REACH_TARGET_POS_SUCCESSFULLY,0.045483280306972226,-0.5788035398388796,0.025394540616517497,-0.3000220984178253,0.01117010721276371,0.20537289308217274,-0.4735252793585816,0.382359,-0.003541,0.57233,1.4600202791708166,-0.21060888083815574,0.2557256420022092
74,2026-09-27T05:21:43.694+00:00,1.986,1790486503.69108,1790486503.6900806,1790486503.6913693,TEACHING_MODE,NORMAL,START_RECORDING,REACH_TARGET_POS_SUCCESSFULLY,0.05445427266222309,-0.5788035398388796,0.025394540616517497,-0.3000220984178253,0.01117010721276371,0.20537289308217274,-0.4735252793585816,0.38237499999999996,-0.000116,0.57233,1.4600202791708166,-0.21060888083815574,0.2646791810649401
75,2026-09-27T05:21:43.714+00:00,2.006,1790486503.7135255,1790486503.7112596,1790486503.713821,TEACHING_MODE,NORMAL,START_RECORDING,REACH_TARGET_POS_SUCCESSFULLY,0.06323327879975456,-0.5788035398388796,0.025394540616517497,-0.3000220984178253,0.01117010721276371,0.20537289308217274,-0.4735252793585816,0.38236899999999996,0.002173,0.57233,1.4600202791708166,-0.21060888083815574,0.2706831136918006
76,2026-09-27T05:21:43.734+00:00,2.026,1790486503.730022,1790486503.7112596,1790486503.7302902,TEACHING_MODE,NORMAL,START_RECORDING,REACH_TARGET_POS_SUCCESSFULLY,0.07148868616168774,-0.5788035398388796,0.025394540616517497,-0.3000220984178253,0.01117010721276371,0.20537289308217274,-0.4735252793585816,0.382322,0.006398,0.57233,1.4600202791708166,-0.21060888083815574,0.2706831136918006
77,2026-09-27T05:21:43.754+00:00,2.046,1790486503.7505307,1790486503.7344015,1790486503.75081,TEACHING_MODE,NORMAL,START_RECORDING,REACH_TARGET_POS_SUCCESSFULLY,0.07972664023110099,-0.5787337266687997,0.025394540616517497,-0.3000220984178253,0.01117010721276371,0.20537289308217274,-0.4735252793585816,0.382208,0.009543,0.572372,1.4599853725857765,-0.21060888083815574,0.28173104785692465
78,2026-09-27T05:21:43.774+00:00,2.066,1790486503.7705004,1790486503.7541642,1790486503.770815,TEACHING_MODE,NORMAL,START_RECORDING,REACH_TARGET_POS_SUCCESSFULLY,0.08506734774220362,-0.57869882008376,0.025394540616517497,-0.3000220984178253,0.01117010721276371,0.20537289308217274,-0.4735252793585816,0.382123,0.012497,0.572372,1.4599853725857765,-0.2107136005932754,0.2899690019263379
79,2026-09-27T05:21:43.794+00:00,2.086,1790486503.789826,1790486503.7743204,1790486503.7900174,TEACHING_MODE,NORMAL,START_RECORDING,REACH_TARGET_POS_SUCCESSFULLY,0.09265952998837895,-0.57869882008376,0.025324727446437722,-0.3000220984178253,0.01117010721276371,0.20537289308217274,-0.4735252793585816,0.382015,0.015439,0.572372,1.4599504660007367,-0.2107136005932754,0.2977008105126728
80,2026-09-27T05:21:43.814+00:00,2.106,1790486503.8098135,1790486503.7942169,1790486503.8100536,TEACHING_MODE,NORMAL,START_RECORDING,REACH_TARGET_POS_SUCCESSFULLY,0.10065313796251299,-0.5786464602062,0.024923301718479025,-0.3000220984178253,0.011065387457644049,0.20537289308217274,-0.4735252793585816,0.382015,0.015439,0.572372,1.4599504660007367,-0.21069614730075548,0.3053628059289279
81,2026-09-27T05:21:43.834+00:00,2.126,1790486503.8299193,1790486503.8149357,1790486503.8301568,TEACHING_MODE,NORMAL,START_RECORDING,REACH_TARGET_POS_SUCCESSFULLY,0.10899581178704588,-0.5785242871585604,0.024120450262561637,-0.3000220984178253,0.010873401239924673,0.20537289308217274,-0.4735252793585816,0.381677,0.020610999999999997,0.572413,1.4595490402727782,-0.21069614730075548,0.31044171405223137
82,2026-09-27T05:21:43.854+00:00,2.146,1790486503.8502417,1790486503.8344078,1790486503.8504105,TEACHING_MODE,NORMAL,START_RECORDING,REACH_TARGET_POS_SUCCESSFULLY,0.11662290061826111,-0.5785242871585604,0.023177972466484696,-0.3000220984178253,0.01059414855960558,0.20537289308217274,-0.4735252793585816,0.381497,0.023438999999999998,0.572472,1.4582924032113422,-0.21067869400823552,0.31819097593108625
83,2026-09-27T05:21:43.874+00:00,2.166,1790486503.869831,1790486503.8540838,1790486503.8700273,TEACHING_MODE,NORMAL,START_RECORDING,REACH_TARGET_POS_SUCCESSFULLY,0.12313297872819995,-0.5785242871585604,0.02138028333693054,-0.3000220984178253,0.01054178868204575,0.20537289308217274,-0.4735252793585816,0.381497,0.023438999999999998,0.572472,1.4582924032113422,-0.21053906766807598,0.3249977600138641
84,2026-09-27T05:21:43.894+00:00,2.186,1790486503.8897629,1790486503.8752563,1790486503.889969,TEACHING_MODE,NORMAL,START_RECORDING,REACH_TARGET_POS_SUCCESSFULLY,0.12901473830742086,-0.5785242871585604,0.016737707526625623,-0.3000220984178253,0.01043706892692609,0.20537289308217274,-0.4735252793585816,0.381113,0.027458999999999997,0.572511,1.456494714081788,-0.21017254852515715,0.32915164363361066
85,2026-09-27T05:21:43.914+00:00,2.206,1790486503.9099557,1790486503.894424,1790486503.910153,TEACHING_MODE,NORMAL,START_RECORDING,REACH_TARGET_POS_SUCCESSFULLY,0.13234831717873002,-0.5785242871585604,0.010157816246606997,-0.3000220984178253,0.01043706892692609,0.20537289308217274,-0.4735252793585816,0.381113,0.027458999999999997,0.572574,1.4535625609384375,-0.20956168328695915,0.3312111321509639
86,2026-09-27T05:21:43.934+00:00,2.227,1790486503.9301875,1790486503.914453,1790486503.9305253,TEACHING_MODE,NORMAL,START_RECORDING,REACH_TARGET_POS_SUCCESSFULLY,0.13651965409099645,-0.5785242871585604,0.0018675022996339325,-0.3000220984178253,0.01043706892692609,0.20537289308217274,-0.4735252793585816,0.380936,0.029009,0.5726289999999999,1.4510492868155656,-0.20907299109640076,0.33297391469547816
87,2026-09-27T05:21:43.954+00:00,2.246,1790486503.9498389,1790486503.9351878,1790486503.9498732,TEACHING_MODE,NORMAL,START_RECORDING,REACH_TARGET_POS_SUCCESSFULLY,0.14079571075838257,-0.5785242871585604,-0.008133234314293577,-0.3000220984178253,0.01043706892692609,0.20537289308217274,-0.4735252793585816,0.380764,0.029731999999999998,0.572731,1.4465114307603806,-0.20818287317788364,0.3306875333753656
88,2026-09-27T05:21:43.974+00:00,2.266,1790486503.9699433,1790486503.9548206,1790486503.970172,TEACHING_MODE,NORMAL,START_RECORDING,REACH_TARGET_POS_SUCCESSFULLY,0.14453071535765044,-0.5785242871585604,-0.019216075064457567,-0.3000220984178253,0.01043706892692609,0.20537289308217274,-0.4735252793585816,0.380387,0.030542,0.573005,1.434922444527138,-0.20715312891920698,0.32641147670797954
89,2026-09-27T05:21:43.994+00:00,2.286,1790486503.9914136,1790486503.9742634,1790486503.9909384,TEACHING_MODE,NORMAL,START_RECORDING,REACH_TARGET_POS_SUCCESSFULLY,0.1467821900927231,-0.5785242871585604,-0.03103195410045918,-0.3000220984178253,0.01043706892692609,0.20537289308217274,-0.4735252793585816,0.380173,0.030893,0.573005,1.434922444527138,-0.20607102478297049,0.3221354200405934
90,2026-09-27T05:21:44.014+00:00,2.306,1790486504.009821,1790486503.9943838,1790486504.0100272,TEACHING_MODE,NORMAL,START_RECORDING,REACH_TARGET_POS_SUCCESSFULLY,0.15207053772626594,-0.5785242871585604,-0.03935717463247213,-0.3000220984178253,0.01043706892692609,0.20537289308217274,-0.4735252793585816,0.379926,0.031361,0.573167,1.4284123664171993,-0.2049540140616941,0.31707396520980985
91,2026-09-27T05:21:44.034+00:00,2.326,1790486504.0298448,1790486504.0143049,1790486504.0298812,TEACHING_MODE,NORMAL,START_RECORDING,REACH_TARGET_POS_SUCCESSFULLY,0.15559610281529448,-0.5785242871585604,-0.05312782243070739,-0.3000220984178253,0.01043706892692609,0.20537289308217274,-0.4735252793585816,0.379672,0.031534,0.57335,1.421343782946622,-0.20380209675537786,0.31178561757626705
92,2026-09-27T05:21:44.054+00:00,2.346,1790486504.0498905,1790486504.0344644,1790486504.0501347,TEACHING_MODE,NORMAL,START_RECORDING,REACH_TARGET_POS_SUCCESSFULLY,0.15873769546888428,-0.5785242871585604,-0.06805038753525891,-0.3000220984178253,0.01043706892692609,0.20537289308217274,-0.4735252793585816,0.37940799999999997,0.032551,0.573558,1.4135596144827274,-0.20261527286402173,0.3050835532486088
93,2026-09-27T05:21:44.074+00:00,2.366,1790486504.0698214,1790486504.0543537,1790486504.0700393,TEACHING_MODE,NORMAL,START_RECORDING,REACH_TARGET_POS_SUCCESSFULLY,0.16345008444926898,-0.5785242871585604,-0.08388052385084747,-0.3000220984178253,0.01043706892692609,0.20537289308217274,-0.4735252793585816,0.379075,0.033053,0.573713,1.4079920141688655,-0.20181242140810435,0.3026226390032968
94,2026-09-27T05:21:44.094+00:00,2.386,1790486504.0904512,1790486504.0743337,1790486504.0906942,TEACHING_MODE,NORMAL,START_RECORDING,REACH_TARGET_POS_SUCCESSFULLY,0.16912240451825053,-0.5785242871585604,-0.0947713783832921,-0.3000220984178253,0.01043706892692609,0.20537289308217274,-0.4735252793585816,0.379075,0.033053,0.573965,1.399247914616374,-0.20064305080926814,0.2958856680905987
95,2026-09-27T05:21:44.114+00:00,2.406,1790486504.1102362,1790486504.09485,1790486504.110445,TEACHING_MODE,NORMAL,START_RECORDING,REACH_TARGET_POS_SUCCESSFULLY,0.17456783178447285,-0.5785242871585604,-0.11714649939385939,-0.3000220984178253,0.01043706892692609,0.20537289308217274,-0.4735252793585816,0.378353,0.033863,0.57453,1.3808172377153138,-0.19952604008799177,0.2879269667015045
96,2026-09-27T05:21:44.134+00:00,2.426,1790486504.12991,1790486504.1141853,1790486504.1300538,TEACHING_MODE,NORMAL,START_RECORDING,REACH_TARGET_POS_SUCCESSFULLY,0.1783377429687806,-0.5785242871585604,-0.135123390689401,-0.3000220984178253,0.01043706892692609,0.20537289308217274,-0.4735252793585816,0.37791399999999997,0.03456,0.574855,1.3708514076864262,-0.19847884253679515,0.28103291615612697
97,2026-09-27T05:21:44.154+00:00,2.446,1790486504.1502032,1790486504.1342006,1790486504.1504283,TEACHING_MODE,NORMAL,START_RECORDING,REACH_TARGET_POS_SUCCESSFULLY,0.18753562812679073,-0.5785242871585604,-0.1477770277663599,-0.3000220984178253,0.01043706892692609,0.20537289308217274,-0.4735252793585816,0.377386,0.035744,0.574855,1.3708514076864262,-0.19750145815567835,0.27365017342019093
98,2026-09-27T05:21:44.174+00:00,2.467,1790486504.1698396,1790486504.1544163,1790486504.169982,TEACHING_MODE,NORMAL,START_RECORDING,REACH_TARGET_POS_SUCCESSFULLY,0.19589575524384356,-0.5785242871585604,-0.1673770752662562,-0.3000220984178253,0.01043706892692609,0.20537289308217274,-0.4735252793585816,0.377386,0.035744,0.575217,1.3602048992492608,-0.19659388694464128,0.26696556238505265
99,2026-09-27T05:21:44.194+00:00,2.486,1790486504.1898715,1790486504.174835,1790486504.1900973,TEACHING_MODE,NORMAL,START_RECORDING,REACH_TARGET_POS_SUCCESSFULLY,0.2020393142108636,-0.5785242871585604,-0.1871691089838719,-0.3000220984178253,0.010559241974565694,0.20537289308217274,-0.4735252793585816,0.376786,0.037301999999999995,0.575603,1.3492965914242963,-0.19582594207376378,0.26099653634323206
100,2026-09-27T05:21:44.214+00:00,2.506,1790486504.2099054,1790486504.1950798,1790486504.2101588,TEACHING_MODE,NORMAL,START_RECORDING,REACH_TARGET_POS_SUCCESSFULLY,0.21209241070235094,-0.5784719272810006,-0.20765927440228532,-0.3000220984178253,0.010559241974565694,0.20537289308217274,-0.4735252793585816,0.375448,0.042073,0.5758909999999999,1.34200111515096,-0.19545942293084495,0.260699830370393
101,2026-09-27T05:21:44.234+00:00,2.527,1790486504.2298496,1790486504.2341654,1790486504.2300992,TEACHING_MODE,NORMAL,START_RECORDING,REACH_TARGET_POS_SUCCESSFULLY,0.22369885022811323,-0.5784719272810006,-0.22160445512572005,-0.3000220984178253,0.01075122819228507,0.20537289308217274,-0.4735252793585816,0.37476899999999996,0.043358999999999995,0.576774,1.319207115119914,-0.19456930501232786,0.24916320401471048
102,2026-09-27T05:21:44.254+00:00,2.546,1790486504.25034,1790486504.2341654,1790486504.2508059,TEACHING_MODE,NORMAL,START_RECORDING,REACH_TARGET_POS_SUCCESSFULLY,0.23710297888342968,-0.5784719272810006,-0.24925047047731022,-0.3000220984178253,0.011065387457644049,0.20537289308217274,-0.4735252793585816,0.37476899999999996,0.043358999999999995,0.576774,1.319207115119914,-0.19456930501232786,0.24916320401471048
103,2026-09-27T05:21:44.274+00:00,2.566,1790486504.2697911,1790486504.2553713,1790486504.2699423,TEACHING_MODE,NORMAL,START_RECORDING,REACH_TARGET_POS_SUCCESSFULLY,0.2469117292796378,-0.5784719272810006,-0.2697406358957236,-0.3000220984178253,0.011606439525762293,0.20537289308217274,-0.4735252793585816,0.372741,0.05065,0.577715,1.2968145408168268,-0.19437731879460848,0.24757495439539565
104,2026-09-27T05:21:44.294+00:00,2.587,1790486504.2897825,1790486504.2941942,1790486504.2899878,TEACHING_MODE,NORMAL,START_RECORDING,REACH_TARGET_POS_SUCCESSFULLY,0.26754152103821077,-0.5784719272810006,-0.28368581661915837,-0.3000220984178253,0.011693705988362009,0.20537289308217274,-0.4735252793585816,0.37155099999999996,0.054778,0.5782269999999999,1.2851731947060248,-0.19451694513476803,0.24801128670839426
105,2026-09-27T05:21:44.314+00:00,2.606,1790486504.31039,1790486504.2941942,1790486504.3106866,TEACHING_MODE,NORMAL,START_RECORDING,REACH_TARGET_POS_SUCCESSFULLY,0.28283060528568116,-0.5785417404510804,-0.3049439269084493,-0.3002838978056244,0.011693705988362009,0.20537289308217274,-0.4735252793585816,0.37155099999999996,0.054778,0.5782269999999999,1.2851731947060248,-0.19451694513476803,0.24801128670839426
106,2026-09-27T05:21:44.334+00:00,2.626,1790486504.3298163,1790486504.3144956,1790486504.3300748,TEACHING_MODE,NORMAL,START_RECORDING,REACH_TARGET_POS_SUCCESSFULLY,0.292709168851969,-0.5785417404510804,-0.3255388120819824,-0.30082494987374264,0.011693705988362009,0.20537289308217274,-0.4735252793585816,0.36927099999999996,0.062551,0.579048,1.2623442880899387,-0.19441222537964836,0.24776694061311502
107,2026-09-27T05:21:44.354+00:00,2.646,1790486504.3499455,1790486504.3342361,1790486504.350204,TEACHING_MODE,NORMAL,START_RECORDING,REACH_TARGET_POS_SUCCESSFULLY,0.30627037713996497,-0.5785417404510804,-0.34536575238463796,-0.30115656243162153,0.011693705988362009,0.20537289308217274,-0.4735252793585816,0.36927099999999996,0.062551,0.579048,1.2623442880899387,-0.194220239161929,0.2474353280552361
108,2026-09-27T05:21:44.374+00:00,2.666,1790486504.3698413,1790486504.3548415,1790486504.3705144,TEACHING_MODE,NORMAL,START_RECORDING,REACH_TARGET_POS_SUCCESSFULLY,0.3183829621488056,-0.5785417404510804,-0.3651926926872935,-0.30115656243162153,0.011693705988362009,0.20537289308217274,-0.4735252793585816,0.36730399999999996,0.06769,0.5799259999999999,1.244053237529038,-0.1945518517198079,0.250856173389145
109,2026-09-27T05:21:44.394+00:00,2.686,1790486504.389853,1790486504.3741045,1790486504.3899755,TEACHING_MODE,NORMAL,START_RECORDING,REACH_TARGET_POS_SUCCESSFULLY,0.32936108314384993,-0.5785417404510804,-0.3840073420237924,-0.30115656243162153,0.011815879036001611,0.20537289308217274,-0.4735252793585816,0.36730399999999996,0.06769,0.5799259999999999,1.244053237529038,-0.19528489000564553,0.24434609527920614
110,2026-09-27T05:21:44.414+00:00,2.706,1790486504.409989,1790486504.3951066,1790486504.4102316,TEACHING_MODE,NORMAL,START_RECORDING,REACH_TARGET_POS_SUCCESSFULLY,0.3392920065876977,-0.5785417404510804,-0.40036107711497926,-0.30115656243162153,0.012461650859239512,0.20537289308217274,-0.4735252793585816,0.36618599999999996,0.070252,0.580454,1.233633621894632,-0.1961051947540829,0.24162338164609498
111,2026-09-27T05:21:44.434+00:00,2.727,1790486504.4299116,1790486504.4154003,1790486504.4301112,TEACHING_MODE,NORMAL,START_RECORDING,REACH_TARGET_POS_SUCCESSFULLY,0.34808846601774907,-0.5785417404510804,-0.40992548141590823,-0.30115656243162153,0.012618730491919002,0.20537289308217274,-0.4735252793585816,0.364242,0.07472899999999999,0.580912,1.22506405526734,-0.19697785938008003,0.2399653188567004
112,2026-09-27T05:21:44.454+00:00,2.746,1790486504.4498515,1790486504.4346573,1790486504.4499502,TEACHING_MODE,NORMAL,START_RECORDING,REACH_TARGET_POS_SUCCESSFULLY,0.35576791472652414,-0.5785417404510804,-0.42334706336374456,-0.3012612821867412,0.013997540600994524,0.20537289308217274,-0.4735252793585816,0.363475,0.076498,0.581318,1.217628952653844,-0.19779816412851736,0.23870868179526444
113,2026-09-27T05:21:44.474+00:00,2.766,1790486504.470524,1790486504.454425,1790486504.4708376,TEACHING_MODE,NORMAL,START_RECORDING,REACH_TARGET_POS_SUCCESSFULLY,0.360427943829349,-0.5785417404510804,-0.43573890105290436,-0.3026575455883367,0.01761037215262279,0.20537289308217274,-0.4735252793585816,0.363475,0.076498,0.581622,1.2112585008840648,-0.19832176290411566,0.23731241839366898
114,2026-09-27T05:21:44.494+00:00,2.786,1790486504.4898283,1790486504.4748678,1790486504.4899971,TEACHING_MODE,NORMAL,START_RECORDING,REACH_TARGET_POS_SUCCESSFULLY,0.3663446099936098,-0.5785417404510804,-0.4470137280207877,-0.30637509689508463,0.02235766771804736,0.20537289308217274,-0.4735252793585816,0.363185,0.079132,0.581062,1.2101065835777485,-0.19725711206039911,0.23640484718263194
115,2026-09-27T05:21:44.514+00:00,2.806,1790486504.5098028,1790486504.4941554,1790486504.5099688,TEACHING_MODE,NORMAL,START_RECORDING,REACH_TARGET_POS_SUCCESSFULLY,0.3696432822798791,-0.5785417404510804,-0.457084277804795,-0.31087804636523,0.03092723434533952,0.20537289308217274,-0.4735252793585816,0.36372899999999997,0.079014,0.581062,1.2101065835777485,-0.19540706305328512,0.2393719069110223
116,2026-09-27T05:21:44.534+00:00,2.826,1790486504.5303068,1790486504.5144415,1790486504.5305011,TEACHING_MODE,NORMAL,START_RECORDING,REACH_TARGET_POS_SUCCESSFULLY,0.37299431444370823,-0.5785417404510804,-0.4628264110438563,-0.31662017960429134,0.041852995462824026,0.20537289308217274,-0.4735252793585816,0.36372899999999997,0.079014,0.580326,1.2128991103809394,-0.19221311052213552,0.2379581902169069
117,2026-09-27T05:21:44.554+00:00,2.846,1790486504.549912,1790486504.534869,1790486504.5501132,TEACHING_MODE,NORMAL,START_RECORDING,REACH_TARGET_POS_SUCCESSFULLY,0.3760835472197382,-0.5785417404510804,-0.47205920278690633,-0.3225019391835122,0.05475097863506212,0.20537289308217274,-0.4735252793585816,0.36537,0.079121,0.5781419999999999,1.2235979786956646,-0.18771016105199015,0.23640484718263194
118,2026-09-27T05:21:44.574+00:00,2.866,1790486504.5710983,1790486504.5542789,1790486504.5700974,TEACHING_MODE,NORMAL,START_RECORDING,REACH_TARGET_POS_SUCCESSFULLY,0.3761010005122581,-0.5785417404510804,-0.4773126438354092,-0.32916909692613056,0.06361725123519331,0.20537289308217274,-0.4735252793585816,0.36537,0.079121,0.5781419999999999,1.2235979786956646,-0.18318975828932485,0.23935445361850236
119,2026-09-27T05:21:44.594+00:00,2.886,1790486504.5899687,1790486504.5749295,1790486504.5901685,TEACHING_MODE,NORMAL,START_RECORDING,REACH_TARGET_POS_SUCCESSFULLY,0.3761010005122581,-0.5784719272810006,-0.48122218135987654,-0.33454471102227307,0.08185594191853406,0.20537289308217274,-0.4735252793585816,0.368108,0.077196,0.575099,1.242569707664843,-0.17791886394830198,0.24017475836693972
120,2026-09-27T05:21:44.614+00:00,2.906,1790486504.6098573,1790486504.594307,1790486504.610358,TEACHING_MODE,NORMAL,START_RECORDING,REACH_TARGET_POS_SUCCESSFULLY,0.37594392087957856,-0.5784195674034407,-0.4879591522725747,-0.3431317309420852,0.09513789752621091,0.20537289308217274,-0.4735252793585816,0.369658,0.075971,0.573355,1.2515930598976537,-0.17146114571592294,0.2399827721492203
121,2026-09-27T05:21:44.634+00:00,2.926,1790486504.6314466,1790486504.6141586,1790486504.6317465,TEACHING_MODE,NORMAL,START_RECORDING,REACH_TARGET_POS_SUCCESSFULLY,0.3759090142945387,-0.5784195674034407,-0.4950277357431517,-0.35178856403197706,0.10388199707870249,0.20537289308217274,-0.4735252793585816,0.370732,0.075124,0.573355,1.2515930598976537,-0.16465436163314506,0.23867377521022456
122,2026-09-27T05:21:44.654+00:00,2.946,1790486504.6497965,1790486504.6344485,1790486504.6499593,TEACHING_MODE,NORMAL,START_RECORDING,REACH_TARGET_POS_SUCCESSFULLY,0.375821747831939,-0.5784195674034407,-0.503248236520045,-0.3609864491899872,0.11636110123046195,0.20537289308217274,-0.4735252793585816,0.372286,0.073728,0.572121,1.2607734917631437,-0.16039575825827887,0.23966861288386135
123,2026-09-27T05:21:44.674+00:00,2.967,1790486504.6697974,1790486504.6544583,1790486504.6699617,TEACHING_MODE,NORMAL,START_RECORDING,REACH_TARGET_POS_SUCCESSFULLY,0.37589156100201876,-0.5784195674034407,-0.5088507434189468,-0.3716155043346327,0.12854349940938237,0.20537289308217274,-0.4735252793585816,0.37401399999999996,0.072203,0.570309,1.2688369129073576,-0.15323990832510212,0.23684117949563052
124,2026-09-27T05:21:44.694+00:00,2.987,1790486504.6913624,1790486504.6745336,1790486504.691552,TEACHING_MODE,NORMAL,START_RECORDING,REACH_TARGET_POS_SUCCESSFULLY,0.37589156100201876,-0.5784195674034407,-0.5214345673258259,-0.38414696836395196,0.13929472760166745,0.20537289308217274,-0.4735252793585816,0.37401399999999996,0.072203,0.56823,1.2764290951535329,-0.1448448746230094,0.23284437550856352
125,2026-09-27T05:21:44.714+00:00,3.006,1790486504.710124,1790486504.694923,1790486504.7103646,TEACHING_MODE,NORMAL,START_RECORDING,REACH_TARGET_POS_SUCCESSFULLY,0.37589156100201876,-0.5784195674034407,-0.5310862380893546,-0.39774308323698776,0.14892894507267612,0.20537289308217274,-0.4735252793585816,0.37593099999999996,0.070394,0.565869,1.2804258991406,-0.13454743203624286,0.22514747350726852
126,2026-09-27T05:21:44.734+00:00,3.027,1790486504.732078,1790486504.714622,1790486504.7323346,TEACHING_MODE,NORMAL,START_RECORDING,REACH_TARGET_POS_SUCCESSFULLY,0.3757868412468991,-0.5784195674034407,-0.5371774371788148,-0.4068362486398782,0.15774285779524752,0.20537289308217274,-0.4735252793585816,0.378003,0.068429,0.563232,1.2868312574954193,-0.12353440445615865,0.21823596966937095
127,2026-09-27T05:21:44.754+00:00,3.046,1790486504.7499578,1790486504.735833,1790486504.7501955,TEACHING_MODE,NORMAL,START_RECORDING,REACH_TARGET_POS_SUCCESSFULLY,0.3757693879543792,-0.5784195674034407,-0.545729550513587,-0.42036255034283426,0.16582373223198124,0.20537289308217274,-0.4735252793585816,0.381976,0.06444699999999999,0.56056,1.293062082925039,-0.11243411041347472,0.2112721059539136
128,2026-09-27T05:21:44.774+00:00,3.066,1790486504.7699544,1790486504.7543247,1790486504.7701304,TEACHING_MODE,NORMAL,START_RECORDING,REACH_TARGET_POS_SUCCESSFULLY,0.3757693879543792,-0.5784195674034407,-0.5546132764062381,-0.43369686582807093,0.17072810743008532,0.20537289308217274,-0.4735252793585816,0.38390799999999997,0.062724,0.5552039999999999,1.305366654151599,-0.1015432558810301,0.20423842906837644
129,2026-09-27T05:21:44.794+00:00,3.086,1790486504.79188,1790486504.7742758,1790486504.7921674,TEACHING_MODE,NORMAL,START_RECORDING,REACH_TARGET_POS_SUCCESSFULLY,0.3757693879543792,-0.5784195674034407,-0.5642824004622867,-0.446612302292829,0.17779669090066233,0.20537289308217274,-0.4735252793585816,0.38390799999999997,0.062724,0.5552039999999999,1.305366654151599,-0.09051277500842593,0.1988977215572738
130,2026-09-27T05:21:44.814+00:00,3.106,1790486504.8101218,1790486504.7952762,1790486504.8103309,TEACHING_MODE,NORMAL,START_RECORDING,REACH_TARGET_POS_SUCCESSFULLY,0.3757693879543792,-0.5784719272810006,-0.5713684372253837,-0.45896923339694884,0.18561576594959694,0.20537289308217274,-0.4735252793585816,0.384967,0.060940999999999995,0.55367,1.308508246805189,-0.08424704299376629,0.19205603088945603
131,2026-09-27T05:21:44.834+00:00,3.126,1790486504.830234,1790486504.8143053,1790486504.8304207,TEACHING_MODE,NORMAL,START_RECORDING,REACH_TARGET_POS_SUCCESSFULLY,0.3757693879543792,-0.5786464602062,-0.5868320543980534,-0.4710469118207496,0.19474383793752728,0.20537289308217274,-0.4735252793585816,0.38800999999999997,0.056275,0.5490769999999999,1.315489563813166,-0.07471754527787725,0.18355627743224362
132,2026-09-27T05:21:44.854+00:00,3.146,1790486504.8511238,1790486504.8342388,1790486504.8513231,TEACHING_MODE,NORMAL,START_RECORDING,REACH_TARGET_POS_SUCCESSFULLY,0.3757693879543792,-0.5786464602062,-0.5987351998966548,-0.4828104309791914,0.20432569553097618,0.20537289308217274,-0.4735252793585816,0.389339,0.053794999999999996,0.546918,1.3205510186439497,-0.0653451271946677,0.17334610130807682
133,2026-09-27T05:21:44.874+00:00,3.166,1790486504.870254,1790486504.8740776,1790486504.870427,TEACHING_MODE,NORMAL,START_RECORDING,REACH_TARGET_POS_SUCCESSFULLY,0.3757693879543792,-0.5786464602062,-0.606676447993229,-0.4938234585592756,0.21427407226734385,0.20537289308217274,-0.4735252793585816,0.39052699999999996,0.051363,0.5448999999999999,1.325978992617652,-0.049078658566080555,0.15646876744129165
134,2026-09-27T05:21:44.894+00:00,3.186,1790486504.8898206,1790486504.8740776,1790486504.8899724,TEACHING_MODE,NORMAL,START_RECORDING,REACH_TARGET_POS_SUCCESSFULLY,0.3758392011244589,-0.5786464602062,-0.6168691708248758,-0.5006651492270934,0.2247809543643497,0.20537289308217274,-0.4735252793585816,0.39052699999999996,0.051363,0.5448999999999999,1.325978992617652,-0.049078658566080555,0.15646876744129165
135,2026-09-27T05:21:44.914+00:00,3.206,1790486504.9103239,1790486504.895032,1790486504.9105155,TEACHING_MODE,NORMAL,START_RECORDING,REACH_TARGET_POS_SUCCESSFULLY,0.3759090142945387,-0.5786464602062,-0.6266081080510042,-0.5097408613374639,0.2354972759715949,0.20537289308217274,-0.4735252793585816,0.392569,0.047584999999999995,0.541272,1.3407444780895241,-0.04214970143566306,0.15027284859671178
136,2026-09-27T05:21:44.934+00:00,3.226,1790486504.9298935,1790486504.9141064,1790486504.9299238,TEACHING_MODE,NORMAL,START_RECORDING,REACH_TARGET_POS_SUCCESSFULLY,0.3759090142945387,-0.5786464602062,-0.636835737467691,-0.5172283238285196,0.2430370983402104,0.20537289308217274,-0.4735252793585816,0.392569,0.047584999999999995,0.541272,1.3407444780895241,-0.03635520831904189,0.14748032179352083
137,2026-09-27T05:21:44.954+00:00,3.246,1790486504.950449,1790486504.9346187,1790486504.9506996,TEACHING_MODE,NORMAL,START_RECORDING,REACH_TARGET_POS_SUCCESSFULLY,0.37585665441697885,-0.5786464602062,-0.6440788538634674,-0.5233020696254599,0.2546086312809328,0.20537289308217274,-0.4735252793585816,0.392905,0.045798,0.540527,1.3465215179136254,-0.034348079679248404,0.14295991903085556
138,2026-09-27T05:21:44.974+00:00,3.266,1790486504.9698477,1790486504.955454,1790486504.9699748,TEACHING_MODE,NORMAL,START_RECORDING,REACH_TARGET_POS_SUCCESSFULLY,0.37585665441697885,-0.5786464602062,-0.6599962566416557,-0.5282413514086038,0.26703537555513246,0.20537289308217274,-0.4735252793585816,0.39333399999999996,0.04375,0.539575,1.3524207307853662,-0.031503192998497645,0.13739231871699362
139,2026-09-27T05:21:44.994+00:00,3.286,1790486504.9898973,1790486504.9748585,1790486504.990095,TEACHING_MODE,NORMAL,START_RECORDING,REACH_TARGET_POS_SUCCESSFULLY,0.3759962807571384,-0.5786464602062,-0.6732083990792529,-0.5325348613685098,0.28082347664588764,0.20537289308217274,-0.4735252793585816,0.393572,0.03959,0.538555,1.3608681243650187,-0.029548424236264,0.12981758976333824
140,2026-09-27T05:21:45.014+00:00,3.306,1790486505.01123,1790486504.994145,1790486505.011462,TEACHING_MODE,NORMAL,START_RECORDING,REACH_TARGET_POS_SUCCESSFULLY,0.3759962807571384,-0.5786464602062,-0.6825633638699424,-0.536479305478017,0.29098129289249464,0.20537289308217274,-0.4735252793585816,0.393572,0.03959,0.538555,1.3608681243650187,-0.02895501229058593,0.12423253615695638
141,2026-09-27T05:21:45.034+00:00,3.326,1790486505.0298712,1790486505.014905,1790486505.0300968,TEACHING_MODE,NORMAL,START_RECORDING,REACH_TARGET_POS_SUCCESSFULLY,0.37604864063469823,-0.5786464602062,-0.6960023991102987,-0.5388878598457693,0.3127106420798241,0.20537289308217274,-0.473403106310942,0.39348,0.035252,0.537938,1.3760524888573693,-0.0291469985083053,0.11880456218325403
142,2026-09-27T05:21:45.054+00:00,3.346,1790486505.0498164,1790486505.0341492,1790486505.0500183,TEACHING_MODE,NORMAL,START_RECORDING,REACH_TARGET_POS_SUCCESSFULLY,0.37604864063469823,-0.5786464602062,-0.7103490055616922,-0.5420818123769189,0.3304431872800864,0.20537289308217274,-0.473403106310942,0.393241,0.032964,0.537938,1.3760524888573693,-0.02988003679414292,0.1144412390532682
143,2026-09-27T05:21:45.074+00:00,3.366,1790486505.0709982,1790486505.0544193,1790486505.0711985,TEACHING_MODE,NORMAL,START_RECORDING,REACH_TARGET_POS_SUCCESSFULLY,0.37604864063469823,-0.5785591937436003,-0.7275928585713961,-0.5438096883363932,0.3428524782617661,0.20537289308217274,-0.473403106310942,0.392907,0.0313,0.53788,1.3842206297567028,-0.03153809958353753,0.10941469080752453
144,2026-09-27T05:21:45.094+00:00,3.386,1790486505.0901027,1790486505.0743363,1790486505.0903356,TEACHING_MODE,NORMAL,START_RECORDING,REACH_TARGET_POS_SUCCESSFULLY,0.3762231735598977,-0.5785766470361202,-0.748536809595328,-0.543862048213953,0.3626794185644217,0.20537289308217274,-0.473403106310942,0.391986,0.028699,0.538065,1.3943609927107898,-0.034714598822167216,0.10826277350120826
145,2026-09-27T05:21:45.114+00:00,3.406,1790486505.1107156,1790486505.0944319,1790486505.1109881,TEACHING_MODE,NORMAL,START_RECORDING,REACH_TARGET_POS_SUCCESSFULLY,0.3763802531925772,-0.5785766470361202,-0.7720289413271718,-0.543862048213953,0.3838851689761528,0.20537289308217274,-0.473403106310942,0.391986,0.028699,0.5389809999999999,1.400713991188049,-0.040264745843509184,0.10096729722787197
146,2026-09-27T05:21:45.134+00:00,3.426,1790486505.1298833,1790486505.1147573,1790486505.1304393,TEACHING_MODE,NORMAL,START_RECORDING,REACH_TARGET_POS_SUCCESSFULLY,0.3764675196551769,-0.5785766470361202,-0.7973187621885696,-0.543862048213953,0.40585886425876144,0.20537289308217274,-0.473403106310942,0.389509,0.022730999999999998,0.540222,1.4005220049703297,-0.04564035993965172,0.08878489904895154
147,2026-09-27T05:21:45.154+00:00,3.447,1790486505.1499481,1790486505.1343598,1790486505.1501389,TEACHING_MODE,NORMAL,START_RECORDING,REACH_TARGET_POS_SUCCESSFULLY,0.3764675196551769,-0.5785766470361202,-0.8154527331167907,-0.543862048213953,0.4281816253917689,0.20537289308217274,-0.473403106310942,0.388032,0.019393,0.5428689999999999,1.4104703817066977,-0.052412237437389715,0.07878416243502404
148,2026-09-27T05:21:45.174+00:00,3.466,1790486505.1703103,1790486505.154286,1790486505.1705565,TEACHING_MODE,NORMAL,START_RECORDING,REACH_TARGET_POS_SUCCESSFULLY,0.37639770648509707,-0.5785068338660405,-0.8431860149309806,-0.543862048213953,0.45083599908265526,0.20537289308217274,-0.473403106310942,0.388032,0.019393,0.5428689999999999,1.4104703817066977,-0.05976007358828584,0.06726498937186146
149,2026-09-27T05:21:45.194+00:00,3.486,1790486505.1899397,1790486505.1758533,1790486505.1901412,TEACHING_MODE,NORMAL,START_RECORDING,REACH_TARGET_POS_SUCCESSFULLY,0.3761533603898179,-0.5783846608184009,-0.8705004177246918,-0.543862048213953,0.47303658716802316,0.20537289308217274,-0.473403106310942,0.384733,0.012688999999999999,0.544345,1.4151827706870823,-0.06745697558958084,0.05574581630869888
150,2026-09-27T05:21:45.214+00:00,3.507,1790486505.2099624,1790486505.1944256,1790486505.2100987,TEACHING_MODE,NORMAL,START_RECORDING,REACH_TARGET_POS_SUCCESSFULLY,0.37611845380477804,-0.5782973943558012,-0.8985827653892805,-0.5436700619962337,0.48685959484381824,0.20537289308217274,-0.473403106310942,0.384733,0.012688999999999999,0.545916,1.4194762806469883,-0.07545058356371487,0.0439822971502571
151,2026-09-27T05:21:45.234+00:00,3.526,1790486505.2323213,1790486505.2151794,1790486505.2325194,TEACHING_MODE,NORMAL,START_RECORDING,REACH_TARGET_POS_SUCCESSFULLY,0.37611845380477804,-0.5782101278932014,-0.9262462340333907,-0.5436351554111938,0.5060931232007957,0.20537289308217274,-0.473403106310942,0.383584,0.010492999999999999,0.546904,1.4267892102128443,-0.0817512221634144,0.03871140280923423
152,2026-09-27T05:21:45.254+00:00,3.546,1790486505.2502308,1790486505.2352777,1790486505.2504277,TEACHING_MODE,NORMAL,START_RECORDING,REACH_TARGET_POS_SUCCESSFULLY,0.37611845380477804,-0.5775992626550034,-0.9536828098747416,-0.5436351554111938,0.5243318138841365,0.20537289308217274,-0.473403106310942,0.37948099999999996,0.004219,0.5506019999999999,1.4241886696273731,-0.0895353906273091,0.0256388867117967
153,2026-09-27T05:21:45.274+00:00,3.566,1790486505.2708344,1790486505.2542303,1790486505.2712758,TEACHING_MODE,NORMAL,START_RECORDING,REACH_TARGET_POS_SUCCESSFULLY,0.37611845380477804,-0.5769360375392455,-0.981259012056252,-0.5435478889485941,0.5425879578599971,0.20537289308217274,-0.473403106310942,0.37948099999999996,0.004219,0.5506019999999999,1.4241886696273731,-0.09712757287348445,0.00973893722612836
154,2026-09-27T05:21:45.294+00:00,3.586,1790486505.2919838,1790486505.2748263,1790486505.2921853,TEACHING_MODE,NORMAL,START_RECORDING,REACH_TARGET_POS_SUCCESSFULLY,0.37611845380477804,-0.5754350543825304,-1.0072469646184474,-0.5434955290710343,0.5554161278621556,0.20537289308217274,-0.473403106310942,0.377228,0.001109,0.552542,1.4253754935187293,-0.10571459279329655,-0.0033161255787892262
155,2026-09-27T05:21:45.314+00:00,3.606,1790486505.3106275,1790486505.2946262,1790486505.3108466,TEACHING_MODE,NORMAL,START_RECORDING,REACH_TARGET_POS_SUCCESSFULLY,0.3760835472197382,-0.574981268777012,-1.0235308865395545,-0.5434955290710343,0.581421533716871,0.20537289308217274,-0.473403106310942,0.372679,-0.004503,0.556339,1.4323742638192263,-0.11512191746154597,-0.014521139376592824
156,2026-09-27T05:21:45.334+00:00,3.626,1790486505.3314314,1790486505.3141859,1790486505.3317192,TEACHING_MODE,NORMAL,START_RECORDING,REACH_TARGET_POS_SUCCESSFULLY,0.3759613741720985,-0.5747543759742526,-1.0469008452237587,-0.5432860895607949,0.6004805291486491,0.20537289308217274,-0.473403106310942,0.372679,-0.004503,0.556339,1.4323742638192263,-0.12344713799355894,-0.024137903555081577
157,2026-09-27T05:21:45.354+00:00,3.646,1790486505.3508286,1790486505.3351498,1790486505.3510337,TEACHING_MODE,NORMAL,START_RECORDING,REACH_TARGET_POS_SUCCESSFULLY,0.3758392011244589,-0.5747718292667726,-1.0685254746559685,-0.542326158472198,0.6126454740350497,0.20537289308217274,-0.473403106310942,0.369687,-0.008194,0.557901,1.4360743618334544,-0.13156291901533257,-0.032864549815053226
158,2026-09-27T05:21:45.374+00:00,3.666,1790486505.3708396,1790486505.3542325,1790486505.3709493,TEACHING_MODE,NORMAL,START_RECORDING,REACH_TARGET_POS_SUCCESSFULLY,0.3756995747842994,-0.5746845628041729,-1.0875670167952267,-0.5421516255469986,0.6302383928951524,0.20537289308217274,-0.473403106310942,0.368131,-0.010154999999999999,0.560002,1.4475062684340172,-0.13781119773747225,-0.03478441199224699
159,2026-09-27T05:21:45.394+00:00,3.686,1790486505.3919942,1790486505.3741498,1790486505.3922803,TEACHING_MODE,NORMAL,START_RECORDING,REACH_TARGET_POS_SUCCESSFULLY,0.37501889637602165,-0.574649656219133,-1.0992083629060287,-0.5421516255469986,0.6459289028705815,0.20537289308217274,-0.473403106310942,0.368131,-0.010154999999999999,0.560002,1.4475062684340172,-0.14454816865017037,-0.04150392961242516
160,2026-09-27T05:21:45.414+00:00,3.706,1790486505.4105089,1790486505.3959496,1790486505.4108026,TEACHING_MODE,NORMAL,START_RECORDING,REACH_TARGET_POS_SUCCESSFULLY,0.3736400862669461,-0.5746147496340932,-1.12034430014768,-0.5421516255469986,0.6591410453081785,0.20537289308217274,-0.473403106310942,0.365294,-0.014062,0.561184,1.4470175762434587,-0.1499237827463129,-0.05056218843027573
161,2026-09-27T05:21:45.434+00:00,3.726,1790486505.4306586,1790486505.414247,1790486505.430906,TEACHING_MODE,NORMAL,START_RECORDING,REACH_TARGET_POS_SUCCESSFULLY,0.373657539559466,-0.5741784173210945,-1.1334517228301577,-0.5421516255469986,0.6664888814590746,0.20537289308217274,-0.473403106310942,0.363996,-0.015354999999999999,0.562187,1.4498450096316897,-0.15542156989009503,-0.05754350543825305
162,2026-09-27T05:21:45.454+00:00,3.746,1790486505.451059,1790486505.4342458,1790486505.4513016,TEACHING_MODE,NORMAL,START_RECORDING,REACH_TARGET_POS_SUCCESSFULLY,0.37358772638938625,-0.5722760084364208,-1.1398570811849766,-0.5415058537237607,0.6781127742773568,0.20537289308217274,-0.473403106310942,0.363996,-0.015354999999999999,0.5631849999999999,1.4517997783939232,-0.16036085167323902,-0.06258750697651666
163,2026-09-27T05:21:45.474+00:00,3.767,1790486505.4710615,1790486505.4547253,1790486505.4712603,TEACHING_MODE,NORMAL,START_RECORDING,REACH_TARGET_POS_SUCCESSFULLY,0.37358772638938625,-0.5691693223678709,-1.1433302863964454,-0.5399699639820057,0.6846752122648555,0.20537289308217274,-0.473403106310942,0.362097,-0.016399,0.5648259999999999,1.4550286375101127,-0.16687092978317786,-0.06461208890883008
164,2026-09-27T05:21:45.494+00:00,3.787,1790486505.4923286,1790486505.4750514,1790486505.492621,TEACHING_MODE,NORMAL,START_RECORDING,REACH_TARGET_POS_SUCCESSFULLY,0.37358772638938625,-0.5633922825437696,-1.1433302863964454,-0.5371425305937748,0.6880960575987645,0.20537289308217274,-0.473403106310942,0.36036599999999996,-0.016777999999999998,0.566444,1.460177358803496,-0.1730493953352378,-0.06174974893555939
165,2026-09-27T05:21:45.514+00:00,3.806,1790486505.5111568,1790486505.4958367,1790486505.5113955,TEACHING_MODE,NORMAL,START_RECORDING,REACH_TARGET_POS_SUCCESSFULLY,0.37358772638938625,-0.5573010834543094,-1.1433302863964454,-0.5325348613685098,0.6895097742928799,0.20537289308217274,-0.473403106310942,0.35584699999999997,-0.017105,0.5708869999999999,1.464767574736241,-0.17989108600305556,-0.05787511799613197
166,2026-09-27T05:21:45.534+00:00,3.826,1790486505.5309963,1790486505.5142894,1790486505.5311995,TEACHING_MODE,NORMAL,START_RECORDING,REACH_TARGET_POS_SUCCESSFULLY,0.37358772638938625,-0.552501428011325,-1.1433302863964454,-0.5267229149593687,0.6895097742928799,0.20537289308217274,-0.473403106310942,0.352491,-0.017116,0.5742499999999999,1.4646628549811214,-0.1876927077594702,-0.05639158813193679
167,2026-09-27T05:21:45.554+00:00,3.846,1790486505.5529175,1790486505.5341973,1790486505.5530515,TEACHING_MODE,NORMAL,START_RECORDING,REACH_TARGET_POS_SUCCESSFULLY,0.37358772638938625,-0.542657771030077,-1.1433302863964454,-0.5202477434344698,0.6895097742928799,0.20537289308217274,-0.473403106310942,0.352491,-0.017116,0.5742499999999999,1.4646628549811214,-0.1982868563190758,-0.05358160803622592
168,2026-09-27T05:21:45.574+00:00,3.867,1790486505.5713403,1790486505.5559745,1790486505.571521,TEACHING_MODE,NORMAL,START_RECORDING,REACH_TARGET_POS_SUCCESSFULLY,0.37358772638938625,-0.5344198169606638,-1.1433302863964454,-0.5126381078957745,0.6895097742928799,0.20537289308217274,-0.473403106310942,0.344906,-0.016906,0.581749,1.4634934843822853,-0.20959658987199903,-0.05044001538263613
169,2026-09-27T05:21:45.594+00:00,3.886,1790486505.5914986,1790486505.5743709,1790486505.5917416,TEACHING_MODE,NORMAL,START_RECORDING,REACH_TARGET_POS_SUCCESSFULLY,0.37358772638938625,-0.5288871232318417,-1.1433302863964454,-0.5045746867515607,0.6898588401432788,0.20537289308217274,-0.473403106310942,0.34079499999999996,-0.016685,0.581749,1.4634934843822853,-0.2224422131666773,-0.046722464075888204
170,2026-09-27T05:21:45.614+00:00,3.906,1790486505.6120138,1790486505.5943487,1790486505.6122077,TEACHING_MODE,NORMAL,START_RECORDING,REACH_TARGET_POS_SUCCESSFULLY,0.37358772638938625,-0.5212774876931464,-1.1433302863964454,-0.49857075412470014,0.6912551035448742,0.20537289308217274,-0.473403106310942,0.34079499999999996,-0.016685,0.585739,1.462655726341328,-0.2356543556042744,-0.04260348704118158
171,2026-09-27T05:21:45.634+00:00,3.926,1790486505.6321003,1790486505.6147454,1790486505.6323445,TEACHING_MODE,NORMAL,START_RECORDING,REACH_TARGET_POS_SUCCESSFULLY,0.37358772638938625,-0.5149244892158871,-1.1433302863964454,-0.48940777555172993,0.6942919764433443,0.20537289308217274,-0.473403106310942,0.336955,-0.016129,0.589548,1.4615387156200514,-0.24886649804187144,-0.03729768611511882
172,2026-09-27T05:21:45.654+00:00,3.946,1790486505.6519606,1790486505.6347117,1790486505.6522048,TEACHING_MODE,NORMAL,START_RECORDING,REACH_TARGET_POS_SUCCESSFULLY,0.37353536651182645,-0.5103691798681819,-1.1433302863964454,-0.4797561047882013,0.6989345522536492,0.20537289308217274,-0.473403106310942,0.334522,-0.015019,0.592263,1.461416542572412,-0.2596351795266765,-0.029932396671702752
173,2026-09-27T05:21:45.674+00:00,3.966,1790486505.6718168,1790486505.655244,1790486505.672044,TEACHING_MODE,NORMAL,START_RECORDING,REACH_TARGET_POS_SUCCESSFULLY,0.37353536651182645,-0.5067563483165536,-1.1433302863964454,-0.4695633819565544,0.7033676885537149,0.20537289308217274,-0.473403106310942,0.329588,-0.013148,0.5946899999999999,1.4626906329263678,-0.269007597609886,-0.02436479635784084
174,2026-09-27T05:21:45.694+00:00,3.987,1790486505.6913629,1790486505.6744475,1790486505.691547,TEACHING_MODE,NORMAL,START_RECORDING,REACH_TARGET_POS_SUCCESSFULLY,0.37351791321930644,-0.5049062993094396,-1.1433302863964454,-0.4592659393697879,0.706404561452185,0.20537289308217274,-0.473403106310942,0.327808,-0.011463,0.597444,1.4610500234294932,-0.2800031718974503,-0.01661553447898602
175,2026-09-27T05:21:45.714+00:00,4.006,1790486505.712301,1790486505.694475,1790486505.712576,TEACHING_MODE,NORMAL,START_RECORDING,REACH_TARGET_POS_SUCCESSFULLY,0.3733782868791469,-0.503544942492884,-1.1433302863964454,-0.44865433751766237,0.7093192613030155,0.20537289308217274,-0.473403106310942,0.327808,-0.011463,0.599695,1.4569135931022668,-0.28904397742278093,-0.009651670763528642
176,2026-09-27T05:21:45.734+00:00,4.026,1790486505.7312222,1790486505.7160976,1790486505.7314172,TEACHING_MODE,NORMAL,START_RECORDING,REACH_TARGET_POS_SUCCESSFULLY,0.3724881689606298,-0.503544942492884,-1.1433302863964454,-0.43793801591041714,0.710087206173893,0.20537289308217274,-0.473403106310942,0.32619899999999996,-0.009668,0.60181,1.4530564154553591,-0.2979626099004719,-0.0019722220547535923
177,2026-09-27T05:21:45.754+00:00,4.046,1790486505.7517927,1790486505.7346652,1790486505.752106,TEACHING_MODE,NORMAL,START_RECORDING,REACH_TARGET_POS_SUCCESSFULLY,0.36894515057908134,-0.503544942492884,-1.1433302863964454,-0.4309916054874797,0.710087206173893,0.20537289308217274,-0.473403106310942,0.325103,-0.007859999999999999,0.603547,1.446982669658419,-0.3053104460513681,0.004171336912266448
178,2026-09-27T05:21:45.774+00:00,4.067,1790486505.7741559,1790486505.7555299,1790486505.766194,TEACHING_MODE,NORMAL,START_RECORDING,REACH_TARGET_POS_SUCCESSFULLY,0.36475636037429493,-0.503544942492884,-1.1433302863964454,-0.4227885580031064,0.7102093792215326,0.20537289308217274,-0.473403106310942,0.324029,-0.007038999999999999,0.605167,1.4406994843512393,-0.31202996367154623,0.006928957130417489
179,2026-09-27T05:21:45.794+00:00,4.086,1790486505.7922556,1790486505.7794056,1790486505.7925363,TEACHING_MODE,NORMAL,START_RECORDING,REACH_TARGET_POS_SUCCESSFULLY,0.35725144459071934,-0.503544942492884,-1.1433302863964454,-0.4175002103695636,0.7115358294530483,0.20537289308217274,-0.473403106310942,0.323233,-0.007698999999999999,0.606308,1.4363885210988134,-0.3168645256995706,0.005218534463463045
180,2026-09-27T05:21:45.814+00:00,4.106,1790486505.812015,1790486505.7998495,1790486505.812347,TEACHING_MODE,NORMAL,START_RECORDING,REACH_TARGET_POS_SUCCESSFULLY,0.34908330369138585,-0.503544942492884,-1.1433302863964454,-0.415213829049451,0.7165100178212321,0.20537289308217274,-0.473403106310942,0.322731,-0.009401999999999999,0.606984,1.4350969774523377,-0.3201631979858398,0.0011344640137963143
181,2026-09-27T05:21:45.834+00:00,4.126,1790486505.8325782,1790486505.820409,1790486505.8328948,TEACHING_MODE,NORMAL,START_RECORDING,REACH_TARGET_POS_SUCCESSFULLY,0.3403217508463743,-0.503544942492884,-1.1433302863964454,-0.4151614691718912,0.7255682766390827,0.20537289308217274,-0.473403106310942,0.322637,-0.011852999999999999,0.607054,1.4391635946094843,-0.3218561673602743,-0.00307177948351002
182,2026-09-27T05:21:45.854+00:00,4.146,1790486505.8514512,1790486505.839752,1790486505.851656,TEACHING_MODE,NORMAL,START_RECORDING,REACH_TARGET_POS_SUCCESSFULLY,0.3338989391990352,-0.503544942492884,-1.1433302863964454,-0.4151614691718912,0.7374365155526441,0.20537289308217274,-0.473403106310942,0.32267799999999996,-0.014837999999999999,0.606896,1.446284537957621,-0.32330479063942963,-0.0073129295658562405
183,2026-09-27T05:21:45.874+00:00,4.166,1790486505.871323,1790486505.8593414,1790486505.8715115,TEACHING_MODE,NORMAL,START_RECORDING,REACH_TARGET_POS_SUCCESSFULLY,0.3200759315232401,-0.503544942492884,-1.1433302863964454,-0.4151614691718912,0.7518180285890774,0.20537289308217274,-0.473403106310942,0.322724,-0.018099999999999998,0.60669,1.4554649698231112,-0.3252246528166234,-0.01096066770252439
184,2026-09-27T05:21:45.894+00:00,4.186,1790486505.8922584,1790486505.881456,1790486505.8924918,TEACHING_MODE,NORMAL,START_RECORDING,REACH_TARGET_POS_SUCCESSFULLY,0.3094643296711146,-0.503544942492884,-1.1433302863964454,-0.4151614691718912,0.7678576044149052,0.20537289308217274,-0.473403106310942,0.32276,-0.021561,0.606452,1.4661463848453167,-0.32751103413673593,-0.014206980111233844
185,2026-09-27T05:21:45.914+00:00,4.206,1790486505.9099374,1790486505.8991225,1790486505.9122257,TEACHING_MODE,NORMAL,START_RECORDING,REACH_TARGET_POS_SUCCESSFULLY,0.3022037599828182,-0.503544942492884,-1.1433302863964454,-0.4151614691718912,0.7856425094927275,0.20537289308217274,-0.473403106310942,0.32278199999999996,-0.025068,0.606189,1.4779622638813181,-0.3301464813072474,-0.01684242728174528
186,2026-09-27T05:21:45.934+00:00,4.227,1790486505.9326813,1790486505.919269,1790486505.9323907,TEACHING_MODE,NORMAL,START_RECORDING,REACH_TARGET_POS_SUCCESSFULLY,0.291173279110214,-0.503544942492884,-1.1433302863964454,-0.4151614691718912,0.7982263333996066,0.20537289308217274,-0.473403106310942,0.32289399999999996,-0.027441,0.605899,1.490964966808676,-0.33314844762067763,-0.01514945790731078
187,2026-09-27T05:21:45.954+00:00,4.246,1790486505.9498868,1790486505.9400802,1790486505.951617,TEACHING_MODE,NORMAL,START_RECORDING,REACH_TARGET_POS_SUCCESSFULLY,0.27914796056397306,-0.503544942492884,-1.1433302863964454,-0.4151614691718912,0.8180009138247024,0.20537289308217274,-0.473403106310942,0.322777,-0.031101,0.605695,1.5001104920891264,-0.3353475624781905,-0.02014109956801456
188,2026-09-27T05:21:45.974+00:00,4.266,1790486505.9699094,1790486505.959504,1790486505.9717262,TEACHING_MODE,NORMAL,START_RECORDING,REACH_TARGET_POS_SUCCESSFULLY,0.26684338933741303,-0.503544942492884,-1.1433302863964454,-0.4151614691718912,0.8381769199777568,0.20537289308217274,-0.473403106310942,0.322704,-0.035088999999999995,0.605379,1.51433492549288,-0.33883822098217914,-0.022671826983406338
189,2026-09-27T05:21:45.994+00:00,4.286,1790486505.9910982,1790486505.979425,1790486505.9913557,TEACHING_MODE,NORMAL,START_RECORDING,REACH_TARGET_POS_SUCCESSFULLY,0.25911158075107815,-0.503544942492884,-1.1433302863964454,-0.4151614691718912,0.857829327355213,0.20537289308217274,-0.473403106310942,0.32259099999999996,-0.039028,0.605062,1.5286117187741937,-0.3425034124113672,-0.02506292805863857
190,2026-09-27T05:21:46.014+00:00,4.306,1790486506.0125096,1790486505.9994323,1790486506.0101106,TEACHING_MODE,NORMAL,START_RECORDING,REACH_TARGET_POS_SUCCESSFULLY,0.24523621319772324,-0.503544942492884,-1.1433302863964454,-0.4151614691718912,0.8703258847994924,0.20537289308217274,-0.473403106310942,0.322468,-0.042588,0.604757,1.542330006694869,-0.34613369725551546,-0.02672099084803319
191,2026-09-27T05:21:46.034+00:00,4.326,1790486506.0300732,1790486506.0197847,1790486506.0303178,TEACHING_MODE,NORMAL,START_RECORDING,REACH_TARGET_POS_SUCCESSFULLY,0.23645720706019177,-0.503544942492884,-1.1433302863964454,-0.4151614691718912,0.8920203274017819,0.20537289308217274,-0.473403106310942,0.322332,-0.045755,0.604482,1.5547742042615889,-0.3495545425894243,-0.028047441079548877
192,2026-09-27T05:21:46.054+00:00,4.346,1790486506.0503092,1790486506.04002,1790486506.0504978,TEACHING_MODE,NORMAL,START_RECORDING,REACH_TARGET_POS_SUCCESSFULLY,0.23129103247428856,-0.503544942492884,-1.1433302863964454,-0.4151614691718912,0.9053022830094588,0.20537289308217274,-0.473403106310942,0.322197,-0.048415,0.604248,1.5653508995286742,-0.3525216023178147,-0.0291469985083053
193,2026-09-27T05:21:46.074+00:00,4.366,1790486506.070448,1790486506.0598786,1790486506.070592,TEACHING_MODE,NORMAL,START_RECORDING,REACH_TARGET_POS_SUCCESSFULLY,0.22486822082694943,-0.503544942492884,-1.1433302863964454,-0.4151614691718912,0.9127897455005144,0.20537289308217274,-0.473403106310942,0.322071,-0.050610999999999996,0.604055,1.5741124523736858,-0.35505232973320644,-0.030019663134302467
194,2026-09-27T05:21:46.094+00:00,4.386,1790486506.0904088,1790486506.0797062,1790486506.090744,TEACHING_MODE,NORMAL,START_RECORDING,REACH_TARGET_POS_SUCCESSFULLY,0.22005111209144507,-0.503544942492884,-1.1433302863964454,-0.4151614691718912,0.9216909246856856,0.20537289308217274,-0.473403106310942,0.32196199999999997,-0.052022,0.603949,1.5789295611091902,-0.3564660464273219,-0.031154127148098783
195,2026-09-27T05:21:46.114+00:00,4.406,1790486506.109948,1790486506.1002648,1790486506.1102355,TEACHING_MODE,NORMAL,START_RECORDING,REACH_TARGET_POS_SUCCESSFULLY,0.21621138773705753,-0.5035100359078442,-1.1433302863964454,-0.4151614691718912,0.9282359093806644,0.20537289308217274,-0.473403106310942,0.321893,-0.053276,0.603825,1.584584427885652,-0.3581415625092364,-0.031241393610698498
196,2026-09-27T05:21:46.134+00:00,4.426,1790486506.1300514,1790486506.1195743,1790486506.130274,TEACHING_MODE,NORMAL,START_RECORDING,REACH_TARGET_POS_SUCCESSFULLY,0.21516419018586094,-0.5035100359078442,-1.1433302863964454,-0.4151614691718912,0.9316393014220531,0.20537289308217274,-0.473403106310942,0.321771,-0.054445999999999994,0.603754,1.5884066989475194,-0.3593109331080726,-0.03230604445441504
197,2026-09-27T05:21:46.154+00:00,4.446,1790486506.1510255,1790486506.139183,1790486506.1512392,TEACHING_MODE,NORMAL,START_RECORDING,REACH_TARGET_POS_SUCCESSFULLY,0.21577505542405895,-0.5035100359078442,-1.1433302863964454,-0.4151614691718912,0.933855869572086,0.20537289308217274,-0.473403106310942,0.32187099999999996,-0.054209999999999994,0.603699,1.5909025197778712,-0.36006142468643015,-0.029897490086662867
198,2026-09-27T05:21:46.174+00:00,4.466,1790486506.169804,1790486506.1600637,1790486506.1700318,TEACHING_MODE,NORMAL,START_RECORDING,REACH_TARGET_POS_SUCCESSFULLY,0.21582741530161878,-0.5034227694452444,-1.1433302863964454,-0.4151614691718912,0.9340478557898054,0.20537289308217274,-0.473403106310942,0.321862,-0.054283,0.603692,1.5917053712337887,-0.3603406773667493,-0.029583330821303887
199,2026-09-27T05:21:46.194+00:00,4.487,1790486506.1899323,1790486506.1795738,1790486506.1910076,TEACHING_MODE,NORMAL,START_RECORDING,REACH_TARGET_POS_SUCCESSFULLY,0.21628120090713732,-0.5031609700574453,-1.1433302863964454,-0.4151614691718912,0.9340478557898054,0.20537289308217274,-0.473403106310942,0.321814,-0.054223999999999994,0.603733,1.5917402778188285,-0.3604803037069088,-0.029373891311064566
200,2026-09-27T05:21:46.214+00:00,4.507,1790486506.210353,1790486506.199229,1790486506.210636,TEACHING_MODE,NORMAL,START_RECORDING,REACH_TARGET_POS_SUCCESSFULLY,0.2193704336831673,-0.5019043329960093,-1.1433302863964454,-0.4155105350222901,0.9340478557898054,0.20537289308217274,-0.473403106310942,0.321744,-0.053567,0.603838,1.5920369837916675,-0.3607944629722678,-0.027244589623631483
201,2026-09-27T05:21:46.234+00:00,4.526,1790486506.229814,1790486506.2195497,1790486506.2300339,TEACHING_MODE,NORMAL,START_RECORDING,REACH_TARGET_POS_SUCCESSFULLY,0.22423990229623147,-0.49980993789361616,-1.1433302863964454,-0.4155105350222901,0.9340478557898054,0.20537289308217274,-0.473403106310942,0.32123399999999996,-0.052986,0.604246,1.592490769397186,-0.36208600661874357,-0.025115287936198404
202,2026-09-27T05:21:46.254+00:00,4.546,1790486506.2497444,1790486506.2391863,1790486506.2500474,TEACHING_MODE,NORMAL,START_RECORDING,REACH_TARGET_POS_SUCCESSFULLY,0.22722441531714177,-0.49855330083218025,-1.1433302863964454,-0.4155105350222901,0.9340478557898054,0.20537289308217274,-0.473403106310942,0.320556,-0.051552999999999995,0.604873,1.5930318214653043,-0.36411058855105705,-0.020176006153054447
203,2026-09-27T05:21:46.274+00:00,4.566,1790486506.2699184,1790486506.2598903,1790486506.2701383,TEACHING_MODE,NORMAL,START_RECORDING,REACH_TARGET_POS_SUCCESSFULLY,0.2294235301746546,-0.4930206071033582,-1.1433302863964454,-0.41570252124000945,0.9339256827421657,0.20537289308217274,-0.473403106310942,0.319029,-0.051196,0.605957,1.5939742992613812,-0.3676187003475656,-0.018203784098300854
204,2026-09-27T05:21:46.294+00:00,4.586,1790486506.2897463,1790486506.27919,1790486506.290033,TEACHING_MODE,NORMAL,START_RECORDING,REACH_TARGET_POS_SUCCESSFULLY,0.23684117949563052,-0.48713884752413733,-1.1433302863964454,-0.41577233441008915,0.9339256827421657,0.20537289308217274,-0.473403106310942,0.317307,-0.049985999999999996,0.607235,1.5952309363228172,-0.37172022408975236,-0.013404128655316452
205,2026-09-27T05:21:46.314+00:00,4.606,1790486506.310557,1790486506.2995298,1790486506.3110225,TEACHING_MODE,NORMAL,START_RECORDING,REACH_TARGET_POS_SUCCESSFULLY,0.24258331273469189,-0.4825486315913922,-1.1433302863964454,-0.41577233441008915,0.9339256827421657,0.20537289308217274,-0.473403106310942,0.31462599999999996,-0.049082999999999995,0.609132,1.5969239056972517,-0.3779510495193721,-0.008918632477691025
206,2026-09-27T05:21:46.334+00:00,4.626,1790486506.3299234,1790486506.3200421,1790486506.3301418,TEACHING_MODE,NORMAL,START_RECORDING,REACH_TARGET_POS_SUCCESSFULLY,0.2462659574563999,-0.47401397154913993,-1.1433302863964454,-0.41577233441008915,0.9339256827421657,0.20537289308217274,-0.473403106310942,0.31257999999999997,-0.047865,0.610617,1.5982503559287675,-0.38285542471747613,-0.0037175513067479217
207,2026-09-27T05:21:46.354+00:00,4.646,1790486506.349933,1790486506.3395753,1790486506.3501213,TEACHING_MODE,NORMAL,START_RECORDING,REACH_TARGET_POS_SUCCESSFULLY,0.25261895593365924,-0.4640830481052922,-1.1433302863964454,-0.41577233441008915,0.9339256827421657,0.20537289308217274,-0.473403106310942,0.308851,-0.046946999999999996,0.613154,1.60058909712644,-0.39135517817468857,0.0016231562043547264
208,2026-09-27T05:21:46.374+00:00,4.666,1790486506.3705025,1790486506.3594918,1790486506.3707478,TEACHING_MODE,NORMAL,START_RECORDING,REACH_TARGET_POS_SUCCESSFULLY,0.2592861136762776,-0.45336672649804705,-1.1433302863964454,-0.41577233441008915,0.9339256827421657,0.20537289308217274,-0.47350782606606157,0.304205,-0.046983,0.616138,1.6033816239296308,-0.40139082137365595,0.004485496177625427
209,2026-09-27T05:21:46.394+00:00,4.686,1790486506.3900065,1790486506.3803482,1790486506.390249,TEACHING_MODE,NORMAL,START_RECORDING,REACH_TARGET_POS_SUCCESSFULLY,0.266860842629933,-0.44148103429196567,-1.1433302863964454,-0.415824694287649,0.9339256827421657,0.20537289308217274,-0.47350782606606157,0.299276,-0.046221,0.619312,1.6064534034131408,-0.4123689423687002,0.010402162341886203
210,2026-09-27T05:21:46.414+00:00,4.706,1790486506.4097948,1790486506.3991947,1790486506.4105353,TEACHING_MODE,NORMAL,START_RECORDING,REACH_TARGET_POS_SUCCESSFULLY,0.2750987966993462,-0.42957788879336434,-1.1433302863964454,-0.4158945074577288,0.9339256827421657,0.20537289308217274,-0.47350782606606157,0.29413,-0.045431,0.622544,1.6097171691143701,-0.4237833956767431,0.016807520696705394
211,2026-09-27T05:21:46.434+00:00,4.726,1790486506.4300344,1790486506.4191928,1790486506.4302626,TEACHING_MODE,NORMAL,START_RECORDING,REACH_TARGET_POS_SUCCESSFULLY,0.28429668185735635,-0.4178667295124824,-1.1433302863964454,-0.41603413379788834,0.9339256827421657,0.20537289308217274,-0.47350782606606157,0.288969,-0.044531,0.6257119999999999,1.6130856545707193,-0.43519784898478614,0.02387610416728243
212,2026-09-27T05:21:46.454+00:00,4.746,1790486506.4499917,1790486506.439377,1790486506.4502304,TEACHING_MODE,NORMAL,START_RECORDING,REACH_TARGET_POS_SUCCESSFULLY,0.29455921785908296,-0.4101698275111874,-1.1433302863964454,-0.41608649367544814,0.9339256827421657,0.20537289308217274,-0.47350782606606157,0.283866,-0.043414,0.6287929999999999,1.6164366867345483,-0.44654248912274924,0.03199188518905606
213,2026-09-27T05:21:46.474+00:00,4.766,1790486506.4699323,1790486506.459149,1790486506.4701114,TEACHING_MODE,NORMAL,START_RECORDING,REACH_TARGET_POS_SUCCESSFULLY,0.3053977125139678,-0.39941859931890233,-1.1433302863964454,-0.41608649367544814,0.9339256827421657,0.20537289308217274,-0.47350782606606157,0.2792,-0.041987,0.631582,1.6195259195105782,-0.45703191792723513,0.04120722363958612
214,2026-09-27T05:21:46.494+00:00,4.786,1790486506.4900556,1790486506.4806695,1790486506.490252,TEACHING_MODE,NORMAL,START_RECORDING,REACH_TARGET_POS_SUCCESSFULLY,0.31300734805266306,-0.38926078307229534,-1.1433302863964454,-0.4163133864782075,0.9339256827421657,0.20537289308217274,-0.47350782606606157,0.27649,-0.039915,0.63327,1.6214981415653318,-0.4634896361596142,0.051399946471233
215,2026-09-27T05:21:46.514+00:00,4.806,1790486506.5099351,1790486506.4999979,1790486506.5101433,TEACHING_MODE,NORMAL,START_RECORDING,REACH_TARGET_POS_SUCCESSFULLY,0.32538173244930285,-0.3800279913292453,-1.1433302863964454,-0.4172209576892445,0.9339256827421657,0.20537289308217274,-0.47350782606606157,0.272073,-0.039370999999999996,0.63572,1.6247270006815215,-0.47300168058298325,0.057718038363452476
216,2026-09-27T05:21:46.534+00:00,4.826,1790486506.5302494,1790486506.5194268,1790486506.5305421,TEACHING_MODE,NORMAL,START_RECORDING,REACH_TARGET_POS_SUCCESSFULLY,0.3380353695262618,-0.37138861153187336,-1.1433302863964454,-0.4172209576892445,0.9339256827421657,0.20537289308217274,-0.47350782606606157,0.26819699999999996,-0.037648,0.637902,1.627955859797711,-0.4816410603803552,0.06834709350809795
217,2026-09-27T05:21:46.554+00:00,4.846,1790486506.5502033,1790486506.541307,1790486506.5504467,TEACHING_MODE,NORMAL,START_RECORDING,REACH_TARGET_POS_SUCCESSFULLY,0.3515267646441779,-0.36316811075498007,-1.1433302863964454,-0.4172209576892445,0.9339256827421657,0.20537289308217274,-0.47350782606606157,0.26478199999999996,-0.035526999999999996,0.639873,1.630364414165463,-0.4895997617694493,0.08028514559173917
218,2026-09-27T05:21:46.574+00:00,4.866,1790486506.5697348,1790486506.5595548,1790486506.5699575,TEACHING_MODE,NORMAL,START_RECORDING,REACH_TARGET_POS_SUCCESSFULLY,0.36515778610225363,-0.356431139842282,-1.1433302863964454,-0.41846014145816046,0.9339256827421657,0.20537289308217274,-0.47350782606606157,0.261824,-0.033298,0.6415449999999999,1.632842781703295,-0.49645890572978707,0.09253735694073936
219,2026-09-27T05:21:46.594+00:00,4.886,1790486506.590517,1790486506.5791295,1790486506.5907514,TEACHING_MODE,NORMAL,START_RECORDING,REACH_TARGET_POS_SUCCESSFULLY,0.3788062608528493,-0.3520503634197762,-1.1433302863964454,-0.42024037729519464,0.9339256827421657,0.20537289308217274,-0.47350782606606157,0.259094,-0.031279,0.642976,1.6360541875269647,-0.5024453850641276,0.10417870305154153
220,2026-09-27T05:21:46.614+00:00,4.906,1790486506.609949,1790486506.6011496,1790486506.6101403,TEACHING_MODE,NORMAL,START_RECORDING,REACH_TARGET_POS_SUCCESSFULLY,0.39264672182116434,-0.347198348099232,-1.1433302863964454,-0.4224220388601876,0.9339256827421657,0.20537289308217274,-0.47350782606606157,0.257384,-0.029110999999999998,0.643791,1.6395797526159932,-0.5059534968606362,0.11559315635958445
221,2026-09-27T05:21:46.634+00:00,4.926,1790486506.6300013,1790486506.6199465,1790486506.6300437,TEACHING_MODE,NORMAL,START_RECORDING,REACH_TARGET_POS_SUCCESSFULLY,0.4018097003941346,-0.342276519608608,-1.1433302863964454,-0.42718678771813207,0.9339256827421657,0.20537289308217274,-0.47350782606606157,0.256353,-0.026746,0.644259,1.6425991722219433,-0.5080129853779894,0.12704251625266724
222,2026-09-27T05:21:46.654+00:00,4.946,1790486506.6504776,1790486506.6397164,1790486506.650717,TEACHING_MODE,NORMAL,START_RECORDING,REACH_TARGET_POS_SUCCESSFULLY,0.4145680572262131,-0.33925710000265774,-1.1433302863964454,-0.43378413229067064,0.9339256827421657,0.20537289308217274,-0.47350782606606157,0.255532,-0.026232,0.6442519999999999,1.6483936653385645,-0.5082224248882288,0.13154546572281262
223,2026-09-27T05:21:46.674+00:00,4.966,1790486506.6698337,1790486506.6614172,1790486506.670509,TEACHING_MODE,NORMAL,START_RECORDING,REACH_TARGET_POS_SUCCESSFULLY,0.4262443099220552,-0.33752922404318336,-1.1433302863964454,-0.44174283367976486,0.9338209629870461,0.20537289308217274,-0.47350782606606157,0.255283,-0.024964999999999998,0.643882,1.6549561033260631,-0.5068959746567131,0.13857914260834978
224,2026-09-27T05:21:46.694+00:00,4.986,1790486506.689886,1790486506.679646,1790486506.690047,TEACHING_MODE,NORMAL,START_RECORDING,REACH_TARGET_POS_SUCCESSFULLY,0.4363323129985824,-0.33724997136286433,-1.1433302863964454,-0.44767695313654554,0.9338209629870461,0.20537289308217274,-0.47350782606606157,0.256303,-0.023818,0.642736,1.6619723269190805,-0.5023755718940478,0.1436755040241732
225,2026-09-27T05:21:46.714+00:00,5.006,1790486506.7100558,1790486506.7000604,1790486506.7103195,TEACHING_MODE,NORMAL,START_RECORDING,REACH_TARGET_POS_SUCCESSFULLY,0.4456698244967521,-0.33724997136286433,-1.1433302863964454,-0.4616046805674603,0.9338209629870461,0.20537289308217274,-0.47350782606606157,0.257818,-0.023006,0.641191,1.669791401968015,-0.4962320129270278,0.14692181643288268
226,2026-09-27T05:21:46.734+00:00,5.026,1790486506.7299528,1790486506.7192507,1790486506.730017,TEACHING_MODE,NORMAL,START_RECORDING,REACH_TARGET_POS_SUCCESSFULLY,0.4534365396681268,-0.33738959770302385,-1.1433302863964454,-0.47401397154913993,0.9338209629870461,0.20537289308217274,-0.47361254582118123,0.259583,-0.022659,0.6393329999999999,1.6787274877382259,-0.4888667234836117,0.1482308133718784
227,2026-09-27T05:21:46.754+00:00,5.046,1790486506.7498426,1790486506.7394383,1790486506.7500606,TEACHING_MODE,NORMAL,START_RECORDING,REACH_TARGET_POS_SUCCESSFULLY,0.4594753788800272,-0.33738959770302385,-1.1433302863964454,-0.48340384292486943,0.9337336965244464,0.20537289308217274,-0.47361254582118123,0.26153899999999997,-0.023070999999999998,0.6371519999999999,1.6889202105698728,-0.48017498380867996,0.14659020387500377
228,2026-09-27T05:21:46.774+00:00,5.066,1790486506.769955,1790486506.7614946,1790486506.7701607,TEACHING_MODE,NORMAL,START_RECORDING,REACH_TARGET_POS_SUCCESSFULLY,0.4618141200776996,-0.33738959770302385,-1.1433302863964454,-0.49900708643769875,0.9337336965244464,0.20537289308217274,-0.47361254582118123,0.263656,-0.024281999999999998,0.634632,1.7004568369255553,-0.47029642024239204,0.14193017477217887
229,2026-09-27T05:21:46.794+00:00,5.087,1790486506.7898872,1790486506.7794945,1790486506.7900872,TEACHING_MODE,NORMAL,START_RECORDING,REACH_TARGET_POS_SUCCESSFULLY,0.4652873252891683,-0.33738959770302385,-1.1433302863964454,-0.5171236040734,0.9337336965244464,0.20537289308217274,-0.47361254582118123,0.265195,-0.025648999999999998,0.632699,1.7090787634304074,-0.46279150445881645,0.13676400018627566
230,2026-09-27T05:21:46.814+00:00,5.106,1790486506.8101466,1790486506.7999685,1790486506.8104577,TEACHING_MODE,NORMAL,START_RECORDING,REACH_TARGET_POS_SUCCESSFULLY,0.4666661353982438,-0.33738959770302385,-1.1433302863964454,-0.5360429731650185,0.9337336965244464,0.20537289308217274,-0.47361254582118123,0.267694,-0.027847999999999998,0.629466,1.7230763040314019,-0.4503298535995769,0.12854349940938237
231,2026-09-27T05:21:46.834+00:00,5.126,1790486506.8297973,1790486506.821071,1790486506.8300216,TEACHING_MODE,NORMAL,START_RECORDING,REACH_TARGET_POS_SUCCESSFULLY,0.46727700063644184,-0.33745941087310366,-1.1433302863964454,-0.5495169149904147,0.9337336965244464,0.20537289308217274,-0.47361254582118123,0.27014,-0.030986,0.626037,1.7373356440201955,-0.43723988420961946,0.11697196646865997
232,2026-09-27T05:21:46.854+00:00,5.146,1790486506.8498933,1790486506.8396916,1790486506.8500128,TEACHING_MODE,NORMAL,START_RECORDING,REACH_TARGET_POS_SUCCESSFULLY,0.4674689868541612,-0.33770375696838284,-1.1433302863964454,-0.5779134219203624,0.9337336965244464,0.20537289308217274,-0.47361254582118123,0.272821,-0.034242999999999996,0.62217,1.7525723683901062,-0.422596571785387,0.10506882097005865
233,2026-09-27T05:21:46.874+00:00,5.166,1790486506.870317,1790486506.859634,1790486506.8705106,TEACHING_MODE,NORMAL,START_RECORDING,REACH_TARGET_POS_SUCCESSFULLY,0.4674689868541612,-0.3381749958664213,-1.1433302863964454,-0.5985955735564953,0.9337336965244464,0.20537289308217274,-0.47361254582118123,0.275423,-0.037712999999999997,0.6181789999999999,1.767652013127337,-0.4076216468032757,0.09257226352577924
234,2026-09-27T05:21:46.894+00:00,5.186,1790486506.8899062,1790486506.8801422,1790486506.8900597,TEACHING_MODE,NORMAL,START_RECORDING,REACH_TARGET_POS_SUCCESSFULLY,0.4674689868541612,-0.33939672634281737,-1.1433302863964454,-0.6114761034362134,0.9337336965244464,0.20537289308217274,-0.47361254582118123,0.278174,-0.040795,0.614116,1.7813353944629726,-0.3924721888959649,0.08114035692521639
235,2026-09-27T05:21:46.914+00:00,5.207,1790486506.909951,1790486506.899788,1790486506.910155,TEACHING_MODE,NORMAL,START_RECORDING,REACH_TARGET_POS_SUCCESSFULLY,0.4674689868541612,-0.34185764058812934,-1.1433302863964454,-0.6288944893711168,0.9337336965244464,0.20537289308217274,-0.47361254582118123,0.280783,-0.043449999999999996,0.610277,1.793238539961574,-0.3782477554922111,0.07113962031128888
236,2026-09-27T05:21:46.934+00:00,5.226,1790486506.9305787,1790486506.9212313,1790486506.9310174,TEACHING_MODE,NORMAL,START_RECORDING,REACH_TARGET_POS_SUCCESSFULLY,0.4674689868541612,-0.346273323595675,-1.1433302863964454,-0.6433109089925899,0.9337336965244464,0.20537289308217274,-0.47361254582118123,0.283344,-0.044489,0.6073879999999999,1.7991726594183548,-0.36744416742236624,0.06569419304506657
237,2026-09-27T05:21:46.954+00:00,5.246,1790486506.9498258,1790486506.939987,1790486506.9500656,TEACHING_MODE,NORMAL,START_RECORDING,REACH_TARGET_POS_SUCCESSFULLY,0.4676435197793607,-0.35325464060365236,-1.1433302863964454,-0.654376296450234,0.9337336965244464,0.20537289308217274,-0.47361254582118123,0.286673,-0.045621999999999996,0.6036819999999999,1.8059968967936524,-0.353656066331611,0.05921902152016761
238,2026-09-27T05:21:46.974+00:00,5.266,1790486506.969969,1790486506.9595447,1790486506.970232,TEACHING_MODE,NORMAL,START_RECORDING,REACH_TARGET_POS_SUCCESSFULLY,0.4676958796569205,-0.3590665870127934,-1.1433302863964454,-0.6622651846692483,0.9337336965244464,0.20537289308217274,-0.47361254582118123,0.29098599999999997,-0.0455,0.5998,1.809155942739762,-0.33918728683257804,0.055187310948060696
239,2026-09-27T05:21:46.994+00:00,5.286,1790486506.990062,1790486506.9832659,1790486506.9903271,TEACHING_MODE,NORMAL,START_RECORDING,REACH_TARGET_POS_SUCCESSFULLY,0.4676958796569205,-0.3725754354232296,-1.1433302863964454,-0.6668030407244335,0.9338384162795661,0.20537289308217274,-0.47361254582118123,0.29544,-0.044639,0.5962219999999999,1.809539915175201,-0.3258878779323812,0.05295328950550796
240,2026-09-27T05:21:47.014+00:00,5.306,1790486507.0099478,1790486507.0001063,1790486507.010017,TEACHING_MODE,NORMAL,START_RECORDING,REACH_TARGET_POS_SUCCESSFULLY,0.4676958796569205,-0.3842516881190716,-1.1433302863964454,-0.6678327849831103,0.9338384162795661,0.20537289308217274,-0.47361254582118123,0.300172,-0.043021,0.592827,1.807428066780288,-0.3134262270731417,0.05246459731494955
241,2026-09-27T05:21:47.034+00:00,5.326,1790486507.0302973,1790486507.0193174,1790486507.0305398,TEACHING_MODE,NORMAL,START_RECORDING,REACH_TARGET_POS_SUCCESSFULLY,0.4676958796569205,-0.3928736146239236,-1.1433302863964454,-0.6672393730374323,0.9339431360346857,0.20537289308217274,-0.47361254582118123,0.305156,-0.040464,0.589757,1.802174625731785,-0.30227357315289793,0.05419247327442393
242,2026-09-27T05:21:47.054+00:00,5.346,1790486507.0499911,1790486507.0403178,1790486507.0502229,TEACHING_MODE,NORMAL,START_RECORDING,REACH_TARGET_POS_SUCCESSFULLY,0.46753880002424103,-0.40622538340168024,-1.1433302863964454,-0.6667855874319136,0.9339431360346857,0.20537289308217274,-0.47361254582118123,0.308626,-0.038625,0.5876359999999999,1.798090555282118,-0.29468139090672263,0.05546656362837979
243,2026-09-27T05:21:47.074+00:00,5.366,1790486507.0698483,1790486507.0603101,1790486507.0700402,TEACHING_MODE,NORMAL,START_RECORDING,REACH_TARGET_POS_SUCCESSFULLY,0.4673817203915615,-0.42010075095503513,-1.1433302863964454,-0.666680867676794,0.9339431360346857,0.20537289308217274,-0.47361254582118123,0.314054,-0.035851999999999995,0.58412,1.792278608872977,-0.2823419130951227,0.05714207971029435
244,2026-09-27T05:21:47.094+00:00,5.386,1790486507.0901115,1790486507.0799265,1790486507.0903544,TEACHING_MODE,NORMAL,START_RECORDING,REACH_TARGET_POS_SUCCESSFULLY,0.46725954734392194,-0.43488368971942715,-1.1433302863964454,-0.6665761479216743,0.9339431360346857,0.20537289308217274,-0.47361254582118123,0.319616,-0.033094,0.580368,1.786466662463836,-0.2694613832154045,0.058573249696929695
245,2026-09-27T05:21:47.114+00:00,5.406,1790486507.109954,1790486507.0997062,1790486507.1101322,TEACHING_MODE,NORMAL,START_RECORDING,REACH_TARGET_POS_SUCCESSFULLY,0.4671722808813222,-0.4445528137754757,-1.1433302863964454,-0.6657558431732371,0.9339431360346857,0.20537289308217274,-0.47361254582118123,0.325399,-0.030163,0.5763699999999999,1.780270743619256,-0.2560572545600881,0.06016149931624454
246,2026-09-27T05:21:47.134+00:00,5.426,1790486507.1299696,1790486507.1201777,1790486507.1301997,TEACHING_MODE,NORMAL,START_RECORDING,REACH_TARGET_POS_SUCCESSFULLY,0.4671722808813222,-0.4646590067584504,-1.1433302863964454,-0.6644642995267611,0.9339431360346857,0.20537289308217274,-0.47361254582118123,0.33108899999999997,-0.027059,0.5724509999999999,1.7734814128289982,-0.24326399114296968,0.062255894418637735
247,2026-09-27T05:21:47.154+00:00,5.446,1790486507.1511784,1790486507.140764,1790486507.15138,TEACHING_MODE,NORMAL,START_RECORDING,REACH_TARGET_POS_SUCCESSFULLY,0.4671722808813222,-0.4801400772236401,-1.1433302863964454,-0.6627189702747669,0.9339431360346857,0.20537289308217274,-0.47361254582118123,0.336869,-0.023854999999999998,0.568357,1.766482642528501,-0.23020892833805207,0.0644550092761506
248,2026-09-27T05:21:47.174+00:00,5.466,1790486507.1701772,1790486507.160271,1790486507.1703622,TEACHING_MODE,NORMAL,START_RECORDING,REACH_TARGET_POS_SUCCESSFULLY,0.46680576173840344,-0.49028044017772715,-1.1433302863964454,-0.6596646440837768,0.9339431360346857,0.20537289308217274,-0.47361254582118123,0.34263,-0.020553,0.5642159999999999,1.7591348063776047,-0.2173283984583339,0.06686356364390277
249,2026-09-27T05:21:47.194+00:00,5.486,1790486507.1906774,1790486507.1800332,1790486507.1909714,TEACHING_MODE,NORMAL,START_RECORDING,REACH_TARGET_POS_SUCCESSFULLY,0.4647288199285301,-0.5053775382074781,-1.1433302863964454,-0.6573782627636642,0.9339431360346857,0.20537289308217274,-0.47361254582118123,0.346231,-0.018300999999999998,0.561862,1.7530261539956247,-0.21031217486531673,0.06878342582109653
250,2026-09-27T05:21:47.214+00:00,5.506,1790486507.2099655,1790486507.2015924,1790486507.2101264,TEACHING_MODE,NORMAL,START_RECORDING,REACH_TARGET_POS_SUCCESSFULLY,0.46444956724821107,-0.5199859440466705,-1.1433302863964454,-0.6535385384092767,0.9339431360346857,0.20537289308217274,-0.47361254582118123,0.35165199999999996,-0.015726,0.557786,1.745817944184888,-0.19814722997891623,0.06941174435181448
251,2026-09-27T05:21:47.234+00:00,5.526,1790486507.2299616,1790486507.2200449,1790486507.2301738,TEACHING_MODE,NORMAL,START_RECORDING,REACH_TARGET_POS_SUCCESSFULLY,0.4649033528537296,-0.5337740451374259,-1.1433302863964454,-0.6488959625989719,0.9339431360346857,0.20537289308217274,-0.47361254582118123,0.356685,-0.012268999999999999,0.554194,1.737859242795794,-0.1878148808071098,0.07298966931840287
252,2026-09-27T05:21:47.254+00:00,5.546,1790486507.2501616,1790486507.239984,1790486507.250406,TEACHING_MODE,NORMAL,START_RECORDING,REACH_TARGET_POS_SUCCESSFULLY,0.46266933141117683,-0.5471432672077023,-1.1433302863964454,-0.642996749727231,0.9339431360346857,0.20537289308217274,-0.47361254582118123,0.3614,-0.008863,0.5508799999999999,1.7296561953114205,-0.1786169956490997,0.07674212721019068
253,2026-09-27T05:21:47.274+00:00,5.567,1790486507.2699907,1790486507.2610323,1790486507.2702353,TEACHING_MODE,NORMAL,START_RECORDING,REACH_TARGET_POS_SUCCESSFULLY,0.4551818689201212,-0.561420060489016,-1.1433302863964454,-0.6388254128149645,0.9339431360346857,0.20537289308217274,-0.47361254582118123,0.365957,-0.0066679999999999994,0.547731,1.7209120957589288,-0.17020450865448702,0.07731808586334879
254,2026-09-27T05:21:47.294+00:00,5.586,1790486507.2899826,1790486507.2804744,1790486507.2901962,TEACHING_MODE,NORMAL,START_RECORDING,REACH_TARGET_POS_SUCCESSFULLY,0.44441318743531616,-0.5738293514706957,-1.1433302863964454,-0.6318091892219474,0.9339431360346857,0.20535543978965282,-0.47361254582118123,0.370645,-0.00639,0.544265,1.7124647021792765,-0.16102407678899686,0.07258824359044416
255,2026-09-27T05:21:47.314+00:00,5.606,1790486507.3102794,1790486507.3004873,1790486507.310521,TEACHING_MODE,NORMAL,START_RECORDING,REACH_TARGET_POS_SUCCESSFULLY,0.4346917035017077,-0.5819974923700292,-1.1433302863964454,-0.6286850498608775,0.9340827623748452,0.20535543978965282,-0.4735601859436214,0.374695,-0.007512,0.541157,1.7052913989535796,-0.15292574905974315,0.06503096792930872
256,2026-09-27T05:21:47.334+00:00,5.626,1790486507.3299146,1790486507.3207195,1790486507.3300748,TEACHING_MODE,NORMAL,START_RECORDING,REACH_TARGET_POS_SUCCESSFULLY,0.4281990786842888,-0.5920156822764766,-1.1433302863964454,-0.6273760529218817,0.9347983473681629,0.20535543978965282,-0.4735601859436214,0.378416,-0.008754,0.537991,1.7001252243676763,-0.14468779499032994,0.05782275811857214
257,2026-09-27T05:21:47.354+00:00,5.646,1790486507.3497434,1790486507.3403213,1790486507.3499873,TEACHING_MODE,NORMAL,START_RECORDING,REACH_TARGET_POS_SUCCESSFULLY,0.4168369852538057,-0.6014230069447261,-1.1433302863964454,-0.6259797895202862,0.9355488389465205,0.20535543978965282,-0.4735601859436214,0.380654,-0.011471,0.5359459999999999,1.6977515765849642,-0.1395216204044267,0.04860741966804208
258,2026-09-27T05:21:47.374+00:00,5.666,1790486507.3700345,1790486507.3607066,1790486507.370324,TEACHING_MODE,NORMAL,START_RECORDING,REACH_TARGET_POS_SUCCESSFULLY,0.40322341708825,-0.6104289058850167,-1.1433302863964454,-0.6258052565950868,0.9398598021989465,0.20535543978965282,-0.4735601859436214,0.383882,-0.01299,0.5329079999999999,1.6948194234416138,-0.13180726511061178,0.041800635585264194
259,2026-09-27T05:21:47.394+00:00,5.686,1790486507.3898485,1790486507.3807833,1790486507.3899922,TEACHING_MODE,NORMAL,START_RECORDING,REACH_TARGET_POS_SUCCESSFULLY,0.3876725334529805,-0.6187192198319899,-1.1433302863964454,-0.6258052565950868,0.9479755832207201,0.20535543978965282,-0.4735601859436214,0.386781,-0.017175,0.5298769999999999,1.6967043790337675,-0.12557643968099202,0.030455995447301053
260,2026-09-27T05:21:47.414+00:00,5.706,1790486507.4099195,1790486507.4007862,1790486507.410124,TEACHING_MODE,NORMAL,START_RECORDING,REACH_TARGET_POS_SUCCESSFULLY,0.37093482592635485,-0.6262939487856453,-1.1433302863964454,-0.6258052565950868,0.958168306052367,0.20535543978965282,-0.4735601859436214,0.389598,-0.022106,0.526772,1.700945529116114,-0.12006119924468994,0.01858775653373961
261,2026-09-27T05:21:47.434+00:00,5.726,1790486507.4309316,1790486507.4230819,1790486507.4310818,TEACHING_MODE,NORMAL,START_RECORDING,REACH_TARGET_POS_SUCCESSFULLY,0.3540225854745298,-0.6340083040794602,-1.1433302863964454,-0.6258052565950868,0.9685355618092133,0.20535543978965282,-0.4735601859436214,0.392074,-0.027568,0.523861,1.7065829426000554,-0.11555824977454457,0.006335545184739416
262,2026-09-27T05:21:47.454+00:00,5.746,1790486507.4499521,1790486507.4410787,1790486507.450546,TEACHING_MODE,NORMAL,START_RECORDING,REACH_TARGET_POS_SUCCESSFULLY,0.3363074935667874,-0.640535835481919,-1.1433302863964454,-0.6258052565950868,0.9795485893892976,0.20535543978965282,-0.4735601859436214,0.39428199999999997,-0.033339,0.52108,1.712813768029675,-0.11161380566503738,-0.00614355896702004
263,2026-09-27T05:21:47.474+00:00,5.766,1790486507.47031,1790486507.4616225,1790486507.4705005,TEACHING_MODE,NORMAL,START_RECORDING,REACH_TARGET_POS_SUCCESSFULLY,0.31796408312832697,-0.6446548125166256,-1.1433302863964454,-0.6257354434250071,0.9913644684252991,0.20535543978965282,-0.4735601859436214,0.39613699999999996,-0.039552,0.518498,1.7197252718675728,-0.10840239984136782,-0.01918116847941768
264,2026-09-27T05:21:47.494+00:00,5.786,1790486507.4899602,1790486507.4820213,1790486507.490085,TEACHING_MODE,NORMAL,START_RECORDING,REACH_TARGET_POS_SUCCESSFULLY,0.30504864666356896,-0.6492973883269304,-1.1433302863964454,-0.6249500452616096,0.9999340350525913,0.20535543978965282,-0.4735601859436214,0.39668899999999996,-0.046473,0.517112,1.728608997760224,-0.10878637227680657,-0.032498030672134415
265,2026-09-27T05:21:47.514+00:00,5.807,1790486507.509814,1790486507.5011284,1790486507.509999,TEACHING_MODE,NORMAL,START_RECORDING,REACH_TARGET_POS_SUCCESSFULLY,0.2850646267282339,-0.6540272305998351,-1.1433302863964454,-0.6228905567442563,1.0134428834630274,0.20535543978965282,-0.47345546618850176,0.397929,-0.050905,0.515299,1.7374403637753153,-0.10850711959648748,-0.03937462792499208
266,2026-09-27T05:21:47.534+00:00,5.827,1790486507.5302942,1790486507.5213003,1790486507.5305097,TEACHING_MODE,NORMAL,START_RECORDING,REACH_TARGET_POS_SUCCESSFULLY,0.2654122193507777,-0.6588094327502996,-1.1433302863964454,-0.618963565927269,1.0279640228396203,0.20535543978965282,-0.47345546618850176,0.398559,-0.057852,0.513961,1.7422051126332596,-0.10854202618152736,-0.05382595413150512
267,2026-09-27T05:21:47.554+00:00,5.846,1790486507.549852,1790486507.5413916,1790486507.550052,TEACHING_MODE,NORMAL,START_RECORDING,REACH_TARGET_POS_SUCCESSFULLY,0.24701644903475747,-0.6627189702747669,-1.1433302863964454,-0.6157696133961194,1.043130934039451,0.20535543978965282,-0.47345546618850176,0.399184,-0.064174,0.512819,1.7505477864577927,-0.1110203937193593,-0.06421066318087139
268,2026-09-27T05:21:47.574+00:00,5.867,1790486507.5700924,1790486507.5599787,1790486507.5703003,TEACHING_MODE,NORMAL,START_RECORDING,REACH_TARGET_POS_SUCCESSFULLY,0.22987731578017317,-0.6658605629283567,-1.1433302863964454,-0.6077236455444256,1.0579836859739227,0.20535543978965282,-0.47345546618850176,0.399501,-0.069867,0.512172,1.758803193819726,-0.11505210429146621,-0.07248352383532451
269,2026-09-27T05:21:47.594+00:00,5.886,1790486507.5909812,1790486507.582276,1790486507.59109,TEACHING_MODE,NORMAL,START_RECORDING,REACH_TARGET_POS_SUCCESSFULLY,0.21402972617206464,-0.6680596777858695,-1.1433302863964454,-0.6002710896384098,1.067164117839413,0.20535543978965282,-0.47345546618850176,0.399462,-0.074946,0.512101,1.766168483263142,-0.12051498485020846,-0.0791332282854229
270,2026-09-27T05:21:47.614+00:00,5.906,1790486507.610048,1790486507.6013772,1790486507.6102262,TEACHING_MODE,NORMAL,START_RECORDING,REACH_TARGET_POS_SUCCESSFULLY,0.1998751059383906,-0.6691068753370661,-1.1433302863964454,-0.5944765965217886,1.0829244409849217,0.20535543978965282,-0.47345546618850176,0.39905599999999997,-0.079279,0.512706,1.7717186302844838,-0.12732176893298633,-0.08415977653116657
271,2026-09-27T05:21:47.634+00:00,5.926,1790486507.6307356,1790486507.619269,1790486507.6297562,TEACHING_MODE,NORMAL,START_RECORDING,REACH_TARGET_POS_SUCCESSFULLY,0.19149752552881782,-0.6691417819221059,-1.1433302863964454,-0.5848598323432997,1.0923492189456911,0.20535543978965282,-0.47345546618850176,0.398219,-0.08279299999999999,0.514088,1.7749823959857132,-0.13550736312483974,-0.0875980751575954
272,2026-09-27T05:21:47.654+00:00,5.946,1790486507.649929,1790486507.6430664,1790486507.6501377,TEACHING_MODE,NORMAL,START_RECORDING,REACH_TARGET_POS_SUCCESSFULLY,0.180362324901094,-0.6690545154595063,-1.1433302863964454,-0.5742133239061344,1.097585206701674,0.20535543978965282,-0.47345546618850176,0.39763499999999996,-0.08459499999999999,0.5152059999999999,1.7781938018093828,-0.14208725440485837,-0.08777260808279483
273,2026-09-27T05:21:47.674+00:00,5.966,1790486507.6700075,1790486507.6595306,1790486507.6702468,TEACHING_MODE,NORMAL,START_RECORDING,REACH_TARGET_POS_SUCCESSFULLY,0.171129533158044,-0.6687752627791872,-1.1433302863964454,-0.5629210436457311,1.1035018728659347,0.20535543978965282,-0.47345546618850176,0.396677,-0.08652699999999999,0.517237,1.7759423270743102,-0.15016812884159214,-0.08913396489935041
274,2026-09-27T05:21:47.694+00:00,5.986,1790486507.6908305,1790486507.6798291,1790486507.6910257,TEACHING_MODE,NORMAL,START_RECORDING,REACH_TARGET_POS_SUCCESSFULLY,0.1642354826126664,-0.6686356364390277,-1.1433302863964454,-0.5514018705825685,1.1073066906352824,0.20535543978965282,-0.47345546618850176,0.39592099999999997,-0.087521,0.519305,1.773847931971917,-0.1586329757137646,-0.08777260808279483
275,2026-09-27T05:21:47.714+00:00,6.006,1790486507.7103136,1790486507.7000349,1790486507.7105362,TEACHING_MODE,NORMAL,START_RECORDING,REACH_TARGET_POS_SUCCESSFULLY,0.16118115642167632,-0.6677804251055505,-1.1433302863964454,-0.5394463652064074,1.1077604762408009,0.20535543978965282,-0.47345546618850176,0.395209,-0.087568,0.521546,1.7687864771411335,-0.1663647843000995,-0.08531169383748283
276,2026-09-27T05:21:47.734+00:00,6.026,1790486507.7300148,1790486507.7196436,1790486507.730164,TEACHING_MODE,NORMAL,START_RECORDING,REACH_TARGET_POS_SUCCESSFULLY,0.15734143206728882,-0.6668030407244335,-1.1433302863964454,-0.5279795520208046,1.1077604762408009,0.20535543978965282,-0.47345546618850176,0.394337,-0.08688,0.524127,1.7618575200107158,-0.17425367251911386,-0.08173376887089445
277,2026-09-27T05:21:47.754+00:00,6.046,1790486507.7506196,1790486507.7403014,1790486507.7508883,TEACHING_MODE,NORMAL,START_RECORDING,REACH_TARGET_POS_SUCCESSFULLY,0.15756832487004807,-0.665773296465757,-1.1433302863964454,-0.5204571829447091,1.1077604762408009,0.20535543978965282,-0.47345546618850176,0.393673,-0.084927,0.526651,1.7552950820232172,-0.1819331212278889,-0.07501425125071629
278,2026-09-27T05:21:47.774+00:00,6.066,1790486507.7699869,1790486507.7595074,1790486507.770151,TEACHING_MODE,NORMAL,START_RECORDING,REACH_TARGET_POS_SUCCESSFULLY,0.15756832487004807,-0.6648657252547199,-1.1433302863964454,-0.509391795487065,1.1077604762408009,0.20535543978965282,-0.47345546618850176,0.39331099999999997,-0.08261099999999999,0.528893,1.7485232045254793,-0.1888620783583064,-0.06742206900454095
279,2026-09-27T05:21:47.794+00:00,6.086,1790486507.7900019,1790486507.7795525,1790486507.7900999,TEACHING_MODE,NORMAL,START_RECORDING,REACH_TARGET_POS_SUCCESSFULLY,0.15756832487004807,-0.6637487145334435,-1.1433302863964454,-0.49949577862825717,1.1077604762408009,0.20535543978965282,-0.47345546618850176,0.392827,-0.081193,0.530525,1.7443867741982526,-0.19380136014145036,-0.06267477343911637
280,2026-09-27T05:21:47.814+00:00,6.106,1790486507.8106227,1790486507.8011467,1790486507.8108435,TEACHING_MODE,NORMAL,START_RECORDING,REACH_TARGET_POS_SUCCESSFULLY,0.15756832487004807,-0.6627713301523268,-1.1433302863964454,-0.4907516790757656,1.1077604762408009,0.20535543978965282,-0.47345546618850176,0.392372,-0.079262,0.532485,1.7386970008367513,-0.19982274606083078,-0.05628686837681713
281,2026-09-27T05:21:47.834+00:00,6.126,1790486507.8303978,1790486507.8195498,1790486507.8306148,TEACHING_MODE,NORMAL,START_RECORDING,REACH_TARGET_POS_SUCCESSFULLY,0.15756832487004807,-0.6617066793086103,-1.1433302863964454,-0.4826533513465119,1.1077604762408009,0.20535543978965282,-0.47345546618850176,0.39158699999999996,-0.07754699999999999,0.5346,1.7336529992984875,-0.20617574453809015,-0.05045746867515607
282,2026-09-27T05:21:47.854+00:00,6.146,1790486507.8518095,1790486507.8403485,1790486507.8521671,TEACHING_MODE,NORMAL,START_RECORDING,REACH_TARGET_POS_SUCCESSFULLY,0.15756832487004807,-0.6577971417841428,-1.1433302863964454,-0.47530551519561576,1.1077604762408009,0.20535543978965282,-0.47345546618850176,0.390725,-0.076,0.536637,1.7290802366582625,-0.2122494903350304,-0.04513421445657336
283,2026-09-27T05:21:47.874+00:00,6.166,1790486507.8712575,1790486507.8607948,1790486507.8717105,TEACHING_MODE,NORMAL,START_RECORDING,REACH_TARGET_POS_SUCCESSFULLY,0.15751596499248824,-0.6538177910895958,-1.1433302863964454,-0.4689525167183564,1.1077604762408009,0.20535543978965282,-0.47345546618850176,0.389167,-0.07475699999999999,0.539162,1.7254150452290744,-0.21952751331584677,-0.04050909193878839
284,2026-09-27T05:21:47.894+00:00,6.186,1790486507.8902762,1790486507.8798206,1790486507.8905191,TEACHING_MODE,NORMAL,START_RECORDING,REACH_TARGET_POS_SUCCESSFULLY,0.15751596499248824,-0.6501176930753678,-1.1433302863964454,-0.4634198229895344,1.1077604762408009,0.20535543978965282,-0.47345546618850176,0.38709499999999997,-0.073764,0.542024,1.722395625623124,-0.22764329433762043,-0.03647738136668149
285,2026-09-27T05:21:47.914+00:00,6.206,1790486507.910496,1790486507.8994546,1790486507.9107409,TEACHING_MODE,NORMAL,START_RECORDING,REACH_TARGET_POS_SUCCESSFULLY,0.15744615182240848,-0.6448991586119048,-1.1433302863964454,-0.46020841716586486,1.1077604762408009,0.20535543978965282,-0.47345546618850176,0.385617,-0.072875,0.544165,1.719620552112453,-0.23378685330464044,-0.03300417615521277
286,2026-09-27T05:21:47.934+00:00,6.226,1790486507.9305017,1790486507.9206276,1790486507.9307876,TEACHING_MODE,NORMAL,START_RECORDING,REACH_TARGET_POS_SUCCESSFULLY,0.15744615182240848,-0.6384938002570856,-1.1433302863964454,-0.4559672670835186,1.1074986768530017,0.20535543978965282,-0.47345546618850176,0.383063,-0.07260799999999999,0.5469499999999999,1.7188002473640158,-0.24148375530593544,-0.031119220563058898
287,2026-09-27T05:21:47.954+00:00,6.246,1790486507.9500813,1790486507.9400187,1790486507.9502363,TEACHING_MODE,NORMAL,START_RECORDING,REACH_TARGET_POS_SUCCESSFULLY,0.15744615182240848,-0.6312506838613091,-1.1433302863964454,-0.45287803430748863,1.1070274379549634,0.20535543978965282,-0.47345546618850176,0.380468,-0.072174,0.54985,1.7170374648195015,-0.24944245669502957,-0.0289026524130261
288,2026-09-27T05:21:47.974+00:00,6.266,1790486507.970565,1790486507.9594572,1790486507.9707859,TEACHING_MODE,NORMAL,START_RECORDING,REACH_TARGET_POS_SUCCESSFULLY,0.15744615182240848,-0.6258401631801268,-1.1433302863964454,-0.4509407188377749,1.104688696757291,0.20535543978965282,-0.47345546618850176,0.377169,-0.072117,0.553161,1.7161473469009845,-0.25837854246524056,-0.02775073510670984
289,2026-09-27T05:21:47.994+00:00,6.286,1790486507.9900136,1790486507.9795818,1790486507.9901965,TEACHING_MODE,NORMAL,START_RECORDING,REACH_TARGET_POS_SUCCESSFULLY,0.15751596499248824,-0.6136403117086863,-1.1433302863964454,-0.45036476018461685,1.1040080183490133,0.20535543978965282,-0.47345546618850176,0.373664,-0.0723,0.556469,1.7147161769143489,-0.2667910294598532,-0.028012534494508988
290,2026-09-27T05:21:48.014+00:00,6.306,1790486508.010047,1790486507.9992366,1790486508.010218,TEACHING_MODE,NORMAL,START_RECORDING,REACH_TARGET_POS_SUCCESSFULLY,0.15751596499248824,-0.6039711876526378,-1.1433302863964454,-0.45057419969485607,1.1040080183490133,0.20535543978965282,-0.47345546618850176,0.369664,-0.072918,0.559897,1.716601132506503,-0.27626816729818243,-0.028448866807507574
291,2026-09-27T05:21:48.034+00:00,6.326,1790486508.0302353,1790486508.0200148,1790486508.0306416,TEACHING_MODE,NORMAL,START_RECORDING,REACH_TARGET_POS_SUCCESSFULLY,0.15751596499248824,-0.5975134694202587,-1.1433302863964454,-0.45057419969485607,1.1040080183490133,0.20535543978965282,-0.4735601859436214,0.36547399999999997,-0.073599,0.563407,1.7185908078537764,-0.2860769176943906,-0.029042278753185647
292,2026-09-27T05:21:48.054+00:00,6.346,1790486508.0500371,1790486508.0393217,1790486508.0501897,TEACHING_MODE,NORMAL,START_RECORDING,REACH_TARGET_POS_SUCCESSFULLY,0.15751596499248824,-0.5870414939082927,-1.1433302863964454,-0.45057419969485607,1.1040080183490133,0.20535543978965282,-0.4735601859436214,0.361244,-0.07427099999999999,0.566889,1.7205281233234904,-0.29581585492051893,-0.029583330821303887
293,2026-09-27T05:21:48.074+00:00,6.366,1790486508.0701253,1790486508.0594532,1790486508.0703738,TEACHING_MODE,NORMAL,START_RECORDING,REACH_TARGET_POS_SUCCESSFULLY,0.15751596499248824,-0.5765520651038069,-1.1433302863964454,-0.45057419969485607,1.1040080183490133,0.20535543978965282,-0.4735601859436214,0.358349,-0.07473099999999999,0.5692309999999999,1.721854573555006,-0.30251791924817717,-0.029967303256742638
294,2026-09-27T05:21:48.094+00:00,6.386,1790486508.0903854,1790486508.0810313,1790486508.090646,TEACHING_MODE,NORMAL,START_RECORDING,REACH_TARGET_POS_SUCCESSFULLY,0.15756832487004807,-0.5658182902040417,-1.1433302863964454,-0.45057419969485607,1.1040080183490133,0.20535543978965282,-0.4735601859436214,0.353777,-0.07543699999999999,0.5728679999999999,1.7239489686573992,-0.31302480134518296,-0.030543261909900768
295,2026-09-27T05:21:48.114+00:00,6.406,1790486508.1098766,1790486508.0993686,1790486508.1100807,TEACHING_MODE,NORMAL,START_RECORDING,REACH_TARGET_POS_SUCCESSFULLY,0.15765559133264778,-0.5547878093314376,-1.1433302863964454,-0.45074873262005555,1.1040080183490133,0.20535543978965282,-0.4735601859436214,0.349068,-0.076166,0.576531,1.726113176929872,-0.32375857624494814,-0.031171580440618726
296,2026-09-27T05:21:48.134+00:00,6.426,1790486508.1300833,1790486508.11949,1790486508.1303318,TEACHING_MODE,NORMAL,START_RECORDING,REACH_TARGET_POS_SUCCESSFULLY,0.15776031108776745,-0.5433035428533148,-1.1433302863964454,-0.45083599908265526,1.1040080183490133,0.20535543978965282,-0.4735601859436214,0.344221,-0.07694899999999999,0.580193,1.7284693714200645,-0.33463197748487283,-0.031939525311496235
297,2026-09-27T05:21:48.154+00:00,6.446,1790486508.1505642,1790486508.1394048,1790486508.150809,TEACHING_MODE,NORMAL,START_RECORDING,REACH_TARGET_POS_SUCCESSFULLY,0.15776031108776745,-0.5319239961303118,-1.1433302863964454,-0.45088835896021506,1.1039032985938935,0.20535543978965282,-0.4735601859436214,0.33919,-0.077752,0.583916,1.7308081126177368,-0.34587189786771627,-0.032724923474893676
298,2026-09-27T05:21:48.174+00:00,6.466,1790486508.170012,1790486508.159512,1790486508.1701138,TEACHING_MODE,NORMAL,START_RECORDING,REACH_TARGET_POS_SUCCESSFULLY,0.15776031108776745,-0.5247157863195753,-1.1433302863964454,-0.45097562542281483,1.1037636722537338,0.20535543978965282,-0.4735601859436214,0.334275,-0.07854599999999999,0.587469,1.73293741430517,-0.35669293923008116,-0.03363249468593073
299,2026-09-27T05:21:48.194+00:00,6.486,1790486508.1909485,1790486508.1803868,1790486508.1911533,TEACHING_MODE,NORMAL,START_RECORDING,REACH_TARGET_POS_SUCCESSFULLY,0.15776031108776745,-0.5142961706851691,-1.1433302863964454,-0.45128978468817377,1.1036764057911344,0.20535543978965282,-0.4735601859436214,0.32956199999999997,-0.07932399999999999,0.5907899999999999,1.7351365291626826,-0.3669903818168477,-0.03452261260444784
300,2026-09-27T05:21:48.214+00:00,6.506,1790486508.2100313,1790486508.2001553,1790486508.2102757,TEACHING_MODE,NORMAL,START_RECORDING,REACH_TARGET_POS_SUCCESSFULLY,0.15812683023068627,-0.5043652472413214,-1.1433302863964454,-0.4524766085795299,1.1036764057911344,0.20535543978965282,-0.47368235899126104,0.32663,-0.07989299999999999,0.5927549999999999,1.7369167649997168,-0.37306412761378793,-0.035342917352885174
301,2026-09-27T05:21:48.234+00:00,6.526,1790486508.2303352,1790486508.2193298,1790486508.230545,TEACHING_MODE,NORMAL,START_RECORDING,REACH_TARGET_POS_SUCCESSFULLY,0.16046557142835868,-0.49525462854591096,-1.1433302863964454,-0.4559672670835186,1.1036240459135744,0.20535543978965282,-0.4737870787463807,0.32226,-0.08072599999999999,0.595545,1.740372516918666,-0.38180822716627955,-0.03654719453676126
302,2026-09-27T05:21:48.254+00:00,6.546,1790486508.2499802,1790486508.2401397,1790486508.2502248,TEACHING_MODE,NORMAL,START_RECORDING,REACH_TARGET_POS_SUCCESSFULLY,0.16250760665319203,-0.48659779545601906,-1.1433302863964454,-0.46066220277138337,1.1033098866482154,0.20535543978965282,-0.4740314248416599,0.318635,-0.08147499999999999,0.597572,1.7451547190691303,-0.388126319058499,-0.03785619147575701
303,2026-09-27T05:21:48.274+00:00,6.566,1790486508.2700317,1790486508.25947,1790486508.2701852,TEACHING_MODE,NORMAL,START_RECORDING,REACH_TARGET_POS_SUCCESSFULLY,0.16554447955166215,-0.4787438138220446,-1.1433302863964454,-0.4643972073706512,1.100971145450543,0.20535543978965282,-0.47492154276017706,0.315434,-0.082451,0.599123,1.7500765475597542,-0.392437282310925,-0.040334559013588955
304,2026-09-27T05:21:48.294+00:00,6.587,1790486508.2902057,1790486508.2794735,1790486508.2905362,TEACHING_MODE,NORMAL,START_RECORDING,REACH_TARGET_POS_SUCCESSFULLY,0.16982053621904827,-0.4713610710861086,-1.143382646274005,-0.4724257219298251,1.0937454823472865,0.20535543978965282,-0.4774173635905289,0.312366,-0.08301,0.6005659999999999,1.753863912036582,-0.39491564984875693,-0.042324234360862495
305,2026-09-27T05:21:48.314+00:00,6.606,1790486508.3098063,1790486508.300103,1790486508.3100328,TEACHING_MODE,NORMAL,START_RECORDING,REACH_TARGET_POS_SUCCESSFULLY,0.17453292519943295,-0.4633151032344147,-1.143382646274005,-0.47863909406692495,1.0835876661006796,0.20535543978965282,-0.47949430540040217,0.309478,-0.08372,0.601819,1.7539860850842213,-0.39313541401172275,-0.046705010783368264
306,2026-09-27T05:21:48.334+00:00,6.626,1790486508.330058,1790486508.3195245,1790486508.3300712,TEACHING_MODE,NORMAL,START_RECORDING,REACH_TARGET_POS_SUCCESSFULLY,0.18060667099637323,-0.45868998071662975,-1.143452459444085,-0.4831071369520304,1.0713529080441992,0.20535543978965282,-0.48008771734608024,0.30669799999999997,-0.083954,0.6030369999999999,1.7527992611928653,-0.39229765597076544,-0.05092870757319454
307,2026-09-27T05:21:48.354+00:00,6.646,1790486508.3504312,1790486508.3395622,1790486508.3506515,TEACHING_MODE,NORMAL,START_RECORDING,REACH_TARGET_POS_SUCCESSFULLY,0.18549359290195735,-0.4504694799397365,-1.143452459444085,-0.4897917479871687,1.0623295558113885,0.20535543978965282,-0.48017498380867996,0.304899,-0.083351,0.603945,1.7484533913553995,-0.39095375244672986,-0.05359906132874586
308,2026-09-27T05:21:48.374+00:00,6.666,1790486508.3700075,1790486508.3598647,1790486508.370189,TEACHING_MODE,NORMAL,START_RECORDING,REACH_TARGET_POS_SUCCESSFULLY,0.1933301212434119,-0.4427376713534016,-1.143452459444085,-0.4965985320699466,1.0482622020403143,0.20535543978965282,-0.48017498380867996,0.301973,-0.08397099999999999,0.605119,1.745783037599848,-0.39034288720853183,-0.06037093882648386
309,2026-09-27T05:21:48.394+00:00,6.686,1790486508.3898907,1790486508.380026,1790486508.39013,TEACHING_MODE,NORMAL,START_RECORDING,REACH_TARGET_POS_SUCCESSFULLY,0.2023185668911827,-0.4343949975288687,-1.143452459444085,-0.5033704095676846,1.0344217410719994,0.20535543978965282,-0.48017498380867996,0.299033,-0.083649,0.6064419999999999,1.7466033423482856,-0.3918787769502868,-0.061714842350519494
310,2026-09-27T05:21:48.414+00:00,6.706,1790486508.410272,1790486508.3994703,1790486508.4105072,TEACHING_MODE,NORMAL,START_RECORDING,REACH_TARGET_POS_SUCCESSFULLY,0.2125985561854293,-0.4251971123708586,-1.143452459444085,-0.5078035458677501,1.0212095986344023,0.20535543978965282,-0.48017498380867996,0.29619,-0.083031,0.6077319999999999,1.7444914939533722,-0.39191368353532674,-0.06379178416039274
311,2026-09-27T05:21:48.434+00:00,6.726,1790486508.4304638,1790486508.4197683,1790486508.4306543,TEACHING_MODE,NORMAL,START_RECORDING,REACH_TARGET_POS_SUCCESSFULLY,0.22408282266355198,-0.41563270806992964,-1.143452459444085,-0.5166523651753614,1.0091319202106015,0.20535543978965282,-0.48017498380867996,0.293102,-0.08211299999999999,0.609212,1.7431999503068965,-0.3929957876715632,-0.06410594342575172
312,2026-09-27T05:21:48.454+00:00,6.746,1790486508.449965,1790486508.4402215,1790486508.450128,TEACHING_MODE,NORMAL,START_RECORDING,REACH_TARGET_POS_SUCCESSFULLY,0.23643975376767185,-0.4056319714560021,-1.143452459444085,-0.5224643115845026,0.9977698267801183,0.20535543978965282,-0.48017498380867996,0.28967,-0.08100399999999999,0.6109289999999999,1.7425890850686985,-0.39526471569915583,-0.06295402611943547
313,2026-09-27T05:21:48.474+00:00,6.766,1790486508.4708397,1790486508.4608147,1790486508.4710522,TEACHING_MODE,NORMAL,START_RECORDING,REACH_TARGET_POS_SUCCESSFULLY,0.24883159145683156,-0.39838885506022564,-1.143452459444085,-0.5254837311904528,0.98804834284651,0.20535543978965282,-0.48017498380867996,0.28613099999999997,-0.079662,0.612807,1.7423272856808993,-0.3986332011555049,-0.06012659273120466
314,2026-09-27T05:21:48.494+00:00,6.786,1790486508.4899757,1790486508.4793334,1790486508.4905908,TEACHING_MODE,NORMAL,START_RECORDING,REACH_TARGET_POS_SUCCESSFULLY,0.25696482577112517,-0.38676496224194346,-1.143452459444085,-0.5290092962794813,0.9826552754578474,0.20535543978965282,-0.48017498380867996,0.283918,-0.077747,0.614095,1.741227728252143,-0.4004832501626189,-0.055187310948060696
315,2026-09-27T05:21:48.514+00:00,6.806,1790486508.5100965,1790486508.4992878,1790486508.5103807,TEACHING_MODE,NORMAL,START_RECORDING,REACH_TARGET_POS_SUCCESSFULLY,0.26902505090240597,-0.37454765747798313,-1.143452459444085,-0.5307022656539158,0.9766687961235069,0.20535543978965282,-0.48017498380867996,0.27908499999999997,-0.077268,0.616869,1.741821140197821,-0.40872120423203206,-0.052796209872828466
316,2026-09-27T05:21:48.534+00:00,6.826,1790486508.5300238,1790486508.5197713,1790486508.5302281,TEACHING_MODE,NORMAL,START_RECORDING,REACH_TARGET_POS_SUCCESSFULLY,0.2806489437206882,-0.3617543940608647,-1.143452459444085,-0.5307720788239956,0.974155522000635,0.20535543978965282,-0.48017498380867996,0.274265,-0.075777,0.619796,1.7447358400486517,-0.41907100669635844,-0.04464552226601495
317,2026-09-27T05:21:48.554+00:00,6.847,1790486508.5499067,1790486508.5395806,1790486508.5501447,TEACHING_MODE,NORMAL,START_RECORDING,REACH_TARGET_POS_SUCCESSFULLY,0.2920284904436912,-0.3531499208485327,-1.143452459444085,-0.5307720788239956,0.9737017363951166,0.20535543978965282,-0.48017498380867996,0.26908499999999996,-0.074338,0.622939,1.7479821524573609,-0.43086943243984016,-0.03562217003320427
318,2026-09-27T05:21:48.574+00:00,6.866,1790486508.57114,1790486508.559538,1790486508.5714693,TEACHING_MODE,NORMAL,START_RECORDING,REACH_TARGET_POS_SUCCESSFULLY,0.29942868647214715,-0.3357140816211093,-1.143452459444085,-0.5307720788239956,0.9737017363951166,0.20535543978965282,-0.48017498380867996,0.26381899999999997,-0.07317499999999999,0.626,1.7524851019275063,-0.44324381683647995,-0.026389378290154263
319,2026-09-27T05:21:48.594+00:00,6.886,1790486508.589871,1790486508.579337,1790486508.5900605,TEACHING_MODE,NORMAL,START_RECORDING,REACH_TARGET_POS_SUCCESSFULLY,0.3146130509644978,-0.3224495793059524,-1.143452459444085,-0.5307720788239956,0.9737017363951166,0.20535543978965282,-0.48017498380867996,0.258529,-0.072183,0.628969,1.7570753178602514,-0.45561820123311975,-0.01733111947230369
320,2026-09-27T05:21:48.614+00:00,6.906,1790486508.610051,1790486508.599345,1790486508.6101835,TEACHING_MODE,NORMAL,START_RECORDING,REACH_TARGET_POS_SUCCESSFULLY,0.327179421578857,-0.31394982584874,-1.143452459444085,-0.5309640650417149,0.9737017363951166,0.20535543978965282,-0.48017498380867996,0.253201,-0.071107,0.631888,1.761840066718196,-0.46811475867739916,-0.007400196028455957
321,2026-09-27T05:21:48.634+00:00,6.926,1790486508.6311047,1790486508.6200929,1790486508.6313407,TEACHING_MODE,NORMAL,START_RECORDING,REACH_TARGET_POS_SUCCESSFULLY,0.33545228223331014,-0.3014358151119407,-1.143452459444085,-0.5314527572322734,0.9737017363951166,0.20535543978965282,-0.48024479697875977,0.250234,-0.06937499999999999,0.6335959999999999,1.7652085521745449,-0.4755847678759349,0.0033684854563490563
322,2026-09-27T05:21:48.654+00:00,6.946,1790486508.650294,1790486508.6405807,1790486508.6505356,TEACHING_MODE,NORMAL,START_RECORDING,REACH_TARGET_POS_SUCCESSFULLY,0.34817573248034883,-0.28993409534129805,-1.1435048193216448,-0.5321159823480311,0.9737017363951166,0.20535543978965282,-0.4803320634413594,0.24503699999999998,-0.069396,0.636158,1.7698860345698897,-0.4870166744764977,0.009389871375729494
323,2026-09-27T05:21:48.674+00:00,6.966,1790486508.669866,1790486508.659346,1790486508.6700928,TEACHING_MODE,NORMAL,START_RECORDING,REACH_TARGET_POS_SUCCESSFULLY,0.36140532821046584,-0.2789210677612138,-1.1435048193216448,-0.5336518720897863,0.9737017363951166,0.20535543978965282,-0.480471689781519,0.240748,-0.06831899999999999,0.638299,1.774807863060514,-0.49701741109042524,0.019826940302655586
324,2026-09-27T05:21:48.694+00:00,6.986,1790486508.6913095,1790486508.680028,1790486508.6914942,TEACHING_MODE,NORMAL,START_RECORDING,REACH_TARGET_POS_SUCCESSFULLY,0.37437312455278365,-0.27195720404575646,-1.1435048193216448,-0.5362175060902179,0.9737017363951166,0.20535543978965282,-0.4805240496590788,0.23668299999999998,-0.067461,0.6401669999999999,1.7804278232519355,-0.5060058567381961,0.02982767691658309
325,2026-09-27T05:21:48.714+00:00,7.006,1790486508.7104816,1790486508.6998453,1790486508.7107089,TEACHING_MODE,NORMAL,START_RECORDING,REACH_TARGET_POS_SUCCESSFULLY,0.3828205181324363,-0.25905922087351835,-1.1435048193216448,-0.5381548215599316,0.9737017363951166,0.20535543978965282,-0.4806811292917583,0.23316199999999998,-0.066783,0.641635,1.786414302586276,-0.5134584126442118,0.03902556207459321
326,2026-09-27T05:21:48.734+00:00,7.026,1790486508.7312381,1790486508.71983,1790486508.7305558,TEACHING_MODE,NORMAL,START_RECORDING,REACH_TARGET_POS_SUCCESSFULLY,0.3998549316319009,-0.2501405883958273,-1.1435048193216448,-0.5431988230981952,0.9737017363951166,0.20535543978965282,-0.48139671428507597,0.230131,-0.066076,0.6428159999999999,1.7924007819206167,-0.519567065026192,0.04827580711016315
327,2026-09-27T05:21:48.754+00:00,7.046,1790486508.7505224,1790486508.7400777,1790486508.7507174,TEACHING_MODE,NORMAL,START_RECORDING,REACH_TARGET_POS_SUCCESSFULLY,0.41224676932106064,-0.2450616802725238,-1.1435048193216448,-0.5473003468403819,0.9737017363951166,0.20535543978965282,-0.48235664537367284,0.22764299999999998,-0.065507,0.6436109999999999,1.7988585001529958,-0.5237384019384584,0.05689773361501515
328,2026-09-27T05:21:48.774+00:00,7.066,1790486508.770084,1790486508.7594407,1790486508.7701144,TEACHING_MODE,NORMAL,START_RECORDING,REACH_TARGET_POS_SUCCESSFULLY,0.4204847233904739,-0.2375044046113884,-1.1435048193216448,-0.5505466592490913,0.9737017363951166,0.20535543978965282,-0.48329912316974977,0.22644999999999998,-0.064511,0.6438579999999999,1.804303927419218,-0.5251172120475339,0.06581636609270616
329,2026-09-27T05:21:48.794+00:00,7.086,1790486508.7908208,1790486508.779485,1790486508.791066,TEACHING_MODE,NORMAL,START_RECORDING,REACH_TARGET_POS_SUCCESSFULLY,0.43237041559655526,-0.23123867259672873,-1.1435048193216448,-0.5563062457806727,0.9737017363951166,0.20535543978965282,-0.48619636972806035,0.224263,-0.064679,0.644466,1.8096271816378007,-0.5276828460479657,0.07080800775340995
330,2026-09-27T05:21:48.814+00:00,7.106,1790486508.810035,1790486508.799434,1790486508.8101954,TEACHING_MODE,NORMAL,START_RECORDING,REACH_TARGET_POS_SUCCESSFULLY,0.4436801491494785,-0.22600268484074573,-1.1435048193216448,-0.5636540819315687,0.9737017363951166,0.20535543978965282,-0.4867548750886986,0.22297699999999998,-0.064399,0.644471,1.8165735920607382,-0.5266705550818089,0.0780860307342263
331,2026-09-27T05:21:48.834+00:00,7.126,1790486508.8299253,1790486508.8193908,1790486508.8303006,TEACHING_MODE,NORMAL,START_RECORDING,REACH_TARGET_POS_SUCCESSFULLY,0.45451864380436335,-0.22345450413283402,-1.1435048193216448,-0.5729043269671388,0.9737017363951166,0.20535543978965282,-0.48663270204105896,0.222799,-0.064126,0.6437729999999999,1.8247940928376314,-0.5251172120475339,0.08358381787800843
332,2026-09-27T05:21:48.854+00:00,7.146,1790486508.8506665,1790486508.8400304,1790486508.8510866,TEACHING_MODE,NORMAL,START_RECORDING,REACH_TARGET_POS_SUCCESSFULLY,0.4614650542273008,-0.22024309830916444,-1.1435048193216448,-0.580182349947955,0.9737017363951166,0.20535543978965282,-0.48663270204105896,0.222958,-0.06421299999999999,0.6426919999999999,1.8342712306759605,-0.5219756193939441,0.08754571528003557
333,2026-09-27T05:21:48.874+00:00,7.166,1790486508.8698978,1790486508.8592558,1790486508.8701558,TEACHING_MODE,NORMAL,START_RECORDING,REACH_TARGET_POS_SUCCESSFULLY,0.4745899302022981,-0.21823596966937095,-1.1435048193216448,-0.5977752688080579,0.9737017363951166,0.20535543978965282,-0.48663270204105896,0.224492,-0.064187,0.6407769999999999,1.8443243271674479,-0.5149768490934469,0.09030333549818662
334,2026-09-27T05:21:48.894+00:00,7.186,1790486508.8899844,1790486508.8793094,1790486508.8902318,TEACHING_MODE,NORMAL,START_RECORDING,REACH_TARGET_POS_SUCCESSFULLY,0.4834387495099094,-0.2182010630843311,-1.1435048193216448,-0.6134832320760069,0.9737017363951166,0.20535543978965282,-0.48663270204105896,0.226627,-0.06446299999999999,0.638284,1.8556340607203714,-0.5055869777177174,0.09124581329426354
335,2026-09-27T05:21:48.914+00:00,7.206,1790486508.9100602,1790486508.9000342,1790486508.9102561,TEACHING_MODE,NORMAL,START_RECORDING,REACH_TARGET_POS_SUCCESSFULLY,0.4889016300686516,-0.21842795588709035,-1.1435048193216448,-0.6249674985541295,0.9737017363951166,0.20535543978965282,-0.48663270204105896,0.22938399999999998,-0.064952,0.635193,1.868043351702051,-0.4937361920966759,0.09072221451866526
336,2026-09-27T05:21:48.934+00:00,7.226,1790486508.9300735,1790486508.9193647,1790486508.930304,TEACHING_MODE,NORMAL,START_RECORDING,REACH_TARGET_POS_SUCCESSFULLY,0.4963192793896275,-0.21903882112528836,-1.1435048193216448,-0.6437472413055885,0.9737017363951166,0.20535543978965282,-0.48663270204105896,0.231453,-0.06539299999999999,0.632856,1.8768398111321023,-0.48476519974142507,0.0896924702599886
337,2026-09-27T05:21:48.954+00:00,7.246,1790486508.950256,1790486508.939445,1790486508.950512,TEACHING_MODE,NORMAL,START_RECORDING,REACH_TARGET_POS_SUCCESSFULLY,0.5023406653090079,-0.2203478180642841,-1.1435048193216448,-0.6641326869688823,0.9737017363951166,0.20535543978965282,-0.48663270204105896,0.23480499999999999,-0.066384,0.628961,1.8905930056378177,-0.46984263463687354,0.08648106443631903
338,2026-09-27T05:21:48.974+00:00,7.266,1790486508.9703908,1790486508.9597466,1790486508.9706233,TEACHING_MODE,NORMAL,START_RECORDING,REACH_TARGET_POS_SUCCESSFULLY,0.5067039884389938,-0.2217615347583995,-1.1435048193216448,-0.6855827834758925,0.9737017363951166,0.20535543978965282,-0.48663270204105896,0.238388,-0.067785,0.6246109999999999,1.904957065381731,-0.4532445534504075,0.08129743655789588
339,2026-09-27T05:21:48.994+00:00,7.286,1790486508.9900708,1790486508.9796228,1790486508.9903111,TEACHING_MODE,NORMAL,START_RECORDING,REACH_TARGET_POS_SUCCESSFULLY,0.5102470068205422,-0.22258183950683685,-1.1435048193216448,-0.6998595767572062,0.9737017363951166,0.20535543978965282,-0.48663270204105896,0.241944,-0.069425,0.620031,1.9194432981732839,-0.4359657938556636,0.07517133088339578
340,2026-09-27T05:21:49.014+00:00,7.306,1790486509.0109212,1790486509.0000353,1790486509.0111182,TEACHING_MODE,NORMAL,START_RECORDING,REACH_TARGET_POS_SUCCESSFULLY,0.5126730144808144,-0.22378611669071294,-1.1435048193216448,-0.7282909902721939,0.9737017363951166,0.20535543978965282,-0.48663270204105896,0.24511899999999998,-0.071454,0.615478,1.9336502782845177,-0.41905355340383854,0.0678060414399797
341,2026-09-27T05:21:49.034+00:00,7.326,1790486509.0302477,1790486509.019362,1790486509.0309453,TEACHING_MODE,NORMAL,START_RECORDING,REACH_TARGET_POS_SUCCESSFULLY,0.5159193268895238,-0.22448424839151065,-1.1435048193216448,-0.7496014604390445,0.9737017363951166,0.20535543978965282,-0.48663270204105896,0.24806399999999998,-0.07360799999999999,0.6108739999999999,1.9478398051032317,-0.40221112612209325,0.06030112565640409
342,2026-09-27T05:21:49.054+00:00,7.346,1790486509.0499873,1790486509.0392702,1790486509.0502028,TEACHING_MODE,NORMAL,START_RECORDING,REACH_TARGET_POS_SUCCESSFULLY,0.5174726699237988,-0.22553144594270727,-1.1435048193216448,-0.7633721082372799,0.9737017363951166,0.20535543978965282,-0.48651052899341934,0.251202,-0.075334,0.606147,1.961243933758548,-0.385037086282469,0.05405284693426438
343,2026-09-27T05:21:49.074+00:00,7.366,1790486509.072992,1790486509.0601096,1790486509.0731962,TEACHING_MODE,NORMAL,START_RECORDING,REACH_TARGET_POS_SUCCESSFULLY,0.5170537909033202,-0.22699752251438252,-1.1435048193216448,-0.7823787437914981,0.9737017363951166,0.20535543978965282,-0.48651052899341934,0.25370899999999996,-0.077655,0.601731,1.9736706780327478,-0.3691022302117608,0.04579743957233121
344,2026-09-27T05:21:49.094+00:00,7.386,1790486509.0899413,1790486509.0794404,1790486509.0901628,TEACHING_MODE,NORMAL,START_RECORDING,REACH_TARGET_POS_SUCCESSFULLY,0.5168618046856007,-0.2307325271136504,-1.1435048193216448,-0.7993782507059229,0.9738239094427561,0.20535543978965282,-0.48651052899341934,0.25597,-0.078668,0.598622,1.9803552890678862,-0.35756560385607833,0.04105014400690663
345,2026-09-27T05:21:49.114+00:00,7.406,1790486509.110507,1790486509.0994132,1790486509.110797,TEACHING_MODE,NORMAL,START_RECORDING,REACH_TARGET_POS_SUCCESSFULLY,0.5153957281139255,-0.235462369386555,-1.1435048193216448,-0.812887099116359,0.9738239094427561,0.20535543978965282,-0.48651052899341934,0.258917,-0.08007399999999999,0.594479,1.988680509599899,-0.3421892531460083,0.034348079679248404
346,2026-09-27T05:21:49.134+00:00,7.426,1790486509.1299944,1790486509.1199422,1790486509.1301987,TEACHING_MODE,NORMAL,START_RECORDING,REACH_TARGET_POS_SUCCESSFULLY,0.514627783243048,-0.24148375530593544,-1.1435048193216448,-0.8199905891719759,0.9739460824903958,0.20535543978965282,-0.48651052899341934,0.26220499999999997,-0.08089099999999999,0.59066,1.9937245111381625,-0.32759830059933565,0.028239427297268253
347,2026-09-27T05:21:49.154+00:00,7.446,1790486509.1500657,1790486509.1395438,1790486509.150256,TEACHING_MODE,NORMAL,START_RECORDING,REACH_TARGET_POS_SUCCESSFULLY,0.514627783243048,-0.24961698962022902,-1.1434000995665252,-0.8287870486020275,0.9739460824903958,0.20535543978965282,-0.4864058092382997,0.265648,-0.080551,0.587399,1.9959585325807152,-0.31482249047473715,0.025656340004316644
348,2026-09-27T05:21:49.174+00:00,7.466,1790486509.171541,1790486509.1594124,1790486509.1718311,TEACHING_MODE,NORMAL,START_RECORDING,REACH_TARGET_POS_SUCCESSFULLY,0.5147150497056477,-0.26014132500975484,-1.1434000995665252,-0.8307243640717411,0.9739460824903958,0.20535543978965282,-0.4864058092382997,0.269401,-0.079206,0.584755,1.9943702829614005,-0.30394908923481245,0.025132741228718343
349,2026-09-27T05:21:49.194+00:00,7.486,1790486509.1901207,1790486509.1799364,1790486509.1903272,TEACHING_MODE,NORMAL,START_RECORDING,REACH_TARGET_POS_SUCCESSFULLY,0.5148372227532874,-0.2675589743307307,-1.1434000995665252,-0.8305323778540217,0.9739460824903958,0.20535543978965282,-0.4864058092382997,0.27375499999999997,-0.07688099999999999,0.582379,1.9895008143483364,-0.2935469268929263,0.026459191460234035
350,2026-09-27T05:21:49.214+00:00,7.506,1790486509.2099366,1790486509.1995153,1790486509.210164,TEACHING_MODE,NORMAL,START_RECORDING,REACH_TARGET_POS_SUCCESSFULLY,0.5146975964131278,-0.28031733116280927,-1.1434000995665252,-0.8304974712689819,0.9739460824903958,0.20535543978965282,-0.4864058092382997,0.27680899999999997,-0.075113,0.580808,1.9855214636537892,-0.28665287634754866,0.02768092193663007
351,2026-09-27T05:21:49.234+00:00,7.526,1790486509.2311366,1790486509.2203677,1790486509.2315073,TEACHING_MODE,NORMAL,START_RECORDING,REACH_TARGET_POS_SUCCESSFULLY,0.5144707036103685,-0.2941926987161642,-1.1434000995665252,-0.8299389659083436,0.9739460824903958,0.20535543978965282,-0.48633599606822,0.28180499999999997,-0.07228699999999999,0.578132,1.97913355859149,-0.27527332962454565,0.029373891311064566
352,2026-09-27T05:21:49.254+00:00,7.546,1790486509.250608,1790486509.2397802,1790486509.2508066,TEACHING_MODE,NORMAL,START_RECORDING,REACH_TARGET_POS_SUCCESSFULLY,0.5123239486304155,-0.3094119697935548,-1.1434000995665252,-0.8285776090917881,0.9739460824903958,0.20535543978965282,-0.48633599606822,0.287203,-0.069226,0.575239,1.971750815855554,-0.2631083847381452,0.03103195410045918
353,2026-09-27T05:21:49.274+00:00,7.566,1790486509.2704685,1790486509.259778,1790486509.2708187,TEACHING_MODE,NORMAL,START_RECORDING,REACH_TARGET_POS_SUCCESSFULLY,0.5075766530649909,-0.32564353183710204,-1.1434000995665252,-0.8282459965339091,0.9739460824903958,0.20535543978965282,-0.48633599606822,0.292806,-0.066582,0.572157,1.9633383288609412,-0.25043729436866635,0.030473448739820993
354,2026-09-27T05:21:49.294+00:00,7.586,1790486509.2911386,1790486509.2798908,1790486509.291419,TEACHING_MODE,NORMAL,START_RECORDING,REACH_TARGET_POS_SUCCESSFULLY,0.5019741461660892,-0.3418750938806493,-1.1434000995665252,-0.8284030761665886,0.9739460824903958,0.20535543978965282,-0.48633599606822,0.298629,-0.064774,0.5684049999999999,1.9557461466147659,-0.23577652865191398,0.026860617188192732
355,2026-09-27T05:21:49.314+00:00,7.606,1790486509.3100693,1790486509.299327,1790486509.3102198,TEACHING_MODE,NORMAL,START_RECORDING,REACH_TARGET_POS_SUCCESSFULLY,0.4934743927088768,-0.35927602652303275,-1.1434000995665252,-0.8284030761665886,0.974190428585675,0.20535543978965282,-0.48633599606822,0.30446599999999996,-0.063265,0.564522,1.9479968847359113,-0.22104594976508185,0.022305307840487534
356,2026-09-27T05:21:49.334+00:00,7.626,1790486509.3300264,1790486509.3193743,1790486509.330271,TEACHING_MODE,NORMAL,START_RECORDING,REACH_TARGET_POS_SUCCESSFULLY,0.4828104309791914,-0.3715456911645529,-1.1434000995665252,-0.8284030761665886,0.9748362004089128,0.20535543978965282,-0.4862836361906601,0.310469,-0.062553,0.5602779999999999,1.9398112905440577,-0.20542525295973257,0.014852751934471744
357,2026-09-27T05:21:49.354+00:00,7.646,1790486509.3506231,1790486509.340181,1790486509.3508675,TEACHING_MODE,NORMAL,START_RECORDING,REACH_TARGET_POS_SUCCESSFULLY,0.47422341105937926,-0.3903952470860917,-1.1434000995665252,-0.8284030761665886,0.9763546368581479,0.20535543978965282,-0.4862836361906601,0.31440999999999997,-0.06368,0.557173,1.9350639949786332,-0.19484855769264695,0.005009094953223726
358,2026-09-27T05:21:49.374+00:00,7.666,1790486509.370536,1790486509.359473,1790486509.370777,TEACHING_MODE,NORMAL,START_RECORDING,REACH_TARGET_POS_SUCCESSFULLY,0.4589866866894688,-0.4090179102048711,-1.1434000995665252,-0.8284903426291883,0.9807877731582135,0.20535543978965282,-0.48619636972806035,0.320897,-0.06300499999999999,0.552298,1.9293044084470519,-0.17936748722745727,-0.001308996938995747
359,2026-09-27T05:21:49.394+00:00,7.686,1790486509.391172,1790486509.3793366,1790486509.39142,TEACHING_MODE,NORMAL,START_RECORDING,REACH_TARGET_POS_SUCCESSFULLY,0.4414112211218859,-0.42668064223505375,-1.1434000995665252,-0.8284903426291883,0.987105865050433,0.20535543978965282,-0.48619636972806035,0.326648,-0.06483699999999999,0.5474629999999999,1.9237193548406701,-0.1642703891977063,-0.014695672301792254
360,2026-09-27T05:21:49.414+00:00,7.706,1790486509.4108558,1790486509.4003286,1790486509.4111266,TEACHING_MODE,NORMAL,START_RECORDING,REACH_TARGET_POS_SUCCESSFULLY,0.4219333466696292,-0.438304535053336,-1.1434000995665252,-0.8284903426291883,0.9967749891064817,0.20535543978965282,-0.48619636972806035,0.332022,-0.067701,0.542597,1.9214853333981172,-0.15102334017506935,-0.029042278753185647
361,2026-09-27T05:21:49.434+00:00,7.726,1790486509.430769,1790486509.4193766,1790486509.431149,TEACHING_MODE,NORMAL,START_RECORDING,REACH_TARGET_POS_SUCCESSFULLY,0.40067523638033825,-0.4610112686217822,-1.1434000995665252,-0.8284903426291883,1.010458370442117,0.20535543978965282,-0.48619636972806035,0.33704,-0.071504,0.537686,1.9228117836296328,-0.13959143357450648,-0.04394739056521722
362,2026-09-27T05:21:49.454+00:00,7.747,1790486509.451271,1790486509.4391713,1790486509.4515498,TEACHING_MODE,NORMAL,START_RECORDING,REACH_TARGET_POS_SUCCESSFULLY,0.37807322256701165,-0.4772079240802896,-1.1434000995665252,-0.8284903426291883,1.0278942096695405,0.20535543978965282,-0.48619636972806035,0.341787,-0.07618599999999999,0.5326529999999999,1.9274892660249776,-0.12966051013065874,-0.059393554445367036
363,2026-09-27T05:21:49.474+00:00,7.766,1790486509.471259,1790486509.4596972,1790486509.4714594,TEACHING_MODE,NORMAL,START_RECORDING,REACH_TARGET_POS_SUCCESSFULLY,0.3546159974202079,-0.4872086606942171,-1.1434000995665252,-0.8283681695815488,1.0482447487477944,0.20535543978965282,-0.48619636972806035,0.346008,-0.081629,0.527727,1.9358668464345505,-0.12192870154432386,-0.0747349985703972
364,2026-09-27T05:21:49.494+00:00,7.786,1790486509.491065,1790486509.4799025,1790486509.4912734,TEACHING_MODE,NORMAL,START_RECORDING,REACH_TARGET_POS_SUCCESSFULLY,0.33855896830186005,-0.5009967617849723,-1.1434000995665252,-0.8283681695815488,1.0679669692953302,0.20535543978965282,-0.48619636972806035,0.347753,-0.088395,0.524566,1.9485728433890692,-0.12065461119036801,-0.09058258817850572
365,2026-09-27T05:21:49.514+00:00,7.806,1790486509.5119395,1790486509.5000966,1790486509.5121791,TEACHING_MODE,NORMAL,START_RECORDING,REACH_TARGET_POS_SUCCESSFULLY,0.3141592653589793,-0.5129173605760936,-1.1434000995665252,-0.8281412767787893,1.079765395038812,0.20535543978965282,-0.48619636972806035,0.35137999999999997,-0.09219,0.520268,1.9585561267104767,-0.11550588989698474,-0.09930923443847736
366,2026-09-27T05:21:49.534+00:00,7.826,1790486509.5314865,1790486509.5200572,1790486509.5316644,TEACHING_MODE,NORMAL,START_RECORDING,REACH_TARGET_POS_SUCCESSFULLY,0.2899166420487781,-0.5229180971900211,-1.1434000995665252,-0.8277922109283906,1.095159199041402,0.20535543978965282,-0.48619636972806035,0.353246,-0.099381,0.516678,1.9630241695955823,-0.10941469080752453,-0.11931070766633237
367,2026-09-27T05:21:49.554+00:00,7.846,1790486509.5515013,1790486509.5392807,1790486509.5517807,TEACHING_MODE,NORMAL,START_RECORDING,REACH_TARGET_POS_SUCCESSFULLY,0.26651177677953414,-0.5279097388507249,-1.1434000995665252,-0.8249124176625999,1.1088251270845175,0.20535543978965282,-0.48619636972806035,0.354131,-0.106732,0.513922,1.9710177775697162,-0.10742501546025099,-0.1375493983496731
368,2026-09-27T05:21:49.574+00:00,7.866,1790486509.5719364,1790486509.5598078,1790486509.5721545,TEACHING_MODE,NORMAL,START_RECORDING,REACH_TARGET_POS_SUCCESSFULLY,0.2453409329528429,-0.5362524126752578,-1.1434000995665252,-0.8193273640562181,1.1215834839165961,0.20535543978965282,-0.48619636972806035,0.35451499999999997,-0.113299,0.512238,1.9768820838564172,-0.10822786691616838,-0.15329226820266195
369,2026-09-27T05:21:49.594+00:00,7.886,1790486509.5912843,1790486509.5794783,1790486509.5914817,TEACHING_MODE,NORMAL,START_RECORDING,REACH_TARGET_POS_SUCCESSFULLY,0.22682298958918307,-0.540493562757604,-1.1434000995665252,-0.8110021435242051,1.1325266983266005,0.20535543978965282,-0.48619636972806035,0.354168,-0.118934,0.511903,1.9813675800340427,-0.11266100321623397,-0.16591099869458098
370,2026-09-27T05:21:49.614+00:00,7.906,1790486509.612164,1790486509.599469,1790486509.6125562,TEACHING_MODE,NORMAL,START_RECORDING,REACH_TARGET_POS_SUCCESSFULLY,0.21066124071571557,-0.5425705045674772,-1.1434000995665252,-0.7998320363114414,1.1418467565322503,0.20535543978965282,-0.48619636972806035,0.353757,-0.123266,0.512464,1.9832699889187164,-0.11913617474113294,-0.17493435092739165
371,2026-09-27T05:21:49.634+00:00,7.926,1790486509.6312208,1790486509.620102,1790486509.6314652,TEACHING_MODE,NORMAL,START_RECORDING,REACH_TARGET_POS_SUCCESSFULLY,0.20149826214274535,-0.5440889410167122,-1.1434000995665252,-0.7909134038337504,1.1493865789008657,0.20535543978965282,-0.48619636972806035,0.352635,-0.12649,0.51451,1.9831129092860371,-0.12929399098773994,-0.1806415775814131
372,2026-09-27T05:21:49.654+00:00,7.946,1790486509.6511796,1790486509.6397264,1790486509.651424,TEACHING_MODE,NORMAL,START_RECORDING,REACH_TARGET_POS_SUCCESSFULLY,0.1901536220047822,-0.5440365811391524,-1.1434000995665252,-0.7752752537358812,1.1543956738540895,0.20535543978965282,-0.48619636972806035,0.35217499999999996,-0.127725,0.516134,1.9831827224561167,-0.13744467859455345,-0.18130480269717095
373,2026-09-27T05:21:49.674+00:00,7.966,1790486509.6731222,1790486509.6595745,1790486509.671738,TEACHING_MODE,NORMAL,START_RECORDING,REACH_TARGET_POS_SUCCESSFULLY,0.18144442903733052,-0.5436002488261539,-1.1434000995665252,-0.7575950684131787,1.161307177691987,0.20535543978965282,-0.48619636972806035,0.350997,-0.12859199999999998,0.5196729999999999,1.9777198418973745,-0.1503950216443514,-0.18100809672433193
374,2026-09-27T05:21:49.694+00:00,7.986,1790486509.6925507,1790486509.6802766,1790486509.6928358,TEACHING_MODE,NORMAL,START_RECORDING,REACH_TARGET_POS_SUCCESSFULLY,0.17561502933566941,-0.5431115566355955,-1.1434000995665252,-0.7382917268861213,1.1667176983731693,0.20535543978965282,-0.48619636972806035,0.350087,-0.12816,0.523643,1.9724314942638317,-0.16538739991898269,-0.1762433478663874
375,2026-09-27T05:21:49.714+00:00,8.006,1790486509.7113824,1790486509.6998017,1790486509.711622,TEACHING_MODE,NORMAL,START_RECORDING,REACH_TARGET_POS_SUCCESSFULLY,0.17282250253247852,-0.5423610650572379,-1.1434000995665252,-0.7247130653056055,1.1677823492168862,0.20535543978965282,-0.48619636972806035,0.349282,-0.1266,0.528037,1.9642633533644982,-0.18065903087393306,-0.16884315183793144
376,2026-09-27T05:21:49.734+00:00,8.026,1790486509.7305639,1790486509.7193396,1790486509.7308145,TEACHING_MODE,NORMAL,START_RECORDING,REACH_TARGET_POS_SUCCESSFULLY,0.1715658654710426,-0.5410520681182421,-1.1434000995665252,-0.6956184266748601,1.1676427228767263,0.20535543978965282,-0.48619636972806035,0.348642,-0.123735,0.532793,1.9520809551855778,-0.19540706305328512,-0.1588598685165239
377,2026-09-27T05:21:49.754+00:00,8.046,1790486509.7514908,1790486509.7397597,1790486509.7518637,TEACHING_MODE,NORMAL,START_RECORDING,REACH_TARGET_POS_SUCCESSFULLY,0.1718800247364016,-0.5397081645942066,-1.1434000995665252,-0.6723880943308155,1.1675554564141266,0.20535543978965282,-0.48619636972806035,0.34819,-0.11969099999999999,0.537831,1.938223040924743,-0.21081832034839507,-0.14554300632380715
378,2026-09-27T05:21:49.774+00:00,8.066,1790486509.7716806,1790486509.7597356,1790486509.772134,TEACHING_MODE,NORMAL,START_RECORDING,REACH_TARGET_POS_SUCCESSFULLY,0.17228145046436028,-0.5380675550973318,-1.1434000995665252,-0.6573608094711443,1.1675554564141266,0.20535543978965282,-0.48619636972806035,0.347292,-0.115397,0.543226,1.9242080470312284,-0.2274338548273811,-0.1312138531649337
379,2026-09-27T05:21:49.794+00:00,8.086,1790486509.792393,1790486509.7803211,1790486509.7925918,TEACHING_MODE,NORMAL,START_RECORDING,REACH_TARGET_POS_SUCCESSFULLY,0.17359044740335602,-0.5362698659677777,-1.1434000995665252,-0.6361026991818534,1.1675554564141266,0.20535543978965282,-0.48619636972806035,0.34684899999999996,-0.11255699999999999,0.5464669999999999,1.9150276151657382,-0.2374345914413086,-0.12182398178920421
380,2026-09-27T05:21:49.814+00:00,8.106,1790486509.8113592,1790486509.799527,1790486509.8115995,TEACHING_MODE,NORMAL,START_RECORDING,REACH_TARGET_POS_SUCCESSFULLY,0.17439329885927343,-0.534350003790584,-1.1434000995665252,-0.6163455720492775,1.1675554564141266,0.20535543978965282,-0.48619636972806035,0.345844,-0.10815,0.551342,1.9021121787009803,-0.2524793295934997,-0.10721557595001166
381,2026-09-27T05:21:49.834+00:00,8.126,1790486509.8321455,1790486509.819448,1790486509.8325493,TEACHING_MODE,NORMAL,START_RECORDING,REACH_TARGET_POS_SUCCESSFULLY,0.17432348568919362,-0.5319589027153517,-1.1434000995665252,-0.5993460651348528,1.1675554564141266,0.20535543978965282,-0.48619636972806035,0.344879,-0.104626,0.555539,1.8899995936921397,-0.26546457922833755,-0.09534733703645022
382,2026-09-27T05:21:49.854+00:00,8.146,1790486509.8511875,1790486509.8402302,1790486509.8513882,TEACHING_MODE,NORMAL,START_RECORDING,REACH_TARGET_POS_SUCCESSFULLY,0.17432348568919362,-0.5285206040889229,-1.1434000995665252,-0.5850343652684993,1.1675554564141266,0.20535543978965282,-0.48619636972806035,0.34321199999999996,-0.10173399999999999,0.559673,1.880051216955772,-0.27824038935293605,-0.08524188066740306
383,2026-09-27T05:21:49.874+00:00,8.166,1790486509.8713508,1790486509.859351,1790486509.8715937,TEACHING_MODE,NORMAL,START_RECORDING,REACH_TARGET_POS_SUCCESSFULLY,0.17432348568919362,-0.524488893516816,-1.1434000995665252,-0.5731486730624179,1.1675554564141266,0.20535543978965282,-0.48619636972806035,0.34141299999999997,-0.099351,0.563367,1.8717609030087987,-0.2896722959534989,-0.07674212721019068
384,2026-09-27T05:21:49.894+00:00,8.186,1790486509.8911026,1790486509.879352,1790486509.8927944,TEACHING_MODE,NORMAL,START_RECORDING,REACH_TARGET_POS_SUCCESSFULLY,0.1742711258116338,-0.5214171140333059,-1.1434000995665252,-0.5633224693736899,1.1675554564141266,0.20535543978965282,-0.48619636972806035,0.33933599999999997,-0.097466,0.566808,1.8651286518512205,-0.3003188043906643,-0.06972590361717347
385,2026-09-27T05:21:49.914+00:00,8.206,1790486509.9105487,1790486509.9010375,1790486509.9108877,TEACHING_MODE,NORMAL,START_RECORDING,REACH_TARGET_POS_SUCCESSFULLY,0.1742711258116338,-0.5165127388352019,-1.1434000995665252,-0.5580690283251869,1.1675554564141266,0.20535543978965282,-0.48619636972806035,0.336914,-0.096039,0.570121,1.8599624772653172,-0.3105987936849109,-0.06407103684071185
386,2026-09-27T05:21:49.934+00:00,8.227,1790486509.930325,1790486509.9213989,1790486509.9305632,TEACHING_MODE,NORMAL,START_RECORDING,REACH_TARGET_POS_SUCCESSFULLY,0.1742711258116338,-0.5111894846166192,-1.1434000995665252,-0.5522221753310059,1.1675554564141266,0.20535543978965282,-0.48619636972806035,0.335346,-0.09536599999999999,0.572029,1.857519016312525,-0.3165329131416916,-0.06124360345248102
387,2026-09-27T05:21:49.954+00:00,8.247,1790486509.9524462,1790486509.94424,1790486509.9511921,TEACHING_MODE,NORMAL,START_RECORDING,REACH_TARGET_POS_SUCCESSFULLY,0.17435839227423353,-0.5049062993094396,-1.1434000995665252,-0.548469717439218,1.1675554564141266,0.20535543978965282,-0.48619636972806035,0.33275899999999997,-0.09476699999999999,0.5747369999999999,1.8552326349924124,-0.3249977600138641,-0.058241637139050784
388,2026-09-27T05:21:49.974+00:00,8.266,1790486509.9700286,1790486509.9618208,1790486509.9701927,TEACHING_MODE,NORMAL,START_RECORDING,REACH_TARGET_POS_SUCCESSFULLY,0.17435839227423353,-0.49843112778454063,-1.1434000995665252,-0.5477366791533804,1.1675554564141266,0.20535543978965282,-0.48619636972806035,0.32989399999999997,-0.094637,0.5772689999999999,1.8546741296317744,-0.33295646140295826,-0.05667084081225588
389,2026-09-27T05:21:49.994+00:00,8.286,1790486509.9900825,1790486509.9795425,1790486509.9903243,TEACHING_MODE,NORMAL,START_RECORDING,REACH_TARGET_POS_SUCCESSFULLY,0.17435839227423353,-0.4902280803001673,-1.1434000995665252,-0.5479635719561398,1.1675554564141266,0.20535543978965282,-0.48619636972806035,0.326883,-0.095168,0.5794,1.8563670990062089,-0.3397108856081763,-0.05722934617289407
390,2026-09-27T05:21:50.014+00:00,8.306,1790486510.0103264,1790486510.0025337,1790486510.0105884,TEACHING_MODE,NORMAL,START_RECORDING,REACH_TARGET_POS_SUCCESSFULLY,0.17435839227423353,-0.4818330465980745,-1.1434000995665252,-0.5479635719561398,1.1675554564141266,0.20535543978965282,-0.48619636972806035,0.32326299999999997,-0.095831,0.581901,1.858478947401122,-0.3477219468748303,-0.05799729104377157
391,2026-09-27T05:21:50.034+00:00,8.326,1790486510.0301073,1790486510.0200944,1790486510.0303502,TEACHING_MODE,NORMAL,START_RECORDING,REACH_TARGET_POS_SUCCESSFULLY,0.17442820544431328,-0.47218137583454595,-1.1434000995665252,-0.5479635719561398,1.1675554564141266,0.20535543978965282,-0.48619636972806035,0.319241,-0.09654,0.58465,1.8607304221361949,-0.3566580326450412,-0.05878268920716902
392,2026-09-27T05:21:50.054+00:00,8.346,1790486510.0507438,1790486510.0402608,1790486510.0508797,TEACHING_MODE,NORMAL,START_RECORDING,REACH_TARGET_POS_SUCCESSFULLY,0.174829631172272,-0.46540949833680795,-1.1434000995665252,-0.5479635719561398,1.1675554564141266,0.20535543978965282,-0.48619636972806035,0.31509499999999996,-0.097192,0.587444,1.8630691633338672,-0.3658559178030514,-0.059341194567807204
393,2026-09-27T05:21:50.074+00:00,8.366,1790486510.0700946,1790486510.0598185,1790486510.070252,TEACHING_MODE,NORMAL,START_RECORDING,REACH_TARGET_POS_SUCCESSFULLY,0.17704619932230478,-0.4546931767295627,-1.1434000995665252,-0.5481555581738591,1.1675554564141266,0.20535543978965282,-0.48619636972806035,0.31211099999999997,-0.09724999999999999,0.589487,1.8649890255110608,-0.37266270188582923,-0.058398716771730266
394,2026-09-27T05:21:50.094+00:00,8.386,1790486510.0898824,1790486510.0793536,1790486510.0901284,TEACHING_MODE,NORMAL,START_RECORDING,REACH_TARGET_POS_SUCCESSFULLY,0.18006561892825498,-0.44298201744868076,-1.1434000995665252,-0.5481555581738591,1.1675554564141266,0.20535543978965282,-0.48619636972806035,0.30730199999999996,-0.097702,0.592677,1.8677815523142518,-0.38344883666315416,-0.05801474433629152
395,2026-09-27T05:21:50.114+00:00,8.406,1790486510.1105855,1790486510.0994296,1790486510.1109407,TEACHING_MODE,NORMAL,START_RECORDING,REACH_TARGET_POS_SUCCESSFULLY,0.18577284558227644,-0.430625086344561,-1.1434000995665252,-0.5480508384187395,1.1675554564141266,0.20535543978965282,-0.48619636972806035,0.30236799999999997,-0.097393,0.596051,1.8706962521650823,-0.3950552761889165,-0.054960418145301435
396,2026-09-27T05:21:50.134+00:00,8.427,1790486510.1300917,1790486510.1201696,1790486510.1302426,TEACHING_MODE,NORMAL,START_RECORDING,REACH_TARGET_POS_SUCCESSFULLY,0.19184659137921672,-0.4181285289002815,-1.1434000995665252,-0.5480508384187395,1.1675554564141266,0.20535543978965282,-0.48619636972806035,0.297327,-0.09669799999999999,0.599484,1.8738727514037121,-0.4071155013201973,-0.0503876555050763
397,2026-09-27T05:21:50.154+00:00,8.446,1790486510.1499505,1790486510.1393614,1790486510.150263,TEACHING_MODE,NORMAL,START_RECORDING,REACH_TARGET_POS_SUCCESSFULLY,0.1970825791351997,-0.4054225319457628,-1.1434000995665252,-0.5480508384187395,1.1675554564141266,0.20535543978965282,-0.48619636972806035,0.292083,-0.096063,0.602953,1.8771714236899812,-0.41954224559439696,-0.04574507969477138
398,2026-09-27T05:21:50.174+00:00,8.466,1790486510.1719403,1790486510.1594224,1790486510.1722035,TEACHING_MODE,NORMAL,START_RECORDING,REACH_TARGET_POS_SUCCESSFULLY,0.2034879374900189,-0.3928038014538438,-1.1434000995665252,-0.5480508384187395,1.1675554564141266,0.20535543978965282,-0.48619636972806035,0.286926,-0.09561599999999999,0.6062449999999999,1.880417736098691,-0.43160247072567776,-0.041643555952584704
399,2026-09-27T05:21:50.194+00:00,8.487,1790486510.1899686,1790486510.1796637,1790486510.190171,TEACHING_MODE,NORMAL,START_RECORDING,REACH_TARGET_POS_SUCCESSFULLY,0.21099285327359452,-0.38414696836395196,-1.1434000995665252,-0.5480508384187395,1.1675554564141266,0.20535543978965282,-0.48619636972806035,0.281617,-0.094943,0.6095929999999999,1.8838211281400796,-0.444133934754997,-0.03642502148912166
400,2026-09-27T05:21:50.214+00:00,8.506,1790486510.2099786,1790486510.1996007,1790486510.2102077,TEACHING_MODE,NORMAL,START_RECORDING,REACH_TARGET_POS_SUCCESSFULLY,0.21746802479849348,-0.37145842470195317,-1.1434000995665252,-0.5481730114663791,1.1675554564141266,0.20535543978965282,-0.48619636972806035,0.27852,-0.093488,0.611717,1.8860376962901124,-0.45223226248425075,-0.029269171555944908
401,2026-09-27T05:21:50.234+00:00,8.526,1790486510.230021,1790486510.221374,1790486510.2302113,TEACHING_MODE,NORMAL,START_RECORDING,REACH_TARGET_POS_SUCCESSFULLY,0.23012166187545235,-0.3581415625092364,-1.1434000995665252,-0.5482428246364588,1.1675554564141266,0.20535543978965282,-0.48619636972806035,0.273203,-0.092807,0.614916,1.8897028877193005,-0.4647113666360102,-0.02350958502436362
402,2026-09-27T05:21:50.254+00:00,8.547,1790486510.2500541,1790486510.2398422,1790486510.2501638,TEACHING_MODE,NORMAL,START_RECORDING,REACH_TARGET_POS_SUCCESSFULLY,0.24422392223156653,-0.34482470031651974,-1.1434000995665252,-0.5482428246364588,1.167433283366487,0.20535543978965282,-0.48619636972806035,0.268225,-0.090599,0.618155,1.8933506258559687,-0.47764425639328817,-0.011676252695842066
403,2026-09-27T05:21:50.274+00:00,8.566,1790486510.2710397,1790486510.2596366,1790486510.2712872,TEACHING_MODE,NORMAL,START_RECORDING,REACH_TARGET_POS_SUCCESSFULLY,0.2586403418530397,-0.33622022710418764,-1.1434000995665252,-0.5482428246364588,1.167433283366487,0.20535543978965282,-0.48619636972806035,0.26326299999999997,-0.088364,0.621308,1.896946004115077,-0.49052478627300633,0.0007330382858376184
404,2026-09-27T05:21:50.294+00:00,8.586,1790486510.290406,1790486510.2804756,1790486510.2907326,TEACHING_MODE,NORMAL,START_RECORDING,REACH_TARGET_POS_SUCCESSFULLY,0.27314402793711257,-0.3191509070196831,-1.1434000995665252,-0.5482428246364588,1.167433283366487,0.20535543978965282,-0.48619636972806035,0.25854699999999997,-0.086153,0.624244,1.9005239290816653,-0.5028817173771262,0.01350884841043611
405,2026-09-27T05:21:50.314+00:00,8.606,1790486510.3100564,1790486510.299559,1790486510.3102086,TEACHING_MODE,NORMAL,START_RECORDING,REACH_TARGET_POS_SUCCESSFULLY,0.28782224694638486,-0.3071255884734422,-1.1434000995665252,-0.5482428246364588,1.167433283366487,0.20535543978965282,-0.48619636972806035,0.253934,-0.084037,0.627037,1.9040669474632137,-0.5149593958009269,0.026389378290154263
406,2026-09-27T05:21:50.334+00:00,8.626,1790486510.3301241,1790486510.3201482,1790486510.330316,TEACHING_MODE,NORMAL,START_RECORDING,REACH_TARGET_POS_SUCCESSFULLY,0.3034603970442541,-0.2991145272067882,-1.1434000995665252,-0.5485395306092978,1.167433283366487,0.20535543978965282,-0.48619636972806035,0.24945099999999998,-0.081984,0.629686,1.9075750592597225,-0.5267054616668488,0.039461894387591796
407,2026-09-27T05:21:50.354+00:00,8.646,1790486510.3500462,1790486510.339733,1790486510.3502095,TEACHING_MODE,NORMAL,START_RECORDING,REACH_TARGET_POS_SUCCESSFULLY,0.3146130509644978,-0.2881538595042638,-1.1434000995665252,-0.5496565413305743,1.167433283366487,0.20535543978965282,-0.48619636972806035,0.24733899999999998,-0.07919999999999999,0.631123,1.9104373992329933,-0.533390072701987,0.05398303376418461
408,2026-09-27T05:21:50.374+00:00,8.666,1790486510.36989,1790486510.3596594,1790486510.3701313,TEACHING_MODE,NORMAL,START_RECORDING,REACH_TARGET_POS_SUCCESSFULLY,0.3315252914163229,-0.2777691504548976,-1.1434000995665252,-0.5508957250994901,1.167433283366487,0.20535543978965282,-0.48619636972806035,0.243222,-0.078307,0.6331979999999999,1.9145912828527398,-0.543251182975755,0.06279694648675598
409,2026-09-27T05:21:50.394+00:00,8.686,1790486510.3902805,1790486510.3818963,1790486510.3905077,TEACHING_MODE,NORMAL,START_RECORDING,REACH_TARGET_POS_SUCCESSFULLY,0.34808846601774907,-0.2685887185894074,-1.1434000995665252,-0.5536184387326014,1.167433283366487,0.20535543978965282,-0.48619636972806035,0.239948,-0.07611899999999999,0.634987,1.9188673395201257,-0.5520650956983264,0.07700392659798982
410,2026-09-27T05:21:50.414+00:00,8.706,1790486510.4101007,1790486510.3994656,1790486510.4102821,TEACHING_MODE,NORMAL,START_RECORDING,REACH_TARGET_POS_SUCCESSFULLY,0.3638662424557778,-0.2601762315947947,-1.1434000995665252,-0.5579817618625872,1.1673111103188476,0.20535543978965282,-0.48619636972806035,0.23727199999999998,-0.074325,0.636208,1.9245047530040675,-0.5588195199035444,0.08960520379738889
411,2026-09-27T05:21:50.434+00:00,8.726,1790486510.4308364,1790486510.4199114,1790486510.4311037,TEACHING_MODE,NORMAL,START_RECORDING,REACH_TARGET_POS_SUCCESSFULLY,0.3789982470705687,-0.25220007691318064,-1.1434000995665252,-0.5618214862169747,1.1673111103188476,0.20535543978965282,-0.48619636972806035,0.235236,-0.07289999999999999,0.6368929999999999,1.9311370041616458,-0.5634446424213294,0.1003738852821939
412,2026-09-27T05:21:50.454+00:00,8.746,1790486510.449943,1790486510.440369,1790486510.4501705,TEACHING_MODE,NORMAL,START_RECORDING,REACH_TARGET_POS_SUCCESSFULLY,0.39379863912748053,-0.24630086404143978,-1.1434000995665252,-0.5723981814840603,1.1673111103188476,0.20535543978965282,-0.48619636972806035,0.233712,-0.071921,0.637038,1.9395843977412983,-0.5661499027619207,0.10927506446736497
413,2026-09-27T05:21:50.474+00:00,8.766,1790486510.469897,1790486510.4596117,1790486510.4701152,TEACHING_MODE,NORMAL,START_RECORDING,REACH_TARGET_POS_SUCCESSFULLY,0.408145245578874,-0.24209462054413347,-1.1434000995665252,-0.5825036378531074,1.1673111103188476,0.20535543978965282,-0.48619636972806035,0.233011,-0.071154,0.6365649999999999,1.9492186152123072,-0.56634188897964,0.11667526049582094
414,2026-09-27T05:21:50.494+00:00,8.786,1790486510.4903655,1790486510.4794562,1790486510.4906075,TEACHING_MODE,NORMAL,START_RECORDING,REACH_TARGET_POS_SUCCESSFULLY,0.4173954906144439,-0.2379930968019468,-1.1434000995665252,-0.590043460221723,1.1673111103188476,0.20535543978965282,-0.48619636972806035,0.23327199999999998,-0.07046,0.635423,1.9599523901120721,-0.5637413483941683,0.12285372604788086
415,2026-09-27T05:21:50.514+00:00,8.806,1790486510.5101151,1790486510.5003266,1790486510.510312,TEACHING_MODE,NORMAL,START_RECORDING,REACH_TARGET_POS_SUCCESSFULLY,0.430310927079202,-0.23495622390347665,-1.1434000995665252,-0.6027669104687616,1.1673111103188476,0.20535543978965282,-0.48619636972806035,0.23357999999999998,-0.070216,0.634475,1.9676841986984073,-0.5613153407338963,0.12596041211643078
416,2026-09-27T05:21:50.534+00:00,8.826,1790486510.5299013,1790486510.520103,1790486510.5301194,TEACHING_MODE,NORMAL,START_RECORDING,REACH_TARGET_POS_SUCCESSFULLY,0.4426853114758418,-0.23300145514124299,-1.1434000995665252,-0.617130970212675,1.1673111103188476,0.20535543978965282,-0.48619636972806035,0.23499799999999998,-0.06984599999999999,0.6324139999999999,1.9799189567548874,-0.5549099823790772,0.1294336173278995
417,2026-09-27T05:21:50.554+00:00,8.846,1790486510.550315,1790486510.5407963,1790486510.5505228,TEACHING_MODE,NORMAL,START_RECORDING,REACH_TARGET_POS_SUCCESSFULLY,0.4544139240492437,-0.23169245820224726,-1.1434000995665252,-0.6328912933581838,1.1673111103188476,0.20535543978965282,-0.48619636972806035,0.236927,-0.06962499999999999,0.629888,1.992956566267285,-0.546654575017144,0.13166763877045223
418,2026-09-27T05:21:50.574+00:00,8.866,1790486510.5699248,1790486510.5596738,1790486510.5701315,TEACHING_MODE,NORMAL,START_RECORDING,REACH_TARGET_POS_SUCCESSFULLY,0.4616570404450201,-0.2316750049097273,-1.1434000995665252,-0.6501002397828478,1.1673111103188476,0.20535543978965282,-0.48619636972806035,0.239317,-0.06955599999999999,0.626903,2.0067097607730005,-0.5366014785256566,0.13264502315156906
419,2026-09-27T05:21:50.594+00:00,8.886,1790486510.5917094,1790486510.5794895,1790486510.5919564,TEACHING_MODE,NORMAL,START_RECORDING,REACH_TARGET_POS_SUCCESSFULLY,0.4746422900798579,-0.2317448180798071,-1.1434000995665252,-0.6689672489969066,1.1673111103188476,0.20535543978965282,-0.48619636972806035,0.242175,-0.06973599999999999,0.623406,2.0211436336869935,-0.5245587066868957,0.1318945315732115
420,2026-09-27T05:21:50.614+00:00,8.906,1790486510.6099446,1790486510.60085,1790486510.6101446,TEACHING_MODE,NORMAL,START_RECORDING,REACH_TARGET_POS_SUCCESSFULLY,0.48284533756423126,-0.2317448180798071,-1.1434000995665252,-0.6895795874629596,1.1673111103188476,0.20535543978965282,-0.48619636972806035,0.245159,-0.070395,0.619471,2.0367643304923426,-0.5110498582764597,0.12908455147750061
421,2026-09-27T05:21:50.634+00:00,8.926,1790486510.6299887,1790486510.6195543,1790486510.6302357,TEACHING_MODE,NORMAL,START_RECORDING,REACH_TARGET_POS_SUCCESSFULLY,0.48734828703437666,-0.2317448180798071,-1.1434000995665252,-0.703891287329313,1.1673111103188476,0.20535543978965282,-0.48619636972806035,0.248157,-0.0715,0.615174,2.0532576919236893,-0.4964065458522272,0.12451178883727547
422,2026-09-27T05:21:50.654+00:00,8.946,1790486510.65063,1790486510.6395235,1790486510.6509159,TEACHING_MODE,NORMAL,START_RECORDING,REACH_TARGET_POS_SUCCESSFULLY,0.49340457953879696,-0.2317448180798071,-1.1434000995665252,-0.7257777161493221,1.1673111103188476,0.20535543978965282,-0.48619636972806035,0.250936,-0.07347999999999999,0.610646,2.069960492865275,-0.481065101727197,0.11646582098558161
423,2026-09-27T05:21:50.674+00:00,8.966,1790486510.6700962,1790486510.6611283,1790486510.6702216,TEACHING_MODE,NORMAL,START_RECORDING,REACH_TARGET_POS_SUCCESSFULLY,0.4979424355939822,-0.23177972466484698,-1.1434000995665252,-0.74794339764965,1.1673111103188476,0.20535543978965282,-0.48619636972806035,0.252965,-0.074139,0.607536,2.081078240200479,-0.4705931262152311,0.11377801393751034
424,2026-09-27T05:21:50.694+00:00,8.986,1790486510.6899998,1790486510.6798656,1790486510.690458,TEACHING_MODE,NORMAL,START_RECORDING,REACH_TARGET_POS_SUCCESSFULLY,0.5016076270231703,-0.23198916417508628,-1.1434000995665252,-0.7700218126873782,1.1673111103188476,0.20535543978965282,-0.48619636972806035,0.25571,-0.076027,0.60277,2.0974843351692254,-0.45458845697444306,0.10620328498385495
425,2026-09-27T05:21:50.714+00:00,9.006,1790486510.7104547,1790486510.6998212,1790486510.7106853,TEACHING_MODE,NORMAL,START_RECORDING,REACH_TARGET_POS_SUCCESSFULLY,0.5024453850641276,-0.2331236281888826,-1.1434000995665252,-0.7910530301739099,1.1673111103188476,0.20535543978965282,-0.48619636972806035,0.258324,-0.078147,0.59795,2.1132097517296944,-0.43840925480845566,0.09765117164908273
426,2026-09-27T05:21:50.734+00:00,9.026,1790486510.729972,1790486510.7200933,1790486510.730184,TEACHING_MODE,NORMAL,START_RECORDING,REACH_TARGET_POS_SUCCESSFULLY,0.5020614126286889,-0.23554963584915473,-1.1434000995665252,-0.8100596657281283,1.1673111103188476,0.20535543978965282,-0.48619636972806035,0.261116,-0.080376,0.593069,2.1269803995279295,-0.4217064538668699,0.08779006137531478
427,2026-09-27T05:21:50.754+00:00,9.046,1790486510.7499251,1790486510.73947,1790486510.7501452,TEACHING_MODE,NORMAL,START_RECORDING,REACH_TARGET_POS_SUCCESSFULLY,0.5018519731184495,-0.2382723494822659,-1.1434000995665252,-0.8267101067921542,1.1673111103188476,0.20535543978965282,-0.48619636972806035,0.263918,-0.08224999999999999,0.588437,2.138534479176132,-0.4056494247485221,0.07885397560510381
428,2026-09-27T05:21:50.774+00:00,9.066,1790486510.7701912,1790486510.7608669,1790486510.7703998,TEACHING_MODE,NORMAL,START_RECORDING,REACH_TARGET_POS_SUCCESSFULLY,0.5013109210503313,-0.24431118869416626,-1.1434000995665252,-0.8355589260997653,1.1673111103188476,0.2051460002794135,-0.48619636972806035,0.267312,-0.083204,0.583938,2.146859699708145,-0.38947022258253466,0.07197737835224614
429,2026-09-27T05:21:50.794+00:00,9.086,1790486510.7901585,1790486510.7807097,1790486510.7903001,TEACHING_MODE,NORMAL,START_RECORDING,REACH_TARGET_POS_SUCCESSFULLY,0.4993386989955777,-0.2524269697159399,-1.1434000995665252,-0.8447393579652555,1.1673111103188476,0.2051460002794135,-0.48619636972806035,0.26989799999999997,-0.08408,0.580575,2.152165500634208,-0.3771481980634547,0.06564183316750674
430,2026-09-27T05:21:50.814+00:00,9.107,1790486510.810693,1790486510.800387,1790486510.810973,TEACHING_MODE,NORMAL,START_RECORDING,REACH_TARGET_POS_SUCCESSFULLY,0.4982216882743013,-0.26289894522790586,-1.1434000995665252,-0.8487536152448425,1.1673111103188476,0.2051460002794135,-0.48619636972806035,0.273819,-0.082856,0.577695,2.150996130035372,-0.365349772319973,0.06443755598363066
431,2026-09-27T05:21:50.834+00:00,9.126,1790486510.829974,1790486510.8215053,1790486510.8302212,TEACHING_MODE,NORMAL,START_RECORDING,REACH_TARGET_POS_SUCCESSFULLY,0.4979773421790221,-0.27567475535250435,-1.1434000995665252,-0.8488234284149222,1.1673111103188476,0.2051460002794135,-0.48619636972806035,0.278118,-0.08118299999999999,0.574946,2.1475927379939828,-0.35372587950169077,0.06391395720803235
432,2026-09-27T05:21:50.854+00:00,9.146,1790486510.8499758,1790486510.8407722,1790486510.8501918,TEACHING_MODE,NORMAL,START_RECORDING,REACH_TARGET_POS_SUCCESSFULLY,0.4963367326821474,-0.290248254606657,-1.1434000995665252,-0.8487012553672827,1.1673111103188476,0.2051460002794135,-0.48619636972806035,0.28326,-0.07840899999999999,0.572178,2.141396819149403,-0.3416132944928501,0.06581636609270616
433,2026-09-27T05:21:50.874+00:00,9.167,1790486510.8704855,1790486510.8600087,1790486510.8707185,TEACHING_MODE,NORMAL,START_RECORDING,REACH_TARGET_POS_SUCCESSFULLY,0.49260172808287955,-0.30731757469116155,-1.1434000995665252,-0.8487012553672827,1.1673111103188476,0.2051460002794135,-0.48619636972806035,0.288964,-0.07593899999999999,0.568848,2.1345202218965453,-0.3275284874292559,0.06551966011986714
434,2026-09-27T05:21:50.894+00:00,9.186,1790486510.8899722,1790486510.8802752,1790486510.8901985,TEACHING_MODE,NORMAL,START_RECORDING,REACH_TARGET_POS_SUCCESSFULLY,0.48794169898005474,-0.3252246528166234,-1.1434000995665252,-0.848596535612163,1.1673111103188476,0.2051460002794135,-0.48619636972806035,0.29516899999999996,-0.073659,0.565022,2.12696294623541,-0.31183797745382685,0.06372197099031297
435,2026-09-27T05:21:50.914+00:00,9.206,1790486510.9100142,1790486510.9003391,1790486510.9102385,TEACHING_MODE,NORMAL,START_RECORDING,REACH_TARGET_POS_SUCCESSFULLY,0.48452085364614583,-0.3371627049002646,-1.1434000995665252,-0.8480729368365647,1.1673111103188476,0.2051460002794135,-0.48619636972806035,0.301579,-0.071447,0.560918,2.1190915113089153,-0.29551914894767983,0.06141813637768046
436,2026-09-27T05:21:50.934+00:00,9.226,1790486510.9306731,1790486510.92092,1790486510.9309204,TEACHING_MODE,NORMAL,START_RECORDING,REACH_TARGET_POS_SUCCESSFULLY,0.4770159378625702,-0.3561867937470028,-1.1434000995665252,-0.8479158572038852,1.1673111103188476,0.2051460002794135,-0.48619636972806035,0.305579,-0.071045,0.558206,2.1134890044100136,-0.28494245368059423,0.05644394800949662
437,2026-09-27T05:21:50.954+00:00,9.246,1790486510.949959,1790486510.9401503,1790486510.9501562,TEACHING_MODE,NORMAL,START_RECORDING,REACH_TARGET_POS_SUCCESSFULLY,0.46739917368408146,-0.3757693879543792,-1.1434000995665252,-0.8475842446460063,1.1673111103188476,0.2051460002794135,-0.48619636972806035,0.312338,-0.069048,0.553563,2.1052161437555603,-0.26745425457561106,0.05319763560078716
438,2026-09-27T05:21:50.974+00:00,9.266,1790486510.9699495,1790486510.9597795,1790486510.97015,TEACHING_MODE,NORMAL,START_RECORDING,REACH_TARGET_POS_SUCCESSFULLY,0.45521677550516104,-0.39648644617555184,-1.1434000995665252,-0.8469035662377284,1.1676078162916865,0.2051460002794135,-0.48619636972806035,0.319022,-0.068553,0.5486,2.0965942172507086,-0.24939009681746974,0.04506440128649359
439,2026-09-27T05:21:50.994+00:00,9.286,1790486510.9901304,1790486510.980944,1790486510.99029,TEACHING_MODE,NORMAL,START_RECORDING,REACH_TARGET_POS_SUCCESSFULLY,0.44148103429196567,-0.4104839867765464,-1.1434000995665252,-0.8457341956388923,1.1682186815298845,0.2051460002794135,-0.48619636972806035,0.325695,-0.06876299999999999,0.543424,2.0877104913580573,-0.23116885942664897,0.035028758087526195
440,2026-09-27T05:21:51.014+00:00,9.306,1790486511.0101385,1790486511.0002482,1790486511.0103285,TEACHING_MODE,NORMAL,START_RECORDING,REACH_TARGET_POS_SUCCESSFULLY,0.4261046835818956,-0.43837434822341576,-1.1434000995665252,-0.8435001741963395,1.1718664196665527,0.2051460002794135,-0.48619636972806035,0.332325,-0.069599,0.538126,2.078844218757926,-0.21338395434882673,0.02368411794956305
441,2026-09-27T05:21:51.034+00:00,9.326,1790486511.030537,1790486511.0203314,1790486511.030889,TEACHING_MODE,NORMAL,START_RECORDING,REACH_TARGET_POS_SUCCESSFULLY,0.4085641245993526,-0.4589517801044289,-1.1434000995665252,-0.8398175294746315,1.1791095360623294,0.2051460002794135,-0.48619636972806035,0.33866599999999997,-0.07110799999999999,0.532934,2.073014819056265,-0.1983741227816755,0.012322024519079966
442,2026-09-27T05:21:51.054+00:00,9.346,1790486511.0501566,1790486511.0425763,1790486511.0503633,TEACHING_MODE,NORMAL,START_RECORDING,REACH_TARGET_POS_SUCCESSFULLY,0.388126319058499,-0.4726875213176243,-1.1434000995665252,-0.8347037147662881,1.1891626325538165,0.2051460002794135,-0.48619636972806035,0.344754,-0.07345399999999999,0.527868,2.068930748606598,-0.1855634060720371,0.00015707963267948968
443,2026-09-27T05:21:51.074+00:00,9.366,1790486511.0699515,1790486511.0603566,1790486511.070524,TEACHING_MODE,NORMAL,START_RECORDING,REACH_TARGET_POS_SUCCESSFULLY,0.3734131934641868,-0.49207812930728123,-1.1434000995665252,-0.8304625646839419,1.197051520772831,0.2051460002794135,-0.48619636972806035,0.348034,-0.077794,0.525019,2.068791122266439,-0.18118262964953136,-0.013805554383275147
444,2026-09-27T05:21:51.094+00:00,9.386,1790486511.090346,1790486511.0799246,1790486511.0905924,TEACHING_MODE,NORMAL,START_RECORDING,REACH_TARGET_POS_SUCCESSFULLY,0.34972907551462373,-0.5094441553646248,-1.1434000995665252,-0.8222769704920885,1.2116075667344637,0.2051460002794135,-0.48619636972806035,0.353609,-0.079618,0.5203369999999999,2.069681240184956,-0.17263051631475915,-0.020978857608971842
445,2026-09-27T05:21:51.114+00:00,9.406,1790486511.110078,1790486511.1002908,1790486511.110242,TEACHING_MODE,NORMAL,START_RECORDING,REACH_TARGET_POS_SUCCESSFULLY,0.32487558696622454,-0.5248205060746949,-1.1434000995665252,-0.8125380332659601,1.2291481257170065,0.2051460002794135,-0.48619636972806035,0.357638,-0.084516,0.516983,2.0670283397219245,-0.16727235551113653,-0.03605850234620284
446,2026-09-27T05:21:51.134+00:00,9.426,1790486511.1299436,1790486511.1202044,1790486511.1301525,TEACHING_MODE,NORMAL,START_RECORDING,REACH_TARGET_POS_SUCCESSFULLY,0.29942868647214715,-0.5336693253823062,-1.1434000995665252,-0.8012282997130369,1.248381654073984,0.2051460002794135,-0.48619636972806035,0.360817,-0.08992,0.514463,2.0703793718857537,-0.16797048721193428,-0.048939032225921004
447,2026-09-27T05:21:51.154+00:00,9.446,1790486511.1504545,1790486511.1411512,1790486511.1506555,TEACHING_MODE,NORMAL,START_RECORDING,REACH_TARGET_POS_SUCCESSFULLY,0.27413886561074935,-0.5487140635344973,-1.1434000995665252,-0.7930427055211835,1.268383127301839,0.2051460002794135,-0.48619636972806035,0.36314599999999997,-0.095612,0.512771,2.0749870411110187,-0.1718800247364016,-0.06098180406468188
448,2026-09-27T05:21:51.174+00:00,9.466,1790486511.1699228,1790486511.160609,1790486511.1701612,TEACHING_MODE,NORMAL,START_RECORDING,REACH_TARGET_POS_SUCCESSFULLY,0.24916320401471048,-0.5575279762570686,-1.1434000995665252,-0.7746120286201233,1.287826095169056,0.2051460002794135,-0.48619636972806035,0.364573,-0.10137199999999999,0.512092,2.079786696554003,-0.17900096808453844,-0.07192501847468633
449,2026-09-27T05:21:51.194+00:00,9.486,1790486511.1901417,1790486511.1814942,1790486511.1903086,TEACHING_MODE,NORMAL,START_RECORDING,REACH_TARGET_POS_SUCCESSFULLY,0.22547908606514744,-0.5616993131693351,-1.1434000995665252,-0.7596196503454921,1.3061520523149965,0.2051460002794135,-0.48619636972806035,0.36524599999999996,-0.107014,0.512267,2.0839231268812295,-0.18828611970514827,-0.08183848862601412
450,2026-09-27T05:21:51.214+00:00,9.506,1790486511.2101984,1790486511.2001896,1790486511.2103996,TEACHING_MODE,NORMAL,START_RECORDING,REACH_TARGET_POS_SUCCESSFULLY,0.21116738619879394,-0.566638594952479,-1.1434000995665252,-0.7492523945886458,1.3171127200175208,0.20523326674201323,-0.48619636972806035,0.36443,-0.11223599999999999,0.51406,2.0876057716029375,-0.20160298189786502,-0.08979719001510826
451,2026-09-27T05:21:51.234+00:00,9.526,1790486511.229874,1790486511.221203,1790486511.2301168,TEACHING_MODE,NORMAL,START_RECORDING,REACH_TARGET_POS_SUCCESSFULLY,0.1914800722362979,-0.568506097252113,-1.1434000995665252,-0.733143005592738,1.3303772223326777,0.20523326674201323,-0.48619636972806035,0.364621,-0.115033,0.5147349999999999,2.0916374821750443,-0.21020745511019706,-0.09260717011081912
452,2026-09-27T05:21:51.254+00:00,9.546,1790486511.2500844,1790486511.2396894,1790486511.2503343,TEACHING_MODE,NORMAL,START_RECORDING,REACH_TARGET_POS_SUCCESSFULLY,0.1742711258116338,-0.5690122427351914,-1.1434000995665252,-0.7163703914810726,1.3402557858989657,0.20523326674201323,-0.48619636972806035,0.363203,-0.11882799999999999,0.5176,2.08697745307222,-0.22200588085367873,-0.09882054224791893
453,2026-09-27T05:21:51.274+00:00,9.566,1790486511.2700906,1790486511.260206,1790486511.2702928,TEACHING_MODE,NORMAL,START_RECORDING,REACH_TARGET_POS_SUCCESSFULLY,0.15929620082952248,-0.5687504433473922,-1.1434000995665252,-0.698986912131209,1.3472021963219032,0.20523326674201323,-0.48619636972806035,0.361527,-0.121656,0.5210089999999999,2.0830330089627123,-0.2357939819444339,-0.10175269539126941
454,2026-09-27T05:21:51.294+00:00,9.586,1790486511.2902484,1790486511.2800896,1790486511.2905035,TEACHING_MODE,NORMAL,START_RECORDING,REACH_TARGET_POS_SUCCESSFULLY,0.15048228810695108,-0.5680697649391144,-1.1434000995665252,-0.6810972872982671,1.3517225990845685,0.20523326674201323,-0.48619636972806035,0.359863,-0.12358699999999999,0.524697,2.0765229308527733,-0.24918065730723044,-0.10278243964994607
455,2026-09-27T05:21:51.314+00:00,9.606,1790486511.311505,1790486511.3006146,1790486511.311703,TEACHING_MODE,NORMAL,START_RECORDING,REACH_TARGET_POS_SUCCESSFULLY,0.1373050522543939,-0.5673018200682368,-1.1434000995665252,-0.6632600223428852,1.352734890050725,0.20523326674201323,-0.48619636972806035,0.35823099999999997,-0.12449199999999999,0.528629,2.0679359109329614,-0.2621833602345882,-0.1015083492959902
456,2026-09-27T05:21:51.334+00:00,9.626,1790486511.3304539,1790486511.321772,1790486511.3305852,TEACHING_MODE,NORMAL,START_RECORDING,REACH_TARGET_POS_SUCCESSFULLY,0.13079497414445504,-0.5660800895918408,-1.1434000995665252,-0.6450736915371043,1.352734890050725,0.20523326674201323,-0.48619636972806035,0.35691,-0.12414499999999999,0.532602,2.05613748518948,-0.273632720127671,-0.09782570457428218
457,2026-09-27T05:21:51.354+00:00,9.646,1790486511.3500397,1790486511.3394644,1790486511.3502147,TEACHING_MODE,NORMAL,START_RECORDING,REACH_TARGET_POS_SUCCESSFULLY,0.12842132636174278,-0.5652074249658436,-1.1434000995665252,-0.6328563867731438,1.352734890050725,0.20523326674201323,-0.48619636972806035,0.35593199999999997,-0.122704,0.536538,2.0439725403030793,-0.28494245368059423,-0.09105382707654418
458,2026-09-27T05:21:51.374+00:00,9.666,1790486511.3702831,1790486511.3637452,1790486511.3705146,TEACHING_MODE,NORMAL,START_RECORDING,REACH_TARGET_POS_SUCCESSFULLY,0.12618730491919003,-0.5638286148567682,-1.1434000995665252,-0.6142337236543643,1.352734890050725,0.20523326674201323,-0.48619636972806035,0.35505,-0.119847,0.540791,2.03137126310368,-0.2971423051520346,-0.08012806595905968
459,2026-09-27T05:21:51.394+00:00,9.686,1790486511.3899782,1790486511.3796751,1790486511.3902256,TEACHING_MODE,NORMAL,START_RECORDING,REACH_TARGET_POS_SUCCESSFULLY,0.1254542666333524,-0.5627465107205317,-1.1434000995665252,-0.5964662718690622,1.352734890050725,0.20523326674201323,-0.48619636972806035,0.35456,-0.11820399999999999,0.5433479999999999,2.0229936826941075,-0.3044726880104108,-0.0736528944341607
460,2026-09-27T05:21:51.414+00:00,9.706,1790486511.4105542,1790486511.3998575,1790486511.4109306,TEACHING_MODE,NORMAL,START_RECORDING,REACH_TARGET_POS_SUCCESSFULLY,0.1254542666333524,-0.5627814173055715,-1.1434000995665252,-0.5801125367778752,1.352734890050725,0.20523326674201323,-0.48619636972806035,0.354016,-0.11495799999999999,0.547048,2.010863644392747,-0.3150668365700164,-0.061802108813119205
461,2026-09-27T05:21:51.434+00:00,9.726,1790486511.430153,1790486511.421595,1790486511.430311,TEACHING_MODE,NORMAL,START_RECORDING,REACH_TARGET_POS_SUCCESSFULLY,0.1254542666333524,-0.5626592442579319,-1.1434000995665252,-0.5655739441087625,1.352734890050725,0.20523326674201323,-0.48619636972806035,0.35384299999999996,-0.111844,0.55008,1.9995539108398237,-0.32370621636738833,-0.05061454830783556
462,2026-09-27T05:21:51.454+00:00,9.746,1790486511.4501836,1790486511.4394133,1790486511.4503868,TEACHING_MODE,NORMAL,START_RECORDING,REACH_TARGET_POS_SUCCESSFULLY,0.1255240798034322,-0.5625370712102924,-1.1434000995665252,-0.5529726669093634,1.352734890050725,0.20523326674201323,-0.48619636972806035,0.353616,-0.109042,0.552765,1.9894484544707767,-0.33135075849112344,-0.04052654523130833
463,2026-09-27T05:21:51.474+00:00,9.766,1790486511.4715884,1790486511.45978,1790486511.4718783,TEACHING_MODE,NORMAL,START_RECORDING,REACH_TARGET_POS_SUCCESSFULLY,0.1255240798034322,-0.5624323514551727,-1.1434000995665252,-0.5422214387170784,1.3525952637105656,0.20523326674201323,-0.48619636972806035,0.353373,-0.10664499999999999,0.555051,1.980704354918285,-0.33784338330854236,-0.03185225884889652
464,2026-09-27T05:21:51.494+00:00,9.786,1790486511.4901311,1790486511.4794598,1790486511.4902143,TEACHING_MODE,NORMAL,START_RECORDING,REACH_TARGET_POS_SUCCESSFULLY,0.1255240798034322,-0.5616644065842952,-1.1434000995665252,-0.5360429731650185,1.3522461978601668,0.20523326674201323,-0.48619636972806035,0.352956,-0.104601,0.557147,1.97302490620951,-0.3436902363027234,-0.024486969405480445
465,2026-09-27T05:21:51.514+00:00,9.806,1790486511.5102806,1790486511.499669,1790486511.510512,TEACHING_MODE,NORMAL,START_RECORDING,REACH_TARGET_POS_SUCCESSFULLY,0.1254542666333524,-0.5603379563527796,-1.1434000995665252,-0.5280493651908844,1.3520367583499275,0.20523326674201323,-0.48619636972806035,0.35264399999999996,-0.10291299999999999,0.558812,1.9665497346846108,-0.34826299894294854,-0.018465583486100008
466,2026-09-27T05:21:51.534+00:00,9.826,1790486511.5313008,1790486511.5252256,1790486511.5314791,TEACHING_MODE,NORMAL,START_RECORDING,REACH_TARGET_POS_SUCCESSFULLY,0.1254542666333524,-0.5578595888149476,-1.1434000995665252,-0.5215392870809455,1.3516353326219686,0.20523326674201323,-0.48619636972806035,0.35161699999999996,-0.102043,0.5604549999999999,1.9631463426432219,-0.3529753879233332,-0.015009831567151233
467,2026-09-27T05:21:51.554+00:00,9.846,1790486511.5501542,1790486511.5399446,1790486511.5503294,TEACHING_MODE,NORMAL,START_RECORDING,REACH_TARGET_POS_SUCCESSFULLY,0.12540190675579257,-0.554334023725919,-1.1434000995665252,-0.5160240466446434,1.3510768272613305,0.20523326674201323,-0.48619636972806035,0.350504,-0.100932,0.562336,1.9584165003703173,-0.35810665592419655,-0.010890854532444616
468,2026-09-27T05:21:51.574+00:00,9.866,1790486511.5708911,1790486511.5601785,1790486511.571154,TEACHING_MODE,NORMAL,START_RECORDING,REACH_TARGET_POS_SUCCESSFULLY,0.12540190675579257,-0.549394741942775,-1.1434000995665252,-0.5119574294874967,1.3506579482408518,0.20523326674201323,-0.48619636972806035,0.34852299999999997,-0.100091,0.564765,1.9545767760159298,-0.36496579988453426,-0.007400196028455957
469,2026-09-27T05:21:51.594+00:00,9.886,1790486511.5905452,1790486511.579976,1790486511.5907772,TEACHING_MODE,NORMAL,START_RECORDING,REACH_TARGET_POS_SUCCESSFULLY,0.12540190675579257,-0.542326158472198,-1.1434000995665252,-0.5096710481673842,1.3506579482408518,0.20523326674201323,-0.48619636972806035,0.34624499999999997,-0.099622,0.567128,1.9524474743284967,-0.3718598504299119,-0.004991641660703783
470,2026-09-27T05:21:51.614+00:00,9.906,1790486511.610164,1790486511.5995128,1790486511.6103556,TEACHING_MODE,NORMAL,START_RECORDING,REACH_TARGET_POS_SUCCESSFULLY,0.12547171992587236,-0.5342278307429443,-1.1434000995665252,-0.5079955320854695,1.350605588363292,0.20523326674201323,-0.48619636972806035,0.342836,-0.09946999999999999,0.570183,1.95145263665486,-0.38095301583280233,-0.0033161255787892262
471,2026-09-27T05:21:51.634+00:00,9.926,1790486511.6318955,1790486511.621687,1790486511.6321402,TEACHING_MODE,NORMAL,START_RECORDING,REACH_TARGET_POS_SUCCESSFULLY,0.1254891732183923,-0.5274035933676465,-1.1434000995665252,-0.5082224248882288,1.350605588363292,0.20523326674201323,-0.48619636972806035,0.339018,-0.099934,0.5730879999999999,1.9526045539611763,-0.38980183514041356,-0.0037175513067479217
472,2026-09-27T05:21:51.654+00:00,9.946,1790486511.6500328,1790486511.6396043,1790486511.650228,TEACHING_MODE,NORMAL,START_RECORDING,REACH_TARGET_POS_SUCCESSFULLY,0.12575097260619145,-0.516791991515521,-1.1434000995665252,-0.5085714907386277,1.350605588363292,0.20523326674201323,-0.48619636972806035,0.33605199999999996,-0.10034699999999999,0.575229,1.9540182706552918,-0.39639917971295213,-0.004276056667386108
473,2026-09-27T05:21:51.674+00:00,9.966,1790486511.6699953,1790486511.659957,1790486511.670221,TEACHING_MODE,NORMAL,START_RECORDING,REACH_TARGET_POS_SUCCESSFULLY,0.12658873064714873,-0.5052902717448784,-1.1434000995665252,-0.5085714907386277,1.350605588363292,0.20523326674201323,-0.48619636972806035,0.331277,-0.100919,0.578724,1.9555890669820863,-0.4072900342453968,-0.004782202150464463
474,2026-09-27T05:21:51.694+00:00,9.986,1790486511.6899107,1790486511.6803966,1790486511.6901295,TEACHING_MODE,NORMAL,START_RECORDING,REACH_TARGET_POS_SUCCESSFULLY,0.12664109052470857,-0.4929682472257984,-1.1434000995665252,-0.5085714907386277,1.350605588363292,0.20523326674201323,-0.48619636972806035,0.326144,-0.101265,0.582457,1.9572994896490408,-0.4191059132813984,-0.0045029494701453706
475,2026-09-27T05:21:51.714+00:00,10.006,1790486511.7099497,1790486511.6995645,1790486511.710189,TEACHING_MODE,NORMAL,START_RECORDING,REACH_TARGET_POS_SUCCESSFULLY,0.12667599710974844,-0.4804542364889991,-1.1434000995665252,-0.5085714907386277,1.350605588363292,0.20523326674201323,-0.48619636972806035,0.320699,-0.102019,0.58623,1.9590622721935553,-0.43125340487527886,-0.005427973973702365
476,2026-09-27T05:21:51.734+00:00,10.026,1790486511.7309172,1790486511.7195165,1790486511.7311761,TEACHING_MODE,NORMAL,START_RECORDING,REACH_TARGET_POS_SUCCESSFULLY,0.12746139527314587,-0.4678180527045601,-1.1434000995665252,-0.508815836833907,1.350605588363292,0.20523326674201323,-0.48619636972806035,0.31502399999999997,-0.1027,0.5900759999999999,1.960982134370749,-0.443854682074678,-0.0060737457969402674
477,2026-09-27T05:21:51.754+00:00,10.046,1790486511.7499232,1790486511.7399678,1790486511.750156,TEACHING_MODE,NORMAL,START_RECORDING,REACH_TARGET_POS_SUCCESSFULLY,0.1330289955870078,-0.454605910266963,-1.1434000995665252,-0.5108753253512602,1.350605588363292,0.20523326674201323,-0.48619636972806035,0.309579,-0.10308099999999999,0.59361,1.9638444743440195,-0.45575782757327926,-0.005916666164260778
478,2026-09-27T05:21:51.774+00:00,10.066,1790486511.7700148,1790486511.7609258,1790486511.77019,TEACHING_MODE,NORMAL,START_RECORDING,REACH_TARGET_POS_SUCCESSFULLY,0.1381428102953512,-0.44614106339479054,-1.1434000995665252,-0.5108578720587402,1.350605588363292,0.20523326674201323,-0.48619636972806035,0.304324,-0.102031,0.597243,1.9668813472424898,-0.46825438501755867,-0.0009250245035569946
479,2026-09-27T05:21:51.794+00:00,10.086,1790486511.7908711,1790486511.7806442,1790486511.791189,TEACHING_MODE,NORMAL,START_RECORDING,REACH_TARGET_POS_SUCCESSFULLY,0.14667747033760345,-0.4343251843587889,-1.1434000995665252,-0.5102819134055822,1.350605588363292,0.20523326674201323,-0.48619636972806035,0.301531,-0.09991699999999999,0.599569,1.9679110915011664,-0.47630035286925254,0.007208209810736581
480,2026-09-27T05:21:51.814+00:00,10.106,1790486511.8099153,1790486511.8002913,1790486511.8101327,TEACHING_MODE,NORMAL,START_RECORDING,REACH_TARGET_POS_SUCCESSFULLY,0.15334462808022178,-0.4238706621393429,-1.1434000995665252,-0.5100375673103029,1.350605588363292,0.20523326674201323,-0.48619636972806035,0.296707,-0.099062,0.602939,1.9690979153925225,-0.48808132532021425,0.011920598791121272
481,2026-09-27T05:21:51.834+00:00,10.126,1790486511.8301923,1790486511.819868,1790486511.830223,TEACHING_MODE,NORMAL,START_RECORDING,REACH_TARGET_POS_SUCCESSFULLY,0.1603259450881991,-0.4138350189403755,-1.1434000995665252,-0.5100899271878627,1.350605588363292,0.20523326674201323,-0.48619636972806035,0.292714,-0.097881,0.605717,1.9706163518417577,-0.4980297020565819,0.017592918860102842
482,2026-09-27T05:21:51.854+00:00,10.146,1790486511.8506653,1790486511.8405547,1790486511.8509016,TEACHING_MODE,NORMAL,START_RECORDING,REACH_TARGET_POS_SUCCESSFULLY,0.16863371232769214,-0.40812779228635404,-1.1434000995665252,-0.5101597403579425,1.350605588363292,0.20523326674201323,-0.48619636972806035,0.288964,-0.096464,0.608329,1.9721871481685527,-0.507559199772471,0.02419026343264141
483,2026-09-27T05:21:51.874+00:00,10.166,1790486511.869944,1790486511.8599074,1790486511.8701437,TEACHING_MODE,NORMAL,START_RECORDING,REACH_TARGET_POS_SUCCESSFULLY,0.17873916869673928,-0.39755109701926844,-1.1434000995665252,-0.5101597403579425,1.350605588363292,0.20523326674201323,-0.48619636972806035,0.285751,-0.094609,0.610663,1.973565958277628,-0.5161985795698429,0.03235840433197487
484,2026-09-27T05:21:51.894+00:00,10.186,1790486511.8902545,1790486511.8794782,1790486511.8904955,TEACHING_MODE,NORMAL,START_RECORDING,REACH_TARGET_POS_SUCCESSFULLY,0.19048523456266112,-0.39018580757585236,-1.1434000995665252,-0.5101597403579425,1.350605588363292,0.20523326674201323,-0.48619636972806035,0.283446,-0.09210299999999999,0.6125419999999999,1.9747178755839443,-0.52326716304042,0.042690753503781306
485,2026-09-27T05:21:51.914+00:00,10.206,1790486511.9101708,1790486511.9006188,1790486511.9103749,TEACHING_MODE,NORMAL,START_RECORDING,REACH_TARGET_POS_SUCCESSFULLY,0.2030516051770203,-0.38674750894942345,-1.1434000995665252,-0.5101597403579425,1.3504485087306124,0.20523326674201323,-0.48619636972806035,0.281387,-0.08929,0.614302,1.9757999797201808,-0.5299517740755583,0.054227379859463826
486,2026-09-27T05:21:51.934+00:00,10.227,1790486511.930194,1790486511.9194973,1790486511.9304874,TEACHING_MODE,NORMAL,START_RECORDING,REACH_TARGET_POS_SUCCESSFULLY,0.21149899875667286,-0.38086574937020257,-1.1434000995665252,-0.5101597403579425,1.3499074566624945,0.20523326674201323,-0.48619636972806035,0.280841,-0.086093,0.615212,1.9761141389855397,-0.5332853529468674,0.06635741816082441
487,2026-09-27T05:21:51.954+00:00,10.246,1790486511.9504182,1790486511.9394758,1790486511.950622,TEACHING_MODE,NORMAL,START_RECORDING,REACH_TARGET_POS_SUCCESSFULLY,0.2239606496159124,-0.3764151597776171,-1.1434000995665252,-0.5102295535280224,1.3489824321589372,0.20523326674201323,-0.48619636972806035,0.27891299999999997,-0.084321,0.616652,1.9765504712985384,-0.5385213407028504,0.07393214711447979
488,2026-09-27T05:21:51.974+00:00,10.266,1790486511.9707584,1790486511.9595733,1790486511.9709964,TEACHING_MODE,NORMAL,START_RECORDING,REACH_TARGET_POS_SUCCESSFULLY,0.23588124840703364,-0.3723834492055102,-1.1434000995665252,-0.510299366698102,1.3489126189888576,0.20523326674201323,-0.48619636972806035,0.277995,-0.081324,0.617698,1.9769868036115368,-0.5424308782273177,0.08573057285796147
489,2026-09-27T05:21:51.994+00:00,10.287,1790486511.9908118,1790486511.982897,1790486511.9914048,TEACHING_MODE,NORMAL,START_RECORDING,REACH_TARGET_POS_SUCCESSFULLY,0.24354324382328876,-0.37014942776295745,-1.1434000995665252,-0.5103691798681819,1.3489126189888576,0.20523326674201323,-0.48619636972806035,0.27706,-0.078536,0.618702,1.977650028727295,-0.5463927756293449,0.09704030641088474
490,2026-09-27T05:21:52.014+00:00,10.306,1790486512.0133855,1790486512.0065966,1790486512.0136678,TEACHING_MODE,NORMAL,START_RECORDING,REACH_TARGET_POS_SUCCESSFULLY,0.25466099115849267,-0.3674790740074061,-1.1434000995665252,-0.5105088062083414,1.3489126189888576,0.20523326674201323,-0.48619636972806035,0.276768,-0.07574199999999999,0.619298,1.9782434406729728,-0.5487838767045771,0.1079486142358493
491,2026-09-27T05:21:52.034+00:00,10.326,1790486512.0275648,1790486512.0244431,1790486512.0279245,TEACHING_MODE,NORMAL,START_RECORDING,REACH_TARGET_POS_SUCCESSFULLY,0.266860842629933,-0.36632715670108984,-1.1434000995665252,-0.5107182457185807,1.3489126189888576,0.20523326674201323,-0.48619636972806035,0.27663,-0.072838,0.619804,1.978819399326131,-0.5508259119294104,0.11920598791121272
492,2026-09-27T05:21:52.054+00:00,10.347,1790486512.0541232,1790486512.045171,1790486512.051256,TEACHING_MODE,NORMAL,START_RECORDING,REACH_TARGET_POS_SUCCESSFULLY,0.2837207232041982,-0.3643025747687764,-1.1434000995665252,-0.5127079210658543,1.3489126189888576,0.20523326674201323,-0.48619636972806035,0.27671799999999996,-0.069669,0.620154,1.9797618771222079,-0.5523443483786455,0.1313011196275334
493,2026-09-27T05:21:52.074+00:00,10.366,1790486512.0715544,1790486512.061197,1790486512.071834,TEACHING_MODE,NORMAL,START_RECORDING,REACH_TARGET_POS_SUCCESSFULLY,0.291469985083053,-0.3640931352585371,-1.1434000995665252,-0.5151862886036862,1.3489126189888576,0.2051809068644534,-0.48619636972806035,0.277717,-0.06677899999999999,0.619744,1.9820482584423205,-0.5511575244872894,0.14147638916666036
494,2026-09-27T05:21:52.094+00:00,10.386,1790486512.090199,1790486512.0798092,1790486512.0903952,TEACHING_MODE,NORMAL,START_RECORDING,REACH_TARGET_POS_SUCCESSFULLY,0.30199432047257885,-0.36376152270065815,-1.1434000995665252,-0.5199335841691107,1.3488253525262577,0.2051809068644534,-0.48619636972806035,0.27824099999999996,-0.065275,0.619373,1.984631345735272,-0.5501103269360927,0.14667747033760345
495,2026-09-27T05:21:52.114+00:00,10.406,1790486512.1099412,1790486512.0992868,1790486512.1101851,TEACHING_MODE,NORMAL,START_RECORDING,REACH_TARGET_POS_SUCCESSFULLY,0.311488911603428,-0.36376152270065815,-1.1434000995665252,-0.5264262089865297,1.3481272208254602,0.2051809068644534,-0.48619636972806035,0.27934,-0.063488,0.618444,1.9893786413006966,-0.5472828935478619,0.15240215028414483
496,2026-09-27T05:21:52.134+00:00,10.426,1790486512.1310177,1790486512.1201794,1790486512.1317067,TEACHING_MODE,NORMAL,START_RECORDING,REACH_TARGET_POS_SUCCESSFULLY,0.32033773091103923,-0.36376152270065815,-1.1434000995665252,-0.5349085091512221,1.3470451166892237,0.2051809068644534,-0.48619636972806035,0.280584,-0.062216999999999995,0.617157,1.9955047469751968,-0.5431988230981952,0.15582299561805377
497,2026-09-27T05:21:52.154+00:00,10.446,1790486512.1499622,1790486512.1394222,1790486512.1502109,TEACHING_MODE,NORMAL,START_RECORDING,REACH_TARGET_POS_SUCCESSFULLY,0.32791245986469464,-0.36376152270065815,-1.1434000995665252,-0.5449616056427095,1.3431704857497961,0.2051809068644534,-0.48619636972806035,0.281919,-0.061510999999999996,0.615537,2.0023115310579747,-0.5375265030292137,0.15646876744129165
498,2026-09-27T05:21:52.174+00:00,10.466,1790486512.1705415,1790486512.1595495,1790486512.1707718,TEACHING_MODE,NORMAL,START_RECORDING,REACH_TARGET_POS_SUCCESSFULLY,0.3342130984643942,-0.36376152270065815,-1.1434000995665252,-0.5563411523657125,1.3383708303068118,0.2051809068644534,-0.48619636972806035,0.283252,-0.061508,0.613652,2.0086645295352343,-0.5300041339531181,0.15360642746802095
499,2026-09-27T05:21:52.194+00:00,10.486,1790486512.1907015,1790486512.180472,1790486512.1909022,TEACHING_MODE,NORMAL,START_RECORDING,REACH_TARGET_POS_SUCCESSFULLY,0.33883822098217914,-0.36376152270065815,-1.1434000995665252,-0.5689773361501514,1.3322970845098716,0.2051809068644534,-0.48619636972806035,0.284593,-0.062084999999999994,0.61153,2.0153665938628924,-0.5213822074482661,0.14828317324943824
500,2026-09-27T05:21:52.214+00:00,10.506,1790486512.210184,1790486512.1994517,1790486512.210387,TEACHING_MODE,NORMAL,START_RECORDING,REACH_TARGET_POS_SUCCESSFULLY,0.341962360343249,-0.3638487891632579,-1.1434000995665252,-0.5781577680156416,1.3261709788353713,0.2051809068644534,-0.48619636972806035,0.28602,-0.063137,0.6091,2.0226795234287485,-0.5114861905894582,0.14095279039106207
501,2026-09-27T05:21:52.234+00:00,10.526,1790486512.231919,1790486512.219907,1790486512.2322059,TEACHING_MODE,NORMAL,START_RECORDING,REACH_TARGET_POS_SUCCESSFULLY,0.3451214062893587,-0.36407568196601714,-1.1434000995665252,-0.5926440008071946,1.3217203892427858,0.2051809068644534,-0.48619636972806035,0.28738199999999997,-0.064974,0.606441,2.0305160517702032,-0.500769868982213,0.13082988072949495
502,2026-09-27T05:21:52.254+00:00,10.546,1790486512.250206,1790486512.239877,1790486512.2504022,TEACHING_MODE,NORMAL,START_RECORDING,REACH_TARGET_POS_SUCCESSFULLY,0.3477568534598702,-0.364738907081775,-1.1434000995665252,-0.6078109120070253,1.3153848440580465,0.2051809068644534,-0.48619636972806035,0.288566,-0.06590499999999999,0.604452,2.035769492818706,-0.4927413544230391,0.12486085468767433
503,2026-09-27T05:21:52.274+00:00,10.566,1790486512.270206,1790486512.2596018,1790486512.2704022,TEACHING_MODE,NORMAL,START_RECORDING,REACH_TARGET_POS_SUCCESSFULLY,0.34997342160990297,-0.36524505256485335,-1.1434000995665252,-0.6227160238190569,1.3092587383835463,0.2051809068644534,-0.48619636972806035,0.29009599999999997,-0.067812,0.60148,2.04376310079284,-0.48087311550947764,0.11445869234578814
504,2026-09-27T05:21:52.294+00:00,10.587,1790486512.2908044,1790486512.2798212,1790486512.2912383,TEACHING_MODE,NORMAL,START_RECORDING,REACH_TARGET_POS_SUCCESSFULLY,0.35060174014062095,-0.3676536069326055,-1.1434000995665252,-0.6372720697806895,1.3030628195389664,0.2051809068644534,-0.48619636972806035,0.291801,-0.069788,0.5983609999999999,2.051128390236256,-0.4684114646502382,0.10374237073854295
505,2026-09-27T05:21:52.314+00:00,10.606,1790486512.3100784,1790486512.299675,1790486512.31031,TEACHING_MODE,NORMAL,START_RECORDING,REACH_TARGET_POS_SUCCESSFULLY,0.3510031658685796,-0.37007961459287764,-1.1434000995665252,-0.650972904408845,1.2974079527625049,0.2051809068644534,-0.48619636972806035,0.293854,-0.071741,0.59502,2.0580224407816337,-0.45533894855280066,0.0930784090088576
506,2026-09-27T05:21:52.334+00:00,10.626,1790486512.3302155,1790486512.3196733,1790486512.3303523,TEACHING_MODE,NORMAL,START_RECORDING,REACH_TARGET_POS_SUCCESSFULLY,0.3510031658685796,-0.3734830066342666,-1.1434000995665252,-0.663923247458643,1.2936380415781972,0.2051809068644534,-0.48619636972806035,0.296213,-0.073615,0.5915159999999999,2.0639216536533747,-0.4416555672171651,0.08253662032681185
507,2026-09-27T05:21:52.354+00:00,10.646,1790486512.3506768,1790486512.3406172,1790486512.3509166,TEACHING_MODE,NORMAL,START_RECORDING,REACH_TARGET_POS_SUCCESSFULLY,0.3510031658685796,-0.37664205258037636,-1.1434000995665252,-0.6757042199096047,1.2900077567340489,0.2051809068644534,-0.48619636972806035,0.298542,-0.07526999999999999,0.5881069999999999,2.0697685066475553,-0.42877503733744693,0.07328637529124189
508,2026-09-27T05:21:52.374+00:00,10.666,1790486512.3702147,1790486512.359594,1790486512.370844,TEACHING_MODE,NORMAL,START_RECORDING,REACH_TARGET_POS_SUCCESSFULLY,0.3510031658685796,-0.3823143726493579,-1.1434000995665252,-0.6824935506998626,1.2896586908836498,0.2051809068644534,-0.48619636972806035,0.300906,-0.076597,0.5848479999999999,2.075458280009057,-0.417081331349085,0.06572909963010645
509,2026-09-27T05:21:52.394+00:00,10.686,1790486512.3901594,1790486512.379244,1790486512.3904493,TEACHING_MODE,NORMAL,START_RECORDING,REACH_TARGET_POS_SUCCESSFULLY,0.3510031658685796,-0.38926078307229534,-1.1434000995665252,-0.691028210742115,1.2897808639312895,0.2051809068644534,-0.48619636972806035,0.303712,-0.076796,0.582066,2.078617325955167,-0.4076391000957956,0.062395520758797285
510,2026-09-27T05:21:52.414+00:00,10.706,1790486512.4104152,1790486512.3999414,1790486512.410655,TEACHING_MODE,NORMAL,START_RECORDING,REACH_TARGET_POS_SUCCESSFULLY,0.3510031658685796,-0.39730675092398915,-1.1434000995665252,-0.697747728362293,1.2897808639312895,0.2051809068644534,-0.48619636972806035,0.30739099999999997,-0.076971,0.578427,2.0821777976292353,-0.39528216899167573,0.05825909043157072
511,2026-09-27T05:21:52.434+00:00,10.726,1790486512.430134,1790486512.4194996,1790486512.4303591,TEACHING_MODE,NORMAL,START_RECORDING,REACH_TARGET_POS_SUCCESSFULLY,0.3510031658685796,-0.403537576353609,-1.1434000995665252,-0.7024426640501578,1.2897808639312895,0.2051809068644534,-0.48619636972806035,0.311176,-0.07674099999999999,0.574971,2.084062753221389,-0.3834837432481941,0.05541420375081997
512,2026-09-27T05:21:52.454+00:00,10.746,1790486512.451,1790486512.4395514,1790486512.4512699,TEACHING_MODE,NORMAL,START_RECORDING,REACH_TARGET_POS_SUCCESSFULLY,0.3510031658685796,-0.41652282598844675,-1.1434000995665252,-0.7043450729348316,1.2897808639312895,0.2051809068644534,-0.48619636972806035,0.315426,-0.07592,0.571519,2.08381840712611,-0.37158059774959273,0.05412266010434416
513,2026-09-27T05:21:52.474+00:00,10.766,1790486512.4699934,1790486512.4597435,1790486512.4702208,TEACHING_MODE,NORMAL,START_RECORDING,REACH_TARGET_POS_SUCCESSFULLY,0.3510031658685796,-0.4270995212555324,-1.1434000995665252,-0.7067361740100639,1.2897808639312895,0.2051809068644534,-0.48619636972806035,0.319694,-0.074832,0.568219,2.0824395970170344,-0.3602534109041496,0.05368632779134558
514,2026-09-27T05:21:52.494+00:00,10.786,1790486512.4899876,1790486512.4795089,1790486512.4903262,TEACHING_MODE,NORMAL,START_RECORDING,REACH_TARGET_POS_SUCCESSFULLY,0.3510031658685796,-0.4344648106989485,-1.1434000995665252,-0.7067361740100639,1.2897808639312895,0.2051809068644534,-0.48619636972806035,0.323968,-0.07341199999999999,0.565148,2.079699430091403,-0.3497116222221038,0.05434955290710342
515,2026-09-27T05:21:52.514+00:00,10.806,1790486512.5119607,1790486512.4994586,1790486512.5121968,TEACHING_MODE,NORMAL,START_RECORDING,REACH_TARGET_POS_SUCCESSFULLY,0.35091589940597995,-0.44537311852391304,-1.1434000995665252,-0.7067361740100639,1.2897808639312895,0.2051809068644534,-0.48619636972806035,0.32689399999999996,-0.07234,0.563097,2.0774305020638106,-0.34271285192160655,0.055117497777980924
516,2026-09-27T05:21:52.534+00:00,10.826,1790486512.5299473,1790486512.5194614,1790486512.5301516,TEACHING_MODE,NORMAL,START_RECORDING,REACH_TARGET_POS_SUCCESSFULLY,0.34889131747366653,-0.45703191792723513,-1.1434000995665252,-0.7066140009624243,1.2896586908836498,0.2051809068644534,-0.48619636972806035,0.331258,-0.070877,0.5599529999999999,2.0740271100224215,-0.33213615665452095,0.05581562947877866
517,2026-09-27T05:21:52.554+00:00,10.846,1790486512.550306,1790486512.5393481,1790486512.5505583,TEACHING_MODE,NORMAL,START_RECORDING,REACH_TARGET_POS_SUCCESSFULLY,0.3454006589696778,-0.4698251813443536,-1.1434000995665252,-0.7065616410848645,1.2885591334548936,0.2051809068644534,-0.48619636972806035,0.335851,-0.070024,0.556468,2.069960492865275,-0.32045990395867885,0.054244833151983765
518,2026-09-27T05:21:52.574+00:00,10.866,1790486512.5710325,1790486512.560371,1790486512.571262,TEACHING_MODE,NORMAL,START_RECORDING,REACH_TARGET_POS_SUCCESSFULLY,0.34035665743141424,-0.4830024171969107,-1.1434000995665252,-0.7061776686494257,1.2821537751000744,0.2051809068644534,-0.48619636972806035,0.340586,-0.06955,0.552727,2.0642358129187337,-0.3072826681061217,0.05082398781807487
519,2026-09-27T05:21:52.594+00:00,10.886,1790486512.5902195,1790486512.579908,1790486512.590464,TEACHING_MODE,NORMAL,START_RECORDING,REACH_TARGET_POS_SUCCESSFULLY,0.3347366972399925,-0.49584804049158904,-1.1434000995665252,-0.7056191632887875,1.2751724580920971,0.2051809068644534,-0.48619636972806035,0.345194,-0.069564,0.548986,2.053694024236688,-0.29174923776337214,0.044331363000655974
520,2026-09-27T05:21:52.614+00:00,10.907,1790486512.6105182,1790486512.5997264,1790486512.6107194,TEACHING_MODE,NORMAL,START_RECORDING,REACH_TARGET_POS_SUCCESSFULLY,0.32721432816389695,-0.5085191308610678,-1.1434000995665252,-0.7039960070844328,1.2564974350957578,0.2051809068644534,-0.48619636972806035,0.349373,-0.069987,0.545598,2.039155431567575,-0.27555258230486473,0.03565707661824415
521,2026-09-27T05:21:52.634+00:00,10.926,1790486512.631121,1790486512.621773,1790486512.6313038,TEACHING_MODE,NORMAL,START_RECORDING,REACH_TARGET_POS_SUCCESSFULLY,0.3211580356594766,-0.5163382059100025,-1.1434000995665252,-0.7030884358733956,1.241679589746326,0.2051809068644534,-0.48619636972806035,0.353354,-0.071101,0.5421619999999999,2.023080949156707,-0.2585007155128802,0.02441715623540067
522,2026-09-27T05:21:52.654+00:00,10.946,1790486512.6500695,1790486512.6395645,1790486512.6503139,TEACHING_MODE,NORMAL,START_RECORDING,REACH_TARGET_POS_SUCCESSFULLY,0.3110525792904294,-0.5276653927554457,-1.1434000995665252,-0.7023204910025183,1.2327609572686349,0.2051809068644534,-0.48619636972806035,0.355493,-0.073487,0.54005,2.0087867025828734,-0.24595179819104093,0.011082840750163993
523,2026-09-27T05:21:52.674+00:00,10.966,1790486512.6724105,1790486512.6597145,1790486512.6726663,TEACHING_MODE,NORMAL,START_RECORDING,REACH_TARGET_POS_SUCCESSFULLY,0.29969048585994634,-0.5385911538729302,-1.1434000995665252,-0.7003308156552447,1.2217479296885507,0.2051809068644534,-0.48619636972806035,0.358961,-0.074626,0.5369309999999999,1.9982449139008278,-0.23307126831132277,0.0024434609527920616
524,2026-09-27T05:21:52.694+00:00,10.986,1790486512.690598,1790486512.6799514,1790486512.6907864,TEACHING_MODE,NORMAL,START_RECORDING,REACH_TARGET_POS_SUCCESSFULLY,0.28776988706882506,-0.5489060497522167,-1.1434000995665252,-0.6972764894642546,1.2144000935376544,0.2051809068644534,-0.48619636972806035,0.361925,-0.077138,0.534183,1.9856959965789887,-0.22088887013240235,-0.01007054978400728
525,2026-09-27T05:21:52.714+00:00,11.006,1790486512.71041,1790486512.6994765,1790486512.710651,TEACHING_MODE,NORMAL,START_RECORDING,REACH_TARGET_POS_SUCCESSFULLY,0.2750813434068263,-0.5551892350593962,-1.1434000995665252,-0.6941523501031848,1.2100193171151488,0.2051809068644534,-0.48619636972806035,0.36464199999999997,-0.07991899999999999,0.531592,1.9759046994753005,-0.21081832034839507,-0.02186897552748895
526,2026-09-27T05:21:52.734+00:00,11.026,1790486512.7312043,1790486512.7209947,1790486512.731359,TEACHING_MODE,NORMAL,START_RECORDING,REACH_TARGET_POS_SUCCESSFULLY,0.2660405378814957,-0.5659579165442012,-1.1434000995665252,-0.691621622687793,1.209338638706871,0.2051809068644534,-0.48619636972806035,0.366749,-0.08319499999999999,0.529504,1.9680507178413258,-0.2033308578573394,-0.033649947978450674
527,2026-09-27T05:21:52.754+00:00,11.046,1790486512.7507703,1790486512.739556,1790486512.750973,TEACHING_MODE,NORMAL,START_RECORDING,REACH_TARGET_POS_SUCCESSFULLY,0.24788911366075464,-0.5721712886813011,-1.1434000995665252,-0.6873106594353671,1.2093909985844309,0.2051809068644534,-0.48619636972806035,0.368402,-0.086778,0.527672,1.9638444743440195,-0.19826940302655582,-0.04459316238845512
528,2026-09-27T05:21:52.774+00:00,11.066,1790486512.7703278,1790486512.7594047,1790486512.7705708,TEACHING_MODE,NORMAL,START_RECORDING,REACH_TARGET_POS_SUCCESSFULLY,0.2389355745980237,-0.5755921340152099,-1.1434000995665252,-0.6839072673939781,1.2093909985844309,0.2051809068644534,-0.48619636972806035,0.369199,-0.090638,0.526552,1.9601094697447516,-0.19521507683556577,-0.055763269601218836
529,2026-09-27T05:21:52.794+00:00,11.086,1790486512.7908947,1790486512.7803354,1790486512.7912006,TEACHING_MODE,NORMAL,START_RECORDING,REACH_TARGET_POS_SUCCESSFULLY,0.22563616569782693,-0.5795714847097571,-1.1434000995665252,-0.6816208860738655,1.2093909985844309,0.2051809068644534,-0.48619636972806035,0.369263,-0.094637,0.5260389999999999,1.9570027836762018,-0.19388862660405007,-0.06688101693642272
530,2026-09-27T05:21:52.814+00:00,11.106,1790486512.8106098,1790486512.7995617,1790486512.8108842,TEACHING_MODE,NORMAL,START_RECORDING,REACH_TARGET_POS_SUCCESSFULLY,0.21277308911062873,-0.5817007863971901,-1.1434000995665252,-0.6776415353793184,1.2094608117545105,0.2051809068644534,-0.48619636972806035,0.36946,-0.09723599999999999,0.525587,1.9546116826009696,-0.19271925600521386,-0.07414158662471912
531,2026-09-27T05:21:52.834+00:00,11.127,1790486512.8316994,1790486512.8201072,1790486512.8319917,TEACHING_MODE,NORMAL,START_RECORDING,REACH_TARGET_POS_SUCCESSFULLY,0.20052087776162852,-0.5822069318802685,-1.1434000995665252,-0.673766904439891,1.2094608117545105,0.2051809068644534,-0.48619636972806035,0.368924,-0.100953,0.525745,1.9516620761650991,-0.19336502782845177,-0.08403760348352697
532,2026-09-27T05:21:52.854+00:00,11.146,1790486512.8516634,1790486512.8405635,1790486512.8518903,TEACHING_MODE,NORMAL,START_RECORDING,REACH_TARGET_POS_SUCCESSFULLY,0.18882717177326652,-0.5822069318802685,-1.1434000995665252,-0.6689847022894265,1.2094608117545105,0.2051809068644534,-0.48619636972806035,0.36771899999999996,-0.10461,0.526559,1.9489917224095479,-0.19582594207376378,-0.09349728802933624
533,2026-09-27T05:21:52.874+00:00,11.166,1790486512.8712628,1790486512.859737,1790486512.8715022,TEACHING_MODE,NORMAL,START_RECORDING,REACH_TARGET_POS_SUCCESSFULLY,0.1782504765061809,-0.5820673055401089,-1.1434000995665252,-0.6631727558802853,1.20961789138719,0.2051809068644534,-0.48619636972806035,0.36650299999999997,-0.10783799999999999,0.527574,1.945919942926038,-0.1989326281423137,-0.10170033551370958
534,2026-09-27T05:21:52.894+00:00,11.187,1790486512.892808,1790486512.879454,1790486512.8930974,TEACHING_MODE,NORMAL,START_RECORDING,REACH_TARGET_POS_SUCCESSFULLY,0.16945401707612945,-0.5819974923700292,-1.1434000995665252,-0.6567848508179862,1.20961789138719,0.2051809068644534,-0.48619636972806035,0.36534,-0.110425,0.528824,1.94227220478937,-0.20273744591166132,-0.10805333399096893
535,2026-09-27T05:21:52.914+00:00,11.206,1790486512.9109793,1790486512.8997283,1790486512.911226,TEACHING_MODE,NORMAL,START_RECORDING,REACH_TARGET_POS_SUCCESSFULLY,0.1622981671429527,-0.5819102259074295,-1.1434000995665252,-0.6495940942997696,1.20961789138719,0.2051809068644534,-0.48619636972806035,0.36436999999999997,-0.112202,0.530196,1.938135774462143,-0.20689132953140785,-0.11217231102567557
536,2026-09-27T05:21:52.934+00:00,11.226,1790486512.9312322,1790486512.9194777,1790486512.9312673,TEACHING_MODE,NORMAL,START_RECORDING,REACH_TARGET_POS_SUCCESSFULLY,0.15816173681572612,-0.5815611600570305,-1.1434000995665252,-0.6440264939859076,1.20961789138719,0.20528562661957306,-0.48619636972806035,0.363517,-0.11315199999999999,0.531822,1.9333710256041987,-0.2117957047295119,-0.11390018698514995
537,2026-09-27T05:21:52.954+00:00,11.246,1790486512.9514751,1790486512.939971,1790486512.9516804,TEACHING_MODE,NORMAL,START_RECORDING,REACH_TARGET_POS_SUCCESSFULLY,0.15413002624361924,-0.5808804816487528,-1.1434000995665252,-0.6354918339436554,1.20961789138719,0.2052681733270531,-0.48619636972806035,0.362902,-0.112936,0.5336759999999999,1.9279779582155363,-0.2173982116284137,-0.11222467090323539
538,2026-09-27T05:21:52.974+00:00,11.266,1790486512.971329,1790486512.9598472,1790486512.9715278,TEACHING_MODE,NORMAL,START_RECORDING,REACH_TARGET_POS_SUCCESSFULLY,0.1510582467601092,-0.5807408553085932,-1.1434000995665252,-0.6255434572072877,1.20961789138719,0.2052681733270531,-0.48619636972806035,0.362357,-0.113023,0.535,1.9242255003237483,-0.22139501561548072,-0.11177088529771687
539,2026-09-27T05:21:52.994+00:00,11.286,1790486512.9920769,1790486512.9795315,1790486512.9923327,TEACHING_MODE,NORMAL,START_RECORDING,REACH_TARGET_POS_SUCCESSFULLY,0.14919074446047528,-0.5807408553085932,-1.1434000995665252,-0.6152285613280012,1.20961789138719,0.2052681733270531,-0.48619636972806035,0.36195499999999997,-0.11207299999999999,0.537049,1.9177328755063294,-0.2275909344600606,-0.1080009741134091
540,2026-09-27T05:21:53.014+00:00,11.306,1790486513.0115812,1790486513.000523,1790486513.0117238,TEACHING_MODE,NORMAL,START_RECORDING,REACH_TARGET_POS_SUCCESSFULLY,0.14912093129039553,-0.5806535888459935,-1.1434000995665252,-0.6042155337479169,1.20961789138719,0.2052681733270531,-0.48619636972806035,0.361763,-0.11047499999999999,0.5391009999999999,1.9109260914235515,-0.2338043065971604,-0.10241592050702726
541,2026-09-27T05:21:53.034+00:00,11.326,1790486513.0316148,1790486513.0197244,1790486513.0318027,TEACHING_MODE,NORMAL,START_RECORDING,REACH_TARGET_POS_SUCCESSFULLY,0.14920819775299524,-0.5805314157983539,-1.1434000995665252,-0.5920680421540364,1.20961789138719,0.2052681733270531,-0.48619636972806035,0.361626,-0.108265,0.5413479999999999,1.9035258953950958,-0.24061109067993827,-0.0950157244785713
542,2026-09-27T05:21:53.054+00:00,11.346,1790486513.052257,1790486513.0394661,1790486513.0525086,TEACHING_MODE,NORMAL,START_RECORDING,REACH_TARGET_POS_SUCCESSFULLY,0.14926055763055507,-0.5804790559207941,-1.1434000995665252,-0.580199803240475,1.20961789138719,0.2052681733270531,-0.48619636972806035,0.36147799999999997,-0.105834,0.543733,1.8954799275434018,-0.24781930049067485,-0.08688249016427772
543,2026-09-27T05:21:53.074+00:00,11.366,1790486513.0715792,1790486513.059735,1790486513.0718093,TEACHING_MODE,NORMAL,START_RECORDING,REACH_TARGET_POS_SUCCESSFULLY,0.14933037080063485,-0.5792747787369179,-1.1434000995665252,-0.573096313184858,1.20961789138719,0.2052681733270531,-0.48619636972806035,0.36111899999999997,-0.103545,0.546118,1.8879750117598262,-0.2550275103014114,-0.0791681348704628
544,2026-09-27T05:21:53.094+00:00,11.386,1790486513.091624,1790486513.0802343,1790486513.0918531,TEACHING_MODE,NORMAL,START_RECORDING,REACH_TARGET_POS_SUCCESSFULLY,0.14933037080063485,-0.5778610620428026,-1.1434000995665252,-0.5639333346118878,1.20961789138719,0.2052681733270531,-0.48619636972806035,0.36053799999999997,-0.101659,0.548338,1.8816569198676067,-0.26169466804402974,-0.07267551005304387
545,2026-09-27T05:21:53.114+00:00,11.407,1790486513.1131685,1790486513.10029,1790486513.112191,TEACHING_MODE,NORMAL,START_RECORDING,REACH_TARGET_POS_SUCCESSFULLY,0.14926055763055507,-0.5750336286545717,-1.1434000995665252,-0.5558350068826342,1.20961789138719,0.2052681733270531,-0.48619636972806035,0.359672,-0.100668,0.550044,1.8782535278262176,-0.2667561228748133,-0.06906267850141562
546,2026-09-27T05:21:53.134+00:00,11.426,1790486513.1320293,1790486513.119997,1790486513.1322496,TEACHING_MODE,NORMAL,START_RECORDING,REACH_TARGET_POS_SUCCESSFULLY,0.14920819775299524,-0.5725203545316999,-1.1434000995665252,-0.5479635719561398,1.20961789138719,0.2052681733270531,-0.48619636972806035,0.35847399999999996,-0.099239,0.5524049999999999,1.8734189657981934,-0.27377234646783055,-0.06386159733047252
547,2026-09-27T05:21:53.154+00:00,11.447,1790486513.1526887,1790486513.1395323,1790486513.1529856,TEACHING_MODE,NORMAL,START_RECORDING,REACH_TARGET_POS_SUCCESSFULLY,0.14920819775299524,-0.569727827728509,-1.1434000995665252,-0.5408251753154829,1.20961789138719,0.2052681733270531,-0.48619636972806035,0.35689699999999996,-0.09787699999999999,0.555024,1.8688112965729284,-0.2815390616392053,-0.05876523591464908
548,2026-09-27T05:21:53.174+00:00,11.467,1790486513.1723387,1790486513.1605868,1790486513.1725633,TEACHING_MODE,NORMAL,START_RECORDING,REACH_TARGET_POS_SUCCESSFULLY,0.14927801092307502,-0.5639682411969278,-1.1434000995665252,-0.5354670145118603,1.20961789138719,0.2052681733270531,-0.48619636972806035,0.35531399999999996,-0.09674999999999999,0.557407,1.8650413853886207,-0.28862509840230227,-0.05445427266222309
549,2026-09-27T05:21:53.194+00:00,11.486,1790486513.191786,1790486513.1794236,1790486513.1920264,TEACHING_MODE,NORMAL,START_RECORDING,REACH_TARGET_POS_SUCCESSFULLY,0.14934782409315478,-0.5593082120941029,-1.1434000995665252,-0.5320461691779514,1.20961789138719,0.2052681733270531,-0.48619636972806035,0.35306499999999996,-0.096062,0.5600269999999999,1.8627200974834681,-0.29637436028115716,-0.05134758659367318
550,2026-09-27T05:21:53.214+00:00,11.506,1790486513.2126317,1790486513.199491,1790486513.2129083,TEACHING_MODE,NORMAL,START_RECORDING,REACH_TARGET_POS_SUCCESSFULLY,0.14934782409315478,-0.5549972488416769,-1.1434000995665252,-0.5302484800483973,1.20961789138719,0.2052681733270531,-0.48619636972806035,0.350811,-0.09582,0.56228,1.8618299795649509,-0.30304151802377544,-0.04974188368183839
551,2026-09-27T05:21:53.234+00:00,11.526,1790486513.2316258,1790486513.220227,1790486513.2318494,TEACHING_MODE,NORMAL,START_RECORDING,REACH_TARGET_POS_SUCCESSFULLY,0.14934782409315478,-0.5488536898746568,-1.1434000995665252,-0.5296201615176793,1.20961789138719,0.2052681733270531,-0.48619636972806035,0.34904199999999996,-0.095776,0.5639179999999999,1.8616205400547117,-0.30791098663683963,-0.048956485518440944
552,2026-09-27T05:21:53.254+00:00,11.546,1790486513.2511837,1790486513.2396677,1790486513.2513363,TEACHING_MODE,NORMAL,START_RECORDING,REACH_TARGET_POS_SUCCESSFULLY,0.14934782409315478,-0.5413662273836012,-1.1434000995665252,-0.5290965627420811,1.20961789138719,0.2052681733270531,-0.48619636972806035,0.34634,-0.096083,0.566103,1.8625979244358286,-0.3144210647467785,-0.04902629868852072
553,2026-09-27T05:21:53.274+00:00,11.566,1790486513.271957,1790486513.25958,1790486513.2722507,TEACHING_MODE,NORMAL,START_RECORDING,REACH_TARGET_POS_SUCCESSFULLY,0.1493827306781947,-0.5339136714775854,-1.1434000995665252,-0.5290965627420811,1.20961789138719,0.2052681733270531,-0.48619636972806035,0.343089,-0.096527,0.568638,1.864029094422464,-0.32203070028547376,-0.04937536453891959
554,2026-09-27T05:21:53.294+00:00,11.586,1790486513.2916937,1790486513.279586,1790486513.290815,TEACHING_MODE,NORMAL,START_RECORDING,REACH_TARGET_POS_SUCCESSFULLY,0.14945254384827444,-0.5255186377754926,-1.1434000995665252,-0.5290965627420811,1.20961789138719,0.2052681733270531,-0.48619636972806035,0.339757,-0.096991,0.571168,1.8656697039193384,-0.32971014899424883,-0.049794243559398224
555,2026-09-27T05:21:53.314+00:00,11.606,1790486513.3114958,1790486513.2993813,1790486513.3117945,TEACHING_MODE,NORMAL,START_RECORDING,REACH_TARGET_POS_SUCCESSFULLY,0.14950490372583428,-0.5169665244407204,-1.1434000995665252,-0.5290965627420811,1.20961789138719,0.2052681733270531,-0.48619636972806035,0.336202,-0.097521,0.573815,1.867415033171333,-0.33782593001602246,-0.050335295627516465
556,2026-09-27T05:21:53.334+00:00,11.626,1790486513.3317947,1790486513.3200169,1790486513.3320374,TEACHING_MODE,NORMAL,START_RECORDING,REACH_TARGET_POS_SUCCESSFULLY,0.14950490372583428,-0.5086413039087074,-1.1434000995665252,-0.5290965627420811,1.20961789138719,0.2052681733270531,-0.48619636972806035,0.332381,-0.098088,0.57661,1.8692825354709668,-0.3464827631059143,-0.050946160865714483
557,2026-09-27T05:21:53.354+00:00,11.647,1790486513.3522277,1790486513.3398545,1790486513.352437,TEACHING_MODE,NORMAL,START_RECORDING,REACH_TARGET_POS_SUCCESSFULLY,0.14950490372583428,-0.5024104784790877,-1.1434000995665252,-0.5290965627420811,1.20961789138719,0.2052681733270531,-0.48619636972806035,0.32864899999999997,-0.09865,0.579287,1.871097677893041,-0.35489525010052697,-0.05157447939643244
558,2026-09-27T05:21:53.374+00:00,11.666,1790486513.3722293,1790486513.3602285,1790486513.3725173,TEACHING_MODE,NORMAL,START_RECORDING,REACH_TARGET_POS_SUCCESSFULLY,0.15058700786207074,-0.49441687050495364,-1.1434000995665252,-0.5292012824972007,1.20961789138719,0.2052681733270531,-0.48619636972806035,0.326104,-0.09890499999999999,0.5811149999999999,1.872354314954477,-0.36068974321714814,-0.05159193268895238
559,2026-09-27T05:21:53.394+00:00,11.686,1790486513.392604,1790486513.3805268,1790486513.393091,TEACHING_MODE,NORMAL,START_RECORDING,REACH_TARGET_POS_SUCCESSFULLY,0.15393804002589986,-0.48589966375522137,-1.1434000995665252,-0.5292012824972007,1.20961789138719,0.2052681733270531,-0.48619636972806035,0.322667,-0.098933,0.5836049999999999,1.8742043639615908,-0.36866589789876225,-0.050632001600355504
560,2026-09-27T05:21:53.414+00:00,11.706,1790486513.4117434,1790486513.39986,1790486513.4122148,TEACHING_MODE,NORMAL,START_RECORDING,REACH_TARGET_POS_SUCCESSFULLY,0.15894713497912358,-0.4776791629783281,-1.1434000995665252,-0.5292012824972007,1.20961789138719,0.2052681733270531,-0.48619636972806035,0.319495,-0.09827999999999999,0.586029,1.8759322399210654,-0.37651987953273675,-0.04752531553180559
561,2026-09-27T05:21:53.434+00:00,11.726,1790486513.432393,1790486513.4193387,1790486513.42525,TEACHING_MODE,NORMAL,START_RECORDING,REACH_TARGET_POS_SUCCESSFULLY,0.16512560053118353,-0.4731064003381029,-1.1434000995665252,-0.5292012824972007,1.20961789138719,0.2052681733270531,-0.48619636972806035,0.316414,-0.09705799999999999,0.588475,1.8777124757580996,-0.38454839409191066,-0.04251622057858186
562,2026-09-27T05:21:53.454+00:00,11.746,1790486513.4503558,1790486513.4405057,1790486513.4521258,TEACHING_MODE,NORMAL,START_RECORDING,REACH_TARGET_POS_SUCCESSFULLY,0.17236871692696,-0.4636292624997737,-1.1434000995665252,-0.5292012824972007,1.20961789138719,0.2052681733270531,-0.48619636972806035,0.313944,-0.09547399999999999,0.590537,1.8792483654998544,-0.3913900847597284,-0.03642502148912166
563,2026-09-27T05:21:53.474+00:00,11.766,1790486513.471438,1790486513.4595947,1790486513.4736688,TEACHING_MODE,NORMAL,START_RECORDING,REACH_TARGET_POS_SUCCESSFULLY,0.18006561892825498,-0.4580267556008719,-1.1434000995665252,-0.5292012824972007,1.20961789138719,0.2052681733270531,-0.48619636972806035,0.311846,-0.09362799999999999,0.5923689999999999,1.88062717560893,-0.39753364372674843,-0.029513517651224112
564,2026-09-27T05:21:53.494+00:00,11.786,1790486513.4903,1790486513.479675,1790486513.4905462,TEACHING_MODE,NORMAL,START_RECORDING,REACH_TARGET_POS_SUCCESSFULLY,0.18561576594959694,-0.45436156417168383,-1.1434000995665252,-0.5292012824972007,1.20961789138719,0.2052681733270531,-0.48619636972806035,0.309948,-0.091698,0.594058,1.8819187192554059,-0.4032408703807699,-0.02228785454796759
565,2026-09-27T05:21:53.514+00:00,11.806,1790486513.5102677,1790486513.49989,1790486513.5105073,TEACHING_MODE,NORMAL,START_RECORDING,REACH_TARGET_POS_SUCCESSFULLY,0.1942551457469689,-0.4498237081164985,-1.1434000995665252,-0.5292012824972007,1.20961789138719,0.2052681733270531,-0.48619636972806035,0.309268,-0.089351,0.594985,1.8826343042487235,-0.40639991632687966,-0.014102260356114183
566,2026-09-27T05:21:53.534+00:00,11.826,1790486513.5301945,1790486513.5195048,1790486513.5305274,TEACHING_MODE,NORMAL,START_RECORDING,REACH_TARGET_POS_SUCCESSFULLY,0.2035752039526186,-0.4458792640069914,-1.1434000995665252,-0.5292012824972007,1.20961789138719,0.2052681733270531,-0.48619636972806035,0.307969,-0.08786999999999999,0.596148,1.8835418754597604,-0.41037926702142674,-0.008499753457212385
567,2026-09-27T05:21:53.554+00:00,11.846,1790486513.5501971,1790486513.543507,1790486513.5503936,TEACHING_MODE,NORMAL,START_RECORDING,REACH_TARGET_POS_SUCCESSFULLY,0.2140122728795447,-0.4425631384282021,-1.1434000995665252,-0.5293234555448403,1.20961789138719,0.2052681733270531,-0.48619636972806035,0.306874,-0.085337,0.59736,1.8844843532558375,-0.4145680572262131,0.0006283185307179587
568,2026-09-27T05:21:53.574+00:00,11.867,1790486513.5702553,1790486513.5593503,1790486513.5704544,TEACHING_MODE,NORMAL,START_RECORDING,REACH_TARGET_POS_SUCCESSFULLY,0.22631684410610473,-0.44066072954352836,-1.1434000995665252,-0.5293234555448403,1.20961789138719,0.2052681733270531,-0.48619636972806035,0.306462,-0.08219699999999999,0.598194,1.885269751419235,-0.4174653037845237,0.01153662635568252
569,2026-09-27T05:21:53.594+00:00,11.886,1790486513.590728,1790486513.5796144,1790486513.5909817,TEACHING_MODE,NORMAL,START_RECORDING,REACH_TARGET_POS_SUCCESSFULLY,0.2387261350877844,-0.4375016835974186,-1.1434000995665252,-0.5293234555448403,1.20961789138719,0.2052681733270531,-0.48619636972806035,0.306174,-0.078707,0.5989949999999999,1.885915523242473,-0.4202578305877146,0.023631758072003222
570,2026-09-27T05:21:53.614+00:00,11.906,1790486513.6107078,1790486513.6008754,1790486513.6109502,TEACHING_MODE,NORMAL,START_RECORDING,REACH_TARGET_POS_SUCCESSFULLY,0.25087362668166496,-0.4351629423997462,-1.1434000995665252,-0.5293234555448403,1.20961789138719,0.2052681733270531,-0.48619636972806035,0.306323,-0.07508,0.5994999999999999,1.8863169489704315,-0.4220206131322289,0.03593632929856325
571,2026-09-27T05:21:53.634+00:00,11.926,1790486513.6303234,1790486513.620032,1790486513.6305184,TEACHING_MODE,NORMAL,START_RECORDING,REACH_TARGET_POS_SUCCESSFULLY,0.2624800662074272,-0.43448226399146844,-1.1434000995665252,-0.5294281752999599,1.20961789138719,0.2052681733270531,-0.48619636972806035,0.30622,-0.071699,0.600106,1.8868056411609901,-0.42414991481966197,0.04757767540936542
572,2026-09-27T05:21:53.654+00:00,11.947,1790486513.650774,1790486513.6403131,1790486513.6510212,TEACHING_MODE,NORMAL,START_RECORDING,REACH_TARGET_POS_SUCCESSFULLY,0.27015951491620227,-0.43299873412727324,-1.1434000995665252,-0.5294281752999599,1.20961789138719,0.2052681733270531,-0.48619636972806035,0.30679999999999996,-0.068227,0.600236,1.8870150806712294,-0.42462115371770043,0.05906194188748811
573,2026-09-27T05:21:53.674+00:00,11.966,1790486513.670045,1790486513.6594446,1790486513.670267,TEACHING_MODE,NORMAL,START_RECORDING,REACH_TARGET_POS_SUCCESSFULLY,0.2817834077344845,-0.4326496682768744,-1.1434000995665252,-0.5296550681027192,1.20961789138719,0.2052681733270531,-0.48619636972806035,0.306839,-0.066024,0.6005079999999999,1.8874339596917078,-0.4255810848062973,0.06656685767106373
574,2026-09-27T05:21:53.694+00:00,11.986,1790486513.690122,1790486513.6798763,1790486513.6904027,TEACHING_MODE,NORMAL,START_RECORDING,REACH_TARGET_POS_SUCCESSFULLY,0.29307568799488787,-0.43216097608631593,-1.1434000995665252,-0.5302659333409172,1.20961789138719,0.2052681733270531,-0.48619636972806035,0.307287,-0.06261,0.600673,1.8876783057869873,-0.4261744967519754,0.07789404451650693
575,2026-09-27T05:21:53.714+00:00,12.006,1790486513.7100306,1790486513.7008004,1790486513.7102504,TEACHING_MODE,NORMAL,START_RECORDING,REACH_TARGET_POS_SUCCESSFULLY,0.3036698365544934,-0.4320038964536364,-1.1434000995665252,-0.5317669164976323,1.20961789138719,0.2052681733270531,-0.48619636972806035,0.307979,-0.059391,0.600537,1.8884462506578645,-0.4257556177314968,0.08833111344343302
576,2026-09-27T05:21:53.734+00:00,12.026,1790486513.7300406,1790486513.7193983,1790486513.7302513,TEACHING_MODE,NORMAL,START_RECORDING,REACH_TARGET_POS_SUCCESSFULLY,0.3133040540255021,-0.4317420970658373,-1.1434000995665252,-0.5348561492736623,1.20961789138719,0.2052681733270531,-0.48619636972806035,0.308587,-0.056632999999999996,0.6002799999999999,1.8899995936921397,-0.4249702195680993,0.09721483933608416
577,2026-09-27T05:21:53.754+00:00,12.046,1790486513.7503614,1790486513.7396054,1790486513.7506063,TEACHING_MODE,NORMAL,START_RECORDING,REACH_TARGET_POS_SUCCESSFULLY,0.3219783404079139,-0.4313057647528387,-1.1434000995665252,-0.5401619501997251,1.20961789138719,0.2052681733270531,-0.48619636972806035,0.30926899999999996,-0.054463,0.599677,1.8931237330532094,-0.42312017056098533,0.10400417012634211
578,2026-09-27T05:21:53.774+00:00,12.066,1790486513.770276,1790486513.7598846,1790486513.7704744,TEACHING_MODE,NORMAL,START_RECORDING,REACH_TARGET_POS_SUCCESSFULLY,0.32913419034109065,-0.43118359170519915,-1.1434000995665252,-0.5476145061057408,1.20961789138719,0.2052681733270531,-0.48619636972806035,0.310119,-0.053051,0.598626,1.897905935203674,-0.4198040449821961,0.10807078728348889
579,2026-09-27T05:21:53.794+00:00,12.086,1790486513.790079,1790486513.7796566,1790486513.7902818,TEACHING_MODE,NORMAL,START_RECORDING,REACH_TARGET_POS_SUCCESSFULLY,0.3333927937159568,-0.43118359170519915,-1.1434000995665252,-0.5535486255625216,1.2094957183395505,0.2052681733270531,-0.48619636972806035,0.311069,-0.052563,0.597158,1.9042240270958932,-0.4151440158793713,0.10887363873940628
580,2026-09-27T05:21:53.814+00:00,12.106,1790486513.8104107,1790486513.7998874,1790486513.8106754,TEACHING_MODE,NORMAL,START_RECORDING,REACH_TARGET_POS_SUCCESSFULLY,0.3369183588049854,-0.43118359170519915,-1.1434000995665252,-0.5634970022988892,1.2094259051694707,0.2052681733270531,-0.48619636972806035,0.312011,-0.053219999999999996,0.595405,1.9115369566617495,-0.40961132215054924,0.10587167242597603
581,2026-09-27T05:21:53.834+00:00,12.126,1790486513.8300433,1790486513.8194504,1790486513.8302584,TEACHING_MODE,NORMAL,START_RECORDING,REACH_TARGET_POS_SUCCESSFULLY,0.3405660969416536,-0.43118359170519915,-1.1434000995665252,-0.5752256148722911,1.2094259051694707,0.2052681733270531,-0.48619636972806035,0.31277499999999997,-0.053513,0.5940289999999999,1.9171394635606516,-0.4052479990205634,0.10421360963658143
582,2026-09-27T05:21:53.854+00:00,12.147,1790486513.8500578,1790486513.839702,1790486513.85028,TEACHING_MODE,NORMAL,START_RECORDING,REACH_TARGET_POS_SUCCESSFULLY,0.3407580831593729,-0.43125340487527886,-1.1434000995665252,-0.5880188782894096,1.2094259051694707,0.20519836015697332,-0.48619636972806035,0.313869,-0.054855999999999995,0.591742,1.9264246151812612,-0.39802233591730685,0.09873327578531922
583,2026-09-27T05:21:53.874+00:00,12.166,1790486513.8702035,1790486513.8605225,1790486513.8704052,TEACHING_MODE,NORMAL,START_RECORDING,REACH_TARGET_POS_SUCCESSFULLY,0.3406010035266934,-0.43127085816779887,-1.1434000995665252,-0.6026447374211221,1.2094259051694707,0.20519836015697332,-0.48619636972806035,0.314892,-0.057408999999999995,0.589159,1.9365475248428283,-0.3898891016030133,0.08937831099462962
584,2026-09-27T05:21:53.894+00:00,12.186,1790486513.8903937,1790486513.8799164,1790486513.89042,TEACHING_MODE,NORMAL,START_RECORDING,REACH_TARGET_POS_SUCCESSFULLY,0.3404788304790538,-0.43132321804535867,-1.1434000995665252,-0.6176720222807932,1.2094259051694707,0.20519836015697332,-0.48619636972806035,0.315997,-0.060152,0.586237,1.9477874452256718,-0.3807086697375231,0.07936012108818216
585,2026-09-27T05:21:53.914+00:00,12.206,1790486513.9112017,1790486513.8997207,1790486513.9113643,TEACHING_MODE,NORMAL,START_RECORDING,REACH_TARGET_POS_SUCCESSFULLY,0.3404788304790538,-0.43142793780047833,-1.1434000995665252,-0.6320011754396666,1.2093560919993909,0.20519836015697332,-0.48619636972806035,0.317069,-0.06280999999999999,0.583302,1.9587306596356764,-0.371493331286993,0.06969099703213358
586,2026-09-27T05:21:53.934+00:00,12.226,1790486513.9300456,1790486513.9201162,1790486513.9302635,TEACHING_MODE,NORMAL,START_RECORDING,REACH_TARGET_POS_SUCCESSFULLY,0.3404788304790538,-0.4325100419367148,-1.1434000995665252,-0.6453354909249034,1.2093560919993909,0.20519836015697332,-0.48619636972806035,0.318235,-0.065258,0.5803429999999999,1.9688710225897634,-0.3621558197888234,0.06061528492176306
587,2026-09-27T05:21:53.954+00:00,12.247,1790486513.9502628,1790486513.9394183,1790486513.9503267,TEACHING_MODE,NORMAL,START_RECORDING,REACH_TARGET_POS_SUCCESSFULLY,0.3402170310912547,-0.43369686582807093,-1.1434000995665252,-0.6528753132935189,1.2093560919993909,0.20519836015697332,-0.48619636972806035,0.31954499999999997,-0.06736,0.577454,1.9777023886048548,-0.35301029450837307,0.052586770362589144
588,2026-09-27T05:21:53.974+00:00,12.266,1790486513.9702013,1790486513.959613,1790486513.970448,TEACHING_MODE,NORMAL,START_RECORDING,REACH_TARGET_POS_SUCCESSFULLY,0.3402170310912547,-0.43607051361078325,-1.1434000995665252,-0.6621081050365688,1.2093560919993909,0.20519836015697332,-0.48619636972806035,0.320378,-0.06846,0.575792,1.98225769795256,-0.3477219468748303,0.048258353817643214
589,2026-09-27T05:21:53.994+00:00,12.287,1790486513.990038,1790486513.9796972,1790486513.9902763,TEACHING_MODE,NORMAL,START_RECORDING,REACH_TARGET_POS_SUCCESSFULLY,0.34028684426133443,-0.43856633444113513,-1.1434000995665252,-0.6692814082622656,1.2093560919993909,0.20519836015697332,-0.48619636972806035,0.321995,-0.069573,0.573298,1.9875285922935826,-0.33972833890069626,0.04319689898685966
590,2026-09-27T05:21:54.014+00:00,12.306,1790486514.0101032,1790486513.9999404,1790486514.0103478,TEACHING_MODE,NORMAL,START_RECORDING,REACH_TARGET_POS_SUCCESSFULLY,0.34028684426133443,-0.44181264684984456,-1.1434000995665252,-0.6747791954060477,1.2093560919993909,0.20519836015697332,-0.48619636972806035,0.323776,-0.070217,0.5709839999999999,1.991141423845211,-0.3322408764096406,0.03951425426515163
591,2026-09-27T05:21:54.034+00:00,12.326,1790486514.0302737,1790486514.0206172,1790486514.0304658,TEACHING_MODE,NORMAL,START_RECORDING,REACH_TARGET_POS_SUCCESSFULLY,0.34035665743141424,-0.44804347227946434,-1.1434000995665252,-0.6784094802501959,1.2093560919993909,0.20519836015697332,-0.48619636972806035,0.32588,-0.070403,0.568723,1.9930787393149247,-0.32487558696622454,0.03701843343479973
592,2026-09-27T05:21:54.054+00:00,12.346,1790486514.05028,1790486514.0413094,1790486514.0505214,TEACHING_MODE,NORMAL,START_RECORDING,REACH_TARGET_POS_SUCCESSFULLY,0.34028684426133443,-0.4540823114913647,-1.1434000995665252,-0.6806958615703085,1.2093560919993909,0.20519836015697332,-0.48619636972806035,0.328256,-0.070201,0.566483,1.9937419644306826,-0.3175277508153284,0.03553490357060455
593,2026-09-27T05:21:54.074+00:00,12.367,1790486514.0704582,1790486514.0613976,1790486514.0708094,TEACHING_MODE,NORMAL,START_RECORDING,REACH_TARGET_POS_SUCCESSFULLY,0.34028684426133443,-0.45863762083906995,-1.1434000995665252,-0.6806435016927486,1.2093560919993909,0.20519836015697332,-0.48619636972806035,0.330839,-0.069572,0.564406,1.992712220172006,-0.31070351344003055,0.035238197597765517
594,2026-09-27T05:21:54.094+00:00,12.387,1790486514.0908113,1790486514.0838711,1790486514.091056,TEACHING_MODE,NORMAL,START_RECORDING,REACH_TARGET_POS_SUCCESSFULLY,0.34023448438377457,-0.4661599899151655,-1.1434000995665252,-0.6806609549852686,1.2093560919993909,0.20519836015697332,-0.48619636972806035,0.33269499999999996,-0.068872,0.563105,1.991089063967651,-0.30641000348012454,0.03581415625092364
595,2026-09-27T05:21:54.114+00:00,12.406,1790486514.1102598,1790486514.101334,1790486514.1104295,TEACHING_MODE,NORMAL,START_RECORDING,REACH_TARGET_POS_SUCCESSFULLY,0.3399377784109356,-0.47431067752197903,-1.1434000995665252,-0.6806609549852686,1.2093560919993909,0.20519836015697332,-0.48619636972806035,0.33590899999999996,-0.06777,0.560748,1.9885583365522594,-0.2987131014788295,0.03645992807416154
596,2026-09-27T05:21:54.134+00:00,12.427,1790486514.130672,1790486514.1202576,1790486514.1308937,TEACHING_MODE,NORMAL,START_RECORDING,REACH_TARGET_POS_SUCCESSFULLY,0.3387160479345395,-0.4837005488977085,-1.1434000995665252,-0.6806609549852686,1.2091990123667113,0.20519836015697332,-0.48619636972806035,0.33916999999999997,-0.06672399999999999,0.558304,1.9859228893817478,-0.29080675996729516,0.0368439005096003
597,2026-09-27T05:21:54.154+00:00,12.446,1790486514.150535,1790486514.140464,1790486514.1507337,TEACHING_MODE,NORMAL,START_RECORDING,REACH_TARGET_POS_SUCCESSFULLY,0.3364645731994668,-0.4900710006674878,-1.1434000995665252,-0.6806609549852686,1.2091117459041116,0.20519836015697332,-0.48619636972806035,0.342786,-0.06616899999999999,0.555449,1.982903469775798,-0.28167868797936485,0.035395277230445006
598,2026-09-27T05:21:54.174+00:00,12.466,1790486514.1701229,1790486514.1594863,1790486514.1703472,TEACHING_MODE,NORMAL,START_RECORDING,REACH_TARGET_POS_SUCCESSFULLY,0.3306700800828457,-0.5036671155405237,-1.1434000995665252,-0.6806609549852686,1.2091117459041116,0.20519836015697332,-0.48619636972806035,0.346566,-0.066024,0.5523399999999999,1.9796746106596084,-0.2718524842906368,0.03258529713473413
599,2026-09-27T05:21:54.194+00:00,12.486,1790486514.1902618,1790486514.179727,1790486514.190471,TEACHING_MODE,NORMAL,START_RECORDING,REACH_TARGET_POS_SUCCESSFULLY,0.32546899891190256,-0.5134758659367318,-1.1434000995665252,-0.6806609549852686,1.2091117459041116,0.20519836015697332,-0.48619636972806035,0.35021599999999997,-0.066296,0.549215,1.9765504712985384,-0.26216590694206826,0.02871066619530672
600,2026-09-27T05:21:54.214+00:00,12.506,1790486514.2100985,1790486514.1999269,1790486514.2103672,TEACHING_MODE,NORMAL,START_RECORDING,REACH_TARGET_POS_SUCCESSFULLY,0.3204773572511988,-0.5206491691624284,-1.1434000995665252,-0.6806085951077088,1.2091117459041116,0.20519836015697332,-0.48619636972806035,0.353574,-0.067273,0.546171,1.973565958277628,-0.2528458487364185,0.023055799418845092
601,2026-09-27T05:21:54.234+00:00,12.526,1790486514.2300005,1790486514.2198482,1790486514.2302437,TEACHING_MODE,NORMAL,START_RECORDING,REACH_TARGET_POS_SUCCESSFULLY,0.311174752338069,-0.5304404662661166,-1.1434000995665252,-0.6801024496246304,1.2091117459041116,0.20519836015697332,-0.48619636972806035,0.35586399999999996,-0.068144,0.544084,1.9712446703724755,-0.24652775684419906,0.018675022996339326
602,2026-09-27T05:21:54.254+00:00,12.546,1790486514.250332,1790486514.2423112,1790486514.250555,TEACHING_MODE,NORMAL,START_RECORDING,REACH_TARGET_POS_SUCCESSFULLY,0.29974284573750615,-0.541086974703282,-1.1434000995665252,-0.6792472382911532,1.2091117459041116,0.20519836015697332,-0.48619636972806035,0.359157,-0.070408,0.540833,1.9678936382086463,-0.2367888196180707,0.009512044423369097
603,2026-09-27T05:21:54.274+00:00,12.566,1790486514.2700062,1790486514.2602925,1790486514.2702494,TEACHING_MODE,NORMAL,START_RECORDING,REACH_TARGET_POS_SUCCESSFULLY,0.2870717553680273,-0.5519254693581669,-1.1434000995665252,-0.6782174940324766,1.2091117459041116,0.20519836015697332,-0.48619636972806035,0.36232,-0.073237,0.53765,1.9639666473916593,-0.22738149494982127,-0.0009599310885968813
604,2026-09-27T05:21:54.294+00:00,12.586,1790486514.2912307,1790486514.2806444,1790486514.2902477,TEACHING_MODE,NORMAL,START_RECORDING,REACH_TARGET_POS_SUCCESSFULLY,0.27804840313521667,-0.5621181921898137,-1.1434000995665252,-0.6780778676923169,1.2091117459041116,0.20519836015697332,-0.48619636972806035,0.365355,-0.076622,0.5343479999999999,1.960336362547511,-0.21776473077133252,-0.012758356832078549
605,2026-09-27T05:21:54.314+00:00,12.606,1790486514.310267,1790486514.3019052,1790486514.3104699,TEACHING_MODE,NORMAL,START_RECORDING,REACH_TARGET_POS_SUCCESSFULLY,0.2580294766148417,-0.5721014755112214,-1.1434000995665252,-0.6780778676923169,1.2091117459041116,0.20519836015697332,-0.48619636972806035,0.368042,-0.080833,0.531011,1.9573343962340808,-0.2081305133003238,-0.026563911215353696
606,2026-09-27T05:21:54.334+00:00,12.626,1790486514.3305674,1790486514.3195453,1790486514.3307798,TEACHING_MODE,NORMAL,START_RECORDING,REACH_TARGET_POS_SUCCESSFULLY,0.24237387322445256,-0.581404080424351,-1.1434000995665252,-0.6780778676923169,1.2091117459041116,0.20519836015697332,-0.48619636972806035,0.370436,-0.08553899999999999,0.527753,1.95445460296829,-0.19882790838719402,-0.04138175656478555
607,2026-09-27T05:21:54.354+00:00,12.646,1790486514.3504739,1790486514.3395956,1790486514.3507285,TEACHING_MODE,NORMAL,START_RECORDING,REACH_TARGET_POS_SUCCESSFULLY,0.23177972466484698,-0.5866051615952942,-1.1434000995665252,-0.6780778676923169,1.2091117459041116,0.20519836015697332,-0.48619636972806035,0.372407,-0.090574,0.524725,1.9518191557977786,-0.19027579505242181,-0.05668829410477583
608,2026-09-27T05:21:54.374+00:00,12.666,1790486514.3700602,1790486514.360221,1790486514.3703153,TEACHING_MODE,NORMAL,START_RECORDING,REACH_TARGET_POS_SUCCESSFULLY,0.21610666798193787,-0.5940228109162701,-1.1434000995665252,-0.6780080545222372,1.2091117459041116,0.20519836015697332,-0.48619636972806035,0.37329599999999996,-0.094035,0.523039,1.9503705325186234,-0.1855634060720371,-0.06688101693642272
609,2026-09-27T05:21:54.394+00:00,12.687,1790486514.3901043,1790486514.3799357,1790486514.3903131,TEACHING_MODE,NORMAL,START_RECORDING,REACH_TARGET_POS_SUCCESSFULLY,0.20066050410178807,-0.599572957937612,-1.1434000995665252,-0.6777288018419182,1.2091117459041116,0.20519836015697332,-0.48619636972806035,0.374374,-0.099289,0.520686,1.9482586841237102,-0.17901842137705837,-0.08208283472129332
610,2026-09-27T05:21:54.414+00:00,12.706,1790486514.4108477,1790486514.400349,1790486514.4110482,TEACHING_MODE,NORMAL,START_RECORDING,REACH_TARGET_POS_SUCCESSFULLY,0.18540632643935764,-0.6042853469179966,-1.1434000995665252,-0.6770306701411204,1.2092513722442713,0.20519836015697332,-0.48619636972806035,0.374882,-0.104568,0.518811,1.9464959015791958,-0.17383479349863523,-0.09700539982584483
611,2026-09-27T05:21:54.434+00:00,12.726,1790486514.4300077,1790486514.4197373,1790486514.4302876,TEACHING_MODE,NORMAL,START_RECORDING,REACH_TARGET_POS_SUCCESSFULLY,0.17095500023284457,-0.6064495551904697,-1.1434000995665252,-0.6757042199096047,1.2092513722442713,0.20519836015697332,-0.48619636972806035,0.374718,-0.109789,0.51766,1.9448203854972814,-0.17078046730764515,-0.11129964639967839
612,2026-09-27T05:21:54.454+00:00,12.746,1790486514.4500465,1790486514.4396508,1790486514.4502854,TEACHING_MODE,NORMAL,START_RECORDING,REACH_TARGET_POS_SUCCESSFULLY,0.15847589608108512,-0.6082646976125438,-1.1434000995665252,-0.6721437482355364,1.2092513722442713,0.20519836015697332,-0.48619636972806035,0.374102,-0.114438,0.517185,1.9429703364901674,-0.16959364341628902,-0.1237962038439578
613,2026-09-27T05:21:54.474+00:00,12.766,1790486514.4702752,1790486514.460349,1790486514.4703953,TEACHING_MODE,NORMAL,START_RECORDING,REACH_TARGET_POS_SUCCESSFULLY,0.1480737337391989,-0.6082646976125438,-1.1434000995665252,-0.6668903071870333,1.2092513722442713,0.20519836015697332,-0.48619636972806035,0.37293699999999996,-0.118017,0.517886,1.940265076149576,-0.17175785168876198,-0.13292427583188815
614,2026-09-27T05:21:54.494+00:00,12.786,1790486514.4900124,1790486514.4796975,1790486514.4902365,TEACHING_MODE,NORMAL,START_RECORDING,REACH_TARGET_POS_SUCCESSFULLY,0.1421745208674581,-0.6081250712723844,-1.1434000995665252,-0.6595250177436173,1.2092513722442713,0.20519836015697332,-0.48619636972806035,0.371809,-0.120547,0.519099,1.9366871511829877,-0.17540558982543014,-0.1389980216288284
615,2026-09-27T05:21:54.514+00:00,12.806,1790486514.510367,1790486514.4998624,1790486514.5105987,TEACHING_MODE,NORMAL,START_RECORDING,REACH_TARGET_POS_SUCCESSFULLY,0.1352106571520007,-0.6077585521294655,-1.1434000995665252,-0.6536607114569163,1.2092513722442713,0.20519836015697332,-0.48619636972806035,0.370836,-0.12196699999999999,0.520794,1.9318874957400036,-0.18050195124125357,-0.1418254550170592
616,2026-09-27T05:21:54.534+00:00,12.826,1790486514.5302966,1790486514.5213184,1790486514.5304453,TEACHING_MODE,NORMAL,START_RECORDING,REACH_TARGET_POS_SUCCESSFULLY,0.13070770768185533,-0.606973153966068,-1.1434000995665252,-0.6434156287477096,1.2092513722442713,0.20519836015697332,-0.48619636972806035,0.37029399999999996,-0.12160199999999999,0.5228809999999999,1.9259882828682626,-0.18676768325591322,-0.1396437934520663
617,2026-09-27T05:21:54.554+00:00,12.846,1790486514.5502656,1790486514.539594,1790486514.5503473,TEACHING_MODE,NORMAL,START_RECORDING,REACH_TARGET_POS_SUCCESSFULLY,0.13025392207633682,-0.6055245306869127,-1.1434000995665252,-0.6315299365416281,1.2092513722442713,0.20519836015697332,-0.48619636972806035,0.369647,-0.12139399999999999,0.5246259999999999,1.9217471327859164,-0.1919513111343364,-0.1381428102953512
618,2026-09-27T05:21:54.574+00:00,12.866,1790486514.5702538,1790486514.5603495,1790486514.5705006,TEACHING_MODE,NORMAL,START_RECORDING,REACH_TARGET_POS_SUCCESSFULLY,0.1302888286613767,-0.604826398986115,-1.1434000995665252,-0.617427676185514,1.2092513722442713,0.20519836015697332,-0.48619636972806035,0.369202,-0.118993,0.527616,1.9141724038322612,-0.20085249031950747,-0.1300095759810576
619,2026-09-27T05:21:54.594+00:00,12.887,1790486514.5900724,1790486514.5814905,1790486514.5903196,TEACHING_MODE,NORMAL,START_RECORDING,REACH_TARGET_POS_SUCCESSFULLY,0.13079497414445504,-0.602662190713642,-1.1434000995665252,-0.6030287098565609,1.2092513722442713,0.20519836015697332,-0.48619636972806035,0.36849499999999996,-0.11621999999999999,0.531141,1.905550477327409,-0.2113070125389535,-0.12058479802028822
620,2026-09-27T05:21:54.614+00:00,12.906,1790486514.6102812,1790486514.6007314,1790486514.6104994,TEACHING_MODE,NORMAL,START_RECORDING,REACH_TARGET_POS_SUCCESSFULLY,0.13187707828069153,-0.6006376087813285,-1.1434000995665252,-0.5893627818134453,1.2092513722442713,0.20530307991209298,-0.48619636972806035,0.368048,-0.11331,0.53435,1.8967191113123179,-0.22090632342492228,-0.11077604762408011
621,2026-09-27T05:21:54.634+00:00,12.926,1790486514.6307607,1790486514.6214178,1790486514.6310477,TEACHING_MODE,NORMAL,START_RECORDING,REACH_TARGET_POS_SUCCESSFULLY,0.13288936924684824,-0.599887117202971,-1.1434000995665252,-0.5763077190085276,1.2092513722442713,0.20530307991209298,-0.48619636972806035,0.36749899999999996,-0.11021199999999999,0.537505,1.8884811572429043,-0.23029619480065178,-0.1005833247924332
622,2026-09-27T05:21:54.654+00:00,12.946,1790486514.6501665,1790486514.6404052,1790486514.6503663,TEACHING_MODE,NORMAL,START_RECORDING,REACH_TARGET_POS_SUCCESSFULLY,0.13273228961416877,-0.5995555046450921,-1.1434000995665252,-0.5637064418091285,1.2092513722442713,0.20530307991209298,-0.48619636972806035,0.36719599999999997,-0.1076,0.5401929999999999,1.880051216955772,-0.23837706923738552,-0.09182177194742168
623,2026-09-27T05:21:54.674+00:00,12.967,1790486514.6706161,1790486514.6604486,1790486514.6708844,TEACHING_MODE,NORMAL,START_RECORDING,REACH_TARGET_POS_SUCCESSFULLY,0.13273228961416877,-0.5989969992844539,-1.1434000995665252,-0.5557651937125544,1.2092513722442713,0.20530307991209298,-0.48619636972806035,0.36698,-0.105087,0.5426179999999999,1.8719703425190382,-0.24567254551072185,-0.08342673824532895
624,2026-09-27T05:21:54.694+00:00,12.986,1790486514.6901734,1790486514.6813817,1790486514.6903596,TEACHING_MODE,NORMAL,START_RECORDING,REACH_TARGET_POS_SUCCESSFULLY,0.13273228961416877,-0.5988050130667345,-1.1434000995665252,-0.545101231982869,1.2092513722442713,0.20530307991209298,-0.48619636972806035,0.36669599999999997,-0.103575,0.544214,1.8669961541508544,-0.2504547476611863,-0.07829547024446562
625,2026-09-27T05:21:54.714+00:00,13.006,1790486514.709979,1790486514.7003574,1790486514.7103176,TEACHING_MODE,NORMAL,START_RECORDING,REACH_TARGET_POS_SUCCESSFULLY,0.132662476444089,-0.5987526531891747,-1.1434000995665252,-0.5355019210969002,1.2092513722442713,0.20530307991209298,-0.48619636972806035,0.366533,-0.101492,0.546144,1.8601370101905166,-0.2562841473628474,-0.0713141532364883
626,2026-09-27T05:21:54.734+00:00,13.026,1790486514.7310865,1790486514.719802,1790486514.731292,TEACHING_MODE,NORMAL,START_RECORDING,REACH_TARGET_POS_SUCCESSFULLY,0.132662476444089,-0.5987526531891747,-1.1434000995665252,-0.526635648496769,1.2092513722442713,0.20530307991209298,-0.48619636972806035,0.36639,-0.099605,0.547862,1.8538189182982971,-0.26148522853379047,-0.06497860805174889
627,2026-09-27T05:21:54.754+00:00,13.046,1790486514.7501292,1790486514.741497,1790486514.7503576,TEACHING_MODE,NORMAL,START_RECORDING,REACH_TARGET_POS_SUCCESSFULLY,0.13259266327400923,-0.598665386726575,-1.1434000995665252,-0.5188514800328743,1.2092513722442713,0.20530307991209298,-0.48619636972806035,0.366245,-0.097886,0.54941,1.8480418784741959,-0.26616271092913524,-0.059184114935127714
628,2026-09-27T05:21:54.774+00:00,13.066,1790486514.770083,1790486514.7600932,1790486514.7703245,TEACHING_MODE,NORMAL,START_RECORDING,REACH_TARGET_POS_SUCCESSFULLY,0.13259266327400923,-0.5984734005088556,-1.1434000995665252,-0.5119050696099369,1.2092513722442713,0.20530307991209298,-0.48619636972806035,0.366042,-0.096328,0.5508419999999999,1.8428931571808127,-0.27047367418156126,-0.05393067388662478
629,2026-09-27T05:21:54.794+00:00,13.087,1790486514.7906046,1790486514.780243,1790486514.7904286,TEACHING_MODE,NORMAL,START_RECORDING,REACH_TARGET_POS_SUCCESSFULLY,0.13259266327400923,-0.5983163208761761,-1.1434000995665252,-0.5060931232007957,1.2092513722442713,0.20530307991209298,-0.48619636972806035,0.365848,-0.094981,0.552078,1.838425114295707,-0.2741912254883092,-0.04937536453891959
630,2026-09-27T05:21:54.814+00:00,13.106,1790486514.8101003,1790486514.8006246,1790486514.8103206,TEACHING_MODE,NORMAL,START_RECORDING,REACH_TARGET_POS_SUCCESSFULLY,0.13264502315156906,-0.5966931646718214,-1.1434000995665252,-0.5030038904247658,1.2092513722442713,0.20530307991209298,-0.48619636972806035,0.365525,-0.093885,0.553227,1.834777376159039,-0.277629524114738,-0.04562290664713177
631,2026-09-27T05:21:54.834+00:00,13.126,1790486514.8300402,1790486514.820357,1790486514.8303084,TEACHING_MODE,NORMAL,START_RECORDING,REACH_TARGET_POS_SUCCESSFULLY,0.13264502315156906,-0.5935690253107515,-1.1434000995665252,-0.49967031155345665,1.2092513722442713,0.20530307991209298,-0.48619636972806035,0.364658,-0.09337,0.55443,1.8331367666621643,-0.2811201826187266,-0.04363323129985824
632,2026-09-27T05:21:54.854+00:00,13.146,1790486514.8502998,1790486514.8405788,1790486514.8505418,TEACHING_MODE,NORMAL,START_RECORDING,REACH_TARGET_POS_SUCCESSFULLY,0.13261011656652916,-0.5891707955957258,-1.1434000995665252,-0.4974362901109039,1.2092513722442713,0.20530307991209298,-0.48619636972806035,0.36300699999999997,-0.092971,0.556286,1.8317928631381288,-0.2864783434223493,-0.04176572900022431
633,2026-09-27T05:21:54.874+00:00,13.166,1790486514.8701353,1790486514.860571,1790486514.8703606,TEACHING_MODE,NORMAL,START_RECORDING,REACH_TARGET_POS_SUCCESSFULLY,0.13259266327400923,-0.5828352504109864,-1.1434000995665252,-0.49590040036914884,1.2092513722442713,0.20530307991209298,-0.48619636972806035,0.36086799999999997,-0.092876,0.558361,1.8313914374101699,-0.2924299161716499,-0.04075343803406759
634,2026-09-27T05:21:54.894+00:00,13.187,1790486514.8901136,1790486514.880762,1790486514.890418,TEACHING_MODE,NORMAL,START_RECORDING,REACH_TARGET_POS_SUCCESSFULLY,0.13259266327400923,-0.5751034418246516,-1.1434000995665252,-0.49527208183843086,1.2092513722442713,0.20530307991209298,-0.48619636972806035,0.35805699999999996,-0.09294,0.5609069999999999,1.8315136104578096,-0.29977775232254605,-0.04007275962578981
635,2026-09-27T05:21:54.914+00:00,13.206,1790486514.9105644,1790486514.902502,1790486514.9108505,TEACHING_MODE,NORMAL,START_RECORDING,REACH_TARGET_POS_SUCCESSFULLY,0.13264502315156906,-0.566045183006801,-1.1434000995665252,-0.4951848153758312,1.2092513722442713,0.20530307991209298,-0.48619636972806035,0.35473,-0.093362,0.5636209999999999,1.8328749672743652,-0.3076142806640006,-0.040421825476188666
636,2026-09-27T05:21:54.934+00:00,13.226,1790486514.9306781,1790486514.92105,1790486514.9308686,TEACHING_MODE,NORMAL,START_RECORDING,REACH_TARGET_POS_SUCCESSFULLY,0.13271483632164882,-0.5595001983118223,-1.1434000995665252,-0.4951848153758312,1.2092513722442713,0.20530307991209298,-0.48619636972806035,0.350535,-0.093901,0.566964,1.8346726564039193,-0.3173881244751688,-0.04091051766674708
637,2026-09-27T05:21:54.954+00:00,13.247,1790486514.951211,1790486514.9410403,1790486514.9515707,TEACHING_MODE,NORMAL,START_RECORDING,REACH_TARGET_POS_SUCCESSFULLY,0.13276719619920865,-0.5483824509766184,-1.1434000995665252,-0.4951848153758312,1.2092513722442713,0.20530307991209298,-0.48619636972806035,0.347757,-0.094252,0.569143,1.8358594802952755,-0.323810936122508,-0.04122467693210607
638,2026-09-27T05:21:54.974+00:00,13.266,1790486514.9703124,1790486514.9627066,1790486514.970466,TEACHING_MODE,NORMAL,START_RECORDING,REACH_TARGET_POS_SUCCESSFULLY,0.13276719619920865,-0.536810918035896,-1.1434000995665252,-0.49539425488607053,1.2092513722442713,0.20530307991209298,-0.48619636972806035,0.342843,-0.09491,0.5729069999999999,1.8380411418602682,-0.33505085650535144,-0.0419228086329038
639,2026-09-27T05:21:54.994+00:00,13.287,1790486514.9901333,1790486514.9807491,1790486514.9903805,TEACHING_MODE,NORMAL,START_RECORDING,REACH_TARGET_POS_SUCCESSFULLY,0.13276719619920865,-0.5250473988774542,-1.1434000995665252,-0.49539425488607053,1.2092513722442713,0.20530307991209298,-0.48619636972806035,0.337754,-0.09561,0.576709,1.840292616595341,-0.34658748286103397,-0.042708206796301246
640,2026-09-27T05:21:55.014+00:00,13.306,1790486515.010423,1790486515.0021968,1790486515.0107043,TEACHING_MODE,NORMAL,START_RECORDING,REACH_TARGET_POS_SUCCESSFULLY,0.13276719619920865,-0.5135282258142916,-1.1434000995665252,-0.49539425488607053,1.2092513722442713,0.20530307991209298,-0.48619636972806035,0.33266599999999996,-0.096289,0.580432,1.842456824867814,-0.35805429604663674,-0.04345869837465881
641,2026-09-27T05:21:55.034+00:00,13.326,1790486515.0300586,1790486515.0209353,1790486515.0302763,TEACHING_MODE,NORMAL,START_RECORDING,REACH_TARGET_POS_SUCCESSFULLY,0.1328370093692884,-0.5023057587239681,-1.1434000995665252,-0.49539425488607053,1.2093560919993909,0.20530307991209298,-0.48619636972806035,0.32769899999999996,-0.096953,0.5839799999999999,1.844586126555247,-0.36915459008932067,-0.044226643245536316
642,2026-09-27T05:21:55.054+00:00,13.346,1790486515.0500896,1790486515.0409634,1790486515.0503266,TEACHING_MODE,NORMAL,START_RECORDING,REACH_TARGET_POS_SUCCESSFULLY,0.13365731411772577,-0.49247955503524,-1.1434000995665252,-0.49560369439630986,1.209338638706871,0.20530307991209298,-0.48619636972806035,0.322753,-0.097548,0.5874429999999999,1.84676778812024,-0.3802199775469647,-0.04475024202113461
643,2026-09-27T05:21:55.074+00:00,13.366,1790486515.0705523,1790486515.0619948,1790486515.0707586,TEACHING_MODE,NORMAL,START_RECORDING,REACH_TARGET_POS_SUCCESSFULLY,0.1356120828799594,-0.48626618289814016,-1.1434000995665252,-0.49560369439630986,1.209338638706871,0.20530307991209298,-0.48619636972806035,0.318685,-0.097676,0.590287,1.8487400101749936,-0.38940040941245485,-0.04406956361285682
644,2026-09-27T05:21:55.094+00:00,13.387,1790486515.0900934,1790486515.0807645,1790486515.0903199,TEACHING_MODE,NORMAL,START_RECORDING,REACH_TARGET_POS_SUCCESSFULLY,0.1405339113705834,-0.47795841565864716,-1.1434000995665252,-0.49560369439630986,1.209338638706871,0.20530307991209298,-0.48619636972806035,0.31629999999999997,-0.097277,0.592044,1.84985702089627,-0.3951425426515162,-0.04211479485062317
645,2026-09-27T05:21:55.114+00:00,13.406,1790486515.110969,1790486515.1013339,1790486515.1101956,TEACHING_MODE,NORMAL,START_RECORDING,REACH_TARGET_POS_SUCCESSFULLY,0.14732324216084136,-0.47150069742626816,-1.1434000995665252,-0.49560369439630986,1.209338638706871,0.20530307991209298,-0.48619636972806035,0.313266,-0.09593199999999999,0.5944269999999999,1.851410363930545,-0.4029965242854907,-0.03682644721708035
646,2026-09-27T05:21:55.134+00:00,13.426,1790486515.130118,1790486515.123863,1790486515.1303246,TEACHING_MODE,NORMAL,START_RECORDING,REACH_TARGET_POS_SUCCESSFULLY,0.15475834477433723,-0.4657585641872068,-1.1434000995665252,-0.49560369439630986,1.209338638706871,0.20530307991209298,-0.48619636972806035,0.311139,-0.09414199999999999,0.596251,1.852614641114421,-0.4090877233749509,-0.03024655593706173
647,2026-09-27T05:21:55.154+00:00,13.446,1790486515.1501532,1790486515.1415734,1790486515.1503587,TEACHING_MODE,NORMAL,START_RECORDING,REACH_TARGET_POS_SUCCESSFULLY,0.16004669240788003,-0.46324529006433496,-1.1434000995665252,-0.49560369439630986,1.209338638706871,0.20530307991209298,-0.48619636972806035,0.30963399999999996,-0.09217199999999999,0.597669,1.853557118910498,-0.4138524722328954,-0.02319542575900464
648,2026-09-27T05:21:55.174+00:00,13.466,1790486515.171083,1790486515.1603813,1790486515.171314,TEACHING_MODE,NORMAL,START_RECORDING,REACH_TARGET_POS_SUCCESSFULLY,0.171443692423403,-0.4605749363087836,-1.1434000995665252,-0.49560369439630986,1.209338638706871,0.20530307991209298,-0.48619636972806035,0.30918399999999996,-0.089818,0.598437,1.8540807176860963,-0.416453012818367,-0.015166911199830723
649,2026-09-27T05:21:55.194+00:00,13.486,1790486515.1903505,1790486515.179935,1790486515.1905816,TEACHING_MODE,NORMAL,START_RECORDING,REACH_TARGET_POS_SUCCESSFULLY,0.18188076135032907,-0.46040040338358423,-1.1434000995665252,-0.4957433207364694,1.209338638706871,0.20530307991209298,-0.48619636972806035,0.309367,-0.087057,0.5988439999999999,1.8543599703664153,-0.41783182292744253,-0.005986479334340551
650,2026-09-27T05:21:55.214+00:00,13.506,1790486515.210122,1790486515.2014365,1790486515.210328,TEACHING_MODE,NORMAL,START_RECORDING,REACH_TARGET_POS_SUCCESSFULLY,0.19038051480754145,-0.46040040338358423,-1.1434000995665252,-0.496790518287666,1.209338638706871,0.20530307991209298,-0.48619636972806035,0.310342,-0.083621,0.598802,1.8545345032916147,-0.41769219658728296,0.005061454830783556
651,2026-09-27T05:21:55.234+00:00,13.526,1790486515.2306218,1790486515.2204757,1790486515.2309463,TEACHING_MODE,NORMAL,START_RECORDING,REACH_TARGET_POS_SUCCESSFULLY,0.20411625602073685,-0.46040040338358423,-1.1434000995665252,-0.49818678168926145,1.209338638706871,0.20530307991209298,-0.48619636972806035,0.311174,-0.081185,0.598511,1.8558435002306106,-0.4167846253762459,0.012775810124598492
652,2026-09-27T05:21:55.254+00:00,13.546,1790486515.2500489,1790486515.2417142,1790486515.25029,TEACHING_MODE,NORMAL,START_RECORDING,REACH_TARGET_POS_SUCCESSFULLY,0.21806143674417153,-0.4604876698461839,-1.1434000995665252,-0.5015552671456105,1.209338638706871,0.20530307991209298,-0.48619636972806035,0.312463,-0.077419,0.598012,1.8579902552105634,-0.415213829049451,0.02464404903815993
653,2026-09-27T05:21:55.274+00:00,13.566,1790486515.2700613,1790486515.2595813,1790486515.2702801,TEACHING_MODE,NORMAL,START_RECORDING,REACH_TARGET_POS_SUCCESSFULLY,0.2318669911274467,-0.4604876698461839,-1.1434000995665252,-0.5064247357586746,1.209338638706871,0.20530307991209298,-0.48619636972806035,0.313703,-0.073626,0.597503,1.8602068233605964,-0.4136081261376162,0.03651228795172137
654,2026-09-27T05:21:55.294+00:00,13.586,1790486515.2903323,1790486515.2805552,1790486515.2905772,TEACHING_MODE,NORMAL,START_RECORDING,REACH_TARGET_POS_SUCCESSFULLY,0.2448871473473244,-0.4604876698461839,-1.1434000995665252,-0.5127253743583742,1.209338638706871,0.20530307991209298,-0.48619636972806035,0.315039,-0.07041499999999999,0.596536,1.8644828800279825,-0.41058870653166607,0.04626867847036968
655,2026-09-27T05:21:55.314+00:00,13.606,1790486515.310002,1790486515.2998176,1790486515.310272,TEACHING_MODE,NORMAL,START_RECORDING,REACH_TARGET_POS_SUCCESSFULLY,0.25677283955340574,-0.4604876698461839,-1.1434000995665252,-0.5202302901419499,1.209338638706871,0.20530307991209298,-0.48619636972806035,0.31636,-0.067748,0.5953309999999999,1.8697712276615253,-0.4068013420548383,0.05412266010434416
656,2026-09-27T05:21:55.334+00:00,13.627,1790486515.3310614,1790486515.32045,1790486515.331318,TEACHING_MODE,NORMAL,START_RECORDING,REACH_TARGET_POS_SUCCESSFULLY,0.26750661445317087,-0.4604876698461839,-1.1434000995665252,-0.529114016034601,1.209338638706871,0.20530307991209298,-0.48619636972806035,0.317672,-0.065648,0.593886,1.8760020530911452,-0.402280939292173,0.060021872976084994
657,2026-09-27T05:21:55.354+00:00,13.646,1790486515.3501654,1790486515.3402047,1790486515.3503995,TEACHING_MODE,NORMAL,START_RECORDING,REACH_TARGET_POS_SUCCESSFULLY,0.27385961293043026,-0.4604876698461839,-1.1434000995665252,-0.5389751263083689,1.209338638706871,0.20530307991209298,-0.48619636972806035,0.318952,-0.064231,0.59221,1.8831404497318018,-0.3970274982436701,0.06361725123519331
658,2026-09-27T05:21:55.374+00:00,13.666,1790486515.3701038,1790486515.3597865,1790486515.3703222,TEACHING_MODE,NORMAL,START_RECORDING,REACH_TARGET_POS_SUCCESSFULLY,0.2826386190679617,-0.4604876698461839,-1.1434000995665252,-0.5499357940108933,1.209338638706871,0.20530307991209298,-0.48619636972806035,0.320224,-0.063293,0.5903379999999999,1.8909595247807365,-0.3911806452494891,0.06558947328994691
659,2026-09-27T05:21:55.394+00:00,13.687,1790486515.3915653,1790486515.3797648,1790486515.3919837,TEACHING_MODE,NORMAL,START_RECORDING,REACH_TARGET_POS_SUCCESSFULLY,0.2901435348515373,-0.4604876698461839,-1.1434000995665252,-0.5578072289373878,1.209338638706871,0.20530307991209298,-0.48619636972806035,0.321334,-0.063679,0.588245,1.8995465447005484,-0.3846356605545104,0.06332054526235428
660,2026-09-27T05:21:55.414+00:00,13.706,1790486515.4100034,1790486515.401116,1790486515.4104834,TEACHING_MODE,NORMAL,START_RECORDING,REACH_TARGET_POS_SUCCESSFULLY,0.29639181357367705,-0.4604876698461839,-1.1434000995665252,-0.5705830390619863,1.209338638706871,0.20530307991209298,-0.48619636972806035,0.32233799999999996,-0.062931,0.586703,1.9057773701301681,-0.379818551819006,0.06487388829662923
661,2026-09-27T05:21:55.434+00:00,13.726,1790486515.4300551,1790486515.4202778,1790486515.430277,TEACHING_MODE,NORMAL,START_RECORDING,REACH_TARGET_POS_SUCCESSFULLY,0.30155798815958024,-0.4604876698461839,-1.1434000995665252,-0.5843885934452614,1.209338638706871,0.2052681733270531,-0.48619636972806035,0.323565,-0.06357399999999999,0.584212,1.9156559336964563,-0.37203438335511124,0.06164502918043972
662,2026-09-27T05:21:55.454+00:00,13.746,1790486515.451314,1790486515.440622,1790486515.451477,TEACHING_MODE,NORMAL,START_RECORDING,REACH_TARGET_POS_SUCCESSFULLY,0.30464722093561025,-0.4604876698461839,-1.1434000995665252,-0.5990319058694938,1.209338638706871,0.2052681733270531,-0.48619636972806035,0.32475,-0.064744,0.581531,1.9260580960383424,-0.36367425623805844,0.05672320068981571
663,2026-09-27T05:21:55.474+00:00,13.766,1790486515.4700837,1790486515.4594722,1790486515.47033,TEACHING_MODE,NORMAL,START_RECORDING,REACH_TARGET_POS_SUCCESSFULLY,0.3077015471266003,-0.4604876698461839,-1.1434000995665252,-0.6148271356000425,1.209338638706871,0.2052681733270531,-0.48619636972806035,0.32586699999999996,-0.066621,0.578612,1.9371060302034664,-0.354581090835168,0.0495848040491589
664,2026-09-27T05:21:55.494+00:00,13.787,1790486515.490631,1790486515.4801316,1790486515.4910333,TEACHING_MODE,NORMAL,START_RECORDING,REACH_TARGET_POS_SUCCESSFULLY,0.3091501704057556,-0.4604876698461839,-1.1434000995665252,-0.6307270850857107,1.209338638706871,0.2052681733270531,-0.48619636972806035,0.32701399999999997,-0.068578,0.575483,1.948642656559149,-0.34484215360903964,0.042167154728183
665,2026-09-27T05:21:55.514+00:00,13.806,1790486515.510154,1790486515.5002396,1790486515.5103543,TEACHING_MODE,NORMAL,START_RECORDING,REACH_TARGET_POS_SUCCESSFULLY,0.3093770632085148,-0.46059238960130355,-1.1434000995665252,-0.6467666609115388,1.209338638706871,0.2052681733270531,-0.48619636972806035,0.327986,-0.07117,0.572303,1.9600745631597118,-0.3349635900427517,0.03288200310757317
666,2026-09-27T05:21:55.534+00:00,13.827,1790486515.5300672,1790486515.5197275,1790486515.5303364,TEACHING_MODE,NORMAL,START_RECORDING,REACH_TARGET_POS_SUCCESSFULLY,0.3094643296711146,-0.4608890955741426,-1.1434000995665252,-0.6579716747093423,1.209338638706871,0.2052681733270531,-0.48619636972806035,0.328938,-0.074084,0.568974,1.971454109882715,-0.3246312408709453,0.022584560520806624
667,2026-09-27T05:21:55.554+00:00,13.846,1790486515.5515244,1790486515.5398548,1790486515.5518215,TEACHING_MODE,NORMAL,START_RECORDING,REACH_TARGET_POS_SUCCESSFULLY,0.3094643296711146,-0.4611159883769019,-1.1434000995665252,-0.6755471402769252,1.209338638706871,0.2052681733270531,-0.48619636972806035,0.32963899999999996,-0.07608,0.566564,1.9793429981017292,-0.3171437783798896,0.015498523757709647
668,2026-09-27T05:21:55.574+00:00,13.866,1790486515.5701487,1790486515.559814,1790486515.570349,TEACHING_MODE,NORMAL,START_RECORDING,REACH_TARGET_POS_SUCCESSFULLY,0.3094643296711146,-0.462320265560778,-1.1434000995665252,-0.6933494986472674,1.209338638706871,0.2052681733270531,-0.48619636972806035,0.33061399999999996,-0.079189,0.562817,1.9914904896956098,-0.30551988556160736,0.004590215932745087
669,2026-09-27T05:21:55.594+00:00,13.887,1790486515.5900211,1790486515.5795944,1790486515.5903065,TEACHING_MODE,NORMAL,START_RECORDING,REACH_TARGET_POS_SUCCESSFULLY,0.3093945165010348,-0.4645019271257709,-1.1434000995665252,-0.7102966456841323,1.209338638706871,0.2052681733270531,-0.48619636972806035,0.331951,-0.082129,0.558725,2.003044569343812,-0.2927964353145687,-0.006038839211900381
670,2026-09-27T05:21:55.614+00:00,13.906,1790486515.6102786,1790486515.5999653,1790486515.610605,TEACHING_MODE,NORMAL,START_RECORDING,REACH_TARGET_POS_SUCCESSFULLY,0.3093945165010348,-0.4680623987998393,-1.1434000995665252,-0.7257777161493221,1.209338638706871,0.2052681733270531,-0.48619636972806035,0.33366999999999997,-0.08465199999999999,0.554473,2.0132198388829394,-0.27953193299941187,-0.015638150097869192
671,2026-09-27T05:21:55.634+00:00,13.926,1790486515.6301053,1790486515.6194465,1790486515.6304111,TEACHING_MODE,NORMAL,START_RECORDING,REACH_TARGET_POS_SUCCESSFULLY,0.3093945165010348,-0.4730191338755032,-1.1434000995665252,-0.7394785507774775,1.209338638706871,0.2052681733270531,-0.48619636972806035,0.335827,-0.08669199999999999,0.550102,2.021649779170072,-0.26588345824881615,-0.024015730507441976
672,2026-09-27T05:21:55.654+00:00,13.946,1790486515.650039,1790486515.6396644,1790486515.6503594,TEACHING_MODE,NORMAL,START_RECORDING,REACH_TARGET_POS_SUCCESSFULLY,0.3093945165010348,-0.47719047078776966,-1.1434000995665252,-0.751346789691039,1.209338638706871,0.2052681733270531,-0.48619636972806035,0.338325,-0.08825999999999999,0.545725,2.02833439020521,-0.2522175302057006,-0.031154127148098783
673,2026-09-27T05:21:55.674+00:00,13.966,1790486515.6702745,1790486515.6604824,1790486515.6703963,TEACHING_MODE,NORMAL,START_RECORDING,REACH_TARGET_POS_SUCCESSFULLY,0.3092374368683553,-0.4842241476733068,-1.1434000995665252,-0.7578568678009778,1.209338638706871,0.2052681733270531,-0.48619636972806035,0.340491,-0.089544,0.541913,2.0337798174714323,-0.24036674458465906,-0.03712315318991939
674,2026-09-27T05:21:55.694+00:00,13.986,1790486515.6901646,1790486515.679991,1790486515.6903641,TEACHING_MODE,NORMAL,START_RECORDING,REACH_TARGET_POS_SUCCESSFULLY,0.3090105440655961,-0.4928809807631987,-1.1434000995665252,-0.7644891189585562,1.209338638706871,0.2052681733270531,-0.48619636972806035,0.343343,-0.089706,0.538542,2.034949188070269,-0.22984240919513327,-0.04000294645571004
675,2026-09-27T05:21:55.714+00:00,14.007,1790486515.7108138,1790486515.6998577,1790486515.7110462,TEACHING_MODE,NORMAL,START_RECORDING,REACH_TARGET_POS_SUCCESSFULLY,0.3082600524872385,-0.5024802916491674,-1.1434000995665252,-0.7668453134487485,1.209338638706871,0.2052681733270531,-0.48619636972806035,0.346897,-0.089613,0.534646,2.0350364545328685,-0.21778218406385244,-0.042655846918741414
676,2026-09-27T05:21:55.734+00:00,14.026,1790486515.7302291,1790486515.7200677,1790486515.7304568,TEACHING_MODE,NORMAL,START_RECORDING,REACH_TARGET_POS_SUCCESSFULLY,0.30810297285455895,-0.5097757679225038,-1.1434000995665252,-0.7665486074759096,1.209338638706871,0.2052681733270531,-0.48619636972806035,0.350751,-0.08878,0.531253,2.032069394804478,-0.20734511513692636,-0.04314453910929983
677,2026-09-27T05:21:55.754+00:00,14.046,1790486515.7501805,1790486515.7395992,1790486515.7503538,TEACHING_MODE,NORMAL,START_RECORDING,REACH_TARGET_POS_SUCCESSFULLY,0.30663689628288376,-0.5243841737616963,-1.1434000995665252,-0.7657632093125121,1.209338638706871,0.2052681733270531,-0.48619636972806035,0.354603,-0.08766399999999999,0.5281469999999999,2.0279678710622915,-0.19792033717615698,-0.042725660088821185
678,2026-09-27T05:21:55.774+00:00,14.066,1790486515.7703252,1790486515.7594182,1790486515.7705448,TEACHING_MODE,NORMAL,START_RECORDING,REACH_TARGET_POS_SUCCESSFULLY,0.3052580861738083,-0.5356764540220996,-1.1434000995665252,-0.7624470837337229,1.209338638706871,0.2052681733270531,-0.48619636972806035,0.35863,-0.086392,0.5250509999999999,2.0228889629389877,-0.18867009214058703,-0.04190535534038386
679,2026-09-27T05:21:55.794+00:00,14.086,1790486515.7901268,1790486515.780335,1790486515.7903678,TEACHING_MODE,NORMAL,START_RECORDING,REACH_TARGET_POS_SUCCESSFULLY,0.3023782929080176,-0.5440191278466325,-1.1434000995665252,-0.759602197052972,1.209338638706871,0.2052681733270531,-0.48619636972806035,0.362689,-0.085465,0.52193,2.0170944698223665,-0.17948966027509686,-0.04207988826558329
680,2026-09-27T05:21:55.814+00:00,14.106,1790486515.8101194,1790486515.8000631,1790486515.8103476,TEACHING_MODE,NORMAL,START_RECORDING,REACH_TARGET_POS_SUCCESSFULLY,0.2966536129614762,-0.5573359900393493,-1.1434000995665252,-0.7575776151206587,1.209338638706871,0.2052681733270531,-0.48619636972806035,0.36555899999999997,-0.085204,0.519756,2.0122948143793824,-0.17322392826043723,-0.04326671215693943
681,2026-09-27T05:21:55.834+00:00,14.126,1790486515.8302834,1790486515.8200321,1790486515.8304896,TEACHING_MODE,NORMAL,START_RECORDING,REACH_TARGET_POS_SUCCESSFULLY,0.28986428217121823,-0.5703037863816671,-1.1434000995665252,-0.7546454619773082,1.209338638706871,0.2052681733270531,-0.48619636972806035,0.36984999999999996,-0.085552,0.515852,2.0066050410178806,-0.1620189144626336,-0.047263516144006444
682,2026-09-27T05:21:55.854+00:00,14.146,1790486515.8500986,1790486515.839685,1790486515.8503335,TEACHING_MODE,NORMAL,START_RECORDING,REACH_TARGET_POS_SUCCESSFULLY,0.2818183143195244,-0.5836381018669038,-1.1434000995665252,-0.751364242983559,1.209338638706871,0.2052681733270531,-0.48619636972806035,0.373893,-0.086394,0.5121089999999999,2.00061856168354,-0.1514945790731078,-0.05230751768227006
683,2026-09-27T05:21:55.874+00:00,14.166,1790486515.870722,1790486515.8594577,1790486515.870857,TEACHING_MODE,NORMAL,START_RECORDING,REACH_TARGET_POS_SUCCESSFULLY,0.2756922086450243,-0.5924869211745151,-1.1434000995665252,-0.7470009198535731,1.209338638706871,0.2052681733270531,-0.48619636972806035,0.37790199999999996,-0.087516,0.50846,1.993881590770842,-0.1414589358741404,-0.057857664703612026
684,2026-09-27T05:21:55.894+00:00,14.186,1790486515.8904967,1790486515.8803377,1790486515.8907845,TEACHING_MODE,NORMAL,START_RECORDING,REACH_TARGET_POS_SUCCESSFULLY,0.2615724949963902,-0.6104463591775366,-1.1434000995665252,-0.7435626212271442,1.209338638706871,0.2052681733270531,-0.48619636972806035,0.381764,-0.08918999999999999,0.50485,1.986813007300265,-0.131737451940532,-0.06461208890883008
685,2026-09-27T05:21:55.914+00:00,14.206,1790486515.9100888,1790486515.8999124,1790486515.9103076,TEACHING_MODE,NORMAL,START_RECORDING,REACH_TARGET_POS_SUCCESSFULLY,0.2500882285182675,-0.6237283147852136,-1.1434000995665252,-0.736546397634127,1.209338638706871,0.2052681733270531,-0.48619636972806035,0.385498,-0.091247,0.501323,1.979377904686769,-0.12245230031992216,-0.07204719152232593
686,2026-09-27T05:21:55.934+00:00,14.227,1790486515.9301,1790486515.9198022,1790486515.9303641,TEACHING_MODE,NORMAL,START_RECORDING,REACH_TARGET_POS_SUCCESSFULLY,0.24225170017681297,-0.6329436532357436,-1.1434000995665252,-0.7310835170753848,1.209338638706871,0.2052681733270531,-0.48619636972806035,0.389258,-0.09350599999999999,0.497641,1.9718904421957135,-0.11292280260403312,-0.07983135998622064
687,2026-09-27T05:21:55.954+00:00,14.246,1790486515.9501898,1790486515.9405446,1790486515.9504268,TEACHING_MODE,NORMAL,START_RECORDING,REACH_TARGET_POS_SUCCESSFULLY,0.23022638163057202,-0.6468190207890986,-1.1434000995665252,-0.7269994466257181,1.209338638706871,0.2052681733270531,-0.48619636972806035,0.39177999999999996,-0.094799,0.495534,1.9657294299361734,-0.10775662801812991,-0.08405505677604691
688,2026-09-27T05:21:55.974+00:00,14.266,1790486515.9706194,1790486515.9598513,1790486515.9708261,TEACHING_MODE,NORMAL,START_RECORDING,REACH_TARGET_POS_SUCCESSFULLY,0.21839304930205045,-0.6603278691995347,-1.1434000995665252,-0.7204893685157792,1.2095829848021502,0.2052681733270531,-0.48619636972806035,0.39552899999999996,-0.097172,0.49184799999999995,1.9578579950096793,-0.09861110273767963,-0.09157742585214247
689,2026-09-27T05:21:55.994+00:00,14.287,1790486515.9912865,1790486515.9794676,1790486515.9914618,TEACHING_MODE,NORMAL,START_RECORDING,REACH_TARGET_POS_SUCCESSFULLY,0.20694368940896768,-0.6731909457867328,-1.1434000995665252,-0.7134382383377221,1.20967025126475,0.2052681733270531,-0.48619636972806035,0.398991,-0.10009699999999999,0.487904,1.9513479168997403,-0.08883725892651137,-0.10039133857471383
690,2026-09-27T05:21:56.014+00:00,14.306,1790486516.0101104,1790486516.0001855,1790486516.0103588,TEACHING_MODE,NORMAL,START_RECORDING,REACH_TARGET_POS_SUCCESSFULLY,0.19992746581595044,-0.6846403056798157,-1.1434000995665252,-0.7056889764588673,1.20967025126475,0.2052681733270531,-0.48619636972806035,0.402257,-0.10223399999999999,0.48480199999999996,1.9434939352657656,-0.08155923594569502,-0.10651744424921393
691,2026-09-27T05:21:56.034+00:00,14.326,1790486516.0302126,1790486516.01941,1790486516.0304122,TEACHING_MODE,NORMAL,START_RECORDING,REACH_TARGET_POS_SUCCESSFULLY,0.18694221618111265,-0.6948853883890224,-1.1434000995665252,-0.6969448769063757,1.20967025126475,0.2052681733270531,-0.48619636972806035,0.405143,-0.104058,0.48228099999999996,1.935762126679431,-0.07592182246175334,-0.11138691286227811
692,2026-09-27T05:21:56.054+00:00,14.346,1790486516.0510879,1790486516.0396142,1790486516.051292,TEACHING_MODE,NORMAL,START_RECORDING,REACH_TARGET_POS_SUCCESSFULLY,0.17807594358098144,-0.7033676885537149,-1.1434000995665252,-0.6868394205373285,1.20967025126475,0.2052681733270531,-0.48619636972806035,0.40764999999999996,-0.105558,0.48044699999999996,1.9279081450454563,-0.07220427115500543,-0.11491247795130667
693,2026-09-27T05:21:56.074+00:00,14.366,1790486516.0703623,1790486516.0596156,1790486516.070412,TEACHING_MODE,NORMAL,START_RECORDING,REACH_TARGET_POS_SUCCESSFULLY,0.17231635704940015,-0.7084465966770184,-1.1434000995665252,-0.6752853408891261,1.20967025126475,0.2052681733270531,-0.48619636972806035,0.409825,-0.106615,0.479357,1.9196701909760432,-0.07056366165813074,-0.11683234012850043
694,2026-09-27T05:21:56.094+00:00,14.386,1790486516.0903401,1790486516.0797567,1790486516.090584,TEACHING_MODE,NORMAL,START_RECORDING,REACH_TARGET_POS_SUCCESSFULLY,0.16460200175558523,-0.7146599688141182,-1.1434000995665252,-0.6669252137720733,1.20967025126475,0.2052681733270531,-0.48619636972806035,0.41106499999999996,-0.106316,0.480027,1.9118336626345886,-0.07347836150896127,-0.11461577197846762
695,2026-09-27T05:21:56.114+00:00,14.407,1790486516.1118832,1790486516.1000767,1790486516.1121757,TEACHING_MODE,NORMAL,START_RECORDING,REACH_TARGET_POS_SUCCESSFULLY,0.15809192364564637,-0.7190407452366239,-1.1434000995665252,-0.6533465521915572,1.20967025126475,0.2052681733270531,-0.48619636972806035,0.412674,-0.106462,0.48025199999999996,1.9030022966194975,-0.0753807703936351,-0.11344640137963143
696,2026-09-27T05:21:56.134+00:00,14.426,1790486516.13136,1790486516.1198964,1790486516.1316104,TEACHING_MODE,NORMAL,START_RECORDING,REACH_TARGET_POS_SUCCESSFULLY,0.15301301552234287,-0.7220252582575342,-1.1434000995665252,-0.6390697589102436,1.20967025126475,0.2052681733270531,-0.48619636972806035,0.41352099999999997,-0.107027,0.480626,1.8968063777749173,-0.07728317927830891,-0.11358602771979097
697,2026-09-27T05:21:56.154+00:00,14.446,1790486516.1509855,1790486516.1405487,1790486516.151298,TEACHING_MODE,NORMAL,START_RECORDING,REACH_TARGET_POS_SUCCESSFULLY,0.14877186543999665,-0.722391777400453,-1.1434000995665252,-0.6240075674655327,1.20967025126475,0.2052681733270531,-0.48619636972806035,0.414118,-0.106028,0.48259399999999997,1.8882368111476253,-0.08363617775556827,-0.10887363873940628
698,2026-09-27T05:21:56.174+00:00,14.466,1790486516.1721683,1790486516.1640177,1790486516.1725047,TEACHING_MODE,NORMAL,START_RECORDING,REACH_TARGET_POS_SUCCESSFULLY,0.14763740142620033,-0.7224441372780128,-1.1434000995665252,-0.6139893775590852,1.20967025126475,0.2052681733270531,-0.48619636972806035,0.414149,-0.104391,0.48547199999999996,1.8797894175679728,-0.0922755575529402,-0.10227629416686772
699,2026-09-27T05:21:56.194+00:00,14.486,1790486516.1913023,1790486516.1829755,1790486516.1915026,TEACHING_MODE,NORMAL,START_RECORDING,REACH_TARGET_POS_SUCCESSFULLY,0.14496704767064902,-0.722077618135094,-1.1434000995665252,-0.592190215201676,1.20967025126475,0.2052681733270531,-0.48619636972806035,0.41418,-0.102059,0.48856299999999997,1.8710278647229612,-0.10145598941843037,-0.0938463538797351
700,2026-09-27T05:21:56.214+00:00,14.506,1790486516.210697,1790486516.200326,1790486516.210814,TEACHING_MODE,NORMAL,START_RECORDING,REACH_TARGET_POS_SUCCESSFULLY,0.14350097109897378,-0.7220427115500541,-1.1434000995665252,-0.5754001477974906,1.20967025126475,0.2052681733270531,-0.48619636972806035,0.41423,-0.0996,0.491753,1.8614460071295125,-0.11096803384179948,-0.08492772140204408
701,2026-09-27T05:21:56.234+00:00,14.526,1790486516.2305248,1790486516.2203565,1790486516.2307565,TEACHING_MODE,NORMAL,START_RECORDING,REACH_TARGET_POS_SUCCESSFULLY,0.14135421611902074,-0.7217285522846952,-1.1434000995665252,-0.5593780252641826,1.20967025126475,0.2052681733270531,-0.48619636972806035,0.41428099999999995,-0.096902,0.494876,1.8518641495360635,-0.1202880920474492,-0.07545058356371487
702,2026-09-27T05:21:56.254+00:00,14.546,1790486516.2500448,1790486516.2394624,1790486516.2503018,TEACHING_MODE,NORMAL,START_RECORDING,REACH_TARGET_POS_SUCCESSFULLY,0.14083061734342248,-0.7200704894953005,-1.1434000995665252,-0.5494994616978948,1.20967025126475,0.2052681733270531,-0.48619636972806035,0.41408799999999996,-0.094537,0.497948,1.8428757038882926,-0.12934635086529978,-0.06688101693642272
703,2026-09-27T05:21:56.274+00:00,14.566,1790486516.270467,1790486516.259509,1790486516.270711,TEACHING_MODE,NORMAL,START_RECORDING,REACH_TARGET_POS_SUCCESSFULLY,0.14091788380602216,-0.7189883853590641,-1.1434000995665252,-0.5356939073146196,1.20967025126475,0.2052681733270531,-0.48619636972806035,0.413508,-0.092558,0.500454,1.83760480954727,-0.13643238762839674,-0.06019640590128443
704,2026-09-27T05:21:56.294+00:00,14.586,1790486516.290205,1790486516.2799423,1790486516.2903838,TEACHING_MODE,NORMAL,START_RECORDING,REACH_TARGET_POS_SUCCESSFULLY,0.14091788380602216,-0.7166147375763517,-1.1434000995665252,-0.5233544295030197,1.20967025126475,0.2052681733270531,-0.48619636972806035,0.413002,-0.08986,0.503521,1.8299428141310146,-0.1452463003509681,-0.05108578720587403
705,2026-09-27T05:21:56.314+00:00,14.606,1790486516.3100932,1790486516.29956,1790486516.310363,TEACHING_MODE,NORMAL,START_RECORDING,REACH_TARGET_POS_SUCCESSFULLY,0.1408480706359424,-0.7145727023515184,-1.1434000995665252,-0.5125333881406549,1.20967025126475,0.2052681733270531,-0.48619636972806035,0.41229099999999996,-0.087513,0.50644,1.8232407498033565,-0.1535366142979412,-0.04307472593922005
706,2026-09-27T05:21:56.334+00:00,14.626,1790486516.3313587,1790486516.3195632,1790486516.331563,TEACHING_MODE,NORMAL,START_RECORDING,REACH_TARGET_POS_SUCCESSFULLY,0.14077825746586264,-0.7120943348136866,-1.1434000995665252,-0.5056393375952772,1.20967025126475,0.2052681733270531,-0.48619636972806035,0.411329,-0.085467,0.5093599999999999,1.817236817176496,-0.16172220848979457,-0.0359188760060433
707,2026-09-27T05:21:56.354+00:00,14.646,1790486516.3503602,1790486516.3400202,1790486516.35053,TEACHING_MODE,NORMAL,START_RECORDING,REACH_TARGET_POS_SUCCESSFULLY,0.14077825746586264,-0.7091447283778161,-1.1434000995665252,-0.49206067601476133,1.20967025126475,0.2052681733270531,-0.48619636972806035,0.410728,-0.08341799999999999,0.511759,1.8113026977197153,-0.16856389915761233,-0.02895501229058593
708,2026-09-27T05:21:56.374+00:00,14.666,1790486516.370076,1790486516.3596714,1790486516.3703625,TEACHING_MODE,NORMAL,START_RECORDING,REACH_TARGET_POS_SUCCESSFULLY,0.14077825746586264,-0.7070328799829029,-1.1434000995665252,-0.4832642165847099,1.20967025126475,0.2052681733270531,-0.48619636972806035,0.409707,-0.081411,0.514562,1.8054732980180541,-0.17641788079158685,-0.021956241990088665
709,2026-09-27T05:21:56.394+00:00,14.686,1790486516.390235,1790486516.3803058,1790486516.390316,TEACHING_MODE,NORMAL,START_RECORDING,REACH_TARGET_POS_SUCCESSFULLY,0.1408480706359424,-0.7024775706351978,-1.1434000995665252,-0.47851692101928534,1.20967025126475,0.2052681733270531,-0.48619636972806035,0.408485,-0.07982,0.517205,1.8008830820853092,-0.18371335706492312,-0.016266468628587154
710,2026-09-27T05:21:56.414+00:00,14.706,1790486516.4102502,1790486516.400067,1790486516.410482,TEACHING_MODE,NORMAL,START_RECORDING,REACH_TARGET_POS_SUCCESSFULLY,0.1408480706359424,-0.6976779151922133,-1.1434000995665252,-0.47305404046054306,1.20967025126475,0.2052681733270531,-0.48619636972806035,0.406391,-0.079173,0.520103,1.7989632199081154,-0.1913578991886583,-0.013316862192716735
711,2026-09-27T05:21:56.434+00:00,14.726,1790486516.4313803,1790486516.4203942,1790486516.4315205,TEACHING_MODE,NORMAL,START_RECORDING,REACH_TARGET_POS_SUCCESSFULLY,0.14076080417334266,-0.6906442383066761,-1.1434000995665252,-0.46883034367071685,1.20967025126475,0.2052681733270531,-0.48619636972806035,0.404408,-0.078438,0.52291,1.7966768385880028,-0.19882790838719402,-0.010122909661567111
712,2026-09-27T05:21:56.454+00:00,14.746,1790486516.4506712,1790486516.43999,1790486516.4508796,TEACHING_MODE,NORMAL,START_RECORDING,REACH_TARGET_POS_SUCCESSFULLY,0.14076080417334266,-0.6847275721424153,-1.1434000995665252,-0.4666661353982438,1.20967025126475,0.2052681733270531,-0.48619636972806035,0.40188199999999996,-0.07804,0.526034,1.795385294941527,-0.20704840916408732,-0.00783652834145454
713,2026-09-27T05:21:56.474+00:00,14.766,1790486516.470099,1790486516.4595187,1790486516.4703636,TEACHING_MODE,NORMAL,START_RECORDING,REACH_TARGET_POS_SUCCESSFULLY,0.1408131640509025,-0.6770306701411204,-1.1434000995665252,-0.46563639113956723,1.20967025126475,0.2052681733270531,-0.48619636972806035,0.39913699999999996,-0.07801899999999999,0.529075,1.7952107620163276,-0.21498965726066152,-0.006702064327658226
714,2026-09-27T05:21:56.494+00:00,14.786,1790486516.4918714,1790486516.479942,1790486516.4921541,TEACHING_MODE,NORMAL,START_RECORDING,REACH_TARGET_POS_SUCCESSFULLY,0.1408131640509025,-0.6695083010650248,-1.1434000995665252,-0.4647113666360102,1.20967025126475,0.2052681733270531,-0.48619636972806035,0.39631,-0.078189,0.5320159999999999,1.795664547621846,-0.2226516526769166,-0.0061959188445798695
715,2026-09-27T05:21:56.514+00:00,14.806,1790486516.510129,1790486516.4997203,1790486516.510371,TEACHING_MODE,NORMAL,START_RECORDING,REACH_TARGET_POS_SUCCESSFULLY,0.14091788380602216,-0.6634869151456444,-1.1434000995665252,-0.4646415534659304,1.20967025126475,0.2052681733270531,-0.48619636972806035,0.39300799999999997,-0.078542,0.535292,1.796624478710443,-0.2312212193042088,-0.006108652381980154
716,2026-09-27T05:21:56.534+00:00,14.826,1790486516.5301208,1790486516.5197272,1790486516.5303683,TEACHING_MODE,NORMAL,START_RECORDING,REACH_TARGET_POS_SUCCESSFULLY,0.14091788380602216,-0.6551442413211115,-1.1434000995665252,-0.4646415534659304,1.20967025126475,0.2052681733270531,-0.48619636972806035,0.390881,-0.07882,0.53733,1.7974273301663604,-0.23656192681531144,-0.006230825429619756
717,2026-09-27T05:21:56.554+00:00,14.846,1790486516.5520544,1790486516.539959,1790486516.552366,TEACHING_MODE,NORMAL,START_RECORDING,REACH_TARGET_POS_SUCCESSFULLY,0.14093533709854209,-0.6458939962855414,-1.1434000995665252,-0.46500807260884924,1.20967025126475,0.2052681733270531,-0.48619636972806035,0.387239,-0.079346,0.54075,1.7988934067380355,-0.24560273234064206,-0.006597344572538566
718,2026-09-27T05:21:56.574+00:00,14.866,1790486516.5700824,1790486516.5598981,1790486516.5704873,TEACHING_MODE,NORMAL,START_RECORDING,REACH_TARGET_POS_SUCCESSFULLY,0.14107496343870166,-0.6362597788145328,-1.1434000995665252,-0.4654269516293279,1.20967025126475,0.2052681733270531,-0.48619636972806035,0.383666,-0.079915,0.5440039999999999,1.8004816563573502,-0.25427701872305386,-0.007155849933176752
719,2026-09-27T05:21:56.594+00:00,14.887,1790486516.5904815,1790486516.5795887,1790486516.5907242,TEACHING_MODE,NORMAL,START_RECORDING,REACH_TARGET_POS_SUCCESSFULLY,0.1411447766087814,-0.6304652856979116,-1.1434000995665252,-0.46694538807856295,1.20967025126475,0.2052681733270531,-0.48619636972806035,0.37984199999999996,-0.08057199999999999,0.547379,1.8024364251195841,-0.26333527754090447,-0.007923794804054257
720,2026-09-27T05:21:56.614+00:00,14.906,1790486516.6113195,1790486516.6008599,1790486516.6115665,TEACHING_MODE,NORMAL,START_RECORDING,REACH_TARGET_POS_SUCCESSFULLY,0.14124949636390108,-0.6182305276414315,-1.1434000995665252,-0.46928412927623536,1.20967025126475,0.2052681733270531,-0.48619636972806035,0.37621,-0.081508,0.5503129999999999,1.8052638585078147,-0.27124161905243876,-0.009704030641088473
721,2026-09-27T05:21:56.634+00:00,14.926,1790486516.6303272,1790486516.6196387,1790486516.6304827,TEACHING_MODE,NORMAL,START_RECORDING,REACH_TARGET_POS_SUCCESSFULLY,0.14124949636390108,-0.6093118951637404,-1.1434000995665252,-0.4768588582298907,1.20967025126475,0.2052681733270531,-0.48619636972806035,0.37262599999999996,-0.083022,0.552742,1.8100286073657594,-0.27769933728481777,-0.013439035240356337
722,2026-09-27T05:21:56.654+00:00,14.946,1790486516.6503923,1790486516.6395888,1790486516.6505375,TEACHING_MODE,NORMAL,START_RECORDING,REACH_TARGET_POS_SUCCESSFULLY,0.14124949636390108,-0.6031508829042004,-1.1434000995665252,-0.48431141413590656,1.20967025126475,0.2052681733270531,-0.48619636972806035,0.36912799999999996,-0.084922,0.5547759999999999,1.8160325399926198,-0.28309240467348024,-0.018500490071139894
723,2026-09-27T05:21:56.674+00:00,14.966,1790486516.671814,1790486516.660696,1790486516.6719756,TEACHING_MODE,NORMAL,START_RECORDING,REACH_TARGET_POS_SUCCESSFULLY,0.14124949636390108,-0.5951223683450265,-1.1434000995665252,-0.490001187497408,1.20967025126475,0.2052681733270531,-0.48619636972806035,0.366879,-0.086932,0.5554859999999999,1.8225426181025588,-0.28478537404791476,-0.02439970294288073
724,2026-09-27T05:21:56.694+00:00,14.987,1790486516.6904008,1790486516.6799552,1790486516.6907766,TEACHING_MODE,NORMAL,START_RECORDING,REACH_TARGET_POS_SUCCESSFULLY,0.14138912270406065,-0.5871985735409722,-1.1434000995665252,-0.4993386989955777,1.20967025126475,0.2052681733270531,-0.48619636972806035,0.363732,-0.08931599999999999,0.5567329999999999,1.8303442398589733,-0.2879793265790644,-0.031241393610698498
725,2026-09-27T05:21:56.714+00:00,15.006,1790486516.7103932,1790486516.699966,1790486516.7105803,TEACHING_MODE,NORMAL,START_RECORDING,REACH_TARGET_POS_SUCCESSFULLY,0.1413716694115407,-0.5803917894581944,-1.1434000995665252,-0.5094267020721049,1.20967025126475,0.2052681733270531,-0.48619636972806035,0.360995,-0.091057,0.557991,1.8362434527307143,-0.29134781203541343,-0.036110862223762676
726,2026-09-27T05:21:56.734+00:00,15.026,1790486516.7310236,1790486516.720496,1790486516.7312512,TEACHING_MODE,NORMAL,START_RECORDING,REACH_TARGET_POS_SUCCESSFULLY,0.14179054843201935,-0.575853933403009,-1.1434000995665252,-0.5201604769718701,1.20967025126475,0.2052681733270531,-0.48619636972806035,0.358294,-0.093578,0.558605,1.8447432061879265,-0.2927964353145687,-0.0436157780073383
727,2026-09-27T05:21:56.754+00:00,15.046,1790486516.7502654,1790486516.7397459,1790486516.7504933,TEACHING_MODE,NORMAL,START_RECORDING,REACH_TARGET_POS_SUCCESSFULLY,0.14596188534428578,-0.567249460190677,-1.1434000995665252,-0.5309815183342349,1.20967025126475,0.2052681733270531,-0.48619636972806035,0.35630799999999996,-0.095445,0.5586139999999999,1.8536269320805776,-0.29253463592676954,-0.04951499087907913
728,2026-09-27T05:21:56.774+00:00,15.066,1790486516.772472,1790486516.7595482,1790486516.7726667,TEACHING_MODE,NORMAL,START_RECORDING,REACH_TARGET_POS_SUCCESSFULLY,0.15159929882822745,-0.5619436592646143,-1.1434000995665252,-0.5410695214107621,1.20967025126475,0.2052681733270531,-0.48619636972806035,0.35412899999999997,-0.09658,0.558974,1.862405938218109,-0.29332003409016705,-0.053180182308267224
729,2026-09-27T05:21:56.794+00:00,15.087,1790486516.7904649,1790486516.7802334,1790486516.7906473,TEACHING_MODE,NORMAL,START_RECORDING,REACH_TARGET_POS_SUCCESSFULLY,0.15592771537317343,-0.5584704540531455,-1.1434000995665252,-0.5498834341333335,1.20967025126475,0.2052681733270531,-0.48619636972806035,0.352885,-0.09670999999999999,0.55884,1.8702948264371235,-0.292709168851969,-0.05405284693426438
730,2026-09-27T05:21:56.814+00:00,15.107,1790486516.8107016,1790486516.7997847,1790486516.8109913,TEACHING_MODE,NORMAL,START_RECORDING,REACH_TARGET_POS_SUCCESSFULLY,0.16360716408194848,-0.5541071309231598,-1.1434000995665252,-0.554979795549157,1.20967025126475,0.2052681733270531,-0.48619636972806035,0.352074,-0.09694599999999999,0.558484,1.8768049045470625,-0.291487438375573,-0.05520476424058065
731,2026-09-27T05:21:56.834+00:00,15.127,1790486516.8317862,1790486516.8197885,1790486516.832068,TEACHING_MODE,NORMAL,START_RECORDING,REACH_TARGET_POS_SUCCESSFULLY,0.17247343668207965,-0.5498659808408135,-1.1434000995665252,-0.5616644065842952,1.20967025126475,0.2052681733270531,-0.48619636972806035,0.351357,-0.09577899999999999,0.5585019999999999,1.8826168509562036,-0.2914176252054932,-0.05213298475707063
732,2026-09-27T05:21:56.854+00:00,15.146,1790486516.8513794,1790486516.8396838,1790486516.8515816,TEACHING_MODE,NORMAL,START_RECORDING,REACH_TARGET_POS_SUCCESSFULLY,0.18249162658852708,-0.5467069348947038,-1.1434000995665252,-0.567266913483197,1.20967025126475,0.2052681733270531,-0.48619636972806035,0.35081,-0.093597,0.558947,1.8863518555554712,-0.2926568089744092,-0.04584979944989104
733,2026-09-27T05:21:56.874+00:00,15.166,1790486516.8705976,1790486516.8596253,1790486516.8708248,TEACHING_MODE,NORMAL,START_RECORDING,REACH_TARGET_POS_SUCCESSFULLY,0.1894729435965044,-0.5437398751663134,-1.1434000995665252,-0.5716825964907427,1.20967025126475,0.2052681733270531,-0.48619636972806035,0.350288,-0.091392,0.559227,1.8909071649031768,-0.29340730055276676,-0.03954916085019151
734,2026-09-27T05:21:56.894+00:00,15.186,1790486516.8923316,1790486516.8803394,1790486516.8920918,TEACHING_MODE,NORMAL,START_RECORDING,REACH_TARGET_POS_SUCCESSFULLY,0.20039870471398893,-0.5399176041044459,-1.1434000995665252,-0.5754176010900105,1.20967025126475,0.2052681733270531,-0.48619636972806035,0.349781,-0.088751,0.559711,1.8946596227949644,-0.29480356395436225,-0.031817352263856624
735,2026-09-27T05:21:56.914+00:00,15.206,1790486516.9112341,1790486516.8995364,1790486516.911407,TEACHING_MODE,NORMAL,START_RECORDING,REACH_TARGET_POS_SUCCESSFULLY,0.21469295128782248,-0.5333028062393873,-1.1434000995665252,-0.5784370206959607,1.20967025126475,0.2052681733270531,-0.48619636972806035,0.34883,-0.086045,0.560623,1.8982724543465928,-0.2974913710024335,-0.02361430477948328
736,2026-09-27T05:21:56.934+00:00,15.226,1790486516.931147,1790486516.919722,1790486516.9316556,TEACHING_MODE,NORMAL,START_RECORDING,REACH_TARGET_POS_SUCCESSFULLY,0.22144737549304055,-0.529689974687759,-1.1434000995665252,-0.5810026546963923,1.20967025126475,0.2052681733270531,-0.48619636972806035,0.347879,-0.083269,0.561643,1.9012046074899431,-0.30054569719342356,-0.015044738152191121
737,2026-09-27T05:21:56.954+00:00,15.247,1790486516.951516,1790486516.9415326,1790486516.9517503,TEACHING_MODE,NORMAL,START_RECORDING,REACH_TARGET_POS_SUCCESSFULLY,0.2304183678482914,-0.5240176546187775,-1.1434000995665252,-0.5833064893090248,1.20967025126475,0.2052681733270531,-0.48619636972806035,0.346319,-0.08107199999999999,0.563005,1.904573092946292,-0.3046821275206501,-0.00783652834145454
738,2026-09-27T05:21:56.974+00:00,15.266,1790486516.9714596,1790486516.9598365,1790486516.9717114,TEACHING_MODE,NORMAL,START_RECORDING,REACH_TARGET_POS_SUCCESSFULLY,0.23708552559090973,-0.5171236040734,-1.1434000995665252,-0.5838999012547029,1.20967025126475,0.2052681733270531,-0.48619636972806035,0.345213,-0.079985,0.563875,1.9068769275589248,-0.30731757469116155,-0.004084070449666731
739,2026-09-27T05:21:56.994+00:00,15.287,1790486516.9934216,1790486516.9796534,1790486516.9935925,TEACHING_MODE,NORMAL,START_RECORDING,REACH_TARGET_POS_SUCCESSFULLY,0.2427927522449312,-0.5109800451063798,-1.1434000995665252,-0.5840918874724224,1.20967025126475,0.2052681733270531,-0.48619636972806035,0.342869,-0.078641,0.56599,1.9086920699809988,-0.3138276528011004,0.0012391837689159741
740,2026-09-27T05:21:57.014+00:00,15.306,1790486517.0122483,1790486516.9998953,1790486517.0124574,TEACHING_MODE,NORMAL,START_RECORDING,REACH_TARGET_POS_SUCCESSFULLY,0.24591689160600103,-0.5060582166157559,-1.1434000995665252,-0.5843013269826617,1.20967025126475,0.2052681733270531,-0.48619636972806035,0.34057,-0.077511,0.56801,1.9104024926479533,-0.32011083810828,0.005986479334340551
741,2026-09-27T05:21:57.034+00:00,15.326,1790486517.0311584,1790486517.0196218,1790486517.0314627,TEACHING_MODE,NORMAL,START_RECORDING,REACH_TARGET_POS_SUCCESSFULLY,0.25382323311753535,-0.49785516913138256,-1.1434000995665252,-0.5855579640440975,1.20967025126475,0.2052681733270531,-0.48619636972806035,0.338167,-0.076525,0.5700259999999999,1.9123921679952267,-0.32642893000049944,0.010419615634406148
742,2026-09-27T05:21:57.054+00:00,15.346,1790486517.052382,1790486517.0401514,1790486517.0525892,TEACHING_MODE,NORMAL,START_RECORDING,REACH_TARGET_POS_SUCCESSFULLY,0.26031585793495426,-0.49118801138876417,-1.1434000995665252,-0.5880537848744494,1.20967025126475,0.2052681733270531,-0.48619636972806035,0.336127,-0.075419,0.5715979999999999,1.9152021480909378,-0.33142057166120326,0.015009831567151233
743,2026-09-27T05:21:57.074+00:00,15.366,1790486517.0714574,1790486517.0599844,1790486517.071764,TEACHING_MODE,NORMAL,START_RECORDING,REACH_TARGET_POS_SUCCESSFULLY,0.2639635960716224,-0.48785443251745503,-1.1434000995665252,-0.5906892320449609,1.20967025126475,0.2052681733270531,-0.48619636972806035,0.334202,-0.074516,0.5729029999999999,1.9187102598874461,-0.33562681515850956,0.018936822384138473
744,2026-09-27T05:21:57.094+00:00,15.387,1790486517.0913985,1790486517.079611,1790486517.0916085,TEACHING_MODE,NORMAL,START_RECORDING,REACH_TARGET_POS_SUCCESSFULLY,0.26995007540596294,-0.4829500573193509,-1.1434000995665252,-0.5945464096918683,1.20967025126475,0.2052681733270531,-0.48619636972806035,0.332657,-0.073609,0.5739029999999999,1.9220089321737157,-0.338890580859739,0.022706733568446227
745,2026-09-27T05:21:57.114+00:00,15.406,1790486517.1117606,1790486517.1002843,1790486517.11199,TEACHING_MODE,NORMAL,START_RECORDING,REACH_TARGET_POS_SUCCESSFULLY,0.2764950601009417,-0.4789008934547241,-1.1434000995665252,-0.597757815515538,1.20967025126475,0.2052681733270531,-0.48619636972806035,0.331993,-0.07353799999999999,0.5738829999999999,1.925918469698183,-0.3389429407372988,0.02324778563656447
746,2026-09-27T05:21:57.134+00:00,15.426,1790486517.1313882,1790486517.1195476,1790486517.1315525,TEACHING_MODE,NORMAL,START_RECORDING,REACH_TARGET_POS_SUCCESSFULLY,0.28298768491836057,-0.47593383372633374,-1.1434000995665252,-0.6033079625368799,1.20967025126475,0.2052681733270531,-0.48619636972806035,0.330932,-0.072476,0.57446,1.9293916749096516,-0.34089770949953246,0.027244589623631483
747,2026-09-27T05:21:57.154+00:00,15.446,1790486517.1524205,1790486517.1396663,1790486517.1511164,TEACHING_MODE,NORMAL,START_RECORDING,REACH_TARGET_POS_SUCCESSFULLY,0.28890435108262136,-0.47478191642001744,-1.1434000995665252,-0.6096086011365793,1.20967025126475,0.2052681733270531,-0.48619636972806035,0.330669,-0.071689,0.574074,1.934226236937676,-0.33981560536329597,0.029792770331543206
748,2026-09-27T05:21:57.174+00:00,15.467,1790486517.172151,1790486517.1607513,1790486517.1723657,TEACHING_MODE,NORMAL,START_RECORDING,REACH_TARGET_POS_SUCCESSFULLY,0.2949257370020018,-0.47471210324993773,-1.1434000995665252,-0.6164851983894372,1.20967025126475,0.2052681733270531,-0.48619636972806035,0.33128599999999997,-0.070978,0.572905,1.9390433456731802,-0.33622022710418764,0.03145083312093782
749,2026-09-27T05:21:57.194+00:00,15.486,1790486517.1919227,1790486517.179965,1790486517.1921253,TEACHING_MODE,NORMAL,START_RECORDING,REACH_TARGET_POS_SUCCESSFULLY,0.30134854864934096,-0.47471210324993773,-1.1434000995665252,-0.6212674005399016,1.20967025126475,0.2052681733270531,-0.48619636972806035,0.33205399999999996,-0.07028899999999999,0.5715629999999999,1.9439826274563243,-0.33204889019192124,0.03291690969261306
750,2026-09-27T05:21:57.214+00:00,15.507,1790486517.2128394,1790486517.2000158,1790486517.2131283,TEACHING_MODE,NORMAL,START_RECORDING,REACH_TARGET_POS_SUCCESSFULLY,0.30518827300372847,-0.4748342762975773,-1.1434000995665252,-0.6311634173987095,1.2095306249245903,0.2052681733270531,-0.48619636972806035,0.33291699999999996,-0.069518,0.5700919999999999,1.9491662553347473,-0.327493580844216,0.034540065896967787
751,2026-09-27T05:21:57.234+00:00,15.526,1790486517.2319555,1790486517.2199366,1790486517.2322018,TEACHING_MODE,NORMAL,START_RECORDING,REACH_TARGET_POS_SUCCESSFULLY,0.3105115272223112,-0.4750262625152967,-1.1434000995665252,-0.6390697589102436,1.2095480782171104,0.2052681733270531,-0.48619636972806035,0.333783,-0.06901,0.568512,1.9544720562608102,-0.3225542990610721,0.035273104182805395
752,2026-09-27T05:21:57.254+00:00,15.546,1790486517.2516923,1790486517.2394166,1790486517.2519379,TEACHING_MODE,NORMAL,START_RECORDING,REACH_TARGET_POS_SUCCESSFULLY,0.3132167875629024,-0.4751484355629363,-1.1434000995665252,-0.6449166119044247,1.2095480782171104,0.2052681733270531,-0.48619636972806035,0.334457,-0.069586,0.5668329999999999,1.9601269230372718,-0.31735321789012894,0.03274237676741362
753,2026-09-27T05:21:57.274+00:00,15.566,1790486517.2724113,1790486517.2603478,1790486517.2726176,TEACHING_MODE,NORMAL,START_RECORDING,REACH_TARGET_POS_SUCCESSFULLY,0.31553807546805485,-0.4751484355629363,-1.1434000995665252,-0.6552140544911913,1.2095480782171104,0.2052681733270531,-0.48619636972806035,0.334947,-0.069982,0.565561,1.9644727928747374,-0.3134262270731417,0.03097959422289935
754,2026-09-27T05:21:57.294+00:00,15.586,1790486517.2911115,1790486517.2795527,1790486517.2913513,TEACHING_MODE,NORMAL,START_RECORDING,REACH_TARGET_POS_SUCCESSFULLY,0.31677725923697087,-0.47518334214797614,-1.1434000995665252,-0.666960120357113,1.2095480782171104,0.2052681733270531,-0.48619636972806035,0.335657,-0.071093,0.5633739999999999,1.9719428020732734,-0.3066543495754037,0.0266860842629933
755,2026-09-27T05:21:57.314+00:00,15.606,1790486517.3117251,1790486517.2997253,1790486517.312001,TEACHING_MODE,NORMAL,START_RECORDING,REACH_TARGET_POS_SUCCESSFULLY,0.3163583802164922,-0.4760734600664933,-1.1434000995665252,-0.6792821448761931,1.2095480782171104,0.2052681733270531,-0.48619636972806035,0.33631099999999997,-0.073145,0.56087,1.9801109429726067,-0.2989225409890688,0.019460421159736774
756,2026-09-27T05:21:57.334+00:00,15.626,1790486517.3315263,1790486517.320141,1790486517.3316677,TEACHING_MODE,NORMAL,START_RECORDING,REACH_TARGET_POS_SUCCESSFULLY,0.31534608925033547,-0.47835984138660587,-1.1434000995665252,-0.687275752850327,1.2095480782171104,0.2052681733270531,-0.48619636972806035,0.33749999999999997,-0.075237,0.557835,1.9879823778991013,-0.28949776302829944,0.011676252695842066
757,2026-09-27T05:21:57.354+00:00,15.646,1790486517.3513606,1790486517.3399725,1790486517.351556,TEACHING_MODE,NORMAL,START_RECORDING,REACH_TARGET_POS_SUCCESSFULLY,0.3155206221755349,-0.4814316208701159,-1.1434000995665252,-0.7022332245399184,1.2095480782171104,0.2052681733270531,-0.48619636972806035,0.338876,-0.07719899999999999,0.554728,1.9949811481995985,-0.2798460922647708,0.0041887902047863905
758,2026-09-27T05:21:57.374+00:00,15.667,1790486517.3724399,1790486517.359422,1790486517.3726704,TEACHING_MODE,NORMAL,START_RECORDING,REACH_TARGET_POS_SUCCESSFULLY,0.3155206221755349,-0.4839448949929877,-1.1434000995665252,-0.7127401066369244,1.2095480782171104,0.2052681733270531,-0.48619636972806035,0.340534,-0.078691,0.551519,2.001194520336698,-0.2698802622358832,-0.0020245819323134223
759,2026-09-27T05:21:57.394+00:00,15.686,1790486517.3914096,1790486517.3797274,1790486517.3916912,TEACHING_MODE,NORMAL,START_RECORDING,REACH_TARGET_POS_SUCCESSFULLY,0.3155729820530947,-0.4880987786127342,-1.1434000995665252,-0.7194072643795427,1.2095480782171104,0.2052681733270531,-0.48619636972806035,0.34201699999999996,-0.080103,0.548504,2.007041373330879,-0.26052529744519354,-0.007871434926494426
760,2026-09-27T05:21:57.414+00:00,15.706,1790486517.4114864,1790486517.3995275,1790486517.4116704,TEACHING_MODE,NORMAL,START_RECORDING,REACH_TARGET_POS_SUCCESSFULLY,0.3155729820530947,-0.49384091185179557,-1.1434000995665252,-0.728866948925352,1.2095480782171104,0.2052681733270531,-0.48619636972806035,0.344126,-0.08122,0.545044,2.0118933886514236,-0.2498089758379484,-0.013281955607676848
761,2026-09-27T05:21:57.434+00:00,15.726,1790486517.4321775,1790486517.4201512,1790486517.4323764,TEACHING_MODE,NORMAL,START_RECORDING,REACH_TARGET_POS_SUCCESSFULLY,0.3155729820530947,-0.4993037924105378,-1.1434000995665252,-0.7366685706817666,1.2095480782171104,0.2052681733270531,-0.48619636972806035,0.34643799999999997,-0.081525,0.542131,2.0137783442435775,-0.24078562360513772,-0.016231562043547264
762,2026-09-27T05:21:57.454+00:00,15.746,1790486517.4516518,1790486517.4401226,1790486517.4520826,TEACHING_MODE,NORMAL,START_RECORDING,REACH_TARGET_POS_SUCCESSFULLY,0.315503168883015,-0.5058313238129966,-1.1434000995665252,-0.7423408907507482,1.2095480782171104,0.2052681733270531,-0.48619636972806035,0.349027,-0.08201499999999999,0.53867,2.016309071658969,-0.23012166187545235,-0.020036379812894904
763,2026-09-27T05:21:57.474+00:00,15.766,1790486517.4724126,1790486517.4600036,1790486517.4726498,TEACHING_MODE,NORMAL,START_RECORDING,REACH_TARGET_POS_SUCCESSFULLY,0.315503168883015,-0.5128650006985338,-1.1434000995665252,-0.7452904971866186,1.2095480782171104,0.2052681733270531,-0.48619636972806035,0.351551,-0.08204,0.535717,2.0171119231148866,-0.22106340305760178,-0.022305307840487534
764,2026-09-27T05:21:57.494+00:00,15.786,1790486517.4908643,1790486517.4807284,1790486517.492564,TEACHING_MODE,NORMAL,START_RECORDING,REACH_TARGET_POS_SUCCESSFULLY,0.31545080900545514,-0.5211204080604669,-1.1434000995665252,-0.7456570163295374,1.2095480782171104,0.2052681733270531,-0.48619636972806035,0.35444899999999996,-0.081457,0.532938,2.0158203794684106,-0.21261600947794923,-0.022916173078685546
765,2026-09-27T05:21:57.514+00:00,15.806,1790486517.5117245,1790486517.4996293,1790486517.5128047,TEACHING_MODE,NORMAL,START_RECORDING,REACH_TARGET_POS_SUCCESSFULLY,0.31545080900545514,-0.5264611155715696,-1.1434000995665252,-0.7453079504791386,1.2095480782171104,0.2052681733270531,-0.48619636972806035,0.357456,-0.08044699999999999,0.53047,2.0129056796175804,-0.2051809068644534,-0.022252947962927705
766,2026-09-27T05:21:57.534+00:00,15.826,1790486517.530619,1790486517.5199707,1790486517.5308642,TEACHING_MODE,NORMAL,START_RECORDING,REACH_TARGET_POS_SUCCESSFULLY,0.3152064629101759,-0.5358335336547791,-1.1434000995665252,-0.7452555906015788,1.2095480782171104,0.2052681733270531,-0.48619636972806035,0.359714,-0.079715,0.528563,2.010811284515187,-0.19949113350295186,-0.021851522234969004
767,2026-09-27T05:21:57.554+00:00,15.846,1790486517.5504255,1790486517.5400457,1790486517.5504768,TEACHING_MODE,NORMAL,START_RECORDING,REACH_TARGET_POS_SUCCESSFULLY,0.3151191964475762,-0.5454677511257878,-1.1434000995665252,-0.7447145385334606,1.2095480782171104,0.2052681733270531,-0.48619636972806035,0.362991,-0.078667,0.525772,2.0076696918615973,-0.1912357261410187,-0.021327923459370707
768,2026-09-27T05:21:57.574+00:00,15.866,1790486517.570424,1790486517.55962,1790486517.571619,TEACHING_MODE,NORMAL,START_RECORDING,REACH_TARGET_POS_SUCCESSFULLY,0.31394982584874,-0.5558001002975943,-1.1434000995665252,-0.7429168494039063,1.2095480782171104,0.2052681733270531,-0.48619636972806035,0.366683,-0.077415,0.522689,2.0036728878745302,-0.18222982720072797,-0.020490165418413427
769,2026-09-27T05:21:57.594+00:00,15.886,1790486517.5912619,1790486517.5794835,1790486517.5901647,TEACHING_MODE,NORMAL,START_RECORDING,REACH_TARGET_POS_SUCCESSFULLY,0.31054643380735103,-0.5669527542178381,-1.1434000995665252,-0.7422536242881485,1.2094433584619908,0.2052681733270531,-0.48619636972806035,0.37046599999999996,-0.076481,0.5194989999999999,1.9990128587717053,-0.1730144887501979,-0.02064724505109292
770,2026-09-27T05:21:57.614+00:00,15.906,1790486517.610317,1790486517.6001012,1790486517.6105428,TEACHING_MODE,NORMAL,START_RECORDING,REACH_TARGET_POS_SUCCESSFULLY,0.30504864666356896,-0.5778436087502827,-1.1434000995665252,-0.7422536242881485,1.2094433584619908,0.2052681733270531,-0.48619636972806035,0.37411,-0.076821,0.515904,1.9951905877098377,-0.1627694060409912,-0.02436479635784084
771,2026-09-27T05:21:57.634+00:00,15.927,1790486517.6305268,1790486517.6196387,1790486517.6307716,TEACHING_MODE,NORMAL,START_RECORDING,REACH_TARGET_POS_SUCCESSFULLY,0.2980673296555916,-0.5877745321941303,-1.1434000995665252,-0.7422536242881485,1.2094433584619908,0.2052681733270531,-0.48619636972806035,0.37751199999999996,-0.077722,0.51232,1.9916475693282893,-0.152663949671944,-0.029426251188624394
772,2026-09-27T05:21:57.654+00:00,15.946,1790486517.6522484,1790486517.639787,1790486517.65251,TEACHING_MODE,NORMAL,START_RECORDING,REACH_TARGET_POS_SUCCESSFULLY,0.2924299161716499,-0.5946162228619482,-1.1434000995665252,-0.7422536242881485,1.2094433584619908,0.2052681733270531,-0.48619636972806035,0.380386,-0.079538,0.509014,1.9884361635046197,-0.143431157928894,-0.036564647829281205
773,2026-09-27T05:21:57.674+00:00,15.966,1790486517.6726966,1790486517.6604095,1790486517.669936,TEACHING_MODE,NORMAL,START_RECORDING,REACH_TARGET_POS_SUCCESSFULLY,0.2818357676120443,-0.6040759074077575,-1.1434000995665252,-0.7422536242881485,1.2094433584619908,0.2052681733270531,-0.48619636972806035,0.382197,-0.081301,0.506764,1.9862719552321468,-0.1372177857917942,-0.042725660088821185
774,2026-09-27T05:21:57.694+00:00,15.986,1790486517.6901834,1790486517.6798882,1790486517.6904206,TEACHING_MODE,NORMAL,START_RECORDING,REACH_TARGET_POS_SUCCESSFULLY,0.2700547951610826,-0.6127327404976493,-1.1434000995665252,-0.7422536242881485,1.2094433584619908,0.2052681733270531,-0.48619636972806035,0.38469699999999996,-0.084476,0.503436,1.9830954559935172,-0.12808971380386386,-0.053180182308267224
775,2026-09-27T05:21:57.714+00:00,16.006,1790486517.7104332,1790486517.7005248,1790486517.7105272,TEACHING_MODE,NORMAL,START_RECORDING,REACH_TARGET_POS_SUCCESSFULLY,0.2583610891727206,-0.6212324939548617,-1.1434000995665252,-0.7422536242881485,1.20965279797223,0.2052681733270531,-0.48619636972806035,0.386546,-0.088282,0.5005729999999999,1.9805123687005657,-0.12037535851004891,-0.06475171524898962
776,2026-09-27T05:21:57.734+00:00,16.026,1790486517.7304645,1790486517.7199686,1790486517.7308176,TEACHING_MODE,NORMAL,START_RECORDING,REACH_TARGET_POS_SUCCESSFULLY,0.2506990937564655,-0.6260496026903659,-1.1434000995665252,-0.7422536242881485,1.20967025126475,0.2052681733270531,-0.48619636972806035,0.388299,-0.09204999999999999,0.497752,1.977964187992654,-0.11281808284891347,-0.07607890209443283
777,2026-09-27T05:21:57.754+00:00,16.046,1790486517.7516959,1790486517.7400057,1790486517.75198,TEACHING_MODE,NORMAL,START_RECORDING,REACH_TARGET_POS_SUCCESSFULLY,0.23568926218931424,-0.6363470452771326,-1.1434000995665252,-0.7422536242881485,1.2097924243123894,0.2052681733270531,-0.48619636972806035,0.390007,-0.09571099999999999,0.49493699999999996,1.975468367162302,-0.10534807365037774,-0.08695230333435751
778,2026-09-27T05:21:57.774+00:00,16.066,1790486517.7715013,1790486517.7614717,1790486517.7717862,TEACHING_MODE,NORMAL,START_RECORDING,REACH_TARGET_POS_SUCCESSFULLY,0.2245715148541104,-0.6436774281355088,-1.1434000995665252,-0.7422536242881485,1.2097924243123894,0.2052681733270531,-0.48619636972806035,0.391325,-0.09959699999999999,0.49242199999999997,1.9731819858421893,-0.09868091590775939,-0.09817477042468103
779,2026-09-27T05:21:57.794+00:00,16.086,1790486517.7901852,1790486517.7794862,1790486517.7904243,TEACHING_MODE,NORMAL,START_RECORDING,REACH_TARGET_POS_SUCCESSFULLY,0.21750293138353335,-0.6477265920001356,-1.1434000995665252,-0.7422536242881485,1.2097924243123894,0.2052681733270531,-0.48619636972806035,0.392692,-0.103278,0.489847,1.970843244644517,-0.09189158511750145,-0.10880382556932651
780,2026-09-27T05:21:57.814+00:00,16.106,1790486517.8112519,1790486517.7995465,1790486517.8115008,TEACHING_MODE,NORMAL,START_RECORDING,REACH_TARGET_POS_SUCCESSFULLY,0.20757200793968564,-0.6543239365726742,-1.1434000995665252,-0.7422536242881485,1.2097924243123894,0.2052681733270531,-0.48619636972806035,0.394181,-0.10550799999999999,0.487513,1.9687488495421237,-0.0857829327355213,-0.11552334318950466
781,2026-09-27T05:21:57.834+00:00,16.127,1790486517.8301375,1790486517.8196428,1790486517.8304124,TEACHING_MODE,NORMAL,START_RECORDING,REACH_TARGET_POS_SUCCESSFULLY,0.1980948701013564,-0.6599613500566158,-1.1434000995665252,-0.7422536242881485,1.2097924243123894,0.2052681733270531,-0.48619636972806035,0.39453099999999997,-0.10902099999999999,0.48603599999999997,1.9674223993106081,-0.08194320838113378,-0.12507029419791366
782,2026-09-27T05:21:57.854+00:00,16.146,1790486517.8501365,1790486517.8397977,1790486517.8504362,TEACHING_MODE,NORMAL,START_RECORDING,REACH_TARGET_POS_SUCCESSFULLY,0.18875735860318674,-0.6653020575677184,-1.1434000995665252,-0.7417474788050702,1.2097924243123894,0.2052681733270531,-0.48619636972806035,0.395358,-0.11233399999999999,0.48403999999999997,1.9656596167660938,-0.07677703379523056,-0.13426817935592378
783,2026-09-27T05:21:57.874+00:00,16.166,1790486517.8713489,1790486517.8609817,1790486517.8715928,TEACHING_MODE,NORMAL,START_RECORDING,REACH_TARGET_POS_SUCCESSFULLY,0.18231709366332766,-0.6695257543575448,-1.1434000995665252,-0.7393563777298379,1.2097924243123894,0.2052681733270531,-0.48619636972806035,0.396065,-0.11555699999999999,0.48234499999999997,1.963425595323541,-0.07250097712784445,-0.1429948256158954
784,2026-09-27T05:21:57.894+00:00,16.187,1790486517.890708,1790486517.8796399,1790486517.8909414,TEACHING_MODE,NORMAL,START_RECORDING,REACH_TARGET_POS_SUCCESSFULLY,0.1703964948722064,-0.6725451739634949,-1.1434000995665252,-0.7351850408175714,1.2097924243123894,0.2052681733270531,-0.48619636972806035,0.396377,-0.118478,0.481574,1.9604236290101107,-0.07080800775340995,-0.15041247493687132
785,2026-09-27T05:21:57.914+00:00,16.206,1790486517.910438,1790486517.8999414,1790486517.9121444,TEACHING_MODE,NORMAL,START_RECORDING,REACH_TARGET_POS_SUCCESSFULLY,0.1629090323811507,-0.6742032367528895,-1.1434000995665252,-0.729163654898191,1.2097924243123894,0.2052681733270531,-0.48619636972806035,0.39626,-0.12085,0.48172499999999996,1.9571947698939212,-0.07162831250184729,-0.15596262195821328
786,2026-09-27T05:21:57.934+00:00,16.226,1790486517.9303195,1790486517.9214518,1790486517.9304965,TEACHING_MODE,NORMAL,START_RECORDING,REACH_TARGET_POS_SUCCESSFULLY,0.1582664565708458,-0.6746570223584081,-1.1434000995665252,-0.7208907942437379,1.2097924243123894,0.2052681733270531,-0.48619636972806035,0.39619099999999996,-0.122359,0.482456,1.9530757928592146,-0.07412413333219918,-0.15898204156416348
787,2026-09-27T05:21:57.954+00:00,16.247,1790486517.950166,1790486517.9402757,1790486517.9504368,TEACHING_MODE,NORMAL,START_RECORDING,REACH_TARGET_POS_SUCCESSFULLY,0.15194836467862632,-0.6746570223584081,-1.1434000995665252,-0.7104886319018516,1.2097924243123894,0.2052681733270531,-0.48619636972806035,0.39591299999999996,-0.12256099999999999,0.484328,1.9480666979059909,-0.07976154681614087,-0.15810937693816632
788,2026-09-27T05:21:57.974+00:00,16.266,1790486517.9721358,1790486517.9598527,1790486517.9730272,TEACHING_MODE,NORMAL,START_RECORDING,REACH_TARGET_POS_SUCCESSFULLY,0.14634585777972453,-0.6746570223584081,-1.1434000995665252,-0.702355397587558,1.2097924243123894,0.2052681733270531,-0.48619636972806035,0.39552699999999996,-0.122914,0.486579,1.9419405922314907,-0.08653342431387887,-0.15734143206728882
789,2026-09-27T05:21:57.994+00:00,16.286,1790486517.990222,1790486517.9810832,1790486517.9904647,TEACHING_MODE,NORMAL,START_RECORDING,REACH_TARGET_POS_SUCCESSFULLY,0.14175564184697945,-0.6746570223584081,-1.1434000995665252,-0.6885847497893229,1.2097924243123894,0.2052681733270531,-0.48619636972806035,0.39515,-0.123388,0.488317,1.9371758433735464,-0.09176941206986185,-0.15723671231216915
790,2026-09-27T05:21:58.014+00:00,16.307,1790486518.0105171,1790486517.999956,1790486518.010832,TEACHING_MODE,NORMAL,START_RECORDING,REACH_TARGET_POS_SUCCESSFULLY,0.13932963418670732,-0.6746570223584081,-1.1434000995665252,-0.6737319978548512,1.2097924243123894,0.2052681733270531,-0.48619636972806035,0.395042,-0.122427,0.49118799999999996,1.9291647821068922,-0.10040879186723378,-0.152663949671944
791,2026-09-27T05:21:58.034+00:00,16.326,1790486518.0302389,1790486518.0212445,1790486518.0304613,TEACHING_MODE,NORMAL,START_RECORDING,REACH_TARGET_POS_SUCCESSFULLY,0.13898056833630845,-0.6746570223584081,-1.1434000995665252,-0.6573084495935845,1.2097924243123894,0.2052681733270531,-0.48619636972806035,0.395314,-0.12,0.494231,1.9205079490170005,-0.10955431714768407,-0.14421655609229145
792,2026-09-27T05:21:58.054+00:00,16.346,1790486518.0501478,1790486518.0395525,1790486518.0504353,TEACHING_MODE,NORMAL,START_RECORDING,REACH_TARGET_POS_SUCCESSFULLY,0.1385965959008697,-0.6746570223584081,-1.1434000995665252,-0.6455100238501028,1.2098796907749891,0.2052681733270531,-0.48619636972806035,0.395656,-0.116961,0.49759099999999995,1.9108388249609518,-0.11969468010177113,-0.13390166021300498
793,2026-09-27T05:21:58.074+00:00,16.367,1790486518.0704422,1790486518.0597594,1790486518.0706809,TEACHING_MODE,NORMAL,START_RECORDING,REACH_TARGET_POS_SUCCESSFULLY,0.1385965959008697,-0.6746570223584081,-1.1434000995665252,-0.6215815598052605,1.2098796907749891,0.2052681733270531,-0.48619636972806035,0.39599399999999996,-0.113589,0.5010749999999999,1.9005064757891454,-0.13014920232121716,-0.12266173983016149
794,2026-09-27T05:21:58.094+00:00,16.387,1790486518.090227,1790486518.081121,1790486518.0904021,TEACHING_MODE,NORMAL,START_RECORDING,REACH_TARGET_POS_SUCCESSFULLY,0.1385965959008697,-0.6746570223584081,-1.1434000995665252,-0.6037093882648387,1.2098796907749891,0.2052681733270531,-0.48619636972806035,0.396289,-0.110063,0.504566,1.8898948739370198,-0.14062117783318315,-0.11098548713431941
795,2026-09-27T05:21:58.114+00:00,16.406,1790486518.1102822,1790486518.0997036,1790486518.1105113,TEACHING_MODE,NORMAL,START_RECORDING,REACH_TARGET_POS_SUCCESSFULLY,0.1385965959008697,-0.6746570223584081,-1.1434000995665252,-0.5919633223989168,1.2098796907749891,0.2052681733270531,-0.48619636972806035,0.396512,-0.10654999999999999,0.507965,1.8793181786699344,-0.15081390066483003,-0.0993615943160372
796,2026-09-27T05:21:58.134+00:00,16.426,1790486518.1307569,1790486518.1197033,1790486518.131033,TEACHING_MODE,NORMAL,START_RECORDING,REACH_TARGET_POS_SUCCESSFULLY,0.1385965959008697,-0.6746570223584081,-1.1434000995665252,-0.5745798430490532,1.2098796907749891,0.2052681733270531,-0.48619636972806035,0.39666799999999997,-0.103043,0.5112789999999999,1.8687414834028486,-0.16074482410867777,-0.0877551547902749
797,2026-09-27T05:21:58.154+00:00,16.447,1790486518.1501503,1790486518.14051,1790486518.150435,TEACHING_MODE,NORMAL,START_RECORDING,REACH_TARGET_POS_SUCCESSFULLY,0.1385965959008697,-0.6745872091883284,-1.1434000995665252,-0.5572836301617894,1.2098796907749891,0.2052681733270531,-0.48619636972806035,0.396735,-0.100712,0.513442,1.8617078065173116,-0.1672199956335767,-0.08005825278897989
798,2026-09-27T05:21:58.174+00:00,16.466,1790486518.170147,1790486518.1599858,1790486518.1703868,TEACHING_MODE,NORMAL,START_RECORDING,REACH_TARGET_POS_SUCCESSFULLY,0.1385965959008697,-0.6745173960182486,-1.1434000995665252,-0.5405982825127237,1.2098796907749891,0.2052681733270531,-0.48619636972806035,0.396759,-0.09722,0.5166499999999999,1.851148564542746,-0.1768018532270256,-0.0684867198482575
799,2026-09-27T05:21:58.194+00:00,16.487,1790486518.1915689,1790486518.1807609,1790486518.1918004,TEACHING_MODE,NORMAL,START_RECORDING,REACH_TARGET_POS_SUCCESSFULLY,0.1385965959008697,-0.6745173960182486,-1.1434000995665252,-0.5302659333409172,1.2098796907749891,0.2052681733270531,-0.48619636972806035,0.39672399999999997,-0.093874,0.519658,1.8410082015886586,-0.18579029887479637,-0.05742133239061344
800,2026-09-27T05:21:58.214+00:00,16.507,1790486518.2106605,1790486518.2035847,1790486518.2108462,TEACHING_MODE,NORMAL,START_RECORDING,REACH_TARGET_POS_SUCCESSFULLY,0.1385965959008697,-0.6745173960182486,-1.1434000995665252,-0.5118003498548173,1.2098796907749891,0.2052681733270531,-0.48619636972806035,0.39666599999999996,-0.09082799999999999,0.522318,1.8317579565530888,-0.19373154697137057,-0.04733332931408622
801,2026-09-27T05:21:58.234+00:00,16.526,1790486518.230731,1790486518.225442,1790486518.230953,TEACHING_MODE,NORMAL,START_RECORDING,REACH_TARGET_POS_SUCCESSFULLY,0.1385965959008697,-0.6745173960182486,-1.1434000995665252,-0.4995132319207771,1.2098796907749891,0.2052681733270531,-0.48619636972806035,0.39654,-0.087239,0.525388,1.8208321954356044,-0.20291197883686074,-0.03543018381548489
802,2026-09-27T05:21:58.254+00:00,16.546,1790486518.2523882,1790486518.2486484,1790486518.252592,TEACHING_MODE,NORMAL,START_RECORDING,REACH_TARGET_POS_SUCCESSFULLY,0.1385965959008697,-0.6745173960182486,-1.1434000995665252,-0.4919385029671217,1.2098796907749891,0.2052681733270531,-0.48619636972806035,0.396462,-0.085585,0.52678,1.8157881938973408,-0.20706586245660727,-0.029949849964222695
803,2026-09-27T05:21:58.274+00:00,16.566,1790486518.2700493,1790486518.2647083,1790486518.2703872,TEACHING_MODE,NORMAL,START_RECORDING,REACH_TARGET_POS_SUCCESSFULLY,0.1385965959008697,-0.6743952229706089,-1.1434000995665252,-0.48167596696539505,1.2098796907749891,0.2052681733270531,-0.48619636972806035,0.39630899999999997,-0.083327,0.5286839999999999,1.808894143351963,-0.21273818252558882,-0.022444934180647077
804,2026-09-27T05:21:58.294+00:00,16.587,1790486518.2900996,1790486518.2845106,1790486518.290391,TEACHING_MODE,NORMAL,START_RECORDING,REACH_TARGET_POS_SUCCESSFULLY,0.1385965959008697,-0.6738890774875307,-1.1434000995665252,-0.4728969608278636,1.2098796907749891,0.2052681733270531,-0.48619636972806035,0.39607899999999996,-0.08134799999999999,0.530416,1.8028203975550228,-0.21786945052645218,-0.01583013631558857
805,2026-09-27T05:21:58.314+00:00,16.607,1790486518.3104172,1790486518.3058844,1790486518.3106618,TEACHING_MODE,NORMAL,START_RECORDING,REACH_TARGET_POS_SUCCESSFULLY,0.1385965959008697,-0.6725975338410548,-1.1434000995665252,-0.4659680036974461,1.2098796907749891,0.2052681733270531,-0.48619636972806035,0.395335,-0.079785,0.532362,1.7980032888195183,-0.22343705084031407,-0.01038470904936626
806,2026-09-27T05:21:58.334+00:00,16.626,1790486518.3302991,1790486518.3248541,1790486518.3305202,TEACHING_MODE,NORMAL,START_RECORDING,REACH_TARGET_POS_SUCCESSFULLY,0.13854423602330987,-0.6690719687520262,-1.1434000995665252,-0.46066220277138337,1.2098796907749891,0.2052681733270531,-0.48619636972806035,0.394344,-0.07869999999999999,0.534199,1.7946173500706495,-0.2286032254262173,-0.006440264939859076
807,2026-09-27T05:21:58.354+00:00,16.646,1790486518.3507621,1790486518.3451984,1790486518.3510468,TEACHING_MODE,NORMAL,START_RECORDING,REACH_TARGET_POS_SUCCESSFULLY,0.13854423602330987,-0.6647435522070804,-1.1434000995665252,-0.45670030536935624,1.2098796907749891,0.2052681733270531,-0.48619636972806035,0.393208,-0.077942,0.535948,1.7921564358253375,-0.23343778745424157,-0.003490658503988659
808,2026-09-27T05:21:58.374+00:00,16.666,1790486518.3702931,1790486518.3650842,1790486518.370495,TEACHING_MODE,NORMAL,START_RECORDING,REACH_TARGET_POS_SUCCESSFULLY,0.13854423602330987,-0.6612878002881316,-1.1434000995665252,-0.45341908637560685,1.2098796907749891,0.2052681733270531,-0.48619636972806035,0.391304,-0.07743599999999999,0.538304,1.790446013158383,-0.23982569251654082,-0.0010995574287564276
809,2026-09-27T05:21:58.394+00:00,16.686,1790486518.390224,1790486518.384511,1790486518.3905232,TEACHING_MODE,NORMAL,START_RECORDING,REACH_TARGET_POS_SUCCESSFULLY,0.13850932943827,-0.6548126287632325,-1.1434000995665252,-0.4502600404294972,1.2098796907749891,0.2052681733270531,-0.48619636972806035,0.388912,-0.077323,0.540878,1.7898700545052249,-0.2467371963544384,0.00015707963267948968
810,2026-09-27T05:21:58.414+00:00,16.707,1790486518.4108589,1790486518.4054527,1790486518.4110868,TEACHING_MODE,NORMAL,START_RECORDING,REACH_TARGET_POS_SUCCESSFULLY,0.13850932943827,-0.6477964051702153,-1.1434000995665252,-0.44835763154482333,1.2098796907749891,0.2052681733270531,-0.48619636972806035,0.386049,-0.077042,0.544006,1.7887355904914286,-0.25521949651913084,0.0021642082724729686
811,2026-09-27T05:21:58.434+00:00,16.726,1790486518.4302404,1790486518.4247997,1790486518.4304628,TEACHING_MODE,NORMAL,START_RECORDING,REACH_TARGET_POS_SUCCESSFULLY,0.13850932943827,-0.6385810667196853,-1.1434000995665252,-0.446612302292829,1.2098796907749891,0.2052681733270531,-0.48619636972806035,0.382607,-0.07706099999999999,0.547469,1.7884563378111096,-0.2646093678948603,0.0033859387488689996
812,2026-09-27T05:21:58.454+00:00,16.746,1790486518.4501574,1790486518.4447663,1790486518.450454,TEACHING_MODE,NORMAL,START_RECORDING,REACH_TARGET_POS_SUCCESSFULLY,0.13850932943827,-0.6322978814125058,-1.1434000995665252,-0.44636795619754976,1.2098796907749891,0.2052681733270531,-0.48619636972806035,0.378719,-0.077443,0.551071,1.7892766425595468,-0.27438321170602853,0.0035604716740684325
813,2026-09-27T05:21:58.474+00:00,16.767,1790486518.4703455,1790486518.4651933,1790486518.4705753,TEACHING_MODE,NORMAL,START_RECORDING,REACH_TARGET_POS_SUCCESSFULLY,0.13850932943827,-0.617427676185514,-1.1434000995665252,-0.44636795619754976,1.2098796907749891,0.2052681733270531,-0.48619636972806035,0.374147,-0.078081,0.555098,1.7908474388863418,-0.28541369257863275,0.00312413936106985
814,2026-09-27T05:21:58.494+00:00,16.787,1790486518.490274,1790486518.484519,1790486518.4905186,TEACHING_MODE,NORMAL,START_RECORDING,REACH_TARGET_POS_SUCCESSFULLY,0.13850932943827,-0.6057514234896719,-1.1434000995665252,-0.44636795619754976,1.2098796907749891,0.2052681733270531,-0.48619636972806035,0.371005,-0.07851899999999999,0.5578139999999999,1.7919120897300582,-0.29291860836220834,0.002827433388230814
815,2026-09-27T05:21:58.514+00:00,16.807,1790486518.51132,1790486518.50452,1790486518.5101686,TEACHING_MODE,NORMAL,START_RECORDING,REACH_TARGET_POS_SUCCESSFULLY,0.13850932943827,-0.5977927221005778,-1.1434000995665252,-0.44659484900030905,1.2098796907749891,0.2052681733270531,-0.48619636972806035,0.366029,-0.079238,0.562014,1.7936923255670925,-0.30466467422813015,0.0022514747350726853
816,2026-09-27T05:21:58.534+00:00,16.826,1790486518.5301607,1790486518.5255592,1790486518.5309215,TEACHING_MODE,NORMAL,START_RECORDING,REACH_TARGET_POS_SUCCESSFULLY,0.13857914260834978,-0.5853136179488184,-1.1434000995665252,-0.4467170220479486,1.2098273308974292,0.2052681733270531,-0.48619636972806035,0.36092399999999997,-0.07998899999999999,0.56621,1.7955423745742063,-0.31656781972673154,0.0015882496193148398
817,2026-09-27T05:21:58.554+00:00,16.846,1790486518.5502405,1790486518.5447807,1790486518.5504584,TEACHING_MODE,NORMAL,START_RECORDING,REACH_TARGET_POS_SUCCESSFULLY,0.13864895577842953,-0.5727123407494193,-1.1434000995665252,-0.4467868352180284,1.2098273308974292,0.2052681733270531,-0.48619636972806035,0.35556,-0.080731,0.570529,1.7973749702888004,-0.32899456400093113,0.0009948376736367678
818,2026-09-27T05:21:58.574+00:00,16.867,1790486518.570461,1790486518.5656722,1790486518.5707698,TEACHING_MODE,NORMAL,START_RECORDING,REACH_TARGET_POS_SUCCESSFULLY,0.13878858211858908,-0.5595351048968621,-1.1434000995665252,-0.44692646155818794,1.2098273308974292,0.2052681733270531,-0.48619636972806035,0.34995,-0.08147599999999999,0.5749369999999999,1.7993122857585142,-0.34191000046568915,0.00047123889803846896
819,2026-09-27T05:21:58.594+00:00,16.887,1790486518.5901778,1790486518.584679,1790486518.5904622,TEACHING_MODE,NORMAL,START_RECORDING,REACH_TARGET_POS_SUCCESSFULLY,0.13882348870362896,-0.5464974953844645,-1.1434000995665252,-0.4470486346058276,1.2098273308974292,0.2052681733270531,-0.48619636972806035,0.344283,-0.08229199999999999,0.579239,1.8014415874459473,-0.35472071717532755,-0.0002617993877991494
820,2026-09-27T05:21:58.614+00:00,16.907,1790486518.6101701,1790486518.604978,1790486518.6104891,TEACHING_MODE,NORMAL,START_RECORDING,REACH_TARGET_POS_SUCCESSFULLY,0.1388758485811888,-0.5335471523346665,-1.1434000995665252,-0.4470486346058276,1.2098273308974292,0.2052681733270531,-0.48619636972806035,0.33855799999999997,-0.083074,0.583503,1.8033614496231412,-0.3676536069326055,-0.0008901179185171081
821,2026-09-27T05:21:58.634+00:00,16.926,1790486518.630458,1790486518.6256673,1790486518.630616,TEACHING_MODE,NORMAL,START_RECORDING,REACH_TARGET_POS_SUCCESSFULLY,0.14004521918002502,-0.5211378613529869,-1.1434000995665252,-0.4471009944833874,1.2098273308974292,0.2052681733270531,-0.48619636972806035,0.333016,-0.083838,0.587514,1.8052813118003348,-0.3800279913292453,-0.0015533430342749533
822,2026-09-27T05:21:58.654+00:00,16.946,1790486518.6501644,1790486518.6446166,1790486518.650536,TEACHING_MODE,NORMAL,START_RECORDING,REACH_TARGET_POS_SUCCESSFULLY,0.14243632025525724,-0.512777734235934,-1.1434000995665252,-0.44807837886450425,1.2098273308974292,0.2052681733270531,-0.48619636972806035,0.329522,-0.083712,0.590044,1.8070440943448491,-0.3879517861332996,-0.00012217304763960306
823,2026-09-27T05:21:58.674+00:00,16.966,1790486518.670417,1790486518.6646118,1790486518.6705706,TEACHING_MODE,NORMAL,START_RECORDING,REACH_TARGET_POS_SUCCESSFULLY,0.14610151168444532,-0.5002637234991347,-1.1434000995665252,-0.44989352128657834,1.2098273308974292,0.2052681733270531,-0.48619636972806035,0.324318,-0.083572,0.593731,1.8096620882228407,-0.3996629454141815,0.0019024088846738192
824,2026-09-27T05:21:58.694+00:00,16.987,1790486518.6902554,1790486518.6846776,1790486518.690492,TEACHING_MODE,NORMAL,START_RECORDING,REACH_TARGET_POS_SUCCESSFULLY,0.15086626054238986,-0.4886049240958126,-1.1434000995665252,-0.45115015834801425,1.2098273308974292,0.2052681733270531,-0.48619636972806035,0.31928799999999996,-0.083382,0.597129,1.8130305736791896,-0.4106934262867857,0.004101523742186675
825,2026-09-27T05:21:58.714+00:00,17.007,1790486518.7103019,1790486518.7045724,1790486518.7104125,TEACHING_MODE,NORMAL,START_RECORDING,REACH_TARGET_POS_SUCCESSFULLY,0.1558753554956136,-0.4769286713999705,-1.1434000995665252,-0.4525289684570898,1.2098273308974292,0.2052681733270531,-0.48619636972806035,0.31454699999999997,-0.082914,0.6003229999999999,1.8161721663327794,-0.4212526682613514,0.007225663103256525
826,2026-09-27T05:21:58.734+00:00,17.027,1790486518.7307854,1790486518.7251387,1790486518.7310333,TEACHING_MODE,NORMAL,START_RECORDING,REACH_TARGET_POS_SUCCESSFULLY,0.15978489302008086,-0.46617744320768545,-1.1434000995665252,-0.4544139240492437,1.2098273308974292,0.2052681733270531,-0.48619636972806035,0.310007,-0.08229199999999999,0.6033499999999999,1.8191915859387295,-0.43142793780047833,0.010943214410004447
827,2026-09-27T05:21:58.754+00:00,17.046,1790486518.7502582,1790486518.7446153,1790486518.7505019,TEACHING_MODE,NORMAL,START_RECORDING,REACH_TARGET_POS_SUCCESSFULLY,0.16763887465405536,-0.45607198683863825,-1.1434000995665252,-0.4574507969477138,1.2098273308974292,0.2052681733270531,-0.48619636972806035,0.30577699999999997,-0.08193199999999999,0.6059519999999999,1.8231534833407568,-0.4404163834482491,0.013753194505715317
828,2026-09-27T05:21:58.774+00:00,17.066,1790486518.7706683,1790486518.7645745,1790486518.7707558,TEACHING_MODE,NORMAL,START_RECORDING,REACH_TARGET_POS_SUCCESSFULLY,0.17392205996123494,-0.4471009944833874,-1.1434000995665252,-0.45985935131546596,1.2098273308974292,0.2052681733270531,-0.48619636972806035,0.301915,-0.082122,0.6080949999999999,1.827656432810902,-0.4480085656944245,0.014660765716752368
829,2026-09-27T05:21:58.794+00:00,17.086,1790486518.7902992,1790486518.785727,1790486518.790497,TEACHING_MODE,NORMAL,START_RECORDING,REACH_TARGET_POS_SUCCESSFULLY,0.17868680881917945,-0.44160320733960523,-1.1434000995665252,-0.4658283773572866,1.2098273308974292,0.2052681733270531,-0.48619636972806035,0.300298,-0.081395,0.608849,1.8321942888660874,-0.45088835896021506,0.017819811662862107
830,2026-09-27T05:21:58.814+00:00,17.106,1790486518.8101835,1790486518.8045318,1790486518.8104577,TEACHING_MODE,NORMAL,START_RECORDING,REACH_TARGET_POS_SUCCESSFULLY,0.18641861740551435,-0.434604437039108,-1.1434000995665252,-0.4711341782833493,1.2098273308974292,0.2052681733270531,-0.48619636972806035,0.297577,-0.080498,0.610422,1.8362434527307143,-0.4566479454917964,0.02218313479284793
831,2026-09-27T05:21:58.834+00:00,17.127,1790486518.8306746,1790486518.8247936,1790486518.8309584,TEACHING_MODE,NORMAL,START_RECORDING,REACH_TARGET_POS_SUCCESSFULLY,0.19474383793752728,-0.4282514385618486,-1.1434000995665252,-0.47513098227041634,1.2098273308974292,0.2052681733270531,-0.48619636972806035,0.29556699999999997,-0.079834,0.6112639999999999,1.8421426656024549,-0.4600338842406654,0.025499260371637154
832,2026-09-27T05:21:58.854+00:00,17.146,1790486518.8508146,1790486518.8462036,1790486518.8510895,TEACHING_MODE,NORMAL,START_RECORDING,REACH_TARGET_POS_SUCCESSFULLY,0.20366247041521832,-0.4242720878673016,-1.1434000995665252,-0.482321738788633,1.2098273308974292,0.2052681733270531,-0.48619636972806035,0.29447999999999996,-0.079058,0.611436,1.848617837127354,-0.4611334416694218,0.028850292535466268
833,2026-09-27T05:21:58.874+00:00,17.166,1790486518.870073,1790486518.8648746,1790486518.870413,TEACHING_MODE,NORMAL,START_RECORDING,REACH_TARGET_POS_SUCCESSFULLY,0.21301743520590793,-0.420746522778273,-1.1434000995665252,-0.4904375198104066,1.2098273308974292,0.2052681733270531,-0.48619636972806035,0.29397999999999996,-0.078289,0.6111329999999999,1.8557736870605308,-0.46062729618634346,0.031956978604016174
834,2026-09-27T05:21:58.894+00:00,17.187,1790486518.890265,1790486518.8850021,1790486518.8904932,TEACHING_MODE,NORMAL,START_RECORDING,REACH_TARGET_POS_SUCCESSFULLY,0.22315779815999498,-0.4200309377849553,-1.1434000995665252,-0.5001415504514951,1.2098273308974292,0.2052681733270531,-0.48619636972806035,0.294797,-0.077341,0.609875,1.863714935157105,-0.45678757183195595,0.03497639820996636
835,2026-09-27T05:21:58.914+00:00,17.207,1790486518.9106753,1790486518.9062345,1790486518.910879,TEACHING_MODE,NORMAL,START_RECORDING,REACH_TARGET_POS_SUCCESSFULLY,0.23345524074676152,-0.41907100669635844,-1.1434000995665252,-0.5069657878267929,1.2098273308974292,0.2052681733270531,-0.48619636972806035,0.29576199999999997,-0.076517,0.6083919999999999,1.872336861661957,-0.4522148091917308,0.0374896723328382
836,2026-09-27T05:21:58.934+00:00,17.227,1790486518.9302726,1790486518.92477,1790486518.9304924,TEACHING_MODE,NORMAL,START_RECORDING,REACH_TARGET_POS_SUCCESSFULLY,0.24022711824449955,-0.41907100669635844,-1.1434000995665252,-0.5224294049994627,1.2098273308974292,0.2052681733270531,-0.48619636972806035,0.297097,-0.07674099999999999,0.6063569999999999,1.8816394665750866,-0.44573963766683183,0.03605850234620284
837,2026-09-27T05:21:58.954+00:00,17.247,1790486518.9513707,1790486518.944741,1790486518.951541,TEACHING_MODE,NORMAL,START_RECORDING,REACH_TARGET_POS_SUCCESSFULLY,0.25048965424622616,-0.41907100669635844,-1.1434000995665252,-0.53557173426698,1.2098273308974292,0.2052681733270531,-0.48619636972806035,0.298792,-0.07613199999999999,0.604058,1.8918670959917734,-0.4384267081009756,0.037332592700158714
838,2026-09-27T05:21:58.974+00:00,17.266,1790486518.9702485,1790486518.9647815,1790486518.9704916,TEACHING_MODE,NORMAL,START_RECORDING,REACH_TARGET_POS_SUCCESSFULLY,0.2601587783022748,-0.41907100669635844,-1.1434000995665252,-0.5449441523501894,1.2098273308974292,0.2052681733270531,-0.48619636972806035,0.30018,-0.074964,0.602391,1.89916257226511,-0.43313836046743276,0.04066617157146788
839,2026-09-27T05:21:58.994+00:00,17.286,1790486518.9904573,1790486518.9846225,1790486518.990537,TEACHING_MODE,NORMAL,START_RECORDING,REACH_TARGET_POS_SUCCESSFULLY,0.2689726910248461,-0.41907100669635844,-1.1434000995665252,-0.559849264162221,1.2098273308974292,0.2052681733270531,-0.48619636972806035,0.301901,-0.074996,0.599691,1.9106991986207924,-0.4245862471326606,0.039636427312791225
840,2026-09-27T05:21:59.014+00:00,17.307,1790486519.0111134,1790486519.005144,1790486519.0113194,TEACHING_MODE,NORMAL,START_RECORDING,REACH_TARGET_POS_SUCCESSFULLY,0.27708847204661974,-0.41907100669635844,-1.1434000995665252,-0.5759761064506487,1.2098273308974292,0.2052681733270531,-0.48619636972806035,0.30363,-0.075428,0.596737,1.9230037698473523,-0.41523128234197093,0.03721041965251911
841,2026-09-27T05:21:59.034+00:00,17.326,1790486519.0305955,1790486519.02483,1790486519.0307696,TEACHING_MODE,NORMAL,START_RECORDING,REACH_TARGET_POS_SUCCESSFULLY,0.2844886680750757,-0.41907100669635844,-1.1434000995665252,-0.592818533732394,1.2098273308974292,0.2052681733270531,-0.48619636972806035,0.305336,-0.07626,0.593559,1.9358668464345505,-0.40519563914300355,0.03342305517569141
842,2026-09-27T05:21:59.054+00:00,17.346,1790486519.0502894,1790486519.045131,1790486519.050511,TEACHING_MODE,NORMAL,START_RECORDING,REACH_TARGET_POS_SUCCESSFULLY,0.29150489166809296,-0.41907100669635844,-1.1434000995665252,-0.610359092714937,1.2098273308974292,0.2052681733270531,-0.48619636972806035,0.307025,-0.07729899999999999,0.590209,1.949026628994588,-0.3946189438759179,0.028937558998065986
843,2026-09-27T05:21:59.074+00:00,17.366,1790486519.0708532,1790486519.066445,1790486519.0710304,TEACHING_MODE,NORMAL,START_RECORDING,REACH_TARGET_POS_SUCCESSFULLY,0.2983640356284306,-0.41907100669635844,-1.1434000995665252,-0.6283534373029985,1.2098273308974292,0.2052681733270531,-0.48619636972806035,0.308541,-0.07909,0.586703,1.9623958510648642,-0.38357100971079383,0.02202605516016844
844,2026-09-27T05:21:59.094+00:00,17.387,1790486519.0901904,1790486519.084546,1790486519.0904725,TEACHING_MODE,NORMAL,START_RECORDING,REACH_TARGET_POS_SUCCESSFULLY,0.3030066114387356,-0.41907100669635844,-1.1434000995665252,-0.6466095812788593,1.2098273308974292,0.2052681733270531,-0.48619636972806035,0.310216,-0.080223,0.5830719999999999,1.9758523395977405,-0.3721565564027509,0.01726130630222392
845,2026-09-27T05:21:59.114+00:00,17.407,1790486519.1103075,1790486519.1049404,1790486519.1105072,TEACHING_MODE,NORMAL,START_RECORDING,REACH_TARGET_POS_SUCCESSFULLY,0.3097261290589137,-0.41907100669635844,-1.1434000995665252,-0.6588443393353395,1.2098273308974292,0.2052681733270531,-0.48619636972806035,0.311475,-0.080332,0.580618,1.9847011589053518,-0.36445965440145595,0.016179202165987436
846,2026-09-27T05:21:59.134+00:00,17.426,1790486519.1307633,1790486519.126701,1790486519.1309953,TEACHING_MODE,NORMAL,START_RECORDING,REACH_TARGET_POS_SUCCESSFULLY,0.31560788863813466,-0.41907100669635844,-1.1434000995665252,-0.67715284318876,1.2098273308974292,0.2052681733270531,-0.48619636972806035,0.313039,-0.081629,0.5768719999999999,1.997913301342949,-0.35273104182805404,0.010943214410004447
847,2026-09-27T05:21:59.154+00:00,17.446,1790486519.150303,1790486519.144931,1790486519.1505055,TEACHING_MODE,NORMAL,START_RECORDING,REACH_TARGET_POS_SUCCESSFULLY,0.32079151651655774,-0.41907100669635844,-1.1434000995665252,-0.6951471877768215,1.2098273308974292,0.2052681733270531,-0.48619636972806035,0.31451799999999996,-0.082975,0.573114,2.010776377930147,-0.3409675226696122,0.005585053606381855
848,2026-09-27T05:21:59.174+00:00,17.466,1790486519.1704857,1790486519.164686,1790486519.170695,TEACHING_MODE,NORMAL,START_RECORDING,REACH_TARGET_POS_SUCCESSFULLY,0.3259925976875009,-0.41907100669635844,-1.1434000995665252,-0.7126353868818047,1.2098273308974292,0.2052681733270531,-0.48619636972806035,0.315864,-0.084433,0.569414,2.023115855741747,-0.32941344302140974,-1.7453292519943296e-05
849,2026-09-27T05:21:59.194+00:00,17.486,1790486519.1901994,1790486519.184708,1790486519.1904829,TEACHING_MODE,NORMAL,START_RECORDING,REACH_TARGET_POS_SUCCESSFULLY,0.32962288253164906,-0.4192455396215579,-1.1434000995665252,-0.7293032812383505,1.2098273308974292,0.2052681733270531,-0.48619636972806035,0.317112,-0.085977,0.565788,2.0347048419749894,-0.3181037094684865,-0.005899212871740834
850,2026-09-27T05:21:59.214+00:00,17.507,1790486519.21014,1790486519.2049415,1790486519.2104306,TEACHING_MODE,NORMAL,START_RECORDING,REACH_TARGET_POS_SUCCESSFULLY,0.3338989391990352,-0.41942007254675734,-1.1434000995665252,-0.7450810576763792,1.2098273308974292,0.2052681733270531,-0.48619636972806035,0.31815699999999997,-0.087793,0.562299,2.045613149799954,-0.30723030822856184,-0.012531464029319286
851,2026-09-27T05:21:59.234+00:00,17.526,1790486519.2309022,1790486519.2254324,1790486519.2311916,TEACHING_MODE,NORMAL,START_RECORDING,REACH_TARGET_POS_SUCCESSFULLY,0.33548718881835005,-0.4195771521794368,-1.1434000995665252,-0.759672010223052,1.2098273308974292,0.2052681733270531,-0.48619636972806035,0.319227,-0.089021,0.559009,2.0555964331213614,-0.29698522551935513,-0.017243853009703977
852,2026-09-27T05:21:59.254+00:00,17.546,1790486519.2503073,1790486519.2449462,1790486519.2505486,TEACHING_MODE,NORMAL,START_RECORDING,REACH_TARGET_POS_SUCCESSFULLY,0.337633943798303,-0.4204847233904739,-1.1434000995665252,-0.772849246075609,1.2098273308974292,0.2052681733270531,-0.48619636972806035,0.319978,-0.089837,0.556852,2.061635272333262,-0.29026570789917694,-0.0204378055408536
853,2026-09-27T05:21:59.274+00:00,17.566,1790486519.2703223,1790486519.2644434,1790486519.2705402,TEACHING_MODE,NORMAL,START_RECORDING,REACH_TARGET_POS_SUCCESSFULLY,0.3405311903566136,-0.42165409398931003,-1.1434000995665252,-0.7806159612469838,1.2098273308974292,0.2052681733270531,-0.48619636972806035,0.32118599999999997,-0.090886,0.553765,2.0694543473821962,-0.2805791305506084,-0.02476622208579954
854,2026-09-27T05:21:59.294+00:00,17.587,1790486519.291444,1790486519.287038,1790486519.2915518,TEACHING_MODE,NORMAL,START_RECORDING,REACH_TARGET_POS_SUCCESSFULLY,0.34245105253380737,-0.42401028847950245,-1.1434000995665252,-0.7905817912758716,1.2098273308974292,0.2052681733270531,-0.48619636972806035,0.32267,-0.091468,0.550818,2.0755804530566966,-0.2712590723449587,-0.027855454861829502
855,2026-09-27T05:21:59.314+00:00,17.607,1790486519.3101444,1790486519.3045108,1790486519.310435,TEACHING_MODE,NORMAL,START_RECORDING,REACH_TARGET_POS_SUCCESSFULLY,0.34302701118696555,-0.42619195004449534,-1.1434000995665252,-0.7982612399846465,1.2098273308974292,0.2052681733270531,-0.48619636972806035,0.324188,-0.092084,0.5481429999999999,2.0799612294792023,-0.2627418655952264,-0.031154127148098783
856,2026-09-27T05:21:59.334+00:00,17.626,1790486519.332525,1790486519.3245652,1790486519.3329098,TEACHING_MODE,NORMAL,START_RECORDING,REACH_TARGET_POS_SUCCESSFULLY,0.3427303052141265,-0.43039819354180164,-1.1434000995665252,-0.8037241205433888,1.2098273308974292,0.2052681733270531,-0.48619636972806035,0.325993,-0.09257399999999999,0.545605,2.082299970676875,-0.254556271403373,-0.03438298626428829
857,2026-09-27T05:21:59.354+00:00,17.647,1790486519.3501992,1790486519.3452501,1790486519.350495,TEACHING_MODE,NORMAL,START_RECORDING,REACH_TARGET_POS_SUCCESSFULLY,0.3427303052141265,-0.43711771116197984,-1.1434000995665252,-0.806097768326101,1.2098273308974292,0.2052681733270531,-0.48619636972806035,0.327239,-0.092802,0.543908,2.0837136873709903,-0.24911084413715065,-0.03623303527140228
858,2026-09-27T05:21:59.374+00:00,17.666,1790486519.3702805,1790486519.3650053,1790486519.3705235,TEACHING_MODE,NORMAL,START_RECORDING,REACH_TARGET_POS_SUCCESSFULLY,0.3427303052141265,-0.44123668819668643,-1.1434000995665252,-0.8081223502584145,1.2098273308974292,0.2052681733270531,-0.48619636972806035,0.329433,-0.09228399999999999,0.541991,2.082561770064674,-0.2427927522449312,-0.036564647829281205
859,2026-09-27T05:21:59.394+00:00,17.687,1790486519.3911133,1790486519.3862507,1790486519.3915558,TEACHING_MODE,NORMAL,START_RECORDING,REACH_TARGET_POS_SUCCESSFULLY,0.3427303052141265,-0.4492302961708205,-1.1434000995665252,-0.8081747101359743,1.2098273308974292,0.2052681733270531,-0.48619636972806035,0.33236499999999997,-0.091323,0.539719,2.079943776186682,-0.23530528975387552,-0.03614576880880257
860,2026-09-27T05:21:59.414+00:00,17.707,1790486519.4103339,1790486519.4049687,1790486519.4105725,TEACHING_MODE,NORMAL,START_RECORDING,REACH_TARGET_POS_SUCCESSFULLY,0.34243359924128747,-0.4588296070567893,-1.1434000995665252,-0.8078430975780954,1.2098273308974292,0.2052681733270531,-0.48619636972806035,0.33568,-0.090142,0.537241,2.0765229308527733,-0.22718950873210186,-0.03537782393792506
861,2026-09-27T05:21:59.434+00:00,17.726,1790486519.4302404,1790486519.4248028,1790486519.4304595,TEACHING_MODE,NORMAL,START_RECORDING,REACH_TARGET_POS_SUCCESSFULLY,0.3412467753499313,-0.4689350634258365,-1.1434000995665252,-0.807633658067856,1.2098273308974292,0.2052681733270531,-0.48619636972806035,0.33927399999999996,-0.089012,0.534515,2.072578486743266,-0.21837559600953052,-0.03506366467256608
862,2026-09-27T05:21:59.454+00:00,17.746,1790486519.4512064,1790486519.4471714,1790486519.4514887,TEACHING_MODE,NORMAL,START_RECORDING,REACH_TARGET_POS_SUCCESSFULLY,0.339798152070776,-0.48073348916931813,-1.1434000995665252,-0.8075114850202165,1.2098273308974292,0.2052681733270531,-0.48619636972806035,0.34332399999999996,-0.08821799999999999,0.531214,2.068197710320761,-0.20785126062000472,-0.03623303527140228
863,2026-09-27T05:21:59.474+00:00,17.767,1790486519.470275,1790486519.464913,1790486519.4705184,TEACHING_MODE,NORMAL,START_RECORDING,REACH_TARGET_POS_SUCCESSFULLY,0.3383495287916207,-0.49293334064075855,-1.1434000995665252,-0.8070402461221781,1.2098273308974292,0.2052681733270531,-0.48619636972806035,0.347649,-0.086977,0.527712,2.0635900410954955,-0.19687313962496036,-0.03623303527140228
864,2026-09-27T05:21:59.494+00:00,17.787,1790486519.490318,1790486519.4847298,1790486519.490562,TEACHING_MODE,NORMAL,START_RECORDING,REACH_TARGET_POS_SUCCESSFULLY,0.3375466773357033,-0.5060582166157559,-1.1434000995665252,-0.8065515539316196,1.2098273308974292,0.2052681733270531,-0.48619636972806035,0.35230999999999996,-0.08554199999999999,0.523951,2.058301693461953,-0.18524924680667815,-0.03593632929856325
865,2026-09-27T05:21:59.514+00:00,17.807,1790486519.5104733,1790486519.5060031,1790486519.5107148,TEACHING_MODE,NORMAL,START_RECORDING,REACH_TARGET_POS_SUCCESSFULLY,0.33660419953962645,-0.5147848628757276,-1.1434000995665252,-0.8041604528563874,1.2098273308974292,0.2052681733270531,-0.48619636972806035,0.355415,-0.084321,0.5216529999999999,2.0540605433796064,-0.17826792979870082,-0.03490658503988659
866,2026-09-27T05:21:59.534+00:00,17.826,1790486519.5303507,1790486519.5250986,1790486519.5305684,TEACHING_MODE,NORMAL,START_RECORDING,REACH_TARGET_POS_SUCCESSFULLY,0.33457961760731303,-0.5289045765243616,-1.1434000995665252,-0.800844327277598,1.2098273308974292,0.2052681733270531,-0.48619636972806035,0.36028699999999997,-0.082934,0.517682,2.0478820778275466,-0.16634733100757956,-0.03490658503988659
867,2026-09-27T05:21:59.554+00:00,17.846,1790486519.5516522,1790486519.5449688,1790486519.5518515,TEACHING_MODE,NORMAL,START_RECORDING,REACH_TARGET_POS_SUCCESSFULLY,0.3309144261781249,-0.5433908093159145,-1.1434000995665252,-0.7983659597397662,1.2098273308974292,0.2052681733270531,-0.48619636972806035,0.36494699999999997,-0.081897,0.5140549999999999,2.04067386801681,-0.15570082257041412,-0.03565707661824415
868,2026-09-27T05:21:59.574+00:00,17.867,1790486519.5702095,1790486519.5654435,1790486519.5704942,TEACHING_MODE,NORMAL,START_RECORDING,REACH_TARGET_POS_SUCCESSFULLY,0.327807740109575,-0.5575454295495886,-1.1434000995665252,-0.7935488510042618,1.2098273308974292,0.2052681733270531,-0.48619636972806035,0.36980599999999997,-0.08051,0.510352,2.0328722462603954,-0.14505431413324874,-0.03543018381548489
869,2026-09-27T05:21:59.594+00:00,17.887,1790486519.5901532,1790486519.58514,1790486519.5905168,TEACHING_MODE,NORMAL,START_RECORDING,REACH_TARGET_POS_SUCCESSFULLY,0.32484068038118463,-0.5713509839328638,-1.1434000995665252,-0.7875972782549611,1.2098273308974292,0.2052681733270531,-0.48619636972806035,0.37432099999999996,-0.07940499999999999,0.507068,2.024599385605942,-0.13587388226775857,-0.03556981015564444
870,2026-09-27T05:21:59.614+00:00,17.907,1790486519.6121004,1790486519.6075208,1790486519.6123965,TEACHING_MODE,NORMAL,START_RECORDING,REACH_TARGET_POS_SUCCESSFULLY,0.31780700349564744,-0.584493313200381,-1.1434000995665252,-0.7810522935599824,1.2098273308974292,0.2052681733270531,-0.48619636972806035,0.378658,-0.07862,0.503888,2.0162218051963694,-0.12719959588534674,-0.03633775502652194
871,2026-09-27T05:21:59.634+00:00,17.926,1790486519.6301546,1790486519.625504,1790486519.6303706,TEACHING_MODE,NORMAL,START_RECORDING,REACH_TARGET_POS_SUCCESSFULLY,0.31068606014751066,-0.597408749665139,-1.1434000995665252,-0.775955932144159,1.2098273308974292,0.2052681733270531,-0.48619636972806035,0.38271099999999997,-0.077677,0.501168,2.0075300655214376,-0.12002629265965004,-0.03623303527140228
872,2026-09-27T05:21:59.654+00:00,17.946,1790486519.6503322,1790486519.6454499,1790486519.6505733,TEACHING_MODE,NORMAL,START_RECORDING,REACH_TARGET_POS_SUCCESSFULLY,0.3049962867860091,-0.6098180406468187,-1.1434000995665252,-0.7652570638294338,1.2098273308974292,0.2052681733270531,-0.48619636972806035,0.385009,-0.078203,0.5000359999999999,2.000129869492982,-0.11737339219661867,-0.03867649622419435
873,2026-09-27T05:21:59.674+00:00,17.966,1790486519.6712668,1790486519.6670775,1790486519.6715074,TEACHING_MODE,NORMAL,START_RECORDING,REACH_TARGET_POS_SUCCESSFULLY,0.2958333082130388,-0.6177069288658331,-1.1434000995665252,-0.7564082445218224,1.2098273308974292,0.2052681733270531,-0.48619636972806035,0.38855,-0.079332,0.49698499999999995,1.9927645800495657,-0.10943214410004447,-0.04380776422505767
874,2026-09-27T05:21:59.694+00:00,17.986,1790486519.6901615,1790486519.6849647,1790486519.690452,TEACHING_MODE,NORMAL,START_RECORDING,REACH_TARGET_POS_SUCCESSFULLY,0.28586747818415126,-0.6290864755888362,-1.1434000995665252,-0.750107605922123,1.2098273308974292,0.2052681733270531,-0.48619636972806035,0.391792,-0.080339,0.49482299999999996,1.9837935876943147,-0.10423106292910136,-0.04785692808968452
875,2026-09-27T05:21:59.714+00:00,18.007,1790486519.7103276,1790486519.7054765,1790486519.7105694,TEACHING_MODE,NORMAL,START_RECORDING,REACH_TARGET_POS_SUCCESSFULLY,0.27607618108046306,-0.6397155307334816,-1.1434000995665252,-0.7404559351585944,1.2098273308974292,0.2052681733270531,-0.48619636972806035,0.394856,-0.081412,0.49288699999999996,1.974752782168984,-0.09979792662903576,-0.051696652444072046
876,2026-09-27T05:21:59.734+00:00,18.026,1790486519.730625,1790486519.7263217,1790486519.730828,TEACHING_MODE,NORMAL,START_RECORDING,REACH_TARGET_POS_SUCCESSFULLY,0.2695661029705242,-0.6499082535651285,-1.1434000995665252,-0.730088679401748,1.2098273308974292,0.2052681733270531,-0.48619636972806035,0.397628,-0.082443,0.49132099999999995,1.9657992431062534,-0.09648180105024655,-0.05501277802286127
877,2026-09-27T05:21:59.754+00:00,18.046,1790486519.7505631,1790486519.7450156,1790486519.7508757,TEACHING_MODE,NORMAL,START_RECORDING,REACH_TARGET_POS_SUCCESSFULLY,0.2564586802880468,-0.6563310652124676,-1.1434000995665252,-0.7191629182842635,1.2098273308974292,0.2052681733270531,-0.48619636972806035,0.40024299999999996,-0.083456,0.490015,1.9566886244108428,-0.09396852692737472,-0.05791002458117186
878,2026-09-27T05:21:59.774+00:00,18.066,1790486519.7707818,1790486519.7655783,1790486519.7710176,TEACHING_MODE,NORMAL,START_RECORDING,REACH_TARGET_POS_SUCCESSFULLY,0.24705135561979738,-0.6684087436362685,-1.1434000995665252,-0.7079928110714997,1.209932050652549,0.2052681733270531,-0.48619636972806035,0.402679,-0.08448,0.48891599999999996,1.9476478188855122,-0.09208357133522083,-0.06054547175168329
879,2026-09-27T05:21:59.794+00:00,18.087,1790486519.7905283,1790486519.785369,1790486519.7906716,TEACHING_MODE,NORMAL,START_RECORDING,REACH_TARGET_POS_SUCCESSFULLY,0.24085543677521748,-0.6757216732021246,-1.1434000995665252,-0.6964561847158173,1.209932050652549,0.2052681733270531,-0.48619636972806035,0.40419099999999997,-0.084382,0.489162,1.939689117496418,-0.09379399400217528,-0.05953318078552658
880,2026-09-27T05:21:59.814+00:00,18.107,1790486519.8102126,1790486519.8060048,1790486519.810878,TEACHING_MODE,NORMAL,START_RECORDING,REACH_TARGET_POS_SUCCESSFULLY,0.2324429497806048,-0.6804340621825093,-1.1434000995665252,-0.6846752122648555,1.2100367704076687,0.2052681733270531,-0.48619636972806035,0.406062,-0.085099,0.488807,1.9310322844065262,-0.09393362034233481,-0.06075491126192261
881,2026-09-27T05:21:59.834+00:00,18.126,1790486519.833084,1790486519.8283327,1790486519.833273,TEACHING_MODE,NORMAL,START_RECORDING,REACH_TARGET_POS_SUCCESSFULLY,0.22464132802419015,-0.6858620361562118,-1.1434000995665252,-0.6766466977056816,1.2100367704076687,0.2052681733270531,-0.48619636972806035,0.407429,-0.086378,0.488255,1.9249934451946258,-0.09330530181161686,-0.06356489135763348
882,2026-09-27T05:21:59.854+00:00,18.146,1790486519.850355,1790486519.8460345,1790486519.8505871,TEACHING_MODE,NORMAL,START_RECORDING,REACH_TARGET_POS_SUCCESSFULLY,0.21727603858077407,-0.6901555461161177,-1.1434000995665252,-0.6640628737988026,1.2100367704076687,0.2052681733270531,-0.48619636972806035,0.40857099999999996,-0.086701,0.48891599999999996,1.916668224662613,-0.09615018849236762,-0.06311110575211495
883,2026-09-27T05:21:59.874+00:00,18.166,1790486519.870214,1790486519.8657806,1790486519.870526,TEACHING_MODE,NORMAL,START_RECORDING,REACH_TARGET_POS_SUCCESSFULLY,0.2101376419401173,-0.6929131663342688,-1.1434000995665252,-0.6507460116060858,1.2100367704076687,0.2052681733270531,-0.48619636972806035,0.4094,-0.086894,0.490035,1.90829064425304,-0.10019935235699447,-0.06204645490839842
884,2026-09-27T05:21:59.894+00:00,18.187,1790486519.890866,1790486519.888146,1790486519.8911035,TEACHING_MODE,NORMAL,START_RECORDING,REACH_TARGET_POS_SUCCESSFULLY,0.2035752039526186,-0.6940127237630253,-1.1434000995665252,-0.6370626302704502,1.2100367704076687,0.2052681733270531,-0.48619636972806035,0.409449,-0.08696899999999999,0.49215,1.9001923165237864,-0.10679669692953302,-0.060178952608764484
885,2026-09-27T05:21:59.914+00:00,18.207,1790486519.9104958,1790486519.9062853,1790486519.9105816,TEACHING_MODE,NORMAL,START_RECORDING,REACH_TARGET_POS_SUCCESSFULLY,0.1971174857202396,-0.6943268830283842,-1.1434000995665252,-0.6225414908938575,1.2100367704076687,0.2052681733270531,-0.48619636972806035,0.40914,-0.086778,0.49477699999999997,1.892024175624453,-0.11473794502610722,-0.05738642580557356
886,2026-09-27T05:21:59.934+00:00,18.226,1790486519.9319878,1790486519.9273057,1790486519.9322753,TEACHING_MODE,NORMAL,START_RECORDING,REACH_TARGET_POS_SUCCESSFULLY,0.19278906917529362,-0.6939429105929454,-1.1434000995665252,-0.6126978339126095,1.2100367704076687,0.2052681733270531,-0.48619636972806035,0.40888399999999997,-0.085603,0.49762199999999995,1.8834546089971609,-0.12325515177583955,-0.052028265001950964
887,2026-09-27T05:21:59.954+00:00,18.246,1790486519.950465,1790486519.9465938,1790486519.9506671,TEACHING_MODE,NORMAL,START_RECORDING,REACH_TARGET_POS_SUCCESSFULLY,0.18613936472519527,-0.6932796854771877,-1.1434000995665252,-0.5928883469024737,1.2100367704076687,0.2052681733270531,-0.48619636972806035,0.408088,-0.085467,0.500779,1.8749548555399485,-0.13255775668896932,-0.0490612052735606
888,2026-09-27T05:21:59.974+00:00,18.266,1790486519.970509,1790486519.9659793,1790486519.970584,TEACHING_MODE,NORMAL,START_RECORDING,REACH_TARGET_POS_SUCCESSFULLY,0.17966419320029628,-0.6918485154905523,-1.1434000995665252,-0.5782624877707613,1.2100367704076687,0.2052681733270531,-0.48619636972806035,0.407184,-0.086223,0.503053,1.8693872552260866,-0.13917255455402786,-0.049113565151120434
889,2026-09-27T05:21:59.994+00:00,18.286,1790486519.991914,1790486519.9868832,1790486519.991158,TEACHING_MODE,NORMAL,START_RECORDING,REACH_TARGET_POS_SUCCESSFULLY,0.17395696654627482,-0.6910631173271548,-1.1434000995665252,-0.5686806301773124,1.2100367704076687,0.2052681733270531,-0.48619636972806035,0.406261,-0.085654,0.506269,1.8610794879865935,-0.14856242592975735,-0.045099307871533476
890,2026-09-27T05:22:00.014+00:00,18.307,1790486520.010473,1790486520.0063322,1790486520.010724,TEACHING_MODE,NORMAL,START_RECORDING,REACH_TARGET_POS_SUCCESSFULLY,0.16852899257257248,-0.6902777191637575,-1.1434000995665252,-0.5541420375081997,1.2100367704076687,0.2052681733270531,-0.48619636972806035,0.40558,-0.085092,0.509168,1.8524052016041817,-0.1571319925570495,-0.041172317054546236
891,2026-09-27T05:22:00.034+00:00,18.326,1790486520.0311744,1790486520.0269804,1790486520.031465,TEACHING_MODE,NORMAL,START_RECORDING,REACH_TARGET_POS_SUCCESSFULLY,0.16367697725202823,-0.690050826360998,-1.1434000995665252,-0.5402492166623247,1.2100367704076687,0.2052681733270531,-0.48619636972806035,0.404895,-0.084421,0.511977,1.8438879948544495,-0.16543975979654252,-0.037035886727319674
892,2026-09-27T05:22:00.054+00:00,18.346,1790486520.0515857,1790486520.0472422,1790486520.0518727,TEACHING_MODE,NORMAL,START_RECORDING,REACH_TARGET_POS_SUCCESSFULLY,0.1593136541220424,-0.6898588401432788,-1.1434000995665252,-0.5265134754491294,1.2100367704076687,0.2052681733270531,-0.48619636972806035,0.404453,-0.083165,0.514529,1.8355278677373965,-0.1730144887501979,-0.03155555287605748
893,2026-09-27T05:22:00.074+00:00,18.366,1790486520.0710826,1790486520.066742,1790486520.0711632,TEACHING_MODE,NORMAL,START_RECORDING,REACH_TARGET_POS_SUCCESSFULLY,0.15536921001253523,-0.6898588401432788,-1.1434000995665252,-0.5132315198414525,1.2100367704076687,0.2052681733270531,-0.48619636972806035,0.404076,-0.081701,0.516996,1.827080474157744,-0.18037977819361398,-0.02556907354171693
894,2026-09-27T05:22:00.094+00:00,18.387,1790486520.090314,1790486520.084644,1790486520.0905752,TEACHING_MODE,NORMAL,START_RECORDING,REACH_TARGET_POS_SUCCESSFULLY,0.152978108937303,-0.6898064802657189,-1.1434000995665252,-0.5006302426420535,1.2100367704076687,0.2052681733270531,-0.48619636972806035,0.403671,-0.080422,0.519289,1.8191043194761298,-0.1872040155689118,-0.020176006153054447
895,2026-09-27T05:22:00.114+00:00,18.407,1790486520.1108117,1790486520.1051402,1790486520.1110408,TEACHING_MODE,NORMAL,START_RECORDING,REACH_TARGET_POS_SUCCESSFULLY,0.14929546421559495,-0.6898064802657189,-1.1434000995665252,-0.4885874708032926,1.2100367704076687,0.2052681733270531,-0.48619636972806035,0.403292,-0.080161,0.52076,1.813850878427627,-0.1916022452839375,-0.018081611050661254
896,2026-09-27T05:22:00.134+00:00,18.427,1790486520.1304727,1790486520.1249845,1790486520.130676,TEACHING_MODE,NORMAL,START_RECORDING,REACH_TARGET_POS_SUCCESSFULLY,0.14666001704508352,-0.6898064802657189,-1.1434000995665252,-0.480768395754358,1.2100367704076687,0.2052681733270531,-0.48619636972806035,0.402931,-0.078818,0.52283,1.8063459626440512,-0.19776325754347748,-0.012671090369478832
897,2026-09-27T05:22:00.154+00:00,18.446,1790486520.1513834,1790486520.145041,1790486520.1516,TEACHING_MODE,NORMAL,START_RECORDING,REACH_TARGET_POS_SUCCESSFULLY,0.14357078426905356,-0.6896144940479995,-1.1434000995665252,-0.4686558107455174,1.2100367704076687,0.2052681733270531,-0.48619636972806035,0.402503,-0.077458,0.5249619999999999,1.7986316073502364,-0.2040988027282169,-0.007138396640656808
898,2026-09-27T05:22:00.174+00:00,18.466,1790486520.1705987,1790486520.1666062,1790486520.1707928,TEACHING_MODE,NORMAL,START_RECORDING,REACH_TARGET_POS_SUCCESSFULLY,0.14004521918002502,-0.6891781617350009,-1.1434000995665252,-0.4571366376823548,1.2100367704076687,0.2052681733270531,-0.48619636972806035,0.40184899999999996,-0.076343,0.527216,1.7910219718115412,-0.21073105388579536,-0.002181661564992912
899,2026-09-27T05:22:00.194+00:00,18.486,1790486520.191108,1790486520.185686,1790486520.1913207,TEACHING_MODE,NORMAL,START_RECORDING,REACH_TARGET_POS_SUCCESSFULLY,0.13779374444495232,-0.6883578569865635,-1.1434000995665252,-0.44647267595266943,1.2100367704076687,0.2052681733270531,-0.48619636972806035,0.401288,-0.07511999999999999,0.529235,1.7840232015110438,-0.21666517334257607,0.002827433388230814
900,2026-09-27T05:22:00.214+00:00,18.506,1790486520.2120762,1790486520.2076063,1790486520.212319,TEACHING_MODE,NORMAL,START_RECORDING,REACH_TARGET_POS_SUCCESSFULLY,0.13562953617247936,-0.6870488600475678,-1.1434000995665252,-0.43947390565217215,1.2100367704076687,0.2052681733270531,-0.48619636972806035,0.400617,-0.07347,0.531381,1.7772164174282659,-0.22289599877219585,0.00895353906273091
901,2026-09-27T05:22:00.234+00:00,18.526,1790486520.230838,1790486520.2248375,1790486520.2310784,TEACHING_MODE,NORMAL,START_RECORDING,REACH_TARGET_POS_SUCCESSFULLY,0.1336747674102457,-0.6861238355440108,-1.1434000995665252,-0.42704716137797255,1.2100367704076687,0.2052681733270531,-0.48619636972806035,0.399816,-0.072353,0.533418,1.7710030452911663,-0.22877775835141673,0.013596114873035827
902,2026-09-27T05:22:00.254+00:00,18.546,1790486520.2507403,1790486520.2451835,1790486520.2509425,TEACHING_MODE,NORMAL,START_RECORDING,REACH_TARGET_POS_SUCCESSFULLY,0.13203415791337103,-0.6838025476388584,-1.1434000995665252,-0.41982149827471604,1.2100367704076687,0.2052681733270531,-0.48619636972806035,0.398659,-0.07234,0.5351589999999999,1.7675821999572574,-0.23361232037944102,0.014852751934471744
903,2026-09-27T05:22:00.274+00:00,18.566,1790486520.2708356,1790486520.266677,1790486520.2703404,TEACHING_MODE,NORMAL,START_RECORDING,REACH_TARGET_POS_SUCCESSFULLY,0.13215633096101062,-0.6803991555974694,-1.1434000995665252,-0.41524873563449094,1.2100367704076687,0.2052681733270531,-0.48619636972806035,0.397416,-0.070935,0.537356,1.7633235965823912,-0.2397384260539411,0.0199142067652553
904,2026-09-27T05:22:00.294+00:00,18.586,1790486520.2926357,1790486520.2897117,1790486520.2929225,TEACHING_MODE,NORMAL,START_RECORDING,REACH_TARGET_POS_SUCCESSFULLY,0.1322959573011702,-0.6775891755017586,-1.1434000995665252,-0.4090877233749509,1.2100367704076687,0.2052681733270531,-0.48619636972806035,0.395597,-0.06966,0.540041,1.7593442458878439,-0.24710371549735716,0.02476622208579954
905,2026-09-27T05:22:00.314+00:00,18.606,1790486520.3139272,1790486520.3072186,1790486520.3107147,TEACHING_MODE,NORMAL,START_RECORDING,REACH_TARGET_POS_SUCCESSFULLY,0.13231341059369012,-0.6717772290926175,-1.1434000995665252,-0.4036248428162087,1.2100367704076687,0.2052681733270531,-0.48619636972806035,0.393818,-0.06866699999999999,0.542497,1.7560281203090549,-0.25382323311753535,0.02871066619530672
906,2026-09-27T05:22:00.334+00:00,18.626,1790486520.3284307,1790486520.3271828,1790486520.3306515,TEACHING_MODE,NORMAL,START_RECORDING,REACH_TARGET_POS_SUCCESSFULLY,0.13236577047124995,-0.6662968952413553,-1.1434000995665252,-0.39926151968622287,1.2100367704076687,0.2052681733270531,-0.48619636972806035,0.391482,-0.067817,0.545392,1.7531134204582242,-0.26169466804402974,0.03239331091701476
907,2026-09-27T05:22:00.354+00:00,18.646,1790486520.3503375,1790486520.3447056,1790486520.3505616,TEACHING_MODE,NORMAL,START_RECORDING,REACH_TARGET_POS_SUCCESSFULLY,0.13236577047124995,-0.6601707895668552,-1.1434000995665252,-0.3970798581212299,1.2100367704076687,0.2052681733270531,-0.48619636972806035,0.389015,-0.067385,0.5481429999999999,1.75135063791371,-0.26912977065752564,0.0347495054072071
908,2026-09-27T05:22:00.374+00:00,18.666,1790486520.3703365,1790486520.3646617,1790486520.370562,TEACHING_MODE,NORMAL,START_RECORDING,REACH_TARGET_POS_SUCCESSFULLY,0.13236577047124995,-0.6551966011986713,-1.1434000995665252,-0.3957883144747541,1.2100367704076687,0.2052681733270531,-0.48619636972806035,0.387159,-0.06734,0.550025,1.7508968523081916,-0.2741912254883092,0.03560471674068432
909,2026-09-27T05:22:00.394+00:00,18.686,1790486520.3916984,1790486520.3855379,1790486520.3919005,TEACHING_MODE,NORMAL,START_RECORDING,REACH_TARGET_POS_SUCCESSFULLY,0.13236577047124995,-0.6478487650477752,-1.1434000995665252,-0.39589303422987376,1.2100367704076687,0.2052681733270531,-0.48619636972806035,0.384024,-0.067758,0.552881,1.7516647971790689,-0.28180086102700447,0.03537782393792506
910,2026-09-27T05:22:00.414+00:00,18.706,1790486520.4107082,1790486520.405355,1790486520.41091,TEACHING_MODE,NORMAL,START_RECORDING,REACH_TARGET_POS_SUCCESSFULLY,0.13243558364132973,-0.6396806241484417,-1.1434000995665252,-0.3960152072775134,1.2100367704076687,0.2052681733270531,-0.48619636972806035,0.380859,-0.068203,0.555705,1.7525200085125463,-0.2893930432731798,0.03508111796508603
911,2026-09-27T05:22:00.434+00:00,18.726,1790486520.4306026,1790486520.4252002,1790486520.4308012,TEACHING_MODE,NORMAL,START_RECORDING,REACH_TARGET_POS_SUCCESSFULLY,0.13252285010392945,-0.6319837221471467,-1.1434000995665252,-0.3970798581212299,1.209966957237589,0.2052681733270531,-0.48619636972806035,0.377642,-0.068796,0.558431,1.7540035383767414,-0.2967408794240759,0.03427826650916863
912,2026-09-27T05:22:00.454+00:00,18.746,1790486520.4515412,1790486520.4457004,1790486520.451706,TEACHING_MODE,NORMAL,START_RECORDING,REACH_TARGET_POS_SUCCESSFULLY,0.132662476444089,-0.6237457680777335,-1.1434000995665252,-0.3972020311688695,1.209966957237589,0.2052681733270531,-0.48619636972806035,0.374185,-0.06926399999999999,0.5614089999999999,1.7550158293428981,-0.3048566604458495,0.033946653951289714
913,2026-09-27T05:22:00.474+00:00,18.766,1790486520.4708052,1790486520.4647288,1790486520.4710474,TEACHING_MODE,NORMAL,START_RECORDING,REACH_TARGET_POS_SUCCESSFULLY,0.132662476444089,-0.6153856409606807,-1.1434000995665252,-0.39765581677438805,1.209966957237589,0.2052681733270531,-0.48619636972806035,0.370842,-0.06981699999999999,0.564206,1.7561851999417342,-0.31257101573966445,0.033335788713091695
914,2026-09-27T05:22:00.494+00:00,18.786,1790486520.4912164,1790486520.484616,1790486520.4916482,TEACHING_MODE,NORMAL,START_RECORDING,REACH_TARGET_POS_SUCCESSFULLY,0.132662476444089,-0.607252406646387,-1.1434000995665252,-0.3983539484751858,1.209966957237589,0.2052681733270531,-0.48619636972806035,0.367361,-0.07034699999999999,0.5670959999999999,1.7572673040779707,-0.32063443688387827,0.03284709652253329
915,2026-09-27T05:22:00.514+00:00,18.806,1790486520.5110917,1790486520.505098,1790486520.5113363,TEACHING_MODE,NORMAL,START_RECORDING,REACH_TARGET_POS_SUCCESSFULLY,0.132662476444089,-0.6013531937746462,-1.1434000995665252,-0.39887754725078406,1.209966957237589,0.2052681733270531,-0.48619636972806035,0.364902,-0.070869,0.5690259999999999,1.7585239411394067,-0.32602750427254074,0.03199188518905606
916,2026-09-27T05:22:00.534+00:00,18.827,1790486520.5306933,1790486520.524828,1790486520.5308921,TEACHING_MODE,NORMAL,START_RECORDING,REACH_TARGET_POS_SUCCESSFULLY,0.132662476444089,-0.5937784648209908,-1.1434000995665252,-0.39887754725078406,1.209966957237589,0.2052681733270531,-0.48619636972806035,0.36161699999999997,-0.071334,0.571699,1.7594315123504438,-0.33360223322619614,0.031642819338657195
917,2026-09-27T05:22:00.554+00:00,18.846,1790486520.5529387,1790486520.5457163,1790486520.553257,TEACHING_MODE,NORMAL,START_RECORDING,REACH_TARGET_POS_SUCCESSFULLY,0.13269738302912887,-0.5866226148878142,-1.1434000995665252,-0.39887754725078406,1.209966957237589,0.2052681733270531,-0.48619636972806035,0.358185,-0.071783,0.574464,1.760286723683921,-0.34152602803025045,0.03138101995085805
918,2026-09-27T05:22:00.574+00:00,18.866,1790486520.5706065,1790486520.5647068,1790486520.5708113,TEACHING_MODE,NORMAL,START_RECORDING,REACH_TARGET_POS_SUCCESSFULLY,0.1327497429066887,-0.5802347098255148,-1.1434000995665252,-0.39887754725078406,1.209966957237589,0.2052681733270531,-0.48619636972806035,0.355541,-0.072129,0.576564,1.760932495507159,-0.3475997738271907,0.031189033733138673
919,2026-09-27T05:22:00.594+00:00,18.887,1790486520.5903826,1790486520.5847013,1790486520.5910625,TEACHING_MODE,NORMAL,START_RECORDING,REACH_TARGET_POS_SUCCESSFULLY,0.13281955607676849,-0.5747543759742526,-1.1434000995665252,-0.3996629454141815,1.209966957237589,0.2052681733270531,-0.48619636972806035,0.35287399999999997,-0.072542,0.578607,1.7619273331807959,-0.35355134657649134,0.030752701420140086
920,2026-09-27T05:22:00.614+00:00,18.906,1790486520.612028,1790486520.6051378,1790486520.6122072,TEACHING_MODE,NORMAL,START_RECORDING,REACH_TARGET_POS_SUCCESSFULLY,0.13281955607676849,-0.5690296960277113,-1.1434000995665252,-0.4024380189248525,1.209966957237589,0.2052681733270531,-0.48619636972806035,0.350698,-0.073252,0.5800569999999999,1.7639344618205892,-0.3577750433663176,0.02912954521578536
921,2026-09-27T05:22:00.634+00:00,18.927,1790486520.63035,1790486520.6247716,1790486520.6305723,TEACHING_MODE,NORMAL,START_RECORDING,REACH_TARGET_POS_SUCCESSFULLY,0.13281955607676849,-0.5645267465575659,-1.1434000995665252,-0.40821505874895375,1.209966957237589,0.2052681733270531,-0.48619636972806035,0.34862899999999997,-0.074624,0.5810259999999999,1.7682628783655352,-0.3605675701695085,0.025202554398798118
922,2026-09-27T05:22:00.654+00:00,18.946,1790486520.6503115,1790486520.6448135,1790486520.6505764,TEACHING_MODE,NORMAL,START_RECORDING,REACH_TARGET_POS_SUCCESSFULLY,0.13281955607676849,-0.56019833001262,-1.1434000995665252,-0.4155628948998498,1.209966957237589,0.2052681733270531,-0.48619636972806035,0.347603,-0.076319,0.5809139999999999,1.7739701050195567,-0.36013123785650997,0.01980948701013564
923,2026-09-27T05:22:00.674+00:00,18.966,1790486520.6713507,1790486520.6656194,1790486520.6715703,TEACHING_MODE,NORMAL,START_RECORDING,REACH_TARGET_POS_SUCCESSFULLY,0.13281955607676849,-0.5578421355224276,-1.1434000995665252,-0.42369612921414346,1.209966957237589,0.2052681733270531,-0.48619636972806035,0.346269,-0.078248,0.580901,1.7804801831294952,-0.36000906480887035,0.013700834628155488
924,2026-09-27T05:22:00.694+00:00,18.986,1790486520.6915503,1790486520.684896,1790486520.6917133,TEACHING_MODE,NORMAL,START_RECORDING,REACH_TARGET_POS_SUCCESSFULLY,0.13281955607676849,-0.5553288613995558,-1.1434000995665252,-0.4323355090115154,1.209966957237589,0.2052681733270531,-0.48619636972806035,0.34529699999999997,-0.07964,0.5808829999999999,1.7851925721098802,-0.3599043450537507,0.009302604913129777
925,2026-09-27T05:22:00.714+00:00,19.006,1790486520.7118156,1790486520.7046363,1790486520.7120962,TEACHING_MODE,NORMAL,START_RECORDING,REACH_TARGET_POS_SUCCESSFULLY,0.13281955607676849,-0.5533566393448022,-1.1434000995665252,-0.4382696284682961,1.2098971440675093,0.2052681733270531,-0.48619636972806035,0.344732,-0.081638,0.5801419999999999,1.7920691693627377,-0.35756560385607833,0.002670353755551324
926,2026-09-27T05:22:00.734+00:00,19.026,1790486520.7315202,1790486520.724572,1790486520.7316597,TEACHING_MODE,NORMAL,START_RECORDING,REACH_TARGET_POS_SUCCESSFULLY,0.13281955607676849,-0.5521000022833662,-1.1434000995665252,-0.4475722333814259,1.2098971440675093,0.2052681733270531,-0.48619636972806035,0.34443399999999996,-0.083699,0.579108,1.7992773791734744,-0.3543716513249287,-0.004223696789826277
927,2026-09-27T05:22:00.754+00:00,19.046,1790486520.7506604,1790486520.7444994,1790486520.750904,TEACHING_MODE,NORMAL,START_RECORDING,REACH_TARGET_POS_SUCCESSFULLY,0.13281955607676849,-0.5518556561880871,-1.1434000995665252,-0.457677689750473,1.2098971440675093,0.2052681733270531,-0.48619636972806035,0.344524,-0.08581899999999999,0.577678,1.8067473883720102,-0.3499908749024229,-0.011449359893082803
928,2026-09-27T05:22:00.774+00:00,19.066,1790486520.7722247,1790486520.7655745,1790486520.7725456,TEACHING_MODE,NORMAL,START_RECORDING,REACH_TARGET_POS_SUCCESSFULLY,0.13281955607676849,-0.5511924310723292,-1.1434000995665252,-0.4686209041604775,1.2098971440675093,0.2052681733270531,-0.48619636972806035,0.344657,-0.088116,0.576055,1.8148282628087438,-0.34503413982675907,-0.019285888234537342
929,2026-09-27T05:22:00.794+00:00,19.086,1790486520.7911003,1790486520.7848668,1790486520.7913043,TEACHING_MODE,NORMAL,START_RECORDING,REACH_TARGET_POS_SUCCESSFULLY,0.13281955607676849,-0.5511924310723292,-1.1434000995665252,-0.4802971568563196,1.2098971440675093,0.2052681733270531,-0.48619636972806035,0.345051,-0.090556,0.574068,1.823432736021076,-0.33896039402981876,-0.02768092193663007
930,2026-09-27T05:22:00.814+00:00,19.106,1790486520.8111866,1790486520.804667,1790486520.811398,TEACHING_MODE,NORMAL,START_RECORDING,REACH_TARGET_POS_SUCCESSFULLY,0.13281955607676849,-0.5511924310723292,-1.1434000995665252,-0.4917290634568824,1.2098971440675093,0.2052681733270531,-0.48619636972806035,0.34544199999999997,-0.092983,0.572039,1.831967396063328,-0.33276447518523883,-0.03600614246864302
931,2026-09-27T05:22:00.834+00:00,19.126,1790486520.832115,1790486520.8255742,1790486520.8323553,TEACHING_MODE,NORMAL,START_RECORDING,REACH_TARGET_POS_SUCCESSFULLY,0.13281955607676849,-0.5511924310723292,-1.1434000995665252,-0.5027944509145265,1.2098971440675093,0.2052681733270531,-0.48619636972806035,0.345682,-0.09455,0.5707099999999999,1.83746518320711,-0.3286978580280921,-0.04136430327226561
932,2026-09-27T05:22:00.854+00:00,19.146,1790486520.851559,1790486520.844677,1790486520.851756,TEACHING_MODE,NORMAL,START_RECORDING,REACH_TARGET_POS_SUCCESSFULLY,0.13281955607676849,-0.5511924310723292,-1.1434000995665252,-0.5098106745075437,1.2098971440675093,0.2052681733270531,-0.48619636972806035,0.34601099999999996,-0.09680799999999999,0.568769,1.8453715247186444,-0.3227811918638313,-0.049078658566080555
933,2026-09-27T05:22:00.874+00:00,19.166,1790486520.8723667,1790486520.8646688,1790486520.872673,TEACHING_MODE,NORMAL,START_RECORDING,REACH_TARGET_POS_SUCCESSFULLY,0.13281955607676849,-0.5511924310723292,-1.1434000995665252,-0.5197066913663515,1.2098971440675093,0.2052681733270531,-0.48619636972806035,0.34629899999999997,-0.098914,0.566931,1.8527368141620606,-0.31716123167240956,-0.05625196179177724
934,2026-09-27T05:22:00.894+00:00,19.186,1790486520.8914595,1790486520.8849237,1790486520.891625,TEACHING_MODE,NORMAL,START_RECORDING,REACH_TARGET_POS_SUCCESSFULLY,0.1329068225393682,-0.5511924310723292,-1.1434000995665252,-0.5289045765243616,1.2098971440675093,0.2052681733270531,-0.48619636972806035,0.346547,-0.100828,0.5652309999999999,1.8594388784897187,-0.3119776037939864,-0.0627620399017161
935,2026-09-27T05:22:00.914+00:00,19.206,1790486520.911716,1790486520.9046848,1790486520.9120266,TEACHING_MODE,NORMAL,START_RECORDING,REACH_TARGET_POS_SUCCESSFULLY,0.13350023448504628,-0.5511924310723292,-1.1434000995665252,-0.5376486760768532,1.2098971440675093,0.2052681733270531,-0.48619636972806035,0.34679899999999997,-0.102536,0.5636,1.8657744236744582,-0.30700341542580256,-0.0686088928958971
936,2026-09-27T05:22:00.934+00:00,19.226,1790486520.9328299,1790486520.9255283,1790486520.9331427,TEACHING_MODE,NORMAL,START_RECORDING,REACH_TARGET_POS_SUCCESSFULLY,0.13493140447168162,-0.5511924310723292,-1.1434000995665252,-0.5456597373435071,1.2098971440675093,0.2052681733270531,-0.48619636972806035,0.347088,-0.103917,0.5620539999999999,1.8716910898387191,-0.30227357315289793,-0.07346090821644134
937,2026-09-27T05:22:00.954+00:00,19.246,1790486520.952129,1790486520.9452195,1790486520.9524028,TEACHING_MODE,NORMAL,START_RECORDING,REACH_TARGET_POS_SUCCESSFULLY,0.13845696956071016,-0.5511749777798093,-1.1434000995665252,-0.5520301891132865,1.2098971440675093,0.2052681733270531,-0.48619636972806035,0.347534,-0.104365,0.560742,1.8766827314994228,-0.2982767691658309,-0.07546803685623481
938,2026-09-27T05:22:00.974+00:00,19.266,1790486520.97169,1790486520.9646842,1790486520.9718912,TEACHING_MODE,NORMAL,START_RECORDING,REACH_TARGET_POS_SUCCESSFULLY,0.14482742133048945,-0.5511749777798093,-1.1434000995665252,-0.5565854984609917,1.2098971440675093,0.2052681733270531,-0.48619636972806035,0.3482,-0.103101,0.560083,1.8791436457447348,-0.2962696405260375,-0.07218681786248547
939,2026-09-27T05:22:00.994+00:00,19.286,1790486520.9926262,1790486520.9849565,1790486520.99287,TEACHING_MODE,NORMAL,START_RECORDING,REACH_TARGET_POS_SUCCESSFULLY,0.15273376284202378,-0.5511749777798093,-1.1434000995665252,-0.5582959211279461,1.2098971440675093,0.2052681733270531,-0.48619636972806035,0.349032,-0.101339,0.559357,1.8818663593778462,-0.29405307237600464,-0.06754424205218056
940,2026-09-27T05:22:01.014+00:00,19.306,1790486521.0121324,1790486521.0047834,1790486521.0124216,TEACHING_MODE,NORMAL,START_RECORDING,REACH_TARGET_POS_SUCCESSFULLY,0.16210618092523332,-0.5511749777798093,-1.1434000995665252,-0.5605473958630188,1.2098971440675093,0.2052681733270531,-0.48619636972806035,0.349978,-0.098673,0.558933,1.8834371557046408,-0.2927615287295289,-0.0601440460237246
941,2026-09-27T05:22:01.034+00:00,19.326,1790486521.0333781,1790486521.0247214,1790486521.0336432,TEACHING_MODE,NORMAL,START_RECORDING,REACH_TARGET_POS_SUCCESSFULLY,0.17275268936239874,-0.5511749777798093,-1.1434000995665252,-0.5617516730468949,1.2098971440675093,0.2052681733270531,-0.48619636972806035,0.35102,-0.09536499999999999,0.5586369999999999,1.8845192598408775,-0.2918539575184918,-0.050876347695634705
942,2026-09-27T05:22:01.054+00:00,19.346,1790486521.0522583,1790486521.045026,1790486521.052563,TEACHING_MODE,NORMAL,START_RECORDING,REACH_TARGET_POS_SUCCESSFULLY,0.18472564803107983,-0.5511749777798093,-1.1434000995665252,-0.5619960191421741,1.2098971440675093,0.2052681733270531,-0.48619636972806035,0.352103,-0.091447,0.558538,1.8849032322763162,-0.29155725154565276,-0.039793506945470715
943,2026-09-27T05:22:01.074+00:00,19.367,1790486521.0719793,1790486521.064771,1790486521.0722017,TEACHING_MODE,NORMAL,START_RECORDING,REACH_TARGET_POS_SUCCESSFULLY,0.19715239230527945,-0.5511749777798093,-1.1434000995665252,-0.5619960191421741,1.2098971440675093,0.2052681733270531,-0.48619636972806035,0.35284099999999996,-0.088557,0.558538,1.8849032322763162,-0.29155725154565276,-0.03159045946109736
944,2026-09-27T05:22:01.094+00:00,19.386,1790486521.0938158,1790486521.0851092,1790486521.0864224,TEACHING_MODE,NORMAL,START_RECORDING,REACH_TARGET_POS_SUCCESSFULLY,0.20544270625225255,-0.5511226179022495,-1.1434000995665252,-0.5619960191421741,1.2098971440675093,0.2052681733270531,-0.48619636972806035,0.35392599999999996,-0.084117,0.558538,1.8849032322763162,-0.29155725154565276,-0.019024088846738195
945,2026-09-27T05:22:01.114+00:00,19.406,1790486521.1122012,1790486521.104739,1790486521.1125362,TEACHING_MODE,NORMAL,START_RECORDING,REACH_TARGET_POS_SUCCESSFULLY,0.2177996373563724,-0.5511226179022495,-1.1434000995665252,-0.5619960191421741,1.2098971440675093,0.2052681733270531,-0.48619636972806035,0.35490499999999997,-0.079779,0.558558,1.8849032322763162,-0.2916096114232126,-0.006771877497737999
946,2026-09-27T05:22:01.134+00:00,19.426,1790486521.1319304,1790486521.1247275,1790486521.1321614,TEACHING_MODE,NORMAL,START_RECORDING,REACH_TARGET_POS_SUCCESSFULLY,0.23003439541285262,-0.5511226179022495,-1.1434000995665252,-0.5620658323122539,1.2098622374824695,0.2052681733270531,-0.48619636972806035,0.35586999999999996,-0.07535599999999999,0.558558,1.8849032322763162,-0.2916096114232126,0.005654866776461628
947,2026-09-27T05:22:01.154+00:00,19.446,1790486521.1538334,1790486521.1451817,1790486521.1464596,TEACHING_MODE,NORMAL,START_RECORDING,REACH_TARGET_POS_SUCCESSFULLY,0.2415884750610551,-0.5510528047321697,-1.1434000995665252,-0.5620658323122539,1.2097400644348297,0.2052681733270531,-0.48619636972806035,0.356709,-0.07117899999999999,0.558568,1.8849032322763162,-0.2916270647157325,0.017348572764823635
948,2026-09-27T05:22:01.174+00:00,19.466,1790486521.171643,1790486521.164733,1790486521.1718895,TEACHING_MODE,NORMAL,START_RECORDING,REACH_TARGET_POS_SUCCESSFULLY,0.25144958533482303,-0.5509829915620899,-1.1434000995665252,-0.5620658323122539,1.2097400644348297,0.2052681733270531,-0.48619636972806035,0.35742799999999997,-0.067435,0.558576,1.8848508723987563,-0.2916096114232126,0.027820548276789616
949,2026-09-27T05:22:01.194+00:00,19.486,1790486521.1916468,1790486521.1849198,1790486521.1918817,TEACHING_MODE,NORMAL,START_RECORDING,REACH_TARGET_POS_SUCCESSFULLY,0.2593210202613175,-0.5508957250994901,-1.1434000995665252,-0.5620658323122539,1.2097400644348297,0.2052681733270531,-0.48619636972806035,0.35794899999999996,-0.064427,0.558604,1.8848683256912764,-0.29169687788581233,0.036250488563922226
950,2026-09-27T05:22:01.214+00:00,19.506,1790486521.2120652,1790486521.2059367,1790486521.2123094,TEACHING_MODE,NORMAL,START_RECORDING,REACH_TARGET_POS_SUCCESSFULLY,0.26501079362281904,-0.5508782718069702,-1.1434000995665252,-0.5621356454823336,1.2097400644348297,0.2052681733270531,-0.48619636972806035,0.358214,-0.062776,0.558628,1.8848857789837963,-0.29176669105589204,0.0408756110817072
951,2026-09-27T05:22:01.234+00:00,19.526,1790486521.2315924,1790486521.2248735,1790486521.2319229,TEACHING_MODE,NORMAL,START_RECORDING,REACH_TARGET_POS_SUCCESSFULLY,0.268710891637047,-0.5508782718069702,-1.1434000995665252,-0.5632875627886499,1.2097400644348297,0.2052681733270531,-0.48619636972806035,0.35859599999999997,-0.060846,0.55851,1.8853221112967948,-0.2914001719129733,0.046181412007769956
952,2026-09-27T05:22:01.254+00:00,19.546,1790486521.2528112,1790486521.2445948,1790486521.2531388,TEACHING_MODE,NORMAL,START_RECORDING,REACH_TARGET_POS_SUCCESSFULLY,0.27251570940639464,-0.5508782718069702,-1.1434000995665252,-0.5641078675370872,1.2097400644348297,0.2052681733270531,-0.48619636972806035,0.358877,-0.059642999999999995,0.558319,1.8860202429975925,-0.2908242132598151,0.04939281783143953
953,2026-09-27T05:22:01.274+00:00,19.566,1790486521.2716813,1790486521.2646391,1790486521.2718825,TEACHING_MODE,NORMAL,START_RECORDING,REACH_TARGET_POS_SUCCESSFULLY,0.2763379804682622,-0.5508259119294104,-1.1434000995665252,-0.5655390375237226,1.2097400644348297,0.2052681733270531,-0.48619636972806035,0.359176,-0.05823,0.558125,1.8868230944535098,-0.2902308013141371,0.05319763560078716
954,2026-09-27T05:22:01.294+00:00,19.586,1790486521.2906373,1790486521.2845197,1790486521.2917264,TEACHING_MODE,NORMAL,START_RECORDING,REACH_TARGET_POS_SUCCESSFULLY,0.2763379804682622,-0.5508259119294104,-1.1434000995665252,-0.5684013774969933,1.2097400644348297,0.2052681733270531,-0.48619636972806035,0.35933499999999996,-0.058454,0.55765,1.8885684237055043,-0.28878217803498174,0.05225515780471023
955,2026-09-27T05:22:01.314+00:00,19.606,1790486521.311375,1790486521.3054132,1790486521.3115969,TEACHING_MODE,NORMAL,START_RECORDING,REACH_TARGET_POS_SUCCESSFULLY,0.2762507140056625,-0.5508259119294104,-1.1434000995665252,-0.5731835796474578,1.2097400644348297,0.2052681733270531,-0.48619636972806035,0.359522,-0.059303999999999996,0.5568529999999999,1.8914656702638148,-0.2863561703747097,0.049340457953879695
956,2026-09-27T05:22:01.334+00:00,19.627,1790486521.3308065,1790486521.3247783,1790486521.332331,TEACHING_MODE,NORMAL,START_RECORDING,REACH_TARGET_POS_SUCCESSFULLY,0.2759365547403035,-0.5508259119294104,-1.1434000995665252,-0.5784719272810006,1.2097400644348297,0.2052681733270531,-0.48619636972806035,0.359738,-0.060405999999999994,0.555866,1.8950610485229231,-0.28333675076875947,0.04560545335461183
957,2026-09-27T05:22:01.354+00:00,19.646,1790486521.35038,1790486521.3447394,1790486521.3508034,TEACHING_MODE,NORMAL,START_RECORDING,REACH_TARGET_POS_SUCCESSFULLY,0.2759365547403035,-0.5508259119294104,-1.1434000995665252,-0.5838999012547029,1.2097400644348297,0.2052681733270531,-0.48619636972806035,0.359967,-0.061461999999999996,0.554847,1.8987262399521112,-0.28023006470020956,0.04199262180298357
958,2026-09-27T05:22:01.374+00:00,19.667,1790486521.3709433,1790486521.3654423,1790486521.3718963,TEACHING_MODE,NORMAL,START_RECORDING,REACH_TARGET_POS_SUCCESSFULLY,0.2756573020599844,-0.5508259119294104,-1.1434000995665252,-0.5889089962079266,1.2097400644348297,0.2052681733270531,-0.48619636972806035,0.36019199999999996,-0.062493999999999994,0.553824,1.9023565247962593,-0.27712337863165964,0.03844960342143508
959,2026-09-27T05:22:01.394+00:00,19.686,1790486521.392979,1790486521.3846922,1790486521.3918536,TEACHING_MODE,NORMAL,START_RECORDING,REACH_TARGET_POS_SUCCESSFULLY,0.27340582732491175,-0.5508259119294104,-1.1434000995665252,-0.5923472948343556,1.2097400644348297,0.2052681733270531,-0.48619636972806035,0.360224,-0.06393399999999999,0.553094,1.904957065381731,-0.2748893571891069,0.03396410724380965
960,2026-09-27T05:22:01.414+00:00,19.706,1790486521.4110205,1790486521.4046924,1790486521.4114325,TEACHING_MODE,NORMAL,START_RECORDING,REACH_TARGET_POS_SUCCESSFULLY,0.27368508000523084,-0.5508957250994901,-1.1434000995665252,-0.5940402642087901,1.2097400644348297,0.2052681733270531,-0.48619636972806035,0.36031199999999997,-0.064415,0.55269,1.9062835156132467,-0.2736676267127109,0.03235840433197487
961,2026-09-27T05:22:01.434+00:00,19.726,1790486521.4329066,1790486521.4249365,1790486521.43006,TEACHING_MODE,NORMAL,START_RECORDING,REACH_TARGET_POS_SUCCESSFULLY,0.27359781354263113,-0.5508957250994901,-1.1434000995665252,-0.5938308246985508,1.2097400644348297,0.2052681733270531,-0.48619636972806035,0.36034,-0.064606,0.552527,1.9068594742664047,-0.2731789345221525,0.03173008580125691
962,2026-09-27T05:22:01.454+00:00,19.746,1790486521.4508524,1790486521.445046,1790486521.451096,TEACHING_MODE,NORMAL,START_RECORDING,REACH_TARGET_POS_SUCCESSFULLY,0.27359781354263113,-0.5508957250994901,-1.1434000995665252,-0.5938308246985508,1.2097400644348297,0.2052681733270531,-0.48619636972806035,0.360332,-0.064565,0.552568,1.9067023946337254,-0.2733011075697921,0.031869712141416456
963,2026-09-27T05:22:01.474+00:00,19.766,1790486521.4717035,1790486521.4660783,1790486521.4700701,TEACHING_MODE,NORMAL,START_RECORDING,REACH_TARGET_POS_SUCCESSFULLY,0.27359781354263113,-0.5508957250994901,-1.1434000995665252,-0.5937086516509111,1.2097400644348297,0.2052681733270531,-0.48619636972806035,0.360332,-0.064565,0.552568,1.9067023946337254,-0.2733011075697921,0.031869712141416456
964,2026-09-27T05:22:01.494+00:00,19.786,1790486521.4902372,1790486521.4849622,1790486521.492216,TEACHING_MODE,NORMAL,START_RECORDING,REACH_TARGET_POS_SUCCESSFULLY,0.27359781354263113,-0.5508957250994901,-1.1434000995665252,-0.593726104943431,1.2097400644348297,0.2052681733270531,-0.48619636972806035,0.360328,-0.06454499999999999,0.552588,1.9066325814636456,-0.2733534674473519,0.031939525311496235
965,2026-09-27T05:22:01.514+00:00,19.806,1790486521.5108933,1790486521.5046031,1790486521.5112655,TEACHING_MODE,NORMAL,START_RECORDING,REACH_TARGET_POS_SUCCESSFULLY,0.2735280003725513,-0.5508957250994901,-1.1434000995665252,-0.5935864786032714,1.2097400644348297,0.2052681733270531,-0.48619636972806035,0.360321,-0.06455999999999999,0.5525979999999999,1.9065976748786058,-0.2733883740323918,0.03190461872645634
966,2026-09-27T05:22:01.534+00:00,19.826,1790486521.530324,1790486521.5255947,1790486521.5305843,TEACHING_MODE,NORMAL,START_RECORDING,REACH_TARGET_POS_SUCCESSFULLY,0.27340582732491175,-0.5508957250994901,-1.1434000995665252,-0.5933072259229524,1.2097400644348297,0.2052681733270531,-0.48619636972806035,0.360307,-0.06454499999999999,0.5526409999999999,1.9064580485384461,-0.2735105470800314,0.03197443189653612
967,2026-09-27T05:22:01.554+00:00,19.846,1790486521.5502582,1790486521.5449212,1790486521.5504732,TEACHING_MODE,NORMAL,START_RECORDING,REACH_TARGET_POS_SUCCESSFULLY,0.2727426022091539,-0.5508957250994901,-1.1434000995665252,-0.593115239705233,1.2097400644348297,0.2052681733270531,-0.48619636972806035,0.36027699999999996,-0.064606,0.552692,1.9062660623207268,-0.2736676267127109,0.03183480555637657
968,2026-09-27T05:22:01.574+00:00,19.867,1790486521.5707119,1790486521.5646152,1790486521.5709505,TEACHING_MODE,NORMAL,START_RECORDING,REACH_TARGET_POS_SUCCESSFULLY,0.2711892591748789,-0.5508957250994901,-1.1434000995665252,-0.593115239705233,1.2097400644348297,0.2052681733270531,-0.48619636972806035,0.360188,-0.06507299999999999,0.552705,1.906231155735687,-0.2737199865902707,0.030543261909900768
969,2026-09-27T05:22:01.594+00:00,19.886,1790486521.591412,1790486521.5854163,1790486521.5916123,TEACHING_MODE,NORMAL,START_RECORDING,REACH_TARGET_POS_SUCCESSFULLY,0.26967082272564386,-0.5508957250994901,-1.1434000995665252,-0.593115239705233,1.2097400644348297,0.2052681733270531,-0.48619636972806035,0.360048,-0.065843,0.552705,1.906231155735687,-0.2737199865902707,0.02841396022246769
970,2026-09-27T05:22:01.614+00:00,19.906,1790486521.6104348,1790486521.6047125,1790486521.6106813,TEACHING_MODE,NORMAL,START_RECORDING,REACH_TARGET_POS_SUCCESSFULLY,0.26429520862950134,-0.5508957250994901,-1.1434000995665252,-0.5931675995827929,1.2097400644348297,0.2052681733270531,-0.48619636972806035,0.35975199999999996,-0.067438,0.552705,1.906231155735687,-0.2737199865902707,0.02398082392240209
971,2026-09-27T05:22:01.634+00:00,19.926,1790486521.631614,1790486521.62466,1790486521.6319125,TEACHING_MODE,NORMAL,START_RECORDING,REACH_TARGET_POS_SUCCESSFULLY,0.2601762315947947,-0.5508957250994901,-1.1434000995665252,-0.593115239705233,1.2097400644348297,0.2052681733270531,-0.48619636972806035,0.359625,-0.06810999999999999,0.5527059999999999,1.906231155735687,-0.2737199865902707,0.022113321622768158
972,2026-09-27T05:22:01.654+00:00,19.946,1790486521.6503007,1790486521.6451821,1790486521.6505904,TEACHING_MODE,NORMAL,START_RECORDING,REACH_TARGET_POS_SUCCESSFULLY,0.25607470785260805,-0.5509480849770501,-1.1434000995665252,-0.593115239705233,1.2097400644348297,0.2052681733270531,-0.48619636972806035,0.35925399999999996,-0.070045,0.552705,1.906231155735687,-0.2737199865902707,0.01672025423410568
973,2026-09-27T05:22:01.674+00:00,19.966,1790486521.6702633,1790486521.664704,1790486521.6705842,TEACHING_MODE,NORMAL,START_RECORDING,REACH_TARGET_POS_SUCCESSFULLY,0.2508212668041051,-0.5509480849770501,-1.1434000995665252,-0.593115239705233,1.2097400644348297,0.2052681733270531,-0.48619636972806035,0.358912,-0.07189,0.552685,1.906213702443167,-0.27365017342019093,0.011571532940722405
974,2026-09-27T05:22:01.694+00:00,19.986,1790486521.6904671,1790486521.6851537,1790486521.6907027,TEACHING_MODE,NORMAL,START_RECORDING,REACH_TARGET_POS_SUCCESSFULLY,0.24490460063984432,-0.5509480849770501,-1.1434000995665252,-0.593115239705233,1.2097400644348297,0.2052681733270531,-0.48619636972806035,0.358469,-0.07407,0.552685,1.906213702443167,-0.27365017342019093,0.005497787143782138
975,2026-09-27T05:22:01.815+00:00,20.108,1790486521.814495,1790486521.8105958,1790486521.8146617,TEACHING_MODE,NORMAL,STOP_RECORDING,REACH_TARGET_POS_SUCCESSFULLY,0.23464206463811768,-0.5490456760923762,-1.1435920857842445,-0.5927836271473541,1.2097400644348297,0.2052681733270531,-0.48612655655798065,0.35675799999999996,-0.07854,0.553381,1.9063533287833263,-0.2757445685225841,-0.006667157742618339
976,2026-09-27T05:22:01.835+00:00,20.128,1790486521.834833,1790486521.8248625,1790486521.835124,TEACHING_MODE,NORMAL,DISABLED,REACH_TARGET_POS_SUCCESSFULLY,0.23476423768575727,-0.5490456760923762,-1.1435920857842445,-0.5928883469024737,1.2097400644348297,0.2052681733270531,-0.48612655655798065,0.35675,-0.078537,0.5533739999999999,1.9064405952459262,-0.27572711523006416,-0.006649704450098395
977,2026-09-27T05:22:01.856+00:00,20.148,1790486521.8532045,1790486521.8558655,1790486521.8535423,TEACHING_MODE,NORMAL,DISABLED,REACH_TARGET_POS_SUCCESSFULLY,0.23490386402591681,-0.5491154892624559,-1.1435920857842445,-0.5928883469024737,1.2097400644348297,0.2052681733270531,-0.48612655655798065,0.356794,-0.07846399999999999,0.55335,1.9064231419534063,-0.2756573020599844,-0.006457718232379019
978,2026-09-27T05:22:01.876+00:00,20.169,1790486521.8743098,1790486521.8703506,1790486521.874549,TEACHING_MODE,NORMAL,DISABLED,REACH_TARGET_POS_SUCCESSFULLY,0.23488641073339686,-0.5491154892624559,-1.1435920857842445,-0.5928883469024737,1.2097400644348297,0.2052681733270531,-0.48612655655798065,0.35679299999999997,-0.078469,0.55335,1.9064231419534063,-0.2756573020599844,-0.006475171524898963
979,2026-09-27T05:22:01.897+00:00,20.19,1790486521.896635,1790486521.885439,1790486521.8968248,TEACHING_MODE,NORMAL,DISABLED,REACH_TARGET_POS_SUCCESSFULLY,0.23479914427079715,-0.5492376623100956,-1.1435920857842445,-0.5928883469024737,1.2097400644348297,0.2052681733270531,-0.48612655655798065,0.356786,-0.078501,0.55335,1.9064231419534063,-0.2756573020599844,-0.006562437987498679
980,2026-09-27T05:22:01.917+00:00,20.21,1790486521.91641,1790486521.904816,1790486521.9166744,TEACHING_MODE,NORMAL,DISABLED,REACH_TARGET_POS_SUCCESSFULLY,0.23479914427079715,-0.5493249287726952,-1.1435920857842445,-0.5928883469024737,1.2097400644348297,0.2052681733270531,-0.48612655655798065,0.35684,-0.078488,0.553307,1.9063882353683663,-0.27553512901234484,-0.006562437987498679
981,2026-09-27T05:22:01.938+00:00,20.231,1790486521.9369688,1790486521.9247227,1790486521.9372394,TEACHING_MODE,NORMAL,DISABLED,REACH_TARGET_POS_SUCCESSFULLY,0.23479914427079715,-0.5496390880380543,-1.1435920857842445,-0.5928883469024737,1.2097400644348297,0.2052681733270531,-0.48612655655798065,0.356965,-0.078458,0.553204,1.9063009689057666,-0.27522096974698584,-0.006544984694978736
982,2026-09-27T05:22:01.958+00:00,20.251,1790486521.9567657,1790486521.9450972,1790486521.957017,TEACHING_MODE,NORMAL,DISABLED,REACH_TARGET_POS_SUCCESSFULLY,0.23479914427079715,-0.5498834341333335,-1.1435920857842445,-0.5928883469024737,1.2097400644348297,0.2052681733270531,-0.48612655655798065,0.357029,-0.078443,0.553152,1.9062660623207268,-0.2750813434068263,-0.0065275314024587925
983,2026-09-27T05:22:01.979+00:00,20.271,1790486521.9763608,1790486521.9646306,1790486521.9766173,TEACHING_MODE,NORMAL,DISABLED,REACH_TARGET_POS_SUCCESSFULLY,0.23479914427079715,-0.5499183407183733,-1.1435920857842445,-0.5928883469024737,1.2097400644348297,0.2052681733270531,-0.48612655655798065,0.35709799999999997,-0.078426,0.5530959999999999,1.906231155735687,-0.27490681048162685,-0.0065100781099388496
984,2026-09-27T05:22:01.999+00:00,20.292,1790486521.9980223,1790486521.9845543,1790486521.9982207,TEACHING_MODE,NORMAL,DISABLED,REACH_TARGET_POS_SUCCESSFULLY,0.23479914427079715,-0.5499183407183733,-1.1435920857842445,-0.5928883469024737,1.2097400644348297,0.2052681733270531,-0.48612655655798065,0.35711299999999996,-0.07842299999999999,0.553084,1.906213702443167,-0.27487190389658694,-0.0065100781099388496
985,2026-09-27T05:22:02.020+00:00,20.313,1790486522.0198808,1790486522.0047572,1790486522.0201213,TEACHING_MODE,NORMAL,DISABLED,REACH_TARGET_POS_SUCCESSFULLY,0.23479914427079715,-0.5499183407183733,-1.1435920857842445,-0.5928883469024737,1.2097400644348297,0.2052681733270531,-0.48612655655798065,0.35711299999999996,-0.07842299999999999,0.553084,1.906213702443167,-0.27487190389658694,-0.0065100781099388496
986,2026-09-27T05:22:02.040+00:00,20.333,1790486522.039874,1790486522.024669,1790486522.04011,TEACHING_MODE,NORMAL,DISABLED,REACH_TARGET_POS_SUCCESSFULLY,0.23479914427079715,-0.5499707005959331,-1.1435920857842445,-0.5928883469024737,1.2097400644348297,0.2052681733270531,-0.48612655655798065,0.35711299999999996,-0.07842299999999999,0.553084,1.906213702443167,-0.27487190389658694,-0.0065100781099388496
987,2026-09-27T05:22:02.060+00:00,20.353,1790486522.0598326,1790486522.045633,1790486522.0600777,TEACHING_MODE,NORMAL,DISABLED,REACH_TARGET_POS_SUCCESSFULLY,0.23479914427079715,-0.5500579670585329,-1.1435920857842445,-0.5928883469024737,1.2097400644348297,0.2052681733270531,-0.48612655655798065,0.357132,-0.078418,0.553068,1.9061962491506468,-0.27481954401902714,-0.0065100781099388496
988,2026-09-27T05:22:02.081+00:00,20.373,1790486522.0798352,1790486522.0646706,1790486522.0800354,TEACHING_MODE,NORMAL,DISABLED,REACH_TARGET_POS_SUCCESSFULLY,0.23479914427079715,-0.5500928736435728,-1.1435920857842445,-0.5928883469024737,1.2097400644348297,0.2052681733270531,-0.48612655655798065,0.35716699999999996,-0.07841,0.55304,1.906178795858127,-0.2747497308489474,-0.0065100781099388496
989,2026-09-27T05:22:02.101+00:00,20.394,1790486522.0978215,1790486522.0845637,1790486522.0980892,TEACHING_MODE,NORMAL,DISABLED,REACH_TARGET_POS_SUCCESSFULLY,0.23479914427079715,-0.5501801401061724,-1.1435920857842445,-0.5928883469024737,1.2097400644348297,0.2052681733270531,-0.48612655655798065,0.35718099999999997,-0.07840599999999999,0.553028,1.906178795858127,-0.2747148242639075,-0.0065100781099388496
990,2026-09-27T05:22:02.121+00:00,20.414,1790486522.1196756,1790486522.104981,1790486522.11996,TEACHING_MODE,NORMAL,DISABLED,REACH_TARGET_POS_SUCCESSFULLY,0.23479914427079715,-0.5502674065687723,-1.1435920857842445,-0.5928883469024737,1.2097400644348297,0.2052681733270531,-0.48612655655798065,0.357216,-0.078398,0.5529999999999999,1.906161342565607,-0.27462755780130776,-0.006492624817418906
991,2026-09-27T05:22:02.142+00:00,20.435,1790486522.139922,1790486522.1246474,1790486522.1401765,TEACHING_MODE,NORMAL,DISABLED,REACH_TARGET_POS_SUCCESSFULLY,0.23479914427079715,-0.550354673031372,-1.1435920857842445,-0.5928883469024737,1.2097400644348297,0.2052681733270531,-0.48612655655798065,0.35724999999999996,-0.07839,0.552972,1.9061264359805672,-0.27454029133870805,-0.006492624817418906
992,2026-09-27T05:22:02.163+00:00,20.455,1790486522.1607325,1790486522.1452157,1790486522.160935,TEACHING_MODE,NORMAL,DISABLED,REACH_TARGET_POS_SUCCESSFULLY,0.23479914427079715,-0.5503895796164118,-1.1435920857842445,-0.5928883469024737,1.2097400644348297,0.2052681733270531,-0.48612655655798065,0.357284,-0.078382,0.552944,1.9061089826880473,-0.27445302487610834,-0.006492624817418906
993,2026-09-27T05:22:02.183+00:00,20.476,1790486522.1797602,1790486522.1646338,1790486522.1800044,TEACHING_MODE,NORMAL,DISABLED,REACH_TARGET_POS_SUCCESSFULLY,0.23479914427079715,-0.5505641125416113,-1.1435920857842445,-0.5928883469024737,1.2097400644348297,0.2052681733270531,-0.48612655655798065,0.35734,-0.078368,0.552899,1.9060740761030075,-0.2743308518284687,-0.006475171524898963
994,2026-09-27T05:22:02.203+00:00,20.496,1790486522.200049,1790486522.1845825,1790486522.200298,TEACHING_MODE,NORMAL,DISABLED,REACH_TARGET_POS_SUCCESSFULLY,0.23479914427079715,-0.5508259119294104,-1.1435920857842445,-0.5928883469024737,1.2097400644348297,0.2052681733270531,-0.48612655655798065,0.357406,-0.07835199999999999,0.5528449999999999,1.9060391695179675,-0.2741737721957892,-0.006457718232379019
995,2026-09-27T05:22:02.224+00:00,20.517,1790486522.2201388,1790486522.2052617,1790486522.2203739,TEACHING_MODE,NORMAL,DISABLED,REACH_TARGET_POS_SUCCESSFULLY,0.23486895744087694,-0.55093063168453,-1.1435920857842445,-0.5928883469024737,1.2097400644348297,0.2052681733270531,-0.48612655655798065,0.357526,-0.078301,0.552778,1.9059868096404076,-0.2739643326855499,-0.006457718232379019
996,2026-09-27T05:22:02.245+00:00,20.537,1790486522.239994,1790486522.2446375,1790486522.240187,TEACHING_MODE,NORMAL,DISABLED,REACH_TARGET_POS_SUCCESSFULLY,0.23486895744087694,-0.5509829915620899,-1.1435920857842445,-0.5928883469024737,1.2097400644348297,0.2052681733270531,-0.48612655655798065,0.357543,-0.07829699999999999,0.5527369999999999,1.9059519030553678,-0.27385961293043026,-0.006370451769779303
997,2026-09-27T05:22:02.265+00:00,20.558,1790486522.2624533,1790486522.2446375,1790486522.2627249,TEACHING_MODE,NORMAL,DISABLED,REACH_TARGET_POS_SUCCESSFULLY,0.23486895744087694,-0.5509829915620899,-1.1435920857842445,-0.5928883469024737,1.2097400644348297,0.2052681733270531,-0.48612655655798065,0.357543,-0.07829699999999999,0.5527369999999999,1.9059519030553678,-0.27385961293043026,-0.006370451769779303
998,2026-09-27T05:22:02.286+00:00,20.579,1790486522.2853696,1790486522.2845745,1790486522.2855887,TEACHING_MODE,NORMAL,DISABLED,REACH_TARGET_POS_SUCCESSFULLY,0.23486895744087694,-0.5509829915620899,-1.1435920857842445,-0.5928883469024737,1.2097400644348297,0.2052681733270531,-0.48612655655798065,0.357543,-0.07829699999999999,0.5527369999999999,1.9059519030553678,-0.27385961293043026,-0.006370451769779303
999,2026-09-27T05:22:02.307+00:00,20.599,1790486522.3058763,1790486522.3047462,1790486522.3061435,TEACHING_MODE,NORMAL,DISABLED,REACH_TARGET_POS_SUCCESSFULLY,0.23486895744087694,-0.5509829915620899,-1.1435920857842445,-0.5928883469024737,1.2097400644348297,0.2052681733270531,-0.48612655655798065,0.357543,-0.07829699999999999,0.5527369999999999,1.9059519030553678,-0.27385961293043026,-0.006370451769779303
1000,2026-09-27T05:22:02.327+00:00,20.62,1790486522.3256838,1790486522.32478,1790486522.3258853,TEACHING_MODE,NORMAL,DISABLED,REACH_TARGET_POS_SUCCESSFULLY,0.23486895744087694,-0.5509829915620899,-1.1435920857842445,-0.5928883469024737,1.2097400644348297,0.2052681733270531,-0.48612655655798065,0.357543,-0.07829699999999999,0.5527369999999999,1.9059519030553678,-0.27385961293043026,-0.006370451769779303
1001,2026-09-27T05:22:02.348+00:00,20.641,1790486522.3468912,1790486522.3461487,1790486522.3473508,TEACHING_MODE,NORMAL,DISABLED,REACH_TARGET_POS_SUCCESSFULLY,0.23486895744087694,-0.5509829915620899,-1.1435920857842445,-0.5928883469024737,1.2097400644348297,0.2052681733270531,-0.48612655655798065,0.357543,-0.07829699999999999,0.5527369999999999,1.9059519030553678,-0.27385961293043026,-0.006370451769779303
1002,2026-09-27T05:22:02.369+00:00,20.662,1790486522.3672562,1790486522.3682537,1790486522.3686829,TEACHING_MODE,NORMAL,DISABLED,REACH_TARGET_POS_SUCCESSFULLY,0.23486895744087694,-0.5509829915620899,-1.1435920857842445,-0.5928883469024737,1.2097400644348297,0.2052681733270531,-0.48612655655798065,0.357543,-0.07829699999999999,0.5527369999999999,1.9059519030553678,-0.27385961293043026,-0.006370451769779303
