sample_index,captured_at_utc,elapsed_s,joint_feedback_unix_s,pose_feedback_unix_s,status_feedback_unix_s,control_mode,arm_status,teach_status,motion_status,joint_1_rad,joint_2_rad,joint_3_rad,joint_4_rad,joint_5_rad,joint_6_rad,joint_7_rad,x_m,y_m,z_m,roll_rad,pitch_rad,yaw_rad
0,2026-09-26T16:44:32.630+00:00,0.507,1790441072.6301947,1790441072.6247041,1790441072.6291404,TEACHING_MODE,NORMAL,START_RECORDING,REACH_TARGET_POS_SUCCESSFULLY,0.01733111947230369,-0.5787686332538396,0.02806489437206882,-0.29946359305718706,0.011239920382843483,0.20539034637469272,-0.4735252793585816,0.382038,-0.014091999999999999,0.57243,1.461399089279892,-0.21149899875667286,0.22956315651481418
1,2026-09-26T16:44:32.650+00:00,0.527,1790441072.646434,1790441072.6451204,1790441072.6499338,TEACHING_MODE,NORMAL,START_RECORDING,REACH_TARGET_POS_SUCCESSFULLY,0.01733111947230369,-0.5787686332538396,0.02806489437206882,-0.29946359305718706,0.011239920382843483,0.20539034637469272,-0.4735252793585816,0.382038,-0.014091999999999999,0.57243,1.461399089279892,-0.21149899875667286,0.22956315651481418
2,2026-09-26T16:44:32.670+00:00,0.547,1790441072.6701965,1790441072.6651955,1790441072.6691406,TEACHING_MODE,NORMAL,START_RECORDING,REACH_TARGET_POS_SUCCESSFULLY,0.01733111947230369,-0.5787686332538396,0.02806489437206882,-0.29946359305718706,0.011239920382843483,0.20539034637469272,-0.4735252793585816,0.382038,-0.014091999999999999,0.57243,1.461399089279892,-0.21149899875667286,0.22956315651481418
3,2026-09-26T16:44:32.690+00:00,0.567,1790441072.690239,1790441072.684893,1790441072.6893418,TEACHING_MODE,NORMAL,START_RECORDING,REACH_TARGET_POS_SUCCESSFULLY,0.01733111947230369,-0.5787686332538396,0.02806489437206882,-0.29946359305718706,0.011239920382843483,0.20539034637469272,-0.4735252793585816,0.382038,-0.014091999999999999,0.57243,1.461399089279892,-0.21149899875667286,0.22956315651481418
4,2026-09-26T16:44:32.710+00:00,0.587,1790441072.7104332,1790441072.7062151,1790441072.7094421,TEACHING_MODE,NORMAL,START_RECORDING,REACH_TARGET_POS_SUCCESSFULLY,0.01733111947230369,-0.5787686332538396,0.02806489437206882,-0.29946359305718706,0.011239920382843483,0.20539034637469272,-0.4735252793585816,0.382038,-0.014091999999999999,0.57243,1.461399089279892,-0.21149899875667286,0.22956315651481418
5,2026-09-26T16:44:32.730+00:00,0.607,1790441072.7305067,1790441072.7248404,1790441072.7295067,TEACHING_MODE,NORMAL,START_RECORDING,REACH_TARGET_POS_SUCCESSFULLY,0.01733111947230369,-0.5787686332538396,0.02806489437206882,-0.29946359305718706,0.011239920382843483,0.20539034637469272,-0.4735252793585816,0.382038,-0.014091999999999999,0.57243,1.461399089279892,-0.21149899875667286,0.22956315651481418
6,2026-09-26T16:44:32.750+00:00,0.627,1790441072.74608,1790441072.7445927,1790441072.749633,TEACHING_MODE,NORMAL,START_RECORDING,REACH_TARGET_POS_SUCCESSFULLY,0.01733111947230369,-0.5787686332538396,0.02806489437206882,-0.29946359305718706,0.011239920382843483,0.20539034637469272,-0.4735252793585816,0.382038,-0.014091999999999999,0.57243,1.461399089279892,-0.21149899875667286,0.22956315651481418
7,2026-09-26T16:44:32.770+00:00,0.647,1790441072.7701383,1790441072.7645926,1790441072.7690322,TEACHING_MODE,NORMAL,START_RECORDING,REACH_TARGET_POS_SUCCESSFULLY,0.01733111947230369,-0.5787686332538396,0.02806489437206882,-0.29946359305718706,0.011239920382843483,0.20539034637469272,-0.4735252793585816,0.382038,-0.014091999999999999,0.57243,1.461399089279892,-0.21149899875667286,0.22956315651481418
8,2026-09-26T16:44:32.790+00:00,0.667,1790441072.7903988,1790441072.7846603,1790441072.7895498,TEACHING_MODE,NORMAL,START_RECORDING,REACH_TARGET_POS_SUCCESSFULLY,0.01733111947230369,-0.5787686332538396,0.02806489437206882,-0.29946359305718706,0.011239920382843483,0.20539034637469272,-0.4735252793585816,0.382038,-0.014091999999999999,0.57243,1.461399089279892,-0.21149899875667286,0.22956315651481418
9,2026-09-26T16:44:32.810+00:00,0.687,1790441072.8106189,1790441072.8054814,1790441072.8097003,TEACHING_MODE,NORMAL,START_RECORDING,REACH_TARGET_POS_SUCCESSFULLY,0.01733111947230369,-0.5787686332538396,0.02806489437206882,-0.29946359305718706,0.011239920382843483,0.20539034637469272,-0.4735252793585816,0.382038,-0.014091999999999999,0.57243,1.461399089279892,-0.21149899875667286,0.22956315651481418
10,2026-09-26T16:44:32.830+00:00,0.707,1790441072.8305542,1790441072.824749,1790441072.8296723,TEACHING_MODE,NORMAL,START_RECORDING,REACH_TARGET_POS_SUCCESSFULLY,0.01733111947230369,-0.5787686332538396,0.02806489437206882,-0.29946359305718706,0.011239920382843483,0.20539034637469272,-0.4735252793585816,0.382038,-0.014091999999999999,0.57243,1.461399089279892,-0.21149899875667286,0.22956315651481418
11,2026-09-26T16:44:32.850+00:00,0.727,1790441072.8504565,1790441072.8448398,1790441072.8492396,TEACHING_MODE,NORMAL,START_RECORDING,REACH_TARGET_POS_SUCCESSFULLY,0.01733111947230369,-0.5787686332538396,0.02806489437206882,-0.29946359305718706,0.011239920382843483,0.20539034637469272,-0.4735252793585816,0.382038,-0.014091999999999999,0.57243,1.461399089279892,-0.21149899875667286,0.22956315651481418
12,2026-09-26T16:44:32.870+00:00,0.747,1790441072.8671687,1790441072.8658433,1790441072.869714,TEACHING_MODE,NORMAL,START_RECORDING,REACH_TARGET_POS_SUCCESSFULLY,0.01733111947230369,-0.5787686332538396,0.02806489437206882,-0.29946359305718706,0.011239920382843483,0.20539034637469272,-0.4735252793585816,0.382038,-0.014091999999999999,0.57243,1.461399089279892,-0.21149899875667286,0.22956315651481418
13,2026-09-26T16:44:32.890+00:00,0.767,1790441072.890279,1790441072.8849907,1790441072.8895035,TEACHING_MODE,NORMAL,START_RECORDING,REACH_TARGET_POS_SUCCESSFULLY,0.01733111947230369,-0.5787686332538396,0.02806489437206882,-0.29946359305718706,0.011239920382843483,0.20539034637469272,-0.4735252793585816,0.382038,-0.014091999999999999,0.57243,1.461399089279892,-0.21149899875667286,0.22956315651481418
14,2026-09-26T16:44:32.910+00:00,0.787,1790441072.9102337,1790441072.9055502,1790441072.9090765,TEACHING_MODE,NORMAL,START_RECORDING,REACH_TARGET_POS_SUCCESSFULLY,0.01733111947230369,-0.5787686332538396,0.02806489437206882,-0.29946359305718706,0.011239920382843483,0.20539034637469272,-0.4735252793585816,0.382038,-0.014091999999999999,0.57243,1.461399089279892,-0.21149899875667286,0.22956315651481418
15,2026-09-26T16:44:32.930+00:00,0.807,1790441072.9303226,1790441072.9254305,1790441072.929322,TEACHING_MODE,NORMAL,START_RECORDING,REACH_TARGET_POS_SUCCESSFULLY,0.01733111947230369,-0.5787686332538396,0.02806489437206882,-0.29946359305718706,0.011239920382843483,0.20539034637469272,-0.4735252793585816,0.382038,-0.014091999999999999,0.57243,1.461399089279892,-0.21149899875667286,0.22956315651481418
16,2026-09-26T16:44:32.950+00:00,0.827,1790441072.9504523,1790441072.9457023,1790441072.9491923,TEACHING_MODE,NORMAL,START_RECORDING,REACH_TARGET_POS_SUCCESSFULLY,0.01733111947230369,-0.5787686332538396,0.02806489437206882,-0.29946359305718706,0.011239920382843483,0.20539034637469272,-0.4735252793585816,0.382038,-0.014091999999999999,0.57243,1.461399089279892,-0.21149899875667286,0.22956315651481418
17,2026-09-26T16:44:32.970+00:00,0.847,1790441072.97064,1790441072.9651875,1790441072.969432,TEACHING_MODE,NORMAL,START_RECORDING,REACH_TARGET_POS_SUCCESSFULLY,0.01733111947230369,-0.5787686332538396,0.02806489437206882,-0.29946359305718706,0.011239920382843483,0.20539034637469272,-0.4735252793585816,0.382038,-0.014091999999999999,0.57243,1.461399089279892,-0.21149899875667286,0.22956315651481418
18,2026-09-26T16:44:32.990+00:00,0.867,1790441072.9902413,1790441072.9854302,1790441072.989328,TEACHING_MODE,NORMAL,START_RECORDING,REACH_TARGET_POS_SUCCESSFULLY,0.01733111947230369,-0.5787686332538396,0.02806489437206882,-0.29946359305718706,0.011239920382843483,0.20539034637469272,-0.4735252793585816,0.382038,-0.014091999999999999,0.57243,1.461399089279892,-0.21149899875667286,0.22956315651481418
19,2026-09-26T16:44:33.010+00:00,0.887,1790441073.0101652,1790441073.004531,1790441073.0090387,TEACHING_MODE,NORMAL,START_RECORDING,REACH_TARGET_POS_SUCCESSFULLY,0.01733111947230369,-0.5787686332538396,0.02806489437206882,-0.29946359305718706,0.011239920382843483,0.20539034637469272,-0.4735252793585816,0.382038,-0.014091999999999999,0.57243,1.461399089279892,-0.21149899875667286,0.22956315651481418
20,2026-09-26T16:44:33.030+00:00,0.907,1790441073.0305643,1790441073.0247152,1790441073.0295105,TEACHING_MODE,NORMAL,START_RECORDING,REACH_TARGET_POS_SUCCESSFULLY,0.01733111947230369,-0.5787686332538396,0.02806489437206882,-0.29946359305718706,0.011239920382843483,0.20539034637469272,-0.4735252793585816,0.382038,-0.014091999999999999,0.57243,1.461399089279892,-0.21149899875667286,0.22956315651481418
21,2026-09-26T16:44:33.050+00:00,0.927,1790441073.050552,1790441073.0448413,1790441073.0494373,TEACHING_MODE,NORMAL,START_RECORDING,REACH_TARGET_POS_SUCCESSFULLY,0.01733111947230369,-0.5787686332538396,0.02806489437206882,-0.29946359305718706,0.011239920382843483,0.20539034637469272,-0.4735252793585816,0.382038,-0.014091999999999999,0.57243,1.461399089279892,-0.21149899875667286,0.22956315651481418
22,2026-09-26T16:44:33.070+00:00,0.947,1790441073.070609,1790441073.0647962,1790441073.0696974,TEACHING_MODE,NORMAL,START_RECORDING,REACH_TARGET_POS_SUCCESSFULLY,0.01733111947230369,-0.5787686332538396,0.02806489437206882,-0.29946359305718706,0.011239920382843483,0.20539034637469272,-0.4735252793585816,0.382038,-0.014091999999999999,0.57243,1.461399089279892,-0.21149899875667286,0.22956315651481418
23,2026-09-26T16:44:33.090+00:00,0.967,1790441073.0864866,1790441073.0851743,1790441073.0900042,TEACHING_MODE,NORMAL,START_RECORDING,REACH_TARGET_POS_SUCCESSFULLY,0.01733111947230369,-0.5787686332538396,0.02806489437206882,-0.29946359305718706,0.011239920382843483,0.20539034637469272,-0.4735252793585816,0.382038,-0.014091999999999999,0.57243,1.461399089279892,-0.21149899875667286,0.22956315651481418
24,2026-09-26T16:44:33.110+00:00,0.987,1790441073.110487,1790441073.1045976,1790441073.1096141,TEACHING_MODE,NORMAL,START_RECORDING,REACH_TARGET_POS_SUCCESSFULLY,0.01733111947230369,-0.5787686332538396,0.02806489437206882,-0.29946359305718706,0.011239920382843483,0.20539034637469272,-0.4735252793585816,0.382038,-0.014091999999999999,0.57243,1.461399089279892,-0.21149899875667286,0.22956315651481418
25,2026-09-26T16:44:33.130+00:00,1.007,1790441073.1258078,1790441073.1247575,1790441073.1294959,TEACHING_MODE,NORMAL,START_RECORDING,REACH_TARGET_POS_SUCCESSFULLY,0.01733111947230369,-0.5787686332538396,0.02806489437206882,-0.29946359305718706,0.011239920382843483,0.20539034637469272,-0.4735252793585816,0.382038,-0.014091999999999999,0.57243,1.461399089279892,-0.21149899875667286,0.22956315651481418
26,2026-09-26T16:44:33.150+00:00,1.027,1790441073.1463842,1790441073.14504,1790441073.1499522,TEACHING_MODE,NORMAL,START_RECORDING,REACH_TARGET_POS_SUCCESSFULLY,0.01733111947230369,-0.5787686332538396,0.02806489437206882,-0.29946359305718706,0.011239920382843483,0.20539034637469272,-0.4735252793585816,0.382038,-0.014091999999999999,0.57243,1.461399089279892,-0.21149899875667286,0.22956315651481418
27,2026-09-26T16:44:33.170+00:00,1.047,1790441073.1703405,1790441073.1647058,1790441073.1693406,TEACHING_MODE,NORMAL,START_RECORDING,REACH_TARGET_POS_SUCCESSFULLY,0.01733111947230369,-0.5787686332538396,0.02806489437206882,-0.29946359305718706,0.011239920382843483,0.20539034637469272,-0.4735252793585816,0.382038,-0.014091999999999999,0.57243,1.461399089279892,-0.21149899875667286,0.22956315651481418
28,2026-09-26T16:44:33.190+00:00,1.067,1790441073.1904793,1790441073.1847568,1790441073.1891458,TEACHING_MODE,NORMAL,START_RECORDING,REACH_TARGET_POS_SUCCESSFULLY,0.01733111947230369,-0.5787686332538396,0.02806489437206882,-0.29946359305718706,0.011239920382843483,0.20539034637469272,-0.4735252793585816,0.382038,-0.014091999999999999,0.57243,1.461399089279892,-0.21149899875667286,0.22956315651481418
29,2026-09-26T16:44:33.210+00:00,1.087,1790441073.2104383,1790441073.2060921,1790441073.2095547,TEACHING_MODE,NORMAL,START_RECORDING,REACH_TARGET_POS_SUCCESSFULLY,0.01733111947230369,-0.5787686332538396,0.02806489437206882,-0.29946359305718706,0.011239920382843483,0.20539034637469272,-0.4735252793585816,0.382038,-0.014091999999999999,0.57243,1.461399089279892,-0.21149899875667286,0.22956315651481418
30,2026-09-26T16:44:33.230+00:00,1.107,1790441073.2301507,1790441073.2257578,1790441073.2291458,TEACHING_MODE,NORMAL,START_RECORDING,REACH_TARGET_POS_SUCCESSFULLY,0.01733111947230369,-0.5787686332538396,0.02806489437206882,-0.29946359305718706,0.011239920382843483,0.20539034637469272,-0.4735252793585816,0.382038,-0.014091999999999999,0.57243,1.461399089279892,-0.21149899875667286,0.22956315651481418
31,2026-09-26T16:44:33.250+00:00,1.127,1790441073.2467506,1790441073.2454681,1790441073.2496433,TEACHING_MODE,NORMAL,START_RECORDING,REACH_TARGET_POS_SUCCESSFULLY,0.01733111947230369,-0.5787686332538396,0.02806489437206882,-0.29946359305718706,0.011239920382843483,0.20539034637469272,-0.4735252793585816,0.382038,-0.014091999999999999,0.57243,1.461399089279892,-0.21149899875667286,0.22956315651481418
32,2026-09-26T16:44:33.270+00:00,1.147,1790441073.270097,1790441073.2652116,1790441073.26915,TEACHING_MODE,NORMAL,START_RECORDING,REACH_TARGET_POS_SUCCESSFULLY,0.01733111947230369,-0.5787686332538396,0.02806489437206882,-0.29946359305718706,0.011239920382843483,0.20539034637469272,-0.4735252793585816,0.382038,-0.014091999999999999,0.57243,1.461399089279892,-0.21149899875667286,0.22956315651481418
33,2026-09-26T16:44:33.290+00:00,1.167,1790441073.2901454,1790441073.284599,1790441073.289197,TEACHING_MODE,NORMAL,START_RECORDING,REACH_TARGET_POS_SUCCESSFULLY,0.01733111947230369,-0.5787686332538396,0.02806489437206882,-0.29946359305718706,0.011239920382843483,0.20539034637469272,-0.4735252793585816,0.382038,-0.014091999999999999,0.57243,1.461399089279892,-0.21149899875667286,0.22956315651481418
34,2026-09-26T16:44:33.310+00:00,1.187,1790441073.3075814,1790441073.305906,1790441073.3098865,TEACHING_MODE,NORMAL,START_RECORDING,REACH_TARGET_POS_SUCCESSFULLY,0.01733111947230369,-0.5787686332538396,0.02806489437206882,-0.29946359305718706,0.011239920382843483,0.20539034637469272,-0.4735252793585816,0.382038,-0.014091999999999999,0.57243,1.461399089279892,-0.21149899875667286,0.22956315651481418
35,2026-09-26T16:44:33.330+00:00,1.207,1790441073.330181,1790441073.324758,1790441073.3290753,TEACHING_MODE,NORMAL,START_RECORDING,REACH_TARGET_POS_SUCCESSFULLY,0.01733111947230369,-0.5787686332538396,0.02806489437206882,-0.29946359305718706,0.011239920382843483,0.20539034637469272,-0.4735252793585816,0.382038,-0.014091999999999999,0.57243,1.461399089279892,-0.21149899875667286,0.22956315651481418
36,2026-09-26T16:44:33.350+00:00,1.228,1790441073.3506012,1790441073.3447075,1790441073.349758,TEACHING_MODE,NORMAL,START_RECORDING,REACH_TARGET_POS_SUCCESSFULLY,0.01733111947230369,-0.5787686332538396,0.02806489437206882,-0.29946359305718706,0.011239920382843483,0.20539034637469272,-0.4735252793585816,0.382038,-0.014091999999999999,0.57243,1.461399089279892,-0.21149899875667286,0.22956315651481418
37,2026-09-26T16:44:33.370+00:00,1.247,1790441073.370664,1790441073.3660972,1790441073.3697598,TEACHING_MODE,NORMAL,START_RECORDING,REACH_TARGET_POS_SUCCESSFULLY,0.01733111947230369,-0.5787686332538396,0.02806489437206882,-0.29946359305718706,0.011239920382843483,0.20539034637469272,-0.4735252793585816,0.382038,-0.014091999999999999,0.57243,1.461399089279892,-0.21149899875667286,0.22956315651481418
38,2026-09-26T16:44:33.390+00:00,1.267,1790441073.390458,1790441073.384666,1790441073.389041,TEACHING_MODE,NORMAL,START_RECORDING,REACH_TARGET_POS_SUCCESSFULLY,0.01733111947230369,-0.5787686332538396,0.02806489437206882,-0.29946359305718706,0.011239920382843483,0.20539034637469272,-0.4735252793585816,0.382038,-0.014091999999999999,0.57243,1.461399089279892,-0.21149899875667286,0.22956315651481418
39,2026-09-26T16:44:33.410+00:00,1.287,1790441073.4060762,1790441073.404998,1790441073.409641,TEACHING_MODE,NORMAL,START_RECORDING,REACH_TARGET_POS_SUCCESSFULLY,0.01733111947230369,-0.5787686332538396,0.02806489437206882,-0.29946359305718706,0.011239920382843483,0.20539034637469272,-0.4735252793585816,0.382038,-0.014091999999999999,0.57243,1.461399089279892,-0.21149899875667286,0.22956315651481418
40,2026-09-26T16:44:33.430+00:00,1.307,1790441073.4303308,1790441073.424997,1790441073.4291465,TEACHING_MODE,NORMAL,START_RECORDING,REACH_TARGET_POS_SUCCESSFULLY,0.01733111947230369,-0.5787686332538396,0.02806489437206882,-0.29946359305718706,0.011239920382843483,0.20539034637469272,-0.4735252793585816,0.382038,-0.014091999999999999,0.57243,1.461399089279892,-0.21149899875667286,0.22956315651481418
41,2026-09-26T16:44:33.450+00:00,1.327,1790441073.4501476,1790441073.444708,1790441073.449121,TEACHING_MODE,NORMAL,START_RECORDING,REACH_TARGET_POS_SUCCESSFULLY,0.01733111947230369,-0.5787686332538396,0.02806489437206882,-0.29946359305718706,0.011239920382843483,0.20539034637469272,-0.4735252793585816,0.382038,-0.014091999999999999,0.57243,1.461399089279892,-0.21149899875667286,0.22956315651481418
42,2026-09-26T16:44:33.470+00:00,1.347,1790441073.4666026,1790441073.465646,1790441073.4700441,TEACHING_MODE,NORMAL,START_RECORDING,REACH_TARGET_POS_SUCCESSFULLY,0.01733111947230369,-0.5787686332538396,0.02806489437206882,-0.29946359305718706,0.011239920382843483,0.20539034637469272,-0.4735252793585816,0.382038,-0.014091999999999999,0.57243,1.461399089279892,-0.21149899875667286,0.22956315651481418
43,2026-09-26T16:44:33.490+00:00,1.367,1790441073.4902704,1790441073.4849825,1790441073.4892876,TEACHING_MODE,NORMAL,START_RECORDING,REACH_TARGET_POS_SUCCESSFULLY,0.01733111947230369,-0.5787686332538396,0.02806489437206882,-0.29946359305718706,0.011239920382843483,0.20539034637469272,-0.4735252793585816,0.382038,-0.014091999999999999,0.57243,1.461399089279892,-0.21149899875667286,0.22956315651481418
44,2026-09-26T16:44:33.510+00:00,1.387,1790441073.5102499,1790441073.505199,1790441073.5090954,TEACHING_MODE,NORMAL,START_RECORDING,REACH_TARGET_POS_SUCCESSFULLY,0.01733111947230369,-0.5787686332538396,0.02806489437206882,-0.29946359305718706,0.011239920382843483,0.20539034637469272,-0.4735252793585816,0.382038,-0.014091999999999999,0.57243,1.461399089279892,-0.21149899875667286,0.22956315651481418
45,2026-09-26T16:44:33.530+00:00,1.407,1790441073.5271215,1790441073.5261555,1790441073.529779,TEACHING_MODE,NORMAL,START_RECORDING,REACH_TARGET_POS_SUCCESSFULLY,0.01733111947230369,-0.5787686332538396,0.02806489437206882,-0.29946359305718706,0.011239920382843483,0.20539034637469272,-0.4735252793585816,0.382038,-0.014091999999999999,0.57243,1.461399089279892,-0.21149899875667286,0.22956315651481418
46,2026-09-26T16:44:33.550+00:00,1.427,1790441073.5500968,1790441073.5446446,1790441073.5489976,TEACHING_MODE,NORMAL,START_RECORDING,REACH_TARGET_POS_SUCCESSFULLY,0.01733111947230369,-0.5787686332538396,0.02806489437206882,-0.29946359305718706,0.011239920382843483,0.20539034637469272,-0.4735252793585816,0.382038,-0.014091999999999999,0.57243,1.461399089279892,-0.21149899875667286,0.22956315651481418
47,2026-09-26T16:44:33.570+00:00,1.447,1790441073.570156,1790441073.5648003,1790441073.569,TEACHING_MODE,NORMAL,START_RECORDING,REACH_TARGET_POS_SUCCESSFULLY,0.01733111947230369,-0.5787686332538396,0.02806489437206882,-0.29946359305718706,0.011239920382843483,0.20539034637469272,-0.4735252793585816,0.382038,-0.014091999999999999,0.57243,1.461399089279892,-0.21149899875667286,0.22956315651481418
48,2026-09-26T16:44:33.590+00:00,1.467,1790441073.5889542,1790441073.5877564,1790441073.5880191,TEACHING_MODE,NORMAL,START_RECORDING,REACH_TARGET_POS_SUCCESSFULLY,0.01733111947230369,-0.5787686332538396,0.02806489437206882,-0.29946359305718706,0.011239920382843483,0.20539034637469272,-0.4735252793585816,0.382038,-0.014091999999999999,0.57243,1.461399089279892,-0.21149899875667286,0.22956315651481418
49,2026-09-26T16:44:33.610+00:00,1.487,1790441073.6061497,1790441073.605245,1790441073.6104507,TEACHING_MODE,NORMAL,START_RECORDING,REACH_TARGET_POS_SUCCESSFULLY,0.01733111947230369,-0.5787686332538396,0.02806489437206882,-0.29946359305718706,0.011239920382843483,0.20539034637469272,-0.4735252793585816,0.382038,-0.014091999999999999,0.57243,1.461399089279892,-0.21149899875667286,0.22956315651481418
50,2026-09-26T16:44:33.630+00:00,1.507,1790441073.6284678,1790441073.6272056,1790441073.629865,TEACHING_MODE,NORMAL,START_RECORDING,REACH_TARGET_POS_SUCCESSFULLY,0.01733111947230369,-0.5787686332538396,0.02806489437206882,-0.29946359305718706,0.011239920382843483,0.20539034637469272,-0.4735252793585816,0.382038,-0.014091999999999999,0.57243,1.461399089279892,-0.21149899875667286,0.22956315651481418
51,2026-09-26T16:44:33.650+00:00,1.527,1790441073.6479323,1790441073.6467867,1790441073.6504624,TEACHING_MODE,NORMAL,START_RECORDING,REACH_TARGET_POS_SUCCESSFULLY,0.01733111947230369,-0.5787686332538396,0.02806489437206882,-0.29946359305718706,0.011239920382843483,0.20539034637469272,-0.4735252793585816,0.382038,-0.014091999999999999,0.57243,1.461399089279892,-0.21149899875667286,0.22956315651481418
52,2026-09-26T16:44:33.670+00:00,1.547,1790441073.6706092,1790441073.6657815,1790441073.6696918,TEACHING_MODE,NORMAL,START_RECORDING,REACH_TARGET_POS_SUCCESSFULLY,0.01733111947230369,-0.5787686332538396,0.02806489437206882,-0.29946359305718706,0.011239920382843483,0.20539034637469272,-0.4735252793585816,0.382038,-0.014091999999999999,0.57243,1.461399089279892,-0.21149899875667286,0.22956315651481418
53,2026-09-26T16:44:33.690+00:00,1.567,1790441073.6906414,1790441073.6850877,1790441073.689685,TEACHING_MODE,NORMAL,START_RECORDING,REACH_TARGET_POS_SUCCESSFULLY,0.01733111947230369,-0.5787686332538396,0.02806489437206882,-0.29946359305718706,0.011239920382843483,0.20539034637469272,-0.4735252793585816,0.382038,-0.014091999999999999,0.57243,1.461399089279892,-0.21149899875667286,0.22956315651481418
54,2026-09-26T16:44:33.710+00:00,1.587,1790441073.7100961,1790441073.7051985,1790441073.7091491,TEACHING_MODE,NORMAL,START_RECORDING,REACH_TARGET_POS_SUCCESSFULLY,0.01733111947230369,-0.5787686332538396,0.02806489437206882,-0.29946359305718706,0.011239920382843483,0.20539034637469272,-0.4735252793585816,0.382038,-0.014091999999999999,0.57243,1.461399089279892,-0.21149899875667286,0.22956315651481418
55,2026-09-26T16:44:33.730+00:00,1.607,1790441073.7300973,1790441073.7251997,1790441073.7291234,TEACHING_MODE,NORMAL,START_RECORDING,REACH_TARGET_POS_SUCCESSFULLY,0.01733111947230369,-0.5787686332538396,0.02806489437206882,-0.29946359305718706,0.011239920382843483,0.20539034637469272,-0.4735252793585816,0.382038,-0.014091999999999999,0.57243,1.461399089279892,-0.21149899875667286,0.22956315651481418
56,2026-09-26T16:44:33.750+00:00,1.627,1790441073.74744,1790441073.7463317,1790441073.750045,TEACHING_MODE,NORMAL,START_RECORDING,REACH_TARGET_POS_SUCCESSFULLY,0.01733111947230369,-0.5787686332538396,0.02806489437206882,-0.29946359305718706,0.011239920382843483,0.20539034637469272,-0.4735252793585816,0.382038,-0.014091999999999999,0.57243,1.461399089279892,-0.21149899875667286,0.22956315651481418
57,2026-09-26T16:44:33.770+00:00,1.647,1790441073.7701495,1790441073.7654386,1790441073.7692466,TEACHING_MODE,NORMAL,START_RECORDING,REACH_TARGET_POS_SUCCESSFULLY,0.01733111947230369,-0.5787686332538396,0.02806489437206882,-0.29946359305718706,0.011239920382843483,0.20539034637469272,-0.4735252793585816,0.382038,-0.014091999999999999,0.57243,1.461399089279892,-0.21149899875667286,0.22956315651481418
58,2026-09-26T16:44:33.790+00:00,1.667,1790441073.7901495,1790441073.7849133,1790441073.7892063,TEACHING_MODE,NORMAL,START_RECORDING,REACH_TARGET_POS_SUCCESSFULLY,0.01733111947230369,-0.5787686332538396,0.02806489437206882,-0.29946359305718706,0.011239920382843483,0.20539034637469272,-0.4735252793585816,0.382038,-0.014091999999999999,0.57243,1.461399089279892,-0.21149899875667286,0.22956315651481418
59,2026-09-26T16:44:33.810+00:00,1.687,1790441073.8102465,1790441073.8056011,1790441073.8093326,TEACHING_MODE,NORMAL,START_RECORDING,REACH_TARGET_POS_SUCCESSFULLY,0.01733111947230369,-0.5787686332538396,0.02806489437206882,-0.29946359305718706,0.011239920382843483,0.20539034637469272,-0.4735252793585816,0.382038,-0.014091999999999999,0.57243,1.461399089279892,-0.21149899875667286,0.22956315651481418
60,2026-09-26T16:44:33.830+00:00,1.707,1790441073.8303912,1790441073.8246472,1790441073.8295782,TEACHING_MODE,NORMAL,START_RECORDING,REACH_TARGET_POS_SUCCESSFULLY,0.01733111947230369,-0.5787686332538396,0.02806489437206882,-0.29946359305718706,0.011239920382843483,0.20539034637469272,-0.4735252793585816,0.382038,-0.014091999999999999,0.57243,1.461399089279892,-0.21149899875667286,0.22956315651481418
61,2026-09-26T16:44:33.850+00:00,1.727,1790441073.8462057,1790441073.845102,1790441073.8502326,TEACHING_MODE,NORMAL,START_RECORDING,REACH_TARGET_POS_SUCCESSFULLY,0.01733111947230369,-0.5787686332538396,0.02806489437206882,-0.29946359305718706,0.011239920382843483,0.20539034637469272,-0.4735252793585816,0.382038,-0.014091999999999999,0.57243,1.461399089279892,-0.21149899875667286,0.22956315651481418
62,2026-09-26T16:44:33.870+00:00,1.747,1790441073.870447,1790441073.8657148,1790441073.8695283,TEACHING_MODE,NORMAL,START_RECORDING,REACH_TARGET_POS_SUCCESSFULLY,0.01733111947230369,-0.5787686332538396,0.02806489437206882,-0.29946359305718706,0.011239920382843483,0.20539034637469272,-0.4735252793585816,0.382038,-0.014091999999999999,0.57243,1.461399089279892,-0.21149899875667286,0.22956315651481418
63,2026-09-26T16:44:33.890+00:00,1.767,1790441073.8858473,1790441073.8846023,1790441073.8890026,TEACHING_MODE,NORMAL,START_RECORDING,REACH_TARGET_POS_SUCCESSFULLY,0.01733111947230369,-0.5787686332538396,0.02806489437206882,-0.29946359305718706,0.011239920382843483,0.20539034637469272,-0.4735252793585816,0.382038,-0.014091999999999999,0.57243,1.461399089279892,-0.21149899875667286,0.22956315651481418
64,2026-09-26T16:44:33.910+00:00,1.787,1790441073.9065483,1790441073.905465,1790441073.909645,TEACHING_MODE,NORMAL,START_RECORDING,REACH_TARGET_POS_SUCCESSFULLY,0.01733111947230369,-0.5787686332538396,0.02806489437206882,-0.29946359305718706,0.011239920382843483,0.20539034637469272,-0.4735252793585816,0.382038,-0.014091999999999999,0.57243,1.461399089279892,-0.21149899875667286,0.22956315651481418
65,2026-09-26T16:44:33.930+00:00,1.807,1790441073.930151,1790441073.9247146,1790441073.929151,TEACHING_MODE,NORMAL,START_RECORDING,REACH_TARGET_POS_SUCCESSFULLY,0.01733111947230369,-0.5787686332538396,0.02806489437206882,-0.29946359305718706,0.011239920382843483,0.20539034637469272,-0.4735252793585816,0.382038,-0.014091999999999999,0.57243,1.461399089279892,-0.21149899875667286,0.22956315651481418
66,2026-09-26T16:44:33.950+00:00,1.827,1790441073.9501524,1790441073.945915,1790441073.9490466,TEACHING_MODE,NORMAL,START_RECORDING,REACH_TARGET_POS_SUCCESSFULLY,0.01733111947230369,-0.5787686332538396,0.02806489437206882,-0.29946359305718706,0.011239920382843483,0.20539034637469272,-0.4735252793585816,0.382038,-0.014091999999999999,0.57243,1.461399089279892,-0.21149899875667286,0.22956315651481418
67,2026-09-26T16:44:33.970+00:00,1.847,1790441073.9671817,1790441073.9658487,1790441073.9697573,TEACHING_MODE,NORMAL,START_RECORDING,REACH_TARGET_POS_SUCCESSFULLY,0.01733111947230369,-0.5787686332538396,0.02806489437206882,-0.29946359305718706,0.011239920382843483,0.20539034637469272,-0.4735252793585816,0.382038,-0.014091999999999999,0.57243,1.461399089279892,-0.21149899875667286,0.22956315651481418
68,2026-09-26T16:44:33.990+00:00,1.867,1790441073.9905148,1790441073.9859557,1790441073.9896011,TEACHING_MODE,NORMAL,START_RECORDING,REACH_TARGET_POS_SUCCESSFULLY,0.01733111947230369,-0.5787686332538396,0.02806489437206882,-0.29946359305718706,0.011239920382843483,0.20539034637469272,-0.4735252793585816,0.382038,-0.014091999999999999,0.57243,1.461399089279892,-0.21149899875667286,0.22956315651481418
69,2026-09-26T16:44:34.010+00:00,1.887,1790441074.0101042,1790441074.005342,1790441074.0090902,TEACHING_MODE,NORMAL,START_RECORDING,REACH_TARGET_POS_SUCCESSFULLY,0.01733111947230369,-0.5787686332538396,0.02806489437206882,-0.29946359305718706,0.011239920382843483,0.20539034637469272,-0.4735252793585816,0.382038,-0.014091999999999999,0.57243,1.461399089279892,-0.21149899875667286,0.22956315651481418
70,2026-09-26T16:44:34.030+00:00,1.907,1790441074.0280008,1790441074.0270214,1790441074.0304422,TEACHING_MODE,NORMAL,START_RECORDING,REACH_TARGET_POS_SUCCESSFULLY,0.01733111947230369,-0.5787686332538396,0.02806489437206882,-0.29946359305718706,0.011239920382843483,0.20539034637469272,-0.4735252793585816,0.382038,-0.014091999999999999,0.57243,1.461399089279892,-0.21149899875667286,0.22956315651481418
71,2026-09-26T16:44:34.050+00:00,1.927,1790441074.050147,1790441074.0449588,1790441074.0492866,TEACHING_MODE,NORMAL,START_RECORDING,REACH_TARGET_POS_SUCCESSFULLY,0.01733111947230369,-0.5787686332538396,0.02806489437206882,-0.29946359305718706,0.011239920382843483,0.20539034637469272,-0.4735252793585816,0.382038,-0.014091999999999999,0.57243,1.461399089279892,-0.21149899875667286,0.22956315651481418
72,2026-09-26T16:44:34.070+00:00,1.947,1790441074.0702033,1790441074.0650432,1790441074.0690892,TEACHING_MODE,NORMAL,START_RECORDING,REACH_TARGET_POS_SUCCESSFULLY,0.01733111947230369,-0.5787686332538396,0.02806489437206882,-0.29946359305718706,0.011239920382843483,0.20539034637469272,-0.4735252793585816,0.382038,-0.014091999999999999,0.57243,1.461399089279892,-0.21149899875667286,0.22956315651481418
73,2026-09-26T16:44:34.090+00:00,1.967,1790441074.087846,1790441074.0863326,1790441074.0898068,TEACHING_MODE,NORMAL,START_RECORDING,REACH_TARGET_POS_SUCCESSFULLY,0.01733111947230369,-0.5787686332538396,0.02806489437206882,-0.29946359305718706,0.011239920382843483,0.20539034637469272,-0.4735252793585816,0.382038,-0.014091999999999999,0.57243,1.461399089279892,-0.21149899875667286,0.22956315651481418
74,2026-09-26T16:44:34.110+00:00,1.987,1790441074.1102042,1790441074.1047637,1790441074.109292,TEACHING_MODE,NORMAL,START_RECORDING,REACH_TARGET_POS_SUCCESSFULLY,0.01733111947230369,-0.5787686332538396,0.02806489437206882,-0.29946359305718706,0.011239920382843483,0.20539034637469272,-0.4735252793585816,0.382038,-0.014091999999999999,0.57243,1.461399089279892,-0.21149899875667286,0.22956315651481418
75,2026-09-26T16:44:34.130+00:00,2.007,1790441074.1260452,1790441074.1249154,1790441074.1305196,TEACHING_MODE,NORMAL,START_RECORDING,REACH_TARGET_POS_SUCCESSFULLY,0.01733111947230369,-0.5787686332538396,0.02806489437206882,-0.29946359305718706,0.011239920382843483,0.20539034637469272,-0.4735252793585816,0.382038,-0.014091999999999999,0.57243,1.461399089279892,-0.21149899875667286,0.22956315651481418
76,2026-09-26T16:44:34.150+00:00,2.027,1790441074.1505055,1790441074.1449804,1790441074.1493533,TEACHING_MODE,NORMAL,START_RECORDING,REACH_TARGET_POS_SUCCESSFULLY,0.01733111947230369,-0.5787686332538396,0.02806489437206882,-0.29946359305718706,0.011239920382843483,0.20539034637469272,-0.4735252793585816,0.382038,-0.014091999999999999,0.57243,1.461399089279892,-0.21149899875667286,0.22956315651481418
77,2026-09-26T16:44:34.170+00:00,2.047,1790441074.1705198,1790441074.1663468,1790441074.1697056,TEACHING_MODE,NORMAL,START_RECORDING,REACH_TARGET_POS_SUCCESSFULLY,0.01733111947230369,-0.5787686332538396,0.02806489437206882,-0.29946359305718706,0.011239920382843483,0.20539034637469272,-0.4735252793585816,0.382038,-0.014091999999999999,0.57243,1.461399089279892,-0.21149899875667286,0.22956315651481418
78,2026-09-26T16:44:34.190+00:00,2.067,1790441074.1907141,1790441074.1862624,1790441074.189763,TEACHING_MODE,NORMAL,START_RECORDING,REACH_TARGET_POS_SUCCESSFULLY,0.01733111947230369,-0.5787686332538396,0.02806489437206882,-0.29946359305718706,0.011239920382843483,0.20539034637469272,-0.4735252793585816,0.382038,-0.014091999999999999,0.57243,1.461399089279892,-0.21149899875667286,0.22956315651481418
79,2026-09-26T16:44:34.210+00:00,2.087,1790441074.2101033,1790441074.205045,1790441074.209152,TEACHING_MODE,NORMAL,START_RECORDING,REACH_TARGET_POS_SUCCESSFULLY,0.01733111947230369,-0.5787686332538396,0.02806489437206882,-0.29946359305718706,0.011239920382843483,0.20539034637469272,-0.4735252793585816,0.382038,-0.014091999999999999,0.57243,1.461399089279892,-0.21149899875667286,0.22956315651481418
80,2026-09-26T16:44:34.230+00:00,2.107,1790441074.2301543,1790441074.2254548,1790441074.2291145,TEACHING_MODE,NORMAL,START_RECORDING,REACH_TARGET_POS_SUCCESSFULLY,0.01733111947230369,-0.5787686332538396,0.02806489437206882,-0.29946359305718706,0.011239920382843483,0.20539034637469272,-0.4735252793585816,0.382038,-0.014091999999999999,0.57243,1.461399089279892,-0.21149899875667286,0.22956315651481418
81,2026-09-26T16:44:34.250+00:00,2.127,1790441074.2480237,1790441074.24676,1790441074.2500472,TEACHING_MODE,NORMAL,START_RECORDING,REACH_TARGET_POS_SUCCESSFULLY,0.01733111947230369,-0.5787686332538396,0.02806489437206882,-0.29946359305718706,0.011239920382843483,0.20539034637469272,-0.4735252793585816,0.382038,-0.014091999999999999,0.57243,1.461399089279892,-0.21149899875667286,0.22956315651481418
82,2026-09-26T16:44:34.270+00:00,2.147,1790441074.270153,1790441074.265205,1790441074.2692072,TEACHING_MODE,NORMAL,START_RECORDING,REACH_TARGET_POS_SUCCESSFULLY,0.01733111947230369,-0.5787686332538396,0.02806489437206882,-0.29946359305718706,0.011239920382843483,0.20539034637469272,-0.4735252793585816,0.382038,-0.014091999999999999,0.57243,1.461399089279892,-0.21149899875667286,0.22956315651481418
83,2026-09-26T16:44:34.290+00:00,2.167,1790441074.2864575,1790441074.284693,1790441074.2854614,TEACHING_MODE,NORMAL,START_RECORDING,REACH_TARGET_POS_SUCCESSFULLY,0.01733111947230369,-0.5787686332538396,0.02806489437206882,-0.29946359305718706,0.011239920382843483,0.20539034637469272,-0.4735252793585816,0.382038,-0.014091999999999999,0.57243,1.461399089279892,-0.21149899875667286,0.22956315651481418
84,2026-09-26T16:44:34.310+00:00,2.187,1790441074.310164,1790441074.305443,1790441074.309349,TEACHING_MODE,NORMAL,START_RECORDING,REACH_TARGET_POS_SUCCESSFULLY,0.01733111947230369,-0.5787686332538396,0.02806489437206882,-0.29946359305718706,0.011239920382843483,0.20539034637469272,-0.4735252793585816,0.382038,-0.014091999999999999,0.57243,1.461399089279892,-0.21149899875667286,0.22956315651481418
85,2026-09-26T16:44:34.330+00:00,2.207,1790441074.330209,1790441074.324766,1790441074.3291297,TEACHING_MODE,NORMAL,START_RECORDING,REACH_TARGET_POS_SUCCESSFULLY,0.01733111947230369,-0.5787686332538396,0.02806489437206882,-0.29946359305718706,0.011239920382843483,0.20539034637469272,-0.4735252793585816,0.382038,-0.014091999999999999,0.57243,1.461399089279892,-0.21149899875667286,0.22956315651481418
86,2026-09-26T16:44:34.350+00:00,2.227,1790441074.3470037,1790441074.345982,1790441074.349811,TEACHING_MODE,NORMAL,START_RECORDING,REACH_TARGET_POS_SUCCESSFULLY,0.01733111947230369,-0.5787686332538396,0.02806489437206882,-0.29946359305718706,0.011239920382843483,0.20539034637469272,-0.4735252793585816,0.382038,-0.014091999999999999,0.57243,1.461399089279892,-0.21149899875667286,0.22956315651481418
87,2026-09-26T16:44:34.370+00:00,2.247,1790441074.3665102,1790441074.3653386,1790441074.3696172,TEACHING_MODE,NORMAL,START_RECORDING,REACH_TARGET_POS_SUCCESSFULLY,0.01733111947230369,-0.5787686332538396,0.02806489437206882,-0.29946359305718706,0.011239920382843483,0.20539034637469272,-0.4735252793585816,0.382038,-0.014091999999999999,0.57243,1.461399089279892,-0.21149899875667286,0.22956315651481418
88,2026-09-26T16:44:34.390+00:00,2.267,1790441074.3905232,1790441074.3849173,1790441074.3895955,TEACHING_MODE,NORMAL,START_RECORDING,REACH_TARGET_POS_SUCCESSFULLY,0.01733111947230369,-0.5787686332538396,0.02806489437206882,-0.29946359305718706,0.011239920382843483,0.20539034637469272,-0.4735252793585816,0.382038,-0.014091999999999999,0.57243,1.461399089279892,-0.21149899875667286,0.22956315651481418
89,2026-09-26T16:44:34.410+00:00,2.287,1790441074.4085643,1790441074.407523,1790441074.4077172,TEACHING_MODE,NORMAL,START_RECORDING,REACH_TARGET_POS_SUCCESSFULLY,0.01733111947230369,-0.5787686332538396,0.02806489437206882,-0.29946359305718706,0.011239920382843483,0.20539034637469272,-0.4735252793585816,0.382038,-0.014091999999999999,0.57243,1.461399089279892,-0.21149899875667286,0.22956315651481418
90,2026-09-26T16:44:34.430+00:00,2.307,1790441074.4302068,1790441074.4259684,1790441074.4291582,TEACHING_MODE,NORMAL,START_RECORDING,REACH_TARGET_POS_SUCCESSFULLY,0.01733111947230369,-0.5787686332538396,0.02806489437206882,-0.29946359305718706,0.011239920382843483,0.20539034637469272,-0.4735252793585816,0.382038,-0.014091999999999999,0.57243,1.461399089279892,-0.21149899875667286,0.22956315651481418
91,2026-09-26T16:44:34.450+00:00,2.327,1790441074.4504936,1790441074.4455914,1790441074.4494917,TEACHING_MODE,NORMAL,START_RECORDING,REACH_TARGET_POS_SUCCESSFULLY,0.01733111947230369,-0.5787686332538396,0.02806489437206882,-0.29946359305718706,0.011239920382843483,0.20539034637469272,-0.4735252793585816,0.382038,-0.014091999999999999,0.57243,1.461399089279892,-0.21149899875667286,0.22956315651481418
92,2026-09-26T16:44:34.470+00:00,2.347,1790441074.4705656,1790441074.4661386,1790441074.4697037,TEACHING_MODE,NORMAL,START_RECORDING,REACH_TARGET_POS_SUCCESSFULLY,0.01733111947230369,-0.5787686332538396,0.02806489437206882,-0.29946359305718706,0.011239920382843483,0.20539034637469272,-0.4735252793585816,0.382038,-0.014091999999999999,0.57243,1.461399089279892,-0.21149899875667286,0.22956315651481418
93,2026-09-26T16:44:34.490+00:00,2.367,1790441074.4903145,1790441074.4863045,1790441074.4895227,TEACHING_MODE,NORMAL,START_RECORDING,REACH_TARGET_POS_SUCCESSFULLY,0.01733111947230369,-0.5787686332538396,0.02806489437206882,-0.29946359305718706,0.011239920382843483,0.20539034637469272,-0.4735252793585816,0.382038,-0.014091999999999999,0.57243,1.461399089279892,-0.21149899875667286,0.22956315651481418
94,2026-09-26T16:44:34.510+00:00,2.387,1790441074.5080857,1790441074.508327,1790441074.5061972,TEACHING_MODE,NORMAL,START_RECORDING,REACH_TARGET_POS_SUCCESSFULLY,0.01733111947230369,-0.5787686332538396,0.02806489437206882,-0.29946359305718706,0.011239920382843483,0.20539034637469272,-0.4735252793585816,0.382038,-0.014091999999999999,0.57243,1.461399089279892,-0.21149899875667286,0.22956315651481418
95,2026-09-26T16:44:34.530+00:00,2.407,1790441074.530252,1790441074.5264404,1790441074.5294478,TEACHING_MODE,NORMAL,START_RECORDING,REACH_TARGET_POS_SUCCESSFULLY,0.01733111947230369,-0.5787686332538396,0.02806489437206882,-0.29946359305718706,0.011239920382843483,0.20539034637469272,-0.4735252793585816,0.382038,-0.014091999999999999,0.57243,1.461399089279892,-0.21149899875667286,0.22956315651481418
96,2026-09-26T16:44:34.550+00:00,2.427,1790441074.5502698,1790441074.546279,1790441074.549105,TEACHING_MODE,NORMAL,START_RECORDING,REACH_TARGET_POS_SUCCESSFULLY,0.01733111947230369,-0.5787686332538396,0.02806489437206882,-0.29946359305718706,0.011239920382843483,0.20539034637469272,-0.4735252793585816,0.382038,-0.014091999999999999,0.57243,1.461399089279892,-0.21149899875667286,0.22956315651481418
97,2026-09-26T16:44:34.570+00:00,2.447,1790441074.5688531,1790441074.5678105,1790441074.5642295,TEACHING_MODE,NORMAL,START_RECORDING,REACH_TARGET_POS_SUCCESSFULLY,0.01733111947230369,-0.5787686332538396,0.02806489437206882,-0.29946359305718706,0.011239920382843483,0.20539034637469272,-0.4735252793585816,0.382038,-0.014091999999999999,0.57243,1.461399089279892,-0.21149899875667286,0.22956315651481418
98,2026-09-26T16:44:34.590+00:00,2.467,1790441074.5907211,1790441074.5869286,1790441074.5899112,TEACHING_MODE,NORMAL,START_RECORDING,REACH_TARGET_POS_SUCCESSFULLY,0.01733111947230369,-0.5787686332538396,0.02806489437206882,-0.29946359305718706,0.011239920382843483,0.20539034637469272,-0.4735252793585816,0.382038,-0.014091999999999999,0.57243,1.461399089279892,-0.21149899875667286,0.22956315651481418
99,2026-09-26T16:44:34.610+00:00,2.487,1790441074.6105266,1790441074.6060553,1790441074.6095643,TEACHING_MODE,NORMAL,START_RECORDING,REACH_TARGET_POS_SUCCESSFULLY,0.01733111947230369,-0.5787686332538396,0.02806489437206882,-0.29946359305718706,0.011239920382843483,0.20539034637469272,-0.4735252793585816,0.382038,-0.014091999999999999,0.57243,1.461399089279892,-0.21149899875667286,0.22956315651481418
100,2026-09-26T16:44:34.630+00:00,2.507,1790441074.6284406,1790441074.6266093,1790441074.6305351,TEACHING_MODE,NORMAL,START_RECORDING,REACH_TARGET_POS_SUCCESSFULLY,0.01733111947230369,-0.5787686332538396,0.02806489437206882,-0.29946359305718706,0.011239920382843483,0.20539034637469272,-0.4735252793585816,0.382038,-0.014091999999999999,0.57243,1.461399089279892,-0.21149899875667286,0.22956315651481418
101,2026-09-26T16:44:34.650+00:00,2.527,1790441074.6474965,1790441074.6463482,1790441074.6498358,TEACHING_MODE,NORMAL,START_RECORDING,REACH_TARGET_POS_SUCCESSFULLY,0.01733111947230369,-0.5787686332538396,0.02806489437206882,-0.29946359305718706,0.011239920382843483,0.20539034637469272,-0.4735252793585816,0.382038,-0.014091999999999999,0.57243,1.461399089279892,-0.21149899875667286,0.22956315651481418
102,2026-09-26T16:44:34.670+00:00,2.547,1790441074.668653,1790441074.6674702,1790441074.6666102,TEACHING_MODE,NORMAL,START_RECORDING,REACH_TARGET_POS_SUCCESSFULLY,0.01733111947230369,-0.5787686332538396,0.02806489437206882,-0.29946359305718706,0.011239920382843483,0.20539034637469272,-0.4735252793585816,0.382038,-0.014091999999999999,0.57243,1.461399089279892,-0.21149899875667286,0.22956315651481418
103,2026-09-26T16:44:34.690+00:00,2.567,1790441074.6875238,1790441074.686296,1790441074.6895216,TEACHING_MODE,NORMAL,START_RECORDING,REACH_TARGET_POS_SUCCESSFULLY,0.01733111947230369,-0.5787686332538396,0.02806489437206882,-0.29946359305718706,0.011239920382843483,0.20539034637469272,-0.4735252793585816,0.382038,-0.014091999999999999,0.57243,1.461399089279892,-0.21149899875667286,0.22956315651481418
104,2026-09-26T16:44:34.710+00:00,2.587,1790441074.7104971,1790441074.706295,1790441074.7094722,TEACHING_MODE,NORMAL,START_RECORDING,REACH_TARGET_POS_SUCCESSFULLY,0.01733111947230369,-0.5787686332538396,0.02806489437206882,-0.29946359305718706,0.011239920382843483,0.20539034637469272,-0.4735252793585816,0.382038,-0.014091999999999999,0.57243,1.461399089279892,-0.21149899875667286,0.22956315651481418
105,2026-09-26T16:44:34.730+00:00,2.607,1790441074.7286541,1790441074.7253397,1790441074.7257326,TEACHING_MODE,NORMAL,START_RECORDING,REACH_TARGET_POS_SUCCESSFULLY,0.01733111947230369,-0.5787686332538396,0.02806489437206882,-0.29946359305718706,0.011239920382843483,0.20539034637469272,-0.4735252793585816,0.382038,-0.014091999999999999,0.57243,1.461399089279892,-0.21149899875667286,0.22956315651481418
106,2026-09-26T16:44:34.750+00:00,2.628,1790441074.748255,1790441074.7453413,1790441074.7502556,TEACHING_MODE,NORMAL,START_RECORDING,REACH_TARGET_POS_SUCCESSFULLY,0.01733111947230369,-0.5787686332538396,0.02806489437206882,-0.29946359305718706,0.011239920382843483,0.20539034637469272,-0.4735252793585816,0.382038,-0.014091999999999999,0.57243,1.461399089279892,-0.21149899875667286,0.22956315651481418
107,2026-09-26T16:44:34.770+00:00,2.647,1790441074.7680523,1790441074.7654142,1790441074.770052,TEACHING_MODE,NORMAL,START_RECORDING,REACH_TARGET_POS_SUCCESSFULLY,0.01733111947230369,-0.5787686332538396,0.02806489437206882,-0.29946359305718706,0.011239920382843483,0.20539034637469272,-0.4735252793585816,0.382038,-0.014091999999999999,0.57243,1.461399089279892,-0.21149899875667286,0.22956315651481418
108,2026-09-26T16:44:34.790+00:00,2.667,1790441074.7887826,1790441074.7859426,1790441074.7906744,TEACHING_MODE,NORMAL,START_RECORDING,REACH_TARGET_POS_SUCCESSFULLY,0.01733111947230369,-0.5787686332538396,0.02806489437206882,-0.29946359305718706,0.011239920382843483,0.20539034637469272,-0.4735252793585816,0.382038,-0.014091999999999999,0.57243,1.461399089279892,-0.21149899875667286,0.22956315651481418
109,2026-09-26T16:44:34.810+00:00,2.687,1790441074.808523,1790441074.8057673,1790441074.8105686,TEACHING_MODE,NORMAL,START_RECORDING,REACH_TARGET_POS_SUCCESSFULLY,0.01733111947230369,-0.5787686332538396,0.02806489437206882,-0.29946359305718706,0.011239920382843483,0.20539034637469272,-0.4735252793585816,0.382038,-0.014091999999999999,0.57243,1.461399089279892,-0.21149899875667286,0.22956315651481418
110,2026-09-26T16:44:34.830+00:00,2.707,1790441074.8299131,1790441074.8268008,1790441074.8281355,TEACHING_MODE,NORMAL,START_RECORDING,REACH_TARGET_POS_SUCCESSFULLY,0.01733111947230369,-0.5787686332538396,0.02806489437206882,-0.29946359305718706,0.011239920382843483,0.20539034637469272,-0.4735252793585816,0.382038,-0.014091999999999999,0.57243,1.461399089279892,-0.21149899875667286,0.22956315651481418
111,2026-09-26T16:44:34.850+00:00,2.727,1790441074.848857,1790441074.8453412,1790441074.8455682,TEACHING_MODE,NORMAL,START_RECORDING,REACH_TARGET_POS_SUCCESSFULLY,0.01733111947230369,-0.5787686332538396,0.02806489437206882,-0.29946359305718706,0.011239920382843483,0.20539034637469272,-0.4735252793585816,0.382038,-0.014091999999999999,0.57243,1.461399089279892,-0.21149899875667286,0.22956315651481418
112,2026-09-26T16:44:34.870+00:00,2.747,1790441074.8677619,1790441074.86477,1790441074.8699071,TEACHING_MODE,NORMAL,START_RECORDING,REACH_TARGET_POS_SUCCESSFULLY,0.01733111947230369,-0.5787686332538396,0.02806489437206882,-0.29946359305718706,0.011239920382843483,0.20539034637469272,-0.4735252793585816,0.382038,-0.014091999999999999,0.57243,1.461399089279892,-0.21149899875667286,0.22956315651481418
113,2026-09-26T16:44:34.890+00:00,2.767,1790441074.8889,1790441074.8855872,1790441074.8861036,TEACHING_MODE,NORMAL,START_RECORDING,REACH_TARGET_POS_SUCCESSFULLY,0.01733111947230369,-0.5787686332538396,0.02806489437206882,-0.29946359305718706,0.011239920382843483,0.20539034637469272,-0.4735252793585816,0.382038,-0.014091999999999999,0.57243,1.461399089279892,-0.21149899875667286,0.22956315651481418
114,2026-09-26T16:44:34.910+00:00,2.787,1790441074.9077554,1790441074.904966,1790441074.910272,TEACHING_MODE,NORMAL,START_RECORDING,REACH_TARGET_POS_SUCCESSFULLY,0.01733111947230369,-0.5787686332538396,0.02806489437206882,-0.29946359305718706,0.011239920382843483,0.20539034637469272,-0.4735252793585816,0.382038,-0.014091999999999999,0.57243,1.461399089279892,-0.21149899875667286,0.22956315651481418
115,2026-09-26T16:44:34.930+00:00,2.807,1790441074.9279475,1790441074.9252357,1790441074.9304755,TEACHING_MODE,NORMAL,START_RECORDING,REACH_TARGET_POS_SUCCESSFULLY,0.01733111947230369,-0.5787686332538396,0.02806489437206882,-0.29946359305718706,0.011239920382843483,0.20539034637469272,-0.4735252793585816,0.382038,-0.014091999999999999,0.57243,1.461399089279892,-0.21149899875667286,0.22956315651481418
116,2026-09-26T16:44:34.950+00:00,2.827,1790441074.9467227,1790441074.9454453,1790441074.9456992,TEACHING_MODE,NORMAL,START_RECORDING,REACH_TARGET_POS_SUCCESSFULLY,0.01733111947230369,-0.5787686332538396,0.02806489437206882,-0.29946359305718706,0.011239920382843483,0.20539034637469272,-0.4735252793585816,0.382038,-0.014091999999999999,0.57243,1.461399089279892,-0.21149899875667286,0.22956315651481418
117,2026-09-26T16:44:34.970+00:00,2.847,1790441074.9704506,1790441074.9648132,1790441074.9695258,TEACHING_MODE,NORMAL,START_RECORDING,REACH_TARGET_POS_SUCCESSFULLY,0.01733111947230369,-0.5787686332538396,0.02806489437206882,-0.29946359305718706,0.011239920382843483,0.20539034637469272,-0.4735252793585816,0.382038,-0.014091999999999999,0.57243,1.461399089279892,-0.21149899875667286,0.22956315651481418
118,2026-09-26T16:44:34.990+00:00,2.867,1790441074.9864745,1790441074.9854636,1790441074.990299,TEACHING_MODE,NORMAL,START_RECORDING,REACH_TARGET_POS_SUCCESSFULLY,0.01733111947230369,-0.5787686332538396,0.02806489437206882,-0.29946359305718706,0.011239920382843483,0.20539034637469272,-0.4735252793585816,0.382038,-0.014091999999999999,0.57243,1.461399089279892,-0.21149899875667286,0.22956315651481418
119,2026-09-26T16:44:35.010+00:00,2.887,1790441075.0070536,1790441075.005812,1790441075.0050533,TEACHING_MODE,NORMAL,START_RECORDING,REACH_TARGET_POS_SUCCESSFULLY,0.01733111947230369,-0.5787686332538396,0.02806489437206882,-0.29946359305718706,0.011239920382843483,0.20539034637469272,-0.4735252793585816,0.382038,-0.014091999999999999,0.57243,1.461399089279892,-0.21149899875667286,0.22956315651481418
120,2026-09-26T16:44:35.030+00:00,2.908,1790441075.026213,1790441075.0250907,1790441075.0300539,TEACHING_MODE,NORMAL,START_RECORDING,REACH_TARGET_POS_SUCCESSFULLY,0.01733111947230369,-0.5787686332538396,0.02806489437206882,-0.29946359305718706,0.011239920382843483,0.20539034637469272,-0.4735252793585816,0.382038,-0.014091999999999999,0.57243,1.461399089279892,-0.21149899875667286,0.22956315651481418
121,2026-09-26T16:44:35.050+00:00,2.927,1790441075.0469675,1790441075.0456033,1790441075.0456479,TEACHING_MODE,NORMAL,START_RECORDING,REACH_TARGET_POS_SUCCESSFULLY,0.01733111947230369,-0.5787686332538396,0.02806489437206882,-0.29946359305718706,0.011239920382843483,0.20539034637469272,-0.4735252793585816,0.382038,-0.014091999999999999,0.57243,1.461399089279892,-0.21149899875667286,0.22956315651481418
122,2026-09-26T16:44:35.070+00:00,2.947,1790441075.0672762,1790441075.0653827,1790441075.0655332,TEACHING_MODE,NORMAL,START_RECORDING,REACH_TARGET_POS_SUCCESSFULLY,0.01733111947230369,-0.5787686332538396,0.02806489437206882,-0.29946359305718706,0.011239920382843483,0.20539034637469272,-0.4735252793585816,0.382038,-0.014091999999999999,0.57243,1.461399089279892,-0.21149899875667286,0.22956315651481418
123,2026-09-26T16:44:35.090+00:00,2.967,1790441075.0863168,1790441075.084678,1790441075.0898576,TEACHING_MODE,NORMAL,START_RECORDING,REACH_TARGET_POS_SUCCESSFULLY,0.01733111947230369,-0.5787686332538396,0.02806489437206882,-0.29946359305718706,0.011239920382843483,0.20539034637469272,-0.4735252793585816,0.382038,-0.014091999999999999,0.57243,1.461399089279892,-0.21149899875667286,0.22956315651481418
124,2026-09-26T16:44:35.110+00:00,2.987,1790441075.1085465,1790441075.1071324,1790441075.1075504,TEACHING_MODE,NORMAL,START_RECORDING,REACH_TARGET_POS_SUCCESSFULLY,0.01733111947230369,-0.5787686332538396,0.02806489437206882,-0.29946359305718706,0.011239920382843483,0.20539034637469272,-0.4735252793585816,0.382038,-0.014091999999999999,0.57243,1.461399089279892,-0.21149899875667286,0.22956315651481418
125,2026-09-26T16:44:35.130+00:00,3.007,1790441075.130476,1790441075.1245685,1790441075.129657,TEACHING_MODE,NORMAL,START_RECORDING,REACH_TARGET_POS_SUCCESSFULLY,0.01733111947230369,-0.5787686332538396,0.02806489437206882,-0.29946359305718706,0.011239920382843483,0.20539034637469272,-0.4735252793585816,0.382038,-0.014091999999999999,0.57243,1.461399089279892,-0.21149899875667286,0.22956315651481418
126,2026-09-26T16:44:35.150+00:00,3.027,1790441075.1460307,1790441075.1447208,1790441075.1500552,TEACHING_MODE,NORMAL,START_RECORDING,REACH_TARGET_POS_SUCCESSFULLY,0.01733111947230369,-0.5787686332538396,0.02806489437206882,-0.29946359305718706,0.011239920382843483,0.20539034637469272,-0.4735252793585816,0.382038,-0.014091999999999999,0.57243,1.461399089279892,-0.21149899875667286,0.22956315651481418
127,2026-09-26T16:44:35.170+00:00,3.047,1790441075.1679673,1790441075.166483,1790441075.1667743,TEACHING_MODE,NORMAL,START_RECORDING,REACH_TARGET_POS_SUCCESSFULLY,0.01733111947230369,-0.5787686332538396,0.02806489437206882,-0.29946359305718706,0.011239920382843483,0.20539034637469272,-0.4735252793585816,0.382038,-0.014091999999999999,0.57243,1.461399089279892,-0.21149899875667286,0.22956315651481418
128,2026-09-26T16:44:35.190+00:00,3.067,1790441075.18577,1790441075.1846576,1790441075.1898525,TEACHING_MODE,NORMAL,START_RECORDING,REACH_TARGET_POS_SUCCESSFULLY,0.01733111947230369,-0.5787686332538396,0.02806489437206882,-0.29946359305718706,0.011239920382843483,0.20539034637469272,-0.4735252793585816,0.382038,-0.014091999999999999,0.57243,1.461399089279892,-0.21149899875667286,0.22956315651481418
129,2026-09-26T16:44:35.210+00:00,3.087,1790441075.2057726,1790441075.2045276,1790441075.2095284,TEACHING_MODE,NORMAL,START_RECORDING,REACH_TARGET_POS_SUCCESSFULLY,0.01733111947230369,-0.5787686332538396,0.02806489437206882,-0.29946359305718706,0.011239920382843483,0.20539034637469272,-0.4735252793585816,0.382038,-0.014091999999999999,0.57243,1.461399089279892,-0.21149899875667286,0.22956315651481418
130,2026-09-26T16:44:35.230+00:00,3.107,1790441075.2277772,1790441075.2265484,1790441075.2256591,TEACHING_MODE,NORMAL,START_RECORDING,REACH_TARGET_POS_SUCCESSFULLY,0.01733111947230369,-0.5787686332538396,0.02806489437206882,-0.29946359305718706,0.011239920382843483,0.20539034637469272,-0.4735252793585816,0.382038,-0.014091999999999999,0.57243,1.461399089279892,-0.21149899875667286,0.22956315651481418
131,2026-09-26T16:44:35.250+00:00,3.127,1790441075.246476,1790441075.2452595,1790441075.2503002,TEACHING_MODE,NORMAL,START_RECORDING,REACH_TARGET_POS_SUCCESSFULLY,0.01733111947230369,-0.5787686332538396,0.02806489437206882,-0.29946359305718706,0.011239920382843483,0.20539034637469272,-0.4735252793585816,0.382038,-0.014091999999999999,0.57243,1.461399089279892,-0.21149899875667286,0.22956315651481418
132,2026-09-26T16:44:35.270+00:00,3.147,1790441075.2664747,1790441075.2650862,1790441075.2692316,TEACHING_MODE,NORMAL,START_RECORDING,REACH_TARGET_POS_SUCCESSFULLY,0.01733111947230369,-0.5787686332538396,0.02806489437206882,-0.29946359305718706,0.011239920382843483,0.20539034637469272,-0.4735252793585816,0.382038,-0.014091999999999999,0.57243,1.461399089279892,-0.21149899875667286,0.22956315651481418
133,2026-09-26T16:44:35.290+00:00,3.167,1790441075.2905238,1790441075.284773,1790441075.289653,TEACHING_MODE,NORMAL,START_RECORDING,REACH_TARGET_POS_SUCCESSFULLY,0.01733111947230369,-0.5787686332538396,0.02806489437206882,-0.29946359305718706,0.011239920382843483,0.20539034637469272,-0.4735252793585816,0.382038,-0.014091999999999999,0.57243,1.461399089279892,-0.21149899875667286,0.22956315651481418
134,2026-09-26T16:44:35.310+00:00,3.187,1790441075.3064733,1790441075.3053405,1790441075.3102145,TEACHING_MODE,NORMAL,START_RECORDING,REACH_TARGET_POS_SUCCESSFULLY,0.01733111947230369,-0.5787686332538396,0.02806489437206882,-0.29946359305718706,0.011239920382843483,0.20539034637469272,-0.4735252793585816,0.382038,-0.014091999999999999,0.57243,1.461399089279892,-0.21149899875667286,0.22956315651481418
135,2026-09-26T16:44:35.330+00:00,3.207,1790441075.3271375,1790441075.3258877,1790441075.3261206,TEACHING_MODE,NORMAL,START_RECORDING,REACH_TARGET_POS_SUCCESSFULLY,0.01733111947230369,-0.5787686332538396,0.02806489437206882,-0.29946359305718706,0.011239920382843483,0.20539034637469272,-0.4735252793585816,0.382038,-0.014091999999999999,0.57243,1.461399089279892,-0.21149899875667286,0.22956315651481418
136,2026-09-26T16:44:35.350+00:00,3.227,1790441075.3461187,1790441075.3445728,1790441075.3502595,TEACHING_MODE,NORMAL,START_RECORDING,REACH_TARGET_POS_SUCCESSFULLY,0.01733111947230369,-0.5787686332538396,0.02806489437206882,-0.29946359305718706,0.011239920382843483,0.20539034637469272,-0.4735252793585816,0.382038,-0.014091999999999999,0.57243,1.461399089279892,-0.21149899875667286,0.22956315651481418
137,2026-09-26T16:44:35.370+00:00,3.247,1790441075.3662155,1790441075.3650913,1790441075.3703015,TEACHING_MODE,NORMAL,START_RECORDING,REACH_TARGET_POS_SUCCESSFULLY,0.01733111947230369,-0.5787686332538396,0.02806489437206882,-0.29946359305718706,0.011239920382843483,0.20539034637469272,-0.4735252793585816,0.382038,-0.014091999999999999,0.57243,1.461399089279892,-0.21149899875667286,0.22956315651481418
138,2026-09-26T16:44:35.390+00:00,3.267,1790441075.3869889,1790441075.3855295,1790441075.3858168,TEACHING_MODE,NORMAL,START_RECORDING,REACH_TARGET_POS_SUCCESSFULLY,0.01733111947230369,-0.5787686332538396,0.02806489437206882,-0.29946359305718706,0.011239920382843483,0.20539034637469272,-0.4735252793585816,0.382038,-0.014091999999999999,0.57243,1.461399089279892,-0.21149899875667286,0.22956315651481418
139,2026-09-26T16:44:35.410+00:00,3.287,1790441075.4061685,1790441075.4050577,1790441075.405304,TEACHING_MODE,NORMAL,START_RECORDING,REACH_TARGET_POS_SUCCESSFULLY,0.01733111947230369,-0.5787686332538396,0.02806489437206882,-0.29946359305718706,0.011239920382843483,0.20539034637469272,-0.4735252793585816,0.382038,-0.014091999999999999,0.57243,1.461399089279892,-0.21149899875667286,0.22956315651481418
140,2026-09-26T16:44:35.430+00:00,3.307,1790441075.4259105,1790441075.4246602,1790441075.424861,TEACHING_MODE,NORMAL,START_RECORDING,REACH_TARGET_POS_SUCCESSFULLY,0.01733111947230369,-0.5787686332538396,0.02806489437206882,-0.29946359305718706,0.011239920382843483,0.20539034637469272,-0.4735252793585816,0.382038,-0.014091999999999999,0.57243,1.461399089279892,-0.21149899875667286,0.22956315651481418
141,2026-09-26T16:44:35.450+00:00,3.327,1790441075.4458725,1790441075.4446564,1790441075.4448595,TEACHING_MODE,NORMAL,START_RECORDING,REACH_TARGET_POS_SUCCESSFULLY,0.01733111947230369,-0.5787686332538396,0.02806489437206882,-0.29946359305718706,0.011239920382843483,0.20539034637469272,-0.4735252793585816,0.382038,-0.014091999999999999,0.57243,1.461399089279892,-0.21149899875667286,0.22956315651481418
142,2026-09-26T16:44:35.470+00:00,3.347,1790441075.4655743,1790441075.4645922,1790441075.4648192,TEACHING_MODE,NORMAL,START_RECORDING,REACH_TARGET_POS_SUCCESSFULLY,0.01733111947230369,-0.5787686332538396,0.02806489437206882,-0.29946359305718706,0.011239920382843483,0.20539034637469272,-0.4735252793585816,0.382038,-0.014091999999999999,0.57243,1.461399089279892,-0.21149899875667286,0.22956315651481418
143,2026-09-26T16:44:35.490+00:00,3.367,1790441075.4875653,1790441075.4859347,1790441075.490146,TEACHING_MODE,NORMAL,START_RECORDING,REACH_TARGET_POS_SUCCESSFULLY,0.01733111947230369,-0.5787686332538396,0.02806489437206882,-0.29946359305718706,0.011239920382843483,0.20539034637469272,-0.4735252793585816,0.382038,-0.014091999999999999,0.57243,1.461399089279892,-0.21149899875667286,0.22956315651481418
144,2026-09-26T16:44:35.510+00:00,3.387,1790441075.5063756,1790441075.5054796,1790441075.5048833,TEACHING_MODE,NORMAL,START_RECORDING,REACH_TARGET_POS_SUCCESSFULLY,0.01733111947230369,-0.5787686332538396,0.02806489437206882,-0.29946359305718706,0.011239920382843483,0.20539034637469272,-0.4735252793585816,0.382038,-0.014091999999999999,0.57243,1.461399089279892,-0.21149899875667286,0.22956315651481418
145,2026-09-26T16:44:35.530+00:00,3.407,1790441075.5261617,1790441075.5250573,1790441075.525325,TEACHING_MODE,NORMAL,START_RECORDING,REACH_TARGET_POS_SUCCESSFULLY,0.01733111947230369,-0.5787686332538396,0.02806489437206882,-0.29946359305718706,0.011239920382843483,0.20539034637469272,-0.4735252793585816,0.382038,-0.014091999999999999,0.57243,1.461399089279892,-0.21149899875667286,0.22956315651481418
146,2026-09-26T16:44:35.550+00:00,3.427,1790441075.547094,1790441075.545726,1790441075.5459654,TEACHING_MODE,NORMAL,START_RECORDING,REACH_TARGET_POS_SUCCESSFULLY,0.01733111947230369,-0.5787686332538396,0.02806489437206882,-0.29946359305718706,0.011239920382843483,0.20539034637469272,-0.4735252793585816,0.382038,-0.014091999999999999,0.57243,1.461399089279892,-0.21149899875667286,0.22956315651481418
147,2026-09-26T16:44:35.570+00:00,3.447,1790441075.565969,1790441075.5648155,1790441075.565051,TEACHING_MODE,NORMAL,START_RECORDING,REACH_TARGET_POS_SUCCESSFULLY,0.01733111947230369,-0.5787686332538396,0.02806489437206882,-0.29946359305718706,0.011239920382843483,0.20539034637469272,-0.4735252793585816,0.382038,-0.014091999999999999,0.57243,1.461399089279892,-0.21149899875667286,0.22956315651481418
148,2026-09-26T16:44:35.590+00:00,3.467,1790441075.5861654,1790441075.5846186,1790441075.5902596,TEACHING_MODE,NORMAL,START_RECORDING,REACH_TARGET_POS_SUCCESSFULLY,0.01733111947230369,-0.5787686332538396,0.02806489437206882,-0.29946359305718706,0.011239920382843483,0.20539034637469272,-0.4735252793585816,0.382038,-0.014091999999999999,0.57243,1.461399089279892,-0.21149899875667286,0.22956315651481418
149,2026-09-26T16:44:35.610+00:00,3.487,1790441075.6058614,1790441075.6047328,1790441075.6095655,TEACHING_MODE,NORMAL,START_RECORDING,REACH_TARGET_POS_SUCCESSFULLY,0.01733111947230369,-0.5787686332538396,0.02806489437206882,-0.29946359305718706,0.011239920382843483,0.20539034637469272,-0.4735252793585816,0.382038,-0.014091999999999999,0.57243,1.461399089279892,-0.21149899875667286,0.22956315651481418
150,2026-09-26T16:44:35.630+00:00,3.507,1790441075.625879,1790441075.6247807,1790441075.6291935,TEACHING_MODE,NORMAL,START_RECORDING,REACH_TARGET_POS_SUCCESSFULLY,0.01733111947230369,-0.5787686332538396,0.02806489437206882,-0.29946359305718706,0.011239920382843483,0.20539034637469272,-0.4735252793585816,0.382038,-0.014091999999999999,0.57243,1.461399089279892,-0.21149899875667286,0.22956315651481418
151,2026-09-26T16:44:35.650+00:00,3.527,1790441075.646453,1790441075.6451423,1790441075.6503115,TEACHING_MODE,NORMAL,START_RECORDING,REACH_TARGET_POS_SUCCESSFULLY,0.01733111947230369,-0.5787686332538396,0.02806489437206882,-0.29946359305718706,0.011239920382843483,0.20539034637469272,-0.4735252793585816,0.382038,-0.014091999999999999,0.57243,1.461399089279892,-0.21149899875667286,0.22956315651481418
152,2026-09-26T16:44:35.670+00:00,3.547,1790441075.665912,1790441075.664776,1790441075.6696293,TEACHING_MODE,NORMAL,START_RECORDING,REACH_TARGET_POS_SUCCESSFULLY,0.01733111947230369,-0.5787686332538396,0.02806489437206882,-0.29946359305718706,0.011239920382843483,0.20539034637469272,-0.4735252793585816,0.382038,-0.014091999999999999,0.57243,1.461399089279892,-0.21149899875667286,0.22956315651481418
153,2026-09-26T16:44:35.690+00:00,3.568,1790441075.6869884,1790441075.6858594,1790441075.6905751,TEACHING_MODE,NORMAL,START_RECORDING,REACH_TARGET_POS_SUCCESSFULLY,0.01733111947230369,-0.5787686332538396,0.02806489437206882,-0.29946359305718706,0.011239920382843483,0.20539034637469272,-0.4735252793585816,0.382038,-0.014091999999999999,0.57243,1.461399089279892,-0.21149899875667286,0.22956315651481418
154,2026-09-26T16:44:35.710+00:00,3.587,1790441075.7098103,1790441075.707255,1790441075.7086399,TEACHING_MODE,NORMAL,START_RECORDING,REACH_TARGET_POS_SUCCESSFULLY,0.01733111947230369,-0.5787686332538396,0.02806489437206882,-0.29946359305718706,0.011239920382843483,0.20539034637469272,-0.4735252793585816,0.382038,-0.014091999999999999,0.57243,1.461399089279892,-0.21149899875667286,0.22956315651481418
155,2026-09-26T16:44:35.730+00:00,3.607,1790441075.7277741,1790441075.726659,1790441075.7301428,TEACHING_MODE,NORMAL,START_RECORDING,REACH_TARGET_POS_SUCCESSFULLY,0.01733111947230369,-0.5787686332538396,0.02806489437206882,-0.29946359305718706,0.011239920382843483,0.20539034637469272,-0.4735252793585816,0.382038,-0.014091999999999999,0.57243,1.461399089279892,-0.21149899875667286,0.22956315651481418
156,2026-09-26T16:44:35.750+00:00,3.627,1790441075.7482808,1790441075.7460556,1790441075.7506158,TEACHING_MODE,NORMAL,START_RECORDING,REACH_TARGET_POS_SUCCESSFULLY,0.01733111947230369,-0.5787686332538396,0.02806489437206882,-0.29946359305718706,0.011239920382843483,0.20539034637469272,-0.4735252793585816,0.382038,-0.014091999999999999,0.57243,1.461399089279892,-0.21149899875667286,0.22956315651481418
157,2026-09-26T16:44:35.770+00:00,3.647,1790441075.7663488,1790441075.7651448,1790441075.7694821,TEACHING_MODE,NORMAL,START_RECORDING,REACH_TARGET_POS_SUCCESSFULLY,0.01733111947230369,-0.5787686332538396,0.02806489437206882,-0.29946359305718706,0.011239920382843483,0.20539034637469272,-0.4735252793585816,0.382038,-0.014091999999999999,0.57243,1.461399089279892,-0.21149899875667286,0.22956315651481418
158,2026-09-26T16:44:35.790+00:00,3.667,1790441075.7861474,1790441075.7850695,1790441075.7895076,TEACHING_MODE,NORMAL,START_RECORDING,REACH_TARGET_POS_SUCCESSFULLY,0.01733111947230369,-0.5787686332538396,0.02806489437206882,-0.29946359305718706,0.011239920382843483,0.20539034637469272,-0.4735252793585816,0.382038,-0.014091999999999999,0.57243,1.461399089279892,-0.21149899875667286,0.22956315651481418
159,2026-09-26T16:44:35.810+00:00,3.687,1790441075.8061526,1790441075.80497,1790441075.8095403,TEACHING_MODE,NORMAL,START_RECORDING,REACH_TARGET_POS_SUCCESSFULLY,0.01733111947230369,-0.5787686332538396,0.02806489437206882,-0.29946359305718706,0.011239920382843483,0.20539034637469272,-0.4735252793585816,0.382038,-0.014091999999999999,0.57243,1.461399089279892,-0.21149899875667286,0.22956315651481418
160,2026-09-26T16:44:35.830+00:00,3.707,1790441075.8265114,1790441075.8254523,1790441075.829359,TEACHING_MODE,NORMAL,START_RECORDING,REACH_TARGET_POS_SUCCESSFULLY,0.01733111947230369,-0.5787686332538396,0.02806489437206882,-0.29946359305718706,0.011239920382843483,0.20539034637469272,-0.4735252793585816,0.382038,-0.014091999999999999,0.57243,1.461399089279892,-0.21149899875667286,0.22956315651481418
161,2026-09-26T16:44:35.850+00:00,3.727,1790441075.8462107,1790441075.8445756,1790441075.849222,TEACHING_MODE,NORMAL,START_RECORDING,REACH_TARGET_POS_SUCCESSFULLY,0.01733111947230369,-0.5787686332538396,0.02806489437206882,-0.29946359305718706,0.011239920382843483,0.20539034637469272,-0.4735252793585816,0.382038,-0.014091999999999999,0.57243,1.461399089279892,-0.21149899875667286,0.22956315651481418
162,2026-09-26T16:44:35.870+00:00,3.747,1790441075.867174,1790441075.8650942,1790441075.8696742,TEACHING_MODE,NORMAL,START_RECORDING,REACH_TARGET_POS_SUCCESSFULLY,0.01733111947230369,-0.5787686332538396,0.02806489437206882,-0.29946359305718706,0.011239920382843483,0.20539034637469272,-0.4735252793585816,0.382038,-0.014091999999999999,0.57243,1.461399089279892,-0.21149899875667286,0.22956315651481418
163,2026-09-26T16:44:35.890+00:00,3.767,1790441075.8905299,1790441075.885103,1790441075.889458,TEACHING_MODE,NORMAL,START_RECORDING,REACH_TARGET_POS_SUCCESSFULLY,0.01733111947230369,-0.5787686332538396,0.02806489437206882,-0.29946359305718706,0.011239920382843483,0.20539034637469272,-0.4735252793585816,0.382038,-0.014091999999999999,0.57243,1.461399089279892,-0.21149899875667286,0.22956315651481418
164,2026-09-26T16:44:35.910+00:00,3.787,1790441075.9057777,1790441075.9046593,1790441075.9103055,TEACHING_MODE,NORMAL,START_RECORDING,REACH_TARGET_POS_SUCCESSFULLY,0.01733111947230369,-0.5787686332538396,0.02806489437206882,-0.29946359305718706,0.011239920382843483,0.20539034637469272,-0.4735252793585816,0.382038,-0.014091999999999999,0.57243,1.461399089279892,-0.21149899875667286,0.22956315651481418
165,2026-09-26T16:44:35.930+00:00,3.807,1790441075.9271796,1790441075.9257047,1790441075.9300718,TEACHING_MODE,NORMAL,START_RECORDING,REACH_TARGET_POS_SUCCESSFULLY,0.01733111947230369,-0.5787686332538396,0.02806489437206882,-0.29946359305718706,0.011239920382843483,0.20539034637469272,-0.4735252793585816,0.382038,-0.014091999999999999,0.57243,1.461399089279892,-0.21149899875667286,0.22956315651481418
166,2026-09-26T16:44:35.950+00:00,3.827,1790441075.9456828,1790441075.9446337,1790441075.9495192,TEACHING_MODE,NORMAL,START_RECORDING,REACH_TARGET_POS_SUCCESSFULLY,0.01733111947230369,-0.5787686332538396,0.02806489437206882,-0.29946359305718706,0.011239920382843483,0.20539034637469272,-0.4735252793585816,0.382038,-0.014091999999999999,0.57243,1.461399089279892,-0.21149899875667286,0.22956315651481418
167,2026-09-26T16:44:35.970+00:00,3.847,1790441075.9663494,1790441075.965264,1790441075.969093,TEACHING_MODE,NORMAL,START_RECORDING,REACH_TARGET_POS_SUCCESSFULLY,0.01733111947230369,-0.5787686332538396,0.02806489437206882,-0.29946359305718706,0.011239920382843483,0.20539034637469272,-0.4735252793585816,0.382038,-0.014091999999999999,0.57243,1.461399089279892,-0.21149899875667286,0.22956315651481418
168,2026-09-26T16:44:35.990+00:00,3.868,1790441075.990306,1790441075.9853065,1790441075.9892657,TEACHING_MODE,NORMAL,START_RECORDING,REACH_TARGET_POS_SUCCESSFULLY,0.01733111947230369,-0.5787686332538396,0.02806489437206882,-0.29946359305718706,0.011239920382843483,0.20539034637469272,-0.4735252793585816,0.382038,-0.014091999999999999,0.57243,1.461399089279892,-0.21149899875667286,0.22956315651481418
169,2026-09-26T16:44:36.010+00:00,3.887,1790441076.0102184,1790441076.0048194,1790441076.0092216,TEACHING_MODE,NORMAL,START_RECORDING,REACH_TARGET_POS_SUCCESSFULLY,0.01733111947230369,-0.5787686332538396,0.02806489437206882,-0.29946359305718706,0.011239920382843483,0.20539034637469272,-0.4735252793585816,0.382038,-0.014091999999999999,0.57243,1.461399089279892,-0.21149899875667286,0.22956315651481418
170,2026-09-26T16:44:36.030+00:00,3.907,1790441076.027655,1790441076.0259619,1790441076.0304604,TEACHING_MODE,NORMAL,START_RECORDING,REACH_TARGET_POS_SUCCESSFULLY,0.01733111947230369,-0.5787686332538396,0.02806489437206882,-0.29946359305718706,0.011239920382843483,0.20539034637469272,-0.4735252793585816,0.382038,-0.014091999999999999,0.57243,1.461399089279892,-0.21149899875667286,0.22956315651481418
171,2026-09-26T16:44:36.050+00:00,3.927,1790441076.0502858,1790441076.0450857,1790441076.0493336,TEACHING_MODE,NORMAL,START_RECORDING,REACH_TARGET_POS_SUCCESSFULLY,0.01733111947230369,-0.5787686332538396,0.02806489437206882,-0.29946359305718706,0.011239920382843483,0.20539034637469272,-0.4735252793585816,0.382038,-0.014091999999999999,0.57243,1.461399089279892,-0.21149899875667286,0.22956315651481418
172,2026-09-26T16:44:36.070+00:00,3.948,1790441076.0703275,1790441076.0650957,1790441076.069101,TEACHING_MODE,NORMAL,START_RECORDING,REACH_TARGET_POS_SUCCESSFULLY,0.01733111947230369,-0.5787686332538396,0.02806489437206882,-0.29946359305718706,0.011239920382843483,0.20539034637469272,-0.4735252793585816,0.382038,-0.014091999999999999,0.57243,1.461399089279892,-0.21149899875667286,0.22956315651481418
173,2026-09-26T16:44:36.090+00:00,3.967,1790441076.0869465,1790441076.0851462,1790441076.090272,TEACHING_MODE,NORMAL,START_RECORDING,REACH_TARGET_POS_SUCCESSFULLY,0.01733111947230369,-0.5787686332538396,0.02806489437206882,-0.29946359305718706,0.011239920382843483,0.20539034637469272,-0.4735252793585816,0.382038,-0.014091999999999999,0.57243,1.461399089279892,-0.21149899875667286,0.22956315651481418
174,2026-09-26T16:44:36.110+00:00,3.987,1790441076.1102993,1790441076.1045153,1790441076.1090589,TEACHING_MODE,NORMAL,START_RECORDING,REACH_TARGET_POS_SUCCESSFULLY,0.01733111947230369,-0.5787686332538396,0.02806489437206882,-0.29946359305718706,0.011239920382843483,0.20539034637469272,-0.4735252793585816,0.382038,-0.014091999999999999,0.57243,1.461399089279892,-0.21149899875667286,0.22956315651481418
175,2026-09-26T16:44:36.130+00:00,4.007,1790441076.130292,1790441076.1248195,1790441076.1290185,TEACHING_MODE,NORMAL,START_RECORDING,REACH_TARGET_POS_SUCCESSFULLY,0.01733111947230369,-0.5787686332538396,0.02806489437206882,-0.29946359305718706,0.011239920382843483,0.20539034637469272,-0.4735252793585816,0.382038,-0.014091999999999999,0.57243,1.461399089279892,-0.21149899875667286,0.22956315651481418
176,2026-09-26T16:44:36.150+00:00,4.027,1790441076.1505325,1790441076.1451972,1790441076.1496186,TEACHING_MODE,NORMAL,START_RECORDING,REACH_TARGET_POS_SUCCESSFULLY,0.01733111947230369,-0.5787686332538396,0.02806489437206882,-0.29946359305718706,0.011239920382843483,0.20539034637469272,-0.4735252793585816,0.382038,-0.014091999999999999,0.57243,1.461399089279892,-0.21149899875667286,0.22956315651481418
177,2026-09-26T16:44:36.170+00:00,4.047,1790441076.1704602,1790441076.1649146,1790441076.1694987,TEACHING_MODE,NORMAL,START_RECORDING,REACH_TARGET_POS_SUCCESSFULLY,0.01733111947230369,-0.5787686332538396,0.02806489437206882,-0.29946359305718706,0.011239920382843483,0.20539034637469272,-0.4735252793585816,0.382038,-0.014091999999999999,0.57243,1.461399089279892,-0.21149899875667286,0.22956315651481418
178,2026-09-26T16:44:36.190+00:00,4.067,1790441076.1857774,1790441076.1846657,1790441076.1905787,TEACHING_MODE,NORMAL,START_RECORDING,REACH_TARGET_POS_SUCCESSFULLY,0.01733111947230369,-0.5787686332538396,0.02806489437206882,-0.29946359305718706,0.011239920382843483,0.20539034637469272,-0.4735252793585816,0.382038,-0.014091999999999999,0.57243,1.461399089279892,-0.21149899875667286,0.22956315651481418
179,2026-09-26T16:44:36.210+00:00,4.087,1790441076.2106218,1790441076.2053075,1790441076.2093246,TEACHING_MODE,NORMAL,START_RECORDING,REACH_TARGET_POS_SUCCESSFULLY,0.01733111947230369,-0.5787686332538396,0.02806489437206882,-0.29946359305718706,0.011239920382843483,0.20539034637469272,-0.4735252793585816,0.382038,-0.014091999999999999,0.57243,1.461399089279892,-0.21149899875667286,0.22956315651481418
180,2026-09-26T16:44:36.230+00:00,4.107,1790441076.2301078,1790441076.225223,1790441076.2289753,TEACHING_MODE,NORMAL,START_RECORDING,REACH_TARGET_POS_SUCCESSFULLY,0.01733111947230369,-0.5787686332538396,0.02806489437206882,-0.29946359305718706,0.011239920382843483,0.20539034637469272,-0.4735252793585816,0.382038,-0.014091999999999999,0.57243,1.461399089279892,-0.21149899875667286,0.22956315651481418
181,2026-09-26T16:44:36.250+00:00,4.127,1790441076.2459757,1790441076.2448232,1790441076.2500365,TEACHING_MODE,NORMAL,START_RECORDING,REACH_TARGET_POS_SUCCESSFULLY,0.01733111947230369,-0.5787686332538396,0.02806489437206882,-0.29946359305718706,0.011239920382843483,0.20539034637469272,-0.4735252793585816,0.382038,-0.014091999999999999,0.57243,1.461399089279892,-0.21149899875667286,0.22956315651481418
182,2026-09-26T16:44:36.270+00:00,4.147,1790441076.2659547,1790441076.2647092,1790441076.269462,TEACHING_MODE,NORMAL,START_RECORDING,REACH_TARGET_POS_SUCCESSFULLY,0.01733111947230369,-0.5787686332538396,0.02806489437206882,-0.29946359305718706,0.011239920382843483,0.20539034637469272,-0.4735252793585816,0.382038,-0.014091999999999999,0.57243,1.461399089279892,-0.21149899875667286,0.22956315651481418
183,2026-09-26T16:44:36.290+00:00,4.167,1790441076.2901478,1790441076.2854621,1790441076.2891486,TEACHING_MODE,NORMAL,START_RECORDING,REACH_TARGET_POS_SUCCESSFULLY,0.01733111947230369,-0.5787686332538396,0.02806489437206882,-0.29946359305718706,0.011239920382843483,0.20539034637469272,-0.4735252793585816,0.382038,-0.014091999999999999,0.57243,1.461399089279892,-0.21149899875667286,0.22956315651481418
184,2026-09-26T16:44:36.310+00:00,4.187,1790441076.3074572,1790441076.3061807,1790441076.3101344,TEACHING_MODE,NORMAL,START_RECORDING,REACH_TARGET_POS_SUCCESSFULLY,0.01733111947230369,-0.5787686332538396,0.02806489437206882,-0.29946359305718706,0.011239920382843483,0.20539034637469272,-0.4735252793585816,0.382038,-0.014091999999999999,0.57243,1.461399089279892,-0.21149899875667286,0.22956315651481418
185,2026-09-26T16:44:36.330+00:00,4.207,1790441076.3304088,1790441076.3251035,1790441076.3295107,TEACHING_MODE,NORMAL,START_RECORDING,REACH_TARGET_POS_SUCCESSFULLY,0.01733111947230369,-0.5787686332538396,0.02806489437206882,-0.29946359305718706,0.011239920382843483,0.20539034637469272,-0.4735252793585816,0.382038,-0.014091999999999999,0.57243,1.461399089279892,-0.21149899875667286,0.22956315651481418
186,2026-09-26T16:44:36.350+00:00,4.227,1790441076.3501072,1790441076.344535,1790441076.349025,TEACHING_MODE,NORMAL,START_RECORDING,REACH_TARGET_POS_SUCCESSFULLY,0.01733111947230369,-0.5787686332538396,0.02806489437206882,-0.29946359305718706,0.011239920382843483,0.20539034637469272,-0.4735252793585816,0.382038,-0.014091999999999999,0.57243,1.461399089279892,-0.21149899875667286,0.22956315651481418
187,2026-09-26T16:44:36.370+00:00,4.247,1790441076.3701694,1790441076.3652666,1790441076.369224,TEACHING_MODE,NORMAL,START_RECORDING,REACH_TARGET_POS_SUCCESSFULLY,0.01733111947230369,-0.5787686332538396,0.02806489437206882,-0.29946359305718706,0.011239920382843483,0.20539034637469272,-0.4735252793585816,0.382038,-0.014091999999999999,0.57243,1.461399089279892,-0.21149899875667286,0.22956315651481418
188,2026-09-26T16:44:36.390+00:00,4.267,1790441076.3901184,1790441076.3848886,1790441076.3891044,TEACHING_MODE,NORMAL,START_RECORDING,REACH_TARGET_POS_SUCCESSFULLY,0.01733111947230369,-0.5787686332538396,0.02806489437206882,-0.29946359305718706,0.011239920382843483,0.20539034637469272,-0.4735252793585816,0.382038,-0.014091999999999999,0.57243,1.461399089279892,-0.21149899875667286,0.22956315651481418
189,2026-09-26T16:44:36.410+00:00,4.287,1790441076.405824,1790441076.4046638,1790441076.4097815,TEACHING_MODE,NORMAL,START_RECORDING,REACH_TARGET_POS_SUCCESSFULLY,0.01733111947230369,-0.5787686332538396,0.02806489437206882,-0.29946359305718706,0.011239920382843483,0.20539034637469272,-0.4735252793585816,0.382038,-0.014091999999999999,0.57243,1.461399089279892,-0.21149899875667286,0.22956315651481418
190,2026-09-26T16:44:36.430+00:00,4.307,1790441076.4304729,1790441076.425086,1790441076.4295352,TEACHING_MODE,NORMAL,START_RECORDING,REACH_TARGET_POS_SUCCESSFULLY,0.01733111947230369,-0.5787686332538396,0.02806489437206882,-0.29946359305718706,0.011239920382843483,0.20539034637469272,-0.4735252793585816,0.382038,-0.014091999999999999,0.57243,1.461399089279892,-0.21149899875667286,0.22956315651481418
191,2026-09-26T16:44:36.450+00:00,4.327,1790441076.4505534,1790441076.4448745,1790441076.449608,TEACHING_MODE,NORMAL,START_RECORDING,REACH_TARGET_POS_SUCCESSFULLY,0.01733111947230369,-0.5787686332538396,0.02806489437206882,-0.29946359305718706,0.011239920382843483,0.20539034637469272,-0.4735252793585816,0.382038,-0.014091999999999999,0.57243,1.461399089279892,-0.21149899875667286,0.22956315651481418
192,2026-09-26T16:44:36.470+00:00,4.347,1790441076.4665864,1790441076.4655902,1790441076.4702475,TEACHING_MODE,NORMAL,START_RECORDING,REACH_TARGET_POS_SUCCESSFULLY,0.01733111947230369,-0.5787686332538396,0.02806489437206882,-0.29946359305718706,0.011239920382843483,0.20539034637469272,-0.4735252793585816,0.382038,-0.014091999999999999,0.57243,1.461399089279892,-0.21149899875667286,0.22956315651481418
193,2026-09-26T16:44:36.490+00:00,4.367,1790441076.490167,1790441076.4846787,1790441076.4890208,TEACHING_MODE,NORMAL,START_RECORDING,REACH_TARGET_POS_SUCCESSFULLY,0.01733111947230369,-0.5787686332538396,0.02806489437206882,-0.29946359305718706,0.011239920382843483,0.20539034637469272,-0.4735252793585816,0.382038,-0.014091999999999999,0.57243,1.461399089279892,-0.21149899875667286,0.22956315651481418
194,2026-09-26T16:44:36.510+00:00,4.387,1790441076.510108,1790441076.5046341,1790441076.509065,TEACHING_MODE,NORMAL,START_RECORDING,REACH_TARGET_POS_SUCCESSFULLY,0.01733111947230369,-0.5787686332538396,0.02806489437206882,-0.29946359305718706,0.011239920382843483,0.20539034637469272,-0.4735252793585816,0.382038,-0.014091999999999999,0.57243,1.461399089279892,-0.21149899875667286,0.22956315651481418
195,2026-09-26T16:44:36.530+00:00,4.407,1790441076.530487,1790441076.5253541,1790441076.529628,TEACHING_MODE,NORMAL,START_RECORDING,REACH_TARGET_POS_SUCCESSFULLY,0.01733111947230369,-0.5787686332538396,0.02806489437206882,-0.29946359305718706,0.011239920382843483,0.20539034637469272,-0.4735252793585816,0.382038,-0.014091999999999999,0.57243,1.461399089279892,-0.21149899875667286,0.22956315651481418
196,2026-09-26T16:44:36.550+00:00,4.427,1790441076.5501,1790441076.5447323,1790441076.549171,TEACHING_MODE,NORMAL,START_RECORDING,REACH_TARGET_POS_SUCCESSFULLY,0.01733111947230369,-0.5787686332538396,0.02806489437206882,-0.29946359305718706,0.011239920382843483,0.20539034637469272,-0.4735252793585816,0.382038,-0.014091999999999999,0.57243,1.461399089279892,-0.21149899875667286,0.22956315651481418
197,2026-09-26T16:44:36.570+00:00,4.447,1790441076.5704863,1790441076.565023,1790441076.5692236,TEACHING_MODE,NORMAL,START_RECORDING,REACH_TARGET_POS_SUCCESSFULLY,0.01733111947230369,-0.5787686332538396,0.02806489437206882,-0.29946359305718706,0.011239920382843483,0.20539034637469272,-0.4735252793585816,0.382038,-0.014091999999999999,0.57243,1.461399089279892,-0.21149899875667286,0.22956315651481418
198,2026-09-26T16:44:36.590+00:00,4.467,1790441076.5902247,1790441076.5854716,1790441076.589311,TEACHING_MODE,NORMAL,START_RECORDING,REACH_TARGET_POS_SUCCESSFULLY,0.01733111947230369,-0.5787686332538396,0.02806489437206882,-0.29946359305718706,0.011239920382843483,0.20539034637469272,-0.4735252793585816,0.382038,-0.014091999999999999,0.57243,1.461399089279892,-0.21149899875667286,0.22956315651481418
199,2026-09-26T16:44:36.610+00:00,4.487,1790441076.6101203,1790441076.6050434,1790441076.6091912,TEACHING_MODE,NORMAL,START_RECORDING,REACH_TARGET_POS_SUCCESSFULLY,0.01733111947230369,-0.5787686332538396,0.02806489437206882,-0.29946359305718706,0.011239920382843483,0.20539034637469272,-0.4735252793585816,0.382038,-0.014091999999999999,0.57243,1.461399089279892,-0.21149899875667286,0.22956315651481418
200,2026-09-26T16:44:36.630+00:00,4.507,1790441076.6268265,1790441076.6251001,1790441076.6283774,TEACHING_MODE,NORMAL,START_RECORDING,REACH_TARGET_POS_SUCCESSFULLY,0.01733111947230369,-0.5787686332538396,0.02806489437206882,-0.29946359305718706,0.011239920382843483,0.20539034637469272,-0.4735252793585816,0.382038,-0.014091999999999999,0.57243,1.461399089279892,-0.21149899875667286,0.22956315651481418
201,2026-09-26T16:44:36.650+00:00,4.527,1790441076.6502554,1790441076.6447122,1790441076.6491725,TEACHING_MODE,NORMAL,START_RECORDING,REACH_TARGET_POS_SUCCESSFULLY,0.01733111947230369,-0.5787686332538396,0.02806489437206882,-0.29946359305718706,0.011239920382843483,0.20539034637469272,-0.4735252793585816,0.382038,-0.014091999999999999,0.57243,1.461399089279892,-0.21149899875667286,0.22956315651481418
202,2026-09-26T16:44:36.670+00:00,4.547,1790441076.6702785,1790441076.6647832,1790441076.6691544,TEACHING_MODE,NORMAL,START_RECORDING,REACH_TARGET_POS_SUCCESSFULLY,0.01733111947230369,-0.5787686332538396,0.02806489437206882,-0.29946359305718706,0.011239920382843483,0.20539034637469272,-0.4735252793585816,0.382038,-0.014091999999999999,0.57243,1.461399089279892,-0.21149899875667286,0.22956315651481418
203,2026-09-26T16:44:36.690+00:00,4.567,1790441076.6865802,1790441076.6855931,1790441076.689924,TEACHING_MODE,NORMAL,START_RECORDING,REACH_TARGET_POS_SUCCESSFULLY,0.01733111947230369,-0.5787686332538396,0.02806489437206882,-0.29946359305718706,0.011239920382843483,0.20539034637469272,-0.4735252793585816,0.382038,-0.014091999999999999,0.57243,1.461399089279892,-0.21149899875667286,0.22956315651481418
204,2026-09-26T16:44:36.710+00:00,4.587,1790441076.705583,1790441076.7044878,1790441076.7099347,TEACHING_MODE,NORMAL,START_RECORDING,REACH_TARGET_POS_SUCCESSFULLY,0.01733111947230369,-0.5787686332538396,0.02806489437206882,-0.29946359305718706,0.011239920382843483,0.20539034637469272,-0.4735252793585816,0.382038,-0.014091999999999999,0.57243,1.461399089279892,-0.21149899875667286,0.22956315651481418
205,2026-09-26T16:44:36.730+00:00,4.607,1790441076.730583,1790441076.7246268,1790441076.7297122,TEACHING_MODE,NORMAL,START_RECORDING,REACH_TARGET_POS_SUCCESSFULLY,0.01733111947230369,-0.5787686332538396,0.02806489437206882,-0.29946359305718706,0.011239920382843483,0.20539034637469272,-0.4735252793585816,0.382038,-0.014091999999999999,0.57243,1.461399089279892,-0.21149899875667286,0.22956315651481418
206,2026-09-26T16:44:36.750+00:00,4.627,1790441076.748022,1790441076.74706,1790441076.7504866,TEACHING_MODE,NORMAL,START_RECORDING,REACH_TARGET_POS_SUCCESSFULLY,0.01733111947230369,-0.5787686332538396,0.02806489437206882,-0.29946359305718706,0.011239920382843483,0.20539034637469272,-0.4735252793585816,0.382038,-0.014091999999999999,0.57243,1.461399089279892,-0.21149899875667286,0.22956315651481418
207,2026-09-26T16:44:36.770+00:00,4.647,1790441076.7701025,1790441076.764541,1790441076.7689354,TEACHING_MODE,NORMAL,START_RECORDING,REACH_TARGET_POS_SUCCESSFULLY,0.01733111947230369,-0.5787686332538396,0.02806489437206882,-0.29946359305718706,0.011239920382843483,0.20539034637469272,-0.4735252793585816,0.382038,-0.014091999999999999,0.57243,1.461399089279892,-0.21149899875667286,0.22956315651481418
208,2026-09-26T16:44:36.791+00:00,4.668,1790441076.7857504,1790441076.784829,1790441076.790212,TEACHING_MODE,NORMAL,START_RECORDING,REACH_TARGET_POS_SUCCESSFULLY,0.01733111947230369,-0.5787686332538396,0.02806489437206882,-0.29946359305718706,0.011239920382843483,0.20539034637469272,-0.4735252793585816,0.382038,-0.014091999999999999,0.57243,1.461399089279892,-0.21149899875667286,0.22956315651481418
209,2026-09-26T16:44:36.810+00:00,4.687,1790441076.810102,1790441076.8054645,1790441076.8092258,TEACHING_MODE,NORMAL,START_RECORDING,REACH_TARGET_POS_SUCCESSFULLY,0.01733111947230369,-0.5787686332538396,0.02806489437206882,-0.29946359305718706,0.011239920382843483,0.20539034637469272,-0.4735252793585816,0.382038,-0.014091999999999999,0.57243,1.461399089279892,-0.21149899875667286,0.22956315651481418
210,2026-09-26T16:44:36.830+00:00,4.707,1790441076.8301733,1790441076.8251216,1790441076.8291245,TEACHING_MODE,NORMAL,START_RECORDING,REACH_TARGET_POS_SUCCESSFULLY,0.01733111947230369,-0.5787686332538396,0.02806489437206882,-0.29946359305718706,0.011239920382843483,0.20539034637469272,-0.4735252793585816,0.382038,-0.014091999999999999,0.57243,1.461399089279892,-0.21149899875667286,0.22956315651481418
211,2026-09-26T16:44:36.850+00:00,4.727,1790441076.8468292,1790441076.845611,1790441076.8506286,TEACHING_MODE,NORMAL,START_RECORDING,REACH_TARGET_POS_SUCCESSFULLY,0.01733111947230369,-0.5787686332538396,0.02806489437206882,-0.29946359305718706,0.011239920382843483,0.20539034637469272,-0.4735252793585816,0.382038,-0.014091999999999999,0.57243,1.461399089279892,-0.21149899875667286,0.22956315651481418
212,2026-09-26T16:44:36.870+00:00,4.747,1790441076.8701024,1790441076.8649573,1790441076.8691514,TEACHING_MODE,NORMAL,START_RECORDING,REACH_TARGET_POS_SUCCESSFULLY,0.01733111947230369,-0.5787686332538396,0.02806489437206882,-0.29946359305718706,0.011239920382843483,0.20539034637469272,-0.4735252793585816,0.382038,-0.014091999999999999,0.57243,1.461399089279892,-0.21149899875667286,0.22956315651481418
213,2026-09-26T16:44:36.890+00:00,4.767,1790441076.8901129,1790441076.884672,1790441076.889026,TEACHING_MODE,NORMAL,START_RECORDING,REACH_TARGET_POS_SUCCESSFULLY,0.01733111947230369,-0.5787686332538396,0.02806489437206882,-0.29946359305718706,0.011239920382843483,0.20539034637469272,-0.4735252793585816,0.382038,-0.014091999999999999,0.57243,1.461399089279892,-0.21149899875667286,0.22956315651481418
214,2026-09-26T16:44:36.910+00:00,4.787,1790441076.9105341,1790441076.9064608,1790441076.909677,TEACHING_MODE,NORMAL,START_RECORDING,REACH_TARGET_POS_SUCCESSFULLY,0.01733111947230369,-0.5787686332538396,0.02806489437206882,-0.29946359305718706,0.011239920382843483,0.20539034637469272,-0.4735252793585816,0.382038,-0.014091999999999999,0.57243,1.461399089279892,-0.21149899875667286,0.22956315651481418
215,2026-09-26T16:44:36.930+00:00,4.807,1790441076.9301505,1790441076.9247365,1790441076.929023,TEACHING_MODE,NORMAL,START_RECORDING,REACH_TARGET_POS_SUCCESSFULLY,0.01733111947230369,-0.5787686332538396,0.02806489437206882,-0.29946359305718706,0.011239920382843483,0.20539034637469272,-0.4735252793585816,0.382038,-0.014091999999999999,0.57243,1.461399089279892,-0.21149899875667286,0.22956315651481418
216,2026-09-26T16:44:36.950+00:00,4.827,1790441076.945831,1790441076.9445918,1790441076.9500682,TEACHING_MODE,NORMAL,START_RECORDING,REACH_TARGET_POS_SUCCESSFULLY,0.01733111947230369,-0.5787686332538396,0.02806489437206882,-0.29946359305718706,0.011239920382843483,0.20539034637469272,-0.4735252793585816,0.382038,-0.014091999999999999,0.57243,1.461399089279892,-0.21149899875667286,0.22956315651481418
217,2026-09-26T16:44:36.970+00:00,4.847,1790441076.9704673,1790441076.96498,1790441076.9695725,TEACHING_MODE,NORMAL,START_RECORDING,REACH_TARGET_POS_SUCCESSFULLY,0.01733111947230369,-0.5787686332538396,0.02806489437206882,-0.29946359305718706,0.011239920382843483,0.20539034637469272,-0.4735252793585816,0.382038,-0.014091999999999999,0.57243,1.461399089279892,-0.21149899875667286,0.22956315651481418
218,2026-09-26T16:44:36.990+00:00,4.867,1790441076.9904966,1790441076.984786,1790441076.989572,TEACHING_MODE,NORMAL,START_RECORDING,REACH_TARGET_POS_SUCCESSFULLY,0.01733111947230369,-0.5787686332538396,0.02806489437206882,-0.29946359305718706,0.011239920382843483,0.20539034637469272,-0.4735252793585816,0.382038,-0.014091999999999999,0.57243,1.461399089279892,-0.21149899875667286,0.22956315651481418
219,2026-09-26T16:44:37.010+00:00,4.887,1790441077.0068293,1790441077.0055413,1790441077.0103025,TEACHING_MODE,NORMAL,START_RECORDING,REACH_TARGET_POS_SUCCESSFULLY,0.01733111947230369,-0.5787686332538396,0.02806489437206882,-0.29946359305718706,0.011239920382843483,0.20539034637469272,-0.4735252793585816,0.382038,-0.014091999999999999,0.57243,1.461399089279892,-0.21149899875667286,0.22956315651481418
220,2026-09-26T16:44:37.030+00:00,4.907,1790441077.030104,1790441077.0247862,1790441077.0290694,TEACHING_MODE,NORMAL,START_RECORDING,REACH_TARGET_POS_SUCCESSFULLY,0.01733111947230369,-0.5787686332538396,0.02806489437206882,-0.29946359305718706,0.011239920382843483,0.20539034637469272,-0.4735252793585816,0.382038,-0.014091999999999999,0.57243,1.461399089279892,-0.21149899875667286,0.22956315651481418
221,2026-09-26T16:44:37.050+00:00,4.927,1790441077.0503588,1790441077.044528,1790441077.0491533,TEACHING_MODE,NORMAL,START_RECORDING,REACH_TARGET_POS_SUCCESSFULLY,0.01733111947230369,-0.5787686332538396,0.02806489437206882,-0.29946359305718706,0.011239920382843483,0.20539034637469272,-0.4735252793585816,0.382038,-0.014091999999999999,0.57243,1.461399089279892,-0.21149899875667286,0.22956315651481418
222,2026-09-26T16:44:37.070+00:00,4.947,1790441077.0704887,1790441077.064895,1790441077.0694602,TEACHING_MODE,NORMAL,START_RECORDING,REACH_TARGET_POS_SUCCESSFULLY,0.01733111947230369,-0.5787686332538396,0.02806489437206882,-0.29946359305718706,0.011239920382843483,0.20539034637469272,-0.4735252793585816,0.382038,-0.014091999999999999,0.57243,1.461399089279892,-0.21149899875667286,0.22956315651481418
223,2026-09-26T16:44:37.090+00:00,4.967,1790441077.0901752,1790441077.0848265,1790441077.0890265,TEACHING_MODE,NORMAL,START_RECORDING,REACH_TARGET_POS_SUCCESSFULLY,0.01733111947230369,-0.5787686332538396,0.02806489437206882,-0.29946359305718706,0.011239920382843483,0.20539034637469272,-0.4735252793585816,0.382038,-0.014091999999999999,0.57243,1.461399089279892,-0.21149899875667286,0.22956315651481418
224,2026-09-26T16:44:37.110+00:00,4.987,1790441077.1101103,1790441077.105027,1790441077.1091125,TEACHING_MODE,NORMAL,START_RECORDING,REACH_TARGET_POS_SUCCESSFULLY,0.01733111947230369,-0.5787686332538396,0.02806489437206882,-0.29946359305718706,0.011239920382843483,0.20539034637469272,-0.4735252793585816,0.382038,-0.014091999999999999,0.57243,1.461399089279892,-0.21149899875667286,0.22956315651481418
225,2026-09-26T16:44:37.181+00:00,5.058,1790441077.1810272,1790441077.1672077,1790441077.1801505,TEACHING_MODE,NORMAL,DISABLED,REACH_TARGET_POS_SUCCESSFULLY,0.017366026057343577,-0.5768836776616857,0.02806489437206882,-0.2989050876965489,0.011239920382843483,0.20539034637469272,-0.4734729194810217,0.38135199999999997,-0.014105999999999999,0.573048,1.461032570136973,-0.2132094214236273,0.22963296968489394
226,2026-09-26T16:44:37.201+00:00,5.078,1790441077.2001758,1790441077.1844883,1790441077.199314,TEACHING_MODE,NORMAL,DISABLED,REACH_TARGET_POS_SUCCESSFULLY,0.017366026057343577,-0.5764997052262469,0.02806489437206882,-0.29855602184615004,0.011239920382843483,0.20539034637469272,-0.4734729194810217,0.38108899999999996,-0.014098999999999999,0.573295,1.4608580372117739,-0.2140122728795447,0.2297027828549737
227,2026-09-26T16:44:37.221+00:00,5.098,1790441077.2208424,1790441077.2045233,1790441077.2198405,TEACHING_MODE,NORMAL,DISABLED,REACH_TARGET_POS_SUCCESSFULLY,0.017366026057343577,-0.5765695183963269,0.02806489437206882,-0.29852111526111014,0.011239920382843483,0.20539034637469272,-0.4734729194810217,0.380884,-0.014105,0.573496,1.4607184108716142,-0.21469295128782248,0.2297376894400136
228,2026-09-26T16:44:37.242+00:00,5.119,1790441077.2405446,1790441077.2255862,1790441077.2395964,TEACHING_MODE,NORMAL,DISABLED,REACH_TARGET_POS_SUCCESSFULLY,0.017366026057343577,-0.5770058507093254,0.02806489437206882,-0.29852111526111014,0.011239920382843483,0.20539034637469272,-0.4734729194810217,0.380913,-0.014105,0.573471,1.4607358641641341,-0.21462313811774272,0.22972023614749368
229,2026-09-26T16:44:37.262+00:00,5.139,1790441077.260631,1790441077.2446723,1790441077.2597878,TEACHING_MODE,NORMAL,DISABLED,REACH_TARGET_POS_SUCCESSFULLY,0.017366026057343577,-0.5770756638794051,0.02806489437206882,-0.29852111526111014,0.011239920382843483,0.20539034637469272,-0.4734729194810217,0.381106,-0.014098999999999999,0.573302,1.460840583919254,-0.21420425909726407,0.22972023614749368
230,2026-09-26T16:44:37.283+00:00,5.16,1790441077.2818322,1790441077.2646298,1790441077.280882,TEACHING_MODE,NORMAL,DISABLED,REACH_TARGET_POS_SUCCESSFULLY,0.017366026057343577,-0.5771454770494848,0.02806489437206882,-0.29852111526111014,0.011239920382843483,0.20539034637469272,-0.4734729194810217,0.381141,-0.014096,0.573272,1.4608580372117739,-0.21411699263466435,0.22972023614749368
231,2026-09-26T16:44:37.303+00:00,5.18,1790441077.3007474,1790441077.2854683,1790441077.2998855,TEACHING_MODE,NORMAL,DISABLED,REACH_TARGET_POS_SUCCESSFULLY,0.017348572764823635,-0.5772327435120846,0.02806489437206882,-0.29852111526111014,0.011239920382843483,0.20539034637469272,-0.4734729194810217,0.381167,-0.014096,0.573248,1.4608580372117739,-0.21406463275710452,0.22972023614749368
232,2026-09-26T16:44:37.323+00:00,5.2,1790441077.3210282,1790441077.30463,1790441077.3201275,TEACHING_MODE,NORMAL,DISABLED,REACH_TARGET_POS_SUCCESSFULLY,0.017366026057343577,-0.5773549165597242,0.02806489437206882,-0.29852111526111014,0.011239920382843483,0.20539034637469272,-0.4734729194810217,0.381239,-0.014105999999999999,0.573185,1.4608929437968137,-0.21390755312442503,0.22966787626993385
233,2026-09-26T16:44:37.344+00:00,5.221,1790441077.342161,1790441077.324585,1790441077.341207,TEACHING_MODE,NORMAL,DISABLED,REACH_TARGET_POS_SUCCESSFULLY,0.017366026057343577,-0.5773898231447641,0.02806489437206882,-0.29852111526111014,0.011239920382843483,0.20539034637469272,-0.4734729194810217,0.381276,-0.014093999999999999,0.573153,1.4609103970893338,-0.21382028666182532,0.2297027828549737
234,2026-09-26T16:44:37.364+00:00,5.241,1790441077.3611069,1790441077.3644903,1790441077.3602293,TEACHING_MODE,NORMAL,DISABLED,REACH_TARGET_POS_SUCCESSFULLY,0.017366026057343577,-0.5773898231447641,0.02806489437206882,-0.29852111526111014,0.011239920382843483,0.20539034637469272,-0.4734729194810217,0.381276,-0.014093999999999999,0.573153,1.4609103970893338,-0.21382028666182532,0.2297027828549737
235,2026-09-26T16:44:37.385+00:00,5.262,1790441077.381469,1790441077.3850722,1790441077.380469,TEACHING_MODE,NORMAL,DISABLED,REACH_TARGET_POS_SUCCESSFULLY,0.017366026057343577,-0.5776167159475234,0.02806489437206882,-0.29852111526111014,0.011239920382843483,0.20539034637469272,-0.4734729194810217,0.381374,-0.014091999999999999,0.573068,1.4609627569668935,-0.21359339385906603,0.22968532956245377
236,2026-09-26T16:44:37.405+00:00,5.282,1790441077.4015465,1790441077.4048371,1790441077.4049406,TEACHING_MODE,NORMAL,DISABLED,REACH_TARGET_POS_SUCCESSFULLY,0.017296212887263806,-0.5778785153353225,0.02806489437206882,-0.2986258350162298,0.011239920382843483,0.20539034637469272,-0.4734729194810217,0.381504,-0.014116,0.572947,1.4610500234294932,-0.2132443280086672,0.22961551639237401
237,2026-09-26T16:44:37.425+00:00,5.302,1790441077.425672,1790441077.424545,1790441077.4247394,TEACHING_MODE,NORMAL,DISABLED,REACH_TARGET_POS_SUCCESSFULLY,0.017348572764823635,-0.578000688382962,0.02806489437206882,-0.2986258350162298,0.011239920382843483,0.20539034637469272,-0.4734729194810217,0.381559,-0.0141,0.5728989999999999,1.4610674767220133,-0.2131221549610276,0.22963296968489394
238,2026-09-26T16:44:37.446+00:00,5.323,1790441077.442337,1790441077.4458754,1790441077.4451566,TEACHING_MODE,NORMAL,DISABLED,REACH_TARGET_POS_SUCCESSFULLY,0.017296212887263806,-0.578000688382962,0.02806489437206882,-0.2986258350162298,0.011239920382843483,0.20539034637469272,-0.4734729194810217,0.381558,-0.014117999999999999,0.5728989999999999,1.4610674767220133,-0.2131221549610276,0.22959806309985406
239,2026-09-26T16:44:37.466+00:00,5.343,1790441077.4655888,1790441077.4644942,1790441077.4647386,TEACHING_MODE,NORMAL,DISABLED,REACH_TARGET_POS_SUCCESSFULLY,0.017296212887263806,-0.5781054081380818,0.02806489437206882,-0.2986258350162298,0.011239920382843483,0.20539034637469272,-0.4734729194810217,0.38160099999999997,-0.01409,0.572862,1.461084930014533,-0.21301743520590793,0.22966787626993385
240,2026-09-26T16:44:37.486+00:00,5.363,1790441077.4859405,1790441077.484833,1790441077.4850729,TEACHING_MODE,NORMAL,DISABLED,REACH_TARGET_POS_SUCCESSFULLY,0.017366026057343577,-0.5781926746006815,0.02806489437206882,-0.29873055477134947,0.011239920382843483,0.20539034637469272,-0.4734729194810217,0.38165699999999997,-0.014088,0.572807,1.461137289892093,-0.21284290228070848,0.22965042297741387
241,2026-09-26T16:44:37.507+00:00,5.384,1790441077.5063183,1790441077.5052063,1790441077.5054703,TEACHING_MODE,NORMAL,DISABLED,REACH_TARGET_POS_SUCCESSFULLY,0.017366026057343577,-0.5783148476483211,0.02806489437206882,-0.29873055477134947,0.011239920382843483,0.20539034637469272,-0.4734729194810217,0.381691,-0.014088,0.572777,1.4611547431846128,-0.21275563581810877,0.22965042297741387
242,2026-09-26T16:44:37.527+00:00,5.404,1790441077.5256953,1790441077.5245886,1790441077.524833,TEACHING_MODE,NORMAL,DISABLED,REACH_TARGET_POS_SUCCESSFULLY,0.01731366617978375,-0.5783148476483211,0.02806489437206882,-0.29883527452646913,0.011239920382843483,0.20539034637469272,-0.4734729194810217,0.38172799999999996,-0.014109,0.572739,1.461172196477133,-0.21261600947794923,0.2295806098073341
243,2026-09-26T16:44:37.548+00:00,5.425,1790441077.5468347,1790441077.5455458,1790441077.5458336,TEACHING_MODE,NORMAL,DISABLED,REACH_TARGET_POS_SUCCESSFULLY,0.017278759594743863,-0.578349754233361,0.02806489437206882,-0.29883527452646913,0.011239920382843483,0.20539034637469272,-0.4734729194810217,0.381746,-0.014119999999999999,0.572722,1.4611896497696526,-0.21258110289290932,0.22954570322229423
244,2026-09-26T16:44:37.568+00:00,5.445,1790441077.5659857,1790441077.5649207,1790441077.565109,TEACHING_MODE,NORMAL,DISABLED,REACH_TARGET_POS_SUCCESSFULLY,0.017348572764823635,-0.578349754233361,0.02806489437206882,-0.2989050876965489,0.011239920382843483,0.20539034637469272,-0.4734729194810217,0.381758,-0.01409,0.572708,1.4611896497696526,-0.21251128972282957,0.22963296968489394
245,2026-09-26T16:44:37.589+00:00,5.466,1790441077.5856776,1790441077.5845482,1790441077.5847924,TEACHING_MODE,NORMAL,DISABLED,REACH_TARGET_POS_SUCCESSFULLY,0.01733111947230369,-0.578349754233361,0.02806489437206882,-0.29895744757410875,0.011239920382843483,0.20539034637469272,-0.4734729194810217,0.381758,-0.0141,0.572708,1.4611896497696526,-0.21251128972282957,0.22959806309985406
246,2026-09-26T16:44:37.609+00:00,5.486,1790441077.606729,1790441077.6057556,1790441077.6051571,TEACHING_MODE,NORMAL,DISABLED,REACH_TARGET_POS_SUCCESSFULLY,0.017366026057343577,-0.5783846608184009,0.02806489437206882,-0.29895744757410875,0.011239920382843483,0.20539034637469272,-0.4734729194810217,0.38178599999999996,-0.014079999999999999,0.572682,1.4612245563546928,-0.21242402326022983,0.22965042297741387
247,2026-09-26T16:44:37.629+00:00,5.506,1790441077.6257958,1790441077.6247106,1790441077.6290708,TEACHING_MODE,NORMAL,DISABLED,REACH_TARGET_POS_SUCCESSFULLY,0.017348572764823635,-0.5784370206959607,0.02806489437206882,-0.2990447140367084,0.011239920382843483,0.20539034637469272,-0.4734729194810217,0.38181899999999996,-0.014086999999999999,0.572647,1.4612420096472125,-0.2122843969200703,0.22963296968489394
248,2026-09-26T16:44:37.650+00:00,5.527,1790441077.645659,1790441077.6446528,1790441077.6489904,TEACHING_MODE,NORMAL,DISABLED,REACH_TARGET_POS_SUCCESSFULLY,0.017348572764823635,-0.5784370206959607,0.02806489437206882,-0.2990447140367084,0.011239920382843483,0.20539034637469272,-0.4734729194810217,0.38181899999999996,-0.01409,0.572647,1.4612420096472125,-0.2122843969200703,0.22961551639237401
249,2026-09-26T16:44:37.670+00:00,5.547,1790441077.6701148,1790441077.6659374,1790441077.6690712,TEACHING_MODE,NORMAL,DISABLED,REACH_TARGET_POS_SUCCESSFULLY,0.01731366617978375,-0.5784370206959607,0.02806489437206882,-0.2990796206217483,0.011239920382843483,0.20539034637469272,-0.4734729194810217,0.381818,-0.014105,0.572647,1.4612420096472125,-0.2122843969200703,0.2295806098073341
250,2026-09-26T16:44:37.690+00:00,5.568,1790441077.6900744,1790441077.684588,1790441077.688989,TEACHING_MODE,NORMAL,DISABLED,REACH_TARGET_POS_SUCCESSFULLY,0.01731366617978375,-0.5784719272810006,0.02806489437206882,-0.2990796206217483,0.011239920382843483,0.20539034637469272,-0.4734729194810217,0.38184399999999996,-0.014103,0.572622,1.4612594629397326,-0.21221458374999055,0.2295806098073341
251,2026-09-26T16:44:37.711+00:00,5.588,1790441077.7105472,1790441077.704845,1790441077.7093635,TEACHING_MODE,NORMAL,DISABLED,REACH_TARGET_POS_SUCCESSFULLY,0.01731366617978375,-0.5784719272810006,0.02806489437206882,-0.2991668870843481,0.011239920382843483,0.20539034637469272,-0.4734729194810217,0.381859,-0.014102,0.5726049999999999,1.4612769162322525,-0.21212731728739082,0.2295806098073341
