index,phase,scheduled_t_s,actual_t_s,lateness_s,period_s,command_started_utc,command_returned_utc,command_duration_s,joint_feedback_unix_s,flange_feedback_unix_s,arm_status,motion_status,error_code,tracking_max_rad,flange_error_m,joint_target_rad,joint_feedback_rad,flange_target_xyz_m,flange_feedback_xyz_m
0,forward,0.000000,0.000799,0.000372,,2026-09-25T17:06:45.767845+00:00,2026-09-25T17:06:45.768260+00:00,0.000428,1790356005.765410,1790356005.760866,0,0,0,0.000087,0.000028,"[0.017366026057343577, -0.5785068338660405, 0.02790781473938933, -0.29969048585994634, 0.01085594794740473, 0.20552997271485224, -0.4733332931408622]","[0.017366026057343577, -0.5785417404510804, 0.02790781473938933, -0.2996730325674264, 0.010925761117484502, 0.2055125194223323, -0.4732460266782625]","[0.3819604868885947, -0.014093893530995423, 0.5725054502269838]","[0.381973, -0.014091999999999999, 0.57248]"
1,forward,0.050000,0.050952,0.000245,0.050152,2026-09-25T17:06:45.817726+00:00,2026-09-25T17:06:45.818415+00:00,0.000707,1790356005.815271,1790356005.801467,0,1,0,0.000087,0.000028,"[0.017365991482269468, -0.5785068338660405, 0.02790781473938933, -0.2996904858599463, 0.01085594794740473, 0.20552997271485224, -0.4733332931408622]","[0.017366026057343577, -0.5785417404510804, 0.02790781473938933, -0.2996730325674264, 0.010925761117484502, 0.2055125194223323, -0.4732460266782625]","[0.381960486401297, -0.014093906737307559, 0.572505450226984]","[0.381973, -0.014091999999999999, 0.57248]"
2,forward,0.100000,0.101138,0.000429,0.050186,2026-09-25T17:06:45.867909+00:00,2026-09-25T17:06:45.868602+00:00,0.000708,1790356005.865346,1790356005.861389,0,0,0,0.000087,0.000028,"[0.017365862145881147, -0.5785068338660405, 0.02790781473938933, -0.29969048585994634, 0.01085594794740473, 0.20552997271485224, -0.47333329314086225]","[0.017366026057343577, -0.5785417404510804, 0.02790781473938933, -0.2996730325674264, 0.010925761117484502, 0.2055125194223323, -0.4732460266782625]","[0.3819604845784388, -0.01409395613869723, 0.5725054502269838]","[0.381973, -0.014091999999999999, 0.57248]"
3,forward,0.150000,0.151391,0.000319,0.050254,2026-09-25T17:06:45.917799+00:00,2026-09-25T17:06:45.918856+00:00,0.001072,1790356005.915377,1790356005.900937,0,1,0,0.000087,0.000028,"[0.017365599631429588, -0.5785068338660405, 0.02790781473938933, -0.29969048585994634, 0.01085594794740473, 0.20552997271485224, -0.47333329314086225]","[0.017366026057343577, -0.5785417404510804, 0.02790781473938933, -0.2996730325674264, 0.010925761117484502, 0.2055125194223323, -0.4732460266782625]","[0.3819604808785585, -0.014094056408843873, 0.5725054502269838]","[0.381973, -0.014091999999999999, 0.57248]"
4,forward,0.200000,0.201419,0.000339,0.050028,2026-09-25T17:06:45.967817+00:00,2026-09-25T17:06:45.968883+00:00,0.001081,1790356005.966048,1790356005.960183,0,0,0,0.000087,0.000028,"[0.017365165522165802, -0.5785068338660405, 0.027907814739389327, -0.2996904858599463, 0.01085594794740473, 0.20552997271485224, -0.47333329314086225]","[0.017366026057343577, -0.5785417404510804, 0.02790781473938933, -0.2996730325674264, 0.010925761117484502, 0.2055125194223323, -0.4732460266782625]","[0.3819604747601619, -0.014094222221425697, 0.572505450226984]","[0.381973, -0.014091999999999999, 0.57248]"
5,forward,0.250000,0.251429,0.000410,0.050010,2026-09-25T17:06:46.017890+00:00,2026-09-25T17:06:46.018893+00:00,0.001019,1790356006.015555,1790356005.999755,0,1,0,0.000087,0.000028,"[0.017364524167346695, -0.5785068338660406, 0.027907814739389327, -0.2996904858599463, 0.01085594794740473, 0.20552997271485227, -0.4733332931408623]","[0.017366026057343577, -0.5785417404510804, 0.02790781473938933, -0.2996730325674264, 0.010925761117484502, 0.2055125194223323, -0.4732460266782625]","[0.3819604657206861, -0.014094467193613994, 0.572505450226984]","[0.381973, -0.014091999999999999, 0.57248]"
6,forward,0.300000,0.301281,0.000232,0.049852,2026-09-25T17:06:46.067713+00:00,2026-09-25T17:06:46.068744+00:00,0.001049,1790356006.064919,1790356006.059785,0,0,0,0.000087,0.000029,"[0.017363681303873463, -0.5785068338660405, 0.027907814739389324, -0.2996904858599463, 0.01085594794740473, 0.20552997271485224, -0.47333329314086225]","[0.017366026057343577, -0.5785417404510804, 0.02790781473938933, -0.2996730325674264, 0.0108035880698449, 0.2055125194223323, -0.4732460266782625]","[0.38196045384083877, -0.014094789134133763, 0.572505450226984]","[0.381973, -0.014091999999999999, 0.57248]"
7,forward,0.350000,0.350478,0.000112,0.049197,2026-09-25T17:06:46.117580+00:00,2026-09-25T17:06:46.117938+00:00,0.000366,1790356006.115149,1790356006.099730,0,1,0,0.000087,0.000026,"[0.01736267452893779, -0.5785068338660405, 0.027907814739389327, -0.2996904858599463, 0.01085594794740473, 0.20552997271485224, -0.47333329314086225]","[0.017366026057343577, -0.5785417404510804, 0.02790781473938933, -0.2996730325674264, 0.010821041362364843, 0.2055125194223323, -0.4732460266782625]","[0.38196043965036475, -0.014095173682337961, 0.572505450226984]","[0.381972, -0.014093, 0.5724819999999999]"
8,forward,0.400000,0.400380,0.000159,0.049902,2026-09-25T17:06:46.167629+00:00,2026-09-25T17:06:46.167840+00:00,0.000221,1790356006.165003,1790356006.160005,0,1,0,0.000087,0.000026,"[0.0173615422592887, -0.5785068338660405, 0.027907814739389327, -0.2996904858599463, 0.01085594794740473, 0.20552997271485224, -0.47333329314086225]","[0.017366026057343577, -0.5785417404510804, 0.02790781473938933, -0.2996730325674264, 0.010821041362364843, 0.2055125194223323, -0.4732460266782625]","[0.38196042369058253, -0.014095606164541898, 0.572505450226984]","[0.381972, -0.014093, 0.5724819999999999]"
9,forward,0.450000,0.451283,0.000259,0.050903,2026-09-25T17:06:46.217738+00:00,2026-09-25T17:06:46.218745+00:00,0.001023,1790356006.214950,1790356006.200868,0,1,0,0.000087,0.000026,"[0.017360317430885668, -0.5785068338660405, 0.02790781473938933, -0.2996904858599463, 0.010855947947404732, 0.20552997271485224, -0.47333329314086225]","[0.017366026057343577, -0.5785417404510804, 0.02790781473938933, -0.2996730325674264, 0.010821041362364843, 0.2055125194223323, -0.4732460266782625]","[0.38196040642559725, -0.014096074000507098, 0.572505450226984]","[0.381972, -0.014093, 0.5724819999999999]"
10,forward,0.500000,0.500704,0.000224,0.049421,2026-09-25T17:06:46.267705+00:00,2026-09-25T17:06:46.268165+00:00,0.000480,1790356006.265122,1790356006.259695,0,1,0,0.000087,0.000026,"[0.01735888525448265, -0.5785068338660405, 0.027907814739389327, -0.2996904858599463, 0.01085594794740473, 0.20552997271485224, -0.47333329314086225]","[0.017366026057343577, -0.5785417404510804, 0.02790781473938933, -0.2996730325674264, 0.010821041362364843, 0.2055125194223323, -0.4732460266782625]","[0.381960386237141, -0.014096621035173609, 0.572505450226984]","[0.381972, -0.014093, 0.5724819999999999]"
11,forward,0.550000,0.551469,0.000308,0.050765,2026-09-25T17:06:46.317787+00:00,2026-09-25T17:06:46.318933+00:00,0.001162,1790356006.314841,1790356006.299888,0,1,0,0.000087,0.000027,"[0.0173572994110836, -0.5785068338660405, 0.027907814739389327, -0.2996904858599463, 0.01085594794740473, 0.20552997271485224, -0.47333329314086225]","[0.017366026057343577, -0.5784893805735206, 0.02790781473938933, -0.2996730325674264, 0.010821041362364843, 0.2055125194223323, -0.4732460266782625]","[0.3819603638816273, -0.014097226764513093, 0.572505450226984]","[0.381972, -0.014093, 0.5724819999999999]"
12,forward,0.600000,0.601319,0.000218,0.049849,2026-09-25T17:06:46.367699+00:00,2026-09-25T17:06:46.368783+00:00,0.001101,1790356006.364916,1790356006.359830,0,1,0,0.000035,0.000013,"[0.017355713567684557, -0.5785068338660405, 0.027907814739389327, -0.2996904858599463, 0.01085594794740473, 0.20552997271485224, -0.47333329314086225]","[0.017366026057343577, -0.5784893805735206, 0.02790781473938933, -0.2996730325674264, 0.010821041362364843, 0.2055125194223323, -0.47335074643338215]","[0.38196034152515296, -0.014097832493817125, 0.572505450226984]","[0.381948, -0.014093, 0.572503]"
13,forward,0.650000,0.650952,0.000199,0.049634,2026-09-25T17:06:46.417675+00:00,2026-09-25T17:06:46.418415+00:00,0.000753,1790356006.414947,1790356006.401285,0,1,0,0.000035,0.000014,"[0.017354281391281538, -0.5785068338660405, 0.027907814739389327, -0.2996904858599463, 0.01085594794740473, 0.20552997271485224, -0.47333329314086225]","[0.017366026057343577, -0.5784893805735206, 0.02790781473938933, -0.2996730325674264, 0.010821041362364843, 0.2055125194223323, -0.47335074643338215]","[0.3819603213341782, -0.014098379528390683, 0.572505450226984]","[0.381948, -0.014093, 0.572503]"
14,forward,0.700000,0.701437,0.000261,0.050485,2026-09-25T17:06:46.467742+00:00,2026-09-25T17:06:46.468901+00:00,0.001176,1790356006.465043,1790356006.460893,0,1,0,0.000035,0.000014,"[0.017353056562878506, -0.5785068338660405, 0.02790781473938933, -0.2996904858599463, 0.01085594794740473, 0.20552997271485224, -0.47333329314086225]","[0.017366026057343577, -0.5784893805735206, 0.02790781473938933, -0.2996730325674264, 0.010821041362364843, 0.2055125194223323, -0.47335074643338215]","[0.381960304065796, -0.014098847364230515, 0.572505450226984]","[0.381948, -0.014093, 0.572503]"
15,forward,0.750000,0.751220,0.000222,0.049782,2026-09-25T17:06:46.517703+00:00,2026-09-25T17:06:46.518683+00:00,0.000997,1790356006.515194,1790356006.501638,0,1,0,0.000035,0.000014,"[0.01735192429322941, -0.5785068338660405, 0.027907814739389324, -0.2996904858599463, 0.01085594794740473, 0.20552997271485224, -0.47333329314086225]","[0.017366026057343577, -0.5784893805735206, 0.02790781473938933, -0.2996730325674264, 0.010821041362364843, 0.2055125194223323, -0.47335074643338215]","[0.3819602881018543, -0.01409927984628093, 0.572505450226984]","[0.381948, -0.014093, 0.572503]"
16,forward,0.800000,0.801238,0.000296,0.050018,2026-09-25T17:06:46.567778+00:00,2026-09-25T17:06:46.568703+00:00,0.000942,1790356006.566333,1790356006.561184,0,1,0,0.000035,0.000014,"[0.01735091751829374, -0.5785068338660405, 0.027907814739389327, -0.2996904858599463, 0.01085594794740473, 0.20552997271485224, -0.47333329314086225]","[0.017366026057343577, -0.5784893805735206, 0.02790781473938933, -0.2996730325674264, 0.010821041362364843, 0.2055125194223323, -0.47335074643338215]","[0.38196027390685905, -0.014099664394318269, 0.572505450226984]","[0.381948, -0.014093, 0.572503]"
17,forward,0.850000,0.851628,0.000347,0.050390,2026-09-25T17:06:46.617828+00:00,2026-09-25T17:06:46.619090+00:00,0.001281,1790356006.615372,1790356006.601282,0,1,0,0.000035,0.000014,"[0.017350074654820507, -0.5785068338660405, 0.027907814739389327, -0.2996904858599463, 0.01085594794740473, 0.20552997271485224, -0.47333329314086225]","[0.017366026057343577, -0.5784893805735206, 0.02790781473938933, -0.2996730325674264, 0.010821041362364843, 0.2055125194223323, -0.47335074643338215]","[0.3819602620226314, -0.014099986334676361, 0.572505450226984]","[0.381948, -0.014093, 0.572503]"
18,forward,0.900000,0.900635,0.000198,0.049007,2026-09-25T17:06:46.667679+00:00,2026-09-25T17:06:46.668096+00:00,0.000436,1790356006.664846,1790356006.660804,0,1,0,0.000035,0.000014,"[0.017349437397787968, -0.5785068338660405, 0.027907814739389327, -0.2996904858599463, 0.01085594794740473, 0.20552997271485224, -0.47333329314086225]","[0.017366026057343577, -0.5784893805735206, 0.02790781473938933, -0.2996730325674264, 0.010821041362364843, 0.2055125194223323, -0.47335074643338215]","[0.38196025303723835, -0.014100229741536621, 0.572505450226984]","[0.381948, -0.014093, 0.572503]"
19,forward,0.950000,0.951078,0.000334,0.050444,2026-09-25T17:06:46.717817+00:00,2026-09-25T17:06:46.718542+00:00,0.000744,1790356006.714985,1790356006.699837,0,1,0,0.000035,0.000015,"[0.017349036839151646, -0.5785068338660406, 0.027907814739389327, -0.2996904858599463, 0.010855947947404732, 0.20552997271485227, -0.47333329314086225]","[0.017366026057343577, -0.5784893805735206, 0.02790781473938933, -0.2996730325674264, 0.010821041362364843, 0.2055125194223323, -0.47335074643338215]","[0.3819602473892389, -0.01410038273901358, 0.572505450226984]","[0.381948, -0.014093, 0.572503]"
20,forward,1.000000,1.000981,0.000295,0.049903,2026-09-25T17:06:46.767775+00:00,2026-09-25T17:06:46.768444+00:00,0.000686,1790356006.764975,1790356006.759824,0,1,0,0.000035,0.000015,"[0.01734881043644416, -0.5785068338660405, 0.027907814739389327, -0.2996904858599463, 0.01085594794740473, 0.20552997271485224, -0.47333329314086225]","[0.017366026057343577, -0.5784893805735206, 0.02790781473938933, -0.2996730325674264, 0.010821041362364843, 0.2055125194223323, -0.47335074643338215]","[0.3819602441968642, -0.014100469215847372, 0.572505450226984]","[0.381948, -0.014093, 0.572503]"
21,forward,1.050000,1.051675,0.000464,0.050694,2026-09-25T17:06:46.817940+00:00,2026-09-25T17:06:46.819140+00:00,0.001212,1790356006.814725,1790356006.800771,0,1,0,0.000035,0.000015,"[0.017348681356167493, -0.5785068338660406, 0.027907814739389327, -0.2996904858599463, 0.010855947947404729, 0.20552997271485224, -0.47333329314086225]","[0.017366026057343577, -0.5784893805735206, 0.02790781473938933, -0.2996730325674264, 0.010821041362364843, 0.2055125194223323, -0.47335074643338215]","[0.3819602423767687, -0.014100518519381258, 0.572505450226984]","[0.381948, -0.014093, 0.572503]"
22,forward,1.100000,1.101324,0.000300,0.049649,2026-09-25T17:06:46.867781+00:00,2026-09-25T17:06:46.868787+00:00,0.001024,1790356006.865027,1790356006.859715,0,1,0,0.000035,0.000015,"[0.01734857276482363, -0.5785068338660405, 0.027907814739389327, -0.2996904858599463, 0.01085594794740473, 0.20552997271485224, -0.47333329314086225]","[0.017366026057343577, -0.5784893805735206, 0.02790781473938933, -0.2996730325674264, 0.010821041362364843, 0.2055125194223323, -0.47335074643338215]","[0.38196024084557206, -0.014100559996957196, 0.572505450226984]","[0.381948, -0.014093, 0.572503]"
23,forward,1.150000,1.150540,0.000174,0.049216,2026-09-25T17:06:46.917650+00:00,2026-09-25T17:06:46.918002+00:00,0.000367,1790356006.914942,1790356006.900652,0,0,0,0.000035,0.000015,"[0.017348498748553876, -0.5785068338660405, 0.027907814739389327, -0.2996904858599463, 0.01085594794740473, 0.20552997271485224, -0.47333329314086225]","[0.017366026057343577, -0.5784893805735206, 0.02790781473938933, -0.2996730325674264, 0.010821041362364843, 0.2055125194223323, -0.47335074643338215]","[0.38196023980190025, -0.014100588268229377, 0.572505450226984]","[0.381948, -0.014093, 0.572503]"
24,forward,1.200000,1.200517,0.000182,0.049977,2026-09-25T17:06:46.967659+00:00,2026-09-25T17:06:46.967978+00:00,0.000336,1790356006.964691,1790356006.959532,0,0,0,0.000035,0.000015,"[0.01734849900466554, -0.5785068338660405, 0.027907814739389327, -0.2996904858599463, 0.01085594794740473, 0.20552997271485224, -0.47333329314086225]","[0.017366026057343577, -0.5784893805735206, 0.02790781473938933, -0.2996730325674264, 0.010821041362364843, 0.2055125194223323, -0.47335074643338215]","[0.3819602398055115, -0.014100588170404906, 0.572505450226984]","[0.381948, -0.014093, 0.572503]"
25,forward,1.250000,1.250428,0.000122,0.049911,2026-09-25T17:06:47.017590+00:00,2026-09-25T17:06:47.017888+00:00,0.000306,1790356007.015561,1790356006.999944,0,0,0,0.000035,0.000015,"[0.017348535116409602, -0.5785068338660405, 0.027907814739389324, -0.2996904858599463, 0.010855947947404729, 0.20552997271485224, -0.47333329314086225]","[0.017366026057343577, -0.5784893805735206, 0.02790781473938933, -0.2996730325674264, 0.010821041362364843, 0.2055125194223323, -0.47335074643338215]","[0.3819602403147081, -0.014100574377154475, 0.572505450226984]","[0.381948, -0.014093, 0.572503]"
26,forward,1.300000,1.302094,0.000329,0.051666,2026-09-25T17:06:47.067812+00:00,2026-09-25T17:06:47.069558+00:00,0.001765,1790356007.064796,1790356007.059622,0,0,0,0.000035,0.000015,"[0.01734856866703707, -0.5785068338660405, 0.027907814739389327, -0.2996904858599463, 0.01085594794740473, 0.20552997271485224, -0.47333329314086225]","[0.017366026057343577, -0.5784893805735206, 0.02790781473938933, -0.2996730325674264, 0.010821041362364843, 0.2055125194223323, -0.47335074643338215]","[0.381960240787791, -0.014100561562148735, 0.572505450226984]","[0.381948, -0.014093, 0.572503]"
27,forward,1.350000,1.351752,0.000330,0.049658,2026-09-25T17:06:47.117810+00:00,2026-09-25T17:06:47.119215+00:00,0.001422,1790356007.116055,1790356007.101785,0,0,0,0.000035,0.000015,"[0.017348572764823635, -0.5785068338660405, 0.027907814739389327, -0.2996904858599463, 0.01085594794740473, 0.20552997271485224, -0.4733332931408623]","[0.017366026057343577, -0.5784893805735206, 0.02790781473938933, -0.2996730325674264, 0.010821041362364843, 0.2055125194223323, -0.47335074643338215]","[0.38196024084557206, -0.014100559996957194, 0.572505450226984]","[0.381948, -0.014093, 0.572503]"
28,forward,1.400000,1.401619,0.000460,0.049867,2026-09-25T17:06:47.167940+00:00,2026-09-25T17:06:47.169084+00:00,0.001159,1790356007.165151,1790356007.160203,0,0,0,0.000035,0.000015,"[0.01734857276482363, -0.5785068338660405, 0.02790781473938933, -0.2996904858599463, 0.01085594794740473, 0.20552997271485224, -0.47333329314086225]","[0.017366026057343577, -0.5784893805735206, 0.02790781473938933, -0.2996730325674264, 0.010821041362364843, 0.2055125194223323, -0.47335074643338215]","[0.38196024084557206, -0.014100559996957196, 0.572505450226984]","[0.381948, -0.014093, 0.572503]"
29,forward,1.450000,1.450804,0.000281,0.049185,2026-09-25T17:06:47.217759+00:00,2026-09-25T17:06:47.218266+00:00,0.000522,1790356007.216894,1790356007.199517,0,0,0,0.000035,0.000013,"[0.01734857276482363, -0.5785068338660405, 0.02790781473938933, -0.2996904858599463, 0.01085594794740473, 0.20552997271485224, -0.47333329314086225]","[0.01733111947230369, -0.5784893805735206, 0.02790781473938933, -0.2996730325674264, 0.010821041362364843, 0.2055125194223323, -0.47335074643338215]","[0.38196024084557206, -0.014100559996957196, 0.572505450226984]","[0.381948, -0.014102, 0.572503]"
30,forward,1.500000,1.500493,0.000185,0.049689,2026-09-25T17:06:47.267655+00:00,2026-09-25T17:06:47.267953+00:00,0.000308,1790356007.265371,1790356007.259545,0,0,0,0.000035,0.000013,"[0.01734857276482363, -0.5785068338660405, 0.027907814739389327, -0.2996904858599463, 0.010855947947404732, 0.20552997271485224, -0.47333329314086225]","[0.01733111947230369, -0.5784893805735206, 0.02790781473938933, -0.2996730325674264, 0.010821041362364843, 0.2055125194223323, -0.47335074643338215]","[0.38196024084557206, -0.014100559996957196, 0.572505450226984]","[0.381948, -0.014102, 0.572503]"
31,forward,1.550000,1.551993,0.000304,0.051500,2026-09-25T17:06:47.317785+00:00,2026-09-25T17:06:47.319456+00:00,0.001689,1790356007.316654,1790356007.299655,0,0,0,0.000035,0.000013,"[0.01734857276482363, -0.5785068338660405, 0.027907814739389327, -0.2996904858599463, 0.01085594794740473, 0.20552997271485224, -0.47333329314086225]","[0.01733111947230369, -0.5784893805735206, 0.02790781473938933, -0.2996730325674264, 0.010821041362364843, 0.2055125194223323, -0.47335074643338215]","[0.38196024084557206, -0.014100559996957196, 0.572505450226984]","[0.381948, -0.014102, 0.572503]"
32,forward,1.600000,1.601038,0.000360,0.049045,2026-09-25T17:06:47.367840+00:00,2026-09-25T17:06:47.368500+00:00,0.000678,1790356007.364836,1790356007.359642,0,0,0,0.000035,0.000013,"[0.01734857276482363, -0.5785068338660405, 0.027907814739389324, -0.2996904858599463, 0.01085594794740473, 0.2055299727148522, -0.4733332931408622]","[0.01733111947230369, -0.5784893805735206, 0.02790781473938933, -0.2996730325674264, 0.010821041362364843, 0.2055125194223323, -0.47335074643338215]","[0.38196024084557206, -0.014100559996957196, 0.572505450226984]","[0.381948, -0.014102, 0.572503]"
33,forward,1.650000,1.650571,0.000198,0.049533,2026-09-25T17:06:47.417674+00:00,2026-09-25T17:06:47.418033+00:00,0.000373,1790356007.416532,1790356007.400514,0,0,0,0.000035,0.000013,"[0.01734857276482363, -0.5785068338660405, 0.027907814739389327, -0.2996904858599463, 0.01085594794740473, 0.20552997271485224, -0.47333329314086225]","[0.01733111947230369, -0.5784893805735206, 0.02790781473938933, -0.2996730325674264, 0.010821041362364843, 0.2055125194223323, -0.47335074643338215]","[0.38196024084557206, -0.014100559996957196, 0.572505450226984]","[0.381948, -0.014102, 0.572503]"
34,forward,1.700000,1.700747,0.000385,0.050177,2026-09-25T17:06:47.467864+00:00,2026-09-25T17:06:47.468208+00:00,0.000362,1790356007.464822,1790356007.460661,0,0,0,0.000035,0.000013,"[0.01734857276482363, -0.5785068338660405, 0.027907814739389327, -0.2996904858599463, 0.01085594794740473, 0.20552997271485224, -0.47333329314086225]","[0.01733111947230369, -0.5784893805735206, 0.02790781473938933, -0.2996730325674264, 0.010821041362364843, 0.2055125194223323, -0.47335074643338215]","[0.38196024084557206, -0.014100559996957196, 0.572505450226984]","[0.381948, -0.014102, 0.572503]"
35,forward,1.750000,1.751351,0.000214,0.050604,2026-09-25T17:06:47.517694+00:00,2026-09-25T17:06:47.518815+00:00,0.001138,1790356007.515404,1790356007.499880,0,0,0,0.000035,0.000013,"[0.01734857276482363, -0.5785068338660405, 0.027907814739389327, -0.2996904858599463, 0.01085594794740473, 0.20552997271485224, -0.47333329314086225]","[0.01733111947230369, -0.5784893805735206, 0.02790781473938933, -0.2996730325674264, 0.010821041362364843, 0.2055125194223323, -0.47335074643338215]","[0.38196024084557206, -0.014100559996957196, 0.572505450226984]","[0.381948, -0.014102, 0.572503]"
36,forward,1.800000,1.801234,0.000309,0.049882,2026-09-25T17:06:47.567792+00:00,2026-09-25T17:06:47.568697+00:00,0.000925,1790356007.564791,1790356007.559595,0,0,0,0.000035,0.000013,"[0.01734857276482363, -0.5785068338660405, 0.027907814739389324, -0.2996904858599463, 0.01085594794740473, 0.20552997271485224, -0.47333329314086225]","[0.01733111947230369, -0.5784893805735206, 0.02790781473938933, -0.2996730325674264, 0.010821041362364843, 0.2055125194223323, -0.47335074643338215]","[0.38196024084557206, -0.014100559996957196, 0.572505450226984]","[0.381948, -0.014102, 0.572503]"
37,forward,1.850000,1.851139,0.000228,0.049905,2026-09-25T17:06:47.617708+00:00,2026-09-25T17:06:47.618602+00:00,0.000911,1790356007.614542,1790356007.600144,0,0,0,0.000035,0.000013,"[0.01734857276482363, -0.5785068338660405, 0.027907814739389324, -0.2996904858599463, 0.01085594794740473, 0.20552997271485224, -0.47333329314086225]","[0.01733111947230369, -0.5784893805735206, 0.02790781473938933, -0.2996730325674264, 0.010821041362364843, 0.2055125194223323, -0.47335074643338215]","[0.38196024084557206, -0.014100559996957196, 0.572505450226984]","[0.381948, -0.014102, 0.572503]"
38,forward,1.900000,1.901418,0.000264,0.050279,2026-09-25T17:06:47.667745+00:00,2026-09-25T17:06:47.668881+00:00,0.001154,1790356007.664885,1790356007.660790,0,0,0,0.000035,0.000013,"[0.01734857276482363, -0.5785068338660405, 0.02790781473938933, -0.2996904858599463, 0.01085594794740473, 0.20552997271485224, -0.47333329314086225]","[0.01733111947230369, -0.5784893805735206, 0.02790781473938933, -0.2996730325674264, 0.010821041362364843, 0.2055125194223323, -0.47335074643338215]","[0.38196024084557206, -0.014100559996957196, 0.572505450226984]","[0.381948, -0.014102, 0.572503]"
39,forward,1.950000,1.951519,0.000239,0.050101,2026-09-25T17:06:47.717719+00:00,2026-09-25T17:06:47.718982+00:00,0.001280,1790356007.714874,1790356007.700963,0,0,0,0.000035,0.000013,"[0.01734857276482363, -0.5785068338660405, 0.027907814739389327, -0.2996904858599463, 0.010855947947404729, 0.20552997271485224, -0.47333329314086225]","[0.01733111947230369, -0.5784893805735206, 0.02790781473938933, -0.2996730325674264, 0.010821041362364843, 0.2055125194223323, -0.47335074643338215]","[0.38196024084557206, -0.014100559996957196, 0.572505450226984]","[0.381948, -0.014102, 0.572503]"
40,forward,2.000000,2.001272,0.000344,0.049753,2026-09-25T17:06:47.767826+00:00,2026-09-25T17:06:47.768735+00:00,0.000928,1790356007.764818,1790356007.759592,0,0,0,0.000035,0.000013,"[0.01734857276482363, -0.5785068338660405, 0.027907814739389327, -0.2996904858599463, 0.01085594794740473, 0.20552997271485224, -0.47333329314086225]","[0.01733111947230369, -0.5784893805735206, 0.02790781473938933, -0.2996730325674264, 0.010821041362364843, 0.2055125194223323, -0.47335074643338215]","[0.38196024084557206, -0.014100559996957196, 0.572505450226984]","[0.381948, -0.014102, 0.572503]"
41,forward,2.050000,2.051262,0.000222,0.049990,2026-09-25T17:06:47.817702+00:00,2026-09-25T17:06:47.818727+00:00,0.001040,1790356007.814756,1790356007.801373,0,0,0,0.000035,0.000013,"[0.01734857276482363, -0.5785068338660405, 0.027907814739389327, -0.2996904858599463, 0.01085594794740473, 0.20552997271485224, -0.47333329314086225]","[0.01733111947230369, -0.5784893805735206, 0.02790781473938933, -0.2996730325674264, 0.010821041362364843, 0.2055125194223323, -0.47335074643338215]","[0.38196024084557206, -0.014100559996957196, 0.572505450226984]","[0.381948, -0.014102, 0.572503]"
42,forward,2.100000,2.101018,0.000342,0.049756,2026-09-25T17:06:47.867820+00:00,2026-09-25T17:06:47.868479+00:00,0.000675,1790356007.865126,1790356007.861506,0,0,0,0.000035,0.000013,"[0.01734857276482363, -0.5785068338660405, 0.027907814739389327, -0.2996904858599463, 0.01085594794740473, 0.20552997271485224, -0.47333329314086225]","[0.01733111947230369, -0.5784893805735206, 0.02790781473938933, -0.2996730325674264, 0.010821041362364843, 0.2055125194223323, -0.47335074643338215]","[0.38196024084557206, -0.014100559996957196, 0.572505450226984]","[0.381948, -0.014102, 0.572503]"
43,forward,2.150000,2.151837,0.000291,0.050820,2026-09-25T17:06:47.917771+00:00,2026-09-25T17:06:47.919301+00:00,0.001546,1790356007.915244,1790356007.900182,0,0,0,0.000035,0.000013,"[0.01734857276482363, -0.5785068338660406, 0.027907814739389327, -0.2996904858599463, 0.01085594794740473, 0.20552997271485224, -0.47333329314086225]","[0.01733111947230369, -0.5784893805735206, 0.02790781473938933, -0.2996730325674264, 0.010821041362364843, 0.2055125194223323, -0.47335074643338215]","[0.38196024084557206, -0.014100559996957196, 0.572505450226984]","[0.381948, -0.014102, 0.572503]"
44,forward,2.200000,2.200524,0.000233,0.048687,2026-09-25T17:06:47.967705+00:00,2026-09-25T17:06:47.967985+00:00,0.000291,1790356007.964500,1790356007.960059,0,0,0,0.000035,0.000013,"[0.01734857276482363, -0.5785068338660405, 0.027907814739389327, -0.2996904858599463, 0.01085594794740473, 0.20552997271485224, -0.47333329314086225]","[0.01733111947230369, -0.5784893805735206, 0.02790781473938933, -0.2996730325674264, 0.010821041362364843, 0.2055125194223323, -0.47335074643338215]","[0.38196024084557206, -0.014100559996957196, 0.572505450226984]","[0.381948, -0.014102, 0.572503]"
45,forward,2.250000,2.251851,0.000228,0.051326,2026-09-25T17:06:48.017709+00:00,2026-09-25T17:06:48.019314+00:00,0.001623,1790356008.017032,1790356007.999450,0,1,0,0.000035,0.000013,"[0.01734857276482363, -0.5785068338660405, 0.027907814739389327, -0.2996904858599463, 0.01085594794740473, 0.20552997271485224, -0.47333329314086225]","[0.01733111947230369, -0.5784893805735206, 0.02790781473938933, -0.2996730325674264, 0.010821041362364843, 0.2055125194223323, -0.47335074643338215]","[0.38196024084557206, -0.014100559996957196, 0.572505450226984]","[0.381948, -0.014102, 0.572503]"
46,forward,2.300000,2.300705,0.000189,0.048855,2026-09-25T17:06:48.067668+00:00,2026-09-25T17:06:48.068178+00:00,0.000516,1790356008.064964,1790356008.059995,0,0,0,0.000035,0.000013,"[0.01734857276482363, -0.5785068338660405, 0.027907814739389327, -0.2996904858599463, 0.01085594794740473, 0.20552997271485224, -0.47333329314086225]","[0.01733111947230369, -0.5784893805735206, 0.02790781473938933, -0.2996730325674264, 0.010821041362364843, 0.2055125194223323, -0.47335074643338215]","[0.38196024084557206, -0.014100559996957196, 0.572505450226984]","[0.381948, -0.014102, 0.572503]"
47,forward,2.350000,2.350539,0.000184,0.049833,2026-09-25T17:06:48.117662+00:00,2026-09-25T17:06:48.118000+00:00,0.000354,1790356008.114661,1790356008.100913,0,1,0,0.000035,0.000013,"[0.01734857276482363, -0.5785068338660405, 0.02790781473938933, -0.2996904858599463, 0.01085594794740473, 0.20552997271485224, -0.47333329314086225]","[0.01733111947230369, -0.5784893805735206, 0.02790781473938933, -0.2996730325674264, 0.010821041362364843, 0.2055125194223323, -0.47335074643338215]","[0.38196024084557206, -0.014100559996957196, 0.572505450226984]","[0.381948, -0.014102, 0.572503]"
48,forward,2.400000,2.400647,0.000181,0.050109,2026-09-25T17:06:48.167671+00:00,2026-09-25T17:06:48.168109+00:00,0.000466,1790356008.164455,1790356008.160100,0,0,0,0.000035,0.000013,"[0.01734857276482363, -0.5785068338660405, 0.027907814739389327, -0.2996904858599463, 0.01085594794740473, 0.20552997271485224, -0.47333329314086225]","[0.01733111947230369, -0.5784893805735206, 0.02790781473938933, -0.2996730325674264, 0.010821041362364843, 0.2055125194223323, -0.47335074643338215]","[0.38196024084557206, -0.014100559996957196, 0.572505450226984]","[0.381948, -0.014102, 0.572503]"
49,forward,2.450000,2.451770,0.000339,0.051123,2026-09-25T17:06:48.217819+00:00,2026-09-25T17:06:48.219233+00:00,0.001431,1790356008.214641,1790356008.201280,0,0,0,0.000035,0.000013,"[0.017348572764823628, -0.5785068338660405, 0.027907814739389327, -0.2996904858599463, 0.01085594794740473, 0.20552997271485224, -0.47333329314086225]","[0.01733111947230369, -0.5784893805735206, 0.02790781473938933, -0.2996730325674264, 0.010821041362364843, 0.2055125194223323, -0.47335074643338215]","[0.38196024084557206, -0.014100559996957198, 0.572505450226984]","[0.381948, -0.014102, 0.572503]"
50,forward,2.500000,2.501454,0.000290,0.049684,2026-09-25T17:06:48.267771+00:00,2026-09-25T17:06:48.268918+00:00,0.001165,1790356008.264432,1790356008.261627,0,0,0,0.000035,0.000013,"[0.01734857276482363, -0.5785068338660405, 0.027907814739389324, -0.2996904858599463, 0.01085594794740473, 0.20552997271485224, -0.47333329314086225]","[0.01733111947230369, -0.5784893805735206, 0.02790781473938933, -0.2996730325674264, 0.010821041362364843, 0.2055125194223323, -0.47335074643338215]","[0.38196024084557206, -0.014100559996957196, 0.572505450226984]","[0.381948, -0.014102, 0.572503]"
51,forward,2.550000,2.551481,0.000271,0.050027,2026-09-25T17:06:48.317750+00:00,2026-09-25T17:06:48.318944+00:00,0.001210,1790356008.314616,1790356008.300629,0,1,0,0.000052,0.000012,"[0.01734857276482363, -0.5785068338660405, 0.027907814739389324, -0.2996904858599463, 0.01085594794740473, 0.20552997271485224, -0.47333329314086225]","[0.01733111947230369, -0.5784893805735206, 0.02790781473938933, -0.2996730325674264, 0.01090830782496456, 0.2055125194223323, -0.47335074643338215]","[0.38196024084557206, -0.014100559996957196, 0.572505450226984]","[0.381949, -0.014102, 0.5725009999999999]"
52,forward,2.600000,2.601068,0.000341,0.049587,2026-09-25T17:06:48.367822+00:00,2026-09-25T17:06:48.368531+00:00,0.000727,1790356008.364872,1790356008.361680,0,0,0,0.000052,0.000012,"[0.01734857276482363, -0.5785068338660405, 0.027907814739389327, -0.2996904858599463, 0.01085594794740473, 0.20552997271485224, -0.47333329314086225]","[0.01733111947230369, -0.5784893805735206, 0.02790781473938933, -0.2996730325674264, 0.01090830782496456, 0.2055125194223323, -0.47335074643338215]","[0.38196024084557206, -0.014100559996957196, 0.572505450226984]","[0.381949, -0.014102, 0.5725009999999999]"
53,forward,2.650000,2.651336,0.000216,0.050268,2026-09-25T17:06:48.417695+00:00,2026-09-25T17:06:48.418798+00:00,0.001120,1790356008.414440,1790356008.400916,0,1,0,0.000052,0.000012,"[0.01734857276482363, -0.5785068338660405, 0.027907814739389327, -0.2996904858599463, 0.010855947947404732, 0.20552997271485227, -0.47333329314086225]","[0.01733111947230369, -0.5784893805735206, 0.02790781473938933, -0.2996730325674264, 0.01090830782496456, 0.2055125194223323, -0.47335074643338215]","[0.38196024084557206, -0.014100559996957196, 0.572505450226984]","[0.381949, -0.014102, 0.5725009999999999]"
54,forward,2.700000,2.701439,0.000291,0.050104,2026-09-25T17:06:48.467771+00:00,2026-09-25T17:06:48.468902+00:00,0.001149,1790356008.465268,1790356008.462320,0,0,0,0.000052,0.000012,"[0.01734857276482363, -0.5785068338660405, 0.027907814739389327, -0.2996904858599463, 0.010855947947404732, 0.20552997271485224, -0.47333329314086225]","[0.01733111947230369, -0.5784893805735206, 0.02790781473938933, -0.2996730325674264, 0.01090830782496456, 0.2055125194223323, -0.47335074643338215]","[0.38196024084557206, -0.014100559996957196, 0.572505450226984]","[0.381949, -0.014102, 0.5725009999999999]"
55,forward,2.750000,2.750628,0.000190,0.049189,2026-09-25T17:06:48.517669+00:00,2026-09-25T17:06:48.518090+00:00,0.000438,1790356008.514731,1790356008.499893,0,1,0,0.000052,0.000012,"[0.01734857276482363, -0.5785068338660405, 0.027907814739389327, -0.2996904858599463, 0.01085594794740473, 0.20552997271485224, -0.47333329314086225]","[0.01733111947230369, -0.5784893805735206, 0.02790781473938933, -0.2996730325674264, 0.01090830782496456, 0.2055125194223323, -0.47335074643338215]","[0.38196024084557206, -0.014100559996957196, 0.572505450226984]","[0.381949, -0.014102, 0.5725009999999999]"
56,forward,2.800000,2.801126,0.000336,0.050498,2026-09-25T17:06:48.567816+00:00,2026-09-25T17:06:48.568589+00:00,0.000790,1790356008.566006,1790356008.562921,0,0,0,0.000052,0.000012,"[0.01734857276482363, -0.5785068338660405, 0.027907814739389327, -0.2996904858599463, 0.010855947947404732, 0.20552997271485224, -0.47333329314086225]","[0.01733111947230369, -0.5784893805735206, 0.02790781473938933, -0.2996730325674264, 0.01090830782496456, 0.2055125194223323, -0.47335074643338215]","[0.38196024084557206, -0.014100559996957196, 0.572505450226984]","[0.381949, -0.014102, 0.5725009999999999]"
57,forward,2.850000,2.851043,0.000199,0.049917,2026-09-25T17:06:48.617678+00:00,2026-09-25T17:06:48.618505+00:00,0.000844,1790356008.615309,1790356008.600870,0,1,0,0.000052,0.000012,"[0.01734857276482363, -0.5785068338660405, 0.027907814739389327, -0.2996904858599463, 0.01085594794740473, 0.20552997271485224, -0.47333329314086225]","[0.01733111947230369, -0.5784893805735206, 0.02790781473938933, -0.2996730325674264, 0.01090830782496456, 0.2055125194223323, -0.47335074643338215]","[0.38196024084557206, -0.014100559996957196, 0.572505450226984]","[0.381949, -0.014102, 0.5725009999999999]"
58,forward,2.900000,2.900814,0.000172,0.049771,2026-09-25T17:06:48.667647+00:00,2026-09-25T17:06:48.668275+00:00,0.000642,1790356008.665049,1790356008.660426,0,0,0,0.000052,0.000012,"[0.01734857276482363, -0.5785068338660405, 0.027907814739389327, -0.2996904858599463, 0.010855947947404729, 0.20552997271485224, -0.47333329314086225]","[0.01733111947230369, -0.5784893805735206, 0.02790781473938933, -0.2996730325674264, 0.01090830782496456, 0.2055125194223323, -0.47335074643338215]","[0.38196024084557206, -0.014100559996957196, 0.572505450226984]","[0.381949, -0.014102, 0.5725009999999999]"
59,forward,2.950000,2.950893,0.000158,0.050079,2026-09-25T17:06:48.717632+00:00,2026-09-25T17:06:48.718354+00:00,0.000735,1790356008.714236,1790356008.700164,0,1,0,0.000052,0.000012,"[0.01734857276482363, -0.5785068338660405, 0.027907814739389324, -0.2996904858599463, 0.01085594794740473, 0.20552997271485224, -0.47333329314086225]","[0.01733111947230369, -0.5784893805735206, 0.02790781473938933, -0.2996730325674264, 0.01090830782496456, 0.2055125194223323, -0.47335074643338215]","[0.38196024084557206, -0.014100559996957196, 0.572505450226984]","[0.381949, -0.014102, 0.5725009999999999]"
60,forward,3.000000,3.000671,0.000241,0.049778,2026-09-25T17:06:48.767718+00:00,2026-09-25T17:06:48.768132+00:00,0.000430,1790356008.764674,1790356008.760172,0,0,0,0.000052,0.000012,"[0.01734857276482363, -0.5785068338660405, 0.02790781473938933, -0.2996904858599463, 0.01085594794740473, 0.20552997271485224, -0.47333329314086225]","[0.01733111947230369, -0.5784893805735206, 0.02790781473938933, -0.2996730325674264, 0.01090830782496456, 0.2055125194223323, -0.47335074643338215]","[0.38196024084557206, -0.014100559996957196, 0.572505450226984]","[0.381949, -0.014102, 0.5725009999999999]"
61,forward,3.050000,3.050829,0.000290,0.050158,2026-09-25T17:06:48.817771+00:00,2026-09-25T17:06:48.818290+00:00,0.000538,1790356008.814348,1790356008.799502,0,1,0,0.000017,0.000013,"[0.01734857276482363, -0.5785068338660405, 0.027907814739389327, -0.2996904858599463, 0.010855947947404729, 0.20552997271485224, -0.47333329314086225]","[0.01733111947230369, -0.5784893805735206, 0.02790781473938933, -0.2996730325674264, 0.010873401239924673, 0.2055125194223323, -0.47335074643338215]","[0.38196024084557206, -0.014100559996957196, 0.572505450226984]","[0.381948, -0.014102, 0.572502]"
62,forward,3.100000,3.100996,0.000321,0.050168,2026-09-25T17:06:48.867800+00:00,2026-09-25T17:06:48.868458+00:00,0.000676,1790356008.864694,1790356008.859228,0,0,0,0.000017,0.000013,"[0.01734857276482363, -0.5785068338660405, 0.027907814739389327, -0.2996904858599463, 0.01085594794740473, 0.20552997271485224, -0.47333329314086225]","[0.01733111947230369, -0.5784893805735206, 0.02790781473938933, -0.2996730325674264, 0.010873401239924673, 0.2055125194223323, -0.47335074643338215]","[0.38196024084557206, -0.014100559996957196, 0.572505450226984]","[0.381948, -0.014102, 0.572502]"
63,forward,3.150000,3.150683,0.000257,0.049686,2026-09-25T17:06:48.917731+00:00,2026-09-25T17:06:48.918143+00:00,0.000426,1790356008.914498,1790356008.900800,0,1,0,0.000017,0.000013,"[0.01734857276482363, -0.5785068338660405, 0.027907814739389324, -0.2996904858599463, 0.01085594794740473, 0.20552997271485224, -0.47333329314086225]","[0.01733111947230369, -0.5784893805735206, 0.02790781473938933, -0.2996730325674264, 0.010873401239924673, 0.2055125194223323, -0.47335074643338215]","[0.38196024084557206, -0.014100559996957196, 0.572505450226984]","[0.381948, -0.014102, 0.572502]"
64,forward,3.200000,3.201152,0.000368,0.050470,2026-09-25T17:06:48.967846+00:00,2026-09-25T17:06:48.968614+00:00,0.000784,1790356008.965357,1790356008.960692,0,0,0,0.000017,0.000013,"[0.01734857276482363, -0.5785068338660405, 0.027907814739389327, -0.2996904858599463, 0.01085594794740473, 0.20552997271485224, -0.47333329314086225]","[0.01733111947230369, -0.5784893805735206, 0.02790781473938933, -0.2996730325674264, 0.010873401239924673, 0.2055125194223323, -0.47335074643338215]","[0.38196024084557206, -0.014100559996957196, 0.572505450226984]","[0.381948, -0.014102, 0.572502]"
65,forward,3.250000,3.250817,0.000197,0.049665,2026-09-25T17:06:49.017674+00:00,2026-09-25T17:06:49.018279+00:00,0.000621,1790356009.014215,1790356008.998971,0,1,0,0.000017,0.000013,"[0.01734857276482363, -0.5785068338660405, 0.027907814739389327, -0.2996904858599463, 0.01085594794740473, 0.20552997271485224, -0.47333329314086225]","[0.01733111947230369, -0.5784893805735206, 0.02790781473938933, -0.2996730325674264, 0.010873401239924673, 0.2055125194223323, -0.47335074643338215]","[0.38196024084557206, -0.014100559996957196, 0.572505450226984]","[0.381948, -0.014102, 0.572502]"
66,forward,3.300000,3.301965,0.000286,0.051148,2026-09-25T17:06:49.067764+00:00,2026-09-25T17:06:49.069428+00:00,0.001679,1790356009.065959,1790356009.060806,0,0,0,0.000017,0.000013,"[0.01734857276482363, -0.5785068338660405, 0.027907814739389327, -0.2996904858599463, 0.01085594794740473, 0.20552997271485224, -0.47333329314086225]","[0.01733111947230369, -0.5784893805735206, 0.02790781473938933, -0.2996730325674264, 0.010873401239924673, 0.2055125194223323, -0.47335074643338215]","[0.38196024084557206, -0.014100559996957196, 0.572505450226984]","[0.381948, -0.014102, 0.572502]"
67,forward,3.350000,3.350961,0.000178,0.048996,2026-09-25T17:06:49.117652+00:00,2026-09-25T17:06:49.118422+00:00,0.000783,1790356009.114793,1790356009.100035,0,1,0,0.000017,0.000013,"[0.017348572764823628, -0.5785068338660404, 0.027907814739389327, -0.29969048585994623, 0.01085594794740473, 0.20552997271485224, -0.4733332931408622]","[0.01733111947230369, -0.5784893805735206, 0.02790781473938933, -0.2996730325674264, 0.010873401239924673, 0.2055125194223323, -0.47335074643338215]","[0.3819602408455718, -0.014100559996957203, 0.5725054502269842]","[0.381948, -0.014102, 0.572502]"
68,forward,3.400000,3.401893,0.000397,0.050932,2026-09-25T17:06:49.167875+00:00,2026-09-25T17:06:49.169355+00:00,0.001496,1790356009.164688,1790356009.159812,0,0,0,0.000017,0.000013,"[0.01734857276482363, -0.5785068338660405, 0.027907814739389327, -0.2996904858599463, 0.01085594794740473, 0.20552997271485224, -0.47333329314086225]","[0.01733111947230369, -0.5784893805735206, 0.02790781473938933, -0.2996730325674264, 0.010873401239924673, 0.2055125194223323, -0.47335074643338215]","[0.38196024084557206, -0.014100559996957196, 0.572505450226984]","[0.381948, -0.014102, 0.572502]"
69,forward,3.450000,3.450781,0.000185,0.048888,2026-09-25T17:06:49.217662+00:00,2026-09-25T17:06:49.218243+00:00,0.000596,1790356009.214612,1790356009.199282,0,1,0,0.000017,0.000013,"[0.01734857276482363, -0.5785068338660405, 0.027907814739389327, -0.2996904858599463, 0.010855947947404729, 0.20552997271485224, -0.47333329314086225]","[0.01733111947230369, -0.5784893805735206, 0.02790781473938933, -0.2996730325674264, 0.010873401239924673, 0.2055125194223323, -0.47335074643338215]","[0.38196024084557206, -0.014100559996957196, 0.572505450226984]","[0.381948, -0.014102, 0.572502]"
70,forward,3.500000,3.500688,0.000182,0.049907,2026-09-25T17:06:49.267660+00:00,2026-09-25T17:06:49.268149+00:00,0.000507,1790356009.265286,1790356009.259000,0,0,0,0.000017,0.000013,"[0.01734857276482363, -0.5785068338660405, 0.027907814739389327, -0.2996904858599463, 0.01085594794740473, 0.20552997271485224, -0.47333329314086225]","[0.01733111947230369, -0.5784893805735206, 0.02790781473938933, -0.2996730325674264, 0.010873401239924673, 0.2055125194223323, -0.47335074643338215]","[0.38196024084557206, -0.014100559996957196, 0.572505450226984]","[0.381948, -0.014102, 0.572502]"
71,forward,3.550000,3.550702,0.000218,0.050014,2026-09-25T17:06:49.317694+00:00,2026-09-25T17:06:49.318162+00:00,0.000484,1790356009.314383,1790356009.299027,0,0,0,0.000017,0.000013,"[0.01734857276482363, -0.5785068338660405, 0.027907814739389327, -0.2996904858599463, 0.01085594794740473, 0.20552997271485224, -0.47333329314086225]","[0.01733111947230369, -0.5784893805735206, 0.02790781473938933, -0.2996730325674264, 0.010873401239924673, 0.2055125194223323, -0.47335074643338215]","[0.38196024084557206, -0.014100559996957196, 0.572505450226984]","[0.381948, -0.014102, 0.572502]"
72,forward,3.600000,3.601179,0.000309,0.050477,2026-09-25T17:06:49.367789+00:00,2026-09-25T17:06:49.368643+00:00,0.000870,1790356009.365779,1790356009.359116,0,0,0,0.000070,0.000013,"[0.01734857276482363, -0.5785068338660405, 0.027907814739389327, -0.2996904858599463, 0.01085594794740473, 0.20552997271485224, -0.47333329314086225]","[0.01733111947230369, -0.5784893805735206, 0.02790781473938933, -0.2996730325674264, 0.010873401239924673, 0.2055125194223323, -0.4732634799707824]","[0.38196024084557206, -0.014100559996957196, 0.572505450226984]","[0.381948, -0.014102, 0.572502]"
73,forward,3.650000,3.650762,0.000201,0.049583,2026-09-25T17:06:49.417679+00:00,2026-09-25T17:06:49.418223+00:00,0.000560,1790356009.414252,1790356009.399010,0,0,0,0.000070,0.000013,"[0.01734857276482363, -0.5785068338660405, 0.02790781473938933, -0.2996904858599463, 0.01085594794740473, 0.20552997271485224, -0.47333329314086225]","[0.01733111947230369, -0.5784893805735206, 0.02790781473938933, -0.2996730325674264, 0.010873401239924673, 0.2055125194223323, -0.4732634799707824]","[0.38196024084557206, -0.014100559996957196, 0.572505450226984]","[0.381948, -0.014102, 0.572502]"
74,forward,3.700000,3.700717,0.000146,0.049955,2026-09-25T17:06:49.467622+00:00,2026-09-25T17:06:49.468178+00:00,0.000571,1790356009.465863,1790356009.459058,0,0,0,0.000070,0.000013,"[0.01734857276482363, -0.5785068338660405, 0.027907814739389327, -0.2996904858599463, 0.010855947947404732, 0.20552997271485224, -0.47333329314086225]","[0.01733111947230369, -0.5784893805735206, 0.02790781473938933, -0.2996730325674264, 0.010873401239924673, 0.2055125194223323, -0.4732634799707824]","[0.38196024084557206, -0.014100559996957196, 0.572505450226984]","[0.381948, -0.014102, 0.572502]"
75,forward,3.750000,3.750448,0.000145,0.049730,2026-09-25T17:06:49.517618+00:00,2026-09-25T17:06:49.517908+00:00,0.000303,1790356009.514337,1790356009.500050,0,0,0,0.000070,0.000013,"[0.01734857276482363, -0.5785068338660405, 0.027907814739389327, -0.2996904858599463, 0.01085594794740473, 0.20552997271485224, -0.47333329314086225]","[0.01733111947230369, -0.5784893805735206, 0.02790781473938933, -0.2996730325674264, 0.010873401239924673, 0.2055125194223323, -0.4732634799707824]","[0.38196024084557206, -0.014100559996957196, 0.572505450226984]","[0.381948, -0.014102, 0.572502]"
76,forward,3.800000,3.801160,0.000326,0.050712,2026-09-25T17:06:49.567804+00:00,2026-09-25T17:06:49.568621+00:00,0.000834,1790356009.566109,1790356009.559931,0,0,0,0.000070,0.000013,"[0.017348572764823635, -0.5785068338660406, 0.02790781473938933, -0.29969048585994634, 0.01085594794740473, 0.20552997271485224, -0.4733332931408623]","[0.01733111947230369, -0.5784893805735206, 0.02790781473938933, -0.2996730325674264, 0.010873401239924673, 0.2055125194223323, -0.4732634799707824]","[0.3819602408455722, -0.014100559996957189, 0.5725054502269838]","[0.381948, -0.014102, 0.572502]"
77,forward,3.850000,3.850898,0.000177,0.049738,2026-09-25T17:06:49.617654+00:00,2026-09-25T17:06:49.618359+00:00,0.000721,1790356009.614046,1790356009.605588,0,0,0,0.000070,0.000013,"[0.01734857276482363, -0.5785068338660405, 0.027907814739389327, -0.2996904858599463, 0.01085594794740473, 0.20552997271485224, -0.47333329314086225]","[0.01733111947230369, -0.5784893805735206, 0.02790781473938933, -0.2996730325674264, 0.010873401239924673, 0.2055125194223323, -0.4732634799707824]","[0.38196024084557206, -0.014100559996957196, 0.572505450226984]","[0.381948, -0.014102, 0.572502]"
78,forward,3.900000,3.900683,0.000204,0.049785,2026-09-25T17:06:49.667683+00:00,2026-09-25T17:06:49.668143+00:00,0.000479,1790356009.664327,1790356009.659991,0,0,0,0.000070,0.000013,"[0.01734857276482363, -0.5785068338660405, 0.027907814739389327, -0.2996904858599463, 0.01085594794740473, 0.20552997271485224, -0.47333329314086225]","[0.01733111947230369, -0.5784893805735206, 0.02790781473938933, -0.2996730325674264, 0.010873401239924673, 0.2055125194223323, -0.4732634799707824]","[0.38196024084557206, -0.014100559996957196, 0.572505450226984]","[0.381948, -0.014102, 0.572502]"
79,forward,3.950000,3.950654,0.000175,0.049971,2026-09-25T17:06:49.717652+00:00,2026-09-25T17:06:49.718115+00:00,0.000479,1790356009.714316,1790356009.699100,0,0,0,0.000070,0.000013,"[0.01734857276482363, -0.5785068338660405, 0.027907814739389327, -0.2996904858599463, 0.01085594794740473, 0.20552997271485224, -0.47333329314086225]","[0.01733111947230369, -0.5784893805735206, 0.02790781473938933, -0.2996730325674264, 0.010873401239924673, 0.2055125194223323, -0.4732634799707824]","[0.38196024084557206, -0.014100559996957196, 0.572505450226984]","[0.381948, -0.014102, 0.572502]"
80,forward,4.000000,4.001253,0.000154,0.050599,2026-09-25T17:06:49.767632+00:00,2026-09-25T17:06:49.768716+00:00,0.001099,1790356009.764751,1790356009.760987,0,0,0,0.000070,0.000013,"[0.01734857276482363, -0.5785068338660405, 0.027907814739389327, -0.2996904858599463, 0.010855947947404729, 0.20552997271485224, -0.47333329314086225]","[0.01733111947230369, -0.5784893805735206, 0.02790781473938933, -0.2996730325674264, 0.010786134777324957, 0.2055125194223323, -0.4732634799707824]","[0.38196024084557206, -0.014100559996957196, 0.572505450226984]","[0.381948, -0.014102, 0.572502]"
81,forward,4.050000,4.050731,0.000244,0.049478,2026-09-25T17:06:49.817723+00:00,2026-09-25T17:06:49.818192+00:00,0.000487,1790356009.813282,1790356009.798932,0,0,0,0.000192,0.000013,"[0.01734857276482363, -0.5785068338660405, 0.027907814739389324, -0.2996904858599463, 0.01085594794740473, 0.20552997271485224, -0.47333329314086225]","[0.01733111947230369, -0.5784893805735206, 0.02790781473938933, -0.2996730325674264, 0.010663961729685353, 0.2055125194223323, -0.4732634799707824]","[0.38196024084557206, -0.014100559996957196, 0.572505450226984]","[0.381947, -0.014102, 0.572504]"
82,forward,4.100000,4.100676,0.000198,0.049945,2026-09-25T17:06:49.867677+00:00,2026-09-25T17:06:49.868137+00:00,0.000478,1790356009.864419,1790356009.858918,0,0,0,0.000140,0.000014,"[0.01734857276482363, -0.5785068338660405, 0.027907814739389324, -0.2996904858599463, 0.01085594794740473, 0.20552997271485224, -0.47333329314086225]","[0.01733111947230369, -0.5784893805735206, 0.02790781473938933, -0.2996730325674264, 0.010716321607245184, 0.2055125194223323, -0.4732634799707824]","[0.38196024084557206, -0.014100559996957196, 0.572505450226984]","[0.381946, -0.014102, 0.5725049999999999]"
83,forward,4.150000,4.150658,0.000167,0.049981,2026-09-25T17:06:49.917643+00:00,2026-09-25T17:06:49.918118+00:00,0.000491,1790356009.914094,1790356009.900054,0,0,0,0.000070,0.000014,"[0.01734857276482363, -0.5785068338660405, 0.027907814739389327, -0.2996904858599463, 0.01085594794740473, 0.20552997271485224, -0.47333329314086225]","[0.01733111947230369, -0.5784893805735206, 0.02790781473938933, -0.2996730325674264, 0.010838494654884786, 0.2055125194223323, -0.4732634799707824]","[0.38196024084557206, -0.014100559996957196, 0.572505450226984]","[0.381946, -0.014102, 0.5725049999999999]"
84,forward,4.200000,4.200894,0.000376,0.050236,2026-09-25T17:06:49.967850+00:00,2026-09-25T17:06:49.968356+00:00,0.000518,1790356009.964082,1790356009.959922,0,0,0,0.000070,0.000014,"[0.01734857276482363, -0.5785068338660405, 0.027907814739389327, -0.2996904858599463, 0.01085594794740473, 0.20552997271485224, -0.4733332931408622]","[0.01733111947230369, -0.5784893805735206, 0.02790781473938933, -0.2996730325674264, 0.010821041362364843, 0.2055125194223323, -0.4732634799707824]","[0.38196024084557206, -0.014100559996957196, 0.572505450226984]","[0.381947, -0.014102, 0.572503]"
85,forward,4.250000,4.250634,0.000179,0.049740,2026-09-25T17:06:50.017655+00:00,2026-09-25T17:06:50.018095+00:00,0.000455,1790356010.013931,1790356009.998697,0,0,0,0.000070,0.000014,"[0.01734857276482363, -0.5785068338660405, 0.027907814739389327, -0.2996904858599463, 0.010855947947404729, 0.20552997271485224, -0.47333329314086225]","[0.01733111947230369, -0.5784893805735206, 0.02790781473938933, -0.2996730325674264, 0.0108035880698449, 0.2055125194223323, -0.4732634799707824]","[0.38196024084557206, -0.014100559996957196, 0.572505450226984]","[0.381947, -0.014102, 0.572503]"
86,forward,4.300000,4.300994,0.000183,0.050360,2026-09-25T17:06:50.067660+00:00,2026-09-25T17:06:50.068455+00:00,0.000810,1790356010.064059,1790356010.059872,0,0,0,0.000070,0.000014,"[0.01734857276482363, -0.5785068338660405, 0.027907814739389327, -0.2996904858599463, 0.01085594794740473, 0.20552997271485224, -0.47333329314086225]","[0.01733111947230369, -0.5784893805735206, 0.02790781473938933, -0.2996730325674264, 0.0108035880698449, 0.2055125194223323, -0.4732634799707824]","[0.38196024084557206, -0.014100559996957196, 0.572505450226984]","[0.381947, -0.014102, 0.572503]"
87,forward,4.350000,4.350688,0.000186,0.049695,2026-09-25T17:06:50.117680+00:00,2026-09-25T17:06:50.118149+00:00,0.000502,1790356010.113916,1790356010.099720,0,0,0,0.000070,0.000014,"[0.01734857276482363, -0.5785068338660405, 0.027907814739389327, -0.2996904858599463, 0.01085594794740473, 0.20552997271485224, -0.47333329314086225]","[0.01733111947230369, -0.5784893805735206, 0.02790781473938933, -0.2996730325674264, 0.0108035880698449, 0.2055125194223323, -0.4732634799707824]","[0.38196024084557206, -0.014100559996957196, 0.572505450226984]","[0.381947, -0.014102, 0.572503]"
88,forward,4.400000,4.400849,0.000173,0.050161,2026-09-25T17:06:50.167650+00:00,2026-09-25T17:06:50.168310+00:00,0.000676,1790356010.164191,1790356010.158792,0,0,0,0.000070,0.000014,"[0.01734857276482363, -0.5785068338660405, 0.027907814739389327, -0.2996904858599463, 0.01085594794740473, 0.20552997271485224, -0.47333329314086225]","[0.01733111947230369, -0.5784893805735206, 0.02790781473938933, -0.2996730325674264, 0.0108035880698449, 0.2055125194223323, -0.4732634799707824]","[0.38196024084557206, -0.014100559996957196, 0.572505450226984]","[0.381947, -0.014102, 0.572503]"
89,forward,4.450000,4.450978,0.000157,0.050129,2026-09-25T17:06:50.217635+00:00,2026-09-25T17:06:50.218439+00:00,0.000821,1790356010.214381,1790356010.201255,0,0,0,0.000070,0.000014,"[0.01734857276482363, -0.5785068338660404, 0.027907814739389327, -0.2996904858599463, 0.01085594794740473, 0.2055299727148522, -0.4733332931408622]","[0.01733111947230369, -0.5784893805735206, 0.02790781473938933, -0.2996730325674264, 0.0108035880698449, 0.2055125194223323, -0.4732634799707824]","[0.3819602408455718, -0.0141005599969572, 0.5725054502269842]","[0.381947, -0.014102, 0.572503]"
90,forward,4.500000,4.501044,0.000167,0.050066,2026-09-25T17:06:50.267644+00:00,2026-09-25T17:06:50.268506+00:00,0.000877,1790356010.263878,1790356010.258874,0,0,0,0.000070,0.000014,"[0.01734857276482363, -0.5785068338660405, 0.027907814739389327, -0.2996904858599463, 0.01085594794740473, 0.20552997271485224, -0.47333329314086225]","[0.01733111947230369, -0.5784893805735206, 0.02790781473938933, -0.2996730325674264, 0.0108035880698449, 0.2055125194223323, -0.4732634799707824]","[0.38196024084557206, -0.014100559996957196, 0.572505450226984]","[0.381947, -0.014102, 0.572503]"
91,forward,4.550000,4.550846,0.000172,0.049802,2026-09-25T17:06:50.317650+00:00,2026-09-25T17:06:50.318307+00:00,0.000674,1790356010.314045,1790356010.300362,0,0,0,0.000070,0.000014,"[0.01734857276482363, -0.5785068338660405, 0.027907814739389327, -0.2996904858599463, 0.01085594794740473, 0.20552997271485224, -0.47333329314086225]","[0.01733111947230369, -0.5784893805735206, 0.02790781473938933, -0.2996730325674264, 0.0108035880698449, 0.2055125194223323, -0.4732634799707824]","[0.38196024084557206, -0.014100559996957196, 0.572505450226984]","[0.381947, -0.014102, 0.572503]"
92,forward,4.600000,4.600942,0.000195,0.050096,2026-09-25T17:06:50.367674+00:00,2026-09-25T17:06:50.368403+00:00,0.000747,1790356010.364304,1790356010.361165,0,1,0,0.000070,0.000014,"[0.01734857276482363, -0.5785068338660405, 0.027907814739389327, -0.2996904858599463, 0.010855947947404732, 0.20552997271485224, -0.47333329314086225]","[0.01733111947230369, -0.5784893805735206, 0.02790781473938933, -0.2996730325674264, 0.0108035880698449, 0.2055125194223323, -0.4732634799707824]","[0.38196024084557206, -0.014100559996957196, 0.572505450226984]","[0.381947, -0.014102, 0.572503]"
93,forward,4.650000,4.650855,0.000259,0.049914,2026-09-25T17:06:50.417739+00:00,2026-09-25T17:06:50.418318+00:00,0.000596,1790356010.414955,1790356010.398982,0,0,0,0.000070,0.000014,"[0.01734857276482363, -0.5785068338660405, 0.027907814739389327, -0.2996904858599463, 0.01085594794740473, 0.2055299727148522, -0.47333329314086225]","[0.01733111947230369, -0.5784893805735206, 0.02790781473938933, -0.2996730325674264, 0.0108035880698449, 0.2055125194223323, -0.4732634799707824]","[0.38196024084557206, -0.014100559996957196, 0.572505450226984]","[0.381947, -0.014102, 0.572503]"
94,forward,4.700000,4.700610,0.000178,0.049755,2026-09-25T17:06:50.467655+00:00,2026-09-25T17:06:50.468071+00:00,0.000432,1790356010.464525,1790356010.460392,0,1,0,0.000070,0.000014,"[0.01734857276482363, -0.5785068338660405, 0.027907814739389324, -0.2996904858599463, 0.01085594794740473, 0.20552997271485224, -0.47333329314086225]","[0.01733111947230369, -0.5784893805735206, 0.02790781473938933, -0.2996730325674264, 0.0108035880698449, 0.2055125194223323, -0.4732634799707824]","[0.38196024084557206, -0.014100559996957196, 0.572505450226984]","[0.381947, -0.014102, 0.572503]"
95,forward,4.750000,4.750685,0.000165,0.050075,2026-09-25T17:06:50.517643+00:00,2026-09-25T17:06:50.518146+00:00,0.000520,1790356010.515312,1790356010.499750,0,0,0,0.000052,0.000014,"[0.01734857276482363, -0.5785068338660405, 0.02790781473938933, -0.2996904858599463, 0.01085594794740473, 0.20552997271485224, -0.47333329314086225]","[0.01733111947230369, -0.5784893805735206, 0.02790781473938933, -0.2996730325674264, 0.0108035880698449, 0.2055125194223323, -0.473385653018422]","[0.38196024084557206, -0.014100559996957196, 0.572505450226984]","[0.381947, -0.014102, 0.572503]"
96,forward,4.800000,4.800638,0.000218,0.049953,2026-09-25T17:06:50.567695+00:00,2026-09-25T17:06:50.568099+00:00,0.000420,1790356010.564093,1790356010.558856,0,1,0,0.000052,0.000014,"[0.01734857276482363, -0.5785068338660405, 0.027907814739389327, -0.2996904858599463, 0.01085594794740473, 0.20552997271485224, -0.47333329314086225]","[0.01733111947230369, -0.5784893805735206, 0.02790781473938933, -0.2996730325674264, 0.0108035880698449, 0.2055125194223323, -0.473385653018422]","[0.38196024084557206, -0.014100559996957196, 0.572505450226984]","[0.381947, -0.014102, 0.572503]"
97,forward,4.850000,4.850772,0.000281,0.050134,2026-09-25T17:06:50.617757+00:00,2026-09-25T17:06:50.618232+00:00,0.000491,1790356010.613846,1790356010.598804,0,0,0,0.000052,0.000014,"[0.01734857276482363, -0.5785068338660405, 0.027907814739389324, -0.2996904858599463, 0.01085594794740473, 0.2055299727148522, -0.4733332931408622]","[0.01733111947230369, -0.5784893805735206, 0.02790781473938933, -0.2996730325674264, 0.0108035880698449, 0.2055125194223323, -0.473385653018422]","[0.38196024084557206, -0.014100559996957196, 0.572505450226984]","[0.381947, -0.014102, 0.572503]"
98,forward,4.900000,4.900625,0.000217,0.049853,2026-09-25T17:06:50.667692+00:00,2026-09-25T17:06:50.668086+00:00,0.000409,1790356010.664896,1790356010.659443,0,1,0,0.000052,0.000014,"[0.01734857276482363, -0.5785068338660405, 0.027907814739389327, -0.2996904858599463, 0.010855947947404732, 0.20552997271485224, -0.47333329314086225]","[0.01733111947230369, -0.5784893805735206, 0.02790781473938933, -0.2996730325674264, 0.0108035880698449, 0.2055125194223323, -0.473385653018422]","[0.38196024084557206, -0.014100559996957196, 0.572505450226984]","[0.381947, -0.014102, 0.572503]"
99,forward,4.950000,4.950888,0.000177,0.050262,2026-09-25T17:06:50.717652+00:00,2026-09-25T17:06:50.718348+00:00,0.000710,1790356010.712726,1790356010.702183,0,0,0,0.000052,0.000014,"[0.01734857276482363, -0.5785068338660405, 0.027907814739389327, -0.2996904858599463, 0.01085594794740473, 0.20552997271485224, -0.47333329314086225]","[0.01733111947230369, -0.5784893805735206, 0.02790781473938933, -0.2996730325674264, 0.0108035880698449, 0.2055125194223323, -0.473385653018422]","[0.38196024084557206, -0.014100559996957196, 0.572505450226984]","[0.381947, -0.014102, 0.572503]"
100,forward,5.000000,5.000662,0.000193,0.049774,2026-09-25T17:06:50.767671+00:00,2026-09-25T17:06:50.768123+00:00,0.000469,1790356010.764169,1790356010.759256,0,1,0,0.000052,0.000014,"[0.01734857276482363, -0.5785068338660405, 0.027907814739389327, -0.2996904858599463, 0.01085594794740473, 0.20552997271485224, -0.47333329314086225]","[0.01733111947230369, -0.5784893805735206, 0.02790781473938933, -0.2996730325674264, 0.0108035880698449, 0.2055125194223323, -0.473385653018422]","[0.38196024084557206, -0.014100559996957196, 0.572505450226984]","[0.381947, -0.014102, 0.572503]"
101,forward,5.050000,5.050659,0.000232,0.049997,2026-09-25T17:06:50.817708+00:00,2026-09-25T17:06:50.818120+00:00,0.000427,1790356010.814062,1790356010.799890,0,0,0,0.000052,0.000014,"[0.01734857276482363, -0.5785068338660405, 0.027907814739389327, -0.2996904858599463, 0.01085594794740473, 0.20552997271485224, -0.47333329314086225]","[0.01733111947230369, -0.5784893805735206, 0.02790781473938933, -0.2996730325674264, 0.0108035880698449, 0.2055125194223323, -0.473385653018422]","[0.38196024084557206, -0.014100559996957196, 0.572505450226984]","[0.381947, -0.014102, 0.572503]"
102,forward,5.100000,5.100568,0.000160,0.049909,2026-09-25T17:06:50.867650+00:00,2026-09-25T17:06:50.868029+00:00,0.000408,1790356010.864026,1790356010.858588,0,1,0,0.000052,0.000014,"[0.01734857276482363, -0.5785068338660405, 0.027907814739389327, -0.2996904858599463, 0.010855947947404729, 0.20552997271485224, -0.47333329314086225]","[0.01733111947230369, -0.5784893805735206, 0.02790781473938933, -0.2996730325674264, 0.0108035880698449, 0.2055125194223323, -0.473385653018422]","[0.38196024084557206, -0.014100559996957196, 0.572505450226984]","[0.381947, -0.014102, 0.572503]"
103,forward,5.150000,5.150610,0.000165,0.050041,2026-09-25T17:06:50.917641+00:00,2026-09-25T17:06:50.918070+00:00,0.000445,1790356010.913863,1790356010.900223,0,0,0,0.000052,0.000014,"[0.01734857276482363, -0.5785068338660405, 0.027907814739389324, -0.2996904858599463, 0.01085594794740473, 0.20552997271485224, -0.47333329314086225]","[0.01733111947230369, -0.5784893805735206, 0.02790781473938933, -0.2996730325674264, 0.0108035880698449, 0.2055125194223323, -0.473385653018422]","[0.38196024084557206, -0.014100559996957196, 0.572505450226984]","[0.381947, -0.014102, 0.572503]"
104,forward,5.200000,5.200478,0.000159,0.049869,2026-09-25T17:06:50.967633+00:00,2026-09-25T17:06:50.967939+00:00,0.000320,1790356010.963607,1790356010.958522,0,1,0,0.000052,0.000014,"[0.01734857276482363, -0.5785068338660405, 0.02790781473938933, -0.2996904858599463, 0.01085594794740473, 0.20552997271485224, -0.47333329314086225]","[0.01733111947230369, -0.5784893805735206, 0.02790781473938933, -0.2996730325674264, 0.0108035880698449, 0.2055125194223323, -0.473385653018422]","[0.38196024084557206, -0.014100559996957196, 0.572505450226984]","[0.381947, -0.014102, 0.572503]"
105,forward,5.250000,5.251468,0.000294,0.050989,2026-09-25T17:06:51.017769+00:00,2026-09-25T17:06:51.018931+00:00,0.001174,1790356011.013992,1790356010.999996,0,0,0,0.000052,0.000013,"[0.01734857276482363, -0.5785068338660405, 0.027907814739389327, -0.2996904858599463, 0.010855947947404729, 0.20552997271485224, -0.47333329314086225]","[0.01733111947230369, -0.5784893805735206, 0.02790781473938933, -0.2996730325674264, 0.01085594794740473, 0.2055125194223323, -0.473385653018422]","[0.38196024084557206, -0.014100559996957196, 0.572505450226984]","[0.381948, -0.014102, 0.572502]"
106,forward,5.300000,5.302075,0.000207,0.050608,2026-09-25T17:06:51.067685+00:00,2026-09-25T17:06:51.069540+00:00,0.001868,1790356011.064057,1790356011.058873,0,1,0,0.000052,0.000013,"[0.01734857276482363, -0.5785068338660405, 0.027907814739389327, -0.2996904858599463, 0.01085594794740473, 0.20552997271485224, -0.47333329314086225]","[0.01733111947230369, -0.5784893805735206, 0.02790781473938933, -0.2996730325674264, 0.01085594794740473, 0.2055125194223323, -0.473385653018422]","[0.38196024084557206, -0.014100559996957196, 0.572505450226984]","[0.381948, -0.014102, 0.572502]"
107,forward,5.350000,5.351475,0.000208,0.049400,2026-09-25T17:06:51.117688+00:00,2026-09-25T17:06:51.118937+00:00,0.001267,1790356011.114375,1790356011.099701,0,0,0,0.000052,0.000013,"[0.01734857276482363, -0.5785068338660405, 0.027907814739389324, -0.2996904858599463, 0.01085594794740473, 0.20552997271485224, -0.47333329314086225]","[0.01733111947230369, -0.5784893805735206, 0.02790781473938933, -0.2996730325674264, 0.01085594794740473, 0.2055125194223323, -0.473385653018422]","[0.38196024084557206, -0.014100559996957196, 0.572505450226984]","[0.381948, -0.014102, 0.572502]"
108,forward,5.400000,5.402651,0.000342,0.051176,2026-09-25T17:06:51.167820+00:00,2026-09-25T17:06:51.170114+00:00,0.002309,1790356011.164321,1790356011.159321,0,1,0,0.000052,0.000013,"[0.01734857276482363, -0.5785068338660405, 0.027907814739389327, -0.2996904858599463, 0.01085594794740473, 0.20552997271485224, -0.47333329314086225]","[0.01733111947230369, -0.5784893805735206, 0.02790781473938933, -0.2996730325674264, 0.01085594794740473, 0.2055125194223323, -0.473385653018422]","[0.38196024084557206, -0.014100559996957196, 0.572505450226984]","[0.381948, -0.014102, 0.572502]"
109,forward,5.450000,5.451208,0.000427,0.048557,2026-09-25T17:06:51.217908+00:00,2026-09-25T17:06:51.218670+00:00,0.000781,1790356011.215633,1790356011.198553,0,0,0,0.000052,0.000013,"[0.01734857276482363, -0.5785068338660405, 0.027907814739389327, -0.2996904858599463, 0.01085594794740473, 0.20552997271485224, -0.47333329314086225]","[0.01733111947230369, -0.5784893805735206, 0.02790781473938933, -0.2996730325674264, 0.01085594794740473, 0.2055125194223323, -0.473385653018422]","[0.38196024084557206, -0.014100559996957196, 0.572505450226984]","[0.381948, -0.014102, 0.572502]"
110,forward,5.500000,5.501065,0.000332,0.049858,2026-09-25T17:06:51.267813+00:00,2026-09-25T17:06:51.268530+00:00,0.000734,1790356011.264140,1790356011.258407,0,1,0,0.000052,0.000013,"[0.01734857276482363, -0.5785068338660405, 0.027907814739389327, -0.2996904858599463, 0.01085594794740473, 0.20552997271485224, -0.47333329314086225]","[0.01733111947230369, -0.5784893805735206, 0.02790781473938933, -0.2996730325674264, 0.01085594794740473, 0.2055125194223323, -0.473385653018422]","[0.38196024084557206, -0.014100559996957196, 0.572505450226984]","[0.381948, -0.014102, 0.572502]"
111,forward,5.550000,5.551308,0.000227,0.050243,2026-09-25T17:06:51.317710+00:00,2026-09-25T17:06:51.318771+00:00,0.001082,1790356011.314947,1790356011.298487,0,0,0,0.000052,0.000013,"[0.01734857276482363, -0.5785068338660404, 0.027907814739389327, -0.2996904858599463, 0.01085594794740473, 0.20552997271485224, -0.4733332931408622]","[0.01733111947230369, -0.5784893805735206, 0.02790781473938933, -0.2996730325674264, 0.01085594794740473, 0.2055125194223323, -0.473385653018422]","[0.3819602408455718, -0.0141005599969572, 0.5725054502269842]","[0.381948, -0.014102, 0.572502]"
112,forward,5.600000,5.601790,0.000342,0.050482,2026-09-25T17:06:51.367824+00:00,2026-09-25T17:06:51.369254+00:00,0.001448,1790356011.363674,1790356011.358912,0,1,0,0.000052,0.000013,"[0.01734857276482363, -0.5785068338660405, 0.027907814739389324, -0.2996904858599463, 0.01085594794740473, 0.20552997271485224, -0.47333329314086225]","[0.01733111947230369, -0.5784893805735206, 0.02790781473938933, -0.2996730325674264, 0.01085594794740473, 0.2055125194223323, -0.473385653018422]","[0.38196024084557206, -0.014100559996957196, 0.572505450226984]","[0.381948, -0.014102, 0.572502]"
113,forward,5.650000,5.651841,0.000225,0.050051,2026-09-25T17:06:51.417705+00:00,2026-09-25T17:06:51.419304+00:00,0.001616,1790356011.415538,1790356011.399463,0,0,0,0.000052,0.000013,"[0.01734857276482363, -0.5785068338660405, 0.027907814739389327, -0.2996904858599463, 0.01085594794740473, 0.20552997271485224, -0.47333329314086225]","[0.01733111947230369, -0.5784893805735206, 0.02790781473938933, -0.2996730325674264, 0.01085594794740473, 0.2055125194223323, -0.473385653018422]","[0.38196024084557206, -0.014100559996957196, 0.572505450226984]","[0.381948, -0.014102, 0.572502]"
114,forward,5.700000,5.702218,0.000327,0.050376,2026-09-25T17:06:51.467806+00:00,2026-09-25T17:06:51.469682+00:00,0.001891,1790356011.463889,1790356011.458653,0,1,0,0.000052,0.000013,"[0.01734857276482363, -0.5785068338660405, 0.027907814739389327, -0.2996904858599463, 0.01085594794740473, 0.20552997271485224, -0.47333329314086225]","[0.01733111947230369, -0.5784893805735206, 0.02790781473938933, -0.2996730325674264, 0.01085594794740473, 0.2055125194223323, -0.473385653018422]","[0.38196024084557206, -0.014100559996957196, 0.572505450226984]","[0.381948, -0.014102, 0.572502]"
115,forward,5.750000,5.751905,0.000301,0.049688,2026-09-25T17:06:51.517780+00:00,2026-09-25T17:06:51.519369+00:00,0.001605,1790356011.514901,1790356011.499106,0,0,0,0.000087,0.000013,"[0.01734857276482363, -0.5785068338660405, 0.027907814739389327, -0.2996904858599463, 0.01085594794740473, 0.2055299727148522, -0.47333329314086225]","[0.01733111947230369, -0.5784893805735206, 0.02790781473938933, -0.2996730325674264, 0.01085594794740473, 0.2055125194223323, -0.4732460266782625]","[0.38196024084557206, -0.014100559996957196, 0.572505450226984]","[0.381948, -0.014102, 0.572502]"
116,forward,5.800000,5.801281,0.000305,0.049376,2026-09-25T17:06:51.567788+00:00,2026-09-25T17:06:51.568743+00:00,0.000976,1790356011.563670,1790356011.559187,0,1,0,0.000070,0.000013,"[0.01734857276482363, -0.5785068338660405, 0.02790781473938933, -0.2996904858599463, 0.010855947947404729, 0.20552997271485224, -0.47333329314086225]","[0.01733111947230369, -0.5784893805735206, 0.02790781473938933, -0.2996730325674264, 0.01085594794740473, 0.2055125194223323, -0.4732634799707824]","[0.38196024084557206, -0.014100559996957196, 0.572505450226984]","[0.381948, -0.014102, 0.572502]"
117,forward,5.850000,5.850657,0.000305,0.049376,2026-09-25T17:06:51.617784+00:00,2026-09-25T17:06:51.618118+00:00,0.000352,1790356011.614125,1790356011.598662,0,0,0,0.000070,0.000013,"[0.01734857276482363, -0.5785068338660405, 0.027907814739389327, -0.2996904858599463, 0.01085594794740473, 0.20552997271485224, -0.47333329314086225]","[0.01733111947230369, -0.5784893805735206, 0.02790781473938933, -0.2996730325674264, 0.01085594794740473, 0.2055125194223323, -0.4732634799707824]","[0.38196024084557206, -0.014100559996957196, 0.572505450226984]","[0.381948, -0.014102, 0.572502]"
118,forward,5.900000,5.901526,0.000279,0.050869,2026-09-25T17:06:51.667755+00:00,2026-09-25T17:06:51.668988+00:00,0.001247,1790356011.663550,1790356011.660048,0,0,0,0.000070,0.000013,"[0.01734857276482363, -0.5785068338660405, 0.027907814739389327, -0.2996904858599463, 0.01085594794740473, 0.20552997271485224, -0.47333329314086225]","[0.01733111947230369, -0.5784893805735206, 0.02790781473938933, -0.2996730325674264, 0.01085594794740473, 0.2055125194223323, -0.4732634799707824]","[0.38196024084557206, -0.014100559996957196, 0.572505450226984]","[0.381948, -0.014102, 0.572502]"
119,forward,5.950000,5.950929,0.000298,0.049403,2026-09-25T17:06:51.717775+00:00,2026-09-25T17:06:51.718392+00:00,0.000632,1790356011.714434,1790356011.700197,0,0,0,0.000070,0.000013,"[0.01734857276482363, -0.5785068338660405, 0.027907814739389324, -0.2996904858599463, 0.01085594794740473, 0.2055299727148522, -0.4733332931408622]","[0.01733111947230369, -0.5784893805735206, 0.02790781473938933, -0.2996730325674264, 0.01085594794740473, 0.2055125194223323, -0.4732634799707824]","[0.38196024084557206, -0.014100559996957196, 0.572505450226984]","[0.381948, -0.014102, 0.572502]"
120,forward,6.000000,6.000475,0.000189,0.049545,2026-09-25T17:06:51.767665+00:00,2026-09-25T17:06:51.767935+00:00,0.000286,1790356011.763819,1790356011.758823,0,0,0,0.000070,0.000013,"[0.01734857276482363, -0.5785068338660405, 0.027907814739389327, -0.2996904858599463, 0.010855947947404732, 0.20552997271485224, -0.47333329314086225]","[0.01733111947230369, -0.5784893805735206, 0.02790781473938933, -0.2996730325674264, 0.01085594794740473, 0.2055125194223323, -0.4732634799707824]","[0.38196024084557206, -0.014100559996957196, 0.572505450226984]","[0.381948, -0.014102, 0.572502]"
121,forward,6.050000,6.051727,0.000206,0.051252,2026-09-25T17:06:51.817684+00:00,2026-09-25T17:06:51.819190+00:00,0.001521,1790356011.813613,1790356011.802886,0,0,0,0.000070,0.000013,"[0.01734857276482363, -0.5785068338660405, 0.027907814739389327, -0.2996904858599463, 0.01085594794740473, 0.20552997271485224, -0.47333329314086225]","[0.01733111947230369, -0.5784893805735206, 0.02790781473938933, -0.2996730325674264, 0.01085594794740473, 0.2055125194223323, -0.4732634799707824]","[0.38196024084557206, -0.014100559996957196, 0.572505450226984]","[0.381948, -0.014102, 0.572502]"
122,forward,6.100000,6.100543,0.000171,0.048816,2026-09-25T17:06:51.867648+00:00,2026-09-25T17:06:51.868003+00:00,0.000372,1790356011.863821,1790356011.859603,0,0,0,0.000070,0.000013,"[0.01734857276482363, -0.5785068338660405, 0.027907814739389327, -0.2996904858599463, 0.01085594794740473, 0.20552997271485224, -0.47333329314086225]","[0.01733111947230369, -0.5784893805735206, 0.02790781473938933, -0.2996730325674264, 0.01085594794740473, 0.2055125194223323, -0.4732634799707824]","[0.38196024084557206, -0.014100559996957196, 0.572505450226984]","[0.381948, -0.014102, 0.572502]"
123,forward,6.150000,6.150776,0.000155,0.050233,2026-09-25T17:06:51.917642+00:00,2026-09-25T17:06:51.918237+00:00,0.000621,1790356011.913904,1790356011.899057,0,0,0,0.000070,0.000013,"[0.01734857276482363, -0.5785068338660405, 0.027907814739389327, -0.2996904858599463, 0.01085594794740473, 0.20552997271485224, -0.47333329314086225]","[0.01733111947230369, -0.5784893805735206, 0.02790781473938933, -0.2996730325674264, 0.01085594794740473, 0.2055125194223323, -0.4732634799707824]","[0.38196024084557206, -0.014100559996957196, 0.572505450226984]","[0.381948, -0.014102, 0.572502]"
124,forward,6.200000,6.201634,0.000286,0.050858,2026-09-25T17:06:51.967764+00:00,2026-09-25T17:06:51.969096+00:00,0.001347,1790356011.963935,1790356011.960893,0,0,0,0.000070,0.000013,"[0.01734857276482363, -0.5785068338660405, 0.027907814739389327, -0.2996904858599463, 0.010855947947404729, 0.20552997271485224, -0.47333329314086225]","[0.01733111947230369, -0.5784893805735206, 0.02790781473938933, -0.2996730325674264, 0.01085594794740473, 0.2055125194223323, -0.4732634799707824]","[0.38196024084557206, -0.014100559996957196, 0.572505450226984]","[0.381948, -0.014102, 0.572502]"
125,forward,6.250000,6.250618,0.000188,0.048984,2026-09-25T17:06:52.017665+00:00,2026-09-25T17:06:52.018079+00:00,0.000430,1790356012.014169,1790356011.999128,0,0,0,0.000070,0.000013,"[0.01734857276482363, -0.5785068338660405, 0.027907814739389327, -0.2996904858599463, 0.01085594794740473, 0.20552997271485224, -0.47333329314086225]","[0.01733111947230369, -0.5784893805735206, 0.02790781473938933, -0.2996730325674264, 0.01085594794740473, 0.2055125194223323, -0.4732634799707824]","[0.38196024084557206, -0.014100559996957196, 0.572505450226984]","[0.381948, -0.014102, 0.572502]"
126,forward,6.300000,6.301804,0.000382,0.051185,2026-09-25T17:06:52.067857+00:00,2026-09-25T17:06:52.069266+00:00,0.001422,1790356012.064553,1790356012.060774,0,0,0,0.000070,0.000013,"[0.01734857276482363, -0.5785068338660405, 0.027907814739389324, -0.2996904858599463, 0.01085594794740473, 0.20552997271485224, -0.47333329314086225]","[0.01733111947230369, -0.5784893805735206, 0.02790781473938933, -0.2996730325674264, 0.01085594794740473, 0.2055125194223323, -0.4732634799707824]","[0.38196024084557206, -0.014100559996957196, 0.572505450226984]","[0.381948, -0.014102, 0.572502]"
127,forward,6.350000,6.350814,0.000186,0.049010,2026-09-25T17:06:52.117664+00:00,2026-09-25T17:06:52.118276+00:00,0.000628,1790356012.112739,1790356012.099192,0,0,0,0.000070,0.000013,"[0.01734857276482363, -0.5785068338660405, 0.027907814739389327, -0.2996904858599463, 0.01085594794740473, 0.20552997271485224, -0.47333329314086225]","[0.01733111947230369, -0.5784893805735206, 0.02790781473938933, -0.2996730325674264, 0.01085594794740473, 0.2055125194223323, -0.4732634799707824]","[0.38196024084557206, -0.014100559996957196, 0.572505450226984]","[0.381948, -0.014102, 0.572502]"
128,forward,6.400000,6.400458,0.000148,0.049645,2026-09-25T17:06:52.167624+00:00,2026-09-25T17:06:52.167919+00:00,0.000310,1790356012.163728,1790356012.158891,0,0,0,0.000070,0.000013,"[0.01734857276482363, -0.5785068338660405, 0.027907814739389327, -0.2996904858599463, 0.01085594794740473, 0.20552997271485224, -0.47333329314086225]","[0.01733111947230369, -0.5784893805735206, 0.02790781473938933, -0.2996730325674264, 0.01085594794740473, 0.2055125194223323, -0.4732634799707824]","[0.38196024084557206, -0.014100559996957196, 0.572505450226984]","[0.381948, -0.014102, 0.572502]"
129,forward,6.450000,6.450698,0.000200,0.050239,2026-09-25T17:06:52.217678+00:00,2026-09-25T17:06:52.218158+00:00,0.000498,1790356012.213478,1790356012.200237,0,0,0,0.000070,0.000013,"[0.01734857276482363, -0.5785068338660405, 0.02790781473938933, -0.2996904858599463, 0.010855947947404732, 0.20552997271485224, -0.4733332931408623]","[0.01733111947230369, -0.5784893805735206, 0.02790781473938933, -0.2996730325674264, 0.01085594794740473, 0.2055125194223323, -0.4732634799707824]","[0.38196024084557206, -0.014100559996957196, 0.572505450226984]","[0.381948, -0.014102, 0.572502]"
130,forward,6.500000,6.500395,0.000145,0.049698,2026-09-25T17:06:52.267615+00:00,2026-09-25T17:06:52.267855+00:00,0.000251,1790356012.263466,1790356012.259594,0,0,0,0.000035,0.000013,"[0.01734857276482363, -0.5785068338660405, 0.027907814739389324, -0.2996904858599463, 0.01085594794740473, 0.20552997271485224, -0.47333329314086225]","[0.01733111947230369, -0.5784893805735206, 0.02790781473938933, -0.2996730325674264, 0.01085594794740473, 0.2055125194223323, -0.47329838655582235]","[0.38196024084557206, -0.014100559996957196, 0.572505450226984]","[0.381948, -0.014102, 0.572502]"
131,forward,6.550000,6.550717,0.000278,0.050321,2026-09-25T17:06:52.317756+00:00,2026-09-25T17:06:52.318177+00:00,0.000438,1790356012.313498,1790356012.300706,0,1,0,0.000035,0.000013,"[0.01734857276482363, -0.5785068338660405, 0.027907814739389324, -0.2996904858599463, 0.01085594794740473, 0.20552997271485224, -0.47333329314086225]","[0.01733111947230369, -0.5784893805735206, 0.02790781473938933, -0.2996730325674264, 0.01085594794740473, 0.2055125194223323, -0.47329838655582235]","[0.38196024084557206, -0.014100559996957196, 0.572505450226984]","[0.381948, -0.014102, 0.572502]"
132,forward,6.600000,6.601242,0.000179,0.050525,2026-09-25T17:06:52.367656+00:00,2026-09-25T17:06:52.368703+00:00,0.001063,1790356012.363706,1790356012.360758,0,0,0,0.000035,0.000013,"[0.01734857276482363, -0.5785068338660405, 0.027907814739389327, -0.2996904858599463, 0.01085594794740473, 0.20552997271485224, -0.47333329314086225]","[0.01733111947230369, -0.5784893805735206, 0.02790781473938933, -0.2996730325674264, 0.01085594794740473, 0.2055125194223323, -0.47329838655582235]","[0.38196024084557206, -0.014100559996957196, 0.572505450226984]","[0.381948, -0.014102, 0.572502]"
133,forward,6.650000,6.650711,0.000176,0.049469,2026-09-25T17:06:52.417653+00:00,2026-09-25T17:06:52.418172+00:00,0.000535,1790356012.413694,1790356012.399675,0,1,0,0.000035,0.000013,"[0.01734857276482363, -0.5785068338660405, 0.027907814739389327, -0.2996904858599463, 0.01085594794740473, 0.20552997271485224, -0.47333329314086225]","[0.01733111947230369, -0.5784893805735206, 0.02790781473938933, -0.2996730325674264, 0.01085594794740473, 0.2055125194223323, -0.47329838655582235]","[0.38196024084557206, -0.014100559996957196, 0.572505450226984]","[0.381948, -0.014102, 0.572502]"
134,forward,6.700000,6.700392,0.000103,0.049681,2026-09-25T17:06:52.467569+00:00,2026-09-25T17:06:52.467852+00:00,0.000289,1790356012.463851,1790356012.460776,0,0,0,0.000035,0.000013,"[0.01734857276482363, -0.5785068338660405, 0.027907814739389327, -0.2996904858599463, 0.01085594794740473, 0.20552997271485224, -0.47333329314086225]","[0.01733111947230369, -0.5784893805735206, 0.02790781473938933, -0.2996730325674264, 0.01085594794740473, 0.2055125194223323, -0.47329838655582235]","[0.38196024084557206, -0.014100559996957196, 0.572505450226984]","[0.381948, -0.014102, 0.572502]"
135,forward,6.750000,6.750674,0.000199,0.050281,2026-09-25T17:06:52.517678+00:00,2026-09-25T17:06:52.518141+00:00,0.000475,1790356012.513648,1790356012.502855,0,1,0,0.000035,0.000013,"[0.01734857276482363, -0.5785068338660405, 0.027907814739389327, -0.2996904858599463, 0.010855947947404729, 0.20552997271485224, -0.47333329314086225]","[0.01733111947230369, -0.5784893805735206, 0.02790781473938933, -0.2996730325674264, 0.01085594794740473, 0.2055125194223323, -0.47329838655582235]","[0.38196024084557206, -0.014100559996957196, 0.572505450226984]","[0.381948, -0.014102, 0.572502]"
136,forward,6.800000,6.801131,0.000183,0.050457,2026-09-25T17:06:52.567661+00:00,2026-09-25T17:06:52.568592+00:00,0.000948,1790356012.564353,1790356012.561324,0,0,0,0.000035,0.000013,"[0.01734857276482363, -0.5785068338660405, 0.027907814739389327, -0.2996904858599463, 0.01085594794740473, 0.20552997271485224, -0.47333329314086225]","[0.01733111947230369, -0.5784893805735206, 0.02790781473938933, -0.2996730325674264, 0.01085594794740473, 0.2055125194223323, -0.47329838655582235]","[0.38196024084557206, -0.014100559996957196, 0.572505450226984]","[0.381948, -0.014102, 0.572502]"
137,forward,6.850000,6.850680,0.000202,0.049549,2026-09-25T17:06:52.617681+00:00,2026-09-25T17:06:52.618141+00:00,0.000478,1790356012.613472,1790356012.598854,0,1,0,0.000035,0.000013,"[0.017348572764823628, -0.5785068338660405, 0.027907814739389327, -0.29969048585994623, 0.01085594794740473, 0.2055299727148522, -0.47333329314086225]","[0.01733111947230369, -0.5784893805735206, 0.02790781473938933, -0.2996730325674264, 0.01085594794740473, 0.2055125194223323, -0.47329838655582235]","[0.38196024084557206, -0.014100559996957198, 0.572505450226984]","[0.381948, -0.014102, 0.572502]"
138,forward,6.900000,6.900565,0.000196,0.049885,2026-09-25T17:06:52.667673+00:00,2026-09-25T17:06:52.668025+00:00,0.000368,1790356012.665817,1790356012.660463,0,0,0,0.000070,0.000013,"[0.01734857276482363, -0.5785068338660405, 0.027907814739389327, -0.2996904858599463, 0.01085594794740473, 0.20552997271485224, -0.47333329314086225]","[0.01733111947230369, -0.5784893805735206, 0.02790781473938933, -0.2996730325674264, 0.01085594794740473, 0.2055125194223323, -0.473403106310942]","[0.38196024084557206, -0.014100559996957196, 0.572505450226984]","[0.381948, -0.014102, 0.572502]"
139,forward,6.950000,6.950542,0.000158,0.049977,2026-09-25T17:06:52.717631+00:00,2026-09-25T17:06:52.718003+00:00,0.000384,1790356012.713050,1790356012.699604,0,1,0,0.000070,0.000013,"[0.01734857276482363, -0.5785068338660405, 0.027907814739389324, -0.2996904858599463, 0.01085594794740473, 0.20552997271485224, -0.47333329314086225]","[0.01733111947230369, -0.5784893805735206, 0.02790781473938933, -0.2996730325674264, 0.01085594794740473, 0.2055125194223323, -0.473403106310942]","[0.38196024084557206, -0.014100559996957196, 0.572505450226984]","[0.381948, -0.014102, 0.572502]"
140,forward,7.000000,7.000718,0.000166,0.050176,2026-09-25T17:06:52.767638+00:00,2026-09-25T17:06:52.768179+00:00,0.000551,1790356012.766463,1790356012.760467,0,0,0,0.000070,0.000013,"[0.01734857276482363, -0.5785068338660405, 0.027907814739389327, -0.2996904858599463, 0.01085594794740473, 0.20552997271485224, -0.47333329314086225]","[0.01733111947230369, -0.5784893805735206, 0.02790781473938933, -0.2996730325674264, 0.01085594794740473, 0.2055125194223323, -0.473403106310942]","[0.38196024084557206, -0.014100559996957196, 0.572505450226984]","[0.381948, -0.014102, 0.572502]"
141,forward,7.050000,7.050876,0.000195,0.050158,2026-09-25T17:06:52.817673+00:00,2026-09-25T17:06:52.818337+00:00,0.000681,1790356012.813295,1790356012.798340,0,1,0,0.000070,0.000013,"[0.017348572764823628, -0.5785068338660404, 0.027907814739389327, -0.2996904858599463, 0.010855947947404729, 0.20552997271485224, -0.47333329314086225]","[0.01733111947230369, -0.5784893805735206, 0.02790781473938933, -0.2996730325674264, 0.01085594794740473, 0.2055125194223323, -0.473403106310942]","[0.3819602408455718, -0.014100559996957203, 0.5725054502269842]","[0.381948, -0.014102, 0.572502]"
142,forward,7.100000,7.101027,0.000173,0.050152,2026-09-25T17:06:52.867652+00:00,2026-09-25T17:06:52.868489+00:00,0.000854,1790356012.863415,1790356012.858930,0,0,0,0.000070,0.000013,"[0.01734857276482363, -0.5785068338660405, 0.02790781473938933, -0.2996904858599463, 0.010855947947404732, 0.20552997271485224, -0.47333329314086225]","[0.01733111947230369, -0.5784893805735206, 0.02790781473938933, -0.2996730325674264, 0.01085594794740473, 0.2055125194223323, -0.473403106310942]","[0.38196024084557206, -0.014100559996957196, 0.572505450226984]","[0.381948, -0.014102, 0.572502]"
143,forward,7.150000,7.151149,0.000250,0.050122,2026-09-25T17:06:52.917727+00:00,2026-09-25T17:06:52.918610+00:00,0.000899,1790356012.913193,1790356012.898275,0,1,0,0.000070,0.000013,"[0.01734857276482363, -0.5785068338660405, 0.027907814739389327, -0.2996904858599463, 0.01085594794740473, 0.20552997271485224, -0.47333329314086225]","[0.01733111947230369, -0.5784893805735206, 0.02790781473938933, -0.2996730325674264, 0.01085594794740473, 0.2055125194223323, -0.473403106310942]","[0.38196024084557206, -0.014100559996957196, 0.572505450226984]","[0.381948, -0.014102, 0.572502]"
144,forward,7.200000,7.200913,0.000173,0.049763,2026-09-25T17:06:52.967648+00:00,2026-09-25T17:06:52.968374+00:00,0.000739,1790356012.963557,1790356012.958436,0,0,0,0.000070,0.000013,"[0.01734857276482363, -0.5785068338660405, 0.027907814739389327, -0.2996904858599463, 0.01085594794740473, 0.20552997271485224, -0.47333329314086225]","[0.01733111947230369, -0.5784893805735206, 0.02790781473938933, -0.2996730325674264, 0.01085594794740473, 0.2055125194223323, -0.473403106310942]","[0.38196024084557206, -0.014100559996957196, 0.572505450226984]","[0.381948, -0.014102, 0.572502]"
145,forward,7.250000,7.251317,0.000167,0.050404,2026-09-25T17:06:53.017643+00:00,2026-09-25T17:06:53.018778+00:00,0.001150,1790356013.013530,1790356012.998899,0,1,0,0.000070,0.000013,"[0.01734857276482363, -0.5785068338660405, 0.027907814739389327, -0.2996904858599463, 0.01085594794740473, 0.20552997271485224, -0.47333329314086225]","[0.01733111947230369, -0.5784893805735206, 0.02790781473938933, -0.2996730325674264, 0.01085594794740473, 0.2055125194223323, -0.473403106310942]","[0.38196024084557206, -0.014100559996957196, 0.572505450226984]","[0.381948, -0.014102, 0.572502]"
146,forward,7.300000,7.301851,0.000311,0.050535,2026-09-25T17:06:53.067791+00:00,2026-09-25T17:06:53.069314+00:00,0.001540,1790356013.064043,1790356013.058413,0,0,0,0.000070,0.000013,"[0.01734857276482363, -0.5785068338660405, 0.027907814739389327, -0.2996904858599463, 0.010855947947404732, 0.20552997271485227, -0.4733332931408623]","[0.01733111947230369, -0.5784893805735206, 0.02790781473938933, -0.2996730325674264, 0.01085594794740473, 0.2055125194223323, -0.473403106310942]","[0.38196024084557206, -0.014100559996957196, 0.572505450226984]","[0.381948, -0.014102, 0.572502]"
147,forward,7.350000,7.350691,0.000259,0.048840,2026-09-25T17:06:53.117732+00:00,2026-09-25T17:06:53.118152+00:00,0.000432,1790356013.113357,1790356013.099586,0,1,0,0.000070,0.000013,"[0.01734857276482363, -0.5785068338660405, 0.027907814739389327, -0.2996904858599463, 0.01085594794740473, 0.20552997271485224, -0.47333329314086225]","[0.01733111947230369, -0.5784893805735206, 0.02790781473938933, -0.2996730325674264, 0.01085594794740473, 0.2055125194223323, -0.473403106310942]","[0.38196024084557206, -0.014100559996957196, 0.572505450226984]","[0.381948, -0.014102, 0.572502]"
148,forward,7.400000,7.400836,0.000184,0.050145,2026-09-25T17:06:53.167661+00:00,2026-09-25T17:06:53.168296+00:00,0.000651,1790356013.167100,1790356013.158102,0,0,0,0.000070,0.000026,"[0.01734857276482363, -0.5785068338660405, 0.027907814739389324, -0.2996904858599463, 0.01085594794740473, 0.20552997271485224, -0.47333329314086225]","[0.017400932642383467, -0.5784893805735206, 0.02790781473938933, -0.2996730325674264, 0.01085594794740473, 0.2055125194223323, -0.473403106310942]","[0.38196024084557206, -0.014100559996957196, 0.572505450226984]","[0.381949, -0.014077, 0.572502]"
149,forward,7.450000,7.451032,0.000316,0.050196,2026-09-25T17:06:53.217795+00:00,2026-09-25T17:06:53.218493+00:00,0.000716,1790356013.213334,1790356013.200490,0,1,0,0.000070,0.000013,"[0.01734857276482363, -0.5785068338660405, 0.027907814739389327, -0.2996904858599463, 0.01085594794740473, 0.20552997271485224, -0.47333329314086225]","[0.01733111947230369, -0.5784893805735206, 0.02790781473938933, -0.2996730325674264, 0.01085594794740473, 0.2055125194223323, -0.473403106310942]","[0.38196024084557206, -0.014100559996957196, 0.572505450226984]","[0.381948, -0.0141, 0.572502]"
150,forward,7.500000,7.501441,0.000308,0.050409,2026-09-25T17:06:53.267788+00:00,2026-09-25T17:06:53.268904+00:00,0.001133,1790356013.264594,1790356013.258925,0,0,0,0.000070,0.000015,"[0.01734857276482363, -0.5785068338660405, 0.027907814739389327, -0.2996904858599463, 0.01085594794740473, 0.20552997271485224, -0.4733332931408622]","[0.017366026057343577, -0.5784893805735206, 0.02790781473938933, -0.2996730325674264, 0.01085594794740473, 0.2055125194223323, -0.473403106310942]","[0.38196024084557206, -0.014100559996957196, 0.572505450226984]","[0.381949, -0.014091, 0.572502]"
151,forward,7.550000,7.550743,0.000163,0.049302,2026-09-25T17:06:53.317641+00:00,2026-09-25T17:06:53.318203+00:00,0.000580,1790356013.313851,1790356013.297984,0,1,0,0.000070,0.000015,"[0.01734857276482363, -0.5785068338660405, 0.02790781473938933, -0.2996904858599463, 0.010855947947404732, 0.20552997271485224, -0.4733332931408623]","[0.017366026057343577, -0.5784893805735206, 0.02790781473938933, -0.2996730325674264, 0.01085594794740473, 0.2055125194223323, -0.473403106310942]","[0.38196024084557206, -0.014100559996957196, 0.572505450226984]","[0.381949, -0.014091, 0.572502]"
152,forward,7.600000,7.600845,0.000285,0.050102,2026-09-25T17:06:53.367763+00:00,2026-09-25T17:06:53.368307+00:00,0.000560,1790356013.365763,1790356013.360765,0,0,0,0.000035,0.000015,"[0.01734857276482363, -0.5785068338660405, 0.027907814739389324, -0.2996904858599463, 0.01085594794740473, 0.20552997271485224, -0.47333329314086225]","[0.017366026057343577, -0.5784893805735206, 0.02790781473938933, -0.2996730325674264, 0.01085594794740473, 0.2055125194223323, -0.47329838655582235]","[0.38196024084557206, -0.014100559996957196, 0.572505450226984]","[0.381949, -0.014091, 0.572502]"
153,forward,7.650000,7.650622,0.000185,0.049777,2026-09-25T17:06:53.417662+00:00,2026-09-25T17:06:53.418084+00:00,0.000437,1790356013.413603,1790356013.397961,0,1,0,0.000035,0.000015,"[0.01734857276482363, -0.5785068338660405, 0.027907814739389327, -0.2996904858599463, 0.01085594794740473, 0.20552997271485224, -0.47333329314086225]","[0.017366026057343577, -0.5784893805735206, 0.02790781473938933, -0.2996730325674264, 0.01085594794740473, 0.2055125194223323, -0.47329838655582235]","[0.38196024084557206, -0.014100559996957196, 0.572505450226984]","[0.381949, -0.014091, 0.572502]"
154,forward,7.700000,7.700948,0.000306,0.050325,2026-09-25T17:06:53.467784+00:00,2026-09-25T17:06:53.468410+00:00,0.000641,1790356013.465320,1790356013.458033,0,0,0,0.000035,0.000015,"[0.01734857276482363, -0.5785068338660405, 0.027907814739389327, -0.2996904858599463, 0.01085594794740473, 0.20552997271485224, -0.47333329314086225]","[0.017366026057343577, -0.5784893805735206, 0.02790781473938933, -0.2996730325674264, 0.01085594794740473, 0.2055125194223323, -0.47329838655582235]","[0.38196024084557206, -0.014100559996957196, 0.572505450226984]","[0.381949, -0.014091, 0.572502]"
155,forward,7.750000,7.751489,0.000206,0.050542,2026-09-25T17:06:53.517684+00:00,2026-09-25T17:06:53.518952+00:00,0.001284,1790356013.513226,1790356013.498892,0,1,0,0.000035,0.000015,"[0.01734857276482363, -0.5785068338660405, 0.027907814739389327, -0.2996904858599463, 0.01085594794740473, 0.20552997271485224, -0.47333329314086225]","[0.017366026057343577, -0.5784893805735206, 0.02790781473938933, -0.2996730325674264, 0.01085594794740473, 0.2055125194223323, -0.47329838655582235]","[0.38196024084557206, -0.014100559996957196, 0.572505450226984]","[0.381949, -0.014091, 0.572502]"
156,forward,7.800000,7.800590,0.000174,0.049100,2026-09-25T17:06:53.567651+00:00,2026-09-25T17:06:53.568050+00:00,0.000416,1790356013.564255,1790356013.557925,0,0,0,0.000035,0.000015,"[0.01734857276482363, -0.5785068338660405, 0.027907814739389327, -0.2996904858599463, 0.01085594794740473, 0.20552997271485224, -0.47333329314086225]","[0.017366026057343577, -0.5784893805735206, 0.02790781473938933, -0.2996730325674264, 0.01085594794740473, 0.2055125194223323, -0.47329838655582235]","[0.38196024084557206, -0.014100559996957196, 0.572505450226984]","[0.381949, -0.014091, 0.572502]"
157,forward,7.850000,7.850859,0.000211,0.050269,2026-09-25T17:06:53.617691+00:00,2026-09-25T17:06:53.618321+00:00,0.000648,1790356013.613103,1790356013.598001,0,1,0,0.000035,0.000015,"[0.01734857276482363, -0.5785068338660405, 0.027907814739389327, -0.2996904858599463, 0.01085594794740473, 0.20552997271485224, -0.47333329314086225]","[0.017366026057343577, -0.5784893805735206, 0.02790781473938933, -0.2996730325674264, 0.01085594794740473, 0.2055125194223323, -0.47329838655582235]","[0.38196024084557206, -0.014100559996957196, 0.572505450226984]","[0.381949, -0.014091, 0.572502]"
158,forward,7.900000,7.900953,0.000307,0.050095,2026-09-25T17:06:53.667786+00:00,2026-09-25T17:06:53.668416+00:00,0.000646,1790356013.663502,1790356013.657988,0,0,0,0.000035,0.000015,"[0.01734857276482363, -0.5785068338660405, 0.027907814739389327, -0.2996904858599463, 0.01085594794740473, 0.20552997271485224, -0.47333329314086225]","[0.017366026057343577, -0.5784893805735206, 0.02790781473938933, -0.2996730325674264, 0.01085594794740473, 0.2055125194223323, -0.47329838655582235]","[0.38196024084557206, -0.014100559996957196, 0.572505450226984]","[0.381949, -0.014091, 0.572502]"
159,forward,7.950000,7.950951,0.000160,0.049997,2026-09-25T17:06:53.717636+00:00,2026-09-25T17:06:53.718411+00:00,0.000791,1790356013.713220,1790356013.698021,0,1,0,0.000035,0.000015,"[0.01734857276482363, -0.5785068338660405, 0.027907814739389327, -0.2996904858599463, 0.01085594794740473, 0.2055299727148522, -0.47333329314086225]","[0.017366026057343577, -0.5784893805735206, 0.02790781473938933, -0.2996730325674264, 0.01085594794740473, 0.2055125194223323, -0.47329838655582235]","[0.38196024084557206, -0.014100559996957196, 0.572505450226984]","[0.381949, -0.014091, 0.572502]"
160,forward,8.000000,8.001473,0.000445,0.050522,2026-09-25T17:06:53.767923+00:00,2026-09-25T17:06:53.768935+00:00,0.001028,1790356013.763208,1790356013.758070,0,0,0,0.000122,0.000015,"[0.01734857276482363, -0.5785068338660405, 0.027907814739389324, -0.2996904858599463, 0.01085594794740473, 0.20552997271485224, -0.47333329314086225]","[0.017366026057343577, -0.5784893805735206, 0.02790781473938933, -0.2996730325674264, 0.010733774899765127, 0.2055125194223323, -0.47329838655582235]","[0.38196024084557206, -0.014100559996957196, 0.572505450226984]","[0.381949, -0.014091, 0.572502]"
161,forward,8.050000,8.050884,0.000206,0.049412,2026-09-25T17:06:53.817686+00:00,2026-09-25T17:06:53.818346+00:00,0.000678,1790356013.813009,1790356013.799351,0,1,0,0.000140,0.000016,"[0.01734857276482363, -0.5785068338660405, 0.027907814739389327, -0.2996904858599463, 0.01085594794740473, 0.20552997271485224, -0.47333329314086225]","[0.017366026057343577, -0.5784893805735206, 0.02790781473938933, -0.2996730325674264, 0.010716321607245184, 0.2055125194223323, -0.47329838655582235]","[0.38196024084557206, -0.014100559996957196, 0.572505450226984]","[0.381947, -0.014091, 0.572504]"
162,forward,8.100000,8.100978,0.000183,0.050094,2026-09-25T17:06:53.867661+00:00,2026-09-25T17:06:53.868440+00:00,0.000796,1790356013.863361,1790356013.857984,0,0,0,0.000035,0.000016,"[0.01734857276482363, -0.5785068338660405, 0.027907814739389327, -0.2996904858599463, 0.010855947947404732, 0.20552997271485224, -0.47333329314086225]","[0.017366026057343577, -0.5784893805735206, 0.02790781473938933, -0.2996730325674264, 0.010838494654884786, 0.2055125194223323, -0.47329838655582235]","[0.38196024084557206, -0.014100559996957196, 0.572505450226984]","[0.381948, -0.014091, 0.572502]"
163,forward,8.150000,8.151800,0.000210,0.050821,2026-09-25T17:06:53.917690+00:00,2026-09-25T17:06:53.919264+00:00,0.001589,1790356013.913092,1790356013.899491,0,1,0,0.000035,0.000016,"[0.01734857276482363, -0.5785068338660405, 0.027907814739389324, -0.2996904858599463, 0.01085594794740473, 0.2055299727148522, -0.4733332931408622]","[0.017366026057343577, -0.5784893805735206, 0.02790781473938933, -0.2996730325674264, 0.010838494654884786, 0.2055125194223323, -0.47329838655582235]","[0.38196024084557206, -0.014100559996957196, 0.572505450226984]","[0.381948, -0.014091, 0.572502]"
164,forward,8.200000,8.200941,0.000196,0.049141,2026-09-25T17:06:53.967673+00:00,2026-09-25T17:06:53.968402+00:00,0.000745,1790356013.963317,1790356013.959435,0,0,0,0.000035,0.000016,"[0.01734857276482363, -0.5785068338660405, 0.02790781473938933, -0.2996904858599463, 0.010855947947404732, 0.20552997271485224, -0.47333329314086225]","[0.017366026057343577, -0.5784893805735206, 0.02790781473938933, -0.2996730325674264, 0.010838494654884786, 0.2055125194223323, -0.47329838655582235]","[0.38196024084557206, -0.014100559996957196, 0.572505450226984]","[0.381948, -0.014091, 0.572502]"
165,forward,8.250000,8.251994,0.000261,0.051053,2026-09-25T17:06:54.017743+00:00,2026-09-25T17:06:54.019458+00:00,0.001733,1790356014.013150,1790356014.000088,0,0,0,0.000035,0.000016,"[0.01734857276482363, -0.5785068338660405, 0.027907814739389327, -0.2996904858599463, 0.01085594794740473, 0.20552997271485224, -0.47333329314086225]","[0.017366026057343577, -0.5784893805735206, 0.02790781473938933, -0.2996730325674264, 0.010838494654884786, 0.2055125194223323, -0.47329838655582235]","[0.38196024084557206, -0.014100559996957196, 0.572505450226984]","[0.381948, -0.014091, 0.572502]"
166,forward,8.300000,8.301718,0.000331,0.049724,2026-09-25T17:06:54.067811+00:00,2026-09-25T17:06:54.069182+00:00,0.001387,1790356014.063852,1790356014.059497,0,0,0,0.000035,0.000016,"[0.01734857276482363, -0.5785068338660405, 0.027907814739389327, -0.2996904858599463, 0.01085594794740473, 0.20552997271485224, -0.47333329314086225]","[0.017366026057343577, -0.5784893805735206, 0.02790781473938933, -0.2996730325674264, 0.010838494654884786, 0.2055125194223323, -0.47329838655582235]","[0.38196024084557206, -0.014100559996957196, 0.572505450226984]","[0.381948, -0.014091, 0.572502]"
167,forward,8.350000,8.351375,0.000403,0.049657,2026-09-25T17:06:54.117877+00:00,2026-09-25T17:06:54.118836+00:00,0.000972,1790356014.114302,1790356014.098886,0,1,0,0.000035,0.000016,"[0.01734857276482363, -0.5785068338660405, 0.027907814739389327, -0.2996904858599463, 0.01085594794740473, 0.20552997271485224, -0.47333329314086225]","[0.017366026057343577, -0.5784893805735206, 0.02790781473938933, -0.2996730325674264, 0.010838494654884786, 0.2055125194223323, -0.47329838655582235]","[0.38196024084557206, -0.014100559996957196, 0.572505450226984]","[0.381948, -0.014091, 0.572502]"
168,forward,8.400000,8.401139,0.000221,0.049764,2026-09-25T17:06:54.167700+00:00,2026-09-25T17:06:54.168600+00:00,0.000917,1790356014.163915,1790356014.157873,0,0,0,0.000035,0.000016,"[0.01734857276482363, -0.5785068338660405, 0.027907814739389327, -0.2996904858599463, 0.01085594794740473, 0.20552997271485224, -0.47333329314086225]","[0.017366026057343577, -0.5784893805735206, 0.02790781473938933, -0.2996730325674264, 0.010838494654884786, 0.2055125194223323, -0.47329838655582235]","[0.38196024084557206, -0.014100559996957196, 0.572505450226984]","[0.381948, -0.014091, 0.572502]"
169,forward,8.450000,8.451598,0.000260,0.050460,2026-09-25T17:06:54.217739+00:00,2026-09-25T17:06:54.219061+00:00,0.001338,1790356014.213280,1790356014.198821,0,0,0,0.000035,0.000016,"[0.01734857276482363, -0.5785068338660405, 0.027907814739389324, -0.2996904858599463, 0.01085594794740473, 0.20552997271485224, -0.47333329314086225]","[0.017366026057343577, -0.5784893805735206, 0.02790781473938933, -0.2996730325674264, 0.010838494654884786, 0.2055125194223323, -0.47329838655582235]","[0.38196024084557206, -0.014100559996957196, 0.572505450226984]","[0.381948, -0.014091, 0.572502]"
170,forward,8.500000,8.501493,0.000340,0.049895,2026-09-25T17:06:54.267819+00:00,2026-09-25T17:06:54.268955+00:00,0.001153,1790356014.263051,1790356014.257761,0,0,0,0.000035,0.000016,"[0.01734857276482363, -0.5785068338660405, 0.027907814739389327, -0.2996904858599463, 0.01085594794740473, 0.20552997271485224, -0.47333329314086225]","[0.017366026057343577, -0.5784893805735206, 0.02790781473938933, -0.2996730325674264, 0.010838494654884786, 0.2055125194223323, -0.47329838655582235]","[0.38196024084557206, -0.014100559996957196, 0.572505450226984]","[0.381948, -0.014091, 0.572502]"
171,forward,8.550000,8.551854,0.000225,0.050361,2026-09-25T17:06:54.317705+00:00,2026-09-25T17:06:54.319317+00:00,0.001628,1790356014.312951,1790356014.297709,0,0,0,0.000035,0.000016,"[0.01734857276482363, -0.5785068338660405, 0.027907814739389327, -0.2996904858599463, 0.01085594794740473, 0.20552997271485224, -0.47333329314086225]","[0.017366026057343577, -0.5784893805735206, 0.02790781473938933, -0.2996730325674264, 0.010838494654884786, 0.2055125194223323, -0.47329838655582235]","[0.38196024084557206, -0.014100559996957196, 0.572505450226984]","[0.381948, -0.014091, 0.572502]"
172,forward,8.600000,8.600955,0.000299,0.049102,2026-09-25T17:06:54.367780+00:00,2026-09-25T17:06:54.368417+00:00,0.000657,1790356014.362931,1790356014.357784,0,0,0,0.000035,0.000016,"[0.01734857276482363, -0.5785068338660405, 0.027907814739389327, -0.2996904858599463, 0.01085594794740473, 0.20552997271485224, -0.4733332931408622]","[0.017366026057343577, -0.5784893805735206, 0.02790781473938933, -0.2996730325674264, 0.010838494654884786, 0.2055125194223323, -0.47329838655582235]","[0.38196024084557206, -0.014100559996957196, 0.572505450226984]","[0.381948, -0.014091, 0.572502]"
173,forward,8.650000,8.650748,0.000296,0.049793,2026-09-25T17:06:54.417774+00:00,2026-09-25T17:06:54.418209+00:00,0.000452,1790356014.413287,1790356014.398729,0,0,0,0.000070,0.000023,"[0.01734857276482363, -0.5785068338660405, 0.02790781473938933, -0.2996904858599463, 0.010855947947404732, 0.20552997271485224, -0.4733332931408623]","[0.017278759594743863, -0.5784893805735206, 0.02790781473938933, -0.2996730325674264, 0.010838494654884786, 0.2055125194223323, -0.47329838655582235]","[0.38196024084557206, -0.014100559996957196, 0.572505450226984]","[0.381947, -0.014119, 0.572502]"
174,forward,8.700000,8.701372,0.000280,0.050624,2026-09-25T17:06:54.467760+00:00,2026-09-25T17:06:54.468835+00:00,0.001092,1790356014.462860,1790356014.457804,0,1,0,0.000052,0.000023,"[0.01734857276482363, -0.5785068338660405, 0.02790781473938933, -0.2996904858599463, 0.01085594794740473, 0.20552997271485224, -0.47333329314086225]","[0.017296212887263806, -0.5784893805735206, 0.02790781473938933, -0.2996730325674264, 0.010838494654884786, 0.2055125194223323, -0.47329838655582235]","[0.38196024084557206, -0.014100559996957196, 0.572505450226984]","[0.381947, -0.014119, 0.572502]"
175,forward,8.750000,8.751709,0.000358,0.050337,2026-09-25T17:06:54.517837+00:00,2026-09-25T17:06:54.519171+00:00,0.001351,1790356014.513080,1790356014.499311,0,0,0,0.000052,0.000023,"[0.01734857276482363, -0.5785068338660405, 0.027907814739389327, -0.2996904858599463, 0.01085594794740473, 0.20552997271485224, -0.47333329314086225]","[0.017296212887263806, -0.5784893805735206, 0.02790781473938933, -0.2996730325674264, 0.010838494654884786, 0.2055125194223323, -0.47329838655582235]","[0.38196024084557206, -0.014100559996957196, 0.572505450226984]","[0.381947, -0.014119, 0.572502]"
176,forward,8.800000,8.801288,0.000207,0.049579,2026-09-25T17:06:54.567684+00:00,2026-09-25T17:06:54.568751+00:00,0.001082,1790356014.562780,1790356014.557738,0,1,0,0.000052,0.000023,"[0.01734857276482363, -0.5785068338660405, 0.027907814739389327, -0.2996904858599463, 0.01085594794740473, 0.20552997271485224, -0.47333329314086225]","[0.017296212887263806, -0.5784893805735206, 0.02790781473938933, -0.2996730325674264, 0.010838494654884786, 0.2055125194223323, -0.47329838655582235]","[0.38196024084557206, -0.014100559996957196, 0.572505450226984]","[0.381947, -0.014119, 0.572502]"
177,forward,8.850000,8.851507,0.000292,0.050219,2026-09-25T17:06:54.617770+00:00,2026-09-25T17:06:54.618970+00:00,0.001216,1790356014.613680,1790356014.598807,0,0,0,0.000052,0.000023,"[0.01734857276482363, -0.5785068338660405, 0.027907814739389327, -0.2996904858599463, 0.01085594794740473, 0.20552997271485224, -0.47333329314086225]","[0.017296212887263806, -0.5784893805735206, 0.02790781473938933, -0.2996730325674264, 0.010838494654884786, 0.2055125194223323, -0.47329838655582235]","[0.38196024084557206, -0.014100559996957196, 0.572505450226984]","[0.381947, -0.014119, 0.572502]"
178,forward,8.900000,8.902328,0.000555,0.050821,2026-09-25T17:06:54.668033+00:00,2026-09-25T17:06:54.669790+00:00,0.001774,1790356014.662960,1790356014.658475,0,1,0,0.000052,0.000023,"[0.01734857276482363, -0.5785068338660405, 0.027907814739389327, -0.2996904858599463, 0.01085594794740473, 0.20552997271485224, -0.47333329314086225]","[0.017296212887263806, -0.5784893805735206, 0.02790781473938933, -0.2996730325674264, 0.010838494654884786, 0.2055125194223323, -0.47329838655582235]","[0.38196024084557206, -0.014100559996957196, 0.572505450226984]","[0.381947, -0.014119, 0.572502]"
179,forward,8.950000,8.951897,0.000223,0.049568,2026-09-25T17:06:54.717702+00:00,2026-09-25T17:06:54.719360+00:00,0.001673,1790356014.713746,1790356014.697806,0,0,0,0.000035,0.000016,"[0.01734857276482363, -0.5785068338660405, 0.027907814739389327, -0.2996904858599463, 0.01085594794740473, 0.20552997271485224, -0.47333329314086225]","[0.01731366617978375, -0.5784893805735206, 0.02790781473938933, -0.2996730325674264, 0.010838494654884786, 0.2055125194223323, -0.47329838655582235]","[0.38196024084557206, -0.014100559996957196, 0.572505450226984]","[0.381948, -0.01411, 0.572502]"
180,forward,9.000000,9.001420,0.000336,0.049523,2026-09-25T17:06:54.767816+00:00,2026-09-25T17:06:54.768882+00:00,0.001084,1790356014.763401,1790356014.759208,0,1,0,0.000035,0.000016,"[0.01734857276482363, -0.5785068338660405, 0.027907814739389327, -0.2996904858599463, 0.01085594794740473, 0.20552997271485224, -0.47333329314086225]","[0.01731366617978375, -0.5784893805735206, 0.02790781473938933, -0.2996730325674264, 0.010838494654884786, 0.2055125194223323, -0.47329838655582235]","[0.38196024084557206, -0.014100559996957196, 0.572505450226984]","[0.381948, -0.01411, 0.572502]"
181,forward,9.050000,9.051545,0.000205,0.050126,2026-09-25T17:06:54.817686+00:00,2026-09-25T17:06:54.819009+00:00,0.001340,1790356014.808751,1790356014.799529,0,0,0,0.000035,0.000016,"[0.01734857276482363, -0.5785068338660405, 0.027907814739389327, -0.2996904858599463, 0.01085594794740473, 0.2055299727148522, -0.47333329314086225]","[0.01731366617978375, -0.5784893805735206, 0.02790781473938933, -0.2996730325674264, 0.010838494654884786, 0.2055125194223323, -0.47329838655582235]","[0.38196024084557206, -0.014100559996957196, 0.572505450226984]","[0.381948, -0.01411, 0.572502]"
182,forward,9.100000,9.100910,0.000300,0.049365,2026-09-25T17:06:54.867781+00:00,2026-09-25T17:06:54.868374+00:00,0.000610,1790356014.861795,1790356014.858112,0,1,0,0.000035,0.000016,"[0.01734857276482363, -0.5785068338660405, 0.027907814739389324, -0.2996904858599463, 0.01085594794740473, 0.20552997271485224, -0.47333329314086225]","[0.01731366617978375, -0.5784893805735206, 0.02790781473938933, -0.2996730325674264, 0.010838494654884786, 0.2055125194223323, -0.47329838655582235]","[0.38196024084557206, -0.014100559996957196, 0.572505450226984]","[0.381948, -0.01411, 0.572502]"
183,forward,9.150000,9.151572,0.000343,0.050661,2026-09-25T17:06:54.917823+00:00,2026-09-25T17:06:54.919036+00:00,0.001228,1790356014.912857,1790356014.898618,0,0,0,0.000035,0.000016,"[0.01734857276482363, -0.5785068338660405, 0.027907814739389327, -0.2996904858599463, 0.01085594794740473, 0.20552997271485224, -0.47333329314086225]","[0.01731366617978375, -0.5784893805735206, 0.02790781473938933, -0.2996730325674264, 0.010838494654884786, 0.2055125194223323, -0.47329838655582235]","[0.38196024084557206, -0.014100559996957196, 0.572505450226984]","[0.381948, -0.01411, 0.572502]"
184,forward,9.200000,9.203107,0.000395,0.051536,2026-09-25T17:06:54.967875+00:00,2026-09-25T17:06:54.970571+00:00,0.002712,1790356014.962849,1790356014.959097,0,1,0,0.000035,0.000016,"[0.01734857276482363, -0.5785068338660405, 0.027907814739389327, -0.2996904858599463, 0.01085594794740473, 0.20552997271485224, -0.47333329314086225]","[0.01731366617978375, -0.5784893805735206, 0.02790781473938933, -0.2996730325674264, 0.010838494654884786, 0.2055125194223323, -0.47329838655582235]","[0.38196024084557206, -0.014100559996957196, 0.572505450226984]","[0.381948, -0.01411, 0.572502]"
185,forward,9.250000,9.252038,0.000225,0.048930,2026-09-25T17:06:55.017704+00:00,2026-09-25T17:06:55.019502+00:00,0.001813,1790356015.012836,1790356014.997724,0,0,0,0.000035,0.000016,"[0.01734857276482363, -0.5785068338660405, 0.027907814739389324, -0.2996904858599463, 0.01085594794740473, 0.2055299727148522, -0.4733332931408622]","[0.01731366617978375, -0.5784893805735206, 0.02790781473938933, -0.2996730325674264, 0.010838494654884786, 0.2055125194223323, -0.47329838655582235]","[0.38196024084557206, -0.014100559996957196, 0.572505450226984]","[0.381948, -0.01411, 0.572502]"
186,forward,9.300000,9.301404,0.000625,0.049366,2026-09-25T17:06:55.068106+00:00,2026-09-25T17:06:55.068867+00:00,0.000779,1790356015.067867,1790356015.057578,0,1,0,0.000035,0.000016,"[0.01734857276482363, -0.5785068338660405, 0.02790781473938933, -0.2996904858599463, 0.010855947947404732, 0.20552997271485224, -0.47333329314086225]","[0.017366026057343577, -0.5784893805735206, 0.02790781473938933, -0.2996730325674264, 0.010838494654884786, 0.2055125194223323, -0.47329838655582235]","[0.38196024084557206, -0.014100559996957196, 0.572505450226984]","[0.381948, -0.014091, 0.572502]"
187,forward,9.350000,9.351305,0.000209,0.049901,2026-09-25T17:06:55.117689+00:00,2026-09-25T17:06:55.118768+00:00,0.001096,1790356015.113299,1790356015.097761,0,0,0,0.000070,0.000016,"[0.01734857276482363, -0.5785068338660405, 0.027907814739389327, -0.2996904858599463, 0.01085594794740473, 0.20552997271485224, -0.47333329314086225]","[0.017366026057343577, -0.5784893805735206, 0.02790781473938933, -0.2996730325674264, 0.010838494654884786, 0.2055125194223323, -0.473403106310942]","[0.38196024084557206, -0.014100559996957196, 0.572505450226984]","[0.381948, -0.014091, 0.572502]"
188,forward,9.400000,9.401566,0.000550,0.050261,2026-09-25T17:06:55.168026+00:00,2026-09-25T17:06:55.169029+00:00,0.001016,1790356015.162888,1790356015.157490,0,1,0,0.000070,0.000016,"[0.01734857276482363, -0.5785068338660405, 0.027907814739389327, -0.2996904858599463, 0.01085594794740473, 0.20552997271485224, -0.47333329314086225]","[0.017366026057343577, -0.5784893805735206, 0.02790781473938933, -0.2996730325674264, 0.010838494654884786, 0.2055125194223323, -0.473403106310942]","[0.38196024084557206, -0.014100559996957196, 0.572505450226984]","[0.381948, -0.014091, 0.572502]"
189,forward,9.450000,9.451459,0.000275,0.049893,2026-09-25T17:06:55.217756+00:00,2026-09-25T17:06:55.218923+00:00,0.001184,1790356015.214104,1790356015.217499,0,0,0,0.000070,0.000016,"[0.01734857276482363, -0.5785068338660405, 0.027907814739389327, -0.2996904858599463, 0.01085594794740473, 0.20552997271485224, -0.47333329314086225]","[0.017366026057343577, -0.5784893805735206, 0.02790781473938933, -0.2996730325674264, 0.010838494654884786, 0.2055125194223323, -0.473403106310942]","[0.38196024084557206, -0.014100559996957196, 0.572505450226984]","[0.381948, -0.014091, 0.572502]"
190,forward,9.500000,9.501320,0.000312,0.049860,2026-09-25T17:06:55.267793+00:00,2026-09-25T17:06:55.268782+00:00,0.001008,1790356015.262868,1790356015.258726,0,1,0,0.000070,0.000016,"[0.01734857276482363, -0.5785068338660405, 0.027907814739389327, -0.2996904858599463, 0.010855947947404729, 0.20552997271485224, -0.47333329314086225]","[0.017366026057343577, -0.5784893805735206, 0.02790781473938933, -0.2996730325674264, 0.010838494654884786, 0.2055125194223323, -0.473403106310942]","[0.38196024084557206, -0.014100559996957196, 0.572505450226984]","[0.381948, -0.014091, 0.572502]"
191,forward,9.550000,9.551339,0.000313,0.050019,2026-09-25T17:06:55.317792+00:00,2026-09-25T17:06:55.318801+00:00,0.001026,1790356015.313854,1790356015.299257,0,0,0,0.000070,0.000016,"[0.01734857276482363, -0.5785068338660405, 0.027907814739389327, -0.2996904858599463, 0.01085594794740473, 0.20552997271485224, -0.47333329314086225]","[0.017366026057343577, -0.5784893805735206, 0.02790781473938933, -0.2996730325674264, 0.010838494654884786, 0.2055125194223323, -0.473403106310942]","[0.38196024084557206, -0.014100559996957196, 0.572505450226984]","[0.381948, -0.014091, 0.572502]"
192,forward,9.600000,9.601401,0.000778,0.050062,2026-09-25T17:06:55.368258+00:00,2026-09-25T17:06:55.368865+00:00,0.000623,1790356015.367796,1790356015.357800,0,1,0,0.000070,0.000016,"[0.01734857276482363, -0.5785068338660405, 0.027907814739389327, -0.2996904858599463, 0.010855947947404732, 0.20552997271485224, -0.47333329314086225]","[0.017366026057343577, -0.5784893805735206, 0.02790781473938933, -0.2996730325674264, 0.010838494654884786, 0.2055125194223323, -0.473403106310942]","[0.38196024084557206, -0.014100559996957196, 0.572505450226984]","[0.381948, -0.014091, 0.572502]"
193,forward,9.650000,9.652019,0.000786,0.050618,2026-09-25T17:06:55.418265+00:00,2026-09-25T17:06:55.419481+00:00,0.001233,1790356015.417742,1790356015.399349,0,0,0,0.000070,0.000016,"[0.01734857276482363, -0.5785068338660405, 0.027907814739389327, -0.2996904858599463, 0.01085594794740473, 0.20552997271485224, -0.47333329314086225]","[0.017366026057343577, -0.5784893805735206, 0.02790781473938933, -0.2996730325674264, 0.010838494654884786, 0.2055125194223323, -0.473403106310942]","[0.38196024084557206, -0.014100559996957196, 0.572505450226984]","[0.381948, -0.014091, 0.572502]"
194,forward,9.700000,9.701014,0.000287,0.048995,2026-09-25T17:06:55.467764+00:00,2026-09-25T17:06:55.468477+00:00,0.000728,1790356015.463995,1790356015.461047,0,1,0,0.000070,0.000016,"[0.01734857276482363, -0.5785068338660405, 0.027907814739389327, -0.2996904858599463, 0.01085594794740473, 0.20552997271485224, -0.47333329314086225]","[0.017366026057343577, -0.5784893805735206, 0.02790781473938933, -0.2996730325674264, 0.010838494654884786, 0.2055125194223323, -0.473403106310942]","[0.38196024084557206, -0.014100559996957196, 0.572505450226984]","[0.381948, -0.014091, 0.572502]"
195,forward,9.750000,9.751174,0.000226,0.050160,2026-09-25T17:06:55.517707+00:00,2026-09-25T17:06:55.518636+00:00,0.000948,1790356015.513165,1790356015.497522,0,0,0,0.000070,0.000016,"[0.01734857276482363, -0.5785068338660405, 0.027907814739389327, -0.2996904858599463, 0.01085594794740473, 0.20552997271485224, -0.47333329314086225]","[0.017366026057343577, -0.5784893805735206, 0.02790781473938933, -0.2996730325674264, 0.010838494654884786, 0.2055125194223323, -0.473403106310942]","[0.38196024084557206, -0.014100559996957196, 0.572505450226984]","[0.381948, -0.014091, 0.572502]"
196,forward,9.800000,9.801024,0.000228,0.049850,2026-09-25T17:06:55.567709+00:00,2026-09-25T17:06:55.568488+00:00,0.000796,1790356015.563354,1790356015.559111,0,1,0,0.000070,0.000016,"[0.01734857276482363, -0.5785068338660405, 0.027907814739389327, -0.2996904858599463, 0.01085594794740473, 0.20552997271485224, -0.47333329314086225]","[0.017366026057343577, -0.5784893805735206, 0.02790781473938933, -0.2996730325674264, 0.010838494654884786, 0.2055125194223323, -0.473403106310942]","[0.38196024084557206, -0.014100559996957196, 0.572505450226984]","[0.381948, -0.014091, 0.572502]"
197,forward,9.850000,9.851270,0.000313,0.050247,2026-09-25T17:06:55.617794+00:00,2026-09-25T17:06:55.618734+00:00,0.000957,1790356015.612185,1790356015.597411,0,0,0,0.000070,0.000016,"[0.01734857276482363, -0.5785068338660405, 0.027907814739389324, -0.2996904858599463, 0.01085594794740473, 0.20552997271485224, -0.47333329314086225]","[0.017366026057343577, -0.5784893805735206, 0.02790781473938933, -0.2996730325674264, 0.010838494654884786, 0.2055125194223323, -0.473403106310942]","[0.38196024084557206, -0.014100559996957196, 0.572505450226984]","[0.381948, -0.014091, 0.572502]"
198,forward,9.900000,9.900969,0.000292,0.049698,2026-09-25T17:06:55.667772+00:00,2026-09-25T17:06:55.668431+00:00,0.000677,1790356015.661957,1790356015.657486,0,1,0,0.000070,0.000016,"[0.01734857276482363, -0.5785068338660405, 0.027907814739389327, -0.2996904858599463, 0.01085594794740473, 0.20552997271485224, -0.47333329314086225]","[0.017366026057343577, -0.5784893805735206, 0.02790781473938933, -0.2996730325674264, 0.010838494654884786, 0.2055125194223323, -0.473403106310942]","[0.38196024084557206, -0.014100559996957196, 0.572505450226984]","[0.381948, -0.014091, 0.572502]"
199,forward,9.950000,9.951523,0.000226,0.050554,2026-09-25T17:06:55.717706+00:00,2026-09-25T17:06:55.718986+00:00,0.001297,1790356015.716767,1790356015.697432,0,0,0,0.000070,0.000016,"[0.017348572764823635, -0.5785068338660405, 0.02790781473938933, -0.29969048585994634, 0.01085594794740473, 0.20552997271485224, -0.4733332931408623]","[0.017366026057343577, -0.5784893805735206, 0.02790781473938933, -0.2996730325674264, 0.010838494654884786, 0.2055125194223323, -0.473403106310942]","[0.3819602408455722, -0.014100559996957189, 0.5725054502269838]","[0.381948, -0.014091, 0.572502]"
200,forward,10.000000,10.001649,0.000262,0.050126,2026-09-25T17:06:55.767743+00:00,2026-09-25T17:06:55.769112+00:00,0.001387,1790356015.762754,1790356015.757904,0,1,0,0.000070,0.000016,"[0.01734857276482363, -0.5785068338660405, 0.027907814739389327, -0.2996904858599463, 0.01085594794740473, 0.20552997271485224, -0.47333329314086225]","[0.017366026057343577, -0.5784893805735206, 0.02790781473938933, -0.2996730325674264, 0.010838494654884786, 0.2055125194223323, -0.473403106310942]","[0.38196024084557206, -0.014100559996957196, 0.572505450226984]","[0.381948, -0.014091, 0.572502]"
201,forward,10.050000,10.051773,0.000227,0.050124,2026-09-25T17:06:55.817708+00:00,2026-09-25T17:06:55.819237+00:00,0.001545,1790356015.812784,1790356015.797455,0,0,0,0.000052,0.000019,"[0.01734857276482363, -0.5785068338660405, 0.027907814739389327, -0.2996904858599463, 0.01085594794740473, 0.20552997271485224, -0.47333329314086225]","[0.017296212887263806, -0.5784893805735206, 0.02790781473938933, -0.2996730325674264, 0.010838494654884786, 0.2055125194223323, -0.4733332931408622]","[0.38196024084557206, -0.014100559996957196, 0.572505450226984]","[0.381948, -0.014114, 0.572502]"
202,forward,10.100000,10.100823,0.000354,0.049050,2026-09-25T17:06:55.867835+00:00,2026-09-25T17:06:55.868284+00:00,0.000468,1790356015.867525,1790356015.857598,0,1,0,0.000052,0.000019,"[0.01734857276482363, -0.5785068338660405, 0.027907814739389327, -0.2996904858599463, 0.01085594794740473, 0.20552997271485224, -0.47333329314086225]","[0.017296212887263806, -0.5784893805735206, 0.02790781473938933, -0.2996730325674264, 0.010838494654884786, 0.2055125194223323, -0.4733332931408622]","[0.38196024084557206, -0.014100559996957196, 0.572505450226984]","[0.381948, -0.014114, 0.572502]"
203,forward,10.150000,10.152052,0.000243,0.051229,2026-09-25T17:06:55.917723+00:00,2026-09-25T17:06:55.919515+00:00,0.001810,1790356015.912760,1790356015.897532,0,0,0,0.000052,0.000019,"[0.01734857276482363, -0.5785068338660405, 0.027907814739389327, -0.2996904858599463, 0.01085594794740473, 0.2055299727148522, -0.47333329314086225]","[0.017296212887263806, -0.5784893805735206, 0.02790781473938933, -0.2996730325674264, 0.010838494654884786, 0.2055125194223323, -0.4733332931408622]","[0.38196024084557206, -0.014100559996957196, 0.572505450226984]","[0.381948, -0.014114, 0.572502]"
204,forward,10.200000,10.201489,0.000318,0.049437,2026-09-25T17:06:55.967797+00:00,2026-09-25T17:06:55.968954+00:00,0.001171,1790356015.962621,1790356015.958084,0,1,0,0.000052,0.000019,"[0.01734857276482363, -0.5785068338660405, 0.02790781473938933, -0.2996904858599463, 0.010855947947404729, 0.20552997271485224, -0.47333329314086225]","[0.017296212887263806, -0.5784893805735206, 0.02790781473938933, -0.2996730325674264, 0.010838494654884786, 0.2055125194223323, -0.4733332931408622]","[0.38196024084557206, -0.014100559996957196, 0.572505450226984]","[0.381948, -0.014114, 0.572502]"
205,forward,10.250000,10.251961,0.000343,0.050472,2026-09-25T17:06:56.017823+00:00,2026-09-25T17:06:56.019425+00:00,0.001618,1790356016.012651,1790356016.017489,0,0,0,0.000052,0.000019,"[0.01734857276482363, -0.5785068338660405, 0.02790781473938933, -0.2996904858599463, 0.01085594794740473, 0.20552997271485224, -0.47333329314086225]","[0.017296212887263806, -0.5784893805735206, 0.02790781473938933, -0.2996730325674264, 0.010838494654884786, 0.2055125194223323, -0.4733332931408622]","[0.38196024084557206, -0.014100559996957196, 0.572505450226984]","[0.381948, -0.014114, 0.572502]"
206,forward,10.300000,10.301256,0.000239,0.049295,2026-09-25T17:06:56.067716+00:00,2026-09-25T17:06:56.068719+00:00,0.001017,1790356016.062833,1790356016.057597,0,1,0,0.000052,0.000019,"[0.01734857276482363, -0.5785068338660405, 0.027907814739389327, -0.2996904858599463, 0.01085594794740473, 0.20552997271485224, -0.47333329314086225]","[0.017296212887263806, -0.5784893805735206, 0.02790781473938933, -0.2996730325674264, 0.010838494654884786, 0.2055125194223323, -0.4733332931408622]","[0.38196024084557206, -0.014100559996957196, 0.572505450226984]","[0.381948, -0.014114, 0.572502]"
207,forward,10.350000,10.351615,0.000303,0.050359,2026-09-25T17:06:56.117784+00:00,2026-09-25T17:06:56.119078+00:00,0.001312,1790356016.112628,1790356016.100471,0,0,0,0.000052,0.000019,"[0.01734857276482363, -0.5785068338660405, 0.02790781473938933, -0.2996904858599463, 0.01085594794740473, 0.20552997271485227, -0.47333329314086225]","[0.017296212887263806, -0.5784893805735206, 0.02790781473938933, -0.2996730325674264, 0.010838494654884786, 0.2055125194223323, -0.4733332931408622]","[0.38196024084557206, -0.014100559996957196, 0.572505450226984]","[0.381948, -0.014114, 0.572502]"
208,forward,10.400000,10.401207,0.000329,0.049592,2026-09-25T17:06:56.167812+00:00,2026-09-25T17:06:56.168670+00:00,0.000878,1790356016.162703,1790356016.157813,0,1,0,0.000052,0.000019,"[0.01734857276482363, -0.5785068338660406, 0.02790781473938933, -0.2996904858599463, 0.01085594794740473, 0.20552997271485224, -0.4733332931408623]","[0.017296212887263806, -0.5784893805735206, 0.02790781473938933, -0.2996730325674264, 0.010838494654884786, 0.2055125194223323, -0.4733332931408622]","[0.38196024084557206, -0.014100559996957196, 0.572505450226984]","[0.381948, -0.014114, 0.572502]"
209,forward,10.450000,10.452232,0.000457,0.051024,2026-09-25T17:06:56.217934+00:00,2026-09-25T17:06:56.219694+00:00,0.001774,1790356016.212605,1790356016.199693,0,0,0,0.000052,0.000019,"[0.01734857276482363, -0.5785068338660405, 0.027907814739389327, -0.2996904858599463, 0.01085594794740473, 0.20552997271485224, -0.47333329314086225]","[0.017296212887263806, -0.5784893805735206, 0.02790781473938933, -0.2996730325674264, 0.010838494654884786, 0.2055125194223323, -0.4733332931408622]","[0.38196024084557206, -0.014100559996957196, 0.572505450226984]","[0.381948, -0.014114, 0.572502]"
210,forward,10.500000,10.500964,0.000490,0.048732,2026-09-25T17:06:56.267971+00:00,2026-09-25T17:06:56.268426+00:00,0.000474,1790356016.267656,1790356016.259549,0,1,0,0.000017,0.000013,"[0.01734857276482363, -0.5785068338660405, 0.027907814739389327, -0.2996904858599463, 0.01085594794740473, 0.20552997271485224, -0.47333329314086225]","[0.01733111947230369, -0.5784893805735206, 0.02790781473938933, -0.2996730325674264, 0.010838494654884786, 0.2055125194223323, -0.4733332931408622]","[0.38196024084557206, -0.014100559996957196, 0.572505450226984]","[0.381948, -0.0141, 0.572502]"
211,forward,10.550000,10.551739,0.000215,0.050775,2026-09-25T17:06:56.317695+00:00,2026-09-25T17:06:56.319203+00:00,0.001524,1790356016.312779,1790356016.298273,0,0,0,0.000017,0.000013,"[0.01734857276482363, -0.5785068338660405, 0.027907814739389327, -0.2996904858599463, 0.01085594794740473, 0.20552997271485224, -0.47333329314086225]","[0.01733111947230369, -0.5784893805735206, 0.02790781473938933, -0.2996730325674264, 0.010838494654884786, 0.2055125194223323, -0.4733332931408622]","[0.38196024084557206, -0.014100559996957196, 0.572505450226984]","[0.381948, -0.0141, 0.572502]"
212,forward,10.600000,10.601338,0.000250,0.049599,2026-09-25T17:06:56.367729+00:00,2026-09-25T17:06:56.368800+00:00,0.001088,1790356016.361971,1790356016.359370,0,1,0,0.000017,0.000013,"[0.01734857276482363, -0.5785068338660405, 0.027907814739389327, -0.2996904858599463, 0.010855947947404732, 0.20552997271485224, -0.47333329314086225]","[0.01733111947230369, -0.5784893805735206, 0.02790781473938933, -0.2996730325674264, 0.010838494654884786, 0.2055125194223323, -0.4733332931408622]","[0.38196024084557206, -0.014100559996957196, 0.572505450226984]","[0.381948, -0.0141, 0.572502]"
213,forward,10.650000,10.650941,0.000222,0.049603,2026-09-25T17:06:56.417702+00:00,2026-09-25T17:06:56.418404+00:00,0.000719,1790356016.411918,1790356016.399780,0,1,0,0.000017,0.000013,"[0.01734857276482363, -0.5785068338660405, 0.02790781473938933, -0.2996904858599463, 0.01085594794740473, 0.20552997271485224, -0.47333329314086225]","[0.01733111947230369, -0.5784893805735206, 0.02790781473938933, -0.2996730325674264, 0.010838494654884786, 0.2055125194223323, -0.4733332931408622]","[0.38196024084557206, -0.014100559996957196, 0.572505450226984]","[0.381948, -0.0141, 0.572502]"
214,forward,10.700000,10.701890,0.000347,0.050949,2026-09-25T17:06:56.467826+00:00,2026-09-25T17:06:56.469352+00:00,0.001543,1790356016.464482,1790356016.460051,0,0,0,0.000017,0.000013,"[0.01734857276482363, -0.5785068338660405, 0.027907814739389327, -0.2996904858599463, 0.010855947947404732, 0.20552997271485224, -0.47333329314086225]","[0.01733111947230369, -0.5784893805735206, 0.02790781473938933, -0.2996730325674264, 0.010838494654884786, 0.2055125194223323, -0.4733332931408622]","[0.38196024084557206, -0.014100559996957196, 0.572505450226984]","[0.381948, -0.0141, 0.572502]"
215,forward,10.750000,10.751602,0.000208,0.049712,2026-09-25T17:06:56.517689+00:00,2026-09-25T17:06:56.519065+00:00,0.001394,1790356016.512732,1790356016.499540,0,1,0,0.000017,0.000013,"[0.01734857276482363, -0.5785068338660405, 0.027907814739389327, -0.2996904858599463, 0.01085594794740473, 0.20552997271485224, -0.47333329314086225]","[0.01733111947230369, -0.5784893805735206, 0.02790781473938933, -0.2996730325674264, 0.010838494654884786, 0.2055125194223323, -0.4733332931408622]","[0.38196024084557206, -0.014100559996957196, 0.572505450226984]","[0.381948, -0.0141, 0.572502]"
216,forward,10.800000,10.800701,0.000373,0.049099,2026-09-25T17:06:56.567850+00:00,2026-09-25T17:06:56.568162+00:00,0.000328,1790356016.567479,1790356016.557731,0,0,0,0.000017,0.000013,"[0.017348572764823635, -0.5785068338660405, 0.027907814739389327, -0.2996904858599463, 0.010855947947404732, 0.20552997271485224, -0.47333329314086225]","[0.01733111947230369, -0.5784893805735206, 0.02790781473938933, -0.2996730325674264, 0.010838494654884786, 0.2055125194223323, -0.4733332931408622]","[0.38196024084557206, -0.014100559996957194, 0.572505450226984]","[0.381948, -0.0141, 0.572502]"
217,forward,10.850000,10.850918,0.000156,0.050217,2026-09-25T17:06:56.617631+00:00,2026-09-25T17:06:56.618380+00:00,0.000762,1790356016.612600,1790356016.617272,0,1,0,0.000017,0.000013,"[0.01734857276482363, -0.5785068338660405, 0.027907814739389327, -0.2996904858599463, 0.01085594794740473, 0.20552997271485224, -0.47333329314086225]","[0.01733111947230369, -0.5784893805735206, 0.02790781473938933, -0.2996730325674264, 0.010838494654884786, 0.2055125194223323, -0.4733332931408622]","[0.38196024084557206, -0.014100559996957196, 0.572505450226984]","[0.381948, -0.0141, 0.572502]"
218,forward,10.900000,10.900518,0.000171,0.049600,2026-09-25T17:06:56.667648+00:00,2026-09-25T17:06:56.667979+00:00,0.000347,1790356016.667356,1790356016.657774,0,0,0,0.000017,0.000013,"[0.01734857276482363, -0.5785068338660405, 0.02790781473938933, -0.2996904858599463, 0.01085594794740473, 0.20552997271485224, -0.47333329314086225]","[0.01733111947230369, -0.5784893805735206, 0.02790781473938933, -0.2996730325674264, 0.010838494654884786, 0.2055125194223323, -0.4733332931408622]","[0.38196024084557206, -0.014100559996957196, 0.572505450226984]","[0.381948, -0.0141, 0.572502]"
219,forward,10.950000,10.951079,0.000168,0.050561,2026-09-25T17:06:56.717645+00:00,2026-09-25T17:06:56.718540+00:00,0.000911,1790356016.712762,1790356016.717394,0,1,0,0.000017,0.000013,"[0.01734857276482363, -0.5785068338660405, 0.027907814739389327, -0.2996904858599463, 0.01085594794740473, 0.20552997271485224, -0.47333329314086225]","[0.01733111947230369, -0.5784893805735206, 0.02790781473938933, -0.2996730325674264, 0.010838494654884786, 0.2055125194223323, -0.4733332931408622]","[0.38196024084557206, -0.014100559996957196, 0.572505450226984]","[0.381948, -0.0141, 0.572502]"
220,forward,11.000000,11.000685,0.000296,0.049606,2026-09-25T17:06:56.767776+00:00,2026-09-25T17:06:56.768146+00:00,0.000389,1790356016.767277,1790356016.757318,0,0,0,0.000017,0.000013,"[0.01734857276482363, -0.5785068338660405, 0.027907814739389327, -0.2996904858599463, 0.01085594794740473, 0.20552997271485224, -0.47333329314086225]","[0.01733111947230369, -0.5784893805735206, 0.02790781473938933, -0.2996730325674264, 0.010838494654884786, 0.2055125194223323, -0.4733332931408622]","[0.38196024084557206, -0.014100559996957196, 0.572505450226984]","[0.381948, -0.0141, 0.572502]"
221,forward,11.050000,11.051203,0.000305,0.050518,2026-09-25T17:06:56.817786+00:00,2026-09-25T17:06:56.818665+00:00,0.000898,1790356016.812469,1790356016.798934,0,1,0,0.000017,0.000013,"[0.01734857276482363, -0.5785068338660405, 0.02790781473938933, -0.2996904858599463, 0.010855947947404732, 0.20552997271485224, -0.47333329314086225]","[0.01733111947230369, -0.5784893805735206, 0.02790781473938933, -0.2996730325674264, 0.010838494654884786, 0.2055125194223323, -0.4733332931408622]","[0.38196024084557206, -0.014100559996957196, 0.572505450226984]","[0.381948, -0.0141, 0.572502]"
222,forward,11.100000,11.101424,0.000302,0.050221,2026-09-25T17:06:56.867781+00:00,2026-09-25T17:06:56.868887+00:00,0.001122,1790356016.865186,1790356016.861771,0,0,0,0.000017,0.000013,"[0.01734857276482363, -0.5785068338660405, 0.027907814739389327, -0.2996904858599463, 0.01085594794740473, 0.20552997271485224, -0.47333329314086225]","[0.01733111947230369, -0.5784893805735206, 0.02790781473938933, -0.2996730325674264, 0.010838494654884786, 0.2055125194223323, -0.4733332931408622]","[0.38196024084557206, -0.014100559996957196, 0.572505450226984]","[0.381948, -0.0141, 0.572502]"
223,forward,11.150000,11.151283,0.000211,0.049859,2026-09-25T17:06:56.917692+00:00,2026-09-25T17:06:56.918746+00:00,0.001071,1790356016.915088,1790356016.899007,0,1,0,0.000017,0.000013,"[0.01734857276482363, -0.5785068338660405, 0.027907814739389327, -0.2996904858599463, 0.01085594794740473, 0.20552997271485224, -0.47333329314086225]","[0.01733111947230369, -0.5784893805735206, 0.02790781473938933, -0.2996730325674264, 0.010838494654884786, 0.2055125194223323, -0.4733332931408622]","[0.38196024084557206, -0.014100559996957196, 0.572505450226984]","[0.381948, -0.0141, 0.572502]"
224,forward,11.200000,11.201085,0.000297,0.049803,2026-09-25T17:06:56.967774+00:00,2026-09-25T17:06:56.968547+00:00,0.000789,1790356016.963476,1790356016.958108,0,0,0,0.000017,0.000013,"[0.01734857276482363, -0.5785068338660405, 0.027907814739389327, -0.2996904858599463, 0.01085594794740473, 0.20552997271485224, -0.47333329314086225]","[0.01733111947230369, -0.5784893805735206, 0.02790781473938933, -0.2996730325674264, 0.010838494654884786, 0.2055125194223323, -0.4733332931408622]","[0.38196024084557206, -0.014100559996957196, 0.572505450226984]","[0.381948, -0.0141, 0.572502]"
225,forward,11.250000,11.251666,0.000223,0.050580,2026-09-25T17:06:57.017701+00:00,2026-09-25T17:06:57.019128+00:00,0.001443,1790356017.016648,1790356016.997263,0,1,0,0.000017,0.000013,"[0.01734857276482363, -0.5785068338660405, 0.027907814739389327, -0.29969048585994623, 0.010855947947404729, 0.2055299727148522, -0.47333329314086225]","[0.01733111947230369, -0.5784893805735206, 0.02790781473938933, -0.2996730325674264, 0.010838494654884786, 0.2055125194223323, -0.4733332931408622]","[0.38196024084557206, -0.014100559996957196, 0.572505450226984]","[0.381948, -0.0141, 0.572502]"
226,forward,11.300000,11.301359,0.000827,0.049694,2026-09-25T17:06:57.068307+00:00,2026-09-25T17:06:57.068821+00:00,0.000532,1790356017.067969,1790356017.057294,0,0,0,0.000017,0.000013,"[0.01734857276482363, -0.5785068338660405, 0.027907814739389324, -0.2996904858599463, 0.01085594794740473, 0.20552997271485224, -0.47333329314086225]","[0.01733111947230369, -0.5784893805735206, 0.02790781473938933, -0.2996730325674264, 0.010838494654884786, 0.2055125194223323, -0.4733332931408622]","[0.38196024084557206, -0.014100559996957196, 0.572505450226984]","[0.381948, -0.0141, 0.572502]"
227,forward,11.350000,11.352764,0.000197,0.051405,2026-09-25T17:06:57.117677+00:00,2026-09-25T17:06:57.120226+00:00,0.002567,1790356017.112232,1790356017.097239,0,1,0,0.000017,0.000013,"[0.01734857276482363, -0.5785068338660405, 0.027907814739389327, -0.2996904858599463, 0.01085594794740473, 0.20552997271485224, -0.47333329314086225]","[0.01733111947230369, -0.5784893805735206, 0.02790781473938933, -0.2996730325674264, 0.010838494654884786, 0.2055125194223323, -0.4733332931408622]","[0.38196024084557206, -0.014100559996957196, 0.572505450226984]","[0.381948, -0.0141, 0.572502]"
228,forward,11.400000,11.400736,0.000352,0.047971,2026-09-25T17:06:57.167836+00:00,2026-09-25T17:06:57.168196+00:00,0.000383,1790356017.167430,1790356017.157229,0,0,0,0.000017,0.000013,"[0.01734857276482363, -0.5785068338660405, 0.027907814739389327, -0.2996904858599463, 0.010855947947404732, 0.20552997271485224, -0.47333329314086225]","[0.01733111947230369, -0.5784893805735206, 0.02790781473938933, -0.2996730325674264, 0.010838494654884786, 0.2055125194223323, -0.4733332931408622]","[0.38196024084557206, -0.014100559996957196, 0.572505450226984]","[0.381948, -0.0141, 0.572502]"
229,forward,11.450000,11.450906,0.000192,0.050171,2026-09-25T17:06:57.217669+00:00,2026-09-25T17:06:57.218368+00:00,0.000714,1790356017.212132,1790356017.216891,0,1,0,0.000017,0.000013,"[0.01734857276482363, -0.5785068338660405, 0.027907814739389324, -0.2996904858599463, 0.01085594794740473, 0.2055299727148522, -0.4733332931408622]","[0.01733111947230369, -0.5784893805735206, 0.02790781473938933, -0.2996730325674264, 0.010838494654884786, 0.2055125194223323, -0.4733332931408622]","[0.38196024084557206, -0.014100559996957196, 0.572505450226984]","[0.381948, -0.0141, 0.572502]"
230,forward,11.500000,11.500351,0.000184,0.049444,2026-09-25T17:06:57.267649+00:00,2026-09-25T17:06:57.267810+00:00,0.000167,1790356017.267195,1790356017.258205,0,0,0,0.000017,0.000013,"[0.01734857276482363, -0.5785068338660405, 0.027907814739389327, -0.2996904858599463, 0.01085594794740473, 0.20552997271485224, -0.47333329314086225]","[0.01733111947230369, -0.5784893805735206, 0.02790781473938933, -0.2996730325674264, 0.010838494654884786, 0.2055125194223323, -0.4733332931408622]","[0.38196024084557206, -0.014100559996957196, 0.572505450226984]","[0.381948, -0.0141, 0.572502]"
231,forward,11.550000,11.550724,0.000177,0.050373,2026-09-25T17:06:57.317655+00:00,2026-09-25T17:06:57.318184+00:00,0.000547,1790356017.312258,1790356017.317019,0,1,0,0.000017,0.000013,"[0.01734857276482363, -0.5785068338660405, 0.027907814739389327, -0.2996904858599463, 0.01085594794740473, 0.20552997271485224, -0.47333329314086225]","[0.01733111947230369, -0.5784893805735206, 0.02790781473938933, -0.2996730325674264, 0.010838494654884786, 0.2055125194223323, -0.4733332931408622]","[0.38196024084557206, -0.014100559996957196, 0.572505450226984]","[0.381948, -0.0141, 0.572502]"
232,forward,11.600000,11.600557,0.000217,0.049834,2026-09-25T17:06:57.367694+00:00,2026-09-25T17:06:57.368018+00:00,0.000340,1790356017.367097,1790356017.356902,0,0,0,0.000017,0.000013,"[0.01734857276482363, -0.5785068338660405, 0.027907814739389327, -0.2996904858599463, 0.01085594794740473, 0.20552997271485224, -0.47333329314086225]","[0.01733111947230369, -0.5784893805735206, 0.02790781473938933, -0.2996730325674264, 0.010838494654884786, 0.2055125194223323, -0.4733332931408622]","[0.38196024084557206, -0.014100559996957196, 0.572505450226984]","[0.381948, -0.0141, 0.572502]"
233,forward,11.650000,11.650799,0.000219,0.050242,2026-09-25T17:06:57.417697+00:00,2026-09-25T17:06:57.418261+00:00,0.000580,1790356017.417331,1790356017.397936,0,1,0,0.000017,0.000013,"[0.01734857276482363, -0.5785068338660405, 0.027907814739389327, -0.2996904858599463, 0.01085594794740473, 0.20552997271485224, -0.47333329314086225]","[0.01733111947230369, -0.5784893805735206, 0.02790781473938933, -0.2996730325674264, 0.010838494654884786, 0.2055125194223323, -0.4733332931408622]","[0.38196024084557206, -0.014100559996957196, 0.572505450226984]","[0.381948, -0.0141, 0.572502]"
234,forward,11.700000,11.700790,0.000436,0.049991,2026-09-25T17:06:57.467914+00:00,2026-09-25T17:06:57.468251+00:00,0.000354,1790356017.467405,1790356017.457591,0,0,0,0.000017,0.000013,"[0.01734857276482363, -0.5785068338660405, 0.027907814739389327, -0.2996904858599463, 0.010855947947404729, 0.20552997271485224, -0.47333329314086225]","[0.01733111947230369, -0.5784893805735206, 0.02790781473938933, -0.2996730325674264, 0.010838494654884786, 0.2055125194223323, -0.4733332931408622]","[0.38196024084557206, -0.014100559996957196, 0.572505450226984]","[0.381948, -0.0141, 0.572502]"
235,forward,11.750000,11.751760,0.000328,0.050970,2026-09-25T17:06:57.517806+00:00,2026-09-25T17:06:57.519223+00:00,0.001432,1790356017.512395,1790356017.517060,0,1,0,0.000017,0.000013,"[0.017348572764823635, -0.5785068338660406, 0.02790781473938933, -0.29969048585994634, 0.010855947947404732, 0.20552997271485224, -0.47333329314086225]","[0.01733111947230369, -0.5784893805735206, 0.02790781473938933, -0.2996730325674264, 0.010838494654884786, 0.2055125194223323, -0.4733332931408622]","[0.3819602408455722, -0.014100559996957189, 0.5725054502269838]","[0.381948, -0.0141, 0.572502]"
236,forward,11.800000,11.801089,0.000704,0.049329,2026-09-25T17:06:57.568183+00:00,2026-09-25T17:06:57.568550+00:00,0.000385,1790356017.567611,1790356017.557899,0,0,0,0.000017,0.000013,"[0.01734857276482363, -0.5785068338660405, 0.02790781473938933, -0.2996904858599463, 0.01085594794740473, 0.20552997271485224, -0.47333329314086225]","[0.01733111947230369, -0.5784893805735206, 0.02790781473938933, -0.2996730325674264, 0.010838494654884786, 0.2055125194223323, -0.4733332931408622]","[0.38196024084557206, -0.014100559996957196, 0.572505450226984]","[0.381948, -0.0141, 0.572502]"
237,forward,11.850000,11.851189,0.000204,0.050100,2026-09-25T17:06:57.617682+00:00,2026-09-25T17:06:57.618652+00:00,0.000986,1790356017.617118,1790356017.597131,0,1,0,0.000017,0.000013,"[0.01734857276482363, -0.5785068338660405, 0.027907814739389327, -0.2996904858599463, 0.01085594794740473, 0.20552997271485224, -0.47333329314086225]","[0.01733111947230369, -0.5784893805735206, 0.02790781473938933, -0.2996730325674264, 0.010838494654884786, 0.2055125194223323, -0.4733332931408622]","[0.38196024084557206, -0.014100559996957196, 0.572505450226984]","[0.381948, -0.0141, 0.572502]"
238,forward,11.900000,11.900922,0.000203,0.049732,2026-09-25T17:06:57.667680+00:00,2026-09-25T17:06:57.668384+00:00,0.000718,1790356017.664961,1790356017.658116,0,0,0,0.000017,0.000013,"[0.01734857276482363, -0.5785068338660405, 0.027907814739389327, -0.29969048585994634, 0.01085594794740473, 0.20552997271485224, -0.47333329314086225]","[0.01733111947230369, -0.5784893805735206, 0.02790781473938933, -0.2996730325674264, 0.010838494654884786, 0.2055125194223323, -0.4733332931408622]","[0.3819602408455722, -0.01410055999695719, 0.5725054502269838]","[0.381948, -0.0141, 0.572502]"
239,forward,11.950000,11.951286,0.000484,0.050365,2026-09-25T17:06:57.717964+00:00,2026-09-25T17:06:57.718749+00:00,0.000802,1790356017.712481,1790356017.697108,0,1,0,0.000017,0.000013,"[0.01734857276482363, -0.5785068338660405, 0.027907814739389327, -0.2996904858599463, 0.010855947947404729, 0.20552997271485224, -0.47333329314086225]","[0.01733111947230369, -0.5784893805735206, 0.02790781473938933, -0.2996730325674264, 0.010838494654884786, 0.2055125194223323, -0.4733332931408622]","[0.38196024084557206, -0.014100559996957196, 0.572505450226984]","[0.381948, -0.0141, 0.572502]"
240,forward,12.000000,12.002234,0.000360,0.050948,2026-09-25T17:06:57.767841+00:00,2026-09-25T17:06:57.769697+00:00,0.001874,1790356017.763446,1790356017.757156,0,0,0,0.000017,0.000013,"[0.01734857276482363, -0.5785068338660405, 0.02790781473938933, -0.2996904858599463, 0.01085594794740473, 0.20552997271485224, -0.47333329314086225]","[0.01733111947230369, -0.5784893805735206, 0.02790781473938933, -0.2996730325674264, 0.010838494654884786, 0.2055125194223323, -0.4733332931408622]","[0.38196024084557206, -0.014100559996957196, 0.572505450226984]","[0.381948, -0.0141, 0.572502]"
241,forward,12.050000,12.051094,0.000329,0.048859,2026-09-25T17:06:57.817808+00:00,2026-09-25T17:06:57.818557+00:00,0.000765,1790356017.812240,1790356017.817165,0,1,0,0.000017,0.000013,"[0.01734857276482363, -0.5785068338660405, 0.027907814739389327, -0.2996904858599463, 0.01085594794740473, 0.20552997271485224, -0.47333329314086225]","[0.01733111947230369, -0.5784893805735206, 0.02790781473938933, -0.2996730325674264, 0.010838494654884786, 0.2055125194223323, -0.4733332931408622]","[0.38196024084557206, -0.014100559996957196, 0.572505450226984]","[0.381948, -0.0141, 0.572502]"
242,forward,12.100000,12.100577,0.000219,0.049483,2026-09-25T17:06:57.867697+00:00,2026-09-25T17:06:57.868037+00:00,0.000358,1790356017.867131,1790356017.857062,0,0,0,0.000017,0.000013,"[0.01734857276482363, -0.5785068338660405, 0.027907814739389327, -0.2996904858599463, 0.01085594794740473, 0.20552997271485224, -0.47333329314086225]","[0.01733111947230369, -0.5784893805735206, 0.02790781473938933, -0.2996730325674264, 0.010838494654884786, 0.2055125194223323, -0.4733332931408622]","[0.38196024084557206, -0.014100559996957196, 0.572505450226984]","[0.381948, -0.0141, 0.572502]"
243,forward,12.150000,12.151631,0.000534,0.051054,2026-09-25T17:06:57.918014+00:00,2026-09-25T17:06:57.919095+00:00,0.001097,1790356017.912304,1790356017.917174,0,1,0,0.000017,0.000013,"[0.01734857276482363, -0.5785068338660406, 0.02790781473938933, -0.2996904858599463, 0.01085594794740473, 0.20552997271485224, -0.47333329314086225]","[0.01733111947230369, -0.5784893805735206, 0.02790781473938933, -0.2996730325674264, 0.010838494654884786, 0.2055125194223323, -0.4733332931408622]","[0.38196024084557206, -0.014100559996957196, 0.572505450226984]","[0.381948, -0.0141, 0.572502]"
244,forward,12.200000,12.200652,0.000226,0.049022,2026-09-25T17:06:57.967704+00:00,2026-09-25T17:06:57.968113+00:00,0.000427,1790356017.967248,1790356017.957040,0,0,0,0.000017,0.000013,"[0.01734857276482363, -0.5785068338660405, 0.027907814739389324, -0.2996904858599463, 0.01085594794740473, 0.20552997271485224, -0.47333329314086225]","[0.01733111947230369, -0.5784893805735206, 0.02790781473938933, -0.2996730325674264, 0.010838494654884786, 0.2055125194223323, -0.4733332931408622]","[0.38196024084557206, -0.014100559996957196, 0.572505450226984]","[0.381948, -0.0141, 0.572502]"
245,forward,12.250000,12.251159,0.000203,0.050506,2026-09-25T17:06:58.017755+00:00,2026-09-25T17:06:58.018620+00:00,0.000956,1790356018.012390,1790356018.016795,0,1,0,0.000017,0.000013,"[0.01734857276482363, -0.5785068338660405, 0.027907814739389324, -0.2996904858599463, 0.01085594794740473, 0.20552997271485224, -0.47333329314086225]","[0.01733111947230369, -0.5784893805735206, 0.02790781473938933, -0.2996730325674264, 0.010838494654884786, 0.2055125194223323, -0.4733332931408622]","[0.38196024084557206, -0.014100559996957196, 0.572505450226984]","[0.381948, -0.0141, 0.572502]"
246,forward,12.300000,12.301074,0.000302,0.049915,2026-09-25T17:06:58.067782+00:00,2026-09-25T17:06:58.068536+00:00,0.000772,1790356018.067402,1790356018.057982,0,0,0,0.000017,0.000013,"[0.01734857276482363, -0.5785068338660405, 0.027907814739389327, -0.2996904858599463, 0.01085594794740473, 0.20552997271485224, -0.47333329314086225]","[0.01733111947230369, -0.5784893805735206, 0.02790781473938933, -0.2996730325674264, 0.010838494654884786, 0.2055125194223323, -0.4733332931408622]","[0.38196024084557206, -0.014100559996957196, 0.572505450226984]","[0.381948, -0.0141, 0.572502]"
247,forward,12.350000,12.350790,0.000305,0.049716,2026-09-25T17:06:58.117784+00:00,2026-09-25T17:06:58.118251+00:00,0.000485,1790356018.117218,1790356018.098640,0,1,0,0.000017,0.000013,"[0.01734857276482363, -0.5785068338660405, 0.027907814739389327, -0.29969048585994623, 0.010855947947404729, 0.2055299727148522, -0.47333329314086225]","[0.01733111947230369, -0.5784893805735206, 0.02790781473938933, -0.2996730325674264, 0.010838494654884786, 0.2055125194223323, -0.4733332931408622]","[0.38196024084557206, -0.014100559996957196, 0.572505450226984]","[0.381948, -0.0141, 0.572502]"
248,forward,12.400000,12.400808,0.000436,0.050018,2026-09-25T17:06:58.167915+00:00,2026-09-25T17:06:58.168269+00:00,0.000372,1790356018.167474,1790356018.158582,0,0,0,0.000017,0.000013,"[0.01734857276482363, -0.5785068338660405, 0.027907814739389327, -0.2996904858599463, 0.01085594794740473, 0.20552997271485224, -0.47333329314086225]","[0.01733111947230369, -0.5784893805735206, 0.02790781473938933, -0.2996730325674264, 0.010838494654884786, 0.2055125194223323, -0.4733332931408622]","[0.38196024084557206, -0.014100559996957196, 0.572505450226984]","[0.381948, -0.0141, 0.572502]"
249,forward,12.450000,12.451395,0.000614,0.050587,2026-09-25T17:06:58.218095+00:00,2026-09-25T17:06:58.218858+00:00,0.000781,1790356018.212464,1790356018.216903,0,1,0,0.000017,0.000013,"[0.01734857276482363, -0.5785068338660405, 0.027907814739389327, -0.2996904858599463, 0.01085594794740473, 0.20552997271485224, -0.47333329314086225]","[0.01733111947230369, -0.5784893805735206, 0.02790781473938933, -0.2996730325674264, 0.010838494654884786, 0.2055125194223323, -0.4733332931408622]","[0.38196024084557206, -0.014100559996957196, 0.572505450226984]","[0.381948, -0.0141, 0.572502]"
250,forward,12.500000,12.501698,0.000363,0.050303,2026-09-25T17:06:58.267837+00:00,2026-09-25T17:06:58.269160+00:00,0.001334,1790356018.262452,1790356018.258538,0,1,0,0.000017,0.000013,"[0.01734857276482363, -0.5785068338660405, 0.027907814739389327, -0.2996904858599463, 0.010855947947404732, 0.20552997271485224, -0.47333329314086225]","[0.01733111947230369, -0.5784893805735206, 0.02790781473938933, -0.2996730325674264, 0.010838494654884786, 0.2055125194223323, -0.4733332931408622]","[0.38196024084557206, -0.014100559996957196, 0.572505450226984]","[0.381948, -0.0141, 0.572502]"
251,forward,12.550000,12.551830,0.000318,0.050132,2026-09-25T17:06:58.317797+00:00,2026-09-25T17:06:58.319293+00:00,0.001512,1790356018.313642,1790356018.296797,0,1,0,0.000017,0.000013,"[0.01734857276482363, -0.5785068338660405, 0.027907814739389327, -0.2996904858599463, 0.01085594794740473, 0.20552997271485224, -0.47333329314086225]","[0.01733111947230369, -0.5784893805735206, 0.02790781473938933, -0.2996730325674264, 0.010838494654884786, 0.2055125194223323, -0.4733332931408622]","[0.38196024084557206, -0.014100559996957196, 0.572505450226984]","[0.381948, -0.0141, 0.572502]"
252,forward,12.600000,12.600795,0.000218,0.048965,2026-09-25T17:06:58.367696+00:00,2026-09-25T17:06:58.368257+00:00,0.000577,1790356018.362203,1790356018.357311,0,1,0,0.000017,0.000013,"[0.01734857276482363, -0.5785068338660405, 0.027907814739389327, -0.2996904858599463, 0.01085594794740473, 0.20552997271485224, -0.47333329314086225]","[0.01733111947230369, -0.5784893805735206, 0.02790781473938933, -0.2996730325674264, 0.010838494654884786, 0.2055125194223323, -0.4733332931408622]","[0.38196024084557206, -0.014100559996957196, 0.572505450226984]","[0.381948, -0.0141, 0.572502]"
253,forward,12.650000,12.651379,0.000204,0.050584,2026-09-25T17:06:58.417681+00:00,2026-09-25T17:06:58.418842+00:00,0.001175,1790356018.411937,1790356018.396708,0,1,0,0.000017,0.000013,"[0.01734857276482363, -0.5785068338660405, 0.027907814739389327, -0.2996904858599463, 0.01085594794740473, 0.20552997271485224, -0.47333329314086225]","[0.01733111947230369, -0.5784893805735206, 0.02790781473938933, -0.2996730325674264, 0.010838494654884786, 0.2055125194223323, -0.4733332931408622]","[0.38196024084557206, -0.014100559996957196, 0.572505450226984]","[0.381948, -0.0141, 0.572502]"
254,forward,12.700000,12.702594,0.000410,0.051215,2026-09-25T17:06:58.467889+00:00,2026-09-25T17:06:58.470057+00:00,0.002184,1790356018.462048,1790356018.456651,0,0,0,0.000017,0.000013,"[0.01734857276482363, -0.5785068338660405, 0.027907814739389327, -0.2996904858599463, 0.01085594794740473, 0.20552997271485224, -0.47333329314086225]","[0.01733111947230369, -0.5784893805735206, 0.02790781473938933, -0.2996730325674264, 0.010838494654884786, 0.2055125194223323, -0.4733332931408622]","[0.38196024084557206, -0.014100559996957196, 0.572505450226984]","[0.381948, -0.0141, 0.572502]"
255,forward,12.750000,12.750888,0.000138,0.048294,2026-09-25T17:06:58.517609+00:00,2026-09-25T17:06:58.518349+00:00,0.000749,1790356018.517272,1790356018.496924,0,1,0,0.000017,0.000013,"[0.01734857276482363, -0.5785068338660405, 0.027907814739389327, -0.2996904858599463, 0.01085594794740473, 0.20552997271485224, -0.47333329314086225]","[0.01733111947230369, -0.5784893805735206, 0.02790781473938933, -0.2996730325674264, 0.010838494654884786, 0.2055125194223323, -0.4733332931408622]","[0.38196024084557206, -0.014100559996957196, 0.572505450226984]","[0.381948, -0.0141, 0.572502]"
256,forward,12.800000,12.800804,0.000300,0.049916,2026-09-25T17:06:58.567779+00:00,2026-09-25T17:06:58.568265+00:00,0.000504,1790356018.567425,1790356018.557826,0,1,0,0.000017,0.000013,"[0.01734857276482363, -0.5785068338660405, 0.027907814739389327, -0.2996904858599463, 0.010855947947404729, 0.20552997271485224, -0.47333329314086225]","[0.01733111947230369, -0.5784893805735206, 0.02790781473938933, -0.2996730325674264, 0.010838494654884786, 0.2055125194223323, -0.4733332931408622]","[0.38196024084557206, -0.014100559996957196, 0.572505450226984]","[0.381948, -0.0141, 0.572502]"
257,forward,12.850000,12.851136,0.000328,0.050332,2026-09-25T17:06:58.617805+00:00,2026-09-25T17:06:58.618598+00:00,0.000808,1790356018.612014,1790356018.616856,0,1,0,0.000017,0.000013,"[0.017348572764823635, -0.5785068338660406, 0.02790781473938933, -0.29969048585994634, 0.010855947947404732, 0.20552997271485224, -0.47333329314086225]","[0.01733111947230369, -0.5784893805735206, 0.02790781473938933, -0.2996730325674264, 0.010838494654884786, 0.2055125194223323, -0.4733332931408622]","[0.3819602408455722, -0.014100559996957189, 0.5725054502269838]","[0.381948, -0.0141, 0.572502]"
258,forward,12.900000,12.900644,0.000212,0.049507,2026-09-25T17:06:58.667689+00:00,2026-09-25T17:06:58.668104+00:00,0.000432,1790356018.667046,1790356018.656692,0,1,0,0.000017,0.000013,"[0.01734857276482363, -0.5785068338660405, 0.02790781473938933, -0.2996904858599463, 0.01085594794740473, 0.20552997271485224, -0.47333329314086225]","[0.01733111947230369, -0.5784893805735206, 0.02790781473938933, -0.2996730325674264, 0.010838494654884786, 0.2055125194223323, -0.4733332931408622]","[0.38196024084557206, -0.014100559996957196, 0.572505450226984]","[0.381948, -0.0141, 0.572502]"
259,forward,12.950000,12.951212,0.000864,0.050568,2026-09-25T17:06:58.718342+00:00,2026-09-25T17:06:58.718673+00:00,0.000348,1790356018.717701,1790356018.716832,0,0,0,0.000017,0.000013,"[0.01734857276482363, -0.5785068338660405, 0.027907814739389327, -0.2996904858599463, 0.01085594794740473, 0.20552997271485224, -0.47333329314086225]","[0.01733111947230369, -0.5784893805735206, 0.02790781473938933, -0.2996730325674264, 0.010838494654884786, 0.2055125194223323, -0.4733332931408622]","[0.38196024084557206, -0.014100559996957196, 0.572505450226984]","[0.381948, -0.0141, 0.572502]"
260,forward,13.000000,13.001323,0.000242,0.050111,2026-09-25T17:06:58.767721+00:00,2026-09-25T17:06:58.768785+00:00,0.001080,1790356018.766982,1790356018.756858,0,1,0,0.000017,0.000013,"[0.01734857276482363, -0.5785068338660405, 0.027907814739389327, -0.2996904858599463, 0.010855947947404729, 0.20552997271485224, -0.4733332931408622]","[0.01733111947230369, -0.5784893805735206, 0.02790781473938933, -0.2996730325674264, 0.010838494654884786, 0.2055125194223323, -0.4733332931408622]","[0.38196024084557206, -0.014100559996957196, 0.572505450226984]","[0.381948, -0.0141, 0.572502]"
261,forward,13.050000,13.050979,0.000582,0.049656,2026-09-25T17:06:58.818066+00:00,2026-09-25T17:06:58.818440+00:00,0.000397,1790356018.817810,1790356018.816915,0,0,0,0.000017,0.000013,"[0.01734857276482363, -0.5785068338660405, 0.027907814739389327, -0.2996904858599463, 0.01085594794740473, 0.20552997271485224, -0.47333329314086225]","[0.01733111947230369, -0.5784893805735206, 0.02790781473938933, -0.2996730325674264, 0.010838494654884786, 0.2055125194223323, -0.4733332931408622]","[0.38196024084557206, -0.014100559996957196, 0.572505450226984]","[0.381948, -0.0141, 0.572502]"
262,forward,13.100000,13.100894,0.000269,0.049915,2026-09-25T17:06:58.867748+00:00,2026-09-25T17:06:58.868356+00:00,0.000625,1790356018.866756,1790356018.858200,0,1,0,0.000017,0.000013,"[0.01734857276482363, -0.5785068338660405, 0.027907814739389327, -0.2996904858599463, 0.01085594794740473, 0.20552997271485224, -0.47333329314086225]","[0.01733111947230369, -0.5784893805735206, 0.02790781473938933, -0.2996730325674264, 0.010838494654884786, 0.2055125194223323, -0.4733332931408622]","[0.38196024084557206, -0.014100559996957196, 0.572505450226984]","[0.381948, -0.0141, 0.572502]"
263,forward,13.150000,13.151993,0.000890,0.051099,2026-09-25T17:06:58.918370+00:00,2026-09-25T17:06:58.919457+00:00,0.001103,1790356018.917827,1790356018.897637,0,0,0,0.000017,0.000013,"[0.01734857276482363, -0.5785068338660405, 0.027907814739389327, -0.2996904858599463, 0.01085594794740473, 0.20552997271485224, -0.47333329314086225]","[0.01733111947230369, -0.5784893805735206, 0.02790781473938933, -0.2996730325674264, 0.010838494654884786, 0.2055125194223323, -0.4733332931408622]","[0.38196024084557206, -0.014100559996957196, 0.572505450226984]","[0.381948, -0.0141, 0.572502]"
264,forward,13.200000,13.200336,0.000125,0.048343,2026-09-25T17:06:58.967594+00:00,2026-09-25T17:06:58.967796+00:00,0.000211,1790356018.966377,1790356018.959918,0,1,0,0.000017,0.000013,"[0.01734857276482363, -0.5785068338660405, 0.027907814739389327, -0.2996904858599463, 0.01085594794740473, 0.20552997271485224, -0.47333329314086225]","[0.01733111947230369, -0.5784893805735206, 0.02790781473938933, -0.2996730325674264, 0.010838494654884786, 0.2055125194223323, -0.4733332931408622]","[0.38196024084557206, -0.014100559996957196, 0.572505450226984]","[0.381948, -0.0141, 0.572502]"
265,forward,13.250000,13.250413,0.000107,0.050076,2026-09-25T17:06:59.017575+00:00,2026-09-25T17:06:59.017873+00:00,0.000306,1790356019.016480,1790356018.996679,0,0,0,0.000017,0.000013,"[0.01734857276482363, -0.5785068338660405, 0.027907814739389327, -0.2996904858599463, 0.01085594794740473, 0.20552997271485224, -0.47333329314086225]","[0.01733111947230369, -0.5784893805735206, 0.02790781473938933, -0.2996730325674264, 0.010838494654884786, 0.2055125194223323, -0.4733332931408622]","[0.38196024084557206, -0.014100559996957196, 0.572505450226984]","[0.381948, -0.0141, 0.572502]"
266,forward,13.300000,13.300540,0.000207,0.050128,2026-09-25T17:06:59.067685+00:00,2026-09-25T17:06:59.068001+00:00,0.000333,1790356019.067150,1790356019.057313,0,1,0,0.000017,0.000013,"[0.01734857276482363, -0.5785068338660405, 0.027907814739389324, -0.29969048585994623, 0.010855947947404729, 0.20552997271485224, -0.47333329314086225]","[0.01733111947230369, -0.5784893805735206, 0.02790781473938933, -0.2996730325674264, 0.010838494654884786, 0.2055125194223323, -0.4733332931408622]","[0.38196024084557206, -0.014100559996957196, 0.572505450226984]","[0.381948, -0.0141, 0.572502]"
267,forward,13.350000,13.350694,0.000166,0.050154,2026-09-25T17:06:59.117643+00:00,2026-09-25T17:06:59.118155+00:00,0.000528,1790356019.113215,1790356019.117459,0,0,0,0.000017,0.000013,"[0.01734857276482363, -0.5785068338660405, 0.027907814739389327, -0.2996904858599463, 0.010855947947404732, 0.20552997271485224, -0.47333329314086225]","[0.01733111947230369, -0.5784893805735206, 0.02790781473938933, -0.2996730325674264, 0.010838494654884786, 0.2055125194223323, -0.4733332931408622]","[0.38196024084557206, -0.014100559996957196, 0.572505450226984]","[0.381948, -0.0141, 0.572502]"
268,forward,13.400000,13.400501,0.000188,0.049807,2026-09-25T17:06:59.167665+00:00,2026-09-25T17:06:59.167962+00:00,0.000313,1790356019.166892,1790356019.156733,0,1,0,0.000017,0.000013,"[0.01734857276482363, -0.5785068338660405, 0.027907814739389327, -0.2996904858599463, 0.01085594794740473, 0.20552997271485224, -0.47333329314086225]","[0.01733111947230369, -0.5784893805735206, 0.02790781473938933, -0.2996730325674264, 0.010838494654884786, 0.2055125194223323, -0.4733332931408622]","[0.38196024084557206, -0.014100559996957196, 0.572505450226984]","[0.381948, -0.0141, 0.572502]"
269,forward,13.450000,13.450470,0.000173,0.049969,2026-09-25T17:06:59.217649+00:00,2026-09-25T17:06:59.217930+00:00,0.000297,1790356019.216825,1790356019.217479,0,0,0,0.000017,0.000013,"[0.01734857276482363, -0.5785068338660406, 0.027907814739389327, -0.2996904858599463, 0.01085594794740473, 0.20552997271485224, -0.47333329314086225]","[0.01733111947230369, -0.5784893805735206, 0.02790781473938933, -0.2996730325674264, 0.010838494654884786, 0.2055125194223323, -0.4733332931408622]","[0.38196024084557206, -0.014100559996957196, 0.572505450226984]","[0.381948, -0.0141, 0.572502]"
270,forward,13.500000,13.500499,0.000183,0.050030,2026-09-25T17:06:59.267661+00:00,2026-09-25T17:06:59.267960+00:00,0.000316,1790356019.266665,1790356019.256667,0,1,0,0.000017,0.000013,"[0.01734857276482363, -0.5785068338660405, 0.027907814739389324, -0.2996904858599463, 0.01085594794740473, 0.20552997271485224, -0.47333329314086225]","[0.01733111947230369, -0.5784893805735206, 0.02790781473938933, -0.2996730325674264, 0.010838494654884786, 0.2055125194223323, -0.4733332931408622]","[0.38196024084557206, -0.014100559996957196, 0.572505450226984]","[0.381948, -0.0141, 0.572502]"
271,forward,13.550000,13.550926,0.000413,0.050427,2026-09-25T17:06:59.317888+00:00,2026-09-25T17:06:59.318387+00:00,0.000513,1790356019.317607,1790356019.316653,0,0,0,0.000017,0.000013,"[0.01734857276482363, -0.5785068338660405, 0.027907814739389327, -0.2996904858599463, 0.01085594794740473, 0.20552997271485224, -0.47333329314086225]","[0.01733111947230369, -0.5784893805735206, 0.02790781473938933, -0.2996730325674264, 0.010838494654884786, 0.2055125194223323, -0.4733332931408622]","[0.38196024084557206, -0.014100559996957196, 0.572505450226984]","[0.381948, -0.0141, 0.572502]"
272,forward,13.600000,13.600598,0.000221,0.049672,2026-09-25T17:06:59.367701+00:00,2026-09-25T17:06:59.368059+00:00,0.000377,1790356019.366769,1790356019.358356,0,1,0,0.000017,0.000013,"[0.01734857276482363, -0.5785068338660405, 0.027907814739389327, -0.2996904858599463, 0.01085594794740473, 0.20552997271485224, -0.47333329314086225]","[0.01733111947230369, -0.5784893805735206, 0.02790781473938933, -0.2996730325674264, 0.010838494654884786, 0.2055125194223323, -0.4733332931408622]","[0.38196024084557206, -0.014100559996957196, 0.572505450226984]","[0.381948, -0.0141, 0.572502]"
273,forward,13.650000,13.651177,0.000183,0.050578,2026-09-25T17:06:59.417660+00:00,2026-09-25T17:06:59.418639+00:00,0.000994,1790356019.412147,1790356019.417391,0,0,0,0.000017,0.000013,"[0.01734857706749952, -0.5785068338660405, 0.027907814739389324, -0.2996904858599463, 0.01085594794740473, 0.2055299727148522, -0.4733332931408622]","[0.01733111947230369, -0.5784893805735206, 0.02790781473938933, -0.2996730325674264, 0.010838494654884786, 0.2055125194223323, -0.4733332931408622]","[0.38196024090624225, -0.014100558353506074, 0.572505450226984]","[0.381948, -0.0141, 0.572502]"
274,forward,13.700000,13.700556,0.000208,0.049379,2026-09-25T17:06:59.467685+00:00,2026-09-25T17:06:59.468016+00:00,0.000348,1790356019.466768,1790356019.459448,0,1,0,0.000018,0.000013,"[0.017348690781076582, -0.5785068338660405, 0.02790781473938933, -0.2996904858599463, 0.010855947947404732, 0.20552997271485224, -0.47333329314086225]","[0.01733111947230369, -0.5784893805735206, 0.02790781473938933, -0.2996730325674264, 0.010838494654884786, 0.2055125194223323, -0.4733332931408622]","[0.38196024250966465, -0.014100514919440695, 0.572505450226984]","[0.381948, -0.0141, 0.572502]"
275,forward,13.750000,13.750721,0.000373,0.050165,2026-09-25T17:06:59.517851+00:00,2026-09-25T17:06:59.518182+00:00,0.000349,1790356019.517319,1790356019.496480,0,0,0,0.000018,0.000013,"[0.017348845472519255, -0.5785068338660405, 0.027907814739389327, -0.2996904858599463, 0.01085594794740473, 0.20552997271485224, -0.47333329314086225]","[0.01733111947230369, -0.5784893805735206, 0.02790781473938933, -0.2996730325674264, 0.010838494654884786, 0.2055125194223323, -0.4733332931408622]","[0.38196024469088913, -0.014100455833459572, 0.572505450226984]","[0.381948, -0.0141, 0.572502]"
276,forward,13.800000,13.800848,0.000501,0.050127,2026-09-25T17:06:59.567980+00:00,2026-09-25T17:06:59.568309+00:00,0.000347,1790356019.567443,1790356019.558401,0,1,0,0.000018,0.000013,"[0.017348887474831504, -0.5785068338660405, 0.027907814739389327, -0.2996904858599463, 0.01085594794740473, 0.20552997271485224, -0.47333329314086225]","[0.01733111947230369, -0.5784893805735206, 0.02790781473938933, -0.2996730325674264, 0.010838494654884786, 0.2055125194223323, -0.4733332931408622]","[0.3819602452831405, -0.014100439790246092, 0.572505450226984]","[0.381948, -0.0141, 0.572502]"
277,forward,13.850000,13.850613,0.000174,0.049765,2026-09-25T17:06:59.617649+00:00,2026-09-25T17:06:59.618076+00:00,0.000439,1790356019.617388,1790356019.596350,0,0,0,0.000018,0.000013,"[0.017348663121017297, -0.5785068338660405, 0.027907814739389327, -0.2996904858599463, 0.01085594794740473, 0.20552997271485224, -0.47333329314086225]","[0.01733111947230369, -0.5784893805735206, 0.02790781473938933, -0.2996730325674264, 0.010838494654884786, 0.2055125194223323, -0.4733332931408622]","[0.3819602421196435, -0.01410052548448364, 0.572505450226984]","[0.381948, -0.0141, 0.572502]"
278,forward,13.900000,13.900570,0.000200,0.049957,2026-09-25T17:06:59.667677+00:00,2026-09-25T17:06:59.668031+00:00,0.000370,1790356019.667358,1790356019.656884,0,1,0,0.000017,0.000013,"[0.017348221994294023, -0.5785068338660405, 0.027907814739389327, -0.2996904858599463, 0.010855947947404729, 0.20552997271485224, -0.47333329314086225]","[0.01733111947230369, -0.5784893805735206, 0.02790781473938933, -0.2996730325674264, 0.010838494654884786, 0.2055125194223323, -0.4733332931408622]","[0.3819602358994877, -0.014100693977352294, 0.572505450226984]","[0.381948, -0.0141, 0.572502]"
279,forward,13.950000,13.950759,0.000444,0.050189,2026-09-25T17:06:59.717920+00:00,2026-09-25T17:06:59.718220+00:00,0.000315,1790356019.717322,1790356019.697812,0,0,0,0.000017,0.000013,"[0.017347746651052962, -0.5785068338660405, 0.027907814739389327, -0.2996904858599463, 0.01085594794740473, 0.20552997271485224, -0.47333329314086225]","[0.01733111947230369, -0.5784893805735206, 0.02790781473938933, -0.2996730325674264, 0.01085594794740473, 0.2055125194223323, -0.4733332931408622]","[0.38196022919677497, -0.01410087553956719, 0.572505450226984]","[0.381948, -0.0141, 0.572502]"
280,forward,14.000000,14.000584,0.000211,0.049825,2026-09-25T17:06:59.767691+00:00,2026-09-25T17:06:59.768044+00:00,0.000373,1790356019.766755,1790356019.756464,0,1,0,0.000017,0.000013,"[0.01734694348488704, -0.5785068338660405, 0.02790781473938933, -0.2996904858599463, 0.01085594794740473, 0.20552997271485224, -0.47333329314086225]","[0.01733111947230369, -0.5784893805735206, 0.02790781473938933, -0.2996730325674264, 0.01085594794740473, 0.2055125194223323, -0.4733332931408622]","[0.38196021787130563, -0.014101182317095463, 0.572505450226984]","[0.381948, -0.0141, 0.572502]"
281,forward,14.050000,14.050759,0.000198,0.050175,2026-09-25T17:06:59.817676+00:00,2026-09-25T17:06:59.818221+00:00,0.000561,1790356019.817141,1790356019.796693,0,0,0,0.000017,0.000013,"[0.017345505161804185, -0.5785068338660405, 0.027907814739389327, -0.2996904858599463, 0.01085594794740473, 0.20552997271485224, -0.47333329314086225]","[0.01733111947230369, -0.5784893805735206, 0.02790781473938933, -0.2996730325674264, 0.01085594794740473, 0.2055125194223323, -0.4733332931408622]","[0.3819601975888545, -0.014101731699278974, 0.572505450226984]","[0.381948, -0.0141, 0.572502]"
282,forward,14.100000,14.100598,0.000247,0.049839,2026-09-25T17:06:59.867726+00:00,2026-09-25T17:06:59.868059+00:00,0.000351,1790356019.866440,1790356019.857818,0,1,0,0.000017,0.000013,"[0.017343147295417076, -0.5785068338660405, 0.027907814739389327, -0.2996904858599463, 0.01085594794740473, 0.20552997271485224, -0.47333329314086225]","[0.01733111947230369, -0.5784893805735206, 0.02790781473938933, -0.2996730325674264, 0.01085594794740473, 0.2055125194223323, -0.4733332931408622]","[0.3819601643377936, -0.014102632310350883, 0.572505450226984]","[0.381948, -0.0141, 0.572502]"
283,forward,14.150000,14.151024,0.000344,0.050426,2026-09-25T17:06:59.917823+00:00,2026-09-25T17:06:59.918485+00:00,0.000681,1790356019.911667,1790356019.917120,0,0,0,0.000017,0.000013,"[0.01733992541073361, -0.5785068338660405, 0.027907814739389327, -0.2996904858599463, 0.010855947947404729, 0.20552997271485224, -0.47333329314086225]","[0.01733111947230369, -0.5784893805735206, 0.02790781473938933, -0.2996730325674264, 0.01085594794740473, 0.2055125194223323, -0.4733332931408622]","[0.38196011889875603, -0.014103862941880858, 0.572505450226984]","[0.381948, -0.0141, 0.572502]"
284,forward,14.200000,14.200669,0.000307,0.049645,2026-09-25T17:06:59.967787+00:00,2026-09-25T17:06:59.968130+00:00,0.000363,1790356019.966633,1790356019.958067,0,1,0,0.000017,0.000014,"[0.01733601714680121, -0.5785068338660405, 0.027907814739389324, -0.2996904858599463, 0.01085594794740473, 0.20552997271485224, -0.47333329314086225]","[0.01733111947230369, -0.5784893805735206, 0.02790781473938933, -0.2996730325674264, 0.01085594794740473, 0.2055125194223323, -0.4733332931408622]","[0.3819600637742201, -0.014105355742729447, 0.572505450226984]","[0.381948, -0.0141, 0.572502]"
285,forward,14.250000,14.252687,0.000398,0.052018,2026-09-25T17:07:00.017877+00:00,2026-09-25T17:07:00.020150+00:00,0.002289,1790356020.011784,1790356019.999186,0,0,0,0.000017,0.000014,"[0.017331576170615894, -0.5785068338660405, 0.027907814739389327, -0.2996904858599463, 0.01085594794740473, 0.20552997271485224, -0.47333329314086225]","[0.01733111947230369, -0.5784893805735206, 0.02790781473938933, -0.2996730325674264, 0.01085594794740473, 0.2055125194223323, -0.4733332931408622]","[0.3819600011289046, -0.01410705201813731, 0.572505450226984]","[0.381948, -0.0141, 0.572502]"
286,forward,14.300000,14.300628,0.000220,0.047941,2026-09-25T17:07:00.067700+00:00,2026-09-25T17:07:00.068089+00:00,0.000408,1790356020.066815,1790356020.059000,0,1,0,0.000017,0.000015,"[0.017326756149173703, -0.5785068338660405, 0.027907814739389327, -0.2996904858599463, 0.01085594794740473, 0.20552997271485224, -0.47333329314086225]","[0.01733111947230369, -0.5784893805735206, 0.02790781473938933, -0.2996730325674264, 0.01085594794740473, 0.2055125194223323, -0.4733332931408622]","[0.38195993312817444, -0.014108893073368933, 0.572505450226984]","[0.381948, -0.0141, 0.572502]"
287,forward,14.350000,14.350958,0.000308,0.050330,2026-09-25T17:07:00.117788+00:00,2026-09-25T17:07:00.118420+00:00,0.000650,1790356020.116318,1790356020.100939,0,1,0,0.000017,0.000017,"[0.017321224137316564, -0.5785068338660405, 0.027907814739389327, -0.2996904858599463, 0.01085594794740473, 0.20552997271485224, -0.47333329314086225]","[0.01733111947230369, -0.5784893805735206, 0.02790781473938933, -0.2996730325674264, 0.01085594794740473, 0.2055125194223323, -0.4733332931408622]","[0.3819598550717661, -0.01411100608003205, 0.572505450226984]","[0.381948, -0.0141, 0.572502]"
288,forward,14.400000,14.401009,0.000234,0.050052,2026-09-25T17:07:00.167717+00:00,2026-09-25T17:07:00.168473+00:00,0.000775,1790356020.166547,1790356020.159394,0,1,0,0.000017,0.000018,"[0.017314954523878472, -0.5785068338660405, 0.027907814739389324, -0.2996904858599463, 0.01085594794740473, 0.20552997271485224, -0.47333329314086225]","[0.01733111947230369, -0.5784893805735206, 0.02790781473938933, -0.2996730325674264, 0.01085594794740473, 0.2055125194223323, -0.4733332931408622]","[0.3819597665937057, -0.014113400820394865, 0.572505450226984]","[0.381948, -0.0141, 0.572502]"
289,forward,14.450000,14.451484,0.000206,0.050474,2026-09-25T17:07:00.217687+00:00,2026-09-25T17:07:00.218945+00:00,0.001278,1790356020.211890,1790356020.216780,0,1,0,0.000023,0.000020,"[0.017308561976843558, -0.5785068338660405, 0.027907814739389327, -0.2996904858599463, 0.010855947947404729, 0.20552997271485224, -0.47333329314086225]","[0.01733111947230369, -0.5784893805735206, 0.02790781473938933, -0.2996730325674264, 0.01085594794740473, 0.2055125194223323, -0.4733332931408622]","[0.3819596763653228, -0.014115842515879872, 0.572505450226984]","[0.381948, -0.0141, 0.572502]"
290,forward,14.500000,14.500679,0.000314,0.049195,2026-09-25T17:07:00.267794+00:00,2026-09-25T17:07:00.268140+00:00,0.000365,1790356020.266587,1790356020.258085,0,1,0,0.000028,0.000022,"[0.017302661164195945, -0.5785068338660405, 0.027907814739389327, -0.2996904858599463, 0.01085594794740473, 0.20552997271485224, -0.47333329314086225]","[0.01733111947230369, -0.5784893805735206, 0.02790781473938933, -0.2996730325674264, 0.01085594794740473, 0.2055125194223323, -0.4733332931408622]","[0.3819595930637309, -0.014118096388123277, 0.572505450226984]","[0.381948, -0.0141, 0.572502]"
291,forward,14.550000,14.551406,0.000196,0.050727,2026-09-25T17:07:00.317675+00:00,2026-09-25T17:07:00.318869+00:00,0.001210,1790356020.317029,1790356020.296719,0,1,0,0.000033,0.000023,"[0.017297647317449424, -0.5785068338660405, 0.027907814739389327, -0.29969048585994623, 0.010855947947404729, 0.2055299727148522, -0.47333329314086225]","[0.01733111947230369, -0.5784893805735206, 0.02790781473938933, -0.2996730325674264, 0.01085594794740473, 0.2055125194223323, -0.4733332931408622]","[0.3819595222729583, -0.014120011474808803, 0.572505450226984]","[0.381948, -0.0141, 0.572502]"
292,forward,14.600000,14.600625,0.000296,0.049219,2026-09-25T17:07:00.367771+00:00,2026-09-25T17:07:00.368086+00:00,0.000329,1790356020.367081,1790356020.358543,0,1,0,0.000038,0.000025,"[0.017293036283121836, -0.5785068338660405, 0.027907814739389324, -0.2996904858599463, 0.01085594794740473, 0.20552997271485224, -0.47333329314086225]","[0.01733111947230369, -0.5784893805735206, 0.02790781473938933, -0.2996730325674264, 0.01085594794740473, 0.2055125194223323, -0.4733332931408622]","[0.38195945716104013, -0.014121772703127637, 0.572505450226984]","[0.381948, -0.0141, 0.572502]"
293,forward,14.650000,14.650948,0.000167,0.050323,2026-09-25T17:07:00.417644+00:00,2026-09-25T17:07:00.418410+00:00,0.000781,1790356020.411921,1790356020.396366,0,1,0,0.000042,0.000026,"[0.017288896494248748, -0.5785068338660405, 0.027907814739389327, -0.2996904858599463, 0.01085594794740473, 0.20552997271485224, -0.47333329314086225]","[0.01733111947230369, -0.5784893805735206, 0.02790781473938933, -0.2996730325674264, 0.01085594794740473, 0.2055125194223323, -0.4733332931408622]","[0.38195939869660966, -0.014123353934517354, 0.572505450226984]","[0.381948, -0.0141, 0.572502]"
294,forward,14.700000,14.700620,0.000236,0.049672,2026-09-25T17:07:00.467715+00:00,2026-09-25T17:07:00.468081+00:00,0.000384,1790356020.467196,1790356020.458039,0,1,0,0.000046,0.000027,"[0.01728538161782618, -0.5785068338660405, 0.027907814739389327, -0.2996904858599463, 0.010855947947404732, 0.20552997271485224, -0.47333329314086225]","[0.01733111947230369, -0.5784893805735206, 0.02790781473938933, -0.2996730325674264, 0.01085594794740473, 0.2055125194223323, -0.4733332931408622]","[0.38195934905240647, -0.01412469647451496, 0.572505450226984]","[0.381948, -0.0141, 0.572502]"
295,forward,14.750000,14.751681,0.000426,0.051060,2026-09-25T17:07:00.517905+00:00,2026-09-25T17:07:00.519143+00:00,0.001255,1790356020.511468,1790356020.517141,0,1,0,0.000017,0.000013,"[0.017282652440754324, -0.5785068338660405, 0.027907814739389327, -0.2996904858599463, 0.01085594794740473, 0.20552997271485224, -0.47333329314086225]","[0.017278759594743863, -0.5784893805735206, 0.02790781473938933, -0.2996730325674264, 0.01085594794740473, 0.2055125194223323, -0.4733332931408622]","[0.3819593105021862, -0.014125738909160175, 0.572505450226984]","[0.381947, -0.014126, 0.572502]"
296,forward,14.800000,14.800539,0.000206,0.048858,2026-09-25T17:07:00.567683+00:00,2026-09-25T17:07:00.567999+00:00,0.000333,1790356020.566456,1790356020.557175,0,1,0,0.000017,0.000013,"[0.017280959286569718, -0.5785068338660405, 0.027907814739389327, -0.2996904858599463, 0.01085594794740473, 0.20552997271485224, -0.47333329314086225]","[0.017278759594743863, -0.5784893805735206, 0.02790781473938933, -0.2996730325674264, 0.01085594794740473, 0.2055125194223323, -0.4733332931408622]","[0.3819592865845847, -0.014126385625144858, 0.572505450226984]","[0.381947, -0.014126, 0.572502]"
297,forward,14.850000,14.851075,0.000215,0.050536,2026-09-25T17:07:00.617693+00:00,2026-09-25T17:07:00.618538+00:00,0.000861,1790356020.617162,1790356020.616270,0,1,0,0.000017,0.000013,"[0.01728005495629807, -0.5785068338660405, 0.027907814739389327, -0.2996904858599463, 0.01085594794740473, 0.20552997271485224, -0.47333329314086225]","[0.017278759594743863, -0.5784893805735206, 0.02790781473938933, -0.2996730325674264, 0.01085594794740473, 0.2055125194223323, -0.4733332931408622]","[0.38195927380951034, -0.014126731042484473, 0.572505450226984]","[0.381947, -0.014126, 0.572502]"
298,forward,14.900000,14.900661,0.000227,0.049586,2026-09-25T17:07:00.667707+00:00,2026-09-25T17:07:00.668123+00:00,0.000435,1790356020.666390,1790356020.657303,0,1,0,0.000017,0.000013,"[0.017279516865700305, -0.5785068338660405, 0.027907814739389327, -0.2996904858599463, 0.01085594794740473, 0.20552997271485224, -0.47333329314086225]","[0.017278759594743863, -0.5784893805735206, 0.02790781473938933, -0.2996730325674264, 0.01085594794740473, 0.2055125194223323, -0.4733332931408622]","[0.3819592662079939, -0.01412693657117639, 0.572505450226984]","[0.381947, -0.014126, 0.572502]"
299,forward,14.950000,14.951378,0.000470,0.050717,2026-09-25T17:07:00.717952+00:00,2026-09-25T17:07:00.718841+00:00,0.000908,1790356020.717234,1790356020.716336,0,1,0,0.000017,0.000013,"[0.01727892243053732, -0.5785068338660405, 0.027907814739389327, -0.2996904858599463, 0.01085594794740473, 0.20552997271485224, -0.47333329314086225]","[0.017278759594743863, -0.5784893805735206, 0.02790781473938933, -0.2996730325674264, 0.01085594794740473, 0.2055125194223323, -0.4733332931408622]","[0.3819592578103786, -0.014127163621192556, 0.572505450226984]","[0.381947, -0.014126, 0.572502]"
300,forward,15.000000,15.000573,0.000216,0.049194,2026-09-25T17:07:00.767695+00:00,2026-09-25T17:07:00.768034+00:00,0.000357,1790356020.766281,1790356020.756216,0,1,0,0.000017,0.000013,"[0.01727828998840399, -0.5785068338660405, 0.027907814739389324, -0.2996904858599463, 0.010855947947404729, 0.20552997271485224, -0.4733332931408622]","[0.017278759594743863, -0.5784893805735206, 0.02790781473938933, -0.2996730325674264, 0.01085594794740473, 0.2055125194223323, -0.4733332931408622]","[0.38195924887568866, -0.01412740518831759, 0.572505450226984]","[0.381947, -0.014126, 0.572502]"
301,forward,15.050000,15.051824,0.000389,0.051251,2026-09-25T17:07:00.817870+00:00,2026-09-25T17:07:00.819287+00:00,0.001435,1790356020.811398,1790356020.817255,0,1,0,0.000017,0.000013,"[0.017278044121210336, -0.5785068338660406, 0.02790781473938933, -0.29969048585994634, 0.010855947947404732, 0.20552997271485224, -0.47333329314086225]","[0.017278759594743863, -0.5784893805735206, 0.02790781473938933, -0.2996730325674264, 0.01085594794740473, 0.2055125194223323, -0.4733332931408622]","[0.3819592454022118, -0.014127499099565769, 0.5725054502269838]","[0.381947, -0.014126, 0.572502]"
302,forward,15.100000,15.100570,0.000207,0.048746,2026-09-25T17:07:00.867684+00:00,2026-09-25T17:07:00.868031+00:00,0.000363,1790356020.866345,1790356020.857306,0,1,0,0.000017,0.000013,"[0.01727767532041986, -0.5785068338660405, 0.02790781473938933, -0.2996904858599463, 0.01085594794740473, 0.20552997271485224, -0.47333329314086225]","[0.017278759594743863, -0.5784893805735206, 0.02790781473938933, -0.2996730325674264, 0.01085594794740473, 0.2055125194223323, -0.4733332931408622]","[0.38195924019195293, -0.01412763996643645, 0.572505450226984]","[0.381947, -0.014126, 0.572502]"
303,forward,15.150000,15.150653,0.000225,0.050083,2026-09-25T17:07:00.917703+00:00,2026-09-25T17:07:00.918113+00:00,0.000428,1790356020.917051,1790356020.916137,0,1,0,0.000017,0.000013,"[0.017276645751546447, -0.5785068338660405, 0.027907814739389327, -0.2996904858599463, 0.01085594794740473, 0.20552997271485224, -0.47333329314086225]","[0.017278759594743863, -0.5784893805735206, 0.02790781473938933, -0.2996730325674264, 0.01085594794740473, 0.2055125194223323, -0.4733332931408622]","[0.38195922564637214, -0.014128033219773573, 0.572505450226984]","[0.381947, -0.014126, 0.572502]"
304,forward,15.200000,15.200520,0.000205,0.049867,2026-09-25T17:07:00.967681+00:00,2026-09-25T17:07:00.967981+00:00,0.000315,1790356020.966428,1790356020.957883,0,1,0,0.000017,0.000013,"[0.017274506911851017, -0.5785068338660405, 0.027907814739389327, -0.29969048585994634, 0.01085594794740473, 0.20552997271485224, -0.47333329314086225]","[0.017278759594743863, -0.5784893805735206, 0.02790781473938933, -0.2996730325674264, 0.01085594794740473, 0.2055125194223323, -0.4733332931408622]","[0.3819591954279003, -0.014128850169295097, 0.5725054502269838]","[0.381947, -0.014126, 0.572502]"
305,forward,15.250000,15.250846,0.000193,0.050325,2026-09-25T17:07:01.017668+00:00,2026-09-25T17:07:01.018306+00:00,0.000653,1790356021.012448,1790356020.996874,0,1,0,0.000017,0.000013,"[0.017271660230749532, -0.5785068338660405, 0.027907814739389327, -0.2996904858599463, 0.010855947947404729, 0.20552997271485224, -0.47333329314086225]","[0.017278759594743863, -0.5784893805735206, 0.02790781473938933, -0.2996730325674264, 0.01085594794740473, 0.2055125194223323, -0.4733332931408622]","[0.38195915520602186, -0.014129937485261016, 0.572505450226984]","[0.381947, -0.014126, 0.572502]"
306,forward,15.300000,15.300974,0.000311,0.050129,2026-09-25T17:07:01.067792+00:00,2026-09-25T17:07:01.068436+00:00,0.000663,1790356021.067543,1790356021.056154,0,1,0,0.000017,0.000014,"[0.017268093875883298, -0.5785068338660405, 0.02790781473938933, -0.2996904858599463, 0.01085594794740473, 0.20552997271485224, -0.47333329314086225]","[0.017278759594743863, -0.5784893805735206, 0.02790781473938933, -0.2996730325674264, 0.01085594794740473, 0.2055125194223323, -0.4733332931408622]","[0.3819591048112214, -0.014131299687063028, 0.572505450226984]","[0.381947, -0.014126, 0.572502]"
307,forward,15.350000,15.350770,0.000207,0.049795,2026-09-25T17:07:01.117686+00:00,2026-09-25T17:07:01.118232+00:00,0.000563,1790356021.116805,1790356021.096016,0,1,0,0.000017,0.000014,"[0.017263615763507274, -0.5785068338660405, 0.027907814739389327, -0.2996904858599463, 0.01085594794740473, 0.20552997271485224, -0.47333329314086225]","[0.017278759594743863, -0.5784893805735206, 0.02790781473938933, -0.2996730325674264, 0.01085594794740473, 0.2055125194223323, -0.4733332931408622]","[0.38195904152584365, -0.014133010142715723, 0.572505450226984]","[0.381947, -0.014126, 0.572502]"
308,forward,15.400000,15.400486,0.000177,0.049716,2026-09-25T17:07:01.167652+00:00,2026-09-25T17:07:01.167946+00:00,0.000309,1790356021.166520,1790356021.156481,0,0,0,0.000021,0.000015,"[0.017258033809876425, -0.5785068338660405, 0.027907814739389327, -0.2996904858599463, 0.01085594794740473, 0.20552997271485224, -0.47333329314086225]","[0.017278759594743863, -0.5784893805735206, 0.02790781473938933, -0.2996730325674264, 0.01085594794740473, 0.2055125194223323, -0.4733332931408622]","[0.3819589626300858, -0.01413514222015421, 0.572505450226984]","[0.381947, -0.014126, 0.572502]"
309,forward,15.450000,15.450540,0.000201,0.050054,2026-09-25T17:07:01.217679+00:00,2026-09-25T17:07:01.218000+00:00,0.000339,1790356021.217176,1790356021.216309,0,1,0,0.000028,0.000017,"[0.017250980494758573, -0.5785068338660406, 0.02790781473938933, -0.2996904858599463, 0.01085594794740473, 0.20552997271485224, -0.47333329314086225]","[0.017278759594743863, -0.5784893805735206, 0.02790781473938933, -0.2996730325674264, 0.01085594794740473, 0.2055125194223323, -0.4733332931408622]","[0.38195886292097236, -0.014137836296728105, 0.572505450226984]","[0.381947, -0.014126, 0.572502]"
310,forward,15.500000,15.500573,0.000240,0.050033,2026-09-25T17:07:01.267717+00:00,2026-09-25T17:07:01.268034+00:00,0.000333,1790356021.266456,1790356021.256291,0,0,0,0.000036,0.000019,"[0.017242626132407655, -0.5785068338660405, 0.027907814739389324, -0.2996904858599463, 0.01085594794740473, 0.20552997271485224, -0.47333329314086225]","[0.017278759594743863, -0.5784893805735206, 0.02790781473938933, -0.2996730325674264, 0.01085594794740473, 0.2055125194223323, -0.4733332931408622]","[0.3819587447950356, -0.014141027318978672, 0.572505450226984]","[0.381947, -0.014126, 0.572502]"
311,forward,15.550000,15.550582,0.000230,0.050009,2026-09-25T17:07:01.317710+00:00,2026-09-25T17:07:01.318043+00:00,0.000352,1790356021.316909,1790356021.316004,0,1,0,0.000045,0.000022,"[0.01723358539080779, -0.5785068338660405, 0.027907814739389327, -0.2996904858599463, 0.010855947947404729, 0.20552997271485224, -0.47333329314086225]","[0.017278759594743863, -0.5784893805735206, 0.02790781473938933, -0.2996730325674264, 0.01085594794740473, 0.2055125194223323, -0.4733332931408622]","[0.381958616934052, -0.014144480508714218, 0.572505450226984]","[0.381947, -0.014126, 0.572502]"
312,forward,15.600000,15.600754,0.000418,0.050172,2026-09-25T17:07:01.367895+00:00,2026-09-25T17:07:01.368215+00:00,0.000336,1790356021.366337,1790356021.356268,0,0,0,0.000054,0.000025,"[0.01722447293794312, -0.5785068338660405, 0.027907814739389327, -0.2996904858599463, 0.01085594794740473, 0.20552997271485224, -0.47333329314086225]","[0.017278759594743863, -0.5784893805735206, 0.02790781473938933, -0.2996730325674264, 0.01085594794740473, 0.2055125194223323, -0.4733332931408622]","[0.3819584880272817, -0.014147961088019979, 0.572505450226984]","[0.381947, -0.014126, 0.572502]"
313,forward,15.650000,15.650549,0.000203,0.049795,2026-09-25T17:07:01.417681+00:00,2026-09-25T17:07:01.418010+00:00,0.000346,1790356021.416423,1790356021.417067,0,1,0,0.000046,0.000024,"[0.01721558765612091, -0.5785068338660405, 0.027907814739389327, -0.29969048585994623, 0.010855947947404729, 0.2055299727148522, -0.47333329314086225]","[0.01726130630222392, -0.5784893805735206, 0.02790781473938933, -0.2996730325674264, 0.01085594794740473, 0.2055125194223323, -0.4733332931408622]","[0.38195836230358277, -0.014151354896271963, 0.572505450226984]","[0.381947, -0.01413, 0.572502]"
314,forward,15.700000,15.700526,0.000205,0.049976,2026-09-25T17:07:01.467680+00:00,2026-09-25T17:07:01.467986+00:00,0.000320,1790356021.466368,1790356021.456122,0,0,0,0.000017,0.000013,"[0.017206229592174244, -0.5785068338660405, 0.027907814739389324, -0.2996904858599463, 0.01085594794740473, 0.20552997271485224, -0.47333329314086225]","[0.017208946424664088, -0.5784893805735206, 0.02790781473938933, -0.2996730325674264, 0.01085594794740473, 0.2055125194223323, -0.4733332931408622]","[0.381958229857574, -0.014154929286431674, 0.572505450226984]","[0.381946, -0.014152999999999999, 0.572502]"
315,forward,15.750000,15.750432,0.000235,0.049907,2026-09-25T17:07:01.517705+00:00,2026-09-25T17:07:01.517892+00:00,0.000197,1790356021.516913,1790356021.516000,0,1,0,0.000017,0.000014,"[0.017196835672595175, -0.5785068338660405, 0.027907814739389327, -0.2996904858599463, 0.01085594794740473, 0.20552997271485224, -0.47333329314086225]","[0.017208946424664088, -0.5784893805735206, 0.02790781473938933, -0.2996730325674264, 0.01085594794740473, 0.2055125194223323, -0.4733332931408622]","[0.3819580968704536, -0.014158517370700906, 0.572505450226984]","[0.381946, -0.014152999999999999, 0.572502]"
316,forward,15.800000,15.800678,0.000316,0.050246,2026-09-25T17:07:01.567795+00:00,2026-09-25T17:07:01.568139+00:00,0.000363,1790356021.566296,1790356021.556145,0,0,0,0.000021,0.000015,"[0.017187982148618813, -0.5785068338660405, 0.027907814739389327, -0.2996904858599463, 0.010855947947404732, 0.20552997271485224, -0.47333329314086225]","[0.017208946424664088, -0.5784893805735206, 0.02790781473938933, -0.2996730325674264, 0.01085594794740473, 0.2055125194223323, -0.4733332931408622]","[0.3819579715027107, -0.014161899045314567, 0.572505450226984]","[0.381946, -0.014152999999999999, 0.572502]"
317,forward,15.850000,15.850543,0.000199,0.049864,2026-09-25T17:07:01.617677+00:00,2026-09-25T17:07:01.618004+00:00,0.000344,1790356021.617043,1790356021.616132,0,1,0,0.000029,0.000017,"[0.017180254491500044, -0.5785068241850198, 0.027907814739389324, -0.2996904858599463, 0.01085594794740473, 0.2055299727148522, -0.47333329314086225]","[0.017208946424664088, -0.5784893805735206, 0.02790781473938933, -0.2996730325674264, 0.01085594794740473, 0.2055125194223323, -0.4733332931408622]","[0.38195785784717046, -0.01416485075739367, 0.5725054539218246]","[0.381946, -0.014152999999999999, 0.572502]"
318,forward,15.900000,15.900629,0.000305,0.050086,2026-09-25T17:07:01.667782+00:00,2026-09-25T17:07:01.668089+00:00,0.000324,1790356021.666570,1790356021.657768,0,0,0,0.000035,0.000019,"[0.01717416441233565, -0.5785065683294713, 0.02790781473938933, -0.2996904858599463, 0.01085594794740473, 0.20552997271485224, -0.47333329314086225]","[0.017208946424664088, -0.5784893805735206, 0.02790781473938933, -0.2996730325674264, 0.01085594794740473, 0.2055125194223323, -0.4733332931408622]","[0.3819576604207757, -0.01416717881989179, 0.5725055515711645]","[0.381946, -0.014152999999999999, 0.572502]"
319,forward,15.950000,15.950695,0.000325,0.050067,2026-09-25T17:07:01.717805+00:00,2026-09-25T17:07:01.718156+00:00,0.000370,1790356021.716442,1790356021.717153,0,1,0,0.000017,0.000012,"[0.017169062924179055, -0.5785062202737253, 0.027907814739389327, -0.2996904858599463, 0.01085594794740473, 0.20552997271485224, -0.47333329314086225]","[0.01715658654710426, -0.5784893805735206, 0.02790781473938933, -0.2996730325674264, 0.01085594794740473, 0.2055125194223323, -0.4733332931408622]","[0.3819574369322228, -0.014169129968575589, 0.5725056844094102]","[0.381946, -0.014166999999999999, 0.572502]"
320,forward,16.000000,16.000684,0.000322,0.049988,2026-09-25T17:07:01.767802+00:00,2026-09-25T17:07:01.768144+00:00,0.000361,1790356021.767225,1790356021.756616,0,0,0,0.000017,0.000013,"[0.017163989608305074, -0.5785061257685228, 0.027907814739389324, -0.2996904858599463, 0.01085594794740473, 0.20552997271485224, -0.47333329314086225]","[0.01715658654710426, -0.5784893805735206, 0.02790781473938933, -0.2996730325674264, 0.01085594794740473, 0.2055125194223323, -0.4733332931408622]","[0.38195732398583426, -0.01417106846389235, 0.5725057204780639]","[0.381946, -0.014166999999999999, 0.572502]"
321,forward,16.050000,16.051422,0.000678,0.050738,2026-09-25T17:07:01.818157+00:00,2026-09-25T17:07:01.818884+00:00,0.000744,1790356021.817732,1790356021.816977,0,1,0,0.000036,0.000017,"[0.0171579840459885, -0.5785066305646047, 0.027907814739389327, -0.2996904858599463, 0.01085594794740473, 0.20552997271485224, -0.47333329314086225]","[0.017121679962064373, -0.5784893805735206, 0.02790781473938933, -0.2996730325674264, 0.01085594794740473, 0.2055125194223323, -0.4733332931408622]","[0.3819574581781631, -0.014173358568956677, 0.5725055278186248]","[0.381945, -0.014183999999999999, 0.572502]"
322,forward,16.100000,16.100684,0.000186,0.049262,2026-09-25T17:07:01.867663+00:00,2026-09-25T17:07:01.868145+00:00,0.000498,1790356021.861120,1790356021.856881,0,0,0,0.000030,0.000015,"[0.017151710181096857, -0.5785068707461195, 0.027907814739389327, -0.2996904858599463, 0.010855947947404732, 0.20552997271485224, -0.47333329314086225]","[0.017121679962064373, -0.5784893805735206, 0.02790781473938933, -0.2996730325674264, 0.01085594794740473, 0.2055125194223323, -0.4733332931408622]","[0.381957473593744, -0.014175753128296801, 0.5725054361514009]","[0.381945, -0.014183999999999999, 0.572502]"
323,forward,16.150000,16.150572,0.000219,0.049888,2026-09-25T17:07:01.917698+00:00,2026-09-25T17:07:01.918032+00:00,0.000353,1790356021.916730,1790356021.916310,0,1,0,0.000025,0.000014,"[0.017146541335573667, -0.5785059418291285, 0.027907814739389327, -0.2996904858599463, 0.01085594794740473, 0.20552997271485224, -0.47333329314086225]","[0.017121679962064373, -0.5784893805735206, 0.02790781473938933, -0.2996730325674264, 0.01085594794740473, 0.2055125194223323, -0.4733332931408622]","[0.38195699675604794, -0.014177734327626711, 0.572505790679969]","[0.381945, -0.014183999999999999, 0.572502]"
324,forward,16.200000,16.200623,0.000297,0.050051,2026-09-25T17:07:01.967774+00:00,2026-09-25T17:07:01.968084+00:00,0.000326,1790356021.967131,1790356021.956012,0,0,0,0.000018,0.000013,"[0.017139748742125753, -0.5785064035984517, 0.02790781473938933, -0.2996904858599463, 0.01085594794740473, 0.20552997271485224, -0.47333329314086225]","[0.017121679962064373, -0.5784893805735206, 0.02790781473938933, -0.2996730325674264, 0.01085594794740473, 0.2055125194223323, -0.4733332931408622]","[0.3819571010555845, -0.014180325367118284, 0.572505614442076]","[0.381945, -0.014183999999999999, 0.572502]"
325,forward,16.250000,16.250567,0.000223,0.049944,2026-09-25T17:07:02.017702+00:00,2026-09-25T17:07:02.018028+00:00,0.000344,1790356022.016687,1790356022.016042,0,1,0,0.000022,0.000014,"[0.017128489561326517, -0.5785109068097704, 0.027907814739389327, -0.2996904858599463, 0.01085594794740473, 0.20552997271485224, -0.47333329314086225]","[0.017121679962064373, -0.5784893805735206, 0.02790781473938933, -0.2996730325674264, 0.01085594794740473, 0.2055125194223323, -0.4733332931408622]","[0.3819588977522371, -0.014184592377170796, 0.5725038957512105]","[0.381945, -0.014183999999999999, 0.572502]"
326,forward,16.300000,16.301691,0.000695,0.051124,2026-09-25T17:07:02.068176+00:00,2026-09-25T17:07:02.069154+00:00,0.000996,1790356022.067791,1790356022.055964,0,0,0,0.000032,0.000020,"[0.017110461042018098, -0.5785212179164264, 0.027907814739389327, -0.2996904858599463, 0.01085594794740473, 0.20552997271485224, -0.47333329314086225]","[0.017121679962064373, -0.5784893805735206, 0.02790781473938933, -0.2996730325674264, 0.01085594794740473, 0.2055125194223323, -0.4733332931408622]","[0.381963121502876, -0.01419140187375447, 0.5724999603919732]","[0.381945, -0.014183999999999999, 0.572502]"
327,forward,16.350000,16.350681,0.000229,0.048990,2026-09-25T17:07:02.117710+00:00,2026-09-25T17:07:02.118143+00:00,0.000452,1790356022.115976,1790356022.116822,0,1,0,0.000043,0.000024,"[0.017088205194871173, -0.5785326110436239, 0.027907814739389327, -0.2996904858599463, 0.01085594794740473, 0.20552997271485224, -0.47333329314086225]","[0.01706932008450454, -0.5784893805735206, 0.02790781473938933, -0.2996730325674264, 0.01085594794740473, 0.2055125194223323, -0.4733332931408622]","[0.38196775513241144, -0.014199818195657417, 0.5724956120127174]","[0.381945, -0.014202, 0.572502]"
328,forward,16.400000,16.401507,0.000425,0.050825,2026-09-25T17:07:02.167903+00:00,2026-09-25T17:07:02.168970+00:00,0.001082,1790356022.161297,1790356022.157136,0,0,0,0.000059,0.000033,"[0.01706121384312988, -0.5785480584184001, 0.027907814739389327, -0.2996904858599463, 0.01085594794740473, 0.20552997271485224, -0.47333329314086225]","[0.01706932008450454, -0.5784893805735206, 0.02790781473938933, -0.2996730325674264, 0.01085594794740473, 0.2055125194223323, -0.4733332931408622]","[0.3819740825151815, -0.014210013511110951, 0.5724897161713828]","[0.381945, -0.014202, 0.572502]"
329,forward,16.450000,16.450556,0.000197,0.049049,2026-09-25T17:07:02.217677+00:00,2026-09-25T17:07:02.218016+00:00,0.000359,1790356022.217201,1790356022.216285,0,1,0,0.000041,0.000024,"[0.017027835066586873, -0.5785726694683728, 0.027907814739389327, -0.2996904858599463, 0.01085594794740473, 0.20552997271485224, -0.47333329314086225]","[0.01706932008450454, -0.5785591937436003, 0.02790781473938933, -0.2996730325674264, 0.01085594794740473, 0.2055125194223323, -0.4733332931408622]","[0.3819842995718697, -0.014222581258639951, 0.5724803225911603]","[0.381973, -0.014202, 0.572477]"
330,forward,16.500000,16.500443,0.000241,0.049888,2026-09-25T17:07:02.267710+00:00,2026-09-25T17:07:02.267903+00:00,0.000203,1790356022.260316,1790356022.257426,0,1,0,0.000052,0.000031,"[0.016986416945034808, -0.5786115536211602, 0.027907814739389327, -0.2996904858599463, 0.01085594794740473, 0.20552997271485224, -0.47333329314086225]","[0.016982053621904827, -0.5785591937436003, 0.02790781473938933, -0.2996730325674264, 0.01085594794740473, 0.2055125194223323, -0.4733332931408622]","[0.38200060184508167, -0.014238115361978937, 0.5724654806965954]","[0.381972, -0.014237, 0.572477]"
331,forward,16.550000,16.550694,0.000233,0.050251,2026-09-25T17:07:02.317716+00:00,2026-09-25T17:07:02.318155+00:00,0.000461,1790356022.316438,1790356022.317122,0,1,0,0.000104,0.000061,"[0.016934421411922567, -0.5786627400975384, 0.027907814739389327, -0.2996903987819819, 0.01085594794740473, 0.20552997271485224, -0.47333329314086225]","[0.01689478715930511, -0.5785591937436003, 0.02790781473938933, -0.2996730325674264, 0.01085594794740473, 0.2055125194223323, -0.4733332931408622]","[0.3820220808387972, -0.01425760198963756, 0.5724459604899287]","[0.381971, -0.014267, 0.572477]"
332,forward,16.600000,16.601458,0.000340,0.050764,2026-09-25T17:07:02.367819+00:00,2026-09-25T17:07:02.368922+00:00,0.001118,1790356022.365479,1790356022.356144,0,1,0,0.000165,0.000095,"[0.01687320329793183, -0.5787237715061289, 0.027907814739389324, -0.29969023999275257, 0.010855947947404729, 0.20552997271485224, -0.47333329314086225]","[0.016807520696705394, -0.5785591937436003, 0.02790781473938933, -0.2996730325674264, 0.01085594794740473, 0.2055125194223323, -0.4733332931408622]","[0.38204768987467524, -0.014280542909111932, 0.5724226960175872]","[0.38197, -0.014282999999999999, 0.572477]"
333,forward,16.650000,16.651383,0.000420,0.049925,2026-09-25T17:07:02.417897+00:00,2026-09-25T17:07:02.418847+00:00,0.000963,1790356022.411598,1790356022.416755,0,1,0,0.000187,0.000107,"[0.016806950028704457, -0.5787990273563188, 0.027907814739389327, -0.2996901631592546, 0.010855947947404732, 0.20552997271485224, -0.47333329314086225]","[0.01672025423410568, -0.5786115536211601, 0.02790781473938933, -0.2996730325674264, 0.01085594794740473, 0.2055125194223323, -0.4733332931408622]","[0.3820794166097629, -0.014305306151984271, 0.5723939819503652]","[0.381995, -0.014334, 0.572454]"
334,forward,16.700000,16.701567,0.000280,0.050184,2026-09-25T17:07:02.467760+00:00,2026-09-25T17:07:02.469030+00:00,0.001287,1790356022.465743,1790356022.456069,0,1,0,0.000212,0.000123,"[0.01673984902988232, -0.5788928871574949, 0.027907814739389327, -0.29969032194848383, 0.01085594794740473, 0.20552997271485224, -0.47333329314086225]","[0.01668534764906579, -0.5786813667912399, 0.02790781473938933, -0.2996730325674264, 0.01085594794740473, 0.2055125194223323, -0.4733332931408622]","[0.38211924837104455, -0.014330259942598414, 0.5723581121601765]","[0.382023, -0.014360999999999999, 0.5724279999999999]"
335,forward,16.750000,16.750568,0.000215,0.049002,2026-09-25T17:07:02.517695+00:00,2026-09-25T17:07:02.518030+00:00,0.000354,1790356022.516818,1790356022.515840,0,1,0,0.000239,0.000139,"[0.01667348261052353, -0.5790073479659376, 0.027907814739389327, -0.29969075385518734, 0.010855947947404729, 0.2055299727148522, -0.47333329314086225]","[0.01663298777150596, -0.5787686332538396, 0.02790781473938933, -0.2996730325674264, 0.01085594794740473, 0.2055125194223323, -0.4733332931408622]","[0.38216807961019444, -0.014354786498349634, 0.5723143137956039]","[0.382057, -0.014365, 0.572398]"
336,forward,16.800000,16.801050,0.000276,0.050482,2026-09-25T17:07:02.567753+00:00,2026-09-25T17:07:02.568513+00:00,0.000774,1790356022.567044,1790356022.555723,0,1,0,0.000281,0.000165,"[0.016602065874117836, -0.5791371258907662, 0.027907814739389324, -0.2996912005139225, 0.01085594794740473, 0.20552997271485224, -0.47333329314086225]","[0.016598081186466076, -0.5788558997164394, 0.02790781473938933, -0.2996730325674264, 0.01085594794740473, 0.2055125194223323, -0.4733332931408622]","[0.38222348501920167, -0.014381139420278747, 0.5722646565536792]","[0.38209299999999996, -0.014383, 0.572365]"
337,forward,16.850000,16.850534,0.000199,0.049484,2026-09-25T17:07:02.617677+00:00,2026-09-25T17:07:02.617995+00:00,0.000335,1790356022.616950,1790356022.616055,0,1,0,0.000325,0.000184,"[0.01653031107032087, -0.579285840711739, 0.027907814739389327, -0.2996919135287841, 0.01085594794740473, 0.20552997271485224, -0.47333329314086225]","[0.01656317460142619, -0.5789606194715591, 0.02790781473938933, -0.2996730325674264, 0.01085594794740473, 0.2055125194223323, -0.4733332931408622]","[0.3822871453604177, -0.014407491034479771, 0.572207701828009]","[0.382143, -0.014391999999999999, 0.572321]"
338,forward,16.900000,16.900620,0.000311,0.050086,2026-09-25T17:07:02.667786+00:00,2026-09-25T17:07:02.668081+00:00,0.000309,1790356022.666073,1790356022.655658,0,1,0,0.000236,0.000140,"[0.01646413437847985, -0.5794581792722352, 0.027907814739389327, -0.2996932002337642, 0.01085594794740473, 0.20552997271485224, -0.47333329314086225]","[0.016510814723866358, -0.5792224188593581, 0.02790781473938933, -0.2996730325674264, 0.01085594794740473, 0.2055125194223323, -0.4733332931408622]","[0.38236123098044356, -0.014431544497327059, 0.5721415901369418]","[0.382251, -0.014412999999999999, 0.572226]"
339,forward,16.950000,16.950550,0.000212,0.049930,2026-09-25T17:07:02.717691+00:00,2026-09-25T17:07:02.718011+00:00,0.000338,1790356022.716730,1790356022.715841,0,1,0,0.000174,0.000111,"[0.016409275926786877, -0.5796585781945416, 0.027907820117734187, -0.29969536284062176, 0.01085594794740473, 0.20552997271485224, -0.47333329314086225]","[0.016510814723866358, -0.5794842182471572, 0.02790781473938933, -0.2996730325674264, 0.01085594794740473, 0.2055125194223323, -0.4733332931408622]","[0.3824477989630482, -0.014451070290720524, 0.5720645565522294]","[0.382364, -0.014411, 0.572126]"
340,forward,17.000000,17.001578,0.000300,0.051028,2026-09-25T17:07:02.767779+00:00,2026-09-25T17:07:02.769041+00:00,0.001278,1790356022.765959,1790356022.755724,0,0,0,0.000259,0.000156,"[0.016364376223328064, -0.5798832549655512, 0.02790796225970552, -0.29969842900941585, 0.01085594794740473, 0.20552997271485224, -0.47333329314086225]","[0.016441001553786586, -0.5796238445873169, 0.02790781473938933, -0.2996730325674264, 0.01085594794740473, 0.2055125194223323, -0.4733332931408622]","[0.3825451893677555, -0.014466603452938216, 0.5719780321736463]","[0.382424, -0.014438, 0.572072]"
341,forward,17.050000,17.050529,0.000200,0.048951,2026-09-25T17:07:02.817678+00:00,2026-09-25T17:07:02.817989+00:00,0.000329,1790356022.816707,1790356022.815819,0,1,0,0.000351,0.000206,"[0.016327077913939607, -0.5801321035550364, 0.02790815562400886, -0.2997022122908582, 0.01085594794740473, 0.20552997271485224, -0.47333329314086225]","[0.016441001553786586, -0.5797809242199964, 0.02790781473938933, -0.2996730325674264, 0.01085594794740473, 0.2055125194223323, -0.4733332931408622]","[0.3826532821743358, -0.01447905435191531, 0.571882090773103]","[0.382496, -0.014437, 0.572009]"
342,forward,17.100000,17.101472,0.000298,0.050943,2026-09-25T17:07:02.867778+00:00,2026-09-25T17:07:02.868936+00:00,0.001174,1790356022.866182,1790356022.856368,0,1,0,0.000419,0.000269,"[0.016297188914876477, -0.5804089272211492, 0.02790820812689917, -0.2997065590179526, 0.01085594794740473, 0.20552997271485224, -0.47333329314086225]","[0.016423548261266643, -0.5799903637302357, 0.02790781473938933, -0.2996730325674264, 0.01085594794740473, 0.2055125194223323, -0.4733332931408622]","[0.38277368745845597, -0.014488485824869442, 0.5717753044386967]","[0.382569, -0.014443, 0.571944]"
343,forward,17.150000,17.150523,0.000216,0.049051,2026-09-25T17:07:02.917693+00:00,2026-09-25T17:07:02.917984+00:00,0.000307,1790356022.916550,1790356022.915642,0,1,0,0.000256,0.000155,"[0.016274517142393637, -0.5807175292220415, 0.02790792768463141, -0.2997113155237031, 0.01085594794740473, 0.20552997271485224, -0.47333329314086225]","[0.01635373509118687, -0.5804616026282742, 0.02790781473938933, -0.2996730325674264, 0.01085594794740473, 0.2055125194223323, -0.4733332931408622]","[0.3829080127845083, -0.014494960509671723, 0.5716562425086092]","[0.382789, -0.014459999999999999, 0.57175]"
344,forward,17.200000,17.200525,0.000186,0.050002,2026-09-25T17:07:02.967664+00:00,2026-09-25T17:07:02.967986+00:00,0.000339,1790356022.966115,1790356022.958344,0,1,0,0.000250,0.000155,"[0.01626039325023204, -0.5810606949256828, 0.027907376276227313, -0.29971664940758, 0.010855947947404729, 0.20552997271485224, -0.4733332931408622]","[0.01635373509118687, -0.5808106684786729, 0.02790781473938933, -0.2996730325674264, 0.01085594794740473, 0.2055125194223323, -0.4733332931408622]","[0.38305750376127407, -0.014497940474337901, 0.5715237896936461]","[0.38294, -0.014457999999999999, 0.571616]"
345,forward,17.250000,17.250557,0.000232,0.050032,2026-09-25T17:07:03.017711+00:00,2026-09-25T17:07:03.018018+00:00,0.000325,1790356023.016418,1790356023.017104,0,1,0,0.000539,0.000321,"[0.01625587800166532, -0.5814365392990336, 0.027906782097175998, -0.29972282067414063, 0.010855947947404732, 0.20552997271485224, -0.47333329314086225]","[0.01635373509118687, -0.5808979349412727, 0.02790781473938933, -0.2996730325674264, 0.01085594794740473, 0.2055125194223323, -0.4733332931408622]","[0.38322139415237705, -0.014497008108461757, 0.5713785944843663]","[0.38297699999999996, -0.014457, 0.571583]"
346,forward,17.300000,17.300576,0.000237,0.050019,2026-09-25T17:07:03.067717+00:00,2026-09-25T17:07:03.068037+00:00,0.000339,1790356023.066091,1790356023.059327,0,1,0,0.000717,0.000426,"[0.016257401866042628, -0.5818422001918475, 0.02790577813946859, -0.29972923780789495, 0.01085594794740473, 0.20552997271485224, -0.47333329314086225]","[0.01635373509118687, -0.581124827744032, 0.02790781473938933, -0.2996730325674264, 0.01085594794740473, 0.2055125194223323, -0.4733332931408622]","[0.38339826897296675, -0.014493584030025923, 0.5712218668741269]","[0.383075, -0.014456, 0.5714969999999999]"
347,forward,17.350000,17.350560,0.000208,0.049983,2026-09-25T17:07:03.117689+00:00,2026-09-25T17:07:03.118021+00:00,0.000352,1790356023.116309,1790356023.117309,0,0,0,0.000487,0.000294,"[0.016261276835459224, -0.5822748347646983, 0.02790398023561502, -0.2997352861408587, 0.01085594794740473, 0.20552997271485224, -0.47333329314086225]","[0.016266468628587154, -0.5817880528597899, 0.02790781473938933, -0.2996730325674264, 0.01085594794740473, 0.2055125194223323, -0.4733332931408622]","[0.3835867164400648, -0.014489137747293268, 0.5710548155335387]","[0.383361, -0.01449, 0.571243]"
348,forward,17.400000,17.400606,0.000286,0.050046,2026-09-25T17:07:03.167763+00:00,2026-09-25T17:07:03.168066+00:00,0.000320,1790356023.166298,1790356023.156932,0,1,0,0.000334,0.000251,"[0.016264495954136756, -0.582732455795993, 0.027901032902631132, -0.2997404460736962, 0.010855968436337534, 0.20552997271485224, -0.47333329314086225]","[0.016336281798666925, -0.5823989180979878, 0.02790781473938933, -0.2996730325674264, 0.01085594794740473, 0.2055125194223323, -0.4733332931408622]","[0.3837857235545186, -0.01448487053618328, 0.5708783014711618]","[0.383594, -0.014456, 0.5710379999999999]"
349,forward,17.450000,17.450540,0.000204,0.049934,2026-09-25T17:07:03.217684+00:00,2026-09-25T17:07:03.218001+00:00,0.000336,1790356023.216992,1790356023.216211,0,1,0,0.000314,0.000199,"[0.0162702356725502, -0.5832195576355872, 0.027897005546776803, -0.2997451329170751, 0.010856136189474869, 0.20552997271485224, -0.47333329314086225]","[0.016318828506146982, -0.5829050635810662, 0.02790781473938933, -0.2996730325674264, 0.01085594794740473, 0.2055125194223323, -0.4733332931408622]","[0.38399734297383964, -0.014479521452851907, 0.5706904942583978]","[0.38384399999999996, -0.014459, 0.570816]"
350,forward,17.500000,17.501552,0.000309,0.051012,2026-09-25T17:07:03.267789+00:00,2026-09-25T17:07:03.269016+00:00,0.001243,1790356023.265909,1790356023.256848,0,1,0,0.000445,0.000275,"[0.01627796537856225, -0.5837335614439533, 0.0278921202168613, -0.29974937924839884, 0.010856316748195207, 0.20552997271485224, -0.47333329314086225]","[0.01630137521362704, -0.583289036016505, 0.02790781473938933, -0.2996730325674264, 0.01085594794740473, 0.2055125194223323, -0.4733332931408622]","[0.384220442550315, -0.014473292528926996, 0.5704923584115613]","[0.38400999999999996, -0.014462, 0.570669]"
351,forward,17.550000,17.550536,0.000201,0.048984,2026-09-25T17:07:03.317681+00:00,2026-09-25T17:07:03.317997+00:00,0.000335,1790356023.316351,1790356023.315509,0,1,0,0.000754,0.000455,"[0.01628572581797351, -0.5842698572112104, 0.027886568996629658, -0.29975303140067117, 0.010856318028753507, 0.20552997271485224, -0.47333329314086225]","[0.01630137521362704, -0.5835159288192642, 0.02790781473938933, -0.2996730325674264, 0.01085594794740473, 0.2055125194223323, -0.4733332931408622]","[0.3844529589964337, -0.014466954094399158, 0.570285681033569]","[0.384108, -0.014459999999999999, 0.570583]"
352,forward,17.600000,17.600700,0.000211,0.050164,2026-09-25T17:07:03.367689+00:00,2026-09-25T17:07:03.368161+00:00,0.000490,1790356023.366253,1790356023.356499,0,1,0,0.000645,0.000432,"[0.01629155773658457, -0.5848238349274776, 0.027880543969826917, -0.2997559357068961, 0.01085594794740473, 0.20552997271485224, -0.47333329314086225]","[0.01630137521362704, -0.5841791539350221, 0.02790781473938933, -0.2996730325674264, 0.01085594794740473, 0.2055125194223323, -0.4733332931408622]","[0.38469283229828505, -0.014461278263020289, 0.5700722528572746]","[0.38436499999999996, -0.014456, 0.570354]"
353,forward,17.650000,17.650514,0.000199,0.049814,2026-09-25T17:07:03.417675+00:00,2026-09-25T17:07:03.417975+00:00,0.000316,1790356023.416803,1790356023.415928,0,0,0,0.000535,0.000325,"[0.016295330517448803, -0.5853952948256599, 0.027873955497372063, -0.29975722779022107, 0.010855666224578672, 0.20552997271485224, -0.47333329314086225]","[0.01630137521362704, -0.5848598323432997, 0.02790781473938933, -0.2996730325674264, 0.01085594794740473, 0.2055125194223323, -0.4733332931408622]","[0.3849398184485646, -0.014456333795148208, 0.5698523150975672]","[0.384692, -0.014450999999999999, 0.570063]"
354,forward,17.700000,17.701221,0.000382,0.050707,2026-09-25T17:07:03.467857+00:00,2026-09-25T17:07:03.468684+00:00,0.000840,1790356023.465794,1790356023.455520,0,1,0,0.000656,0.000432,"[0.016298142879587845, -0.5859868031445912, 0.027866713940184074, -0.29975714455393154, 0.010855497190883037, 0.20552997271485224, -0.47333329314086225]","[0.01630137521362704, -0.5853310712413383, 0.02790781473938933, -0.2996730325674264, 0.01085594794740473, 0.2055125194223323, -0.4733332931408622]","[0.38519506986167906, -0.014451685980334429, 0.5696248177614905]","[0.384868, -0.014447999999999999, 0.5699069999999999]"
355,forward,17.750000,17.750504,0.000194,0.049283,2026-09-25T17:07:03.517670+00:00,2026-09-25T17:07:03.517965+00:00,0.000310,1790356023.516219,1790356023.515348,0,0,0,0.000830,0.000493,"[0.01629987957275466, -0.5865978988832831, 0.027859011382007987, -0.2997571842512389, 0.010854595677839652, 0.20552997271485224, -0.47333329314086225]","[0.01630137521362704, -0.5857674035543369, 0.02790781473938933, -0.2996730325674264, 0.01085594794740473, 0.2055125194223323, -0.4733332931408622]","[0.38545862327080277, -0.014447353295276095, 0.5693896172877541]","[0.385086, -0.014443999999999999, 0.569712]"
356,forward,17.800000,17.801676,0.000300,0.051172,2026-09-25T17:07:03.567779+00:00,2026-09-25T17:07:03.569141+00:00,0.001376,1790356023.565778,1790356023.556497,0,1,0,0.000710,0.000457,"[0.016300425346702233, -0.587228121040748, 0.02785103990658885, -0.29975884513535433, 0.010852116516970343, 0.20552997271485224, -0.47333329314086225]","[0.01630137521362704, -0.5865178951326945, 0.02790781473938933, -0.2996730325674264, 0.01085594794740473, 0.2055125194223323, -0.4733332931408622]","[0.3857305146389993, -0.014443354413242383, 0.5691465695081848]","[0.385385, -0.014438999999999999, 0.569445]"
357,forward,17.850000,17.850927,0.000210,0.049250,2026-09-25T17:07:03.617689+00:00,2026-09-25T17:07:03.618390+00:00,0.000716,1790356023.616484,1790356023.615634,0,0,0,0.000749,0.000449,"[0.016299524345882162, -0.58787803157719, 0.027844256584383022, -0.2997619322028599, 0.010847897282260302, 0.2055299727148522, -0.47333329314086225]","[0.01630137521362704, -0.5871287603708925, 0.02790781473938933, -0.2996730325674264, 0.01085594794740473, 0.2055125194223323, -0.4733332931408622]","[0.38601095483576037, -0.014439667642717358, 0.5688954694029719]","[0.38567199999999996, -0.014435, 0.56919]"
358,forward,17.900000,17.901348,0.000335,0.050422,2026-09-25T17:07:03.667814+00:00,2026-09-25T17:07:03.668812+00:00,0.001014,1790356023.665713,1790356023.656359,0,1,0,0.000740,0.000459,"[0.0162968602723943, -0.5885499161867305, 0.02784149698124596, -0.2997626708288875, 0.010843457074409969, 0.20552997271485224, -0.47333329314086225]","[0.01630137521362704, -0.5878094387791702, 0.02790781473938933, -0.2996730325674264, 0.01085594794740473, 0.2055125194223323, -0.4733332931408622]","[0.38630032241290635, -0.01443620390872825, 0.5686361633175074]","[0.38595399999999996, -0.01443, 0.568937]"
359,forward,17.950000,17.951701,0.000194,0.050352,2026-09-25T17:07:03.717671+00:00,2026-09-25T17:07:03.719164+00:00,0.001506,1790356023.716260,1790356023.716946,0,0,0,0.000611,0.000370,"[0.016293115407701012, -0.5892404406028897, 0.027837682198069473, -0.2997656581152904, 0.010837244573872069, 0.20552997271485224, -0.47333329314086225]","[0.01630137521362704, -0.5886297435276076, 0.02780309498426967, -0.2996730325674264, 0.01085594794740473, 0.2055125194223323, -0.4733332931408622]","[0.3865978671810942, -0.014433097668973221, 0.5683690258900551]","[0.386318, -0.014431999999999999, 0.568611]"
360,forward,18.000000,18.001563,0.000216,0.049862,2026-09-25T17:07:03.767694+00:00,2026-09-25T17:07:03.769026+00:00,0.001347,1790356023.766097,1790356023.757337,0,1,0,0.000635,0.000393,"[0.016289058086782455, -0.5899457247340177, 0.027827011305753376, -0.29977634924042756, 0.010827377359945219, 0.20552997271485224, -0.47333329314086225]","[0.01630137521362704, -0.5893104219358853, 0.02780309498426967, -0.2996730325674264, 0.01085594794740473, 0.2055125194223323, -0.4733332931408622]","[0.38690273788612684, -0.014430504262835236, 0.5680944753180986]","[0.386606, -0.014426999999999999, 0.568352]"
361,forward,18.050000,18.050383,0.000105,0.048821,2026-09-25T17:07:03.817573+00:00,2026-09-25T17:07:03.817843+00:00,0.000278,1790356023.817096,1790356023.796839,0,0,0,0.000881,0.000573,"[0.016285421249987376, -0.5906623065139162, 0.027804201181751767, -0.299799836318769, 0.010812099582310426, 0.20552997271485224, -0.47333329314086225]","[0.016283921921107097, -0.5897816608339239, 0.02780309498426967, -0.2996730325674264, 0.01085594794740473, 0.2055125194223323, -0.4733332931408622]","[0.3872142105802868, -0.014428549966884833, 0.5678128394008158]","[0.386816, -0.014431, 0.568225]"
362,forward,18.100000,18.100427,0.000233,0.050044,2026-09-25T17:07:03.867702+00:00,2026-09-25T17:07:03.867887+00:00,0.000194,1790356023.866086,1790356023.856913,0,1,0,0.000465,0.000343,"[0.016281722229281235, -0.5913984687473386, 0.027779017209995465, -0.2998299622211178, 0.010793567342589013, 0.20552997271485224, -0.47333329314086225]","[0.016283921921107097, -0.5909335781402402, 0.02780309498426967, -0.2996730325674264, 0.010873401239924673, 0.2055125194223323, -0.4733332931408622]","[0.3875349455391145, -0.014426620544800421, 0.5675220612809002]","[0.38727799999999996, -0.014424, 0.567749]"
363,forward,18.150000,18.150317,0.000100,0.049890,2026-09-25T17:07:03.917568+00:00,2026-09-25T17:07:03.917777+00:00,0.000216,1790356023.910569,1790356023.896174,0,0,0,0.000554,0.000431,"[0.016277854174879456, -0.5921509452935062, 0.027748280737449223, -0.299867745862102, 0.010771408561761254, 0.20552997271485224, -0.47333329314086225]","[0.016283921921107097, -0.591596803255998, 0.02780309498426967, -0.29977775232254605, 0.0108035880698449, 0.2055125194223323, -0.4733332931408622]","[0.3878636387496311, -0.014425032622824997, 0.5672232111485145]","[0.38753899999999997, -0.014417999999999999, 0.567507]"
364,forward,18.200000,18.200555,0.000195,0.050238,2026-09-25T17:07:03.967674+00:00,2026-09-25T17:07:03.968016+00:00,0.000360,1790356023.965890,1790356023.956249,0,1,0,0.000981,0.000601,"[0.016274239671021134, -0.5929090562961951, 0.02769985207142654, -0.2999201790900413, 0.010743164567890644, 0.20552997271485224, -0.47333329314086225]","[0.016283921921107097, -0.5919284158138769, 0.02780309498426967, -0.29977775232254605, 0.010663961729685353, 0.2055125194223323, -0.4733332931408622]","[0.38819667195190843, -0.01442462894598773, 0.5669191007168037]","[0.387748, -0.014414999999999999, 0.567319]"
365,forward,18.250000,18.251242,0.000333,0.050687,2026-09-25T17:07:04.017814+00:00,2026-09-25T17:07:04.018705+00:00,0.000909,1790356024.016591,1790356024.017276,0,0,0,0.000809,0.000566,"[0.016271301301945353, -0.5936621218991808, 0.027621591519240915, -0.299994253753255, 0.010706376689040675, 0.20552997271485224, -0.47333329314086225]","[0.016283921921107097, -0.5928534403174339, 0.02748893571891069, -0.29977775232254605, 0.010681415022205296, 0.2055125194223323, -0.4733332931408622]","[0.38853043507777235, -0.014426252708912271, 0.5666125526194897]","[0.388109, -0.014435, 0.566991]"
366,forward,18.300000,18.301119,0.000306,0.049877,2026-09-25T17:07:04.067788+00:00,2026-09-25T17:07:04.068581+00:00,0.000813,1790356024.065666,1790356024.058043,0,1,0,0.000890,0.000592,"[0.016269315770689626, -0.5944065219129263, 0.02750826989546206, -0.30009295078657683, 0.010662708626555047, 0.20552997271485224, -0.47333329314086225]","[0.016283921921107097, -0.5935166654331917, 0.027366762671271087, -0.2998475654926258, 0.010663961729685353, 0.2055125194223323, -0.4733332931408622]","[0.3888638280264675, -0.014430222688456527, 0.5663043631451139]","[0.38842499999999996, -0.014438999999999999, 0.566701]"
367,forward,18.350000,18.350823,0.000217,0.049704,2026-09-25T17:07:04.117697+00:00,2026-09-25T17:07:04.118285+00:00,0.000607,1790356024.117010,1790356024.098012,0,0,0,0.001005,0.000636,"[0.016268052115758925, -0.5951503067976867, 0.02736830692213655, -0.30021140063656965, 0.010615652462918589, 0.20552997271485224, -0.47333329314086225]","[0.016283921921107097, -0.5941449839639097, 0.027366762671271087, -0.2999871918327853, 0.010663961729685353, 0.2055125194223323, -0.4733332931408622]","[0.3891996366210106, -0.014435927631818632, 0.5659922858087539]","[0.38872799999999996, -0.014433, 0.566419]"
368,forward,18.400000,18.401434,0.000213,0.050611,2026-09-25T17:07:04.167691+00:00,2026-09-25T17:07:04.168897+00:00,0.001221,1790356024.165425,1790356024.157889,0,1,0,0.000838,0.000646,"[0.016267275072982326, -0.5958909082145126, 0.02720159564703512, -0.3003497426791986, 0.01055831341613101, 0.20552997271485224, -0.47333329314086225]","[0.016283921921107097, -0.5950525551749467, 0.0273318560862312, -0.3000046451253053, 0.010663961729685353, 0.2055125194223323, -0.4733332931408622]","[0.3895366722131814, -0.014443495651491448, 0.56567740916417]","[0.38906199999999996, -0.014431, 0.5661149999999999]"
369,forward,18.450000,18.450946,0.000207,0.049512,2026-09-25T17:07:04.217687+00:00,2026-09-25T17:07:04.218408+00:00,0.000739,1790356024.210504,1790356024.215877,0,1,0,0.000962,0.000586,"[0.016266754141865777, -0.5966253680737306, 0.027007675069169707, -0.300508322665205, 0.010483507554127839, 0.20552997271485224, -0.47333329314086225]","[0.016283921921107097, -0.5956634204131447, 0.027244589623631483, -0.3003537109757042, 0.010663961729685353, 0.2055125194223323, -0.4733332931408622]","[0.38987360846203034, -0.014453084083270742, 0.5653609422777038]","[0.389438, -0.014431, 0.5657519999999999]"
370,forward,18.500000,18.501317,0.000314,0.050371,2026-09-25T17:07:04.267794+00:00,2026-09-25T17:07:04.268780+00:00,0.001002,1790356024.265612,1790356024.256340,0,1,0,0.000901,0.000567,"[0.016266304717124716, -0.5973502217992478, 0.026784463103188712, -0.30068806085500566, 0.01038693742569805, 0.20552997271485224, -0.4733332931408622]","[0.016266468628587154, -0.5964488185765422, 0.026982790235832336, -0.30045843073082384, 0.01054178868204575, 0.2055125194223323, -0.4733332931408622]","[0.3902090208087674, -0.014464961831071753, 0.5650441393923107]","[0.389789, -0.014463, 0.565425]"
371,forward,18.550000,18.550702,0.000175,0.049385,2026-09-25T17:07:04.317652+00:00,2026-09-25T17:07:04.318165+00:00,0.000527,1790356024.316480,1790356024.315566,0,1,0,0.000775,0.000488,"[0.016266145927895482, -0.5980615032971194, 0.02652179959464854, -0.3008926092984283, 0.010284442051568277, 0.20552997271485224, -0.47333329314086225]","[0.016283921921107097, -0.5972865766174995, 0.0266860842629933, -0.300702776826103, 0.010402162341886203, 0.2055125194223323, -0.4733332931408622]","[0.39054190593438504, -0.014479863841654016, 0.5647275994514068]","[0.39017999999999997, -0.014462, 0.565055]"
372,forward,18.600000,18.601526,0.000353,0.050824,2026-09-25T17:07:04.367833+00:00,2026-09-25T17:07:04.368991+00:00,0.001174,1790356024.365660,1790356024.357801,0,1,0,0.000833,0.000557,"[0.0162662227613935, -0.5987656956242405, 0.026230815258739736, -0.30111782851393387, 0.010164751340582564, 0.20552997271485224, -0.47333329314086225]","[0.01621410875102732, -0.5979323484407374, 0.026581364507873642, -0.3008074965812227, 0.010314895879286487, 0.2055125194223323, -0.4733332931408622]","[0.39087433517904746, -0.014496909464591024, 0.5644097589997227]","[0.390466, -0.014461, 0.5647869999999999]"
373,forward,18.650000,18.650519,0.000172,0.048993,2026-09-25T17:07:04.417651+00:00,2026-09-25T17:07:04.417980+00:00,0.000348,1790356024.416167,1790356024.415304,0,1,0,0.000718,0.000547,"[0.01626638155062273, -0.5994710967983973, 0.025927260962555564, -0.30135791757242203, 0.010009425253217125, 0.20552997271485224, -0.47333329314086225]","[0.016283921921107097, -0.5987526531891747, 0.026389378290154263, -0.3008074965812227, 0.01017526953912694, 0.2055125194223323, -0.4733332931408622]","[0.3912088358145379, -0.01451488283056841, 0.564088771409261]","[0.390816, -0.014473999999999999, 0.5644669999999999]"
374,forward,18.700000,18.700642,0.000168,0.050123,2026-09-25T17:07:04.467643+00:00,2026-09-25T17:07:04.468103+00:00,0.000474,1790356024.465694,1790356024.456931,0,1,0,0.000623,0.000449,"[0.01626646862858715, -0.600186004837375, 0.025626887573189244, -0.3016070755447926, 0.00980002374994816, 0.20552997271485224, -0.47333329314086225]","[0.016231562043547264, -0.5996253178151719, 0.026249751949994717, -0.3010692959690218, 0.010140362954087054, 0.2055125194223323, -0.4733332931408622]","[0.3915479307167544, -0.014532562727723651, 0.5637627820552804]","[0.391227, -0.014501, 0.564075]"
375,forward,18.750000,18.750593,0.000237,0.049951,2026-09-25T17:07:04.517710+00:00,2026-09-25T17:07:04.518054+00:00,0.000356,1790356024.516942,1790356024.516124,0,1,0,0.000900,0.000616,"[0.01626646862858715, -0.6009096821395931, 0.02532952861806173, -0.30186615912454856, 0.009548526453674626, 0.20552997271485224, -0.47333329314086225]","[0.01619665545850738, -0.6000092902506106, 0.02600540585471551, -0.3014009085269008, 0.01000073661392751, 0.2055125194223323, -0.4733332931408622]","[0.39189160699905906, -0.014549953972470804, 0.563431668808057]","[0.39144399999999996, -0.014525, 0.563854]"
376,forward,18.800000,18.801504,0.000306,0.050911,2026-09-25T17:07:04.567785+00:00,2026-09-25T17:07:04.568968+00:00,0.001198,1790356024.565929,1790356024.555315,0,0,0,0.000826,0.000577,"[0.01626646862858715, -0.6016377030955655, 0.025026565939812263, -0.3021382019543032, 0.009262943256564675, 0.20552997271485224, -0.47333329314086225]","[0.016231562043547264, -0.600812141706528, 0.025586526834236872, -0.30181978754737937, 0.009704030641088473, 0.2055125194223323, -0.4733332931408622]","[0.39223846328664386, -0.01456773085936488, 0.5630964564053017]","[0.391816, -0.014542999999999999, 0.563489]"
377,forward,18.850000,18.850636,0.000195,0.049132,2026-09-25T17:07:04.617671+00:00,2026-09-25T17:07:04.618097+00:00,0.000440,1790356024.617057,1790356024.615918,0,1,0,0.000513,0.000332,"[0.01626646862858715, -0.6023728337112212, 0.02472107287836148, -0.302420668528622, 0.008918879522998292, 0.20552997271485224, -0.47333329314086225]","[0.016283921921107097, -0.6018593392577246, 0.025132741228718343, -0.3022212132753381, 0.00932005820564972, 0.2055125194223323, -0.4733332931408622]","[0.3925889364519931, -0.014585669859636597, 0.562757003595516]","[0.392345, -0.014542, 0.562978]"
378,forward,18.900000,18.901250,0.000220,0.050614,2026-09-25T17:07:04.667697+00:00,2026-09-25T17:07:04.668712+00:00,0.001030,1790356024.665488,1790356024.656378,0,0,0,0.000700,0.000461,"[0.01626646862858715, -0.6031178399924885, 0.024416122773630006, -0.3027110233420704, 0.008491940617355448, 0.20552997271485224, -0.47333329314086225]","[0.01621410875102732, -0.6024178446183628, 0.024539329283040277, -0.30257027912573703, 0.008552113334772215, 0.2055125194223323, -0.4733332931408622]","[0.39294346345447445, -0.014603544314082447, 0.5624131680033869]","[0.392601, -0.014613, 0.5627219999999999]"
379,forward,18.950000,18.950606,0.000160,0.049356,2026-09-25T17:07:04.717635+00:00,2026-09-25T17:07:04.718066+00:00,0.000446,1790356024.716035,1790356024.715145,0,1,0,0.000621,0.000459,"[0.016266433592512054, -0.603876252284934, 0.02411966543399057, -0.3030067645422859, 0.007970945114336958, 0.2055299727148522, -0.47333329314086225]","[0.01621410875102732, -0.6032556026593201, 0.024469516112960502, -0.3026226390032968, 0.00788888821901437, 0.2055125194223323, -0.4733332931408622]","[0.39330307541482323, -0.014620715112146685, 0.5620642009304687]","[0.39297099999999996, -0.014617, 0.562381]"
380,forward,19.000000,19.001425,0.000743,0.050819,2026-09-25T17:07:04.768223+00:00,2026-09-25T17:07:04.768887+00:00,0.000682,1790356024.765268,1790356024.755134,0,0,0,0.000661,0.000461,"[0.016266285047749223, -0.6046498155285205, 0.023842659672487453, -0.30330793725614336, 0.007385196490528642, 0.20552997271485224, -0.47333329314086225]","[0.016283921921107097, -0.6039886409451577, 0.024329889772800956, -0.3029717048536957, 0.007871434926494426, 0.2055125194223323, -0.4733332931408622]","[0.39366909473507805, -0.01463625843670222, 0.5617087306440324]","[0.393335, -0.014591999999999999, 0.5620229999999999]"
381,forward,19.050000,19.050637,0.000161,0.049212,2026-09-25T17:07:04.817639+00:00,2026-09-25T17:07:04.818098+00:00,0.000476,1790356024.816077,1790356024.815171,0,1,0,0.000815,0.000583,"[0.0162661569919192, -0.6054321377908807, 0.023562601059996503, -0.3036175923881816, 0.0067147517407408945, 0.20552997271485224, -0.47333329314086225]","[0.016318828506146982, -0.6046169594758757, 0.02399827721492203, -0.30309387790133524, 0.0073129295658562405, 0.2055125194223323, -0.4733332931408622]","[0.3940386752178025, -0.01465202056674133, 0.5613492263033638]","[0.393621, -0.014601, 0.561753]"
382,forward,19.100000,19.101184,0.000205,0.050546,2026-09-25T17:07:04.867683+00:00,2026-09-25T17:07:04.868645+00:00,0.000979,1790356024.865603,1790356024.855162,0,0,0,0.000727,0.000503,"[0.016266203092018008, -0.6062162272236953, 0.02325405770867449, -0.30393891852856847, 0.005933756392891392, 0.20552997271485224, -0.47333329314086225]","[0.01635373509118687, -0.6054896241018728, 0.023422318561763904, -0.30363492996945357, 0.006457718232379019, 0.2055125194223323, -0.4733332931408622]","[0.3944086174334773, -0.014670095442087276, 0.5609885169150229]","[0.394041, -0.014653999999999999, 0.561331]"
383,forward,19.150000,19.150396,0.000191,0.049212,2026-09-25T17:07:04.917658+00:00,2026-09-25T17:07:04.917855+00:00,0.000205,1790356024.915827,1790356024.916429,0,1,0,0.000899,0.000487,"[0.016266563697235357, -0.6069953569517683, 0.022893262917469508, -0.3042749935760122, 0.005017839424855177, 0.20552997271485224, -0.47333329314086225]","[0.016283921921107097, -0.6061004893400709, 0.02275909344600606, -0.30429815508521135, 0.005916666164260778, 0.2055125194223323, -0.4733332931408622]","[0.39477587076928633, -0.014692445164664846, 0.5606293166039703]","[0.394409, -0.014697, 0.56095]"
384,forward,19.200000,19.201354,0.000641,0.050958,2026-09-25T17:07:04.968120+00:00,2026-09-25T17:07:04.968816+00:00,0.000712,1790356024.965420,1790356024.955379,0,0,0,0.001044,0.000636,"[0.01626698986703769, -0.6077725239425235, 0.02250825153947058, -0.3046246986811146, 0.0039903860337553365, 0.20552997271485224, -0.47333329314086225]","[0.01619665545850738, -0.6067288078707888, 0.022549653935766738, -0.3044377814253709, 0.005009094953223726, 0.2055125194223323, -0.4733332931408622]","[0.39514228748579494, -0.014716804960292127, 0.5602699305404976]","[0.39467399999999997, -0.014679999999999999, 0.560699]"
385,forward,19.250000,19.251234,0.000437,0.049880,2026-09-25T17:07:05.017914+00:00,2026-09-25T17:07:05.018697+00:00,0.000797,1790356025.016212,1790356025.015570,0,1,0,0.001094,0.000431,"[0.016267559459369647, -0.6085496089775471, 0.022094709322541817, -0.30498701472435785, 0.0028503408346632403, 0.20552997271485224, -0.47333329314086225]","[0.01614429558094755, -0.6079854449322247, 0.02235766771804736, -0.3046995808131701, 0.003944444109507185, 0.2055125194223323, -0.4733332931408622]","[0.39550840547825417, -0.014743497960432365, 0.5599099115621069]","[0.395192, -0.01477, 0.560202]"
386,forward,19.300000,19.300786,0.000193,0.049553,2026-09-25T17:07:05.067671+00:00,2026-09-25T17:07:05.068248+00:00,0.000594,1790356025.065355,1790356025.056456,0,0,0,0.001097,0.000636,"[0.0162685798082233, -0.6093248064696363, 0.02162101928224964, -0.3053624027067303, 0.0015730402747155918, 0.20552997271485224, -0.47333329314086225]","[0.016283921921107097, -0.6084043239527034, 0.02176425577236929, -0.3048392071533296, 0.002670353755551324, 0.2055125194223323, -0.4733332931408622]","[0.3958726890987407, -0.014775063481149153, 0.5595507089507505]","[0.39541299999999996, -0.014804999999999999, 0.559989]"
387,forward,19.350000,19.351317,0.000194,0.050531,2026-09-25T17:07:05.117671+00:00,2026-09-25T17:07:05.118780+00:00,0.001123,1790356025.115902,1790356025.116784,0,1,0,0.001716,0.000653,"[0.016270358247590704, -0.6100963108315874, 0.02105556443416057, -0.30575132362922, 0.00013382080104942025, 0.20552997271485224, -0.47333329314086225]","[0.016179202165987436, -0.6091897221161009, 0.02145009650701031, -0.30510100654112876, 0.0018500490071139892, 0.2055125194223323, -0.4733332931408622]","[0.3962336037710892, -0.014814043122605269, 0.5591937808128903]","[0.395766, -0.014823, 0.559649]"
388,forward,19.400000,19.401087,0.000179,0.049769,2026-09-25T17:07:05.167655+00:00,2026-09-25T17:07:05.168549+00:00,0.000908,1790356025.162592,1790356025.157094,0,0,0,0.001580,0.000547,"[0.016273090651669472, -0.6108586563332413, 0.02038920661179928, -0.3061555760103484, -0.0014757342350419206, 0.20552997271485224, -0.47333329314086225]","[0.016283921921107097, -0.610062386742098, 0.020839231268812295, -0.305624605316727, 0.00010471975511965978, 0.2055125194223323, -0.4733332931408622]","[0.39658888506669077, -0.014861149908032062, 0.5588411825490646]","[0.39619499999999996, -0.014842999999999999, 0.5592199999999999]"
389,forward,19.450000,19.451054,0.000200,0.049968,2026-09-25T17:07:05.217678+00:00,2026-09-25T17:07:05.218517+00:00,0.000854,1790356025.216364,1790356025.216986,0,1,0,0.001596,0.000632,"[0.016276605528092035, -0.6116100187936877, 0.019646814974469518, -0.3065758900756806, -0.0032370704657895847, 0.20552997271485224, -0.47333329314086225]","[0.016283921921107097, -0.6106208921027362, 0.020420352248333655, -0.30614820409232535, -0.0016406094968746698, 0.2055125194223323, -0.4733332931408622]","[0.3969385451195317, -0.014914367150721641, 0.5584928580207874]","[0.396484, -0.014849, 0.558927]"
390,forward,19.500000,19.501167,0.000435,0.050113,2026-09-25T17:07:05.267915+00:00,2026-09-25T17:07:05.268629+00:00,0.000732,1790356025.266352,1790356025.255512,0,0,0,0.002363,0.000602,"[0.016280745316965127, -0.6123622161781458, 0.018816799854886018, -0.30700823114456893, -0.005155976834267882, 0.20552997271485224, -0.47333329314086225]","[0.016249015336067207, -0.6114935567287333, 0.019652407377456153, -0.3065321765277641, -0.0027925268031909274, 0.2055125194223323, -0.4733332931408622]","[0.3972866069543821, -0.014974675075234398, 0.5581452676322899]","[0.39685299999999996, -0.014912, 0.558558]"
391,forward,19.550000,19.550868,0.000302,0.049701,2026-09-25T17:07:05.317780+00:00,2026-09-25T17:07:05.318331+00:00,0.000566,1790356025.315587,1790356025.316744,0,1,0,0.002230,0.000539,"[0.016285356351292714, -0.6131273881793022, 0.01788629164213095, -0.3074484502081204, -0.007239137854804561, 0.20552997271485224, -0.47333329314086225]","[0.016231562043547264, -0.6123138614771706, 0.018832102629018816, -0.3069336022557228, -0.005009094953223726, 0.2055125194223323, -0.4733332931408622]","[0.39763716055804954, -0.015043154326738155, 0.5577947913699528]","[0.39725099999999997, -0.014988, 0.558167]"
392,forward,19.600000,19.601386,0.000316,0.050517,2026-09-25T17:07:05.367798+00:00,2026-09-25T17:07:05.368849+00:00,0.001069,1790356025.365373,1790356025.355050,0,0,0,0.002547,0.000584,"[0.016290370198039236, -0.6139155141367686, 0.016843514834298506, -0.30789294572172693, -0.009493779769110167, 0.20552997271485224, -0.47333329314086225]","[0.016266468628587154, -0.6130643530555282, 0.01780235837034216, -0.30719540164352194, -0.006946410422937432, 0.2055125194223323, -0.4733332931408622]","[0.3979934751950855, -0.015120765065321125, 0.5574385356239929]","[0.39757899999999996, -0.015047999999999999, 0.557843]"
393,forward,19.650000,19.651178,0.000201,0.049793,2026-09-25T17:07:05.417680+00:00,2026-09-25T17:07:05.418640+00:00,0.000978,1790356025.415921,1790356025.415080,0,1,0,0.002553,0.000523,"[0.016296271010686852, -0.6147166421661032, 0.01569161858036068, -0.3083439378661469, -0.011925135092066566, 0.20552997271485224, -0.47333329314086225]","[0.01621410875102732, -0.614024284144125, 0.017016960206944712, -0.3075793740789607, -0.00937241808320955, 0.2055125194223323, -0.4733332931408622]","[0.3983516991675939, -0.015207085018049593, 0.5570800358760613]","[0.397987, -0.015132999999999999, 0.557447]"
394,forward,19.700000,19.701442,0.000306,0.050264,2026-09-25T17:07:05.467783+00:00,2026-09-25T17:07:05.468905+00:00,0.001137,1790356025.465225,1790356025.455222,0,0,0,0.003178,0.000646,"[0.016302663557721767, -0.6155319843925707, 0.014437167534387946, -0.30880226504851077, -0.01452250967641893, 0.20552997271485224, -0.47333329314086225]","[0.01630137521362704, -0.6144955230421635, 0.015533430342749533, -0.3083298656573183, -0.011344640137963142, 0.2055125194223323, -0.4733332931408622]","[0.3987127007188345, -0.015301680919758946, 0.5567183609513651]","[0.39824899999999996, -0.015205, 0.5571579999999999]"
395,forward,19.750000,19.750513,0.000135,0.049071,2026-09-25T17:07:05.517605+00:00,2026-09-25T17:07:05.517974+00:00,0.000379,1790356025.516012,1790356025.515162,0,1,0,0.003066,0.000487,"[0.016308933171159855, -0.6163672264950244, 0.013085347957496513, -0.30926777360182256, -0.01727280341075529, 0.20552997271485224, -0.47333329314086225]","[0.016231562043547264, -0.6156125337634399, 0.01450368608407288, -0.30873129138527694, -0.014206980111233844, 0.2055125194223323, -0.4733332931408622]","[0.399079058797031, -0.015404298461606201, 0.5563509830597594]","[0.398735, -0.015316, 0.556684]"
396,forward,19.800000,19.800692,0.000290,0.050178,2026-09-25T17:07:05.567757+00:00,2026-09-25T17:07:05.568152+00:00,0.000402,1790356025.565240,1790356025.555089,0,0,0,0.003181,0.000375,"[0.016314465183016994, -0.6172280541523172, 0.011641346110802182, -0.3097403098590862, -0.02016291618366449, 0.20552997271485224, -0.47333329314086225]","[0.01621410875102732, -0.6165550115595169, 0.013072516097437528, -0.3094119697935548, -0.016982053621904827, 0.2055125194223323, -0.4733332931408622]","[0.39945334256886217, -0.01551468496327473, 0.5559753648935623]","[0.399192, -0.01539, 0.556214]"
397,forward,19.850000,19.851306,0.000247,0.050615,2026-09-25T17:07:05.617728+00:00,2026-09-25T17:07:05.618769+00:00,0.001059,1790356025.615943,1790356025.615077,0,0,0,0.003392,0.000652,"[0.016319285204459185, -0.6181197599119044, 0.010098366071405579, -0.31022046799935293, -0.023201181868564378, 0.20552997271485224, -0.47333329314086225]","[0.016266468628587154, -0.6169389839949556, 0.011222467090323538, -0.30993556856915305, -0.01980948701013564, 0.2055125194223323, -0.4733332931408622]","[0.39983758502348815, -0.015633336309460608, 0.555589500308103]","[0.399362, -0.015566, 0.5560309999999999]"
398,forward,19.900000,19.901004,0.000434,0.049698,2026-09-25T17:07:05.667914+00:00,2026-09-25T17:07:05.668468+00:00,0.000570,1790356025.665779,1790356025.655467,0,0,0,0.003617,0.000520,"[0.0163237261806445, -0.6190382882456487, 0.008454759760774267, -0.3107082275336901, -0.026393321999940534, 0.20552997271485224, -0.47333329314086225]","[0.016283921921107097, -0.6181607144713517, 0.01005309649148734, -0.3102846344195519, -0.022776546738526, 0.2055125194223323, -0.4733332931408622]","[0.4002299331052262, -0.015760256046303885, 0.5551951372018223]","[0.399874, -0.015581999999999999, 0.5555289999999999]"
399,forward,19.950000,19.951136,0.000223,0.050132,2026-09-25T17:07:05.717705+00:00,2026-09-25T17:07:05.718599+00:00,0.000913,1790356025.716055,1790356025.715163,0,0,0,0.004014,0.000494,"[0.016327634444576904, -0.6199753027190158, 0.006723435206574906, -0.3112025127931255, -0.02972231795798245, 0.20552997271485224, -0.47333329314086225]","[0.016179202165987436, -0.6190333790973489, 0.008272860654453122, -0.31093040624278984, -0.025708699881876476, 0.2055125194223323, -0.4733332931408622]","[0.4006271310123958, -0.01589445573895316, 0.5547953682175427]","[0.40026599999999996, -0.015826, 0.555125]"
400,forward,20.000000,20.000856,0.000337,0.049720,2026-09-25T17:07:05.767818+00:00,2026-09-25T17:07:05.768317+00:00,0.000519,1790356025.765530,1790356025.755046,0,0,0,0.003954,0.000632,"[0.016330856329260367, -0.6209224668974707, 0.004917300436474329, -0.3117022481086867, -0.0331711511228793, 0.20552997271485224, -0.47333329314086225]","[0.01635373509118687, -0.6199584036009058, 0.006579891280018622, -0.31133183197074854, -0.029216811678385076, 0.2055125194223323, -0.4733332931408622]","[0.40102593927607727, -0.016034949120291946, 0.5543932944300947]","[0.40057699999999996, -0.015886, 0.554813]"
401,forward,20.050000,20.051586,0.000292,0.050730,2026-09-25T17:07:05.817770+00:00,2026-09-25T17:07:05.819050+00:00,0.001295,1790356025.815898,1790356025.815032,0,0,0,0.004168,0.000508,"[0.016333214195647473, -0.6218743219146464, 0.0030394174190351074, -0.3122086688093549, -0.03673577405962325, 0.2055299727148522, -0.47333329314086225]","[0.016266468628587154, -0.6209357879820226, 0.00502654824574367, -0.31185543074634686, -0.03256784384221419, 0.2055125194223323, -0.4733332931408622]","[0.40142436530848563, -0.016181554626272732, 0.5539907315907432]","[0.401067, -0.016044, 0.554325]"
402,forward,20.100000,20.101014,0.000432,0.049428,2026-09-25T17:07:05.867913+00:00,2026-09-25T17:07:05.868477+00:00,0.000582,1790356025.865821,1790356025.856617,0,0,0,0.004840,0.000692,"[0.016334652518730328, -0.6228372133979219, 0.0010678872755422784, -0.3127269381574192, -0.040445036158826636, 0.20552997271485224, -0.47333329314086225]","[0.016318828506146982, -0.6216513729753403, 0.003595378259108319, -0.3121346834266659, -0.03560471674068432, 0.2055125194223323, -0.4733332931408622]","[0.40182509562657753, -0.01633602620349843, 0.5535848379610439]","[0.40135699999999996, -0.016104, 0.554039]"
403,forward,20.150000,20.150708,0.000231,0.049694,2026-09-25T17:07:05.917709+00:00,2026-09-25T17:07:05.918169+00:00,0.000477,1790356025.916075,1790356025.915164,0,0,0,0.004948,0.000765,"[0.016335455684896256, -0.6238105900925599, -0.0009758202559866031, -0.31324956652593755, -0.04427067027412476, 0.20552997271485224, -0.47333329314086225]","[0.016318828506146982, -0.6226287573564571, 0.0014660765716752368, -0.3123790295219451, -0.039322268047432246, 0.2055125194223323, -0.4733332931408622]","[0.40222739737839636, -0.01649645783312292, 0.5531766943329828]","[0.401704, -0.016311, 0.553703]"
404,forward,20.200000,20.200850,0.000164,0.050142,2026-09-25T17:07:05.967640+00:00,2026-09-25T17:07:05.968312+00:00,0.000686,1790356025.967417,1790356025.955713,0,0,0,0.004685,0.000697,"[0.016335931028137313, -0.6247928000783531, -0.003065504952728149, -0.3137678333128852, -0.04817817816490855, 0.20552997271485224, -0.47333329314086225]","[0.016318828506146982, -0.6236585016151338, -0.0010821041362364843, -0.3132342408554223, -0.043493604959698694, 0.2055125194223323, -0.4733332931408622]","[0.40263006310184324, -0.01666054833171926, 0.5527679120830663]","[0.402152, -0.016444, 0.553226]"
405,forward,20.250000,20.250757,0.000270,0.049907,2026-09-25T17:07:06.017747+00:00,2026-09-25T17:07:06.018218+00:00,0.000487,1790356026.015581,1790356026.016473,0,0,0,0.004767,0.000620,"[0.016336372154860588, -0.6257822657586979, -0.005176689762329921, -0.314273430563344, -0.052135631927188786, 0.20552997271485224, -0.47333329314086225]","[0.016318828506146982, -0.6247929656289302, -0.002775073510670984, -0.3135833067058212, -0.0473682358991261, 0.2055125194223323, -0.4733332931408622]","[0.4030319384548957, -0.016826139894487453, 0.5523600476082753]","[0.40261199999999997, -0.016645, 0.552778]"
406,forward,20.300000,20.300626,0.000248,0.049869,2026-09-25T17:07:06.067726+00:00,2026-09-25T17:07:06.068087+00:00,0.000378,1790356026.066601,1790356026.055043,0,0,0,0.005085,0.000694,"[0.016336596508674795, -0.6267799815127257, -0.007338444024098633, -0.3147721032716277, -0.05618867065878763, 0.20552997271485224, -0.47333329314086225]","[0.016318828506146982, -0.6258227098876067, -0.005044001538263612, -0.3140196390188198, -0.051103240498393966, 0.2055125194223323, -0.4733332931408622]","[0.40343323373653633, -0.016995638115708197, 0.551952684731195]","[0.40296299999999996, -0.01678, 0.552415]"
407,forward,20.350000,20.351046,0.000227,0.050420,2026-09-25T17:07:06.117704+00:00,2026-09-25T17:07:06.118507+00:00,0.000819,1790356026.115964,1790356026.115073,0,0,0,0.005157,0.000581,"[0.016336554506362545, -0.6277862052961004, -0.009546201062246013, -0.3152648905339634, -0.06032648747209712, 0.20552997271485224, -0.47333329314086225]","[0.016318828506146982, -0.6268873607313232, -0.007120943348136865, -0.31450833120937816, -0.055169857655540756, 0.2055125194223323, -0.4733332931408622]","[0.4038344383689121, -0.017168639176274605, 0.5515452399047491]","[0.40344599999999997, -0.016985999999999998, 0.551937]"
408,forward,20.400000,20.401547,0.000249,0.050501,2026-09-25T17:07:06.167728+00:00,2026-09-25T17:07:06.169009+00:00,0.001298,1790356026.166698,1790356026.154978,0,0,0,0.005346,0.000677,"[0.016336399814919873, -0.6288000919403439, -0.011767114556370301, -0.315746606089235, -0.06449506841801216, 0.20552997271485224, -0.47333329314086225]","[0.016318828506146982, -0.62789965169748, -0.00895353906273091, -0.3152413694952158, -0.059149208350087835, 0.2055125194223323, -0.4733332931408622]","[0.4042356697419565, -0.017342360522034462, 0.5511377501921867]","[0.403786, -0.017082999999999997, 0.551572]"
409,forward,20.450000,20.450805,0.000214,0.049258,2026-09-25T17:07:06.217694+00:00,2026-09-25T17:07:06.218267+00:00,0.000591,1790356026.215741,1790356026.214857,0,0,0,0.005041,0.000590,"[0.01633628610134281, -0.6298207962769781, -0.013968338186069733, -0.31621206367632637, -0.0686403995474276, 0.20552997271485224, -0.47333329314086225]","[0.016318828506146982, -0.6287025031533974, -0.011554079648202462, -0.3158347814408939, -0.06359979794267337, 0.2055125194223323, -0.4733332931408622]","[0.4046370622853932, -0.017514039731833006, 0.5507302384547259]","[0.404228, -0.017339, 0.551118]"
410,forward,20.500000,20.501643,0.000595,0.050838,2026-09-25T17:07:06.268074+00:00,2026-09-25T17:07:06.269106+00:00,0.001048,1790356026.260234,1790356026.255551,0,0,0,0.005197,0.000665,"[0.016336281798666922, -0.630851659436275, -0.01613401997136748, -0.3166588209120027, -0.07274096399778004, 0.20552997271485224, -0.4733332931408622]","[0.016318828506146982, -0.6296798875345143, -0.013927727430914751, -0.31611403412121303, -0.06754424205218056, 0.2055125194223323, -0.4733332931408622]","[0.40504018954123544, -0.017682313880333023, 0.550321258348019]","[0.404586, -0.017477, 0.550761]"
411,forward,20.550000,20.550928,0.000326,0.049286,2026-09-25T17:07:06.317806+00:00,2026-09-25T17:07:06.318390+00:00,0.000602,1790356026.315719,1790356026.314840,0,0,0,0.005399,0.000618,"[0.016336281798666922, -0.6318956991307033, -0.018285823270696503, -0.3170903380696806, -0.07683537244582721, 0.20552997271485224, -0.47333329314086225]","[0.016318828506146982, -0.6307794449632707, -0.015847589608108514, -0.31670744606689105, -0.07143632628412791, 0.2055125194223323, -0.4733332931408622]","[0.40544595095804803, -0.017848943934405056, 0.5499098319763336]","[0.405018, -0.017668, 0.550318]"
412,forward,20.600000,20.601606,0.000324,0.050678,2026-09-25T17:07:06.367805+00:00,2026-09-25T17:07:06.369069+00:00,0.001282,1790356026.366771,1790356026.355065,0,0,0,0.005014,0.000592,"[0.016336281798666922, -0.6329435548888662, -0.0204277585877637, -0.31750709551238976, -0.0809187322368597, 0.20552997271485224, -0.47333329314086225]","[0.016318828506146982, -0.6318266425144673, -0.018133970928221083, -0.3175277508153284, -0.07590436916923339, 0.2055125194223323, -0.4733332931408622]","[0.40585056650315066, -0.018014320061681664, 0.5494996008181818]","[0.405449, -0.017764, 0.549855]"
413,forward,20.650000,20.651016,0.000200,0.049410,2026-09-25T17:07:06.417680+00:00,2026-09-25T17:07:06.418479+00:00,0.000816,1790356026.415654,1790356026.414764,0,0,0,0.005258,0.000409,"[0.016336281798666922, -0.6339855456900141, -0.02256301451273672, -0.31790943899087104, -0.08498443569004814, 0.20552997271485224, -0.47333329314086225]","[0.016318828506146982, -0.6330658262833831, -0.02001892652037496, -0.3178593633732073, -0.07972664023110099, 0.2055125194223323, -0.4733332931408622]","[0.40625015300417155, -0.018178770708122915, 0.5490943387599703]","[0.405977, -0.017988999999999998, 0.5493319999999999]"
414,forward,20.700000,20.701696,0.000245,0.050680,2026-09-25T17:07:06.467721+00:00,2026-09-25T17:07:06.469158+00:00,0.001451,1790356026.466844,1790356026.456191,0,0,0,0.004706,0.000644,"[0.016336281798666922, -0.6350139549922738, -0.02469045811007616, -0.31829827237439534, -0.08902242232960705, 0.20552997271485224, -0.47333329314086225]","[0.016318828506146982, -0.6339035843243405, -0.022532200643246795, -0.31806880288344663, -0.08431685616384607, 0.2055125194223323, -0.4733332931408622]","[0.4066418631975547, -0.018342263342182374, 0.5486967850171368]","[0.40620399999999995, -0.018122, 0.549114]"
415,forward,20.750000,20.751401,0.000229,0.049706,2026-09-25T17:07:06.517709+00:00,2026-09-25T17:07:06.518864+00:00,0.001173,1790356026.516029,1790356026.515107,0,0,0,0.005446,0.000589,"[0.016336281798666922, -0.6360382144148611, -0.026784246996169946, -0.3186771462925727, -0.0930094690258716, 0.20552997271485224, -0.47333329314086225]","[0.016318828506146982, -0.634968235168057, -0.024434609527920616, -0.31819097593108625, -0.08756316857255551, 0.2055125194223323, -0.4733332931408622]","[0.40703096021158097, -0.018502633467289795, 0.5483015104169501]","[0.406628, -0.018331, 0.5486949999999999]"
416,forward,20.800000,20.801416,0.000201,0.050014,2026-09-25T17:07:06.567679+00:00,2026-09-25T17:07:06.568880+00:00,0.001214,1790356026.565306,1790356026.556147,0,0,0,0.004874,0.000730,"[0.016336281798666922, -0.6370557713953047, -0.028869335769171743, -0.31904202883076144, -0.09697529174886756, 0.20552997271485224, -0.47333329314086225]","[0.016318828506146982, -0.6358059932090143, -0.026284658535034602, -0.31859240165904495, -0.09210102462774077, 0.2055125194223323, -0.4733332931408622]","[0.40741490750818243, -0.018661896743089462, 0.5479113790345499]","[0.40690899999999997, -0.018477, 0.548404]"
417,forward,20.850000,20.850912,0.000284,0.049496,2026-09-25T17:07:06.617758+00:00,2026-09-25T17:07:06.618374+00:00,0.000628,1790356026.615810,1790356026.614961,0,0,0,0.004897,0.000715,"[0.016336281798666922, -0.6380598261690306, -0.030982412424384195, -0.3193872727268574, -0.10096018966830446, 0.20552997271485224, -0.47333329314086225]","[0.016318828506146982, -0.6368182841751711, -0.028675759610266836, -0.3188542010468441, -0.0960629220297679, 0.2055125194223323, -0.4733332931408622]","[0.40778880726558175, -0.018823011495525885, 0.547531740764529]","[0.407296, -0.018656, 0.548022]"
418,forward,20.900000,20.901890,0.000336,0.050978,2026-09-25T17:07:06.667815+00:00,2026-09-25T17:07:06.669354+00:00,0.001554,1790356026.666073,1790356026.656285,0,0,0,0.004962,0.000634,"[0.016336281798666922, -0.6390435789714638, -0.033160164957109765, -0.3197072307187563, -0.10500446195389136, 0.20552997271485224, -0.47333329314086225]","[0.016336281798666925, -0.6380051080665272, -0.030857421175259747, -0.31937779982244235, -0.10004227272431497, 0.2055125194223323, -0.4733332931408622]","[0.40814776467078306, -0.018988893570655842, 0.547167976813661]","[0.40774099999999996, -0.018701, 0.5475599999999999]"
419,forward,20.950000,20.950806,0.000282,0.048916,2026-09-25T17:07:06.717760+00:00,2026-09-25T17:07:06.718267+00:00,0.000523,1790356026.714787,1790356026.716628,0,0,0,0.005187,0.000482,"[0.016336107642738087, -0.6400055008159942, -0.035399796628020674, -0.32000466881238676, -0.10912093339700543, 0.20552997271485224, -0.47333329314086225]","[0.016336281798666925, -0.6390697589102436, -0.03298672286269283, -0.31969195908780135, -0.10393435695626232, 0.2055125194223323, -0.4733332931408622]","[0.4084915038439957, -0.019159289771113214, 0.5468203441732663]","[0.40817, -0.018972, 0.547126]"
420,forward,21.000000,21.002806,0.000421,0.052000,2026-09-25T17:07:06.767902+00:00,2026-09-25T17:07:06.770269+00:00,0.002385,1790356026.764618,1790356026.754822,0,0,0,0.005372,0.000657,"[0.01633579006427962, -0.6409495947278685, -0.03768165855055755, -0.32028219934668134, -0.11328521576481793, 0.20552997271485224, -0.47333329314086225]","[0.016336281798666925, -0.6399773301212808, -0.03551745027808461, -0.31983158542796086, -0.10791370765080939, 0.2055125194223323, -0.4733332931408622]","[0.4088228026348294, -0.019332534545222883, 0.5464859152183078]","[0.408375, -0.019133999999999998, 0.546924]"
421,forward,21.050000,21.051300,0.000224,0.048494,2026-09-25T17:07:06.817705+00:00,2026-09-25T17:07:06.818762+00:00,0.001076,1790356026.815607,1790356026.814765,0,0,0,0.005170,0.000336,"[0.01633563639728359, -0.6418773589602977, -0.040017160499175974, -0.32053394455904183, -0.11748178869073007, 0.20552997271485224, -0.47333329314086225]","[0.016336281798666925, -0.6412688737677565, -0.0374896723328382, -0.3201631979858398, -0.11231193736583511, 0.2055125194223323, -0.4733332931408622]","[0.40914134306254163, -0.019509382863015765, 0.5461653210353333]","[0.408944, -0.019311, 0.546352]"
422,forward,21.100000,21.101132,0.000442,0.049832,2026-09-25T17:07:06.867921+00:00,2026-09-25T17:07:06.868595+00:00,0.000690,1790356026.865028,1790356026.854662,0,0,0,0.005683,0.000546,"[0.016335953975742053, -0.6427902917664933, -0.042417712248331074, -0.32075402668687, -0.12169513180814226, 0.20552997271485224, -0.47333329314086225]","[0.016336281798666925, -0.641740112665795, -0.040107666210829694, -0.32040754408111904, -0.11601203538006309, 0.2055125194223323, -0.4733332931408622]","[0.40944680031946634, -0.019690577743929762, 0.5458591981903598]","[0.409084, -0.019473999999999998, 0.5462049999999999]"
423,forward,21.150000,21.151177,0.000256,0.050045,2026-09-25T17:07:06.917735+00:00,2026-09-25T17:07:06.918641+00:00,0.000921,1790356026.915982,1790356026.915071,0,0,0,0.005382,0.000537,"[0.016336511223491997, -0.6436897134532851, -0.04489556628228466, -0.3209367984680616, -0.12593167992251372, 0.2055299727148522, -0.47333329314086225]","[0.016336281798666925, -0.642665137169352, -0.041887902047863905, -0.32059953029883836, -0.12054989143524834, 0.2055125194223323, -0.4733332931408622]","[0.40973849458711314, -0.0198770626366919, 0.5455686333336874]","[0.409391, -0.019644, 0.545906]"
424,forward,21.200000,21.202055,0.000198,0.050878,2026-09-25T17:07:06.967677+00:00,2026-09-25T17:07:06.969517+00:00,0.001857,1790356026.964928,1790356026.954642,0,0,0,0.005397,0.000476,"[0.016336104774287492, -0.6445752433363018, -0.04745274619048503, -0.3210827060491286, -0.1302404223282908, 0.20552997271485224, -0.47333329314086225]","[0.016336281798666925, -0.6436599748429888, -0.04504694799397364, -0.3208089698090777, -0.1248434013951544, 0.2055125194223323, -0.4733332931408622]","[0.4100156508284465, -0.020069211036815356, 0.5452946796406838]","[0.409742, -0.019774, 0.545549]"
425,forward,21.250000,21.250542,0.000200,0.048487,2026-09-25T17:07:07.017676+00:00,2026-09-25T17:07:07.018002+00:00,0.000342,1790356027.015827,1790356027.014917,0,0,0,0.005455,0.000493,"[0.01633641031549794, -0.645445683120308, -0.05007172072002278, -0.32119823878731335, -0.1345568532061025, 0.20552997271485224, -0.47333329314086225]","[0.016336281798666925, -0.6443755598363065, -0.04705407663376713, -0.3211231290744367, -0.12910200477002057, 0.2055125194223323, -0.4733332931408622]","[0.4102800362116599, -0.02026507731266938, 0.5450349348342597]","[0.409958, -0.020037, 0.54533]"
426,forward,21.300000,21.300924,0.000156,0.050382,2026-09-25T17:07:07.067634+00:00,2026-09-25T17:07:07.068385+00:00,0.000768,1790356027.064906,1790356027.054987,0,1,0,0.005427,0.000434,"[0.01633938710132273, -0.6462998418860848, -0.05273378091413133, -0.32129011961369225, -0.13880509947665853, 0.20552997271485224, -0.47333329314086225]","[0.016336281798666925, -0.6454053040949831, -0.05009094953223726, -0.3213674751697159, -0.13337806143740666, 0.2055125194223323, -0.4733332931408622]","[0.41053363134618315, -0.020462611945845834, 0.5447866999124503]","[0.41025999999999996, -0.020218999999999997, 0.5450189999999999]"
427,forward,21.350000,21.350592,0.000177,0.049668,2026-09-25T17:07:07.117655+00:00,2026-09-25T17:07:07.118053+00:00,0.000415,1790356027.115654,1790356027.114806,0,0,0,0.005486,0.000361,"[0.016346748211433632, -0.6471368115641302, -0.05542122505198034, -0.32136455657246027, -0.14291323156556496, 0.2055299727148522, -0.4733332931408622]","[0.016318828506146982, -0.6462081555509005, -0.052412237437389715, -0.32150710150987544, -0.13742722530203352, 0.2055125194223323, -0.4733332931408622]","[0.4107783718969247, -0.02065999641574108, 0.5445473559328871]","[0.410552, -0.020447999999999997, 0.544732]"
428,forward,21.400000,21.401225,0.000290,0.050633,2026-09-25T17:07:07.167771+00:00,2026-09-25T17:07:07.168688+00:00,0.000935,1790356027.165032,1790356027.156173,0,1,0,0.005167,0.000358,"[0.016353453983028794, -0.6479629097119848, -0.05814935744437248, -0.32141231396982195, -0.14693986390445388, 0.20552997271485224, -0.47333329314086225]","[0.016318828506146982, -0.6471855399320174, -0.054785885220102006, -0.32150710150987544, -0.14177309513949937, 0.2055125194223323, -0.4733332931408622]","[0.41101419634466213, -0.020860159977761212, 0.544317755071995]","[0.410837, -0.020582, 0.5444559999999999]"
429,forward,21.450000,21.451042,0.000223,0.049817,2026-09-25T17:07:07.217703+00:00,2026-09-25T17:07:07.218505+00:00,0.000819,1790356027.215581,1790356027.195833,0,0,0,0.004804,0.000349,"[0.016361711791283873, -0.648774675851343, -0.06091846770237318, -0.32143572027054584, -0.15088841804265932, 0.20552997271485224, -0.47333329314086225]","[0.016318828506146982, -0.6479185782178549, -0.05757841202329293, -0.32150710150987544, -0.1460840583919254, 0.2055125194223323, -0.4733332931408622]","[0.4112400610218966, -0.02106221866877642, 0.5440988939735705]","[0.411039, -0.020829999999999998, 0.544264]"
430,forward,21.500000,21.500532,0.000193,0.049490,2026-09-25T17:07:07.267663+00:00,2026-09-25T17:07:07.267993+00:00,0.000339,1790356027.265620,1790356027.255750,0,1,0,0.004324,0.000391,"[0.016378167733777236, -0.6495633125466818, -0.06371307387613198, -0.3214458010815972, -0.154701153606422, 0.20552997271485224, -0.47333329314086225]","[0.016318828506146982, -0.6486865230887325, -0.06077236455444256, -0.32150710150987544, -0.15037756835183141, 0.2055125194223323, -0.4733332931408622]","[0.4114553335663182, -0.02126261230158625, 0.5438906078062784]","[0.41124499999999997, -0.020984, 0.5440659999999999]"
431,forward,21.550000,21.550953,0.000321,0.050421,2026-09-25T17:07:07.317800+00:00,2026-09-25T17:07:07.318416+00:00,0.000633,1790356027.315977,1790356027.316964,0,0,0,0.004801,0.000271,"[0.016409467908087255, -0.6503200223624784, -0.06651769401579899, -0.32145358200994123, -0.1583203302219835, 0.20552997271485224, -0.47333329314086225]","[0.016318828506146982, -0.6496290008848095, -0.06351253148007366, -0.32150710150987544, -0.1535191610054212, 0.2055125194223323, -0.4733332931408622]","[0.4116593889962435, -0.02145784922321239, 0.5436927304135015]","[0.411504, -0.021272, 0.5438149999999999]"
432,forward,21.600000,21.602214,0.000314,0.051261,2026-09-25T17:07:07.367795+00:00,2026-09-25T17:07:07.369678+00:00,0.001899,1790356027.364793,1790356027.355601,0,1,0,0.004071,0.000357,"[0.016456226469974737, -0.6510416841171541, -0.06933176211460534, -0.3214624094105283, -0.16172675457420516, 0.20552997271485224, -0.47333329314086225]","[0.016318828506146982, -0.6501525996604076, -0.06604325889546543, -0.32150710150987544, -0.15765559133264778, 0.2055125194223323, -0.4733332931408622]","[0.4118517658591437, -0.02164786216399051, 0.543505456377027]","[0.411643, -0.021418, 0.543681]"
433,forward,21.650000,21.650520,0.000174,0.048306,2026-09-25T17:07:07.417651+00:00,2026-09-25T17:07:07.417980+00:00,0.000346,1790356027.415472,1790356027.414587,0,0,0,0.004045,0.000288,"[0.01651235820639683, -0.6517348380317272, -0.07217002098415029, -0.32146371557999454, -0.16496420008990967, 0.20552997271485224, -0.47333329314086225]","[0.01637118838370681, -0.651025264286405, -0.06892305216125608, -0.32150710150987544, -0.1609193570338772, 0.2055125194223323, -0.4733332931408622]","[0.41203277223294227, -0.021836033716769787, 0.5433291162801098]","[0.411862, -0.021653, 0.543472]"
434,forward,21.700000,21.700725,0.000301,0.050205,2026-09-25T17:07:07.467780+00:00,2026-09-25T17:07:07.468186+00:00,0.000423,1790356027.465019,1790356027.455127,0,1,0,0.003747,0.000236,"[0.01658359796964543, -0.6523977195480819, -0.07501692874445512, -0.32146113909669444, -0.16801782402272777, 0.20552997271485224, -0.47333329314086225]","[0.0164060949687467, -0.6518455690348421, -0.0718726585971265, -0.32150710150987544, -0.1642703891977063, 0.2055125194223323, -0.4733332931408622]","[0.41220291330945935, -0.022018919027487836, 0.5431631026116776]","[0.41211699999999996, -0.021807, 0.5432199999999999]"
435,forward,21.750000,21.751753,0.000223,0.051029,2026-09-25T17:07:07.517703+00:00,2026-09-25T17:07:07.519217+00:00,0.001530,1790356027.514957,1790356027.515694,0,0,0,0.003686,0.000309,"[0.01667605402281279, -0.6530282541617719, -0.07785600461019551, -0.3214587521360227, -0.1708706461695982, 0.20552997271485224, -0.47333329314086225]","[0.0164060949687467, -0.6522295414702809, -0.07452555906015788, -0.32150710150987544, -0.16718508904853685, 0.2055125194223323, -0.4733332931408622]","[0.4123627026873717, -0.02219288621921714, 0.5430067737057845]","[0.412162, -0.022035, 0.54318]"
436,forward,21.800000,21.800600,0.000226,0.048847,2026-09-25T17:07:07.567695+00:00,2026-09-25T17:07:07.568061+00:00,0.000375,1790356027.564919,1790356027.555751,0,1,0,0.003322,0.000291,"[0.016795630559220447, -0.6536244075266592, -0.0806746434825765, -0.32146010973271033, -0.17350666733756223, 0.20552997271485224, -0.4733332931408622]","[0.016475908138826472, -0.6530847528037582, -0.0773529924483887, -0.32150710150987544, -0.17025686853204686, 0.2055125194223323, -0.4733332931408622]","[0.4125124976710418, -0.022354711842260747, 0.542859666216449]","[0.412388, -0.022111, 0.542959]"
437,forward,21.850000,21.850511,0.000189,0.049911,2026-09-25T17:07:07.617666+00:00,2026-09-25T17:07:07.617972+00:00,0.000322,1790356027.614910,1790356027.615543,0,0,0,0.002823,0.000166,"[0.01694278335517863, -0.6541858444950254, -0.08349218957772639, -0.3214631577175766, -0.17592718042950195, 0.20552997271485224, -0.47333329314086225]","[0.016598081186466076, -0.6536781647494363, -0.08066911802717791, -0.32150710150987544, -0.17357299411083607, 0.2055125194223323, -0.4733332931408622]","[0.41265142768740715, -0.022505818640214136, 0.5427227640710085]","[0.412533, -0.022435999999999998, 0.542816]"
438,forward,21.900000,21.901519,0.000318,0.051008,2026-09-25T17:07:07.667795+00:00,2026-09-25T17:07:07.668982+00:00,0.001201,1790356027.664848,1790356027.655332,0,1,0,0.003084,0.000266,"[0.017112327993575222, -0.654714517098721, -0.08630081018152347, -0.32146694074290727, -0.1781438824234884, 0.20552997271485224, -0.47333329314086225]","[0.016755160819145562, -0.6541668569399947, -0.08321729873508962, -0.32150710150987544, -0.17552776287306973, 0.20561723917745198, -0.4733332931408622]","[0.41278005374797444, -0.022647682225115644, 0.5425955723165684]","[0.412637, -0.022459999999999997, 0.542719]"
439,forward,21.950000,21.951487,0.000205,0.049967,2026-09-25T17:07:07.717683+00:00,2026-09-25T17:07:07.718950+00:00,0.001282,1790356027.714671,1790356027.715563,0,0,0,0.003231,0.000240,"[0.017298847712800106, -0.6552125382589417, -0.0890839476751453, -0.3214714203919533, -0.18016795259348273, 0.20552997271485224, -0.47333329314086225]","[0.017139133254584316, -0.654673002423073, -0.08585274590560107, -0.32150710150987544, -0.17770942443806265, 0.20561723917745198, -0.4733332931408622]","[0.4128993427541138, -0.022781185061875465, 0.5424771479584783]","[0.412781, -0.0226, 0.54258]"
440,forward,22.000000,22.001607,0.000219,0.050121,2026-09-25T17:07:07.767698+00:00,2026-09-25T17:07:07.769070+00:00,0.001389,1790356027.764660,1790356027.755597,0,1,0,0.003442,0.000247,"[0.01749692575124315, -0.6556820208968823, -0.09182504443976916, -0.32147655824796556, -0.18201057021344616, 0.20552997271485224, -0.47333329314086225]","[0.01731366617978375, -0.655318774246311, -0.08838347332099285, -0.32150710150987544, -0.18006561892825498, 0.20561723917745198, -0.4733332931408622]","[0.4130102675368124, -0.02290721261362677, 0.5423665363100793]","[0.41295299999999996, -0.022671, 0.542412]"
441,forward,22.050000,22.051095,0.000212,0.049487,2026-09-25T17:07:07.817691+00:00,2026-09-25T17:07:07.818558+00:00,0.000883,1790356027.815498,1790356027.814584,0,0,0,0.003053,0.000183,"[0.017703843483632926, -0.6561240906232895, -0.09450833808327758, -0.321481653845554, -0.18365672201786667, 0.20552997271485224, -0.47333329314086225]","[0.017505652397503128, -0.6557027466817497, -0.09145525280450287, -0.32150710150987544, -0.1817236817176496, 0.20561723917745198, -0.4733332931408622]","[0.41311367218382705, -0.023025751516250983, 0.5422628590600926]","[0.413035, -0.022872999999999998, 0.542327]"
442,forward,22.100000,22.100787,0.000195,0.049692,2026-09-25T17:07:07.867669+00:00,2026-09-25T17:07:07.868249+00:00,0.000592,1790356027.864811,1790356027.856574,0,1,0,0.003142,0.000259,"[0.01792305457570524, -0.6565373887658063, -0.09714570066167239, -0.32148685188780635, -0.18510291976593432, 0.20552997271485224, -0.47333329314086225]","[0.017645278737662674, -0.655929639484509, -0.0940034335124146, -0.32150710150987544, -0.1832595714594046, 0.20561723917745198, -0.4733332931408622]","[0.41320890609935934, -0.023136441418618675, 0.5421667922841397]","[0.413066, -0.022964, 0.542297]"
443,forward,22.150000,22.151560,0.000206,0.050773,2026-09-25T17:07:07.917684+00:00,2026-09-25T17:07:07.919024+00:00,0.001354,1790356027.915864,1790356027.915428,0,0,0,0.002826,0.000300,"[0.018158400702360866, -0.6569203018209743, -0.09976202622831021, -0.3214933817106911, -0.18637763026866383, 0.20552997271485224, -0.47333329314086225]","[0.017819811662862107, -0.656226345457348, -0.09693558665576507, -0.32150710150987544, -0.18514452705155848, 0.20561723917745198, -0.4733332931408622]","[0.4132946971786482, -0.023239633390508753, 0.5420797133170303]","[0.413085, -0.023159, 0.5422779999999999]"
444,forward,22.200000,22.200767,0.000301,0.049207,2026-09-25T17:07:07.967780+00:00,2026-09-25T17:07:07.968229+00:00,0.000467,1790356027.964950,1790356027.956147,0,1,0,0.003125,0.000231,"[0.01841372353850062, -0.6572712162853354, -0.1023822088365487, -0.3215024726501763, -0.18750932033707016, 0.20552997271485224, -0.47333329314086225]","[0.018203784098300854, -0.6569593837431855, -0.09925687456091753, -0.32150710150987544, -0.18634880423543457, 0.20561723917745198, -0.4733332931408622]","[0.41336976323884544, -0.023335659966362214, 0.5420030110574765]","[0.41334099999999996, -0.023108, 0.542025]"
445,forward,22.250000,22.251458,0.000471,0.050691,2026-09-25T17:07:08.017947+00:00,2026-09-25T17:07:08.018920+00:00,0.000987,1790356028.015252,1790356028.017210,0,0,0,0.002770,0.000142,"[0.01868381162162104, -0.6575883545390794, -0.10501106133670302, -0.32151418817073146, -0.18850995479079818, 0.20552997271485224, -0.47333329314086225]","[0.018430676901060122, -0.6572735430085446, -0.10224138758182784, -0.32150710150987544, -0.18767525446695027, 0.20561723917745198, -0.4733332931408622]","[0.4134330186348587, -0.023427043327194575, 0.5419377295047593]","[0.413367, -0.023315, 0.541995]"
446,forward,22.300000,22.300658,0.000213,0.049200,2026-09-25T17:07:08.067690+00:00,2026-09-25T17:07:08.068120+00:00,0.000446,1790356028.065485,1790356028.056242,0,1,0,0.002797,0.000141,"[0.01894843387213728, -0.657871329751155, -0.10760390351300728, -0.3215259316586798, -0.1893429126333557, 0.20552997271485224, -0.47333329314086225]","[0.018552849948699723, -0.6577622351991029, -0.10480702158225949, -0.32150710150987544, -0.18868754543310698, 0.20561723917745198, -0.4733332931408622]","[0.413484914752602, -0.023518771621114237, 0.5418830949796526]","[0.413471, -0.023379, 0.541889]"
447,forward,22.350000,22.351746,0.000200,0.051087,2026-09-25T17:07:08.117678+00:00,2026-09-25T17:07:08.119209+00:00,0.001546,1790356028.116517,1790356028.117360,0,0,0,0.003061,0.000044,"[0.01923739697482493, -0.6581227929845778, -0.11020631914316434, -0.32154062043071885, -0.19003560836416883, 0.20552997271485224, -0.47333329314086225]","[0.0187448361664191, -0.6579891280018623, -0.10714576277993189, -0.32150710150987544, -0.18952530347406424, 0.20561723917745198, -0.4733332931408622]","[0.4135262874932996, -0.023602108225512897, 0.5418387360270259]","[0.413533, -0.023562, 0.541821]"
448,forward,22.400000,22.400997,0.000311,0.049251,2026-09-25T17:07:08.167790+00:00,2026-09-25T17:07:08.168459+00:00,0.000686,1790356028.164703,1790356028.155465,0,1,0,0.003005,0.000086,"[0.019585352837289148, -0.6583455870787743, -0.1128736283457458, -0.3215617504110082, -0.1906229628080857, 0.20552997271485224, -0.47333329314086225]","[0.018901915799098588, -0.658076394464462, -0.10986847641304304, -0.32150710150987544, -0.18992672920202294, 0.20561723917745198, -0.4733332931408622]","[0.4135579188886593, -0.023667035947804744, 0.5418044204483637]","[0.41353199999999996, -0.023587, 0.5418229999999999]"
449,forward,22.450000,22.451188,0.000185,0.050191,2026-09-25T17:07:08.217661+00:00,2026-09-25T17:07:08.218650+00:00,0.001003,1790356028.216796,1790356028.215893,0,0,0,0.002666,0.000131,"[0.020025129135002782, -0.6585422816020298, -0.11565905245549074, -0.32159271784504945, -0.1911379449117708, 0.2055299727148522, -0.4733332931408622]","[0.019582594207376378, -0.6581985675121016, -0.1129926157741129, -0.32150710150987544, -0.19053759444022095, 0.20561723917745198, -0.4733332931408622]","[0.4135804723801594, -0.023704115450750858, 0.5417800019017242]","[0.41348799999999997, -0.023673, 0.541867]"
450,forward,22.500000,22.500623,0.000219,0.049435,2026-09-25T17:07:08.267699+00:00,2026-09-25T17:07:08.268083+00:00,0.000404,1790356028.264591,1790356028.257557,0,0,0,0.003103,0.000170,"[0.020529389431373803, -0.6587076142280651, -0.11853882318345521, -0.3216328256993487, -0.1915502337182353, 0.20552997271485224, -0.47333329314086225]","[0.020036379812894904, -0.6583207405597412, -0.11543607672690495, -0.32150710150987544, -0.19109609980085915, 0.20561723917745198, -0.4733332931408622]","[0.4135919611366565, -0.023722989979809816, 0.5417668382339217]","[0.41350699999999996, -0.023604999999999998, 0.541854]"
451,forward,22.550000,22.551646,0.000318,0.051023,2026-09-25T17:07:08.317797+00:00,2026-09-25T17:07:08.319109+00:00,0.001328,1790356028.316335,1790356028.294631,0,0,0,0.003235,0.000186,"[0.021096940041177105, -0.6588434530353288, -0.12149809609293352, -0.32168061178121626, -0.19186043129476962, 0.20552997271485224, -0.47333329314086225]","[0.02075196480621258, -0.6585301800699805, -0.11826351011513576, -0.32150710150987544, -0.19154988540637766, 0.20561723917745198, -0.4733332931408622]","[0.4135931911346439, -0.02372293796497399, 0.5417642469064273]","[0.413477, -0.023642999999999997, 0.541885]"
452,forward,22.600000,22.600654,0.000157,0.049007,2026-09-25T17:07:08.367636+00:00,2026-09-25T17:07:08.368114+00:00,0.000496,1790356028.364658,1790356028.354697,0,0,0,0.003932,0.000128,"[0.02175498002271017, -0.6589564441213992, -0.12455123904805404, -0.3217358071734092, -0.1921000009588112, 0.20552997271485224, -0.47333329314086225]","[0.021170843826691217, -0.6588443393353395, -0.12061970460532813, -0.32157691467995525, -0.1919513111343364, 0.20561723917745198, -0.4733332931408622]","[0.41358668031368556, -0.023693614617151675, 0.5417704455746347]","[0.413568, -0.023569, 0.541794]"
453,forward,22.650000,22.650609,0.000199,0.049956,2026-09-25T17:07:08.417675+00:00,2026-09-25T17:07:08.418071+00:00,0.000411,1790356028.416689,1790356028.414364,0,0,0,0.003201,0.000067,"[0.02253070843427065, -0.6590532335838546, -0.12771261991294608, -0.3217981429586844, -0.19230040602779747, 0.20552997271485224, -0.47333329314086225]","[0.02202605516016844, -0.6590363255530588, -0.12451178883727547, -0.32157691467995525, -0.19217820393709564, 0.20561723917745198, -0.4733332931408622]","[0.4135749304246904, -0.02362466138188952, 0.5417836601735763]","[0.41360199999999997, -0.023568, 0.541759]"
454,forward,22.700000,22.700892,0.000302,0.050282,2026-09-25T17:07:08.467782+00:00,2026-09-25T17:07:08.468354+00:00,0.000590,1790356028.464670,1790356028.454552,0,0,0,0.004044,0.000057,"[0.023438613000244506, -0.6591343913223611, -0.130998757070126, -0.3218689450783283, -0.19246755930040182, 0.2055299727148522, -0.47333336690102035]","[0.022514747350726852, -0.6591235920156585, -0.12695524979006753, -0.32162927455751505, -0.1924923632024546, 0.20561723917745198, -0.4733332931408622]","[0.41355817169737197, -0.02351141564454653, 0.5418038528615757]","[0.413601, -0.023507, 0.541766]"
455,forward,22.750000,22.751327,0.000341,0.050435,2026-09-25T17:07:08.517820+00:00,2026-09-25T17:07:08.518789+00:00,0.000985,1790356028.515428,1790356028.514536,0,0,0,0.004222,0.000074,"[0.024461648209096753, -0.6591938030808135, -0.13440646408076354, -0.3219493462117687, -0.19257462498710523, 0.20552997271485224, -0.4733335628264403]","[0.02361430477948328, -0.6592108584782583, -0.13018410890625706, -0.32171654102011477, -0.19256217637253437, 0.20561723917745198, -0.4733332931408622]","[0.41353401768294357, -0.02336097643820527, 0.5418327983446042]","[0.413587, -0.023365999999999998, 0.541781]"
456,forward,22.800000,22.802564,0.000301,0.051238,2026-09-25T17:07:08.567781+00:00,2026-09-25T17:07:08.570028+00:00,0.002263,1790356028.564648,1790356028.555375,0,0,0,0.004113,0.000133,"[0.0255930570669003, -0.6592373154274097, -0.1379097929407983, -0.32203570450242186, -0.1926411661258385, 0.20552997271485224, -0.4733336947239452]","[0.024591689160600103, -0.6592632183558181, -0.13379694045788532, -0.3218561673602743, -0.1926494428351341, 0.20561723917745198, -0.4733332931408622]","[0.4135044028216355, -0.023173801382218, 0.54186878314355]","[0.41359599999999996, -0.023150999999999998, 0.541775]"
457,forward,22.850000,22.851438,0.000400,0.048873,2026-09-25T17:07:08.617877+00:00,2026-09-25T17:07:08.618901+00:00,0.001038,1790356028.614602,1790356028.615513,0,0,0,0.003811,0.000303,"[0.02682665447706499, -0.6592711518754892, -0.14148238976041128, -0.3221242551088851, -0.19268827351180698, 0.20552997271485224, -0.4733335705097901]","[0.02535963403147761, -0.6592632183558181, -0.1376715713973127, -0.3219783404079139, -0.19271925600521386, 0.20561723917745198, -0.4733332931408622]","[0.41347140864956944, -0.02295004527542676, 0.5419099680754061]","[0.413504, -0.023246, 0.541856]"
458,forward,22.900000,22.901517,0.000557,0.050079,2026-09-25T17:07:08.668035+00:00,2026-09-25T17:07:08.668979+00:00,0.000960,1790356028.664696,1790356028.655264,0,0,0,0.004220,0.000234,"[0.028159399164849788, -0.6593002230075772, -0.14510313024499125, -0.3222108012830521, -0.19273333845850885, 0.2055299727148522, -0.4733330636648148]","[0.026738444140553128, -0.6592632183558181, -0.1408829772209823, -0.3222401397957131, -0.19271925600521386, 0.20561723917745198, -0.4733332931408622]","[0.4134365161881664, -0.02268898567756272, 0.5419551767719125]","[0.41351099999999996, -0.02289, 0.5418609999999999]"
459,forward,22.950000,22.950851,0.000148,0.049334,2026-09-25T17:07:08.717621+00:00,2026-09-25T17:07:08.718313+00:00,0.000704,1790356028.715202,1790356028.715404,0,0,0,0.004423,0.000312,"[0.029609003454107715, -0.6593181559460141, -0.1487969582872247, -0.32229161142681356, -0.19275940396659902, 0.20552997271485224, -0.4733325258303287]","[0.028134707542148595, -0.6592981249408579, -0.14437363572497094, -0.3225019391835122, -0.19271925600521386, 0.20561723917745198, -0.4733332931408622]","[0.41339645394538754, -0.02238535422270401, 0.5420081188640699]","[0.413494, -0.022646, 0.541867]"
460,forward,23.000000,23.000583,0.000176,0.049732,2026-09-25T17:07:08.767653+00:00,2026-09-25T17:07:08.768044+00:00,0.000408,1790356028.765328,1790356028.756749,0,0,0,0.004571,0.000397,"[0.031161441697109993, -0.6593269200870211, -0.15255770062288013, -0.3223735407785294, -0.1927682229155013, 0.20552997271485224, -0.4733317318841826]","[0.02946115777366428, -0.6592981249408579, -0.14798646727659923, -0.3225019391835122, -0.19271925600521386, 0.20561723917745198, -0.4733332931408622]","[0.4133527717590015, -0.02204467078697167, 0.5420663811572877]","[0.41345, -0.022403, 0.541926]"
461,forward,23.050000,23.050628,0.000191,0.050045,2026-09-25T17:07:08.817670+00:00,2026-09-25T17:07:08.818089+00:00,0.000437,1790356028.815246,1790356028.815977,0,1,0,0.004210,0.000356,"[0.03279466267992625, -0.6593313559409731, -0.1563679544646573, -0.32246515627322847, -0.19276916899197352, 0.20552997271485224, -0.47333029765888623]","[0.031084313978019012, -0.6592981249408579, -0.15215780418886565, -0.3225019391835122, -0.19278906917529362, 0.20561723917745198, -0.4733332931408622]","[0.41330847133252224, -0.021674866588093714, 0.5421258777890556]","[0.413377, -0.022008999999999997, 0.5420229999999999]"
462,forward,23.100000,23.100970,0.000294,0.050341,2026-09-25T17:07:08.867772+00:00,2026-09-25T17:07:08.868432+00:00,0.000676,1790356028.864834,1790356028.854108,0,0,0,0.004579,0.000277,"[0.03448661518862562, -0.6593363040182454, -0.1602103170252549, -0.32257502484593953, -0.19277161588277367, 0.20552997271485224, -0.47332783898694974]","[0.03284709652253329, -0.6592981249408579, -0.15563100940033436, -0.3225019391835122, -0.19278906917529362, 0.20554742600737222, -0.4733332931408622]","[0.4132665861224591, -0.021283884971342884, 0.542182514217064]","[0.413352, -0.021523, 0.542072]"
463,forward,23.150000,23.150781,0.000202,0.049811,2026-09-25T17:07:08.917681+00:00,2026-09-25T17:07:08.918243+00:00,0.000579,1790356028.915051,1790356028.915956,0,1,0,0.004552,0.000520,"[0.0362525314641901, -0.6593414428987043, -0.16409219121220753, -0.32269277013275555, -0.1927753907125312, 0.20552997271485224, -0.4733242086041685]","[0.03412118687648914, -0.6592981249408579, -0.15954054692480166, -0.3226241122311518, -0.19278906917529362, 0.20554742600737222, -0.4733332931408622]","[0.4132254270463987, -0.020865677703046804, 0.5422389278879418]","[0.41326199999999996, -0.021379, 0.542164]"
464,forward,23.200000,23.200613,0.000160,0.049832,2026-09-25T17:07:08.967638+00:00,2026-09-25T17:07:08.968074+00:00,0.000453,1790356028.964944,1790356028.954643,0,0,0,0.004659,0.000539,"[0.03810183001291775, -0.6593441717684421, -0.16802182510152636, -0.3228155198414088, -0.19277537765083652, 0.20552997271485224, -0.47331964341382804]","[0.03593632929856325, -0.6592981249408579, -0.16336281798666924, -0.32267647210871164, -0.19278906917529362, 0.20554742600737222, -0.4733332931408622]","[0.41318343408444047, -0.02041699386951679, 0.5422969472778022]","[0.413251, -0.020942, 0.542194]"
465,forward,23.250000,23.251026,0.000195,0.050413,2026-09-25T17:07:09.017673+00:00,2026-09-25T17:07:09.018488+00:00,0.000831,1790356029.015029,1790356029.014115,0,0,0,0.005182,0.000409,"[0.04000373901885343, -0.6593459120471722, -0.17198308365862855, -0.32296309701438775, -0.1927735359518891, 0.20552997271485224, -0.47331433549967344]","[0.03803072440095644, -0.6593330315258978, -0.16680111661309807, -0.32281609844887116, -0.19278906917529362, 0.20554742600737222, -0.4733332931408622]","[0.413143898997081, -0.019950020145414325, 0.5423512540433727]","[0.41320799999999996, -0.020343999999999998, 0.542262]"
466,forward,23.300000,23.300571,0.000172,0.049545,2026-09-25T17:07:09.067649+00:00,2026-09-25T17:07:09.068032+00:00,0.000399,1790356029.064305,1790356029.054328,0,0,0,0.004918,0.000685,"[0.04192748666604179, -0.6593480851546077, -0.1759598318489307, -0.32315532469418023, -0.19277182486988828, 0.20552997271485224, -0.47330847694544975]","[0.04000294645571004, -0.6593330315258978, -0.1710422666954443, -0.3231477110067501, -0.19278906917529362, 0.20554742600737222, -0.4733332931408622]","[0.4131101687512191, -0.01947699512471248, 0.5423965247316835]","[0.41319, -0.020145, 0.5422669999999999]"
467,forward,23.350000,23.351935,0.000205,0.051364,2026-09-25T17:07:09.117684+00:00,2026-09-25T17:07:09.119398+00:00,0.001731,1790356029.115359,1790356029.114491,0,1,0,0.005135,0.000499,"[0.04385424797913418, -0.6593517911927734, -0.17994757214679336, -0.32340533449393216, -0.19277161588277367, 0.20552997271485224, -0.473302027029403]","[0.041713369122664476, -0.6593330315258978, -0.17481217787975203, -0.3234095103945493, -0.19278906917529362, 0.20554742600737222, -0.4733332931408622]","[0.4130844158198684, -0.019005934653082004, 0.5424293124311267]","[0.413167, -0.019483, 0.542308]"
468,forward,23.400000,23.400494,0.000154,0.048558,2026-09-25T17:07:09.167632+00:00,2026-09-25T17:07:09.167954+00:00,0.000339,1790356029.164638,1790356029.154241,0,0,0,0.005669,0.000543,"[0.045810413984140354, -0.6593563274424963, -0.18397217736189295, -0.3236983756625828, -0.19277161588277367, 0.20552997271485224, -0.4732944666131982]","[0.04359832471481836, -0.6593330315258978, -0.17830283638374073, -0.32353168344218886, -0.19278906917529362, 0.20554742600737222, -0.4733332931408622]","[0.4130638857900346, -0.018527523574119176, 0.5424537936884594]","[0.413147, -0.019052, 0.542341]"
469,forward,23.450000,23.450511,0.000172,0.050017,2026-09-25T17:07:09.217650+00:00,2026-09-25T17:07:09.217972+00:00,0.000339,1790356029.215137,1790356029.214228,0,1,0,0.004663,0.000463,"[0.04778888219250411, -0.659361140292812, -0.18800937302620116, -0.3240351811917033, -0.19277161588277367, 0.20552997271485224, -0.4732864451960053]","[0.045727626402251434, -0.6593330315258978, -0.18334683792200432, -0.3236538564898285, -0.19278906917529362, 0.20554742600737222, -0.4733332931408622]","[0.41304890979739484, -0.018042915331533065, 0.5424694995633773]","[0.413062, -0.018505, 0.542445]"
470,forward,23.500000,23.500879,0.000309,0.050369,2026-09-25T17:07:09.267789+00:00,2026-09-25T17:07:09.268342+00:00,0.000571,1790356029.265059,1790356029.256874,0,0,0,0.004965,0.000549,"[0.04977774341203242, -0.6593657687427324, -0.1920293477424866, -0.32441901650495925, -0.1927716158827737, 0.20552997271485224, -0.47327873111280455]","[0.047490408946765705, -0.6593330315258978, -0.18706438922875224, -0.324107642095347, -0.19278906917529362, 0.20554742600737222, -0.4733332931408622]","[0.4130403277019315, -0.01755491924692144, 0.5424752122117866]","[0.41309399999999996, -0.018095999999999998, 0.5424019999999999]"
471,forward,23.550000,23.550589,0.000193,0.049710,2026-09-25T17:07:09.317669+00:00,2026-09-25T17:07:09.318051+00:00,0.000397,1790356029.314842,1790356029.315206,0,1,0,0.005012,0.000478,"[0.051764913679936776, -0.6593697691556403, -0.19600304190368767, -0.3248534491865529, -0.19277161588277367, 0.20552997271485224, -0.4732720637579584]","[0.049567350756638956, -0.6593330315258978, -0.19099138004573948, -0.3245788809933855, -0.19278906917529362, 0.20554742600737222, -0.4733332931408622]","[0.4130390433344864, -0.017066497008499666, 0.542469632996453]","[0.41307499999999997, -0.01754, 0.542416]"
472,forward,23.600000,23.600726,0.000233,0.050137,2026-09-25T17:07:09.367712+00:00,2026-09-25T17:07:09.368187+00:00,0.000493,1790356029.364637,1790356029.354682,0,0,0,0.004719,0.000657,"[0.053740203030375765, -0.6593733365349531, -0.1999340001464007, -0.3253474839687847, -0.1927716158827737, 0.20552997271485224, -0.4732661181257703]","[0.0518013721991917, -0.6593330315258978, -0.19521507683556577, -0.3247883205036248, -0.19278906917529362, 0.20554742600737222, -0.4732634799707824]","[0.4130462593273628, -0.016582634954122343, 0.5424507367322272]","[0.413041, -0.01724, 0.54245]"
473,forward,23.650000,23.652259,0.000208,0.051532,2026-09-25T17:07:09.417687+00:00,2026-09-25T17:07:09.419722+00:00,0.002051,1790356029.414896,1790356029.414026,0,1,0,0.005200,0.000528,"[0.0557167729391152, -0.6593765965802739, -0.20383625339425535, -0.32589346844014155, -0.19277161588277367, 0.20552997271485224, -0.4732606847169023]","[0.0533721685259866, -0.6593330315258978, -0.19863592216947465, -0.3252770126941832, -0.19278906917529362, 0.20554742600737222, -0.4732634799707824]","[0.41306069484741487, -0.01609878616291771, 0.5424205005641544]","[0.41304799999999997, -0.016626, 0.542437]"
474,forward,23.700000,23.701439,0.000355,0.049181,2026-09-25T17:07:09.467835+00:00,2026-09-25T17:07:09.468903+00:00,0.001084,1790356029.465172,1790356029.456217,0,0,0,0.004385,0.000798,"[0.05771390861415669, -0.6593794340413557, -0.20771560257635113, -0.3264770347364946, -0.19277161588277364, 0.20552997271485224, -0.47325595561509937]","[0.05543165704333991, -0.6593330315258978, -0.2033308578573394, -0.3256784384221419, -0.19278906917529362, 0.20554742600737222, -0.4732634799707824]","[0.4130802246516198, -0.015606902484568613, 0.5423823105957023]","[0.41304599999999997, -0.016403, 0.5424209999999999]"
475,forward,23.750000,23.751421,0.000223,0.049981,2026-09-25T17:07:09.517702+00:00,2026-09-25T17:07:09.518884+00:00,0.001198,1790356029.514603,1790356029.515269,0,1,0,0.004320,0.000422,"[0.05975089526350237, -0.6593817336679513, -0.2115778486217886, -0.32708381499371475, -0.19277161588277367, 0.20552997271485224, -0.4732521229041067]","[0.05782275811857214, -0.6593679381109379, -0.20725784867432664, -0.32634166353789973, -0.19278906917529362, 0.20554742600737222, -0.4732634799707824]","[0.41310269045734244, -0.015098894241568635, 0.5423395551829211]","[0.413066, -0.015515999999999999, 0.542395]"
476,forward,23.800000,23.801094,0.000369,0.049673,2026-09-25T17:07:09.567850+00:00,2026-09-25T17:07:09.568558+00:00,0.000725,1790356029.565250,1790356029.555810,0,0,0,0.004782,0.000646,"[0.06183428545275237, -0.6593833556230944, -0.2154080347120653, -0.32770730745875526, -0.19277161588277367, 0.20552997271485224, -0.47324941964553485]","[0.05928883469024738, -0.6593679381109379, -0.2106263341306757, -0.3269350754835778, -0.19278906917529362, 0.20554742600737222, -0.4732634799707824]","[0.4131274683781668, -0.014570611814703822, 0.54229337040234]","[0.413118, -0.015215999999999999, 0.542315]"
477,forward,23.850000,23.851460,0.000208,0.050366,2026-09-25T17:07:09.617686+00:00,2026-09-25T17:07:09.618923+00:00,0.001252,1790356029.614981,1790356029.615781,0,1,0,0.004515,0.000710,"[0.06394955211877004, -0.6593843206518294, -0.21919068227800537, -0.3283572719835353, -0.19277161588277367, 0.20552997271485224, -0.47324781126430965]","[0.06127851003752091, -0.6593679381109379, -0.21467549799530256, -0.3273888610890963, -0.19278906917529362, 0.20554742600737222, -0.4732634799707824]","[0.41315620483683035, -0.014027312625578906, 0.5422411717323343]","[0.413082, -0.014726, 0.5423399999999999]"
478,forward,23.900000,23.901107,0.000253,0.049647,2026-09-25T17:07:09.667733+00:00,2026-09-25T17:07:09.668570+00:00,0.000854,1790356029.665120,1790356029.653972,0,0,0,0.004472,0.000891,"[0.06610129420741223, -0.6593848554129756, -0.2229699056310502, -0.32903437153869786, -0.19277161588277367, 0.20552997271485224, -0.4732469199957327]","[0.06359979794267337, -0.6593679381109379, -0.2184977690571701, -0.3281568059599738, -0.19278906917529362, 0.2054950661298124, -0.4732634799707824]","[0.4131879129114467, -0.013470667822543778, 0.5421837952905423]","[0.413149, -0.01436, 0.5422319999999999]"
479,forward,23.950000,23.951958,0.000319,0.050851,2026-09-25T17:07:09.717795+00:00,2026-09-25T17:07:09.719420+00:00,0.001639,1790356029.714873,1790356029.713917,0,1,0,0.004890,0.000434,"[0.06829481323004238, -0.6593851904070269, -0.2267913822857709, -0.329738875041486, -0.19277161588277367, 0.20552997271485224, -0.4732463616723138]","[0.0662352451131848, -0.6593679381109379, -0.22190116109855906, -0.3292389100962103, -0.19278906917529362, 0.2054950661298124, -0.4731762135081827]","[0.41322148528346025, -0.012902179025964577, 0.5421222388074013]","[0.41323899999999997, -0.013335999999999999, 0.542107]"
480,forward,24.000000,24.001735,0.000370,0.049777,2026-09-25T17:07:09.767849+00:00,2026-09-25T17:07:09.769198+00:00,0.001365,1790356029.764260,1790356029.754017,0,0,0,0.005284,0.000971,"[0.07053700637610982, -0.6593855143370545, -0.2306937218944766, -0.33046936967753826, -0.19277161588277367, 0.20552997271485224, -0.4732458217889344]","[0.06782349473249964, -0.6593679381109379, -0.22540927289506768, -0.32993704179700806, -0.19278906917529362, 0.2054950661298124, -0.4731762135081827]","[0.41325572192501486, -0.012322061627918188, 0.5420577512381587]","[0.41326799999999997, -0.013293, 0.542038]"
481,forward,24.050000,24.050950,0.000212,0.049215,2026-09-25T17:07:09.817691+00:00,2026-09-25T17:07:09.818413+00:00,0.000738,1790356029.814375,1790356029.815052,0,1,0,0.004978,0.000729,"[0.07283923839564085, -0.6593856334289764, -0.23464604266686662, -0.33121552538793586, -0.19277161588277364, 0.20552997271485224, -0.47324562330239783]","[0.07005751617505239, -0.6593679381109379, -0.22966787626993385, -0.33077479983796537, -0.19278906917529362, 0.2054950661298124, -0.4731762135081827]","[0.4132898233318469, -0.011722718423506199, 0.5419919832876247]","[0.41331399999999996, -0.012451, 0.5419579999999999]"
482,forward,24.100000,24.101642,0.000339,0.050692,2026-09-25T17:07:09.867819+00:00,2026-09-25T17:07:09.869106+00:00,0.001303,1790356029.864191,1790356029.855085,0,0,0,0.004789,0.000722,"[0.07518537563705455, -0.6593855758038529, -0.23864594386346086, -0.331988091332718, -0.19277161588277367, 0.20552997271485224, -0.47324571934427045]","[0.07244861725028462, -0.6594202979884977, -0.23385666647472023, -0.33133330519860354, -0.19278906917529362, 0.2054950661298124, -0.4731762135081827]","[0.4133251979109045, -0.011111210312378534, 0.5419225019200388]","[0.413375, -0.01183, 0.5418769999999999]"
483,forward,24.150000,24.151099,0.000239,0.049457,2026-09-25T17:07:09.917717+00:00,2026-09-25T17:07:09.918561+00:00,0.000860,1790356029.914828,1790356029.914180,0,1,0,0.004869,0.000740,"[0.07755409680465189, -0.659385456711931, -0.24270487367546445, -0.33280251104498615, -0.19277161588277367, 0.20552997271485224, -0.473245917830807]","[0.0747000919853573, -0.6594202979884977, -0.2378360171692673, -0.3319267171442816, -0.19278906917529362, 0.2054950661298124, -0.4731762135081827]","[0.41336359986262994, -0.010498119156463507, 0.541846152030324]","[0.41334299999999996, -0.011236999999999999, 0.5418879999999999]"
484,forward,24.200000,24.201278,0.000294,0.050179,2026-09-25T17:07:09.967774+00:00,2026-09-25T17:07:09.968740+00:00,0.000984,1790356029.964588,1790356029.955149,0,0,0,0.005141,0.000850,"[0.07992408060273307, -0.6593853914034576, -0.24683428029408097, -0.3336742280578411, -0.19277161588277367, 0.20552997271485224, -0.4732460266782625]","[0.07709119306058954, -0.6594202979884977, -0.24169319481617477, -0.3328168350627987, -0.19278906917529362, 0.2054950661298124, -0.4731762135081827]","[0.41340681787239264, -0.009894079292608677, 0.5417597915181988]","[0.41342799999999996, -0.010744, 0.5417609999999999]"
485,forward,24.250000,24.251011,0.000347,0.049733,2026-09-25T17:07:10.017827+00:00,2026-09-25T17:07:10.018473+00:00,0.000663,1790356030.014849,1790356030.013956,0,1,0,0.005552,0.000569,"[0.08230936963361898, -0.6593853914034576, -0.2510495457856135, -0.3346011076805965, -0.19277161588277367, 0.20552997271485224, -0.4732460266782625]","[0.07972664023110099, -0.6594202979884977, -0.2454980125855224, -0.33363713981123605, -0.19278906917529362, 0.2054950661298124, -0.4731762135081827]","[0.4134541796429191, -0.00929455633604077, 0.5416643571942624]","[0.413445, -0.009862, 0.541708]"
486,forward,24.300000,24.300950,0.000303,0.049939,2026-09-25T17:07:10.067784+00:00,2026-09-25T17:07:10.068413+00:00,0.000647,1790356030.065081,1790356030.055321,0,0,0,0.005463,0.000895,"[0.08471919160042132, -0.6593853914034576, -0.2553416703863279, -0.3355750478208865, -0.19277161588277364, 0.20552997271485224, -0.4732460266782625]","[0.08208283472129332, -0.6594202979884977, -0.24987878900802815, -0.3347366972399925, -0.19278906917529362, 0.2054950661298124, -0.4731762135081827]","[0.4135046701153656, -0.008694734967831868, 0.5415615117679458]","[0.413458, -0.009583999999999999, 0.541656]"
487,forward,24.350000,24.351347,0.000202,0.050397,2026-09-25T17:07:10.117681+00:00,2026-09-25T17:07:10.118809+00:00,0.001144,1790356030.114556,1790356030.115027,0,1,0,0.005094,0.000680,"[0.08712500285862751, -0.6593853914034576, -0.25968552954237334, -0.33660254090929365, -0.19277161588277367, 0.20552997271485224, -0.47324602667826254]","[0.08422958970124635, -0.6594202979884977, -0.25459117798841285, -0.33562681515850956, -0.19278906917529362, 0.2054950661298124, -0.4731762135081827]","[0.4135596415174715, -0.00810487979082319, 0.5414491953457087]","[0.413556, -0.008784, 0.5414869999999999]"
488,forward,24.400000,24.401306,0.000289,0.049959,2026-09-25T17:07:10.167766+00:00,2026-09-25T17:07:10.168769+00:00,0.001018,1790356030.165663,1790356030.155678,0,0,0,0.005293,0.000737,"[0.08949825976372416, -0.6593853914034576, -0.26405599869989776, -0.33769007937640017, -0.19277161588277367, 0.20552997271485224, -0.4732460266782625]","[0.08667305065403841, -0.6594202979884977, -0.2587625149006793, -0.33667401270970615, -0.19278906917529362, 0.2054950661298124, -0.4731762135081827]","[0.4136205162849014, -0.0075352683189145765, 0.5413253246863461]","[0.413649, -0.008272, 0.5413319999999999]"
489,forward,24.450000,24.450685,0.000290,0.049378,2026-09-25T17:07:10.217768+00:00,2026-09-25T17:07:10.218146+00:00,0.000395,1790356030.214761,1790356030.215404,0,1,0,0.005334,0.000675,"[0.09182378170684075, -0.6593853914034575, -0.2684427956928637, -0.3388434867403546, -0.19277161588277367, 0.20552997271485224, -0.47324602667826243]","[0.08901179185171082, -0.6594202979884977, -0.2631083847381452, -0.3378084767235025, -0.19278906917529362, 0.2054950661298124, -0.4731762135081827]","[0.41368835766996803, -0.006991827319719791, 0.5411883490142084]","[0.41367, -0.007664, 0.541249]"
490,forward,24.500000,24.501151,0.000339,0.050466,2026-09-25T17:07:10.267819+00:00,2026-09-25T17:07:10.268614+00:00,0.000812,1790356030.264677,1790356030.255320,0,0,0,0.005512,0.000562,"[0.09413115824128684, -0.6593853914034576, -0.27287886426654706, -0.3400613422473339, -0.19277161588277367, 0.20552997271485224, -0.47324602667826243]","[0.09128071987930345, -0.6594202979884977, -0.26736698811301135, -0.3387160479345395, -0.19278906917529362, 0.2054950661298124, -0.4731762135081827]","[0.4137622284519448, -0.006465079063393699, 0.541039521636966]","[0.413722, -0.007012999999999999, 0.541158]"
491,forward,24.550000,24.551001,0.000300,0.049850,2026-09-25T17:07:10.317777+00:00,2026-09-25T17:07:10.318463+00:00,0.000702,1790356030.315156,1790356030.315911,0,1,0,0.005574,0.000679,"[0.09640507634846407, -0.6593853914034576, -0.2773389458694777, -0.3413380624582599, -0.19277161588277367, 0.20552997271485224, -0.47324602667826254]","[0.09386380717225505, -0.6594202979884977, -0.27176521782803703, -0.34000759158101534, -0.19278906917529362, 0.2054950661298124, -0.4731762135081827]","[0.41384186940080625, -0.005959169675132658, 0.540879426839643]","[0.41379099999999996, -0.006626, 0.540995]"
492,forward,24.600000,24.600583,0.000151,0.049581,2026-09-25T17:07:10.367627+00:00,2026-09-25T17:07:10.368043+00:00,0.000432,1790356030.365414,1790356030.354124,0,0,0,0.005802,0.000735,"[0.0986244836499155, -0.6593853914034576, -0.281791000932982, -0.3426680385277772, -0.1927716158827737, 0.20552997271485224, -0.4732460266782625]","[0.09615018849236762, -0.6594202979884977, -0.27598891461786335, -0.3412293220574114, -0.19278906917529362, 0.2054950661298124, -0.4731762135081827]","[0.4139272274401597, -0.005480034921509381, 0.5407084358042509]","[0.41379099999999996, -0.006156, 0.5409619999999999]"
493,forward,24.650000,24.651379,0.000213,0.050796,2026-09-25T17:07:10.417693+00:00,2026-09-25T17:07:10.418842+00:00,0.001166,1790356030.414235,1790356030.414961,0,0,0,0.005608,0.000479,"[0.10076878298004974, -0.6593853914034576, -0.2862046232148887, -0.3440458303881148, -0.19277161588277367, 0.20552997271485224, -0.4732460266782625]","[0.09834930334988047, -0.6594202979884977, -0.2805965838431284, -0.34276521179916636, -0.19278906917529362, 0.2054950661298124, -0.4731762135081827]","[0.41401829108275423, -0.005033527901890121, 0.5405268937965815]","[0.41398399999999996, -0.005501, 0.540627]"
494,forward,24.700000,24.700971,0.000273,0.049592,2026-09-25T17:07:10.467749+00:00,2026-09-25T17:07:10.468433+00:00,0.000698,1790356030.464246,1790356030.454102,0,0,0,0.005382,0.000683,"[0.1028386284992685, -0.6593853914034576, -0.29060378430557726, -0.34547277263713294, -0.1927716158827737, 0.20552997271485224, -0.4732460266782625]","[0.10047860503731357, -0.6594202979884977, -0.2852217063609133, -0.34416147520076185, -0.19278906917529362, 0.2054950661298124, -0.4731762135081827]","[0.4141146398808134, -0.004621531654216346, 0.5403351715382425]","[0.414087, -0.0052959999999999995, 0.540438]"
495,forward,24.750000,24.751184,0.000189,0.050213,2026-09-25T17:07:10.517666+00:00,2026-09-25T17:07:10.518648+00:00,0.000995,1790356030.514600,1790356030.513737,0,0,0,0.005702,0.000489,"[0.10484513248272306, -0.6593853914034576, -0.2949904369027888, -0.34695107039622497, -0.19277161588277367, 0.20552997271485224, -0.4732460266782625]","[0.10238101392198738, -0.6594202979884977, -0.2892883235180601, -0.34529593921455815, -0.19278906917529362, 0.2054950661298124, -0.4731762135081827]","[0.41421664002677067, -0.004239864221953951, 0.5401328298688488]","[0.414134, -0.0046879999999999995, 0.54031]"
496,forward,24.800000,24.800525,0.000155,0.049341,2026-09-25T17:07:10.567624+00:00,2026-09-25T17:07:10.567986+00:00,0.000371,1790356030.564271,1790356030.553835,0,0,0,0.005149,0.000478,"[0.10679509469498777, -0.6593853914034575, -0.2993413388733736, -0.34848083891563764, -0.19277161588277367, 0.20552997271485224, -0.47324602667826254]","[0.10437068926926091, -0.6594202979884977, -0.2941926987161642, -0.34691909541891286, -0.19278906917529362, 0.2054950661298124, -0.4731762135081827]","[0.4143250386028999, -0.003883926216114112, 0.5399191557565711]","[0.41422699999999996, -0.004299, 0.540136]"
497,forward,24.850000,24.851168,0.000263,0.050642,2026-09-25T17:07:10.617743+00:00,2026-09-25T17:07:10.618632+00:00,0.000905,1790356030.614194,1790356030.614825,0,0,0,0.005426,0.000367,"[0.10869531490063722, -0.6593853914034576, -0.3036332480841823, -0.35006219344561834, -0.19277161588277367, 0.20552997271485224, -0.4732460266782625]","[0.10665707058937347, -0.6594202979884977, -0.2982069559957512, -0.3482804522354685, -0.19278906917529362, 0.2054950661298124, -0.47331583984834225]","[0.4144405828344566, -0.003549090775005488, 0.5396934091656524]","[0.414336, -0.003829, 0.539906]"
498,forward,24.900000,24.901052,0.000300,0.049884,2026-09-25T17:07:10.667779+00:00,2026-09-25T17:07:10.668515+00:00,0.000751,1790356030.664390,1790356030.653749,0,0,0,0.005520,0.000513,"[0.11054469069264153, -0.6593853914034576, -0.3078454581123881, -0.351687838799197, -0.19277161588277367, 0.20552997271485224, -0.4732460266782625]","[0.10824532020868832, -0.6594202979884977, -0.30232593303045774, -0.3500083281949429, -0.19278906917529362, 0.2054950661298124, -0.47331583984834225]","[0.4145628263487829, -0.0032337226030073538, 0.5394565516533579]","[0.414421, -0.0036379999999999997, 0.5397379999999999]"
499,forward,24.950000,24.953536,0.000198,0.052484,2026-09-25T17:07:10.717675+00:00,2026-09-25T17:07:10.720998+00:00,0.003338,1790356030.714243,1790356030.714936,0,0,0,0.005420,0.000398,"[0.11233586034622217, -0.6593853914034576, -0.3119870705004998, -0.3533528749968717, -0.19277161588277367, 0.20552997271485224, -0.47324602667826243]","[0.11016518238588209, -0.6594202979884977, -0.306567083112804, -0.3516663909843375, -0.19278906917529362, 0.2054950661298124, -0.47331583984834225]","[0.4146907911038545, -0.0029413737372899103, 0.5392098895654591]","[0.414604, -0.003281, 0.539399]"
500,forward,25.000000,25.001436,0.000362,0.047901,2026-09-25T17:07:10.767836+00:00,2026-09-25T17:07:10.768899+00:00,0.001075,1790356030.764280,1790356030.754182,0,0,0,0.005399,0.000582,"[0.11407906028587478, -0.6593853914034576, -0.31608487755027564, -0.3550758436520501, -0.19277161588277367, 0.20552997271485224, -0.47324602667826254]","[0.11194541822291629, -0.6594202979884977, -0.31068606014751066, -0.3528881214607335, -0.19278906917529362, 0.2054950661298124, -0.47331583984834225]","[0.4148264647851814, -0.002671281915914852, 0.538950048811366]","[0.41468, -0.003149, 0.539248]"
501,forward,25.050000,25.050605,0.000175,0.049168,2026-09-25T17:07:10.817653+00:00,2026-09-25T17:07:10.818066+00:00,0.000429,1790356030.814871,1790356030.813980,0,0,0,0.004837,0.000429,"[0.11578504720132171, -0.6593853914034576, -0.3201658478195196, -0.3568758763057383, -0.19277161588277367, 0.20552997271485224, -0.4732460266782625]","[0.11388273369263001, -0.6594202979884977, -0.3153286359578155, -0.3547032638828076, -0.19278906917529362, 0.2054950661298124, -0.47331583984834225]","[0.41497184857555164, -0.002422605581777485, 0.5386735538601897]","[0.414802, -0.002662, 0.538986]"
502,forward,25.100000,25.101907,0.000342,0.051302,2026-09-25T17:07:10.867821+00:00,2026-09-25T17:07:10.869370+00:00,0.001565,1790356030.863969,1790356030.854187,0,0,0,0.005031,0.000306,"[0.1174637418338268, -0.6593853914034576, -0.32425144899735603, -0.35876939340335373, -0.19277161588277367, 0.20552997271485224, -0.47324602667826243]","[0.11583750245486366, -0.6594202979884977, -0.3192207201897629, -0.35707691166551986, -0.19278906917529362, 0.2054950661298124, -0.47331583984834225]","[0.41512864042807246, -0.002194294866159817, 0.5383773874463033]","[0.41501, -0.002289, 0.538643]"
503,forward,25.150000,25.151233,0.000221,0.049325,2026-09-25T17:07:10.917700+00:00,2026-09-25T17:07:10.918695+00:00,0.001011,1790356030.914849,1790356030.913831,0,0,0,0.005691,0.000407,"[0.11911299796767894, -0.6593853914034576, -0.3283152316130943, -0.3607450023811446, -0.19277161588277364, 0.20552997271485224, -0.47324602667826243]","[0.11725121914897906, -0.6594202979884977, -0.3226241122311518, -0.35875242774743443, -0.19278906917529362, 0.2054950661298124, -0.47331583984834225]","[0.41529587028469794, -0.0019844681020356435, 0.5380632575033715]","[0.41511699999999996, -0.002108, 0.538407]"
504,forward,25.200000,25.201035,0.000358,0.049803,2026-09-25T17:07:10.967836+00:00,2026-09-25T17:07:10.968498+00:00,0.000677,1790356030.963323,1790356030.954883,0,0,0,0.004836,0.000633,"[0.12072681337001284, -0.6593853914034576, -0.3323644926977072, -0.36280006231811696, -0.19277161588277367, 0.20552997271485224, -0.47324602667826254]","[0.11868238913561441, -0.6594202979884977, -0.3275284874292559, -0.3602708641966695, -0.19278906917529362, 0.2054950661298124, -0.47331583984834225]","[0.4154728268539185, -0.001796239394855497, 0.5377319572317821]","[0.415182, -0.0020039999999999997, 0.538254]"
505,forward,25.250000,25.251728,0.000208,0.050693,2026-09-25T17:07:11.017687+00:00,2026-09-25T17:07:11.019192+00:00,0.001520,1790356031.014311,1790356031.015067,0,0,0,0.005050,0.000397,"[0.1223001170299596, -0.6593853914034576, -0.336418440625699, -0.3649370318862072, -0.19277161588277367, 0.20552997271485224, -0.4732460266782625]","[0.12065461119036801, -0.6594202979884977, -0.3313682117836434, -0.36257469880930204, -0.19278906917529362, 0.2054950661298124, -0.4732111200932226]","[0.41565916280747367, -0.0016337106868291838, 0.5373835292402361]","[0.415479, -0.001722, 0.5377259999999999]"
506,forward,25.300000,25.300990,0.000542,0.049262,2026-09-25T17:07:11.068022+00:00,2026-09-25T17:07:11.068451+00:00,0.000448,1790356031.064328,1790356031.053776,0,0,0,0.005463,0.000591,"[0.12382783793665034, -0.6593853914034576, -0.34049628377157415, -0.36715836975735233, -0.19277161588277367, 0.20552997271485224, -0.4732460266782625]","[0.12224286080968284, -0.6594202979884977, -0.33503340321283154, -0.36451201427901575, -0.19278906917529362, 0.2054950661298124, -0.4732111200932226]","[0.41585450257102546, -0.0015010279647431207, 0.5370180375017967]","[0.41557299999999997, -0.001535, 0.5375369999999999]"
507,forward,25.350000,25.351270,0.000222,0.050281,2026-09-25T17:07:11.117700+00:00,2026-09-25T17:07:11.118735+00:00,0.001049,1790356031.114464,1790356031.115201,0,0,0,0.005361,0.000493,"[0.12530626887380547, -0.6593853914034576, -0.344617815724979, -0.36947625147987073, -0.19277161588277367, 0.20552997271485224, -0.4732460266782625]","[0.1239183768915974, -0.6594202979884977, -0.33925710000265774, -0.3666762225514887, -0.19278906917529362, 0.2054950661298124, -0.4732111200932226]","[0.4160598149714664, -0.0014025459544841495, 0.5366334123870449]","[0.415832, -0.001318, 0.5370619999999999]"
508,forward,25.400000,25.401816,0.000374,0.050545,2026-09-25T17:07:11.167852+00:00,2026-09-25T17:07:11.169279+00:00,0.001441,1790356031.163880,1790356031.153753,0,0,0,0.005253,0.000547,"[0.12673884814046138, -0.6593853914034576, -0.34876899772526815, -0.37188717856848624, -0.19277161588277364, 0.20552997271485224, -0.4732460266782625]","[0.1250528409053937, -0.6594202979884977, -0.34351570337752396, -0.36915459008932067, -0.19278906917529362, 0.2054950661298124, -0.4732111200932226]","[0.416274858092232, -0.0013356792150296393, 0.5362299968446355]","[0.416026, -0.001269, 0.536712]"
509,forward,25.450000,25.451085,0.000195,0.049269,2026-09-25T17:07:11.217672+00:00,2026-09-25T17:07:11.218547+00:00,0.000890,1790356031.214022,1790356031.214937,0,0,0,0.004969,0.000633,"[0.12813122299872234, -0.6593853914034576, -0.3529182896215065, -0.3743700986447428, -0.19277161588277367, 0.20552997271485224, -0.47324602667826254]","[0.12655382406210886, -0.6594202979884977, -0.34794883967758955, -0.37156314445707284, -0.19278906917529362, 0.2054950661298124, -0.4732111200932226]","[0.41649746874425086, -0.001294103998388512, 0.535811466562348]","[0.41619, -0.001276, 0.536365]"
510,forward,25.500000,25.500972,0.000343,0.049887,2026-09-25T17:07:11.267824+00:00,2026-09-25T17:07:11.268434+00:00,0.000629,1790356031.263772,1790356031.254731,0,1,0,0.005054,0.000693,"[0.12948904071069228, -0.6593853914034576, -0.3570341512627578, -0.3769039593301836, -0.19277161588277367, 0.20552997271485224, -0.4732460266782625]","[0.12796754075622424, -0.6594202979884977, -0.3519805502496965, -0.3741636850425443, -0.19278906917529362, 0.2054950661298124, -0.4732111200932226]","[0.41672556042702413, -0.001271364651694487, 0.535381465010376]","[0.416402, -0.001199, 0.53599]"
511,forward,25.550000,25.550902,0.000290,0.049930,2026-09-25T17:07:11.317768+00:00,2026-09-25T17:07:11.318364+00:00,0.000612,1790356031.314760,1790356031.315473,0,0,0,0.005413,0.000512,"[0.13081593027614957, -0.6593853914034576, -0.3610939001710721, -0.3794726750709983, -0.19277161588277367, 0.20552997271485224, -0.47324602667826254]","[0.12941616403537953, -0.6594202979884977, -0.3556806482639244, -0.3765547861177766, -0.19278906917529362, 0.2054950661298124, -0.4732111200932226]","[0.4169575373600194, -0.0012628570463666389, 0.5349427904576145]","[0.41672899999999996, -0.001151, 0.535387]"
512,forward,25.600000,25.601693,0.000378,0.050791,2026-09-25T17:07:11.367857+00:00,2026-09-25T17:07:11.369154+00:00,0.001314,1790356031.364548,1790356031.358000,0,1,0,0.004829,0.000771,"[0.1321074386304387, -0.6593853914034576, -0.3651169991934994, -0.38208711924138167, -0.19277161588277367, 0.20552997271485224, -0.47324602667826243]","[0.13074261426689524, -0.6594202979884977, -0.36028831748918944, -0.37919023328828805, -0.19278906917529362, 0.2054950661298124, -0.4732111200932226]","[0.4171942458216175, -0.0012729853461672797, 0.5344936146539601]","[0.416838, -0.001094, 0.535154]"
513,forward,25.650000,25.651754,0.000437,0.050061,2026-09-25T17:07:11.417914+00:00,2026-09-25T17:07:11.419216+00:00,0.001317,1790356031.414695,1790356031.415384,0,0,0,0.005348,0.000753,"[0.13336420287692494, -0.6593853914034576, -0.36910912407175944, -0.38475469633675924, -0.19277161588277367, 0.20552997271485224, -0.47324602667826254]","[0.13231341059369012, -0.6594202979884977, -0.36376152270065815, -0.38112754875800176, -0.19278906917529362, 0.2054950661298124, -0.4732111200932226]","[0.41743645937266277, -0.0013026128667401084, 0.5340324289036049]","[0.41711299999999996, -0.000991, 0.534637]"
514,forward,25.700000,25.702338,0.000324,0.050584,2026-09-25T17:07:11.467802+00:00,2026-09-25T17:07:11.469801+00:00,0.002014,1790356031.464967,1790356031.454097,0,1,0,0.004739,0.000636,"[0.13458764443532176, -0.6593853914034576, -0.37307292556153426, -0.38748132253647855, -0.1927716158827737, 0.20552997271485224, -0.4732460266782625]","[0.13320352851220724, -0.6594202979884977, -0.3683342853408833, -0.38416442165647186, -0.19278906917529362, 0.2054950661298124, -0.4732111200932226]","[0.41768481672731816, -0.0013519238348391992, 0.5335579551063253]","[0.41740299999999997, -0.001225, 0.534114]"
515,forward,25.750000,25.751206,0.000228,0.048868,2026-09-25T17:07:11.517707+00:00,2026-09-25T17:07:11.518667+00:00,0.000978,1790356031.515375,1790356031.514375,0,0,0,0.004644,0.000794,"[0.13577961335381664, -0.6593853914034575, -0.3770101728309491, -0.3902724335544126, -0.19277161588277367, 0.2055299727148522, -0.4732460266782625]","[0.13433799252600354, -0.6594202979884977, -0.37236599591299024, -0.3863809898065047, -0.19278906917529362, 0.2054950661298124, -0.4732111200932226]","[0.41793989650856617, -0.0014208281254959425, 0.5330689905693081]","[0.41756299999999996, -0.0013, 0.5337569999999999]"
516,forward,25.800000,25.801998,0.000264,0.050793,2026-09-25T17:07:11.567745+00:00,2026-09-25T17:07:11.569462+00:00,0.001735,1790356031.563834,1790356031.553507,0,1,0,0.004643,0.000748,"[0.13695128706236712, -0.6593853914034576, -0.38090064775966964, -0.3931192334917089, -0.1927716158827737, 0.20552997271485224, -0.4732460266782625]","[0.13562953617247936, -0.6594202979884977, -0.37625808014493756, -0.3904127003786116, -0.19278906917529362, 0.2054950661298124, -0.4732111200932226]","[0.4182010668266931, -0.0015022541669156217, 0.5325667473381974]","[0.417877, -0.001294, 0.533208]"
517,forward,25.850000,25.850944,0.000211,0.048945,2026-09-25T17:07:11.617690+00:00,2026-09-25T17:07:11.618406+00:00,0.000732,1790356031.613937,1790356031.614600,0,0,0,0.005077,0.000740,"[0.13809460921014965, -0.6593853914034576, -0.38475606100212856, -0.39602420663146914, -0.19277161588277367, 0.20552997271485224, -0.4732460266782625]","[0.136973439696515, -0.6594202979884977, -0.37967892547884646, -0.3924023757258851, -0.19278906917529362, 0.2054950661298124, -0.4732111200932226]","[0.41846815433817997, -0.0016008953492021756, 0.5320510267484483]","[0.418153, -0.00132, 0.532659]"
518,forward,25.900000,25.900867,0.000347,0.049924,2026-09-25T17:07:11.667827+00:00,2026-09-25T17:07:11.668329+00:00,0.000521,1790356031.663836,1790356031.654527,0,1,0,0.004964,0.001004,"[0.13919271484434995, -0.6593853914034576, -0.3886049946195886, -0.3989980328299183, -0.19277161588277364, 0.20552997271485224, -0.4732460266782625]","[0.13819517017291102, -0.6594202979884977, -0.3836408228808736, -0.39563123484207463, -0.19278906917529362, 0.2054950661298124, -0.4732111200932226]","[0.4187414669957034, -0.0017273725294465955, 0.5315204126046491]","[0.418298, -0.001395, 0.532357]"
519,forward,25.950000,25.950857,0.000253,0.049989,2026-09-25T17:07:11.717733+00:00,2026-09-25T17:07:11.718319+00:00,0.000604,1790356031.714470,1790356031.713578,0,0,0,0.004961,0.000703,"[0.1402287390121534, -0.6593853914034576, -0.3924760306733107, -0.40205139194327993, -0.19277161588277367, 0.20552997271485224, -0.4732460266782625]","[0.1390678347989082, -0.6594202979884977, -0.387515453820301, -0.39854593469290517, -0.19278906917529362, 0.2054950661298124, -0.4732111200932226]","[0.41902122755139987, -0.0018924228881167793, 0.5309735223796826]","[0.418726, -0.001635, 0.531557]"
520,forward,26.000000,26.002183,0.000252,0.051326,2026-09-25T17:07:11.767732+00:00,2026-09-25T17:07:11.769647+00:00,0.001931,1790356031.764062,1790356031.754644,0,1,0,0.004856,0.000973,"[0.14119676440732154, -0.6593853914034576, -0.39638591026051095, -0.4052017268147186, -0.19277161588277367, 0.20552997271485224, -0.4732460266782625]","[0.14021975210522444, -0.6594202979884977, -0.39152971109988793, -0.40146063454373565, -0.19278906917529362, 0.2054950661298124, -0.4732111200932226]","[0.4193089124007681, -0.0021017505580669497, 0.5304070362300303]","[0.41894, -0.001598, 0.531153]"
521,forward,26.050000,26.051888,0.000334,0.049705,2026-09-25T17:07:11.817811+00:00,2026-09-25T17:07:11.819351+00:00,0.001553,1790356031.814556,1790356031.813692,0,0,0,0.004844,0.000861,"[0.14210937220782052, -0.6593853914034576, -0.40031771648893044, -0.4084500581004218, -0.19277161588277367, 0.20552997271485224, -0.4732460266782625]","[0.1411273233162615, -0.6594202979884977, -0.3954741552093951, -0.4044800541496859, -0.19278906917529362, 0.2054950661298124, -0.4732111200932226]","[0.4196049536004998, -0.0023489121299447822, 0.5298200899159076]","[0.41925199999999996, -0.0019779999999999997, 0.530512]"
522,forward,26.100000,26.101725,0.000333,0.049837,2026-09-25T17:07:11.867813+00:00,2026-09-25T17:07:11.869188+00:00,0.001392,1790356031.863878,1790356031.854439,0,1,0,0.004877,0.001130,"[0.14296301285970903, -0.6593853914034576, -0.4042605201520329, -0.411764061537996, -0.19277161588277367, 0.20552997271485224, -0.47324602667826254]","[0.14187781489461904, -0.6594202979884977, -0.3993836927338624, -0.4072900342453968, -0.19278906917529362, 0.2054950661298124, -0.4732111200932226]","[0.4199051241382062, -0.002632029850621092, 0.5292195746439888]","[0.41946, -0.002093, 0.530108]"
523,forward,26.150000,26.151709,0.000287,0.049984,2026-09-25T17:07:11.917767+00:00,2026-09-25T17:07:11.919173+00:00,0.001421,1790356031.914584,1790356031.913713,0,0,0,0.004980,0.000972,"[0.14375353735409407, -0.6593853914034576, -0.4082038718940876, -0.4151106987232938, -0.19277161588277367, 0.20552997271485224, -0.4732460266782625]","[0.14297737232337548, -0.6594202979884977, -0.40322341708825, -0.4108679592119851, -0.19278906917529362, 0.2054950661298124, -0.4732111200932226]","[0.42020519639121456, -0.002949337446021917, 0.5286125732691794]","[0.419832, -0.00245, 0.529358]"
524,forward,26.200000,26.201150,0.000242,0.049441,2026-09-25T17:07:11.967721+00:00,2026-09-25T17:07:11.968612+00:00,0.000908,1790356031.963724,1790356031.953901,0,1,0,0.004920,0.001162,"[0.14447606973474705, -0.6593853914034576, -0.412140622716661, -0.4184656636353302, -0.19277161588277367, 0.2055299727148522, -0.47324604716719526]","[0.14344861122141395, -0.6594202979884977, -0.40722022107531697, -0.4144982440561333, -0.19278906917529362, 0.2054950661298124, -0.4732111200932226]","[0.42050207808993023, -0.0033002886233901192, 0.5280043279190886]","[0.42005, -0.002731, 0.528911]"
525,forward,26.250000,26.251504,0.000312,0.050354,2026-09-25T17:07:12.017791+00:00,2026-09-25T17:07:12.018967+00:00,0.001192,1790356032.015562,1790356032.014691,0,0,0,0.005011,0.001028,"[0.14512494476052504, -0.6593853914034576, -0.41608825382844306, -0.42187369309054734, -0.19277161588277367, 0.20552997271485224, -0.4732462149203326]","[0.1444783554800906, -0.6593504848184178, -0.41107739872222443, -0.41763983670972316, -0.19278906917529362, 0.2054950661298124, -0.4732111200932226]","[0.42080078737257015, -0.0036927667361289634, 0.5273853735996592]","[0.420415, -0.00313, 0.528154]"
526,forward,26.300000,26.300842,0.000201,0.049338,2026-09-25T17:07:12.067681+00:00,2026-09-25T17:07:12.068304+00:00,0.000640,1790356032.063637,1790356032.056123,0,1,0,0.005119,0.001263,"[0.14570936416481772, -0.6593853914034576, -0.4200362665465993, -0.4253127658400801, -0.19277161588277367, 0.20552997271485224, -0.473246395479053]","[0.14521139376592823, -0.6593504848184178, -0.41491712307661194, -0.4211130419211918, -0.19278906917529362, 0.2054950661298124, -0.4732111200932226]","[0.42109865622540993, -0.004120197417240949, 0.5267603035870373]","[0.420657, -0.0033539999999999998, 0.527662]"
527,forward,26.350000,26.350471,0.000168,0.049629,2026-09-25T17:07:12.117643+00:00,2026-09-25T17:07:12.117932+00:00,0.000303,1790356032.114857,1790356032.115539,0,0,0,0.004983,0.001019,"[0.14624112188957028, -0.6593853914034576, -0.4239662592483539, -0.4287406618767678, -0.19277161588277367, 0.20552997271485224, -0.4732463967596113]","[0.14564772607892681, -0.6593504848184178, -0.41898374023375873, -0.4246037004251805, -0.19278906917529362, 0.2054950661298124, -0.4732111200932226]","[0.4213908572337229, -0.004572294103365817, 0.5261379936001253]","[0.42102799999999996, -0.003981, 0.526884]"
528,forward,26.400000,26.401408,0.000296,0.050937,2026-09-25T17:07:12.167775+00:00,2026-09-25T17:07:12.168871+00:00,0.001112,1790356032.163769,1790356032.156329,0,1,0,0.004740,0.001213,"[0.14673201187672832, -0.6593853914034576, -0.42785983031093283, -0.43211516119345145, -0.19277161588277367, 0.20552997271485224, -0.4732460266782625]","[0.14606660509940544, -0.6593504848184178, -0.42312017056098533, -0.4278674661264099, -0.19278906917529362, 0.2054950661298124, -0.4732111200932226]","[0.42167277133958103, -0.005038568009664212, 0.5255273247286217]","[0.42127499999999996, -0.0042699999999999995, 0.526377]"
529,forward,26.450000,26.451597,0.000189,0.050188,2026-09-25T17:07:12.217667+00:00,2026-09-25T17:07:12.219060+00:00,0.001407,1790356032.216646,1790356032.216222,0,0,0,0.004485,0.001161,"[0.14717862015786318, -0.6593853914034576, -0.43170660593154475, -0.43543234656228985, -0.19277161588277367, 0.20552997271485224, -0.4732454837215432]","[0.14681709667776302, -0.6593504848184178, -0.42722169430317203, -0.431532657555598, -0.19278906917529362, 0.2054950661298124, -0.4732111200932226]","[0.42194441206034083, -0.00551889717307363, 0.5249287739296826]","[0.421531, -0.004837, 0.5257729999999999]"
530,forward,26.500000,26.500388,0.000217,0.048791,2026-09-25T17:07:12.267685+00:00,2026-09-25T17:07:12.267847+00:00,0.000171,1790356032.264075,1790356032.255306,0,1,0,0.004492,0.001317,"[0.14757507409260992, -0.6593853914034576, -0.4355185196329904, -0.4387160888705585, -0.19277161588277364, 0.20552997271485224, -0.4732448383201599]","[0.14716616252816186, -0.6593504848184178, -0.43102651207251963, -0.4349884094745468, -0.19278906917529362, 0.2054950661298124, -0.4732111200932226]","[0.4222083897968646, -0.00601884289872978, 0.5243373862618482]","[0.42175599999999996, -0.005221, 0.5252829999999999]"
531,forward,26.550000,26.550706,0.000156,0.050318,2026-09-25T17:07:12.317632+00:00,2026-09-25T17:07:12.318167+00:00,0.000550,1790356032.315251,1790356032.317466,0,0,0,0.004933,0.000952,"[0.1479294796150092, -0.6593853914034576, -0.43931063078088073, -0.44196585028377156, -0.19277161588277367, 0.20552997271485224, -0.47324370630662244]","[0.1474977750860408, -0.6593504848184178, -0.4343775442363488, -0.4382696284682961, -0.19278906917529362, 0.2054950661298124, -0.4732111200932226]","[0.42246413120009557, -0.006536311110849447, 0.523753916220357]","[0.42217899999999997, -0.005894, 0.524396]"
532,forward,26.600000,26.600768,0.000309,0.050063,2026-09-25T17:07:12.367789+00:00,2026-09-25T17:07:12.368229+00:00,0.000459,1790356032.363613,1790356032.355615,0,1,0,0.004462,0.001376,"[0.1482499426591018, -0.6593853914034576, -0.4430979987408272, -0.44518109296744285, -0.19277161588277367, 0.20552997271485224, -0.4732417035134408]","[0.14800392056911915, -0.6593504848184178, -0.43863614761121494, -0.44148103429196567, -0.19278906917529362, 0.2054950661298124, -0.4732111200932226]","[0.42271105293675465, -0.007069232053687875, 0.5231791431464261]","[0.422278, -0.006163999999999999, 0.524121]"
533,forward,26.650000,26.650497,0.000173,0.049729,2026-09-25T17:07:12.417651+00:00,2026-09-25T17:07:12.417957+00:00,0.000324,1790356032.414401,1790356032.414602,0,0,0,0.004485,0.001030,"[0.1485412965129137, -0.6593853914034576, -0.4468906482866494, -0.44836157182271336, -0.19277161588277367, 0.20552997271485224, -0.4732385522643532]","[0.1482308133718784, -0.6593504848184178, -0.44240605879552264, -0.4445179071904358, -0.19278906917529362, 0.2054950661298124, -0.4732111200932226]","[0.4229487790267948, -0.007616460001113915, 0.5226135878500497]","[0.422666, -0.00688, 0.523276]"
534,forward,26.700000,26.701358,0.000198,0.050861,2026-09-25T17:07:12.467675+00:00,2026-09-25T17:07:12.468820+00:00,0.001160,1790356032.463463,1790356032.454220,0,1,0,0.004659,0.001251,"[0.14879630791727483, -0.6593853914034576, -0.450677482766008, -0.4515079360926418, -0.19277161588277367, 0.20552997271485224, -0.4732344864917499]","[0.14857987922227728, -0.6593504848184178, -0.4460188903471509, -0.44771185972158545, -0.19278906917529362, 0.2054950661298124, -0.4732111200932226]","[0.42317780830049556, -0.008179902762746442, 0.5220566657879979]","[0.42285799999999996, -0.007244, 0.5228229999999999]"
535,forward,26.750000,26.750664,0.000205,0.049306,2026-09-25T17:07:12.517683+00:00,2026-09-25T17:07:12.518125+00:00,0.000459,1790356032.514768,1790356032.513895,0,0,0,0.004461,0.001150,"[0.1490173281821137, -0.6593853914034576, -0.45445887231147314, -0.4546197406551621, -0.19277161588277367, 0.20552997271485224, -0.4732295806729016]","[0.14901621153527586, -0.6593504848184178, -0.449998241041698, -0.4505916529873761, -0.19278906917529362, 0.2054950661298124, -0.4732111200932226]","[0.42339811224963864, -0.008758466244076807, 0.5215085249590948]","[0.423079, -0.007930999999999999, 0.5222399999999999]"
536,forward,26.800000,26.801308,0.000158,0.050644,2026-09-25T17:07:12.567636+00:00,2026-09-25T17:07:12.568770+00:00,0.001149,1790356032.563679,1790356032.553682,0,1,0,0.004661,0.001387,"[0.14920804531533519, -0.6593853914034576, -0.4582370835112378, -0.4576964092590404, -0.1927716158827737, 0.20552997271485224, -0.4732238732245574]","[0.1492256510455152, -0.6593504848184178, -0.4535761660082864, -0.4537506989334858, -0.19278906917529362, 0.2054950661298124, -0.4732111200932226]","[0.423609583727238, -0.009350669311977425, 0.5209694269472055]","[0.42327299999999995, -0.008289999999999999, 0.521798]"
537,forward,26.850000,26.850770,0.000157,0.049462,2026-09-25T17:07:12.617633+00:00,2026-09-25T17:07:12.618231+00:00,0.000613,1790356032.614580,1790356032.615271,0,0,0,0.004966,0.000983,"[0.1493718169408025, -0.6593853914034575, -0.462014964224516, -0.4607382868866819, -0.19277161588277367, 0.2055299727148522, -0.4732174121420422]","[0.14924310433803512, -0.6593504848184178, -0.4570493712197551, -0.45732862390007417, -0.19278906917529362, 0.2054950661298124, -0.4732111200932226]","[0.42381220171672346, -0.009955316339668768, 0.5204394507646887]","[0.423599, -0.009179, 0.521004]"
538,forward,26.900000,26.901660,0.000294,0.050890,2026-09-25T17:07:12.667774+00:00,2026-09-25T17:07:12.669123+00:00,0.001366,1790356032.663504,1790356032.653420,0,0,0,0.004989,0.001352,"[0.1495024057151468, -0.6593853914034576, -0.46580784089015864, -0.46376759148070834, -0.1927716158827737, 0.20552997271485224, -0.4732104505148986]","[0.1493129175081149, -0.6593504848184178, -0.4608192824040629, -0.46027823033594456, -0.19278906917529362, 0.2054950661298124, -0.4732111200932226]","[0.4240078748435572, -0.010578652246612183, 0.5199142184083144]","[0.423651, -0.009611999999999999, 0.52079]"
539,forward,26.950000,26.950676,0.000254,0.049015,2026-09-25T17:07:12.717731+00:00,2026-09-25T17:07:12.718137+00:00,0.000422,1790356032.714248,1790356032.713356,0,0,0,0.004945,0.001000,"[0.14960185131162868, -0.6593853914034576, -0.46960449264167, -0.46677017338412463, -0.19277161588277367, 0.20552997271485224, -0.4732028025085061]","[0.14936527738567473, -0.6593504848184178, -0.4646590067584504, -0.4631754768942552, -0.19278906917529362, 0.2054950661298124, -0.4732111200932226]","[0.4241953967520019, -0.011217270185955894, 0.5193965131906919]","[0.42396799999999996, -0.010454999999999999, 0.520002]"
540,forward,27.000000,27.000888,0.000182,0.050213,2026-09-25T17:07:12.767660+00:00,2026-09-25T17:07:12.768349+00:00,0.000706,1790356032.763525,1790356032.754723,0,0,0,0.004831,0.001197,"[0.1496779139135477, -0.6593853914034575, -0.4733816773459008, -0.4697137625277643, -0.19277161588277367, 0.20552997271485224, -0.47319408395537454]","[0.1494699971407944, -0.6593504848184178, -0.4685510909903977, -0.46610763003760564, -0.19278906917529362, 0.2054950661298124, -0.4732111200932226]","[0.4243721412834395, -0.011862259576937453, 0.5188927194564489]","[0.424128, -0.010917, 0.519586]"
541,forward,27.050000,27.050611,0.000156,0.049723,2026-09-25T17:07:12.817630+00:00,2026-09-25T17:07:12.818073+00:00,0.000455,1790356032.814427,1790356032.813795,0,0,0,0.004568,0.000942,"[0.14973835370420352, -0.6593853914034576, -0.47711615286970127, -0.4725660888424609, -0.19277161588277367, 0.20552997271485224, -0.47318391068801396]","[0.1495223570183542, -0.6593504848184178, -0.4725478949774647, -0.4691794095211157, -0.19278906917529362, 0.2054950661298124, -0.4732111200932226]","[0.4245356630665458, -0.012504559098546537, 0.5184091958693331]","[0.42432699999999995, -0.011786, 0.5189819999999999]"
542,forward,27.100000,27.100821,0.000386,0.050210,2026-09-25T17:07:12.867862+00:00,2026-09-25T17:07:12.868283+00:00,0.000435,1790356032.863502,1790356032.854217,0,0,0,0.004491,0.001140,"[0.1497832335846199, -0.6593853914034576, -0.480791151582688, -0.47531515646783634, -0.19277161588277367, 0.20552997271485224, -0.473172819721353]","[0.1495572636033941, -0.6593504848184178, -0.47630035286925254, -0.4720766560794263, -0.19278906917529362, 0.2054950661298124, -0.4732111200932226]","[0.4246856085196911, -0.013140904429106957, 0.5179479107425523]","[0.424481, -0.012216, 0.518582]"
543,forward,27.150000,27.150697,0.000147,0.049875,2026-09-25T17:07:12.917622+00:00,2026-09-25T17:07:12.918157+00:00,0.000549,1790356032.914067,1790356032.914781,0,0,0,0.004732,0.000830,"[0.14980501895464726, -0.6593853914034576, -0.48441835985990855, -0.4779845967755408, -0.19277161588277367, 0.20552997271485224, -0.4731615385149511]","[0.14960962348095394, -0.6593504848184178, -0.47968629161812154, -0.4751484355629363, -0.19278906917529362, 0.2054950661298124, -0.4732111200932226]","[0.42482431748339883, -0.013777735822150885, 0.5175039472765347]","[0.424697, -0.013080999999999999, 0.517937]"
544,forward,27.200000,27.201727,0.000298,0.051031,2026-09-25T17:07:12.967777+00:00,2026-09-25T17:07:12.969190+00:00,0.001429,1790356032.964394,1790356032.953526,0,0,0,0.004017,0.001147,"[0.14981205741528883, -0.6593853914034576, -0.4880146272874785, -0.4805693179072167, -0.19277161588277367, 0.20552997271485224, -0.47314829037099987]","[0.14962707677347387, -0.6593504848184178, -0.48399725487054757, -0.47743481688304884, -0.19278906917529362, 0.2054950661298124, -0.4732111200932226]","[0.42495077157432676, -0.014412534816307252, 0.5170792566003662]","[0.424707, -0.013529999999999999, 0.51777]"
545,forward,27.250000,27.250638,0.000208,0.048911,2026-09-25T17:07:13.017687+00:00,2026-09-25T17:07:13.018099+00:00,0.000430,1790356033.014425,1790356033.014828,0,0,0,0.004667,0.000886,"[0.1498131848188164, -0.6593853914034576, -0.4915966651512152, -0.483063134766273, -0.19277161588277367, 0.20552997271485224, -0.47313123128554707]","[0.14964453006599382, -0.6593504848184178, -0.486929408013898, -0.48003535746852044, -0.19278906917529362, 0.2054950661298124, -0.4732111200932226]","[0.42506384737878933, -0.015042460147756346, 0.5166760605000102]","[0.424921, -0.01431, 0.517154]"
546,forward,27.300000,27.300643,0.000202,0.050005,2026-09-25T17:07:13.067687+00:00,2026-09-25T17:07:13.068104+00:00,0.000441,1790356033.062544,1790356033.053280,0,0,0,0.004077,0.000932,"[0.14981572903204735, -0.6593854077946039, -0.4951772959374922, -0.4854597155553616, -0.19277161588277367, 0.20552997271485224, -0.4731088557318103]","[0.14973179652859353, -0.6593504848184178, -0.49110074492616446, -0.48267080463903184, -0.19278906917529362, 0.2054950661298124, -0.4732111200932226]","[0.42516257760222836, -0.015664883272406265, 0.5162964435796789]","[0.425069, -0.014835, 0.51671]"
547,forward,27.350000,27.350546,0.000178,0.049904,2026-09-25T17:07:13.117657+00:00,2026-09-25T17:07:13.118007+00:00,0.000369,1790356033.114361,1790356033.115246,0,1,0,0.004128,0.000893,"[0.14981284521475516, -0.6593855419971137, -0.4987371591414785, -0.4877564124896953, -0.19277161588277367, 0.20552997271485224, -0.4730827392574998]","[0.1496794366510337, -0.6593504848184178, -0.4946088567226731, -0.4846255734012655, -0.19278906917529362, 0.2054950661298124, -0.4732111200932226]","[0.4252477366550395, -0.01628012019139691, 0.5159400535304554]","[0.42507599999999995, -0.015578, 0.516465]"
548,forward,27.400000,27.401818,0.000242,0.051271,2026-09-25T17:07:13.167720+00:00,2026-09-25T17:07:13.169280+00:00,0.001575,1790356033.163392,1790356033.154108,0,0,0,0.004184,0.000986,"[0.14980499283125792, -0.65938568644409, -0.5022839273562867, -0.4899607939761633, -0.19277161588277367, 0.20552997271485224, -0.47305263000240894]","[0.1497667031136334, -0.6593504848184178, -0.49809951522666174, -0.4874704600820162, -0.19278906917529362, 0.2054950661298124, -0.4732111200932226]","[0.4253199851931065, -0.01688931973218357, 0.5156055652041697]","[0.425216, -0.01602, 0.51606]"
549,forward,27.450000,27.451515,0.000210,0.049697,2026-09-25T17:07:13.217689+00:00,2026-09-25T17:07:13.218977+00:00,0.001305,1790356033.213490,1790356033.214095,0,1,0,0.004610,0.000871,"[0.14979570622246444, -0.6593856874685367, -0.5058340045337425, -0.4920816574502879, -0.19277161588277367, 0.20552997271485224, -0.4730175675478127]","[0.14971434323607358, -0.6593504848184178, -0.5012236545877315, -0.48961721506196926, -0.19278906917529362, 0.2054950661298124, -0.4731762135081827]","[0.4253796913285785, -0.017493425981338857, 0.5152918281439891]","[0.42527499999999996, -0.016742, 0.5157189999999999]"
550,forward,27.500000,27.501103,0.000178,0.049588,2026-09-25T17:07:13.267656+00:00,2026-09-25T17:07:13.268564+00:00,0.000925,1790356033.263479,1790356033.253259,0,0,0,0.004253,0.000983,"[0.14978851972928334, -0.6593853914034576, -0.5094037946256724, -0.4941278003475921, -0.19277161588277367, 0.20552997271485224, -0.4729765914749859]","[0.14978415640615336, -0.6593504848184178, -0.5051506454047189, -0.49207812930728123, -0.19278906917529362, 0.2054950661298124, -0.473071493753063]","[0.42542717276841735, -0.018093425332535395, 0.5149977117954259]","[0.425324, -0.017228999999999998, 0.515454]"
551,forward,27.550000,27.550651,0.000197,0.049548,2026-09-25T17:07:13.317674+00:00,2026-09-25T17:07:13.318112+00:00,0.000454,1790356033.314159,1790356033.313320,0,1,0,0.004236,0.000770,"[0.14978361262987672, -0.6593849570380822, -0.5130173170641147, -0.4961099639910986, -0.1927716158827737, 0.20552997271485224, -0.4729290832742694]","[0.14978415640615336, -0.6593504848184178, -0.5087809302488671, -0.49384091185179557, -0.19278906917529362, 0.2054950661298124, -0.473071493753063]","[0.4254625851218955, -0.01869278009636639, 0.514721909934182]","[0.425409, -0.017991999999999998, 0.515037]"
552,forward,27.600000,27.600747,0.000206,0.050096,2026-09-25T17:07:13.367683+00:00,2026-09-25T17:07:13.368208+00:00,0.000541,1790356033.363580,1790356033.353265,0,0,0,0.004547,0.001000,"[0.14977901286446219, -0.6593844407169756, -0.51666132703457, -0.49802142288861445, -0.19277161588277364, 0.20552997271485224, -0.4728756793831385]","[0.14973179652859353, -0.6593504848184178, -0.5121145091201762, -0.49591785366166885, -0.19278906917529362, 0.2054950661298124, -0.473071493753063]","[0.4254859238168342, -0.019290043528107467, 0.5144653313786104]","[0.425419, -0.018386, 0.514888]"
553,forward,27.650000,27.650768,0.000295,0.050021,2026-09-25T17:07:13.417774+00:00,2026-09-25T17:07:13.418229+00:00,0.000473,1790356033.414050,1790356033.414779,0,1,0,0.004778,0.000770,"[0.14977502776703178, -0.6593835351061456, -0.5202963321190577, -0.4998447742528388, -0.19277161588277367, 0.20552997271485224, -0.4728173018035694]","[0.14973179652859353, -0.6593504848184178, -0.5155179011615652, -0.49771554279122293, -0.19278906917529362, 0.2054950661298124, -0.4729493207054234]","[0.4254973174447942, -0.019878805678933208, 0.5142301363187892]","[0.425491, -0.019150999999999998, 0.514482]"
554,forward,27.700000,27.701970,0.000411,0.051202,2026-09-25T17:07:13.467888+00:00,2026-09-25T17:07:13.469433+00:00,0.001559,1790356033.463607,1790356033.454285,0,0,0,0.004386,0.000936,"[0.14977196467157752, -0.6593819328716003, -0.5238828398995979, -0.5015626152964714, -0.19277161588277367, 0.20552997271485224, -0.4727548725375383]","[0.14978415640615336, -0.6593504848184178, -0.5194972518561122, -0.49960049838337683, -0.19278906917529362, 0.2054950661298124, -0.4729493207054234]","[0.42549700846686056, -0.020452580054649287, 0.5140184220065316]","[0.425498, -0.019563999999999998, 0.5143139999999999]"
555,forward,27.750000,27.750769,0.000195,0.048800,2026-09-25T17:07:13.517676+00:00,2026-09-25T17:07:13.518232+00:00,0.000575,1790356033.514181,1790356033.513316,0,1,0,0.004394,0.000678,"[0.1497697934593683, -0.6593793838434703, -0.5273990654671638, -0.5031647874017384, -0.19277161588277367, 0.20552997271485224, -0.47268871290273384]","[0.14971434323607358, -0.6593504848184178, -0.5230053636526208, -0.5016425336082102, -0.19278906917529362, 0.2054950661298124, -0.472792241072744]","[0.4254852137628698, -0.021007658985685105, 0.5138314460815266]","[0.425504, -0.020356, 0.514019]"
556,forward,27.800000,27.800439,0.000122,0.049669,2026-09-25T17:07:13.567593+00:00,2026-09-25T17:07:13.567899+00:00,0.000317,1790356033.563553,1790356033.555147,0,0,0,0.007163,0.001166,"[0.14976776198168074, -0.6593760123895772, -0.5308841983620868, -0.5046673082016382, -0.19277161588277367, 0.20552997271485224, -0.47261748850618485]","[0.14973179652859353, -0.6593504848184178, -0.5237209486459385, -0.5016774401932501, -0.19278906917529362, 0.2054950661298124, -0.472792241072744]","[0.4254619077399626, -0.021550063542505535, 0.5136674175626873]","[0.425502, -0.020429, 0.513985]"
557,forward,27.850000,27.850665,0.000171,0.050227,2026-09-25T17:07:13.617648+00:00,2026-09-25T17:07:13.618127+00:00,0.000494,1790356033.613335,1790356033.614249,0,1,0,0.008819,0.001227,"[0.14976677543956624, -0.6593719852898347, -0.534320040006916, -0.5060642956308965, -0.19277161588277367, 0.20552997271485224, -0.4725423404790039]","[0.14971434323607358, -0.6593504848184178, -0.5255011844829727, -0.5036147556629638, -0.19278906917529362, 0.2054950661298124, -0.4725304416849448]","[0.4254277159992278, -0.02207653800661076, 0.5135266204687737]","[0.425612, -0.020867999999999998, 0.513631]"
558,forward,27.900000,27.901843,0.000276,0.051178,2026-09-25T17:07:13.667754+00:00,2026-09-25T17:07:13.669305+00:00,0.001567,1790356033.665081,1790356033.654953,0,0,0,0.004884,0.000779,"[0.14976790950199695, -0.6593674562112383, -0.5376808895965655, -0.5073468754204928, -0.1927716158827737, 0.20552997271485224, -0.47246469024090426]","[0.14985396957623315, -0.6593504848184178, -0.532796660756309, -0.5063898291736347, -0.19278906917529362, 0.2054950661298124, -0.4725304416849448]","[0.42538338307142187, -0.022582595069394418, 0.5134096103974727]","[0.42551999999999995, -0.021816, 0.513431]"
559,forward,27.950000,27.950997,0.000184,0.049155,2026-09-25T17:07:13.717660+00:00,2026-09-25T17:07:13.718458+00:00,0.000813,1790356033.714134,1790356033.714864,0,1,0,0.003903,0.000584,"[0.14977204980309333, -0.659362556897626, -0.5409408341118267, -0.508505869962756, -0.19277161588277367, 0.2055299727148522, -0.4723858457029113]","[0.14973179652859353, -0.6593504848184178, -0.5370378108386552, -0.5074021201397915, -0.19278906917529362, 0.2054950661298124, -0.4725304416849448]","[0.425329670359038, -0.023063754487464824, 0.5133169744966282]","[0.425432, -0.022489, 0.513338]"
560,forward,28.000000,28.001766,0.000225,0.050769,2026-09-25T17:07:13.767704+00:00,2026-09-25T17:07:13.769229+00:00,0.001541,1790356033.765194,1790356033.753018,0,0,0,0.003519,0.000690,"[0.14977508882405155, -0.6593568281920139, -0.544081912493203, -0.5095294573483473, -0.19277161588277367, 0.20552997271485224, -0.47230374065859665]","[0.14978415640615336, -0.6593504848184178, -0.5405633759276838, -0.5085714907386277, -0.19278906917529362, 0.2054950661298124, -0.4724082686373052]","[0.4252663556126096, -0.023518251258536946, 0.5132505427488536]","[0.425394, -0.02284, 0.513261]"
561,forward,28.050000,28.052069,0.000209,0.050303,2026-09-25T17:07:13.817689+00:00,2026-09-25T17:07:13.819531+00:00,0.001860,1790356033.812962,1790356033.814866,0,1,0,0.003425,0.000478,"[0.14977911131378432, -0.659350484818418, -0.5471299045306169, -0.5104301982150778, -0.19277161588277367, 0.20552997271485224, -0.4722189413196181]","[0.14971434323607358, -0.6593504848184178, -0.5437049685812736, -0.5093743421945451, -0.19278906917529362, 0.2054950661298124, -0.4722860955896656]","[0.42519377520802787, -0.023949125431856573, 0.5132085758273127]","[0.425263, -0.023479, 0.513257]"
562,forward,28.100000,28.101570,0.000219,0.049501,2026-09-25T17:07:13.867696+00:00,2026-09-25T17:07:13.869033+00:00,0.001351,1790356033.865280,1790356033.853106,0,0,0,0.003553,0.000685,"[0.14978972611764688, -0.6593441414448218, -0.5501205378006451, -0.5112286455236665, -0.19277161588277367, 0.20552997271485224, -0.4721339447746615]","[0.14978415640615336, -0.6593504848184178, -0.5465673085545443, -0.5104389930382617, -0.19266689612765403, 0.2054950661298124, -0.4722860955896656]","[0.42511270225979336, -0.024359923963565584, 0.5131879002718546]","[0.42525599999999997, -0.02369, 0.513176]"
563,forward,28.150000,28.150531,0.000216,0.048960,2026-09-25T17:07:13.917690+00:00,2026-09-25T17:07:13.917991+00:00,0.000315,1790356033.915742,1790356033.913884,0,1,0,0.003346,0.000465,"[0.14981254208099432, -0.6593384127392097, -0.5530895398798652, -0.511945352234833, -0.19277161588277367, 0.20552997271485224, -0.47205124811241206]","[0.14978415640615336, -0.6593504848184178, -0.5497438077931739, -0.5111022181540195, -0.19266689612765403, 0.2054950661298124, -0.47214646924950604]","[0.42502382749030987, -0.024754250267286185, 0.5131853880362063]","[0.425118, -0.024298999999999998, 0.513182]"
564,forward,28.200000,28.200945,0.000350,0.050414,2026-09-25T17:07:13.967830+00:00,2026-09-25T17:07:13.968407+00:00,0.000594,1790356033.964833,1790356033.953038,0,0,0,0.003489,0.000524,"[0.14984765242847092, -0.6593335134255974, -0.556043203124431, -0.5125799267026263, -0.19277161588277364, 0.2055299727148522, -0.47197097498357937]","[0.14978415640615336, -0.6593504848184178, -0.5525537878888848, -0.5121843222902559, -0.19266689612765403, 0.2054950661298124, -0.47214646924950604]","[0.4249269774690064, -0.02513254078706077, 0.5132013305748905]","[0.425069, -0.024631999999999998, 0.513138]"
565,forward,28.250000,28.250915,0.000165,0.049970,2026-09-25T17:07:14.017646+00:00,2026-09-25T17:07:14.018376+00:00,0.000751,1790356034.013822,1790356034.012960,0,1,0,0.003343,0.000419,"[0.14988964270347158, -0.6593289843470013, -0.5589507778464341, -0.5131120470814896, -0.19277161588277367, 0.20552997271485224, -0.4718907687511124]","[0.14980160969867332, -0.6593504848184178, -0.5556081140798749, -0.5127253743583742, -0.19266689612765403, 0.2054950661298124, -0.4719195764467468]","[0.42482160413581255, -0.025491308425487802, 0.5132388568743982]","[0.424967, -0.025115, 0.513124]"
566,forward,28.300000,28.300715,0.000152,0.049800,2026-09-25T17:07:14.067629+00:00,2026-09-25T17:07:14.068175+00:00,0.000563,1790356034.065057,1790356034.053303,0,0,0,0.003767,0.000560,"[0.14994442575589184, -0.6593249572472585, -0.561835543263993, -0.513565231285608, -0.19277161588277367, 0.20552997271485224, -0.4718130544850977]","[0.14988887616127303, -0.6593504848184178, -0.5580690283251869, -0.5133536928890922, -0.19266689612765403, 0.2054950661298124, -0.4719195764467468]","[0.42470912211267003, -0.025833088248992782, 0.5132937185014099]","[0.424929, -0.025365, 0.513079]"
567,forward,28.350000,28.351564,0.000211,0.050849,2026-09-25T17:07:14.117690+00:00,2026-09-25T17:07:14.119027+00:00,0.001353,1790356034.113895,1790356034.112896,0,1,0,0.003198,0.000423,"[0.15001826351582, -0.6593215857933656, -0.5647225470974611, -0.5139643349515897, -0.19277161588277367, 0.20552997271485224, -0.47174040610771883]","[0.1499586893313528, -0.6593504848184178, -0.5615247802441357, -0.5139645581272901, -0.19266689612765403, 0.2054950661298124, -0.47183230998414705]","[0.4245909441437085, -0.026160664729234093, 0.5133614827328284]","[0.424772, -0.025835999999999998, 0.51316]"
568,forward,28.400000,28.401388,0.000161,0.049823,2026-09-25T17:07:14.167637+00:00,2026-09-25T17:07:14.168851+00:00,0.001226,1790356034.163613,1790356034.154036,0,0,0,0.003127,0.000589,"[0.15011686635127328, -0.6593190367652355, -0.5676361961733726, -0.5143297413917902, -0.19277161588277367, 0.2055299727148522, -0.47167503119904075]","[0.15013322225655223, -0.6593504848184178, -0.564509293265046, -0.5142438108076093, -0.19266689612765403, 0.2054950661298124, -0.4717101369365075]","[0.42446801352986063, -0.02647651772723194, 0.5134387352379528]","[0.424703, -0.025994, 0.513197]"
569,forward,28.450000,28.451448,0.000501,0.050060,2026-09-25T17:07:14.217982+00:00,2026-09-25T17:07:14.218911+00:00,0.000947,1790356034.213959,1790356034.213075,0,1,0,0.002946,0.000447,"[0.1502385831616017, -0.6593174345306901, -0.5705795717198879, -0.5146407708189964, -0.19277161588277364, 0.20552997271485224, -0.47161538714731266]","[0.15025539530419182, -0.6593504848184178, -0.5676334326261159, -0.5143834371477688, -0.19266689612765403, 0.2054950661298124, -0.4717101369365075]","[0.4243381501872101, -0.026779188371300288, 0.5135303136352768]","[0.42449899999999996, -0.026387999999999998, 0.513386]"
570,forward,28.500000,28.502382,0.000306,0.050935,2026-09-25T17:07:14.267785+00:00,2026-09-25T17:07:14.269845+00:00,0.002077,1790356034.263452,1790356034.254636,0,0,0,0.003593,0.000557,"[0.15038034583156243, -0.6593165289198601, -0.5735301286373511, -0.5149002270412177, -0.19277161588277367, 0.20552997271485224, -0.4715611291237956]","[0.15034266176679156, -0.6593504848184178, -0.5699372672387484, -0.5145230634879283, -0.19266689612765403, 0.2054950661298124, -0.4716228704739078]","[0.4242027543925848, -0.027067783387568222, 0.5136344210237419]","[0.424407, -0.026579, 0.513462]"
571,forward,28.550000,28.551732,0.000207,0.049350,2026-09-25T17:07:14.317685+00:00,2026-09-25T17:07:14.319195+00:00,0.001525,1790356034.314053,1790356034.313808,0,1,0,0.003751,0.000457,"[0.15053981093946595, -0.6593160125987535, -0.5764638180408834, -0.5151202113343918, -0.19277161588277367, 0.20552997271485224, -0.4715126028792304]","[0.1503950216443514, -0.6593504848184178, -0.5727123407494193, -0.5147150497056477, -0.19266689612765403, 0.2054950661298124, -0.4716228704739078]","[0.4240642374500406, -0.02734206184139163, 0.513747064318212]","[0.42424, -0.026945, 0.513603]"
572,forward,28.600000,28.601573,0.000329,0.049840,2026-09-25T17:07:14.367807+00:00,2026-09-25T17:07:14.369036+00:00,0.001244,1790356034.363429,1790356034.353465,0,0,0,0.003066,0.000516,"[0.15071463506362287, -0.659315578233378, -0.5793565910456056, -0.5153128249744559, -0.19277161588277367, 0.20552997271485224, -0.4714701541643583]","[0.1505346479845109, -0.6593504848184178, -0.5762902657160076, -0.5149943023859669, -0.19266689612765403, 0.2054950661298124, -0.47150069742626816]","[0.4239250190015377, -0.02760182857880122, 0.5138642408849102]","[0.42413799999999996, -0.027171999999999998, 0.5136729999999999]"
573,forward,28.650000,28.651582,0.000408,0.050009,2026-09-25T17:07:14.417888+00:00,2026-09-25T17:07:14.419045+00:00,0.001174,1790356034.413786,1790356034.414514,0,1,0,0.003305,0.000370,"[0.15090253752970037, -0.6593154998632101, -0.5822130743086567, -0.5154741404891032, -0.19277161588277367, 0.20552997271485224, -0.471434579486442]","[0.15067427432467048, -0.6593504848184178, -0.5789082595939993, -0.5151862886036862, -0.19266689612765403, 0.2054950661298124, -0.47150069742626816]","[0.4237845547615167, -0.027848038092956964, 0.5139869479619915]","[0.423946, -0.027549999999999998, 0.5138389999999999]"
574,forward,28.700000,28.700953,0.000335,0.049371,2026-09-25T17:07:14.467814+00:00,2026-09-25T17:07:14.468415+00:00,0.000618,1790356034.464033,1790356034.452906,0,0,0,0.003153,0.000553,"[0.1511052073940965, -0.6593158978607299, -0.5850456546704748, -0.5155982071239127, -0.19277161588277367, 0.20552997271485224, -0.47140554846144]","[0.15098843359002945, -0.6593504848184178, -0.5818927726149096, -0.5153259149438457, -0.19266689612765403, 0.2054950661298124, -0.47143088425618834]","[0.42364171070911144, -0.02808054766926045, 0.5141171421045811]","[0.423877, -0.027631, 0.513898]"
575,forward,28.750000,28.752076,0.000288,0.051123,2026-09-25T17:07:14.517767+00:00,2026-09-25T17:07:14.519539+00:00,0.001788,1790356034.513763,1790356034.514807,0,1,0,0.003000,0.000379,"[0.15132625583121803, -0.6593162343914512, -0.5878419235211306, -0.5156940912316499, -0.19277161588277367, 0.20552997271485224, -0.47138171650313715]","[0.15123277968530868, -0.6593504848184178, -0.5848423790507798, -0.5155179011615652, -0.19273670929773384, 0.2054950661298124, -0.47143088425618834]","[0.4234980319426999, -0.028297576476116987, 0.5142522521655996]","[0.423658, -0.027992, 0.514096]"
576,forward,28.800000,28.802082,0.000291,0.050006,2026-09-25T17:07:14.567770+00:00,2026-09-25T17:07:14.569544+00:00,0.001791,1790356034.563314,1790356034.554239,0,0,0,0.003304,0.000504,"[0.15156929401547167, -0.659315971620888, -0.5905894722506946, -0.5157708591650807, -0.19277161588277367, 0.20552997271485224, -0.4713617390253181]","[0.15145967248806794, -0.6593504848184178, -0.587285840003572, -0.5157971538418842, -0.19273670929773384, 0.2054950661298124, -0.4713610710861086]","[0.4233550682384352, -0.028497377519820614, 0.5143897059822405]","[0.42358599999999996, -0.028127, 0.514137]"
577,forward,28.850000,28.851714,0.000627,0.049632,2026-09-25T17:07:14.618107+00:00,2026-09-25T17:07:14.619178+00:00,0.001087,1790356034.617740,1790356034.613137,0,1,0,0.003132,0.000400,"[0.15183154180356526, -0.6593149257633129, -0.593280333071756, -0.515832623821354, -0.19277161588277367, 0.20552997271485224, -0.471345025178383]","[0.15158184553570753, -0.6593504848184178, -0.5901481799768427, -0.515866967011964, -0.19273670929773384, 0.2054950661298124, -0.4713610710861086]","[0.42321358625264816, -0.028680792209171132, 0.5145281582840483]","[0.42341399999999996, -0.028419, 0.5143019999999999]"
578,forward,28.900000,28.901467,0.000291,0.049753,2026-09-25T17:07:14.667771+00:00,2026-09-25T17:07:14.668928+00:00,0.001176,1790356034.663215,1790356034.652977,0,0,0,0.003926,0.000526,"[0.15209872721957532, -0.6593138833888564, -0.5959243043554265, -0.5158683987785884, -0.19277161588277367, 0.20552997271485224, -0.4713332471153605]","[0.1516865652908272, -0.6593504848184178, -0.5919982289839567, -0.5159193268895238, -0.19273670929773384, 0.2054950661298124, -0.4713610710861086]","[0.4230718944718894, -0.02885352731830665, 0.5146702879779748]","[0.423346, -0.028526, 0.514363]"
579,forward,28.950000,28.951502,0.000220,0.050036,2026-09-25T17:07:14.717699+00:00,2026-09-25T17:07:14.718966+00:00,0.001283,1790356034.713915,1790356034.713049,0,1,0,0.003153,0.000302,"[0.1523907657110769, -0.6593121648796175, -0.5985199627355449, -0.515885759307465, -0.19277161588277367, 0.20552997271485224, -0.4713252082825748]","[0.1518610982160266, -0.6593504848184178, -0.5953667144403058, -0.5159193268895238, -0.19273670929773384, 0.2054950661298124, -0.4713610710861086]","[0.4229311779458011, -0.029007962099019076, 0.514814541625244]","[0.423112, -0.028898999999999998, 0.514598]"
580,forward,29.000000,29.001424,0.000329,0.049922,2026-09-25T17:07:14.767808+00:00,2026-09-25T17:07:14.768888+00:00,0.001095,1790356034.763193,1790356034.752956,0,0,0,0.002853,0.000397,"[0.15273093782796876, -0.6593089250671178, -0.6010641580386918, -0.5158945016789809, -0.1927716158827737, 0.20552997271485224, -0.4713193720100655]","[0.15219271077390556, -0.6593504848184178, -0.5982116011210564, -0.5159193268895238, -0.19273670929773384, 0.2054950661298124, -0.4712912579160288]","[0.42279297802253246, -0.02913518259581116, 0.5149588396343344]","[0.423023, -0.028949, 0.514694]"
581,forward,29.050000,29.051287,0.000293,0.049863,2026-09-25T17:07:14.817774+00:00,2026-09-25T17:07:14.818750+00:00,0.000993,1790356034.813621,1790356034.812645,0,1,0,0.002533,0.000259,"[0.15314135409964197, -0.6593033382473654, -0.6035542830993913, -0.5159040195566036, -0.19277161588277367, 0.20552997271485224, -0.47131427456847313]","[0.15275121613454373, -0.6593504848184178, -0.6010215812167673, -0.5159193268895238, -0.19273670929773384, 0.2054950661298124, -0.4712912579160288]","[0.4226587415049389, -0.02922681149006498, 0.5151012228324494]","[0.42280999999999996, -0.029120999999999998, 0.5149199999999999]"
582,forward,29.100000,29.100987,0.000207,0.049700,2026-09-25T17:07:14.867687+00:00,2026-09-25T17:07:14.868449+00:00,0.000780,1790356034.863171,1790356034.853618,0,1,0,0.003165,0.000342,"[0.15360500635564167, -0.6592954597404789, -0.6060020367397174, -0.515909347959691, -0.1927716158827737, 0.20552997271485224, -0.47131093384797945]","[0.15313518856998248, -0.6593504848184178, -0.6028367236388414, -0.5159193268895238, -0.19273670929773384, 0.2054950661298124, -0.4712912579160288]","[0.4225268766644035, -0.02929070913643857, 0.5152434336034633]","[0.42272499999999996, -0.029133, 0.515014]"
583,forward,29.150000,29.151436,0.000330,0.050450,2026-09-25T17:07:14.917804+00:00,2026-09-25T17:07:14.918899+00:00,0.001106,1790356034.913847,1790356034.912962,0,1,0,0.002563,0.000336,"[0.15412020876657687, -0.6592857167407072, -0.6084015286988234, -0.515908350404775, -0.19277161588277367, 0.20552997271485224, -0.4713095293316357]","[0.1536762406381007, -0.6593504848184178, -0.6058386899522717, -0.5159193268895238, -0.19273670929773384, 0.2054950661298124, -0.4712912579160288]","[0.42239766664536227, -0.029326712587819916, 0.5153854156692291]","[0.422593, -0.029171, 0.51516]"
584,forward,29.200000,29.201244,0.000167,0.049807,2026-09-25T17:07:14.967644+00:00,2026-09-25T17:07:14.968706+00:00,0.001076,1790356034.962952,1790356034.954591,0,1,0,0.002908,0.000381,"[0.15470325003402677, -0.6592743397485443, -0.6107368160258706, -0.5159046764830115, -0.19277161588277364, 0.20552997271485224, -0.4713091390174658]","[0.15409511965857936, -0.6593504848184178, -0.6078283652995452, -0.5159193268895238, -0.19273670929773384, 0.2054950661298124, -0.4712912579160288]","[0.4222729933697602, -0.029326743357684926, 0.5155253078698002]","[0.422496, -0.029155, 0.515269]"
585,forward,29.250000,29.251256,0.000289,0.050013,2026-09-25T17:07:15.017768+00:00,2026-09-25T17:07:15.018718+00:00,0.000967,1790356035.013587,1790356035.012696,0,1,0,0.003017,0.000310,"[0.15537041885957076, -0.6592615592644844, -0.612991955770021, -0.5159019757855563, -0.19277161588277367, 0.20552997271485224, -0.47130884090349345]","[0.15463617172669758, -0.6593504848184178, -0.6099751202794982, -0.5159193268895238, -0.19273670929773384, 0.2054950661298124, -0.4712912579160288]","[0.42215473795931047, -0.029282745637925923, 0.5156612443623879]","[0.422351, -0.029254, 0.515423]"
586,forward,29.300000,29.301164,0.000201,0.049908,2026-09-25T17:07:15.067681+00:00,2026-09-25T17:07:15.068628+00:00,0.000963,1790356035.063015,1790356035.054934,0,1,0,0.002721,0.000353,"[0.15613405859588741, -0.6592468583527528, -0.6151568090853207, -0.515901873597004, -0.19277161588277367, 0.20552997271485224, -0.4713083129036951]","[0.1554041165975751, -0.6593504848184178, -0.6124360345248103, -0.5159193268895238, -0.19273670929773384, 0.2054950661298124, -0.4712912579160288]","[0.4220438417804931, -0.029188746702088583, 0.5157924542580009]","[0.422269, -0.029155, 0.515523]"
587,forward,29.350000,29.351102,0.000202,0.049938,2026-09-25T17:07:15.117694+00:00,2026-09-25T17:07:15.118575+00:00,0.000900,1790356035.113875,1790356035.113004,0,0,0,0.002204,0.000233,"[0.1569863677232553, -0.6592296727481399, -0.6172402866598694, -0.515901873597004, -0.19277161588277367, 0.20552997271485224, -0.47130824375354685]","[0.15620696805349252, -0.6592981249408579, -0.6150365751102818, -0.5159193268895238, -0.19273670929773384, 0.2054950661298124, -0.4712912579160288]","[0.4219391037213333, -0.02904876347905763, 0.5159202136752359]","[0.42206699999999997, -0.029143, 0.5157499999999999]"
588,forward,29.400000,29.401119,0.000182,0.050017,2026-09-25T17:07:15.167673+00:00,2026-09-25T17:07:15.168581+00:00,0.000937,1790356035.163306,1790356035.154284,0,1,0,0.002102,0.000378,"[0.15791404282882682, -0.6592115600193176, -0.6192505060551763, -0.515901873597004, -0.19277161588277367, 0.20552997271485224, -0.47130843583729193]","[0.1573763386523287, -0.6592981249408579, -0.6171484235051949, -0.5159193268895238, -0.19273670929773384, 0.2054950661298124, -0.4712912579160288]","[0.4218402161463998, -0.028869212530235108, 0.516044344518739]","[0.42206699999999997, -0.028717999999999997, 0.515783]"
589,forward,29.450000,29.451052,0.000185,0.049933,2026-09-25T17:07:15.217662+00:00,2026-09-25T17:07:15.218513+00:00,0.000867,1790356035.214652,1790356035.213854,0,0,0,0.001778,0.000312,"[0.1589038301341944, -0.6591941336697442, -0.6211953811215375, -0.515901873597004, -0.19277161588277367, 0.20552997271485224, -0.4713086586544362]","[0.15784757755036719, -0.6592981249408579, -0.6194173515327875, -0.5159193268895238, -0.19273670929773384, 0.2054950661298124, -0.4712912579160288]","[0.42174690946577564, -0.028656462907887318, 0.5161646166722053]","[0.42187199999999997, -0.028881, 0.515988]"
590,forward,29.500000,29.500881,0.000180,0.049829,2026-09-25T17:07:15.267655+00:00,2026-09-25T17:07:15.268341+00:00,0.000700,1790356035.263598,1790356035.252845,0,1,0,0.002108,0.000370,"[0.15994734403138433, -0.6591787269142776, -0.6230791245884264, -0.5159018735970038, -0.19277161588277367, 0.20552997271485224, -0.47130871120854884]","[0.15872024217636432, -0.6592981249408579, -0.6209706945670626, -0.5159193268895238, -0.19273670929773384, 0.2054950661298124, -0.4712912579160288]","[0.4216591671443952, -0.028414447145422805, 0.5162807049925692]","[0.42183299999999996, -0.028645, 0.51605]"
591,forward,29.550000,29.551295,0.000234,0.050415,2026-09-25T17:07:15.317709+00:00,2026-09-25T17:07:15.318757+00:00,0.001061,1790356035.314377,1790356035.313512,0,0,0,0.002060,0.000373,"[0.1610709775953004, -0.6591640593995063, -0.6248810622006424, -0.515901873597004, -0.19277161588277364, 0.20552997271485224, -0.47130871120854884]","[0.15985470619016065, -0.6592981249408579, -0.6228207435741765, -0.5159193268895238, -0.19273670929773384, 0.2054950661298124, -0.4712912579160288]","[0.4215784535664028, -0.028129984340551147, 0.5163919096422661]","[0.42171, -0.028423999999999998, 0.516203]"
592,forward,29.600000,29.601006,0.000214,0.049710,2026-09-25T17:07:15.367690+00:00,2026-09-25T17:07:15.368467+00:00,0.000792,1790356035.362821,1790356035.353774,0,1,0,0.002505,0.000493,"[0.1622569384928068, -0.6591502472976797, -0.6266170305714618, -0.515901873597004, -0.19277161588277367, 0.20552997271485224, -0.47130871120854884]","[0.16084954386379743, -0.659280671648338, -0.6241122872206523, -0.5159193268895238, -0.19273670929773384, 0.2054950661298124, -0.4712912579160288]","[0.4215033181564919, -0.027812259535940676, 0.5164990842997282]","[0.421687, -0.028193, 0.516246]"
593,forward,29.650000,29.650887,0.000203,0.049882,2026-09-25T17:07:15.417679+00:00,2026-09-25T17:07:15.418349+00:00,0.000684,1790356035.413491,1790356035.412608,0,0,0,0.002001,0.000390,"[0.16347549216017163, -0.6591379821102796, -0.6283122310882341, -0.515901873597004, -0.19277161588277367, 0.20552997271485224, -0.47130871120854884]","[0.16222835397287294, -0.6592283117707782, -0.6263114020781652, -0.5159193268895238, -0.19273670929773384, 0.20558233259241207, -0.4712912579160288]","[0.4214316506194856, -0.027476419113582583, 0.5166034020739787]","[0.421546, -0.027808, 0.516434]"
594,forward,29.700000,29.700680,0.000193,0.049793,2026-09-25T17:07:15.467672+00:00,2026-09-25T17:07:15.468142+00:00,0.000487,1790356035.463727,1790356035.454727,0,1,0,0.001307,0.000383,"[0.16469690403366252, -0.6591279553387887, -0.6299918651383083, -0.515901873597004, -0.19277161588277367, 0.20552997271485224, -0.47130871120854884]","[0.1635373509118687, -0.6592283117707782, -0.6286850498608775, -0.5159193268895238, -0.19273670929773384, 0.20558233259241207, -0.4712912579160288]","[0.4213613736838359, -0.0271375912835821, 0.5167060465846252]","[0.42150299999999996, -0.027434, 0.51651]"
595,forward,29.750000,29.750717,0.000299,0.050037,2026-09-25T17:07:15.517777+00:00,2026-09-25T17:07:15.518178+00:00,0.000418,1790356035.516109,1790356035.517026,0,0,0,0.001412,0.000361,"[0.16592760507706353, -0.6591206279841947, -0.6316501804537997, -0.515901873597004, -0.19277161588277367, 0.20552997271485224, -0.47130879828651323]","[0.16481144126582453, -0.6592283117707782, -0.6302383928951524, -0.5159193268895238, -0.19273670929773384, 0.20558233259241207, -0.4712912579160288]","[0.4212931722543918, -0.026792439162245052, 0.5168064862548276]","[0.42138499999999995, -0.027111, 0.516664]"
596,forward,29.800000,29.801223,0.000263,0.050506,2026-09-25T17:07:15.567742+00:00,2026-09-25T17:07:15.568685+00:00,0.000960,1790356035.562862,1790356035.554577,0,1,0,0.001168,0.000360,"[0.16718278527293234, -0.6591155390455093, -0.6332743560850059, -0.515901873597004, -0.19277161588277364, 0.20552997271485224, -0.47130895707574244]","[0.16603317174222057, -0.6591584986006985, -0.6321058951947863, -0.5159193268895238, -0.19273670929773384, 0.20558233259241207, -0.4712912579160288]","[0.42122803026047395, -0.0264332601993553, 0.5169041502692662]","[0.421332, -0.026742, 0.5167499999999999]"
597,forward,29.850000,29.850931,0.000191,0.049708,2026-09-25T17:07:15.617670+00:00,2026-09-25T17:07:15.618392+00:00,0.000740,1790356035.614312,1790356035.613468,0,0,0,0.001400,0.000445,"[0.16844584858569775, -0.6591119970212507, -0.6348789903965505, -0.515901873597004, -0.19277161588277367, 0.20552997271485224, -0.4713090339092405]","[0.16704546270837728, -0.6591584986006985, -0.6339384909093805, -0.5159193268895238, -0.19273670929773384, 0.20558233259241207, -0.4712912579160288]","[0.42116436280265457, -0.026068616158153195, 0.5170001748941457]","[0.42123499999999997, -0.02649, 0.516875]"
598,forward,29.900000,29.900977,0.000305,0.050046,2026-09-25T17:07:15.667783+00:00,2026-09-25T17:07:15.668439+00:00,0.000672,1790356035.662840,1790356035.655841,0,1,0,0.001458,0.000520,"[0.169700198979788, -0.6591093104099367, -0.6364786817530559, -0.515901873597004, -0.19277161588277367, 0.20552997271485224, -0.4713088751200113]","[0.16828464647729324, -0.6591584986006985, -0.6350205950456169, -0.5159193268895238, -0.19273670929773384, 0.20558233259241207, -0.4712912579160288]","[0.4211006078007067, -0.02570706225145518, 0.517095701470533]","[0.421188, -0.026198, 0.516948]"
599,forward,29.950000,29.952551,0.000210,0.051574,2026-09-25T17:07:15.717689+00:00,2026-09-25T17:07:15.720014+00:00,0.002341,1790356035.715422,1790356035.714871,0,0,0,0.001975,0.000446,"[0.17093239735439844, -0.6591071440638491, -0.6380780957918557, -0.515901873597004, -0.19277161588277367, 0.20552997271485224, -0.4713084432133077]","[0.1694714703686494, -0.6591584986006985, -0.6361026991818534, -0.5159193268895238, -0.19273670929773384, 0.20558233259241207, -0.4712912579160288]","[0.421036031006017, -0.025354762133309, 0.5171911423609784]","[0.421137, -0.025759999999999998, 0.517035]"
600,forward,30.000000,30.001383,0.000458,0.048831,2026-09-25T17:07:15.767936+00:00,2026-09-25T17:07:15.768845+00:00,0.000924,1790356035.762531,1790356035.754725,0,1,0,0.001737,0.000495,"[0.17214931651714857, -0.6591062878825695, -0.6396551596831953, -0.515901873597004, -0.19277161588277367, 0.20552997271485224, -0.4713079965545726]","[0.17083282718520498, -0.6591584986006985, -0.6379178416039275, -0.5159193268895238, -0.19273670929773384, 0.20558233259241207, -0.4712912579160288]","[0.4209724374091777, -0.02500647221910425, 0.5172848653744192]","[0.421106, -0.025442, 0.5170899999999999]"
601,forward,30.050000,30.050774,0.000155,0.049392,2026-09-25T17:07:15.817632+00:00,2026-09-25T17:07:15.818236+00:00,0.000619,1790356035.815645,1790356035.816500,0,0,0,0.001462,0.000387,"[0.1733596945881012, -0.6591062461363689, -0.6412295548910374, -0.515901873597004, -0.19277161588277367, 0.20552997271485224, -0.471307283539711]","[0.17212437083168078, -0.6591061387231386, -0.6397678906110414, -0.5159193268895238, -0.19273670929773384, 0.20558233259241207, -0.4712912579160288]","[0.4209087015510871, -0.024660591314693683, 0.5173782360754867]","[0.420965, -0.025029, 0.5172749999999999]"
602,forward,30.100000,30.100733,0.000306,0.049958,2026-09-25T17:07:15.867786+00:00,2026-09-25T17:07:15.868194+00:00,0.000426,1790356035.863465,1790356035.854100,0,1,0,0.001382,0.000399,"[0.17457152225104958, -0.6591063657405142, -0.6428256376342525, -0.515901873597004, -0.1927716158827737, 0.20552997271485224, -0.4713059968347309]","[0.17348572764823636, -0.6591061387231386, -0.6414434066929561, -0.5159193268895238, -0.19273670929773384, 0.20558233259241207, -0.4712912579160288]","[0.42084332917339123, -0.024316327100889563, 0.517472969181916]","[0.420915, -0.02469, 0.5173519999999999]"
603,forward,30.150000,30.151495,0.000462,0.050762,2026-09-25T17:07:15.917937+00:00,2026-09-25T17:07:15.918957+00:00,0.001032,1790356035.913870,1790356035.917090,0,0,0,0.001766,0.000401,"[0.17579239239715722, -0.6591060265462316, -0.6444660448029159, -0.515901873597004, -0.19277161588277367, 0.20552997271485224, -0.47130383422787336]","[0.1744631120293532, -0.6591061387231386, -0.6427000437543918, -0.5159193268895238, -0.19273670929773384, 0.20558233259241207, -0.4712912579160288]","[0.42077491865451394, -0.023972871420440814, 0.5175706720497599]","[0.420848, -0.024347999999999998, 0.517448]"
604,forward,30.200000,30.201652,0.000285,0.050158,2026-09-25T17:07:15.967763+00:00,2026-09-25T17:07:15.969118+00:00,0.001367,1790356035.962838,1790356035.954393,0,1,0,0.002007,0.000476,"[0.1770165600321103, -0.6591057084555499, -0.646120884170957, -0.515901873597004, -0.1927716158827737, 0.20552997271485224, -0.4713007680590792]","[0.1755103095805498, -0.6591061387231386, -0.6441137604485073, -0.5159193268895238, -0.19273670929773384, 0.20558233259241207, -0.4712912579160288]","[0.4207052839936486, -0.023629503706735538, 0.5176693777322013]","[0.420823, -0.024055999999999998, 0.5174949999999999]"
605,forward,30.250000,30.251133,0.000184,0.049480,2026-09-25T17:07:16.017662+00:00,2026-09-25T17:07:16.018593+00:00,0.000948,1790356036.015431,1790356036.012917,0,0,0,0.001815,0.000477,"[0.17824338610609472, -0.6591054569538997, -0.6477962688163676, -0.515901873597004, -0.19277161588277367, 0.20552997271485224, -0.47129698477763693]","[0.17671458676442586, -0.6591061387231386, -0.6459812627481413, -0.5159193268895238, -0.19273670929773384, 0.20558233259241207, -0.4712912579160288]","[0.42063405829877215, -0.023287121542636527, 0.5177694363459543]","[0.420707, -0.023740999999999998, 0.517644]"
606,forward,30.300000,30.300652,0.000182,0.049520,2026-09-25T17:07:16.067660+00:00,2026-09-25T17:07:16.068113+00:00,0.000470,1790356036.062752,1790356036.052754,0,1,0,0.001748,0.000495,"[0.17947832579746958, -0.6591048110402931, -0.6495269274802508, -0.515901873597004, -0.19277161588277367, 0.20552997271485224, -0.4712926380505425]","[0.17816321004358115, -0.6591061387231386, -0.6477789518776954, -0.5159193268895238, -0.19273670929773384, 0.20558233259241207, -0.4712912579160288]","[0.4205591180210625, -0.022947055613109755, 0.5178731192137646]","[0.420668, -0.023400999999999998, 0.517708]"
607,forward,30.350000,30.351661,0.001213,0.051009,2026-09-25T17:07:16.118692+00:00,2026-09-25T17:07:16.119122+00:00,0.000447,1790356036.118138,1790356036.112783,0,0,0,0.002033,0.000344,"[0.18072683428459416, -0.6591033097137418, -0.6513475889037099, -0.515901873597004, -0.19277161588277367, 0.20552997271485224, -0.47128788154479195]","[0.17959438003021652, -0.6591061387231386, -0.6493148416194505, -0.5159193268895238, -0.19273670929773384, 0.20558233259241207, -0.4712912579160288]","[0.4204783282035293, -0.02261062893046183, 0.5179827111641978]","[0.420574, -0.02291, 0.517842]"
608,forward,30.400000,30.401129,0.000268,0.049468,2026-09-25T17:07:16.167748+00:00,2026-09-25T17:07:16.168592+00:00,0.000861,1790356036.162795,1790356036.153573,0,1,0,0.001725,0.000341,"[0.1819961648545702, -0.6591009246995186, -0.6532741910177942, -0.515901873597004, -0.19277161588277367, 0.20552997271485224, -0.47128254766091504]","[0.18072884404401282, -0.6591061387231386, -0.6515488630620032, -0.5159193268895238, -0.19273670929773384, 0.20558233259241207, -0.4712912579160288]","[0.4203908651668456, -0.022276426459876878, 0.5180992069468299]","[0.420547, -0.022501, 0.517896]"
609,forward,30.450000,30.451598,0.000380,0.050470,2026-09-25T17:07:16.217860+00:00,2026-09-25T17:07:16.219063+00:00,0.001218,1790356036.213633,1790356036.212676,0,0,0,0.002199,0.000324,"[0.18328575185918566, -0.6590980874945486, -0.6552832891562536, -0.515901873597004, -0.19277161588277367, 0.20552997271485224, -0.4712763763943544]","[0.18229964037080773, -0.6591061387231386, -0.6530847528037582, -0.5159193268895238, -0.19273670929773384, 0.20558233259241207, -0.4712912579160288]","[0.42029824586425263, -0.021942214115913145, 0.5182210535679]","[0.420407, -0.022206999999999998, 0.518069]"
610,forward,30.500000,30.501496,0.000692,0.049898,2026-09-25T17:07:16.268175+00:00,2026-09-25T17:07:16.268958+00:00,0.000804,1790356036.267750,1790356036.253379,0,1,0,0.002228,0.000484,"[0.18458326551967955, -0.6590943641432349, -0.6573727192780049, -0.515901873597004, -0.19277161588277367, 0.20552997271485224, -0.4712699592606001]","[0.18303267865664535, -0.6591061387231386, -0.6551442413211115, -0.5159193268895238, -0.19273670929773384, 0.20558233259241207, -0.4712912579160288]","[0.42020013946180645, -0.021612964122998974, 0.5183483250801253]","[0.42033299999999996, -0.022038, 0.51816]"
611,forward,30.550000,30.551527,0.000473,0.050031,2026-09-25T17:07:16.317953+00:00,2026-09-25T17:07:16.318989+00:00,0.001054,1790356036.313560,1790356036.312674,0,0,0,0.002547,0.000440,"[0.18587614355912652, -0.659089293644589, -0.6595412520470801, -0.515901873597004, -0.19277161588277367, 0.20552997271485224, -0.4712639109276363]","[0.18432422230312115, -0.6590363255530588, -0.6569942903282255, -0.5159193268895238, -0.1928065224678136, 0.20558233259241207, -0.4712912579160288]","[0.420096159271024, -0.021293840233091915, 0.5184811626704038]","[0.420228, -0.021671, 0.5182979999999999]"
612,forward,30.600000,30.601095,0.000337,0.049568,2026-09-25T17:07:16.367817+00:00,2026-09-25T17:07:16.368559+00:00,0.000758,1790356036.362600,1790356036.354400,0,1,0,0.002564,0.000486,"[0.18715477574603936, -0.6590827280685166, -0.6617920362026726, -0.5159018735970038, -0.19277161588277367, 0.20552997271485224, -0.47125875099479886]","[0.18577284558227644, -0.6590363255530588, -0.6592283117707782, -0.5159193268895238, -0.1928065224678136, 0.20558233259241207, -0.4712912579160288]","[0.419985849559564, -0.02098918972100602, 0.5186198443299392]","[0.420159, -0.021381, 0.51839]"
613,forward,30.650000,30.651637,0.000257,0.050542,2026-09-25T17:07:16.417735+00:00,2026-09-25T17:07:16.419099+00:00,0.001380,1790356036.412344,1790356036.413760,0,0,0,0.002585,0.000318,"[0.18843389367432684, -0.6590764748462248, -0.6641518152316592, -0.515901873597004, -0.19277161588277364, 0.20552997271485224, -0.47125406415141985]","[0.1872040155689118, -0.6590363255530588, -0.6615670529684506, -0.5159193268895238, -0.1928065224678136, 0.20558233259241207, -0.4712912579160288]","[0.41986858145223216, -0.020695420039002533, 0.518765281652437]","[0.41998399999999997, -0.020947, 0.518608]"
614,forward,30.700000,30.701365,0.000463,0.049728,2026-09-25T17:07:16.467942+00:00,2026-09-25T17:07:16.468828+00:00,0.000901,1790356036.462065,1790356036.452580,0,1,0,0.002618,0.000339,"[0.18970754105755544, -0.6590689717990318, -0.6665931709466056, -0.515901873597004, -0.19277161588277367, 0.20552997271485224, -0.4712498178200963]","[0.18847810592286765, -0.6590363255530588, -0.6639756073362028, -0.5159193268895238, -0.1928065224678136, 0.20558233259241207, -0.4712912579160288]","[0.41974527158648967, -0.020412286554822485, 0.5189164886842628]","[0.419933, -0.020572, 0.5186839999999999]"
615,forward,30.750000,30.750768,0.000159,0.049403,2026-09-25T17:07:16.517638+00:00,2026-09-25T17:07:16.518228+00:00,0.000609,1790356036.513781,1790356036.515160,0,0,0,0.003076,0.000346,"[0.1909631172020507, -0.6590578370884995, -0.6690765340960336, -0.515901873597004, -0.19277161588277367, 0.20552997271485224, -0.4712461656678239]","[0.1896300232291839, -0.6590363255530588, -0.6660001892685162, -0.5159193268895238, -0.1928065224678136, 0.20558233259241207, -0.4712912579160288]","[0.4196171410184144, -0.020141157040442798, 0.5190720595501126]","[0.419768, -0.020384, 0.5188769999999999]"
616,forward,30.800000,30.800528,0.000172,0.049761,2026-09-25T17:07:16.567650+00:00,2026-09-25T17:07:16.567989+00:00,0.000356,1790356036.563483,1790356036.553557,0,1,0,0.002979,0.000350,"[0.19218802141413818, -0.6590406888761889, -0.6715623354284658, -0.515901873597004, -0.19277161588277367, 0.20552997271485224, -0.47124326136159894]","[0.1909215668756597, -0.6590363255530588, -0.6685832765614679, -0.5159193268895238, -0.1928065224678136, 0.20558233259241207, -0.4712912579160288]","[0.41948543658123344, -0.019883417344660377, 0.5192305654379122]","[0.41967899999999997, -0.020052, 0.518992]"
617,forward,30.850000,30.850532,0.000145,0.050004,2026-09-25T17:07:16.617617+00:00,2026-09-25T17:07:16.617993+00:00,0.000387,1790356036.613386,1790356036.612441,0,0,0,0.003526,0.000363,"[0.19338129839732562, -0.6590199230866801, -0.6740642513065482, -0.5159020259834417, -0.19277161588277367, 0.20552997271485224, -0.4712412944240498]","[0.19203857759693607, -0.6590363255530588, -0.6705380453237015, -0.5159193268895238, -0.1928065224678136, 0.20558233259241207, -0.4712912579160288]","[0.4193502462042125, -0.01964070847708733, 0.5193918286303753]","[0.419543, -0.019833999999999997, 0.519153]"
618,forward,30.900000,30.901520,0.000325,0.050988,2026-09-25T17:07:16.667805+00:00,2026-09-25T17:07:16.668982+00:00,0.001195,1790356036.662619,1790356036.652622,0,1,0,0.002660,0.000394,"[0.19455003476124683, -0.6589964245857586, -0.6766015925494491, -0.5159023038645929, -0.19277161588277364, 0.20552997271485224, -0.4712401470438126]","[0.1932603080733321, -0.6590363255530588, -0.6739414373650905, -0.5159193268895238, -0.1928065224678136, 0.20558233259241207, -0.47122144474594907]","[0.41921088465786105, -0.019411950208266086, 0.519556681299964]","[0.419441, -0.01957, 0.5192789999999999]"
619,forward,30.950000,30.950605,0.000184,0.049085,2026-09-25T17:07:16.717661+00:00,2026-09-25T17:07:16.718067+00:00,0.000421,1790356036.713227,1790356036.712409,0,0,0,0.003160,0.000350,"[0.19569369267141584, -0.6589655449467944, -0.6791432415904723, -0.5159024383232145, -0.19277161588277367, 0.20552997271485224, -0.4712395118868958]","[0.19451694513476803, -0.6590363255530588, -0.6759834725899238, -0.5159193268895238, -0.1928065224678136, 0.20558233259241207, -0.47122144474594907]","[0.4190674664740834, -0.019194479239758023, 0.5197251762708123]","[0.419263, -0.019357, 0.519485]"
620,forward,31.000000,31.000825,0.000449,0.050219,2026-09-25T17:07:16.767927+00:00,2026-09-25T17:07:16.768285+00:00,0.000376,1790356036.767661,1790356036.752465,0,1,0,0.002498,0.000416,"[0.1968117342933462, -0.6589226357431573, -0.6816580808629211, -0.5159021604420633, -0.19277161588277367, 0.20552997271485224, -0.47123908161930683]","[0.19568631573360423, -0.658983965675499, -0.6791599718285535, -0.5159193268895238, -0.1928065224678136, 0.20558233259241207, -0.47122144474594907]","[0.41892011753096636, -0.018985657544421355, 0.5198973452652013]","[0.41918, -0.019091999999999998, 0.51959]"
621,forward,31.050000,31.050804,0.000238,0.049980,2026-09-25T17:07:16.817718+00:00,2026-09-25T17:07:16.818265+00:00,0.000567,1790356036.813204,1790356036.812343,0,1,0,0.003098,0.000298,"[0.19790234666381895, -0.6588651613157464, -0.6841257295131119, -0.5159014046053321, -0.19277161588277367, 0.20552997271485224, -0.4712386761433267]","[0.1968033264548806, -0.6588617926278594, -0.6810274741281874, -0.5159193268895238, -0.1928065224678136, 0.20558233259241207, -0.47122144474594907]","[0.418769109209745, -0.01878436784013408, 0.5200729574497985]","[0.418934, -0.018925, 0.519869]"
622,forward,31.100000,31.100799,0.000426,0.049994,2026-09-25T17:07:16.867906+00:00,2026-09-25T17:07:16.868259+00:00,0.000373,1790356036.867488,1790356036.852491,0,1,0,0.002855,0.000342,"[0.1989626673764767, -0.658797798314696, -0.68656986403957, -0.5159006229525456, -0.19277161588277367, 0.20552997271485224, -0.47123857677200254]","[0.19799015034623674, -0.6587919794577797, -0.6837152811762587, -0.5159193268895238, -0.1928065224678136, 0.20558233259241207, -0.47122144474594907]","[0.41861476874476217, -0.018593949514035424, 0.5202514465496914]","[0.418807, -0.018751, 0.5200159999999999]"
623,forward,31.150000,31.150872,0.000206,0.050074,2026-09-25T17:07:16.917685+00:00,2026-09-25T17:07:16.918334+00:00,0.000666,1790356036.913234,1790356036.912321,0,1,0,0.003074,0.000212,"[0.19999824770277327, -0.6587182956209591, -0.6889884437445879, -0.5158993751765377, -0.19277161588277367, 0.20552997271485224, -0.4712386822900064]","[0.19907225448247323, -0.6585999932400602, -0.6859143960337716, -0.5159193268895238, -0.1928065224678136, 0.20558233259241207, -0.47122144474594907]","[0.418456459172037, -0.018411991957164763, 0.5204336807864642]","[0.418578, -0.018493, 0.52028]"
624,forward,31.200000,31.201089,0.000365,0.050217,2026-09-25T17:07:16.967840+00:00,2026-09-25T17:07:16.968550+00:00,0.000724,1790356036.962596,1790356036.953709,0,1,0,0.002948,0.000311,"[0.20101538798954605, -0.658623503061117, -0.6913753219483244, -0.5158971234428227, -0.1927716158827737, 0.20552997271485224, -0.47123883903034247]","[0.1998576526458707, -0.6584778201924206, -0.6884276701566434, -0.5159193268895238, -0.1928065224678136, 0.20558233259241207, -0.47122144474594907]","[0.41829345721068195, -0.018235417571280346, 0.5206206567604179]","[0.418434, -0.018446, 0.52044]"
625,forward,31.250000,31.251677,0.000277,0.050588,2026-09-25T17:07:17.017757+00:00,2026-09-25T17:07:17.019139+00:00,0.001400,1790356037.013135,1790356037.012161,0,1,0,0.002923,0.000263,"[0.20202017923796142, -0.6585104165478421, -0.6937243500757121, -0.5158933098377598, -0.19277161588277367, 0.2055299727148522, -0.47123890234114474]","[0.20095721007462714, -0.6584429136073807, -0.6908013179393556, -0.5159193268895238, -0.1928065224678136, 0.20558233259241207, -0.47122144474594907]","[0.41812508521977176, -0.01806123350648954, 0.5208133098581998]","[0.41825799999999996, -0.018212, 0.520644]"
626,forward,31.300000,31.301319,0.000414,0.049642,2026-09-25T17:07:17.067894+00:00,2026-09-25T17:07:17.068782+00:00,0.000904,1790356037.067684,1790356037.053910,0,1,0,0.002334,0.000358,"[0.2030106396047716, -0.6583810386694268, -0.6960324260511023, -0.5158871764757249, -0.1927716158827737, 0.20552997271485224, -0.47123901605472185]","[0.20179496811558437, -0.6583556471447811, -0.6936985644976663, -0.5159193268895238, -0.1928065224678136, 0.20558233259241207, -0.47122144474594907]","[0.41795218986670535, -0.017889725679920965, 0.5210107712338586]","[0.418161, -0.018033, 0.5207579999999999]"
627,forward,31.350000,31.351694,0.000389,0.050375,2026-09-25T17:07:17.117870+00:00,2026-09-25T17:07:17.119157+00:00,0.001305,1790356037.112276,1790356037.113919,0,1,0,0.002058,0.000314,"[0.20398460638067434, -0.6582357921125542, -0.6983049383613772, -0.5158795115659627, -0.19277161588277367, 0.20552997271485224, -0.47123917074616456]","[0.20284216566678098, -0.6582334740971414, -0.6962467452055779, -0.5159193268895238, -0.1928065224678136, 0.20558233259241207, -0.47122144474594907]","[0.41777465053749985, -0.01772244476778306, 0.5212130067056133]","[0.417907, -0.017948, 0.52104]"
628,forward,31.400000,31.401434,0.000328,0.049740,2026-09-25T17:07:17.167808+00:00,2026-09-25T17:07:17.168897+00:00,0.001106,1790356037.167221,1790356037.153316,0,1,0,0.002242,0.000331,"[0.20494265581690488, -0.6580729097067705, -0.7005486867711118, -0.5158716212779397, -0.19277161588277364, 0.20552997271485224, -0.4712392127484768]","[0.20399408297309723, -0.6581636609270617, -0.6983062337229312, -0.5159193268895238, -0.1928065224678136, 0.20552997271485224, -0.47122144474594907]","[0.4175915339205079, -0.017560178210811017, 0.521420849112125]","[0.41779299999999997, -0.017661, 0.521178]"
629,forward,31.450000,31.452247,0.000296,0.050813,2026-09-25T17:07:17.217776+00:00,2026-09-25T17:07:17.219710+00:00,0.001951,1790356037.214211,1790356037.212939,0,1,0,0.002387,0.000348,"[0.20588536416469816, -0.6578906242816213, -0.7027704710448802, -0.5158648117811224, -0.19277161588277367, 0.20552997271485224, -0.4712389883946626]","[0.20500637393925394, -0.658093847756982, -0.7003831755328045, -0.5159193268895238, -0.1928065224678136, 0.20552997271485224, -0.47122144474594907]","[0.4174019018270413, -0.017403714364306776, 0.5216351336905675]","[0.41761099999999995, -0.017516999999999998, 0.521381]"
630,forward,31.500000,31.500625,0.000200,0.048378,2026-09-25T17:07:17.267669+00:00,2026-09-25T17:07:17.268086+00:00,0.000425,1790356037.262241,1790356037.253273,0,1,0,0.002432,0.000512,"[0.2068148763079849, -0.657687662040154, -0.7049618717679699, -0.5158581452970559, -0.19277161588277367, 0.20552997271485224, -0.47123860627606584]","[0.2058790385652511, -0.6580240345869021, -0.7025299305127576, -0.5159193268895238, -0.1928065224678136, 0.20552997271485224, -0.47122144474594907]","[0.41720575012784444, -0.017251305733342836, 0.5218560298836795]","[0.417526, -0.017384999999999998, 0.521479]"
631,forward,31.550000,31.551178,0.000222,0.050552,2026-09-25T17:07:17.317702+00:00,2026-09-25T17:07:17.318640+00:00,0.000956,1790356037.313276,1790356037.312390,0,1,0,0.002766,0.000491,"[0.20773203726157624, -0.6574649122532749, -0.70711072542931, -0.515849731260688, -0.19277161588277367, 0.20552997271485224, -0.47123828767316067]","[0.2070833157491272, -0.6578844082467427, -0.7043450729348316, -0.5159193268895238, -0.1928065224678136, 0.20552997271485224, -0.47122144474594907]","[0.4170040073679829, -0.017101072361012565, 0.5220827976937856]","[0.417325, -0.017065, 0.521713]"
632,forward,31.600000,31.600848,0.000302,0.049670,2026-09-25T17:07:17.367785+00:00,2026-09-25T17:07:17.368309+00:00,0.000546,1790356037.362379,1790356037.352267,0,1,0,0.002073,0.000623,"[0.2086320643451102, -0.6572236532767236, -0.7092457388165411, -0.5158433686787174, -0.19277161588277367, 0.20552997271485224, -0.47123759002499865]","[0.20762436781724547, -0.657744781906583, -0.7071725063230625, -0.5159193268895238, -0.1928065224678136, 0.20552997271485224, -0.47122144474594907]","[0.41679566543681584, -0.016958348121710487, 0.5223158748122825]","[0.41720599999999997, -0.016943, 0.521847]"
633,forward,31.650000,31.650976,0.000350,0.050128,2026-09-25T17:07:17.417829+00:00,2026-09-25T17:07:17.418437+00:00,0.000626,1790356037.412477,1790356037.413167,0,1,0,0.002374,0.000449,"[0.2095100402147135, -0.6569651528632175, -0.7113967233268927, -0.5158430144762916, -0.19277161588277367, 0.20552997271485224, -0.47123605233059174]","[0.20868901866096198, -0.6572909963010646, -0.7090225553301764, -0.5159193268895238, -0.1928065224678136, 0.20552997271485224, -0.47122144474594907]","[0.41657964656735513, -0.01682864063015446, 0.5225557537956014]","[0.416854, -0.016967, 0.522228]"
634,forward,31.700000,31.700662,0.000301,0.049687,2026-09-25T17:07:17.467779+00:00,2026-09-25T17:07:17.468123+00:00,0.000362,1790356037.467309,1790356037.453063,0,1,0,0.002102,0.000449,"[0.21036225883222073, -0.6566902870170789, -0.7135850890755887, -0.5158517543891357, -0.19277161588277367, 0.2055299727148522, -0.4712332889882244]","[0.20952677670191927, -0.6569070238656257, -0.7114834695754885, -0.5159193268895238, -0.1928065224678136, 0.20552997271485224, -0.47122144474594907]","[0.4163551741881565, -0.0167160046284914, 0.5228027588442525]","[0.41664799999999996, -0.016711999999999998, 0.522463]"
635,forward,31.750000,31.751494,0.000566,0.050832,2026-09-25T17:07:17.518044+00:00,2026-09-25T17:07:17.518958+00:00,0.000929,1790356037.513145,1790356037.513788,0,1,0,0.002067,0.000424,"[0.21119483173895312, -0.65639698845621, -0.7157672400699637, -0.515865311147637, -0.19277161588277367, 0.20552997271485224, -0.47122963683595204]","[0.2099805623074378, -0.6566277711853067, -0.7137000377255213, -0.5159193268895238, -0.1928065224678136, 0.20552997271485224, -0.47122144474594907]","[0.4161238702716506, -0.01661310029679357, 0.5230558939038329]","[0.41634299999999996, -0.016856, 0.522786]"
636,forward,31.800000,31.800811,0.000198,0.049317,2026-09-25T17:07:17.567674+00:00,2026-09-25T17:07:17.568272+00:00,0.000613,1790356037.563134,1790356037.554038,0,1,0,0.003045,0.000422,"[0.2120050614644627, -0.6560864740695521, -0.7179664711509481, -0.5158851759363257, -0.19277161588277367, 0.20552997271485224, -0.4712250934151028]","[0.2111150263212341, -0.6562612520423878, -0.7149217682019173, -0.5159193268895238, -0.1928065224678136, 0.20552997271485224, -0.47122144474594907]","[0.4158848323538062, -0.016523500143739746, 0.5233158051914033]","[0.416159, -0.016568, 0.522998]"
637,forward,31.850000,31.850724,0.000155,0.049913,2026-09-25T17:07:17.617630+00:00,2026-09-25T17:07:17.618185+00:00,0.000569,1790356037.612564,1790356037.613272,0,1,0,0.002110,0.000289,"[0.2127874928303901, -0.6557608951950501, -0.7202257706606808, -0.5159147678458631, -0.19277161588277367, 0.20552997271485224, -0.47121950505868043]","[0.21197023765471132, -0.6558249197293893, -0.718115720733067, -0.5159193268895238, -0.1928065224678136, 0.20552997271485224, -0.47122144474594907]","[0.4156364024959065, -0.016454067133625246, 0.523583606058979]","[0.41581999999999997, -0.016503999999999998, 0.523366]"
638,forward,31.900000,31.900628,0.000205,0.049904,2026-09-25T17:07:17.667685+00:00,2026-09-25T17:07:17.668090+00:00,0.000423,1790356037.667261,1790356037.653708,0,0,0,0.002308,0.000442,"[0.2135366706583763, -0.6554224031706481, -0.7225881269413026, -0.5159575059669113, -0.19277161588277367, 0.20552997271485224, -0.47121271809968907]","[0.21265091606298914, -0.6557027466817497, -0.7202799290055398, -0.5159193268895238, -0.1928065224678136, 0.20552997271485224, -0.47122144474594907]","[0.41537689808072975, -0.016411635654559352, 0.5238604314760297]","[0.41567099999999996, -0.016415, 0.523531]"
639,forward,31.950000,31.950980,0.000401,0.050352,2026-09-25T17:07:17.717880+00:00,2026-09-25T17:07:17.718443+00:00,0.000579,1790356037.717499,1790356037.712231,0,1,0,0.002663,0.000457,"[0.21425385629834695, -0.6550718444453828, -0.725054987023692, -0.5160138628254824, -0.19277161588277367, 0.20552997271485224, -0.47120428178160695]","[0.2135759405665461, -0.6554933071715103, -0.722391777400453, -0.5159193268895238, -0.1928065224678136, 0.20552997271485224, -0.47122144474594907]","[0.41510655972402194, -0.01639578119152919, 0.524145957661711]","[0.415414, -0.016349, 0.523811]"
640,forward,32.000000,32.000610,0.000237,0.049630,2026-09-25T17:07:17.767715+00:00,2026-09-25T17:07:17.768071+00:00,0.000373,1790356037.767333,1790356037.754245,0,0,0,0.002610,0.000648,"[0.21494182215902216, -0.65470788851918, -0.7276024941067153, -0.5160818778868195, -0.19277161588277364, 0.20552997271485224, -0.4711943600158965]","[0.2143787920224635, -0.6552315077837112, -0.7249923179859246, -0.5159193268895238, -0.1928065224678136, 0.20552997271485224, -0.47122144474594907]","[0.41482618963435225, -0.016402770914372734, 0.5244396499949604]","[0.415248, -0.01619, 0.523996]"
641,forward,32.050000,32.050919,0.000214,0.050309,2026-09-25T17:07:17.817695+00:00,2026-09-25T17:07:17.818382+00:00,0.000705,1790356037.817365,1790356037.813970,0,1,0,0.002800,0.000462,"[0.21559737965023443, -0.6543294213063189, -0.730235680784493, -0.5161613206504279, -0.19277161588277367, 0.20552997271485224, -0.47118372113753787]","[0.21519909677090082, -0.6546206425455131, -0.7274357789387167, -0.5159193268895238, -0.1928065224678136, 0.20552997271485224, -0.47122144474594907]","[0.414534917558667, -0.016434447678211086, 0.524742345193652]","[0.414834, -0.016257999999999998, 0.524438]"
642,forward,32.100000,32.101443,0.000214,0.050524,2026-09-25T17:07:17.867693+00:00,2026-09-25T17:07:17.868907+00:00,0.001229,1790356037.865273,1790356037.853693,0,0,0,0.003325,0.000555,"[0.21621734018181588, -0.6539353287210778, -0.7329595796511444, -0.5162519606158136, -0.19277161588277367, 0.20552997271485224, -0.4711731334815113]","[0.21577505542405895, -0.6542366701100745, -0.7296348937962295, -0.5159193268895238, -0.1928065224678136, 0.20552997271485224, -0.4711341782833493]","[0.4142318616761785, -0.016492645424899196, 0.5250548808699363]","[0.41456499999999996, -0.016191, 0.52473]"
643,forward,32.150000,32.151211,0.000162,0.049768,2026-09-25T17:07:17.917640+00:00,2026-09-25T17:07:17.918672+00:00,0.001049,1790356037.913057,1790356037.913743,0,1,0,0.002677,0.000421,"[0.2167952849296753, -0.6535233418702605, -0.73578509737538, -0.5163552568511043, -0.19277168595492386, 0.20552997271485224, -0.47116299473800255]","[0.21605430810437803, -0.6538876042596756, -0.7331080990076981, -0.5159193268895238, -0.1928065224678136, 0.20552997271485224, -0.4711341782833493]","[0.4139154220265066, -0.01658144430049349, 0.5253785746350494]","[0.41420799999999997, -0.016462, 0.5251009999999999]"
644,forward,32.200000,32.201112,0.000304,0.049901,2026-09-25T17:07:17.967782+00:00,2026-09-25T17:07:17.968574+00:00,0.000808,1790356037.964775,1790356037.952156,0,0,0,0.003785,0.000580,"[0.2173239408861131, -0.6530908609644057, -0.7387254505481955, -0.5164749908449606, -0.1927719830444495, 0.20552997271485224, -0.47115248391547393]","[0.21664772005005614, -0.653451271946677, -0.7349406947222923, -0.5159891400596036, -0.1928065224678136, 0.20552997271485224, -0.4711341782833493]","[0.4135839072698203, -0.016705853738793425, 0.5257145350563718]","[0.413954, -0.016426, 0.525367]"
645,forward,32.250000,32.250993,0.000553,0.049881,2026-09-25T17:07:18.018030+00:00,2026-09-25T17:07:18.018454+00:00,0.000440,1790356038.017602,1790356038.012035,0,1,0,0.003530,0.000514,"[0.21781966088306795, -0.6526436997381969, -0.7417518623610211, -0.5166049897941518, -0.19277223915610958, 0.20552997271485224, -0.47114205504867657]","[0.21725858528825415, -0.653137112681318, -0.7382219137160416, -0.5160589532296834, -0.1928065224678136, 0.20552997271485224, -0.4711341782833493]","[0.4132409382744498, -0.01685483020450637, 0.5260599283189966]","[0.413587, -0.016647, 0.5257419999999999]"
646,forward,32.300000,32.300786,0.000348,0.049793,2026-09-25T17:07:18.067828+00:00,2026-09-25T17:07:18.068247+00:00,0.000437,1790356038.067267,1790356038.052027,0,0,0,0.003486,0.000760,"[0.2183008081265659, -0.652188389038965, -0.7448319474944448, -0.5167381466001115, -0.19277214695591197, 0.20552997271485224, -0.4711323228055946]","[0.21776473077133252, -0.6527705935383993, -0.7413460530771114, -0.5161985795698429, -0.1928065224678136, 0.20552997271485224, -0.4711341782833493]","[0.4128906269558875, -0.017015972473747962, 0.5264115879830172]","[0.41336399999999995, -0.016621, 0.525967]"
647,forward,32.350000,32.350558,0.000207,0.049772,2026-09-25T17:07:18.117686+00:00,2026-09-25T17:07:18.118019+00:00,0.000351,1790356038.117217,1790356038.112163,0,1,0,0.003168,0.000498,"[0.2187843985216337, -0.6517310152578668, -0.7479350247960371, -0.516867835654194, -0.19277142466980826, 0.2055299727148522, -0.4711238959124215]","[0.21809634332921143, -0.6521073684226414, -0.7447668984110204, -0.5163905657875623, -0.1928065224678136, 0.20552997271485224, -0.4711341782833493]","[0.41253688217151263, -0.01717773834002073, 0.5267665188682382]","[0.412869, -0.016971999999999998, 0.526458]"
648,forward,32.400000,32.400681,0.000304,0.050123,2026-09-25T17:07:18.167784+00:00,2026-09-25T17:07:18.168142+00:00,0.000377,1790356038.167313,1790356038.152048,0,0,0,0.003388,0.000622,"[0.21924664856629458, -0.6512639677295898, -0.7510866245005201, -0.5170022858240368, -0.19277054390180937, 0.20552997271485224, -0.4711169347975013]","[0.21841050259457043, -0.6517583025722425, -0.7476990515543709, -0.5165301921277218, -0.1928065224678136, 0.20552997271485224, -0.4711341782833493]","[0.41217549605920956, -0.01735425422127217, 0.527127668385321]","[0.412597, -0.017138, 0.526725]"
649,forward,32.450000,32.450559,0.000211,0.049877,2026-09-25T17:07:18.217690+00:00,2026-09-25T17:07:18.218020+00:00,0.000348,1790356038.217191,1790356038.212193,0,1,0,0.003622,0.000670,"[0.21969297871016671, -0.6507886221835271, -0.7542878740114212, -0.5171400347120612, -0.1927693660442848, 0.20552997271485224, -0.47111099812922125]","[0.21923080734300773, -0.6512870636742041, -0.7506661112827611, -0.5168792579781207, -0.1928065224678136, 0.20552997271485224, -0.4711341782833493]","[0.4118068144144532, -0.01754302483632638, 0.5274948767801424]","[0.41223, -0.017228999999999998, 0.527081]"
650,forward,32.500000,32.500662,0.000305,0.050103,2026-09-25T17:07:18.267784+00:00,2026-09-25T17:07:18.268123+00:00,0.000357,1790356038.267181,1790356038.251983,0,0,0,0.003496,0.000760,"[0.22015139476327664, -0.6503136992217033, -0.7575133798576456, -0.5172716702147602, -0.1927673148459994, 0.20552997271485224, -0.4711056249065934]","[0.21968459294852627, -0.6508507313612055, -0.7540171434465902, -0.5170188843182802, -0.1928065224678136, 0.20552997271485224, -0.4711341782833493]","[0.4114353769098835, -0.017727887723028617, 0.5278650158980639]","[0.41191099999999997, -0.017372, 0.5273909999999999]"
651,forward,32.550000,32.550653,0.000283,0.049991,2026-09-25T17:07:18.317761+00:00,2026-09-25T17:07:18.318114+00:00,0.000371,1790356038.317255,1790356038.311970,0,1,0,0.003788,0.000680,"[0.22064990253565128, -0.6498479194461434, -0.7607377485680996, -0.5173877802286266, -0.19276381405571816, 0.20552997271485224, -0.4711003541286295]","[0.22031291147924423, -0.6504143990482069, -0.7569492965899407, -0.51707124419584, -0.1928065224678136, 0.20552997271485224, -0.4711341782833493]","[0.4110657882165833, -0.017892714232072594, 0.5282349474971182]","[0.41149199999999997, -0.017564, 0.5278189999999999]"
652,forward,32.600000,32.600689,0.000322,0.050035,2026-09-25T17:07:18.367802+00:00,2026-09-25T17:07:18.368150+00:00,0.000366,1790356038.367310,1790356038.353532,0,0,0,0.003582,0.000769,"[0.22120196233414094, -0.6493959335372601, -0.7639522384371571, -0.5174840847180426, -0.19275845952924142, 0.20552997271485224, -0.4710950985124759]","[0.22069688391468295, -0.6498558936875687, -0.7603701419238497, -0.5171410573659199, -0.1928065224678136, 0.20552997271485224, -0.4711341782833493]","[0.4107002790663273, -0.018030107501056367, 0.5286031450100837]","[0.41117299999999996, -0.017634, 0.528144]"
653,forward,32.650000,32.650653,0.000165,0.049964,2026-09-25T17:07:18.417643+00:00,2026-09-25T17:07:18.418114+00:00,0.000488,1790356038.413100,1790356038.412431,0,1,0,0.003367,0.000769,"[0.22178906681307756, -0.6489522800163473, -0.7671759030966573, -0.5175669634756823, -0.19275154861220659, 0.20552997271485224, -0.47109025083097444]","[0.2214822820780804, -0.6496464541773294, -0.7638084405502784, -0.5173504968761592, -0.192684349420174, 0.20552997271485224, -0.47097709865066983]","[0.41033581223275556, -0.01815094161012225, 0.5289716720105835]","[0.41083, -0.017832999999999998, 0.528475]"
654,forward,32.700000,32.701474,0.000246,0.050821,2026-09-25T17:07:18.467725+00:00,2026-09-25T17:07:18.468937+00:00,0.001228,1790356038.467419,1790356038.453841,0,0,0,0.003575,0.000930,"[0.22240793682121054, -0.648514778297509, -0.7704029740412366, -0.5176369034722561, -0.19274346982600188, 0.20552997271485224, -0.47108552608306975]","[0.22190116109855906, -0.6493322949119704, -0.7668278601562286, -0.5177519226041178, -0.192684349420174, 0.2054776128372924, -0.47097709865066983]","[0.40997194262172615, -0.018256261742547967, 0.5293409164427458]","[0.410576, -0.017977999999999997, 0.528691]"
655,forward,32.750000,32.750552,0.000212,0.049078,2026-09-25T17:07:18.517690+00:00,2026-09-25T17:07:18.518013+00:00,0.000340,1790356038.517255,1790356038.513493,0,1,0,0.003692,0.000826,"[0.22305599843635623, -0.6480814307097967, -0.7736267667565665, -0.5176941352082582, -0.1927346073381174, 0.20552997271485224, -0.4710806169347699]","[0.22233749341155765, -0.6487039763812524, -0.7699345462247786, -0.5178217357741977, -0.192684349420174, 0.2054776128372924, -0.47097709865066983]","[0.4096083451105337, -0.01834668594915123, 0.5297111812928141]","[0.41015599999999997, -0.018182, 0.529115]"
656,forward,32.800000,32.801978,0.000297,0.051426,2026-09-25T17:07:18.567773+00:00,2026-09-25T17:07:18.569442+00:00,0.001681,1790356038.562796,1790356038.552874,0,0,0,0.004115,0.000777,"[0.22373299462485288, -0.6476506100221671, -0.7768424358149297, -0.5177381589586174, -0.19272516911122115, 0.2055299727148522, -0.4710752308041143]","[0.22317525145251493, -0.6481280177280943, -0.7727270730279695, -0.5178217357741977, -0.192684349420174, 0.2054776128372924, -0.47097709865066983]","[0.40924468970020134, -0.018421925413908854, 0.5300828872271945]","[0.40974299999999997, -0.018156, 0.5295489999999999]"
657,forward,32.850000,32.850775,0.000225,0.048797,2026-09-25T17:07:18.617704+00:00,2026-09-25T17:07:18.618236+00:00,0.000550,1790356038.616276,1790356038.613549,0,1,0,0.003685,0.000633,"[0.22445253700431927, -0.6472240463201062, -0.7800594799880174, -0.5177645213001214, -0.19271417295709678, 0.20552997271485224, -0.4710693725060022]","[0.22392574303087248, -0.6474473393198166, -0.7763748111646377, -0.5178217357741977, -0.192684349420174, 0.2054776128372924, -0.47097709865066983]","[0.4088808595594661, -0.018476518573757424, 0.5304568742644833]","[0.40928, -0.018236, 0.530029]"
658,forward,32.900000,32.901261,0.000519,0.050486,2026-09-25T17:07:18.667998+00:00,2026-09-25T17:07:18.668723+00:00,0.000742,1790356038.662136,1790356038.652774,0,0,0,0.003355,0.000659,"[0.22520216994272532, -0.6468014421043099, -0.7832729693312638, -0.5177777681635145, -0.19270236492901005, 0.20552997271485224, -0.47106327346292975]","[0.22427480888127135, -0.6471506333469774, -0.779917829546186, -0.5178217357741977, -0.192684349420174, 0.2054776128372924, -0.47097709865066983]","[0.40851727883946126, -0.018515805211643567, 0.5308319839257922]","[0.40895899999999996, -0.018399, 0.530357]"
659,forward,32.950000,32.950688,0.000236,0.049428,2026-09-25T17:07:18.717717+00:00,2026-09-25T17:07:18.718149+00:00,0.000452,1790356038.717210,1790356038.711838,0,1,0,0.003728,0.000672,"[0.22596326131680217, -0.6463817217058057, -0.7864736838249069, -0.5177844688128765, -0.1926909359461802, 0.20552997271485224, -0.47105716417539084]","[0.22495548728954914, -0.6468888339591783, -0.7827452629344169, -0.5178217357741977, -0.192684349420174, 0.2054776128372924, -0.47097709865066983]","[0.4081544340768062, -0.018547607601478045, 0.5312066703275015]","[0.40861, -0.018518, 0.530714]"
660,forward,33.000000,33.000759,0.000332,0.050071,2026-09-25T17:07:18.767813+00:00,2026-09-25T17:07:18.768220+00:00,0.000427,1790356038.767459,1790356038.752160,0,0,0,0.003102,0.000753,"[0.2267171790032809, -0.6459638094556214, -0.7896524034491845, -0.5177911925122878, -0.19268107692782646, 0.20552997271485224, -0.4710512751438797]","[0.2258630585005862, -0.6462605154284603, -0.7865500807037646, -0.5178217357741977, -0.192684349420174, 0.2054776128372924, -0.47097709865066983]","[0.40779281306826315, -0.018579745424275977, 0.5315793905822155]","[0.4083, -0.018445, 0.53104]"
661,forward,33.050000,33.050744,0.000291,0.049985,2026-09-25T17:07:18.817771+00:00,2026-09-25T17:07:18.818206+00:00,0.000453,1790356038.817103,1790356038.811816,0,1,0,0.003235,0.000508,"[0.22746010053563534, -0.645544310593703, -0.7928221386764277, -0.5177971376322525, -0.19267281988790635, 0.20552997271485224, -0.4710458906523388]","[0.22645647044626424, -0.6458067298229418, -0.7895869536022347, -0.5178217357741977, -0.192684349420174, 0.2054776128372924, -0.47097709865066983]","[0.4074300945562622, -0.018615187842699946, 0.5319524976230238]","[0.407773, -0.018632, 0.531578]"
662,forward,33.100000,33.101093,0.000291,0.050348,2026-09-25T17:07:18.867770+00:00,2026-09-25T17:07:18.868555+00:00,0.000801,1790356038.862247,1790356038.852938,0,0,0,0.003432,0.000561,"[0.2282029298677921, -0.6451244147587116, -0.7959856555125645, -0.5177988389820105, -0.1926655053388952, 0.20552997271485224, -0.47104083398372265]","[0.2272767751947016, -0.6454053040949831, -0.7925540133306251, -0.5178217357741977, -0.192684349420174, 0.2054776128372924, -0.47097709865066983]","[0.4070664358350205, -0.01864911761855919, 0.5323264062353891]","[0.407447, -0.018626, 0.531915]"
663,forward,33.150000,33.150754,0.000340,0.049662,2026-09-25T17:07:18.917819+00:00,2026-09-25T17:07:18.918216+00:00,0.000415,1790356038.917188,1790356038.911881,0,1,0,0.003894,0.000582,"[0.22894912450716193, -0.6447099228797474, -0.7991183672382303, -0.5177988704837446, -0.19265928694778917, 0.20552997271485224, -0.47103564413704335]","[0.22823670628329848, -0.6450387849520642, -0.7952243670861764, -0.5178217357741977, -0.192684349420174, 0.2054776128372924, -0.47097709865066983]","[0.406706065187424, -0.018677691794798265, 0.5326966710323138]","[0.407095, -0.018546999999999998, 0.532284]"
664,forward,33.200000,33.202407,0.000332,0.051653,2026-09-25T17:07:18.967811+00:00,2026-09-25T17:07:18.969871+00:00,0.002075,1790356038.962114,1790356038.951872,0,0,0,0.003411,0.000686,"[0.22970214196115565, -0.6443066358859104, -0.8021956871340601, -0.5177998060596387, -0.19265431838158414, 0.20552997271485224, -0.4710298601113127]","[0.2290395577392159, -0.6447071723941854, -0.7987848387602449, -0.5178217357741977, -0.192684349420174, 0.2054776128372924, -0.47097709865066983]","[0.4063532384574559, -0.018697092291220272, 0.5330588500233178]","[0.406812, -0.018534, 0.5325759999999999]"
665,forward,33.250000,33.250653,0.000235,0.048246,2026-09-25T17:07:19.017716+00:00,2026-09-25T17:07:19.018114+00:00,0.000418,1790356039.017016,1790356039.011903,0,1,0,0.003241,0.000627,"[0.23046097770862004, -0.6439171341533981, -0.8052022351314214, -0.5178034299371839, -0.19265085611049657, 0.20552997271485224, -0.47102331686817706]","[0.22996458224277286, -0.6442882933737067, -0.8019613379988745, -0.5178217357741977, -0.192684349420174, 0.2054776128372924, -0.47097709865066983]","[0.4060102035495957, -0.018706363344577686, 0.5334105413693957]","[0.406423, -0.018519, 0.5329769999999999]"
666,forward,33.300000,33.302188,0.000448,0.051535,2026-09-25T17:07:19.067926+00:00,2026-09-25T17:07:19.069652+00:00,0.001740,1790356039.061958,1790356039.053378,0,0,0,0.003300,0.000570,"[0.2312156790967786, -0.6435342736011203, -0.8081583386591067, -0.5178080040914324, -0.19264913222291274, 0.20552997271485224, -0.47101667179504525]","[0.23047072772585123, -0.6437472413055885, -0.8048585845571851, -0.5178217357741977, -0.192684349420174, 0.2054776128372924, -0.47097709865066983]","[0.4056725051369379, -0.018711852974152475, 0.533756248124312]","[0.40605399999999997, -0.018578, 0.533354]"
667,forward,33.350000,33.350693,0.000224,0.048504,2026-09-25T17:07:19.117705+00:00,2026-09-25T17:07:19.118154+00:00,0.000468,1790356039.117123,1790356039.112523,0,1,0,0.003129,0.000604,"[0.2319789755922484, -0.6431630968627742, -0.8110596189248405, -0.5178133209694951, -0.1926485608377992, 0.20552997271485224, -0.47100937107606383]","[0.2312212193042088, -0.6435378017953491, -0.8079303640406952, -0.5178915489442775, -0.192684349420174, 0.2054776128372924, -0.47097709865066983]","[0.4053426501081812, -0.018707533477304552, 0.5340937354349528]","[0.40574899999999997, -0.018609, 0.533658]"
668,forward,33.400000,33.403154,0.001098,0.052461,2026-09-25T17:07:19.168579+00:00,2026-09-25T17:07:19.170617+00:00,0.002055,1790356039.167738,1790356039.153374,0,0,0,0.002844,0.000578,"[0.23276588814389168, -0.6428100963689418, -0.8138980468280809, -0.5178194574048698, -0.1926484888704227, 0.20552997271485224, -0.4710007232097505]","[0.23221605697784553, -0.6431014694823506, -0.8110545034017649, -0.5178915489442775, -0.192684349420174, 0.2054776128372924, -0.47097709865066983]","[0.40502403582986113, -0.018686035077803222, 0.5344199062784831]","[0.40540699999999996, -0.018545, 0.534011]"
669,forward,33.450000,33.451505,0.000297,0.048352,2026-09-25T17:07:19.217778+00:00,2026-09-25T17:07:19.218969+00:00,0.001208,1790356039.211501,1790356039.214498,0,1,0,0.003098,0.000490,"[0.23359099426884242, -0.6424815417842837, -0.8166654544045433, -0.517826468512786, -0.19264828971799583, 0.2055299727148522, -0.47099005790066845]","[0.23256512282824443, -0.642717497046912, -0.8135677775246368, -0.5178915489442775, -0.192684349420174, 0.2054776128372924, -0.47097709865066983]","[0.4047199810984729, -0.018640185362586856, 0.5347317531479068]","[0.405051, -0.018657999999999998, 0.5343709999999999]"
670,forward,33.500000,33.501257,0.000331,0.049752,2026-09-25T17:07:19.267811+00:00,2026-09-25T17:07:19.268719+00:00,0.000926,1790356039.263402,1790356039.252115,0,1,0,0.003256,0.000525,"[0.23445092912088833, -0.6421752189210546, -0.8193544578014009, -0.5178338619441885, -0.19264828562020928, 0.20552997271485224, -0.47097754940719155]","[0.23338542757668174, -0.6424207910740728, -0.8160985049400286, -0.5178915489442775, -0.192684349420174, 0.2054776128372924, -0.47097709865066983]","[0.4044300881269643, -0.018570831620324465, 0.5350297540110177]","[0.404782, -0.018639, 0.534646]"
671,forward,33.550000,33.551072,0.000325,0.049815,2026-09-25T17:07:19.317803+00:00,2026-09-25T17:07:19.318535+00:00,0.000747,1790356039.312102,1790356039.312750,0,1,0,0.002926,0.000461,"[0.2353396509235242, -0.6418890110676058, -0.8219742649499457, -0.5178419161436738, -0.19264862471204716, 0.20552997271485224, -0.47096346326588867]","[0.2343628119577986, -0.6421938982713136, -0.8190481113758991, -0.5178915489442775, -0.192684349420174, 0.2054776128372924, -0.47097709865066983]","[0.4041528510215678, -0.018481552823014242, 0.5353152966327079]","[0.404455, -0.01858, 0.534982]"
672,forward,33.600000,33.601252,0.000332,0.050180,2026-09-25T17:07:19.367812+00:00,2026-09-25T17:07:19.368713+00:00,0.000919,1790356039.367306,1790356039.352741,0,1,0,0.002733,0.000531,"[0.23625654500876578, -0.6416237633924157, -0.824538629046322, -0.5178513226127244, -0.19264907649301552, 0.20552997271485224, -0.4709477994767598]","[0.23507839695111624, -0.6417924725433548, -0.82180573159405, -0.5178915489442775, -0.192684349420174, 0.2054776128372924, -0.47097709865066983]","[0.4038877179445892, -0.01837393876211165, 0.5355888347293016]","[0.404238, -0.018491, 0.535207]"
673,forward,33.650000,33.650577,0.000215,0.049325,2026-09-25T17:07:19.417695+00:00,2026-09-25T17:07:19.418038+00:00,0.000362,1790356039.416771,1790356039.411878,0,1,0,0.002480,0.000393,"[0.23720099670862904, -0.6413803210639624, -0.8270613032866752, -0.517862772852822, -0.19264941046262024, 0.20552997271485224, -0.4709305580398051]","[0.2361954076723926, -0.6415132198630358, -0.824580805104721, -0.5178915489442775, -0.192684349420174, 0.2054776128372924, -0.47097709865066983]","[0.4036341255014221, -0.01824956580168809, 0.5358508284119753]","[0.40388999999999997, -0.018342999999999998, 0.5355679999999999]"
674,forward,33.700000,33.701419,0.000305,0.050842,2026-09-25T17:07:19.467783+00:00,2026-09-25T17:07:19.468883+00:00,0.001114,1790356039.467003,1790356039.452869,0,1,0,0.002738,0.000470,"[0.23817801351829146, -0.6411619076060442, -0.8295524987404467, -0.5178762207638681, -0.19264950921927634, 0.2055299727148522, -0.4709118127151825]","[0.23726005851610915, -0.6413561402303563, -0.8268148265472737, -0.5178915489442775, -0.192684349420174, 0.2054776128372924, -0.47097709865066983]","[0.40339270383452935, -0.01810706051538146, 0.5361007344840142]","[0.40371399999999996, -0.018115, 0.535758]"
675,forward,33.750000,33.750755,0.000343,0.049336,2026-09-25T17:07:19.517821+00:00,2026-09-25T17:07:19.518217+00:00,0.000412,1790356039.517014,1790356039.511706,0,1,0,0.003026,0.000507,"[0.2391914816760824, -0.6409698133604266, -0.832005489864221, -0.5178909610143507, -0.19264952074430103, 0.20552997271485224, -0.4708916119079959]","[0.2382723494822659, -0.6412863270602766, -0.8289790348197467, -0.5178915489442775, -0.192684349420174, 0.2054776128372924, -0.47097709865066983]","[0.4031644424889188, -0.01794400994511851, 0.5363377593821812]","[0.403512, -0.017950999999999998, 0.535969]"
676,forward,33.800000,33.801107,0.000340,0.050352,2026-09-25T17:07:19.567819+00:00,2026-09-25T17:07:19.568569+00:00,0.000767,1790356039.566895,1790356039.552654,0,1,0,0.002813,0.000500,"[0.24022808696124268, -0.6407968276057656, -0.8344095764665084, -0.5179078679694775, -0.19264948873034354, 0.20552997271485224, -0.4708697694250683]","[0.2392148272783428, -0.6411117941350771, -0.8315970286977382, -0.5178915489442775, -0.192684349420174, 0.2054776128372924, -0.47097709865066983]","[0.4029471594077116, -0.01776563241808654, 0.5365638074311252]","[0.40327799999999997, -0.017891, 0.53621]"
677,forward,33.850000,33.850653,0.000142,0.049546,2026-09-25T17:07:19.617611+00:00,2026-09-25T17:07:19.618113+00:00,0.000511,1790356039.613476,1790356039.614639,0,1,0,0.003621,0.000546,"[0.24127407617762714, -0.6406355359095026, -0.8367541171078333, -0.5179278636312243, -0.19264945159415284, 0.20552997271485224, -0.47084609318265475]","[0.24034929129213914, -0.6410245276724774, -0.8331329184394932, -0.5178915489442775, -0.192684349420174, 0.2054776128372924, -0.47097709865066983]","[0.40273859361947606, -0.017577362496115672, 0.5367808441341633]","[0.403116, -0.017588, 0.536387]"
678,forward,33.900000,33.901950,0.001402,0.051297,2026-09-25T17:07:19.668880+00:00,2026-09-25T17:07:19.669411+00:00,0.000547,1790356039.667958,1790356039.652566,0,1,0,0.002235,0.000571,"[0.24231844410475867, -0.6404806366578297, -0.8390328115438032, -0.5179517806698206, -0.19264944283513405, 0.20552997271485224, -0.47082059598633813]","[0.2410997828704967, -0.640849994747278, -0.8367981098686813, -0.5178915489442775, -0.192684349420174, 0.2054776128372924, -0.47097709865066983]","[0.4025370428056291, -0.01738371598872125, 0.5369903193057086]","[0.402926, -0.017478, 0.5365829999999999]"
679,forward,33.950000,33.950725,0.000311,0.048776,2026-09-25T17:07:19.717790+00:00,2026-09-25T17:07:19.718186+00:00,0.000414,1790356039.717324,1790356039.713863,0,1,0,0.002936,0.000359,"[0.2433743246095661, -0.6403431169897411, -0.8412695271273528, -0.517979325734971, -0.19264944283513405, 0.20552997271485224, -0.4707944915492756]","[0.24216443371421323, -0.6404311157267993, -0.8383339996104363, -0.5178915489442775, -0.192684349420174, 0.2054776128372924, -0.47083747231051026]","[0.40234528543460957, -0.01718050181862668, 0.5371896575371687]","[0.402557, -0.017360999999999998, 0.5369619999999999]"
680,forward,34.000000,34.001416,0.000355,0.050691,2026-09-25T17:07:19.767835+00:00,2026-09-25T17:07:19.768880+00:00,0.001061,1790356039.762049,1790356039.751654,0,1,0,0.002495,0.000392,"[0.2444383725152125, -0.6402170301461573, -0.8434471398231118, -0.5180101003681548, -0.19264944283513405, 0.20552997271485224, -0.4707666404306915]","[0.24322908455792977, -0.6402565828015998, -0.8409519934884278, -0.5179439088218373, -0.19257962966505435, 0.2054776128372924, -0.47083747231051026]","[0.4021621556838489, -0.016968019767238062, 0.5373800754888785]","[0.402374, -0.0172, 0.537146]"
681,forward,34.050000,34.050668,0.000226,0.049252,2026-09-25T17:07:19.817706+00:00,2026-09-25T17:07:19.818136+00:00,0.000442,1790356039.816841,1790356039.812992,0,1,0,0.002107,0.000317,"[0.2455013293851872, -0.64009146577036, -0.845537720654552, -0.5180438356521286, -0.19264944283513405, 0.20552997271485224, -0.4707353522936295]","[0.24438100186424602, -0.6401344097539602, -0.8434303610262598, -0.5179439088218373, -0.19257962966505435, 0.2054776128372924, -0.47083747231051026]","[0.40198525439272, -0.016748482509027635, 0.5375639314995936]","[0.40215799999999996, -0.016936, 0.5373749999999999]"
682,forward,34.100000,34.100664,0.000234,0.049996,2026-09-25T17:07:19.867713+00:00,2026-09-25T17:07:19.868125+00:00,0.000430,1790356039.866980,1790356039.852983,0,1,0,0.002111,0.000332,"[0.24655393678297907, -0.6399555135056308, -0.8475133406451442, -0.5180802626696495, -0.19264944283513405, 0.20552997271485224, -0.4706989368011333]","[0.24555037246308223, -0.6400471432913606, -0.8454025830810133, -0.5179439088218373, -0.19257962966505435, 0.2054776128372924, -0.4706803926778308]","[0.40181219546262364, -0.01652412683003543, 0.5377435647997707]","[0.402005, -0.016699, 0.537538]"
683,forward,34.150000,34.150632,0.000200,0.049968,2026-09-25T17:07:19.917678+00:00,2026-09-25T17:07:19.918093+00:00,0.000433,1790356039.916725,1790356039.912501,0,0,0,0.002036,0.000307,"[0.24759394092597975, -0.6398123491365546, -0.8493758220293497, -0.518120573620495, -0.19264944283513405, 0.20552997271485224, -0.4706581827771158]","[0.24663247659931872, -0.639907516951201, -0.847339898550727, -0.518013721991917, -0.19257962966505435, 0.2054776128372924, -0.4706803926778308]","[0.40164418454619066, -0.016295954834130016, 0.5379176039797967]","[0.401829, -0.016439, 0.537719]"
684,forward,34.200000,34.200627,0.000231,0.049995,2026-09-25T17:07:19.967707+00:00,2026-09-25T17:07:19.968089+00:00,0.000396,1790356039.966759,1790356039.953515,0,1,0,0.001933,0.000338,"[0.24862682260371446, -0.6396674022303245, -0.8511401767921227, -0.5181647057573087, -0.19264944283513405, 0.20552997271485224, -0.47061387904548985]","[0.24764476756547543, -0.6397329840260016, -0.849207400850361, -0.518013721991917, -0.19257962966505435, 0.2054776128372924, -0.4706803926778308]","[0.4014823657993833, -0.016062620837461298, 0.5380849683936001]","[0.40168099999999995, -0.016239, 0.537876]"
685,forward,34.250000,34.250803,0.000213,0.050176,2026-09-25T17:07:20.017692+00:00,2026-09-25T17:07:20.018266+00:00,0.000590,1790356040.017036,1790356040.013756,0,0,0,0.001898,0.000222,"[0.2496549252378725, -0.6395131431041349, -0.8527982605826735, -0.5182105077421457, -0.19264944283513405, 0.20552997271485224, -0.4705643352692993]","[0.24881413816431164, -0.6394886379307223, -0.8509003702247955, -0.5180835351619968, -0.19257962966505435, 0.2054776128372924, -0.47062803280027093]","[0.4013242674302477, -0.01582286611228942, 0.5382484134512495]","[0.40142, -0.015992, 0.538141]"
686,forward,34.300000,34.300815,0.000356,0.050012,2026-09-25T17:07:20.067836+00:00,2026-09-25T17:07:20.068276+00:00,0.000458,1790356040.066671,1790356040.054154,0,1,0,0.001469,0.000335,"[0.2506805922501435, -0.6393420420751801, -0.8543419290502123, -0.5182558282370622, -0.19264944283513405, 0.20552997271485224, -0.47050786111158766]","[0.2494948165725894, -0.6392268385429232, -0.852872592279549, -0.5181533483320766, -0.19257962966505435, 0.2054776128372924, -0.4705407663376713]","[0.4011674134547422, -0.015575444035833007, 0.5384106863187754]","[0.401287, -0.015856, 0.538273]"
687,forward,34.350000,34.350911,0.000362,0.050096,2026-09-25T17:07:20.117839+00:00,2026-09-25T17:07:20.118374+00:00,0.000549,1790356040.117114,1790356040.113479,0,0,0,0.001216,0.000352,"[0.2517052363012218, -0.6391490736180221, -0.8557624154926153, -0.5182995204252661, -0.19264944283513402, 0.20552997271485224, -0.47044260765105883]","[0.25048965424622616, -0.6391221187878036, -0.8547226412866631, -0.5182231615021563, -0.19257962966505435, 0.2054776128372924, -0.4704884064601114]","[0.4010104167821743, -0.015319351594763577, 0.5385733200868184]","[0.401076, -0.015653999999999998, 0.538486]"
688,forward,34.400000,34.400972,0.000208,0.050062,2026-09-25T17:07:20.167688+00:00,2026-09-25T17:07:20.168434+00:00,0.000764,1790356040.167130,1790356040.154938,0,1,0,0.001155,0.000355,"[0.2527268006608102, -0.638939756631601, -0.8570582288277983, -0.5183438085340808, -0.19264944283513405, 0.20552997271485224, -0.47036819953046377]","[0.25157175838246265, -0.6390523056177237, -0.8561014513957386, -0.5182929746722361, -0.19257962966505435, 0.2054776128372924, -0.4704011399975117]","[0.4008557114950813, -0.015055138419217098, 0.5387336144293681]","[0.40099199999999996, -0.015342, 0.538575]"
689,forward,34.450000,34.451187,0.000303,0.050215,2026-09-25T17:07:20.217783+00:00,2026-09-25T17:07:20.218650+00:00,0.000884,1790356040.214471,1790356040.213195,0,0,0,0.001109,0.000417,"[0.25374590634846245, -0.6387139562987386, -0.858241962578309, -0.5183875485639429, -0.19264944283513405, 0.20552997271485224, -0.4702873630072013]","[0.2526364092261792, -0.638982492447644, -0.8574279016272544, -0.5183453345497959, -0.19257962966505435, 0.2054776128372924, -0.47026151365735214]","[0.4007022570419011, -0.014783554824045492, 0.5388926881933171]","[0.40086499999999997, -0.015118, 0.538704]"
690,forward,34.500000,34.500749,0.000302,0.049562,2026-09-25T17:07:20.267781+00:00,2026-09-25T17:07:20.268210+00:00,0.000447,1790356040.266982,1790356040.252425,0,1,0,0.000958,0.000428,"[0.254763552199652, -0.6384705969504633, -0.8593270626063, -0.518429165428143, -0.19264944283513405, 0.20552997271485224, -0.47020301775419615]","[0.2538057798250154, -0.6388603194000044, -0.8585972722260905, -0.5184151477198757, -0.19257962966505435, 0.2054776128372924, -0.47026151365735214]","[0.4005485472890665, -0.014505295507114827, 0.539052169559034]","[0.400763, -0.014787, 0.5388109999999999]"
691,forward,34.550000,34.550996,0.000202,0.050247,2026-09-25T17:07:20.317679+00:00,2026-09-25T17:07:20.318458+00:00,0.000794,1790356040.312434,1790356040.313171,0,0,0,0.001015,0.000495,"[0.25578108505437747, -0.6382085100517145, -0.8603260579454037, -0.5184671366453071, -0.19264944283513405, 0.20552997271485224, -0.470117821800701]","[0.2547657109136123, -0.6387206930598449, -0.8593128572194081, -0.5186245872301151, -0.19257962966505435, 0.2054776128372924, -0.4701917004872724]","[0.4003931106096964, -0.014220848877147505, 0.5392136509141204]","[0.400657, -0.014504999999999999, 0.538906]"
692,forward,34.600000,34.600748,0.000342,0.049752,2026-09-25T17:07:20.367822+00:00,2026-09-25T17:07:20.368209+00:00,0.000406,1790356040.366138,1790356040.352522,0,1,0,0.001073,0.000541,"[0.256807502729924, -0.637924892255484, -0.8612232362989428, -0.5185019642455111, -0.19264944283513405, 0.20552997271485224, -0.4700268350601273]","[0.25584781504984877, -0.6382843607468462, -0.8601506152603654, -0.5186944004001948, -0.19257962966505435, 0.2054776128372924, -0.4701044340246727]","[0.40023615939301516, -0.01392559001033817, 0.5393770121399591]","[0.400506, -0.01427, 0.5390579999999999]"
693,forward,34.650000,34.650580,0.000192,0.049831,2026-09-25T17:07:20.417669+00:00,2026-09-25T17:07:20.418040+00:00,0.000388,1790356040.413597,1790356040.414464,0,0,0,0.001033,0.000339,"[0.2578363995663398, -0.6376221582849468, -0.8620214582292708, -0.5185341846290157, -0.19264944283513405, 0.20552997271485224, -0.4699316736994948]","[0.2571568119888445, -0.6379003883114075, -0.8609883733013227, -0.5186944004001948, -0.19257962966505435, 0.2054776128372924, -0.47005207414711286]","[0.40007837689546616, -0.013622214262156995, 0.5395413983638172]","[0.400263, -0.013797, 0.5393169999999999]"
694,forward,34.700000,34.701291,0.000307,0.050712,2026-09-25T17:07:20.467787+00:00,2026-09-25T17:07:20.468753+00:00,0.000984,1790356040.461648,1790356040.451607,0,1,0,0.001087,0.000448,"[0.25885425286797437, -0.6373048028997375, -0.8627387411916723, -0.5185636441288248, -0.19264944283513408, 0.20552997271485224, -0.46983848439864473]","[0.2577676772270425, -0.6376036823385686, -0.8620704774375592, -0.5186944004001948, -0.19257962966505435, 0.2054776128372924, -0.4698775412219134]","[0.3999200120991772, -0.013317294343525982, 0.5397063389846237]","[0.400078, -0.013685999999999999, 0.5395059999999999]"
695,forward,34.750000,34.751026,0.000455,0.049735,2026-09-25T17:07:20.517933+00:00,2026-09-25T17:07:20.518487+00:00,0.000571,1790356040.512688,1790356040.511774,0,0,0,0.001172,0.000531,"[0.2598475399391764, -0.6369773208594897, -0.8633931026414319, -0.5185901890779425, -0.19264944283513405, 0.20552997271485224, -0.46975341383741837]","[0.2586752484380796, -0.6374989625834488, -0.8626813426757572, -0.5186944004001948, -0.1926145362500942, 0.2054776128372924, -0.4698775412219134]","[0.3997613303482385, -0.013017385542263806, 0.5398713686187714]","[0.400001, -0.013399999999999999, 0.539592]"
696,forward,34.800000,34.800651,0.000317,0.049625,2026-09-25T17:07:20.567795+00:00,2026-09-25T17:07:20.568112+00:00,0.000334,1790356040.566582,1790356040.551564,0,1,0,0.001091,0.000530,"[0.2607963570110631, -0.6366473196025088, -0.8639844084784848, -0.5186135740189541, -0.19264944283513405, 0.20552997271485224, -0.4696787420242581]","[0.25970499269675623, -0.6370975368554901, -0.8638856198596333, -0.5186944004001948, -0.1926145362500942, 0.2054776128372924, -0.46979027475931373]","[0.3996050376737615, -0.012729598309805405, 0.5400336083551897]","[0.399804, -0.01316, 0.539797]"
697,forward,34.850000,34.850497,0.000197,0.049846,2026-09-25T17:07:20.617671+00:00,2026-09-25T17:07:20.617957+00:00,0.000300,1790356040.617004,1790356040.611715,0,0,0,0.001123,0.000495,"[0.2617008437669334, -0.6363154035010904, -0.8644949811589412, -0.5186337878878355, -0.19264944283513405, 0.20552997271485224, -0.46960996451850917]","[0.2605776573227534, -0.6367135644200513, -0.8640950593698726, -0.5186944004001948, -0.1926145362500942, 0.2054776128372924, -0.46973791488175387]","[0.39945267430969067, -0.012452192369527326, 0.5401916156910527]","[0.399621, -0.012870999999999999, 0.539988]"
698,forward,34.900000,34.900523,0.000210,0.050026,2026-09-25T17:07:20.667687+00:00,2026-09-25T17:07:20.667984+00:00,0.000314,1790356040.666805,1790356040.651701,0,1,0,0.000954,0.000474,"[0.2625964203981504, -0.6359672960205235, -0.8649449091594137, -0.518651281850887, -0.19264944283513405, 0.20552997271485224, -0.46954806361083273]","[0.26164230816646994, -0.6364866716172921, -0.8646710180230308, -0.5186944004001948, -0.1926145362500942, 0.2054776128372924, -0.46973791488175387]","[0.39929775518113697, -0.012174382972657851, 0.5403521379849454]","[0.39952899999999997, -0.012495, 0.540091]"
699,forward,34.950000,34.950535,0.000206,0.050012,2026-09-25T17:07:20.717682+00:00,2026-09-25T17:07:20.717996+00:00,0.000329,1790356040.716840,1790356040.711593,0,0,0,0.001109,0.000463,"[0.2635192370655309, -0.6355883987961849, -0.8653554369421037, -0.5186665169090969, -0.19264944283513405, 0.20552997271485224, -0.46949423022044795]","[0.26241025303734744, -0.6360328860117735, -0.8651073503360294, -0.5186944004001948, -0.1926145362500942, 0.2054776128372924, -0.4696506484191541]","[0.39913355438594367, -0.011885279713967814, 0.5405221125664861]","[0.39932199999999995, -0.012247, 0.540304]"
700,forward,35.000000,35.000658,0.000314,0.050123,2026-09-25T17:07:20.767794+00:00,2026-09-25T17:07:20.768119+00:00,0.000343,1790356040.766518,1790356040.751435,0,1,0,0.001028,0.000447,"[0.26453830735855144, -0.6351470379868529, -0.8657526910721212, -0.5186800138911369, -0.19264944283513405, 0.20552997271485224, -0.46944925696172035]","[0.2635098104661039, -0.6354569273586155, -0.8655960425265877, -0.5186944004001948, -0.1926145362500942, 0.2054776128372924, -0.4695808352490744]","[0.39894669896602625, -0.011563181857673199, 0.5407153106759182]","[0.39905799999999997, -0.011973, 0.540575]"
701,forward,35.050000,35.050519,0.000191,0.049861,2026-09-25T17:07:20.817668+00:00,2026-09-25T17:07:20.817979+00:00,0.000328,1790356040.816818,1790356040.811507,0,0,0,0.001258,0.000557,"[0.2658671439872934, -0.6345334520744901, -0.8661728563365788, -0.5186922726757455, -0.19264944283513405, 0.20552997271485224, -0.4694110143686413]","[0.2646093678948603, -0.6351951279708162, -0.8658054820368271, -0.5186944004001948, -0.1926145362500942, 0.20556487929989214, -0.4694935687864747]","[0.3986942399354756, -0.011138071728658494, 0.5409759760730888]","[0.398959, -0.011533999999999999, 0.540688]"
702,forward,35.100000,35.100673,0.000319,0.050155,2026-09-25T17:07:20.867798+00:00,2026-09-25T17:07:20.868134+00:00,0.000354,1790356040.866654,1790356040.852940,0,1,0,0.001403,0.000689,"[0.26725147232941854, -0.6338752899276952, -0.8665612048495083, -0.518702408294692, -0.19264944283513408, 0.20552997271485224, -0.4693808444150871]","[0.2658485516637763, -0.6345493561475783, -0.8659974682545465, -0.5186944004001948, -0.1926145362500942, 0.20556487929989214, -0.46944120890891483]","[0.3984265085680895, -0.010693086590119662, 0.5412517005393558]","[0.39876799999999996, -0.011167999999999999, 0.540887]"
703,forward,35.150000,35.150501,0.000197,0.049827,2026-09-25T17:07:20.917674+00:00,2026-09-25T17:07:20.917961+00:00,0.000303,1790356040.916939,1790356040.911399,0,0,0,0.001287,0.000605,"[0.26833981754825414, -0.6333501521771316, -0.8668464735414997, -0.5187093066622555, -0.19264944283513408, 0.20552997271485224, -0.4693610521059982]","[0.26705282884765236, -0.6339733974944203, -0.8665559736151845, -0.5186944004001948, -0.1926145362500942, 0.20556487929989214, -0.46944120890891483]","[0.39821389035840377, -0.010342635006563593, 0.5414700979280707]","[0.39847499999999997, -0.010809, 0.541187]"
704,forward,35.200000,35.200656,0.000317,0.050155,2026-09-25T17:07:20.967796+00:00,2026-09-25T17:07:20.968117+00:00,0.000338,1790356040.966718,1790356040.953163,0,1,0,0.000611,0.000247,"[0.26878070480712674, -0.6331356394534631, -0.8669573993431433, -0.5187118536927147, -0.19264944283513408, 0.20552997271485224, -0.4693539424463152]","[0.26816983956892876, -0.6331705460385029, -0.8666432400777844, -0.5186944004001948, -0.1926145362500942, 0.20556487929989214, -0.4693539424463151]","[0.3981272562663857, -0.01020053945221925, 0.5415589426678062]","[0.398176, -0.010433999999999999, 0.541493]"
705,hold,35.250000,35.250740,0.000192,0.050084,2026-09-25T17:07:21.017673+00:00,2026-09-25T17:07:21.018201+00:00,0.000547,1790356041.016420,1790356041.011708,0,0,0,0.000227,0.000098,"[0.26878070480712674, -0.6331356394534631, -0.8669573993431433, -0.5187118536927147, -0.19264944283513408, 0.20552997271485224, -0.4693539424463152]","[0.2685538120043675, -0.6330134664058233, -0.866782866417944, -0.5186944004001948, -0.1926145362500942, 0.20556487929989214, -0.4693539424463151]","[0.3981272562663857, -0.01020053945221925, 0.5415589426678062]","[0.39808299999999996, -0.010282999999999999, 0.541588]"
706,hold,35.300000,35.300680,0.000314,0.049941,2026-09-25T17:07:21.067798+00:00,2026-09-25T17:07:21.068141+00:00,0.000366,1790356041.066653,1790356041.051260,0,1,0,0.000209,0.000105,"[0.26878070480712674, -0.6331356394534631, -0.8669573993431433, -0.5187118536927147, -0.19264944283513408, 0.20552997271485224, -0.4693539424463152]","[0.2685712652968874, -0.6330134664058233, -0.8669050394655835, -0.5186944004001948, -0.1926145362500942, 0.20556487929989214, -0.4693539424463151]","[0.3981272562663857, -0.01020053945221925, 0.5415589426678062]","[0.39808, -0.010289, 0.5415909999999999]"
707,hold,35.350000,35.350783,0.000218,0.050102,2026-09-25T17:07:21.117700+00:00,2026-09-25T17:07:21.118245+00:00,0.000564,1790356041.112128,1790356041.113237,0,1,0,0.000122,0.000075,"[0.26878070480712674, -0.6331356394534631, -0.8669573993431433, -0.5187118536927147, -0.19264944283513408, 0.20552997271485224, -0.4693539424463152]","[0.268693438344527, -0.6330134664058233, -0.8669050394655835, -0.5186944004001948, -0.19271925600521386, 0.20556487929989214, -0.4693539424463151]","[0.3981272562663857, -0.01020053945221925, 0.5415589426678062]","[0.39807499999999996, -0.010237, 0.541598]"
708,hold,35.400000,35.400815,0.000428,0.050032,2026-09-25T17:07:21.167907+00:00,2026-09-25T17:07:21.168275+00:00,0.000387,1790356041.165616,1790356041.151347,0,1,0,0.000122,0.000091,"[0.26878070480712674, -0.6331356394534631, -0.8669573993431433, -0.5187118536927147, -0.19264944283513408, 0.20552997271485224, -0.4693539424463152]","[0.26878070480712674, -0.6330134664058233, -0.8670272125132231, -0.5186944004001948, -0.19271925600521386, 0.20556487929989214, -0.4693539424463151]","[0.3981272562663857, -0.01020053945221925, 0.5415589426678062]","[0.398066, -0.010248, 0.541607]"
709,hold,35.450000,35.451452,0.000195,0.050638,2026-09-25T17:07:21.217676+00:00,2026-09-25T17:07:21.218916+00:00,0.001258,1790356041.217235,1790356041.212901,0,1,0,0.000122,0.000080,"[0.26878070480712674, -0.6331356394534631, -0.8669573993431433, -0.5187118536927147, -0.19264944283513408, 0.20552997271485224, -0.4693539424463152]","[0.26878070480712674, -0.6330134664058233, -0.8670272125132231, -0.5186944004001948, -0.19271925600521386, 0.20556487929989214, -0.4693539424463151]","[0.3981272562663857, -0.01020053945221925, 0.5415589426678062]","[0.398066, -0.010217, 0.541607]"
710,hold,35.500000,35.500755,0.000287,0.049302,2026-09-25T17:07:21.267772+00:00,2026-09-25T17:07:21.268216+00:00,0.000467,1790356041.265695,1790356041.251282,0,1,0,0.000122,0.000080,"[0.26878070480712674, -0.6331356394534631, -0.8669573993431433, -0.5187118536927147, -0.19264944283513408, 0.20552997271485224, -0.4693539424463152]","[0.26878070480712674, -0.6330134664058233, -0.8670272125132231, -0.5186944004001948, -0.19271925600521386, 0.20556487929989214, -0.4693539424463151]","[0.3981272562663857, -0.01020053945221925, 0.5415589426678062]","[0.398066, -0.010217, 0.541607]"
711,hold,35.550000,35.550937,0.000303,0.050183,2026-09-25T17:07:21.317786+00:00,2026-09-25T17:07:21.318400+00:00,0.000634,1790356041.312214,1790356041.311217,0,1,0,0.000122,0.000080,"[0.26878070480712674, -0.6331356394534631, -0.8669573993431433, -0.5187118536927147, -0.19264944283513408, 0.20552997271485224, -0.4693539424463152]","[0.26878070480712674, -0.6330134664058233, -0.8670272125132231, -0.5186944004001948, -0.19271925600521386, 0.20556487929989214, -0.4693539424463151]","[0.3981272562663857, -0.01020053945221925, 0.5415589426678062]","[0.398066, -0.010217, 0.541607]"
712,hold,35.600000,35.600634,0.000220,0.049697,2026-09-25T17:07:21.367705+00:00,2026-09-25T17:07:21.368095+00:00,0.000414,1790356041.366587,1790356041.351389,0,1,0,0.000122,0.000080,"[0.26878070480712674, -0.6331356394534631, -0.8669573993431433, -0.5187118536927147, -0.19264944283513408, 0.20552997271485224, -0.4693539424463152]","[0.26878070480712674, -0.6330134664058233, -0.8670272125132231, -0.5186944004001948, -0.19271925600521386, 0.20556487929989214, -0.4693539424463151]","[0.3981272562663857, -0.01020053945221925, 0.5415589426678062]","[0.398066, -0.010217, 0.541607]"
713,hold,35.650000,35.650978,0.000219,0.050344,2026-09-25T17:07:21.417702+00:00,2026-09-25T17:07:21.418440+00:00,0.000759,1790356041.416533,1790356041.411731,0,1,0,0.000122,0.000080,"[0.26878070480712674, -0.6331356394534631, -0.8669573993431433, -0.5187118536927147, -0.19264944283513408, 0.20552997271485224, -0.4693539424463152]","[0.26878070480712674, -0.6330134664058233, -0.8670272125132231, -0.5186944004001948, -0.19271925600521386, 0.20556487929989214, -0.4693539424463151]","[0.3981272562663857, -0.01020053945221925, 0.5415589426678062]","[0.398066, -0.010217, 0.541607]"
714,hold,35.700000,35.700702,0.000322,0.049724,2026-09-25T17:07:21.467805+00:00,2026-09-25T17:07:21.468163+00:00,0.000380,1790356041.466565,1790356041.451526,0,1,0,0.000122,0.000080,"[0.26878070480712674, -0.6331356394534631, -0.8669573993431433, -0.5187118536927147, -0.19264944283513408, 0.20552997271485224, -0.4693539424463152]","[0.26878070480712674, -0.6330134664058233, -0.8670272125132231, -0.5186944004001948, -0.19271925600521386, 0.20556487929989214, -0.4693539424463151]","[0.3981272562663857, -0.01020053945221925, 0.5415589426678062]","[0.398066, -0.010217, 0.541607]"
715,hold,35.750000,35.750517,0.000162,0.049816,2026-09-25T17:07:21.517644+00:00,2026-09-25T17:07:21.517978+00:00,0.000355,1790356041.516708,1790356041.511555,0,1,0,0.000122,0.000080,"[0.26878070480712674, -0.6331356394534631, -0.8669573993431433, -0.5187118536927147, -0.19264944283513408, 0.20552997271485224, -0.4693539424463152]","[0.26878070480712674, -0.6330134664058233, -0.8670272125132231, -0.5186944004001948, -0.19271925600521386, 0.20556487929989214, -0.4693539424463151]","[0.3981272562663857, -0.01020053945221925, 0.5415589426678062]","[0.398066, -0.010217, 0.541607]"
716,hold,35.800000,35.800777,0.000354,0.050260,2026-09-25T17:07:21.567839+00:00,2026-09-25T17:07:21.568238+00:00,0.000423,1790356041.566301,1790356041.552346,0,1,0,0.000122,0.000080,"[0.26878070480712674, -0.6331356394534631, -0.8669573993431433, -0.5187118536927147, -0.19264944283513408, 0.20552997271485224, -0.4693539424463152]","[0.26878070480712674, -0.6330134664058233, -0.8670272125132231, -0.5186944004001948, -0.19271925600521386, 0.20556487929989214, -0.4693539424463151]","[0.3981272562663857, -0.01020053945221925, 0.5415589426678062]","[0.398066, -0.010217, 0.541607]"
717,hold,35.850000,35.850987,0.000210,0.050210,2026-09-25T17:07:21.617693+00:00,2026-09-25T17:07:21.618449+00:00,0.000777,1790356041.616575,1790356041.611203,0,1,0,0.000122,0.000080,"[0.26878070480712674, -0.6331356394534631, -0.8669573993431433, -0.5187118536927147, -0.19264944283513408, 0.20552997271485224, -0.4693539424463152]","[0.26878070480712674, -0.6330134664058233, -0.8670272125132231, -0.5186944004001948, -0.19271925600521386, 0.20556487929989214, -0.4693539424463151]","[0.3981272562663857, -0.01020053945221925, 0.5415589426678062]","[0.398066, -0.010217, 0.541607]"
718,hold,35.900000,35.901001,0.000325,0.050014,2026-09-25T17:07:21.667808+00:00,2026-09-25T17:07:21.668463+00:00,0.000676,1790356041.665759,1790356041.652571,0,1,0,0.000122,0.000078,"[0.26878070480712674, -0.6331356394534631, -0.8669573993431433, -0.5187118536927147, -0.19264944283513408, 0.20552997271485224, -0.4693539424463152]","[0.26878070480712674, -0.6330134664058233, -0.8670272125132231, -0.5186944004001948, -0.19263198954261418, 0.20556487929989214, -0.4693539424463151]","[0.3981272562663857, -0.01020053945221925, 0.5415589426678062]","[0.398067, -0.010218, 0.541605]"
719,hold,35.950000,35.951156,0.000358,0.050155,2026-09-25T17:07:21.717842+00:00,2026-09-25T17:07:21.718618+00:00,0.000798,1790356041.716665,1790356041.711708,0,1,0,0.000122,0.000078,"[0.26878070480712674, -0.6331356394534631, -0.8669573993431433, -0.5187118536927147, -0.19264944283513408, 0.20552997271485224, -0.4693539424463152]","[0.26878070480712674, -0.6330134664058233, -0.8670272125132231, -0.5186944004001948, -0.19263198954261418, 0.20556487929989214, -0.4693539424463151]","[0.3981272562663857, -0.01020053945221925, 0.5415589426678062]","[0.398067, -0.010218, 0.541605]"
720,hold,36.000000,36.000728,0.000264,0.049572,2026-09-25T17:07:21.767749+00:00,2026-09-25T17:07:21.768190+00:00,0.000464,1790356041.766366,1790356041.751653,0,1,0,0.000122,0.000078,"[0.26878070480712674, -0.6331356394534631, -0.8669573993431433, -0.5187118536927147, -0.19264944283513408, 0.20552997271485224, -0.4693539424463152]","[0.26878070480712674, -0.6330134664058233, -0.8670272125132231, -0.5186944004001948, -0.19263198954261418, 0.20556487929989214, -0.4693539424463151]","[0.3981272562663857, -0.01020053945221925, 0.5415589426678062]","[0.398067, -0.010218, 0.541605]"
721,hold,36.050000,36.050958,0.000142,0.050230,2026-09-25T17:07:21.817622+00:00,2026-09-25T17:07:21.818420+00:00,0.000816,1790356041.816444,1790356041.811244,0,1,0,0.000070,0.000042,"[0.26878070480712674, -0.6331356394534631, -0.8669573993431433, -0.5187118536927147, -0.19264944283513408, 0.20552997271485224, -0.4693539424463152]","[0.26878070480712674, -0.6330832795759033, -0.8670272125132231, -0.5186944004001948, -0.19263198954261418, 0.20556487929989214, -0.4693539424463151]","[0.3981272562663857, -0.01020053945221925, 0.5415589426678062]","[0.398093, -0.010211, 0.54158]"
722,hold,36.100000,36.100795,0.000349,0.049836,2026-09-25T17:07:21.867834+00:00,2026-09-25T17:07:21.868256+00:00,0.000446,1790356041.866341,1790356041.852678,0,1,0,0.000070,0.000042,"[0.26878070480712674, -0.6331356394534631, -0.8669573993431433, -0.5187118536927147, -0.19264944283513408, 0.20552997271485224, -0.4693539424463152]","[0.26878070480712674, -0.6330832795759033, -0.8670272125132231, -0.5186944004001948, -0.19263198954261418, 0.20556487929989214, -0.4693539424463151]","[0.3981272562663857, -0.01020053945221925, 0.5415589426678062]","[0.398093, -0.010211, 0.54158]"
723,hold,36.150000,36.151384,0.000224,0.050589,2026-09-25T17:07:21.917709+00:00,2026-09-25T17:07:21.918848+00:00,0.001160,1790356041.916575,1790356041.911885,0,1,0,0.000070,0.000042,"[0.26878070480712674, -0.6331356394534631, -0.8669573993431433, -0.5187118536927147, -0.19264944283513408, 0.20552997271485224, -0.4693539424463152]","[0.26878070480712674, -0.6330832795759033, -0.8670272125132231, -0.5186944004001948, -0.19263198954261418, 0.20556487929989214, -0.4693539424463151]","[0.3981272562663857, -0.01020053945221925, 0.5415589426678062]","[0.398093, -0.010211, 0.54158]"
724,hold,36.200000,36.200589,0.000190,0.049205,2026-09-25T17:07:21.967671+00:00,2026-09-25T17:07:21.968049+00:00,0.000398,1790356041.967125,1790356041.951690,0,1,0,0.000070,0.000042,"[0.26878070480712674, -0.6331356394534631, -0.8669573993431433, -0.5187118536927147, -0.19264944283513408, 0.20552997271485224, -0.4693539424463152]","[0.26878070480712674, -0.6330832795759033, -0.8670272125132231, -0.5186944004001948, -0.19263198954261418, 0.20556487929989214, -0.4693539424463151]","[0.3981272562663857, -0.01020053945221925, 0.5415589426678062]","[0.398093, -0.010211, 0.54158]"
725,hold,36.250000,36.251077,0.000233,0.050489,2026-09-25T17:07:22.017720+00:00,2026-09-25T17:07:22.018541+00:00,0.000844,1790356042.016801,1790356042.011554,0,1,0,0.000070,0.000042,"[0.26878070480712674, -0.6331356394534631, -0.8669573993431433, -0.5187118536927147, -0.19264944283513408, 0.20552997271485224, -0.4693539424463152]","[0.26878070480712674, -0.6330832795759033, -0.8670272125132231, -0.5186944004001948, -0.19263198954261418, 0.20556487929989214, -0.4693539424463151]","[0.3981272562663857, -0.01020053945221925, 0.5415589426678062]","[0.398093, -0.010211, 0.54158]"
726,hold,36.300000,36.300822,0.000362,0.049745,2026-09-25T17:07:22.067849+00:00,2026-09-25T17:07:22.068284+00:00,0.000461,1790356042.067028,1790356042.051055,0,1,0,0.000070,0.000042,"[0.26878070480712674, -0.6331356394534631, -0.8669573993431433, -0.5187118536927147, -0.19264944283513408, 0.20552997271485224, -0.4693539424463152]","[0.26878070480712674, -0.6330832795759033, -0.8670272125132231, -0.5186944004001948, -0.19263198954261418, 0.20556487929989214, -0.4693539424463151]","[0.3981272562663857, -0.01020053945221925, 0.5415589426678062]","[0.398093, -0.010211, 0.54158]"
727,hold,36.350000,36.350718,0.000275,0.049896,2026-09-25T17:07:22.117763+00:00,2026-09-25T17:07:22.118179+00:00,0.000443,1790356042.116289,1790356042.111206,0,1,0,0.000070,0.000042,"[0.26878070480712674, -0.6331356394534631, -0.8669573993431433, -0.5187118536927147, -0.19264944283513408, 0.20552997271485224, -0.4693539424463152]","[0.26878070480712674, -0.6330832795759033, -0.8670272125132231, -0.5186944004001948, -0.19263198954261418, 0.20556487929989214, -0.4693539424463151]","[0.3981272562663857, -0.01020053945221925, 0.5415589426678062]","[0.398093, -0.010211, 0.54158]"
728,hold,36.400000,36.400997,0.000310,0.050279,2026-09-25T17:07:22.167794+00:00,2026-09-25T17:07:22.168459+00:00,0.000687,1790356042.166412,1790356042.151085,0,0,0,0.000070,0.000042,"[0.26878070480712674, -0.6331356394534631, -0.8669573993431433, -0.5187118536927147, -0.19264944283513408, 0.20552997271485224, -0.4693539424463152]","[0.26878070480712674, -0.6330832795759033, -0.8670272125132231, -0.5186944004001948, -0.19263198954261418, 0.20556487929989214, -0.4693539424463151]","[0.3981272562663857, -0.01020053945221925, 0.5415589426678062]","[0.398093, -0.010211, 0.54158]"
729,hold,36.450000,36.450731,0.000305,0.049735,2026-09-25T17:07:22.217786+00:00,2026-09-25T17:07:22.218193+00:00,0.000426,1790356042.216159,1790356042.211158,0,1,0,0.000070,0.000042,"[0.26878070480712674, -0.6331356394534631, -0.8669573993431433, -0.5187118536927147, -0.19264944283513408, 0.20552997271485224, -0.4693539424463152]","[0.26878070480712674, -0.6330832795759033, -0.8670272125132231, -0.5186944004001948, -0.19263198954261418, 0.20556487929989214, -0.4693539424463151]","[0.3981272562663857, -0.01020053945221925, 0.5415589426678062]","[0.398093, -0.010211, 0.54158]"
730,hold,36.500000,36.500332,0.000152,0.049600,2026-09-25T17:07:22.267623+00:00,2026-09-25T17:07:22.267791+00:00,0.000179,1790356042.266602,1790356042.251505,0,0,0,0.000070,0.000042,"[0.26878070480712674, -0.6331356394534631, -0.8669573993431433, -0.5187118536927147, -0.19264944283513408, 0.20552997271485224, -0.4693539424463152]","[0.26878070480712674, -0.6330832795759033, -0.8670272125132231, -0.5186944004001948, -0.19263198954261418, 0.20556487929989214, -0.4693539424463151]","[0.3981272562663857, -0.01020053945221925, 0.5415589426678062]","[0.398093, -0.010211, 0.54158]"
731,hold,36.550000,36.550560,0.000209,0.050228,2026-09-25T17:07:22.317693+00:00,2026-09-25T17:07:22.318021+00:00,0.000351,1790356042.316200,1790356042.311780,0,1,0,0.000070,0.000042,"[0.26878070480712674, -0.6331356394534631, -0.8669573993431433, -0.5187118536927147, -0.19264944283513408, 0.20552997271485224, -0.4693539424463152]","[0.26878070480712674, -0.6330832795759033, -0.8670272125132231, -0.5186944004001948, -0.19263198954261418, 0.20556487929989214, -0.4693539424463151]","[0.3981272562663857, -0.01020053945221925, 0.5415589426678062]","[0.398093, -0.010211, 0.54158]"
732,hold,36.600000,36.600676,0.000317,0.050117,2026-09-25T17:07:22.367802+00:00,2026-09-25T17:07:22.368137+00:00,0.000359,1790356042.366411,1790356042.352990,0,0,0,0.000070,0.000042,"[0.26878070480712674, -0.6331356394534631, -0.8669573993431433, -0.5187118536927147, -0.19264944283513408, 0.20552997271485224, -0.4693539424463152]","[0.26878070480712674, -0.6330832795759033, -0.8670272125132231, -0.5186944004001948, -0.19263198954261418, 0.20556487929989214, -0.46930158256875526]","[0.3981272562663857, -0.01020053945221925, 0.5415589426678062]","[0.398093, -0.010211, 0.54158]"
733,hold,36.650000,36.650572,0.000208,0.049896,2026-09-25T17:07:22.417691+00:00,2026-09-25T17:07:22.418033+00:00,0.000365,1790356042.416157,1790356042.412028,0,1,0,0.000070,0.000042,"[0.26878070480712674, -0.6331356394534631, -0.8669573993431433, -0.5187118536927147, -0.19264944283513408, 0.20552997271485224, -0.4693539424463152]","[0.26878070480712674, -0.6330832795759033, -0.8670272125132231, -0.5186944004001948, -0.19263198954261418, 0.20556487929989214, -0.46930158256875526]","[0.3981272562663857, -0.01020053945221925, 0.5415589426678062]","[0.398093, -0.010211, 0.54158]"
734,hold,36.700000,36.700471,0.000184,0.049898,2026-09-25T17:07:22.467661+00:00,2026-09-25T17:07:22.467931+00:00,0.000287,1790356042.466212,1790356042.452310,0,0,0,0.000070,0.000042,"[0.26878070480712674, -0.6331356394534631, -0.8669573993431433, -0.5187118536927147, -0.19264944283513408, 0.20552997271485224, -0.4693539424463152]","[0.26878070480712674, -0.6330832795759033, -0.8670272125132231, -0.5186944004001948, -0.19263198954261418, 0.20556487929989214, -0.46930158256875526]","[0.3981272562663857, -0.01020053945221925, 0.5415589426678062]","[0.398093, -0.010211, 0.54158]"
735,hold,36.750000,36.750573,0.000213,0.050102,2026-09-25T17:07:22.517698+00:00,2026-09-25T17:07:22.518033+00:00,0.000359,1790356042.516401,1790356042.511568,0,1,0,0.000070,0.000012,"[0.26878070480712674, -0.6331356394534631, -0.8669573993431433, -0.5187118536927147, -0.19264944283513408, 0.20552997271485224, -0.4693539424463152]","[0.26878070480712674, -0.6331356394534631, -0.8670272125132231, -0.5186944004001948, -0.19263198954261418, 0.20556487929989214, -0.46930158256875526]","[0.3981272562663857, -0.01020053945221925, 0.5415589426678062]","[0.39811599999999997, -0.010204, 0.541557]"
736,hold,36.800000,36.801606,0.000276,0.051034,2026-09-25T17:07:22.567757+00:00,2026-09-25T17:07:22.569069+00:00,0.001330,1790356042.563943,1790356042.552329,0,0,0,0.000070,0.000012,"[0.26878070480712674, -0.6331356394534631, -0.8669573993431433, -0.5187118536927147, -0.19264944283513408, 0.20552997271485224, -0.4693539424463152]","[0.26878070480712674, -0.6331356394534631, -0.8670272125132231, -0.5186944004001948, -0.19263198954261418, 0.20556487929989214, -0.46930158256875526]","[0.3981272562663857, -0.01020053945221925, 0.5415589426678062]","[0.39811599999999997, -0.010204, 0.541557]"
737,hold,36.850000,36.850884,0.000158,0.049277,2026-09-25T17:07:22.617638+00:00,2026-09-25T17:07:22.618344+00:00,0.000726,1790356042.614201,1790356042.614931,0,1,0,0.000070,0.000012,"[0.26878070480712674, -0.6331356394534631, -0.8669573993431433, -0.5187118536927147, -0.19264944283513408, 0.20552997271485224, -0.4693539424463152]","[0.26878070480712674, -0.6331356394534631, -0.8670272125132231, -0.5186944004001948, -0.19263198954261418, 0.20556487929989214, -0.46930158256875526]","[0.3981272562663857, -0.01020053945221925, 0.5415589426678062]","[0.39811599999999997, -0.010204, 0.541557]"
738,hold,36.900000,36.900733,0.000174,0.049849,2026-09-25T17:07:22.667658+00:00,2026-09-25T17:07:22.668195+00:00,0.000558,1790356042.661920,1790356042.651018,0,0,0,0.000070,0.000012,"[0.26878070480712674, -0.6331356394534631, -0.8669573993431433, -0.5187118536927147, -0.19264944283513408, 0.20552997271485224, -0.4693539424463152]","[0.26878070480712674, -0.6331356394534631, -0.8670272125132231, -0.5186944004001948, -0.19263198954261418, 0.20556487929989214, -0.46930158256875526]","[0.3981272562663857, -0.01020053945221925, 0.5415589426678062]","[0.39811599999999997, -0.010204, 0.541557]"
739,hold,36.950000,36.950515,0.000188,0.049782,2026-09-25T17:07:22.717671+00:00,2026-09-25T17:07:22.717975+00:00,0.000327,1790356042.716778,1790356042.712577,0,1,0,0.000070,0.000012,"[0.26878070480712674, -0.6331356394534631, -0.8669573993431433, -0.5187118536927147, -0.19264944283513408, 0.20552997271485224, -0.4693539424463152]","[0.26878070480712674, -0.6331356394534631, -0.8670272125132231, -0.5186944004001948, -0.19263198954261418, 0.20556487929989214, -0.46930158256875526]","[0.3981272562663857, -0.01020053945221925, 0.5415589426678062]","[0.39811599999999997, -0.010204, 0.541557]"
740,hold,37.000000,37.000527,0.000177,0.050013,2026-09-25T17:07:22.767659+00:00,2026-09-25T17:07:22.767988+00:00,0.000350,1790356042.767367,1790356042.750903,0,0,0,0.000070,0.000012,"[0.26878070480712674, -0.6331356394534631, -0.8669573993431433, -0.5187118536927147, -0.19264944283513408, 0.20552997271485224, -0.4693539424463152]","[0.26878070480712674, -0.6331356394534631, -0.8670272125132231, -0.5186944004001948, -0.19263198954261418, 0.20556487929989214, -0.46930158256875526]","[0.3981272562663857, -0.01020053945221925, 0.5415589426678062]","[0.39811599999999997, -0.010204, 0.541557]"
741,hold,37.050000,37.050520,0.000189,0.049992,2026-09-25T17:07:22.817670+00:00,2026-09-25T17:07:22.817980+00:00,0.000330,1790356042.816113,1790356042.811985,0,1,0,0.000070,0.000012,"[0.26878070480712674, -0.6331356394534631, -0.8669573993431433, -0.5187118536927147, -0.19264944283513408, 0.20552997271485224, -0.4693539424463152]","[0.26878070480712674, -0.6331356394534631, -0.8670272125132231, -0.5186944004001948, -0.19263198954261418, 0.20556487929989214, -0.46930158256875526]","[0.3981272562663857, -0.01020053945221925, 0.5415589426678062]","[0.39811599999999997, -0.010204, 0.541557]"
742,hold,37.100000,37.100707,0.000320,0.050188,2026-09-25T17:07:22.867805+00:00,2026-09-25T17:07:22.868168+00:00,0.000387,1790356042.866745,1790356042.851857,0,0,0,0.000070,0.000012,"[0.26878070480712674, -0.6331356394534631, -0.8669573993431433, -0.5187118536927147, -0.19264944283513408, 0.20552997271485224, -0.4693539424463152]","[0.26878070480712674, -0.6331356394534631, -0.8670272125132231, -0.5186944004001948, -0.19263198954261418, 0.20556487929989214, -0.46930158256875526]","[0.3981272562663857, -0.01020053945221925, 0.5415589426678062]","[0.39811599999999997, -0.010204, 0.541557]"
743,hold,37.150000,37.150594,0.000247,0.049887,2026-09-25T17:07:22.917728+00:00,2026-09-25T17:07:22.918055+00:00,0.000348,1790356042.916069,1790356042.910868,0,1,0,0.000070,0.000012,"[0.26878070480712674, -0.6331356394534631, -0.8669573993431433, -0.5187118536927147, -0.19264944283513408, 0.20552997271485224, -0.4693539424463152]","[0.26878070480712674, -0.6331356394534631, -0.8670272125132231, -0.5186944004001948, -0.19263198954261418, 0.20556487929989214, -0.46930158256875526]","[0.3981272562663857, -0.01020053945221925, 0.5415589426678062]","[0.39811599999999997, -0.010204, 0.541557]"
744,hold,37.200000,37.200673,0.000319,0.050079,2026-09-25T17:07:22.967805+00:00,2026-09-25T17:07:22.968134+00:00,0.000354,1790356042.967152,1790356042.952241,0,0,0,0.000070,0.000012,"[0.26878070480712674, -0.6331356394534631, -0.8669573993431433, -0.5187118536927147, -0.19264944283513408, 0.20552997271485224, -0.4693539424463152]","[0.26878070480712674, -0.6331356394534631, -0.8670272125132231, -0.5186944004001948, -0.19263198954261418, 0.20556487929989214, -0.46930158256875526]","[0.3981272562663857, -0.01020053945221925, 0.5415589426678062]","[0.39811599999999997, -0.010204, 0.541557]"
745,hold,37.250000,37.250622,0.000257,0.049949,2026-09-25T17:07:23.017739+00:00,2026-09-25T17:07:23.018084+00:00,0.000365,1790356043.016184,1790356043.010846,0,1,0,0.000070,0.000012,"[0.26878070480712674, -0.6331356394534631, -0.8669573993431433, -0.5187118536927147, -0.19264944283513408, 0.20552997271485224, -0.4693539424463152]","[0.26878070480712674, -0.6331356394534631, -0.8670272125132231, -0.5186944004001948, -0.19263198954261418, 0.20556487929989214, -0.46930158256875526]","[0.3981272562663857, -0.01020053945221925, 0.5415589426678062]","[0.39811599999999997, -0.010204, 0.541557]"
746,hold,37.300000,37.300836,0.000407,0.050214,2026-09-25T17:07:23.067894+00:00,2026-09-25T17:07:23.068297+00:00,0.000428,1790356043.067518,1790356043.051219,0,1,0,0.000070,0.000012,"[0.26878070480712674, -0.6331356394534631, -0.8669573993431433, -0.5187118536927147, -0.19264944283513408, 0.20552997271485224, -0.4693539424463152]","[0.26878070480712674, -0.6331356394534631, -0.8670272125132231, -0.5186944004001948, -0.19263198954261418, 0.20554742600737222, -0.46930158256875526]","[0.3981272562663857, -0.01020053945221925, 0.5415589426678062]","[0.39811599999999997, -0.010204, 0.541557]"
747,hold,37.350000,37.350576,0.000215,0.049740,2026-09-25T17:07:23.117699+00:00,2026-09-25T17:07:23.118037+00:00,0.000360,1790356043.116071,1790356043.110876,0,1,0,0.000070,0.000012,"[0.26878070480712674, -0.6331356394534631, -0.8669573993431433, -0.5187118536927147, -0.19264944283513408, 0.20552997271485224, -0.4693539424463152]","[0.26878070480712674, -0.6331356394534631, -0.8670272125132231, -0.5186944004001948, -0.19263198954261418, 0.20554742600737222, -0.46930158256875526]","[0.3981272562663857, -0.01020053945221925, 0.5415589426678062]","[0.39811599999999997, -0.010204, 0.541557]"
748,hold,37.400000,37.400743,0.000294,0.050167,2026-09-25T17:07:23.167776+00:00,2026-09-25T17:07:23.168205+00:00,0.000449,1790356043.165994,1790356043.151478,0,1,0,0.000070,0.000012,"[0.26878070480712674, -0.6331356394534631, -0.8669573993431433, -0.5187118536927147, -0.19264944283513408, 0.20552997271485224, -0.4693539424463152]","[0.26878070480712674, -0.6331356394534631, -0.8670272125132231, -0.5186944004001948, -0.19263198954261418, 0.20554742600737222, -0.46930158256875526]","[0.3981272562663857, -0.01020053945221925, 0.5415589426678062]","[0.39811599999999997, -0.010204, 0.541557]"
749,hold,37.450000,37.450604,0.000229,0.049861,2026-09-25T17:07:23.217715+00:00,2026-09-25T17:07:23.218065+00:00,0.000375,1790356043.215984,1790356043.211922,0,1,0,0.000070,0.000014,"[0.26878070480712674, -0.6331356394534631, -0.8669573993431433, -0.5187118536927147, -0.19264944283513408, 0.20552997271485224, -0.4693539424463152]","[0.26878070480712674, -0.6331356394534631, -0.8670272125132231, -0.5186944004001948, -0.19263198954261418, 0.20546015954477248, -0.46930158256875526]","[0.3981272562663857, -0.01020053945221925, 0.5415589426678062]","[0.39811399999999997, -0.010204, 0.5415559999999999]"
750,hold,37.500000,37.502823,0.000776,0.052220,2026-09-25T17:07:23.268260+00:00,2026-09-25T17:07:23.270288+00:00,0.002048,1790356043.267928,1790356043.252531,0,0,0,0.000070,0.000014,"[0.26878070480712674, -0.6331356394534631, -0.8669573993431433, -0.5187118536927147, -0.19264944283513408, 0.20552997271485224, -0.4693539424463152]","[0.26878070480712674, -0.6331356394534631, -0.8670272125132231, -0.5186944004001948, -0.19263198954261418, 0.20546015954477248, -0.46930158256875526]","[0.3981272562663857, -0.01020053945221925, 0.5415589426678062]","[0.39811399999999997, -0.010204, 0.5415559999999999]"
751,hold,37.550000,37.550579,0.000217,0.047756,2026-09-25T17:07:23.317701+00:00,2026-09-25T17:07:23.318040+00:00,0.000362,1790356043.315982,1790356043.312227,0,1,0,0.000070,0.000014,"[0.26878070480712674, -0.6331356394534631, -0.8669573993431433, -0.5187118536927147, -0.19264944283513408, 0.20552997271485224, -0.4693539424463152]","[0.26878070480712674, -0.6331356394534631, -0.8670272125132231, -0.5186944004001948, -0.19263198954261418, 0.20546015954477248, -0.46930158256875526]","[0.3981272562663857, -0.01020053945221925, 0.5415589426678062]","[0.39811399999999997, -0.010204, 0.5415559999999999]"
752,hold,37.600000,37.602632,0.000444,0.052053,2026-09-25T17:07:23.367928+00:00,2026-09-25T17:07:23.370096+00:00,0.002188,1790356043.361349,1790356043.352747,0,0,0,0.000070,0.000014,"[0.26878070480712674, -0.6331356394534631, -0.8669573993431433, -0.5187118536927147, -0.19264944283513408, 0.20552997271485224, -0.4693539424463152]","[0.26878070480712674, -0.6331356394534631, -0.8670272125132231, -0.5186944004001948, -0.19263198954261418, 0.20546015954477248, -0.46930158256875526]","[0.3981272562663857, -0.01020053945221925, 0.5415589426678062]","[0.39811399999999997, -0.010204, 0.5415559999999999]"
753,hold,37.650000,37.650571,0.000211,0.047939,2026-09-25T17:07:23.417695+00:00,2026-09-25T17:07:23.418032+00:00,0.000360,1790356043.415736,1790356043.412878,0,1,0,0.000070,0.000013,"[0.26878070480712674, -0.6331356394534631, -0.8669573993431433, -0.5187118536927147, -0.19264944283513408, 0.20552997271485224, -0.4693539424463152]","[0.26878070480712674, -0.6331356394534631, -0.8669224927581034, -0.5186944004001948, -0.19263198954261418, 0.20546015954477248, -0.46930158256875526]","[0.3981272562663857, -0.01020053945221925, 0.5415589426678062]","[0.398121, -0.010195, 0.541549]"
754,hold,37.700000,37.701270,0.000296,0.050699,2026-09-25T17:07:23.467780+00:00,2026-09-25T17:07:23.468733+00:00,0.000973,1790356043.466129,1790356043.450845,0,1,0,0.000070,0.000013,"[0.26878070480712674, -0.6331356394534631, -0.8669573993431433, -0.5187118536927147, -0.19264944283513408, 0.20552997271485224, -0.4693539424463152]","[0.26878070480712674, -0.6331356394534631, -0.8669224927581034, -0.5186944004001948, -0.19263198954261418, 0.20546015954477248, -0.46930158256875526]","[0.3981272562663857, -0.01020053945221925, 0.5415589426678062]","[0.398121, -0.010195, 0.541549]"
755,hold,37.750000,37.750526,0.000187,0.049256,2026-09-25T17:07:23.517669+00:00,2026-09-25T17:07:23.517987+00:00,0.000339,1790356043.516075,1790356043.510919,0,1,0,0.000070,0.000013,"[0.26878070480712674, -0.6331356394534631, -0.8669573993431433, -0.5187118536927147, -0.19264944283513408, 0.20552997271485224, -0.4693539424463152]","[0.26878070480712674, -0.6331356394534631, -0.8669224927581034, -0.5186944004001948, -0.19263198954261418, 0.20546015954477248, -0.46930158256875526]","[0.3981272562663857, -0.01020053945221925, 0.5415589426678062]","[0.398121, -0.010195, 0.541549]"
756,hold,37.800000,37.800553,0.000178,0.050027,2026-09-25T17:07:23.567665+00:00,2026-09-25T17:07:23.568014+00:00,0.000374,1790356043.566064,1790356043.550867,0,1,0,0.000070,0.000013,"[0.26878070480712674, -0.6331356394534631, -0.8669573993431433, -0.5187118536927147, -0.19264944283513408, 0.20552997271485224, -0.4693539424463152]","[0.26878070480712674, -0.6331356394534631, -0.8669224927581034, -0.5186944004001948, -0.19263198954261418, 0.20546015954477248, -0.46930158256875526]","[0.3981272562663857, -0.01020053945221925, 0.5415589426678062]","[0.398121, -0.010195, 0.541549]"
757,hold,37.850000,37.850524,0.000192,0.049972,2026-09-25T17:07:23.617673+00:00,2026-09-25T17:07:23.617985+00:00,0.000332,1790356043.616053,1790356043.610896,0,1,0,0.000070,0.000013,"[0.26878070480712674, -0.6331356394534631, -0.8669573993431433, -0.5187118536927147, -0.19264944283513408, 0.20552997271485224, -0.4693539424463152]","[0.26878070480712674, -0.6331356394534631, -0.8669224927581034, -0.5186944004001948, -0.19263198954261418, 0.20546015954477248, -0.46930158256875526]","[0.3981272562663857, -0.01020053945221925, 0.5415589426678062]","[0.398121, -0.010195, 0.541549]"
758,hold,37.900000,37.900659,0.000299,0.050134,2026-09-25T17:07:23.667783+00:00,2026-09-25T17:07:23.668119+00:00,0.000359,1790356043.665886,1790356043.650888,0,1,0,0.000070,0.000013,"[0.26878070480712674, -0.6331356394534631, -0.8669573993431433, -0.5187118536927147, -0.19264944283513408, 0.20552997271485224, -0.4693539424463152]","[0.26878070480712674, -0.6331356394534631, -0.8669224927581034, -0.5186944004001948, -0.19263198954261418, 0.20546015954477248, -0.4694063023238749]","[0.3981272562663857, -0.01020053945221925, 0.5415589426678062]","[0.398121, -0.010195, 0.541549]"
759,hold,37.950000,37.950608,0.000202,0.049949,2026-09-25T17:07:23.717685+00:00,2026-09-25T17:07:23.718069+00:00,0.000406,1790356043.716855,1790356043.711745,0,1,0,0.000070,0.000013,"[0.26878070480712674, -0.6331356394534631, -0.8669573993431433, -0.5187118536927147, -0.19264944283513408, 0.20552997271485224, -0.4693539424463152]","[0.26878070480712674, -0.6331356394534631, -0.8669224927581034, -0.5186944004001948, -0.19263198954261418, 0.20546015954477248, -0.4694063023238749]","[0.3981272562663857, -0.01020053945221925, 0.5415589426678062]","[0.398121, -0.010195, 0.541549]"
760,hold,38.000000,38.000678,0.000172,0.050070,2026-09-25T17:07:23.767653+00:00,2026-09-25T17:07:23.768140+00:00,0.000506,1790356043.766789,1790356043.753196,0,1,0,0.000070,0.000013,"[0.26878070480712674, -0.6331356394534631, -0.8669573993431433, -0.5187118536927147, -0.19264944283513408, 0.20552997271485224, -0.4693539424463152]","[0.26878070480712674, -0.6331356394534631, -0.8669224927581034, -0.5186944004001948, -0.19263198954261418, 0.20546015954477248, -0.4694063023238749]","[0.3981272562663857, -0.01020053945221925, 0.5415589426678062]","[0.398121, -0.010195, 0.541549]"
761,hold,38.050000,38.050522,0.000186,0.049844,2026-09-25T17:07:23.817668+00:00,2026-09-25T17:07:23.817983+00:00,0.000336,1790356043.816355,1790356043.811657,0,1,0,0.000070,0.000013,"[0.26878070480712674, -0.6331356394534631, -0.8669573993431433, -0.5187118536927147, -0.19264944283513408, 0.20552997271485224, -0.4693539424463152]","[0.26878070480712674, -0.6331356394534631, -0.8669224927581034, -0.5186944004001948, -0.19263198954261418, 0.20546015954477248, -0.4694063023238749]","[0.3981272562663857, -0.01020053945221925, 0.5415589426678062]","[0.398121, -0.010195, 0.541549]"
762,hold,38.100000,38.100899,0.000296,0.050377,2026-09-25T17:07:23.867780+00:00,2026-09-25T17:07:23.868361+00:00,0.000603,1790356043.865798,1790356043.853844,0,1,0,0.000070,0.000013,"[0.26878070480712674, -0.6331356394534631, -0.8669573993431433, -0.5187118536927147, -0.19264944283513408, 0.20552997271485224, -0.4693539424463152]","[0.26878070480712674, -0.6331356394534631, -0.8669224927581034, -0.5186944004001948, -0.19263198954261418, 0.20546015954477248, -0.4694063023238749]","[0.3981272562663857, -0.01020053945221925, 0.5415589426678062]","[0.398121, -0.010195, 0.541549]"
763,hold,38.150000,38.150815,0.000264,0.049916,2026-09-25T17:07:23.917748+00:00,2026-09-25T17:07:23.918278+00:00,0.000551,1790356043.916031,1790356043.911745,0,1,0,0.000070,0.000013,"[0.26878070480712674, -0.6331356394534631, -0.8669573993431433, -0.5187118536927147, -0.19264944283513408, 0.20552997271485224, -0.4693539424463152]","[0.26878070480712674, -0.6331356394534631, -0.8669224927581034, -0.5186944004001948, -0.19263198954261418, 0.20546015954477248, -0.4694063023238749]","[0.3981272562663857, -0.01020053945221925, 0.5415589426678062]","[0.398121, -0.010195, 0.541549]"
764,hold,38.200000,38.201361,0.000298,0.050546,2026-09-25T17:07:23.967819+00:00,2026-09-25T17:07:23.968823+00:00,0.001063,1790356043.965977,1790356043.953742,0,1,0,0.000070,0.000013,"[0.26878070480712674, -0.6331356394534631, -0.8669573993431433, -0.5187118536927147, -0.19264944283513408, 0.20552997271485224, -0.4693539424463152]","[0.26878070480712674, -0.6331356394534631, -0.8669224927581034, -0.5186944004001948, -0.19263198954261418, 0.20546015954477248, -0.4694063023238749]","[0.3981272562663857, -0.01020053945221925, 0.5415589426678062]","[0.398121, -0.010195, 0.541549]"
765,return,38.250000,38.250572,0.000212,0.049212,2026-09-25T17:07:24.017692+00:00,2026-09-25T17:07:24.018033+00:00,0.000360,1790356044.017009,1790356044.012766,0,0,0,0.000441,0.000191,"[0.26833981754825414, -0.6333501521771316, -0.8668464735414997, -0.5187093066622555, -0.19264944283513408, 0.20552997271485224, -0.4693610521059982]","[0.26878070480712674, -0.6331356394534631, -0.8669224927581034, -0.5186944004001948, -0.19263198954261418, 0.20546015954477248, -0.4694063023238749]","[0.39821389035840377, -0.010342635006563593, 0.5414700979280707]","[0.398121, -0.010195, 0.541549]"
766,return,38.300000,38.300724,0.000318,0.050151,2026-09-25T17:07:24.067798+00:00,2026-09-25T17:07:24.068185+00:00,0.000406,1790356044.066398,1790356044.052304,0,1,0,0.001058,0.000520,"[0.26725147232941854, -0.6338752899276952, -0.8665612048495083, -0.518702408294692, -0.19264944283513408, 0.20552997271485224, -0.4693808444150871]","[0.2683094659090883, -0.6332054526235428, -0.8669224927581034, -0.5186944004001948, -0.19263198954261418, 0.20546015954477248, -0.4694063023238749]","[0.3984265085680895, -0.010693086590119662, 0.5412517005393558]","[0.39814299999999997, -0.010352, 0.541524]"
767,return,38.350000,38.350717,0.000205,0.049993,2026-09-25T17:07:24.117683+00:00,2026-09-25T17:07:24.118178+00:00,0.000512,1790356044.116724,1790356044.114606,0,0,0,0.001762,0.000809,"[0.2658671439872934, -0.6345334520744901, -0.8661728563365788, -0.5186922726757455, -0.19264944283513405, 0.20552997271485224, -0.4694110143686413]","[0.2676287875008105, -0.6335370651814217, -0.8668352262955038, -0.5186944004001948, -0.19263198954261418, 0.20546015954477248, -0.4694063023238749]","[0.3986942399354756, -0.011138071728658494, 0.5409759760730888]","[0.398258, -0.010607, 0.541403]"
768,return,38.400000,38.400615,0.000209,0.049898,2026-09-25T17:07:24.167686+00:00,2026-09-25T17:07:24.168076+00:00,0.000406,1790356044.166309,1790356044.152575,0,1,0,0.001677,0.000817,"[0.26453830735855144, -0.6351470379868529, -0.8657526910721212, -0.5186800138911369, -0.19264944283513405, 0.20552997271485224, -0.46944925696172035]","[0.2662150708066951, -0.6344097298074189, -0.8665210670301448, -0.5186944004001948, -0.19263198954261418, 0.20546015954477248, -0.4694063023238749]","[0.39894669896602625, -0.011563181857673199, 0.5407153106759182]","[0.39858899999999997, -0.010919, 0.541068]"
769,return,38.450000,38.451267,0.000562,0.050652,2026-09-25T17:07:24.218045+00:00,2026-09-25T17:07:24.218729+00:00,0.000704,1790356044.213574,1790356044.214582,0,1,0,0.001649,0.000708,"[0.2635192370655309, -0.6355883987961849, -0.8653554369421037, -0.5186665169090969, -0.19264944283513405, 0.20552997271485224, -0.46949423022044795]","[0.26516787325549845, -0.6349856884605769, -0.8659974682545465, -0.5186944004001948, -0.19263198954261418, 0.20546015954477248, -0.4694063023238749]","[0.39913355438594367, -0.011885279713967814, 0.5405221125664861]","[0.398874, -0.011276999999999999, 0.5407759999999999]"
770,return,38.500000,38.500615,0.000240,0.049348,2026-09-25T17:07:24.267719+00:00,2026-09-25T17:07:24.268076+00:00,0.000375,1790356044.265998,1790356044.250757,0,1,0,0.001315,0.000646,"[0.2625964203981504, -0.6359672960205235, -0.8649449091594137, -0.518651281850887, -0.19264944283513405, 0.20552997271485224, -0.46954806361083273]","[0.2639112361940626, -0.6354743806511355, -0.8657182155742275, -0.5186944004001948, -0.19263198954261418, 0.20546015954477248, -0.4694063023238749]","[0.39929775518113697, -0.012174382972657851, 0.5403521379849454]","[0.39904599999999996, -0.011630999999999999, 0.5405949999999999]"
771,return,38.550000,38.550582,0.000266,0.049967,2026-09-25T17:07:24.317740+00:00,2026-09-25T17:07:24.318042+00:00,0.000316,1790356044.316246,1790356044.310808,0,0,0,0.001076,0.000517,"[0.2617008437669334, -0.6363154035010904, -0.8644949811589412, -0.5186337878878355, -0.19264944283513405, 0.20552997271485224, -0.46960996451850917]","[0.2627767721802663, -0.6356314602838149, -0.865526229356508, -0.5186944004001948, -0.19263198954261418, 0.20546015954477248, -0.4694063023238749]","[0.39945267430969067, -0.012452192369527326, 0.5401916156910527]","[0.399128, -0.012192, 0.5404979999999999]"
772,return,38.600000,38.600660,0.000216,0.050078,2026-09-25T17:07:24.367694+00:00,2026-09-25T17:07:24.368122+00:00,0.000444,1790356044.365646,1790356044.350693,0,0,0,0.001105,0.000474,"[0.2607963570110631, -0.6366473196025088, -0.8639844084784848, -0.5186135740189541, -0.19264944283513405, 0.20552997271485224, -0.4696787420242581]","[0.2617819345066295, -0.6361899656444531, -0.8650898970435095, -0.5186944004001948, -0.19263198954261418, 0.20552997271485224, -0.46952847537151454]","[0.3996050376737615, -0.012729598309805405, 0.5400336083551897]","[0.399329, -0.012444, 0.540293]"
773,return,38.650000,38.650475,0.000167,0.049815,2026-09-25T17:07:24.417643+00:00,2026-09-25T17:07:24.417935+00:00,0.000307,1790356044.416118,1790356044.410861,0,0,0,0.000992,0.000364,"[0.2598475399391764, -0.6369773208594897, -0.8633931026414319, -0.5185901890779425, -0.19264944283513405, 0.20552997271485224, -0.46975341383741837]","[0.26083945671055253, -0.6366262979574516, -0.8640601527848327, -0.5186944004001948, -0.19263198954261418, 0.20552997271485224, -0.46952847537151454]","[0.3997613303482385, -0.013017385542263806, 0.5398713686187714]","[0.399592, -0.012733, 0.540023]"
774,return,38.700000,38.701728,0.000350,0.051253,2026-09-25T17:07:24.467830+00:00,2026-09-25T17:07:24.469191+00:00,0.001378,1790356044.465955,1790356044.450532,0,0,0,0.001042,0.000411,"[0.25885425286797437, -0.6373048028997375, -0.8627387411916723, -0.5185636441288248, -0.19264944283513408, 0.20552997271485224, -0.46983848439864473]","[0.2597573525743161, -0.6367833775901311, -0.8637809001045136, -0.5186944004001948, -0.19263198954261418, 0.20552997271485224, -0.46952847537151454]","[0.3999200120991772, -0.013317294343525982, 0.5397063389846237]","[0.399665, -0.013094, 0.539939]"
775,return,38.750000,38.750615,0.000208,0.048887,2026-09-25T17:07:24.517684+00:00,2026-09-25T17:07:24.518076+00:00,0.000408,1790356044.515815,1790356044.510505,0,0,0,0.001358,0.000451,"[0.2578363995663398, -0.6376221582849468, -0.8620214582292708, -0.5185341846290157, -0.19264944283513405, 0.20552997271485224, -0.4699316736994948]","[0.2588846879483189, -0.6370451769779303, -0.863379474376555, -0.5186944004001948, -0.19263198954261418, 0.20552997271485224, -0.4696331951266342]","[0.40007837689546616, -0.013622214262156995, 0.5395413983638172]","[0.399777, -0.013429, 0.539816]"
776,return,38.800000,38.800968,0.000281,0.050352,2026-09-25T17:07:24.567758+00:00,2026-09-25T17:07:24.568431+00:00,0.000687,1790356044.565807,1790356044.551807,0,0,0,0.001170,0.000382,"[0.256807502729924, -0.637924892255484, -0.8612232362989428, -0.5185019642455111, -0.19264944283513405, 0.20552997271485224, -0.4700268350601273]","[0.25797711673728185, -0.6377782152637679, -0.8617388648796803, -0.5186944004001948, -0.19263198954261418, 0.20552997271485224, -0.4696331951266342]","[0.40023615939301516, -0.01392559001033817, 0.5393770121399591]","[0.40005199999999996, -0.013630999999999999, 0.539535]"
777,return,38.850000,38.851571,0.000222,0.050603,2026-09-25T17:07:24.617701+00:00,2026-09-25T17:07:24.619036+00:00,0.001349,1790356044.615944,1790356044.610550,0,0,0,0.001376,0.000459,"[0.25578108505437747, -0.6382085100517145, -0.8603260579454037, -0.5184671366453071, -0.19264944283513405, 0.20552997271485224, -0.470117821800701]","[0.2571568119888445, -0.6380225613590471, -0.860901106838723, -0.5186944004001948, -0.19263198954261418, 0.20552997271485224, -0.4697728214667937]","[0.4003931106096964, -0.014220848877147505, 0.5392136509141204]","[0.400318, -0.013770999999999999, 0.539265]"
778,return,38.900000,38.901007,0.000288,0.049436,2026-09-25T17:07:24.667767+00:00,2026-09-25T17:07:24.668469+00:00,0.000719,1790356044.665624,1790356044.650591,0,0,0,0.001189,0.000535,"[0.254763552199652, -0.6384705969504633, -0.8593270626063, -0.518429165428143, -0.19264944283513405, 0.20552997271485224, -0.47020301775419615]","[0.25595253480496843, -0.6382320008692864, -0.8599586290426461, -0.5186944004001948, -0.19263198954261418, 0.20552997271485224, -0.4699124478069533]","[0.4005485472890665, -0.014505295507114827, 0.539052169559034]","[0.400443, -0.013987, 0.539134]"
779,return,38.950000,38.952013,0.000363,0.051007,2026-09-25T17:07:24.717842+00:00,2026-09-25T17:07:24.719477+00:00,0.001650,1790356044.716011,1790356044.711476,0,0,0,0.001055,0.000304,"[0.25374590634846245, -0.6387139562987386, -0.858241962578309, -0.5183875485639429, -0.19264944283513405, 0.20552997271485224, -0.4702873630072013]","[0.2548006174986522, -0.6386334265972451, -0.8590336045390891, -0.5185896806450752, -0.19263198954261418, 0.20552997271485224, -0.47001716756207296]","[0.4007022570419011, -0.014783554824045492, 0.5388926881933171]","[0.40060399999999996, -0.014504999999999999, 0.538965]"
780,return,39.000000,39.001597,0.000349,0.049584,2026-09-25T17:07:24.767828+00:00,2026-09-25T17:07:24.769060+00:00,0.001248,1790356044.765803,1790356044.751957,0,0,0,0.001079,0.000295,"[0.2527268006608102, -0.638939756631601, -0.8570582288277983, -0.5183438085340808, -0.19264944283513405, 0.20552997271485224, -0.47036819953046377]","[0.2538057798250154, -0.6389126792775642, -0.8580911267430121, -0.5185896806450752, -0.19263198954261418, 0.20552997271485224, -0.4701393406097126]","[0.4008557114950813, -0.015055138419217098, 0.5387336144293681]","[0.40073699999999995, -0.014799999999999999, 0.538821]"
781,return,39.050000,39.052062,0.000460,0.050465,2026-09-25T17:07:24.817941+00:00,2026-09-25T17:07:24.819525+00:00,0.001602,1790356044.813492,1790356044.811991,0,0,0,0.001421,0.000267,"[0.2517052363012218, -0.6391490736180221, -0.8557624154926153, -0.5182995204252661, -0.19264944283513402, 0.20552997271485224, -0.47044260765105883]","[0.2526713158112191, -0.6389999457401639, -0.8571835555319751, -0.5185198674749953, -0.19263198954261418, 0.20552997271485224, -0.4701393406097126]","[0.4010104167821743, -0.015319351594763577, 0.5385733200868184]","[0.400852, -0.015146, 0.538701]"
782,return,39.100000,39.101544,0.000364,0.049483,2026-09-25T17:07:24.867844+00:00,2026-09-25T17:07:24.869010+00:00,0.001181,1790356044.865824,1790356044.853427,0,0,0,0.001760,0.000362,"[0.2506805922501435, -0.6393420420751801, -0.8543419290502123, -0.5182558282370622, -0.19264944283513405, 0.20552997271485224, -0.47050786111158766]","[0.2515019452123829, -0.6390697589102436, -0.8561014513957386, -0.5184675075974355, -0.19263198954261418, 0.20552997271485224, -0.47026151365735214]","[0.4011674134547422, -0.015575444035833007, 0.5384106863187754]","[0.400925, -0.015411, 0.538623]"
783,return,39.150000,39.151043,0.000229,0.049499,2026-09-25T17:07:24.917709+00:00,2026-09-25T17:07:24.918507+00:00,0.000815,1790356044.917045,1790356044.912409,0,0,0,0.001436,0.000441,"[0.2496549252378725, -0.6395131431041349, -0.8527982605826735, -0.5182105077421457, -0.19264944283513405, 0.20552997271485224, -0.4705643352692993]","[0.2506292805863857, -0.6392093852504033, -0.8542339490961047, -0.5182580680871962, -0.19263198954261418, 0.20552997271485224, -0.4703662334124718]","[0.4013242674302477, -0.01582286611228942, 0.5382484134512495]","[0.401121, -0.015484999999999999, 0.538446]"
784,return,39.200000,39.201169,0.000342,0.050125,2026-09-25T17:07:24.967821+00:00,2026-09-25T17:07:24.968631+00:00,0.000827,1790356044.965870,1790356044.951448,0,0,0,0.001645,0.000520,"[0.24862682260371446, -0.6396674022303245, -0.8511401767921227, -0.5181647057573087, -0.19264944283513405, 0.20552997271485224, -0.47061387904548985]","[0.24975661596038856, -0.6393839181756027, -0.8527853258169494, -0.5181358950395566, -0.19263198954261418, 0.20552997271485224, -0.4704884064601114]","[0.4014823657993833, -0.016062620837461298, 0.5380849683936001]","[0.401152, -0.015832, 0.538413]"
785,return,39.250000,39.250703,0.000173,0.049535,2026-09-25T17:07:25.017650+00:00,2026-09-25T17:07:25.018164+00:00,0.000530,1790356045.017072,1790356045.012388,0,1,0,0.001891,0.000405,"[0.24759394092597975, -0.6398123491365546, -0.8493758220293497, -0.518120573620495, -0.19264944283513405, 0.20552997271485224, -0.4706581827771158]","[0.24881413816431164, -0.6396457175634018, -0.8512668893677143, -0.5181009884545168, -0.19263198954261418, 0.20552997271485224, -0.4704884064601114]","[0.40164418454619066, -0.016295954834130016, 0.5379176039797967]","[0.40143799999999996, -0.016014, 0.538122]"
786,return,39.300000,39.301536,0.000333,0.050833,2026-09-25T17:07:25.067813+00:00,2026-09-25T17:07:25.068999+00:00,0.001203,1790356045.064581,1790356045.050454,0,0,0,0.002061,0.000488,"[0.24655393678297907, -0.6399555135056308, -0.8475133406451442, -0.5180802626696495, -0.19264944283513405, 0.20552997271485224, -0.4706989368011333]","[0.2476796741505153, -0.6400296899988406, -0.8495739199932798, -0.518013721991917, -0.19263198954261418, 0.20552997271485224, -0.47064548609279094]","[0.40181219546262364, -0.01652412683003543, 0.5377435647997707]","[0.401621, -0.016122, 0.537944]"
787,return,39.350000,39.350846,0.000289,0.049310,2026-09-25T17:07:25.117769+00:00,2026-09-25T17:07:25.118308+00:00,0.000558,1790356045.111233,1790356045.110396,0,0,0,0.002047,0.000299,"[0.2455013293851872, -0.64009146577036, -0.845537720654552, -0.5180438356521286, -0.19264944283513405, 0.20552997271485224, -0.4707353522936295]","[0.2465801167217589, -0.6401693163390002, -0.8475842446460063, -0.518013721991917, -0.19263198954261418, 0.20552997271485224, -0.4706803926778308]","[0.40198525439272, -0.016748482509027635, 0.5375639314995936]","[0.40182999999999996, -0.016543, 0.537716]"
788,return,39.400000,39.401538,0.000301,0.050692,2026-09-25T17:07:25.167781+00:00,2026-09-25T17:07:25.169001+00:00,0.001237,1790356045.165674,1790356045.151476,0,0,0,0.002462,0.000341,"[0.2444383725152125, -0.6402170301461573, -0.8434471398231118, -0.5180101003681548, -0.19264944283513405, 0.20552997271485224, -0.4707666404306915]","[0.2454980125855224, -0.6402391295090799, -0.8459087285640917, -0.518013721991917, -0.19275416259025377, 0.20552997271485224, -0.4706803926778308]","[0.4021621556838489, -0.016968019767238062, 0.5373800754888785]","[0.401955, -0.016784999999999998, 0.53758]"
789,return,39.450000,39.451328,0.000204,0.049790,2026-09-25T17:07:25.217682+00:00,2026-09-25T17:07:25.218791+00:00,0.001124,1790356045.215662,1790356045.210463,0,0,0,0.002353,0.000315,"[0.2433743246095661, -0.6403431169897411, -0.8412695271273528, -0.517979325734971, -0.19264944283513405, 0.20552997271485224, -0.4707944915492756]","[0.2443286419866862, -0.6403263959716796, -0.8436223472439791, -0.518013721991917, -0.19275416259025377, 0.20552997271485224, -0.4707676591404305]","[0.40234528543460957, -0.01718050181862668, 0.5371896575371687]","[0.402172, -0.016975999999999998, 0.537355]"
790,return,39.500000,39.501827,0.000380,0.050498,2026-09-25T17:07:25.267862+00:00,2026-09-25T17:07:25.269290+00:00,0.001446,1790356045.265537,1790356045.250806,0,0,0,0.002460,0.000422,"[0.24231844410475867, -0.6404806366578297, -0.8390328115438032, -0.5179517806698206, -0.19264944283513405, 0.20552997271485224, -0.47082059598633813]","[0.24321163126540984, -0.6404136624342793, -0.841493045556546, -0.518013721991917, -0.19275416259025377, 0.20552997271485224, -0.4707676591404305]","[0.4025370428056291, -0.01738371598872125, 0.5369903193057086]","[0.40225099999999997, -0.017237, 0.537264]"
791,return,39.550000,39.551388,0.000212,0.049561,2026-09-25T17:07:25.317691+00:00,2026-09-25T17:07:25.318852+00:00,0.001176,1790356045.315924,1790356045.310548,0,0,0,0.002191,0.000345,"[0.24127407617762714, -0.6406355359095026, -0.8367541171078333, -0.5179278636312243, -0.19264945159415284, 0.20552997271485224, -0.47084609318265475]","[0.24228660676185282, -0.6405532887744388, -0.8389448648486343, -0.5179264555293173, -0.19275416259025377, 0.20552997271485224, -0.4707676591404305]","[0.40273859361947606, -0.017577362496115672, 0.5367808441341633]","[0.40251499999999996, -0.017429999999999998, 0.536999]"
792,return,39.600000,39.601621,0.000278,0.050233,2026-09-25T17:07:25.367751+00:00,2026-09-25T17:07:25.369084+00:00,0.001343,1790356045.365630,1790356045.351432,0,0,0,0.002511,0.000398,"[0.24022808696124268, -0.6407968276057656, -0.8344095764665084, -0.5179078679694775, -0.19264948873034354, 0.20552997271485224, -0.4708697694250683]","[0.24118704933309643, -0.640849994747278, -0.8369202829163209, -0.5179264555293173, -0.19275416259025377, 0.20552997271485224, -0.47087237889555017]","[0.4029471594077116, -0.01776563241808654, 0.5365638074311252]","[0.402748, -0.017483, 0.5367609999999999]"
793,return,39.650000,39.651144,0.000213,0.049524,2026-09-25T17:07:25.417692+00:00,2026-09-25T17:07:25.418607+00:00,0.000932,1790356045.415663,1790356045.411302,0,0,0,0.003030,0.000328,"[0.2391914816760824, -0.6409698133604266, -0.832005489864221, -0.5178909610143507, -0.19264952074430103, 0.20552997271485224, -0.4708916119079959]","[0.24043655775473882, -0.6410594342575173, -0.8350353273241671, -0.5179264555293173, -0.19275416259025377, 0.20552997271485224, -0.47087237889555017]","[0.4031644424889188, -0.01794400994511851, 0.5363377593821812]","[0.402997, -0.017714, 0.5365]"
794,return,39.700000,39.701141,0.000312,0.049997,2026-09-25T17:07:25.467791+00:00,2026-09-25T17:07:25.468604+00:00,0.000829,1790356045.465652,1790356045.450315,0,0,0,0.002551,0.000351,"[0.23817801351829146, -0.6411619076060442, -0.8295524987404467, -0.5178762207638681, -0.19264950921927634, 0.2055299727148522, -0.4709118127151825]","[0.23938936020354226, -0.6411816073051568, -0.8321031741808166, -0.5179264555293173, -0.19275416259025377, 0.20552997271485224, -0.47087237889555017]","[0.40339270383452935, -0.01810706051538146, 0.5361007344840142]","[0.403177, -0.017924, 0.536308]"
795,return,39.750000,39.751599,0.000209,0.050457,2026-09-25T17:07:25.517688+00:00,2026-09-25T17:07:25.519063+00:00,0.001390,1790356045.515684,1790356045.510281,0,0,0,0.003017,0.000364,"[0.23720099670862904, -0.6413803210639624, -0.8270613032866752, -0.517862772852822, -0.19264941046262024, 0.20552997271485224, -0.4709305580398051]","[0.2382723494822659, -0.6412688737677565, -0.8300785922485032, -0.5179264555293173, -0.19275416259025377, 0.20552997271485224, -0.47087237889555017]","[0.4036341255014221, -0.01824956580168809, 0.5358508284119753]","[0.4034, -0.018085, 0.536075]"
796,return,39.800000,39.801594,0.000308,0.049995,2026-09-25T17:07:25.567787+00:00,2026-09-25T17:07:25.569058+00:00,0.001286,1790356045.565827,1790356045.551912,0,0,0,0.002800,0.000544,"[0.23625654500876578, -0.6416237633924157, -0.824538629046322, -0.5178513226127244, -0.19264907649301552, 0.20552997271485224, -0.4709477994767598]","[0.23726005851610915, -0.6413212336453163, -0.827338425322872, -0.5179264555293173, -0.19271925600521386, 0.20552997271485224, -0.47095964535814994]","[0.4038877179445892, -0.01837393876211165, 0.5355888347293016]","[0.403504, -0.018274, 0.535961]"
797,return,39.850000,39.851742,0.000210,0.050148,2026-09-25T17:07:25.617688+00:00,2026-09-25T17:07:25.619205+00:00,0.001532,1790356045.615375,1790356045.611280,0,0,0,0.002449,0.000503,"[0.2353396509235242, -0.6418890110676058, -0.8219742649499457, -0.5178419161436738, -0.19264862471204716, 0.20552997271485224, -0.47096346326588867]","[0.23624776754995244, -0.6414434066929561, -0.8244237254720416, -0.5179264555293173, -0.19259708295757427, 0.20552997271485224, -0.47095964535814994]","[0.4041528510215678, -0.018481552823014242, 0.5353152966327079]","[0.40379099999999996, -0.018438, 0.535662]"
798,return,39.900000,39.900577,0.000108,0.048834,2026-09-25T17:07:25.667574+00:00,2026-09-25T17:07:25.668037+00:00,0.000469,1790356045.665563,1790356045.651934,0,0,0,0.002940,0.000681,"[0.23445092912088833, -0.6421752189210546, -0.8193544578014009, -0.5178338619441885, -0.19264828562020928, 0.20552997271485224, -0.47097754940719155]","[0.2350958502436362, -0.6416179396181554, -0.8222944237846085, -0.5179264555293173, -0.19259708295757427, 0.20552997271485224, -0.47095964535814994]","[0.4044300881269643, -0.018570831620324465, 0.5350297540110177]","[0.403941, -0.018563, 0.535503]"
799,return,39.950000,39.950748,0.000198,0.050171,2026-09-25T17:07:25.717676+00:00,2026-09-25T17:07:25.718209+00:00,0.000550,1790356045.715506,1790356045.711622,0,0,0,0.002644,0.000610,"[0.23359099426884242, -0.6424815417842837, -0.8166654544045433, -0.517826468512786, -0.19264828971799583, 0.2055299727148522, -0.47099005790066845]","[0.2343628119577986, -0.6418797390059546, -0.8193099107636981, -0.5179264555293173, -0.19259708295757427, 0.20552997271485224, -0.47095964535814994]","[0.4047199810984729, -0.018640185362586856, 0.5347317531479068]","[0.40428, -0.01869, 0.535152]"
800,return,40.000000,40.000728,0.000187,0.049979,2026-09-25T17:07:25.767663+00:00,2026-09-25T17:07:25.768188+00:00,0.000540,1790356045.765543,1790356045.750632,0,0,0,0.003178,0.000630,"[0.23276588814389168, -0.6428100963689418, -0.8138980468280809, -0.5178194574048698, -0.1926484888704227, 0.20552997271485224, -0.4710007232097505]","[0.23354250720936123, -0.6424382443665927, -0.8170758893211454, -0.5179264555293173, -0.19259708295757427, 0.20552997271485224, -0.47101200523570974]","[0.40502403582986113, -0.018686035077803222, 0.5344199062784831]","[0.40457899999999997, -0.018831999999999998, 0.534841]"
801,return,40.050000,40.051160,0.000212,0.050432,2026-09-25T17:07:25.817693+00:00,2026-09-25T17:07:25.818624+00:00,0.000948,1790356045.816575,1790356045.814943,0,1,0,0.003032,0.000512,"[0.2319789755922484, -0.6431630968627742, -0.8110596189248405, -0.5178133209694951, -0.1926485608377992, 0.20552997271485224, -0.47100937107606383]","[0.23261748270580423, -0.642717497046912, -0.8140913763002351, -0.5179264555293173, -0.19259708295757427, 0.20552997271485224, -0.47101200523570974]","[0.4053426501081812, -0.018707533477304552, 0.5340937354349528]","[0.404974, -0.018786, 0.53444]"
802,return,40.100000,40.101578,0.000184,0.050418,2026-09-25T17:07:25.867662+00:00,2026-09-25T17:07:25.869041+00:00,0.001394,1790356045.863205,1790356045.851718,0,0,0,0.002914,0.000758,"[0.2312156790967786, -0.6435342736011203, -0.8081583386591067, -0.5178080040914324, -0.19264913222291274, 0.20552997271485224, -0.47101667179504525]","[0.2322335102703655, -0.6430142030197509, -0.811071956694285, -0.5178217357741977, -0.19259708295757427, 0.20552997271485224, -0.47101200523570974]","[0.4056725051369379, -0.018711852974152475, 0.533756248124312]","[0.40513499999999997, -0.018779999999999998, 0.534287]"
803,return,40.150000,40.151056,0.000423,0.049478,2026-09-25T17:07:25.917902+00:00,2026-09-25T17:07:25.918518+00:00,0.000633,1790356045.916214,1790356045.910334,0,1,0,0.003444,0.000559,"[0.23046097770862004, -0.6439171341533981, -0.8052022351314214, -0.5178034299371839, -0.19265085611049657, 0.20552997271485224, -0.47102331686817706]","[0.23130848576680849, -0.6435378017953491, -0.8086459490340128, -0.5178217357741977, -0.19259708295757427, 0.20552997271485224, -0.47101200523570974]","[0.4060102035495957, -0.018706363344577686, 0.5334105413693957]","[0.405612, -0.018751, 0.5337999999999999]"
804,return,40.200000,40.201579,0.000215,0.050523,2026-09-25T17:07:25.967691+00:00,2026-09-25T17:07:25.969041+00:00,0.001364,1790356045.965299,1790356045.950412,0,0,0,0.003204,0.000709,"[0.22970214196115565, -0.6443066358859104, -0.8021956871340601, -0.5177998060596387, -0.19265431838158414, 0.20552997271485224, -0.4710298601113127]","[0.2304183678482914, -0.6437996011831484, -0.8053996366253033, -0.5178217357741977, -0.19259708295757427, 0.20552997271485224, -0.47101200523570974]","[0.4063532384574559, -0.018697092291220272, 0.5330588500233178]","[0.40585499999999997, -0.018824999999999998, 0.533547]"
805,return,40.250000,40.250992,0.000268,0.049413,2026-09-25T17:07:26.017751+00:00,2026-09-25T17:07:26.018454+00:00,0.000724,1790356046.015532,1790356046.011356,0,1,0,0.003471,0.000726,"[0.22894912450716193, -0.6447099228797474, -0.7991183672382303, -0.5177988704837446, -0.19265928694778917, 0.20552997271485224, -0.47103564413704335]","[0.2298598624876532, -0.6440614005709475, -0.8025896565295925, -0.5178217357741977, -0.19259708295757427, 0.20552997271485224, -0.47101200523570974]","[0.406706065187424, -0.018677691794798265, 0.5326966710323138]","[0.406192, -0.018747, 0.5332049999999999]"
806,return,40.300000,40.301323,0.000621,0.050331,2026-09-25T17:07:26.068102+00:00,2026-09-25T17:07:26.068786+00:00,0.000701,1790356046.065363,1790356046.050281,0,0,0,0.003497,0.000711,"[0.2282029298677921, -0.6451244147587116, -0.7959856555125645, -0.5177988389820105, -0.1926655053388952, 0.20552997271485224, -0.47104083398372265]","[0.2289697445691361, -0.6447420789792253, -0.7994829704610426, -0.5178217357741977, -0.19259708295757427, 0.20552997271485224, -0.47101200523570974]","[0.4070664358350205, -0.01864911761855919, 0.5323264062353891]","[0.406566, -0.018755, 0.53282]"
807,return,40.350000,40.351177,0.000276,0.049854,2026-09-25T17:07:26.117754+00:00,2026-09-25T17:07:26.118640+00:00,0.000901,1790356046.115311,1790356046.111311,0,1,0,0.004060,0.000653,"[0.22746010053563534, -0.645544310593703, -0.7928221386764277, -0.5177971376322525, -0.19267281988790635, 0.20552997271485224, -0.4710458906523388]","[0.22818434640573865, -0.6451784112922239, -0.796882429875571, -0.5178217357741977, -0.19259708295757427, 0.20552997271485224, -0.4711167249908294]","[0.4074300945562622, -0.018615187842699946, 0.5319524976230238]","[0.406978, -0.018779999999999998, 0.5323939999999999]"
808,return,40.400000,40.401815,0.000322,0.050638,2026-09-25T17:07:26.167800+00:00,2026-09-25T17:07:26.169280+00:00,0.001493,1790356046.165456,1790356046.151743,0,0,0,0.003635,0.000864,"[0.2267171790032809, -0.6459638094556214, -0.7896524034491845, -0.5177911925122878, -0.19268107692782646, 0.20552997271485224, -0.4710512751438797]","[0.2274338548273811, -0.6454053040949831, -0.7932870516164626, -0.5178217357741977, -0.19259708295757427, 0.20552997271485224, -0.4711167249908294]","[0.40779281306826315, -0.018579745424275977, 0.5315793905822155]","[0.40720999999999996, -0.018864, 0.53215]"
809,return,40.450000,40.451734,0.000258,0.049919,2026-09-25T17:07:26.217739+00:00,2026-09-25T17:07:26.219197+00:00,0.001476,1790356046.215352,1790356046.211151,0,1,0,0.003951,0.000643,"[0.22596326131680217, -0.6463817217058057, -0.7864736838249069, -0.5177844688128765, -0.1926909359461802, 0.20552997271485224, -0.47105716417539084]","[0.22643901715374432, -0.6459812627481413, -0.7904247116431921, -0.5178217357741977, -0.19259708295757427, 0.20552997271485224, -0.4711167249908294]","[0.4081544340768062, -0.018547607601478045, 0.5312066703275015]","[0.407721, -0.018768999999999997, 0.531627]"
810,return,40.500000,40.501830,0.000621,0.050096,2026-09-25T17:07:26.268103+00:00,2026-09-25T17:07:26.269297+00:00,0.001210,1790356046.266234,1790356046.251567,0,0,0,0.003434,0.000797,"[0.22520216994272532, -0.6468014421043099, -0.7832729693312638, -0.5177777681635145, -0.19270236492901005, 0.20552997271485224, -0.47106327346292975]","[0.22591541837814602, -0.6463303285985402, -0.7867071603364441, -0.5178217357741977, -0.19259708295757427, 0.20552997271485224, -0.4711167249908294]","[0.40851727883946126, -0.018515805211643567, 0.5308319839257922]","[0.407974, -0.018756, 0.531364]"
811,return,40.550000,40.551768,0.000182,0.049938,2026-09-25T17:07:26.317658+00:00,2026-09-25T17:07:26.319231+00:00,0.001586,1790356046.315223,1790356046.311467,0,1,0,0.003942,0.000714,"[0.22445253700431927, -0.6472240463201062, -0.7800594799880174, -0.5177645213001214, -0.19271417295709678, 0.20552997271485224, -0.4710693725060022]","[0.22518238009230843, -0.6468015674965786, -0.7840018999958529, -0.5178217357741977, -0.19271925600521386, 0.20552997271485224, -0.4711167249908294]","[0.4088808595594661, -0.018476518573757424, 0.5304568742644833]","[0.40839, -0.018668, 0.530938]"
812,return,40.600000,40.600928,0.000451,0.049160,2026-09-25T17:07:26.367924+00:00,2026-09-25T17:07:26.368388+00:00,0.000477,1790356046.366985,1790356046.349944,0,0,0,0.003704,0.000662,"[0.22373299462485288, -0.6476506100221671, -0.7768424358149297, -0.5177381589586174, -0.19272516911122115, 0.2055299727148522, -0.4710752308041143]","[0.2242573555887514, -0.6473251662721768, -0.780546148076904, -0.5178217357741977, -0.19271925600521386, 0.20552997271485224, -0.4711167249908294]","[0.40924468970020134, -0.018421925413908854, 0.5300828872271945]","[0.408798, -0.018652, 0.5305139999999999]"
813,return,40.650000,40.651581,0.000292,0.050654,2026-09-25T17:07:26.417773+00:00,2026-09-25T17:07:26.419044+00:00,0.001290,1790356046.414973,1790356046.412288,0,1,0,0.003865,0.000712,"[0.22305599843635623, -0.6480814307097967, -0.7736267667565665, -0.5176941352082582, -0.1927346073381174, 0.20552997271485224, -0.4710806169347699]","[0.2239606496159124, -0.6474996991973764, -0.777491821885914, -0.5178217357741977, -0.19271925600521386, 0.20552997271485224, -0.4711167249908294]","[0.4096083451105337, -0.01834668594915123, 0.5297111812928141]","[0.40910799999999997, -0.018484999999999998, 0.530199]"
814,return,40.700000,40.701285,0.000382,0.049703,2026-09-25T17:07:26.467861+00:00,2026-09-25T17:07:26.468750+00:00,0.000903,1790356046.466521,1790356046.450151,0,0,0,0.003965,0.000880,"[0.22240793682121054, -0.648514778297509, -0.7704029740412366, -0.5176369034722561, -0.19274346982600188, 0.20552997271485224, -0.47108552608306975]","[0.22333233108519443, -0.6478313117552553, -0.7743676825248442, -0.5177170160190779, -0.19271925600521386, 0.20552997271485224, -0.4711167249908294]","[0.40997194262172615, -0.018256261742547967, 0.5293409164427458]","[0.409363, -0.018487, 0.529933]"
815,return,40.750000,40.751597,0.000193,0.050313,2026-09-25T17:07:26.517671+00:00,2026-09-25T17:07:26.519061+00:00,0.001405,1790356046.515866,1790356046.510224,0,1,0,0.003614,0.000558,"[0.22178906681307756, -0.6489522800163473, -0.7671759030966573, -0.5175669634756823, -0.19275154861220659, 0.20552997271485224, -0.47109025083097444]","[0.22256438621431693, -0.6485992566261327, -0.7707897575582559, -0.5177170160190779, -0.19271925600521386, 0.20552997271485224, -0.4711167249908294]","[0.41033581223275556, -0.01815094161012225, 0.5289716720105835]","[0.409947, -0.018309, 0.5293399999999999]"
816,return,40.800000,40.801177,0.000346,0.049580,2026-09-25T17:07:26.567825+00:00,2026-09-25T17:07:26.568640+00:00,0.000831,1790356046.565688,1790356046.550077,0,0,0,0.003801,0.000716,"[0.22120196233414094, -0.6493959335372601, -0.7639522384371571, -0.5174840847180426, -0.19275845952924142, 0.20552997271485224, -0.4710950985124759]","[0.2217964413434394, -0.649140308694251, -0.7677528846597858, -0.5176122962639583, -0.19271925600521386, 0.20552997271485224, -0.4711167249908294]","[0.4107002790663273, -0.018030107501056367, 0.5286031450100837]","[0.410236, -0.018344, 0.529048]"
817,return,40.850000,40.852018,0.000416,0.050840,2026-09-25T17:07:26.617894+00:00,2026-09-25T17:07:26.619481+00:00,0.001602,1790356046.615114,1790356046.610042,0,1,0,0.003664,0.000546,"[0.22064990253565128, -0.6498479194461434, -0.7607377485680996, -0.5173877802286266, -0.19276381405571816, 0.20552997271485224, -0.4711003541286295]","[0.22137756232296077, -0.6495591877147296, -0.7644018524959566, -0.517402856753719, -0.19271925600521386, 0.20552997271485224, -0.4711167249908294]","[0.4110657882165833, -0.017892714232072594, 0.5282349474971182]","[0.410688, -0.018016, 0.52861]"
818,return,40.900000,40.901367,0.000465,0.049349,2026-09-25T17:07:26.667944+00:00,2026-09-25T17:07:26.668829+00:00,0.000902,1790356046.665349,1790356046.650056,0,0,0,0.003939,0.000840,"[0.22015139476327664, -0.6503136992217033, -0.7575133798576456, -0.5172716702147602, -0.1927673148459994, 0.20552997271485224, -0.4711056249065934]","[0.22055725757452344, -0.6498035338100089, -0.7614522460600861, -0.5171759639509598, -0.19271925600521386, 0.20552997271485224, -0.4711167249908294]","[0.4114353769098835, -0.017727887723028617, 0.5278650158980639]","[0.410894, -0.018057999999999998, 0.528416]"
819,return,40.950000,40.952172,0.000338,0.050805,2026-09-25T17:07:26.717817+00:00,2026-09-25T17:07:26.719635+00:00,0.001835,1790356046.715180,1790356046.711094,0,1,0,0.003813,0.000823,"[0.21969297871016671, -0.6507886221835271, -0.7542878740114212, -0.5171400347120612, -0.1927693660442848, 0.20552997271485224, -0.47111099812922125]","[0.2201034719690049, -0.6501002397828478, -0.758101213896257, -0.5169316178556805, -0.19271925600521386, 0.20552997271485224, -0.4711167249908294]","[0.4118068144144532, -0.01754302483632638, 0.5274948767801424]","[0.411265, -0.017790999999999998, 0.528063]"
820,return,41.000000,41.001518,0.000513,0.049345,2026-09-25T17:07:26.767993+00:00,2026-09-25T17:07:26.768982+00:00,0.001005,1790356046.765413,1790356046.750034,0,0,0,0.003908,0.000938,"[0.21924664856629458, -0.6512639677295898, -0.7510866245005201, -0.5170022858240368, -0.19277054390180937, 0.20552997271485224, -0.4711169347975013]","[0.21952751331584677, -0.6507634648986057, -0.7549945278277072, -0.5169316178556805, -0.19271925600521386, 0.20552997271485224, -0.4711167249908294]","[0.41217549605920956, -0.01735425422127217, 0.527127668385321]","[0.411595, -0.0178, 0.527714]"
821,return,41.050000,41.050810,0.000287,0.049292,2026-09-25T17:07:26.817764+00:00,2026-09-25T17:07:26.818271+00:00,0.000523,1790356046.815359,1790356046.811360,0,1,0,0.003813,0.000644,"[0.2187843985216337, -0.6517310152578668, -0.7479350247960371, -0.516867835654194, -0.19277142466980826, 0.2055299727148522, -0.4711238959124215]","[0.2190911810028482, -0.6513219702592439, -0.7517482154189977, -0.5168094448080409, -0.19271925600521386, 0.20552997271485224, -0.4711167249908294]","[0.41253688217151263, -0.01717773834002073, 0.5267665188682382]","[0.412126, -0.017447999999999998, 0.5271819999999999]"
822,return,41.100000,41.102004,0.000587,0.051194,2026-09-25T17:07:26.868067+00:00,2026-09-25T17:07:26.869467+00:00,0.001417,1790356046.866060,1790356046.851067,0,0,0,0.003478,0.000841,"[0.2183008081265659, -0.652188389038965, -0.7448319474944448, -0.5167381466001115, -0.19277214695591197, 0.20552997271485224, -0.4711323228055946]","[0.2184977690571701, -0.6518106624498023, -0.7483099167925688, -0.5168094448080409, -0.19271925600521386, 0.20552997271485224, -0.4711167249908294]","[0.4128906269558875, -0.017015972473747962, 0.5264115879830172]","[0.41239299999999995, -0.01749, 0.526896]"
823,return,41.150000,41.150816,0.000314,0.048812,2026-09-25T17:07:26.917795+00:00,2026-09-25T17:07:26.918277+00:00,0.000502,1790356046.915337,1790356046.910051,0,1,0,0.003696,0.000621,"[0.21781966088306795, -0.6526436997381969, -0.7417518623610211, -0.5166049897941518, -0.19277223915610958, 0.20552997271485224, -0.47114205504867657]","[0.21811379662173136, -0.6521597283002012, -0.7454475768192981, -0.5166698184678814, -0.19271925600521386, 0.20552997271485224, -0.4711167249908294]","[0.4132409382744498, -0.01685483020450637, 0.5260599283189966]","[0.41284699999999996, -0.017144, 0.526443]"
824,return,41.200000,41.200904,0.000311,0.050088,2026-09-25T17:07:26.967788+00:00,2026-09-25T17:07:26.968366+00:00,0.000592,1790356046.966020,1790356046.951483,0,0,0,0.003162,0.000733,"[0.2173239408861131, -0.6530908609644057, -0.7387254505481955, -0.5164749908449606, -0.1927719830444495, 0.20552997271485224, -0.47115248391547393]","[0.21786945052645218, -0.6525087941506001, -0.7418871051452296, -0.5166698184678814, -0.19271925600521386, 0.20552997271485224, -0.4711167249908294]","[0.4135839072698203, -0.016705853738793425, 0.5257145350563718]","[0.41309599999999996, -0.016984, 0.526185]"
825,return,41.250000,41.250290,0.000111,0.049387,2026-09-25T17:07:27.017579+00:00,2026-09-25T17:07:27.017750+00:00,0.000179,1790356047.015095,1790356047.010070,0,0,0,0.003641,0.000588,"[0.2167952849296753, -0.6535233418702605, -0.73578509737538, -0.5163552568511043, -0.19277168595492386, 0.20552997271485224, -0.47116299473800255]","[0.21731094516581398, -0.653119659388798, -0.7394261908999177, -0.5164254723726022, -0.19271925600521386, 0.20552997271485224, -0.4711167249908294]","[0.4139154220265066, -0.01658144430049349, 0.5253785746350494]","[0.413524, -0.016788, 0.5257649999999999]"
826,return,41.300000,41.300732,0.000224,0.050441,2026-09-25T17:07:27.067701+00:00,2026-09-25T17:07:27.068192+00:00,0.000508,1790356047.066952,1790356047.053601,0,0,0,0.003098,0.000633,"[0.21621734018181588, -0.6539353287210778, -0.7329595796511444, -0.5162519606158136, -0.19277161588277367, 0.20552997271485224, -0.4711731334815113]","[0.2168397062677755, -0.6535734449943167, -0.7360577054435686, -0.5162858460324427, -0.19271925600521386, 0.20552997271485224, -0.4711167249908294]","[0.4142318616761785, -0.016492645424899196, 0.5250548808699363]","[0.41381599999999996, -0.016727, 0.52547]"
827,return,41.350000,41.351175,0.000319,0.050443,2026-09-25T17:07:27.117799+00:00,2026-09-25T17:07:27.118637+00:00,0.000856,1790356047.115093,1790356047.111569,0,0,0,0.003309,0.000612,"[0.21559737965023443, -0.6543294213063189, -0.730235680784493, -0.5161613206504279, -0.19277161588277367, 0.20552997271485224, -0.47118372113753787]","[0.21612412127445785, -0.6538352443821158, -0.7335444313206968, -0.5162160328623628, -0.19271925600521386, 0.20552997271485224, -0.4711167249908294]","[0.414534917558667, -0.016434447678211086, 0.524742345193652]","[0.414118, -0.016597, 0.52516]"
828,return,41.400000,41.400901,0.000526,0.049725,2026-09-25T17:07:27.168005+00:00,2026-09-25T17:07:27.168362+00:00,0.000374,1790356047.167240,1790356047.150085,0,0,0,0.002975,0.000686,"[0.21494182215902216, -0.65470788851918, -0.7276024941067153, -0.5160818778868195, -0.19277161588277364, 0.20552997271485224, -0.4711943600158965]","[0.21575760213153902, -0.6543239365726742, -0.7305773715923064, -0.516163672984803, -0.19271925600521386, 0.20552997271485224, -0.4711167249908294]","[0.41482618963435225, -0.016402770914372734, 0.5244396499949604]","[0.414365, -0.016616, 0.5248999999999999]"
829,return,41.450000,41.451646,0.000306,0.050745,2026-09-25T17:07:27.217786+00:00,2026-09-25T17:07:27.219109+00:00,0.001340,1790356047.215757,1790356047.211801,0,0,0,0.002782,0.000444,"[0.21425385629834695, -0.6550718444453828, -0.725054987023692, -0.5160138628254824, -0.19277161588277367, 0.20552997271485224, -0.47120428178160695]","[0.21537362969610027, -0.6547428155931528, -0.7278372046666752, -0.5160764065222033, -0.19271925600521386, 0.20552997271485224, -0.4711167249908294]","[0.41510655972402194, -0.01639578119152919, 0.524145957661711]","[0.4148, -0.016312, 0.5244559999999999]"
830,return,41.500000,41.500547,0.000214,0.048901,2026-09-25T17:07:27.267682+00:00,2026-09-25T17:07:27.268007+00:00,0.000333,1790356047.260305,1790356047.250613,0,1,0,0.002701,0.000550,"[0.2135366706583763, -0.6554224031706481, -0.7225881269413026, -0.5159575059669113, -0.19277161588277367, 0.20552997271485224, -0.47121271809968907]","[0.2144136986075034, -0.6551442413211115, -0.7252890239587635, -0.5160764065222033, -0.19271925600521386, 0.20552997271485224, -0.4711167249908294]","[0.41537689808072975, -0.016411635654559352, 0.5238604314760297]","[0.414989, -0.016463, 0.524247]"
831,return,41.550000,41.551417,0.000294,0.050870,2026-09-25T17:07:27.317773+00:00,2026-09-25T17:07:27.318881+00:00,0.001124,1790356047.315574,1790356047.310050,0,0,0,0.002777,0.000315,"[0.2127874928303901, -0.6557608951950501, -0.7202257706606808, -0.5159147678458631, -0.19277161588277367, 0.20552997271485224, -0.47121950505868043]","[0.21352358068898628, -0.65559802692663, -0.7230026426386511, -0.5160065933521235, -0.19271925600521386, 0.20552997271485224, -0.4711167249908294]","[0.4156364024959065, -0.016454067133625246, 0.523583606058979]","[0.415409, -0.016464, 0.523801]"
832,return,41.600000,41.602686,0.000313,0.051268,2026-09-25T17:07:27.367793+00:00,2026-09-25T17:07:27.370149+00:00,0.002373,1790356047.360083,1790356047.350106,0,0,0,0.002453,0.000457,"[0.2120050614644627, -0.6560864740695521, -0.7179664711509481, -0.5158851759363257, -0.19277161588277367, 0.20552997271485224, -0.4712250934151028]","[0.21284290228070848, -0.6557376532667896, -0.7204195553456995, -0.5160065933521235, -0.19271925600521386, 0.20552997271485224, -0.47115163157586926]","[0.4158848323538062, -0.016523500143739746, 0.5233158051914033]","[0.415562, -0.016479999999999998, 0.523636]"
833,return,41.650000,41.651272,0.000350,0.048586,2026-09-25T17:07:27.417828+00:00,2026-09-25T17:07:27.418735+00:00,0.000922,1790356047.415092,1790356047.410943,0,0,0,0.002959,0.000513,"[0.21119483173895312, -0.65639698845621, -0.7157672400699637, -0.515865311147637, -0.19277161588277367, 0.20552997271485224, -0.47122963683595204]","[0.21193533106967144, -0.655894732899469, -0.7187265859712649, -0.5160065933521235, -0.19271925600521386, 0.20552997271485224, -0.4712563513309889]","[0.4161238702716506, -0.01661310029679357, 0.5230558939038329]","[0.415763, -0.016701999999999998, 0.5234099999999999]"
834,return,41.700000,41.701679,0.000443,0.050407,2026-09-25T17:07:27.467923+00:00,2026-09-25T17:07:27.469142+00:00,0.001236,1790356047.465854,1790356047.451418,0,0,0,0.002506,0.000625,"[0.21036225883222073, -0.6566902870170789, -0.7135850890755887, -0.5158517543891357, -0.19277161588277367, 0.2055299727148522, -0.4712332889882244]","[0.21113247961375403, -0.6561216257022283, -0.7160911388007535, -0.5160065933521235, -0.19271925600521386, 0.20552997271485224, -0.4712563513309889]","[0.4163551741881565, -0.0167160046284914, 0.5228027588442525]","[0.415921, -0.016845, 0.523233]"
835,return,41.750000,41.751618,0.000202,0.049939,2026-09-25T17:07:27.517680+00:00,2026-09-25T17:07:27.519081+00:00,0.001417,1790356047.515050,1790356047.509693,0,0,0,0.002565,0.000435,"[0.2095100402147135, -0.6569651528632175, -0.7113967233268927, -0.5158430144762916, -0.19277161588277367, 0.20552997271485224, -0.47123605233059174]","[0.21012018864759732, -0.6565928646002668, -0.7139618371133204, -0.5159542334745637, -0.19271925600521386, 0.20552997271485224, -0.4712563513309889]","[0.41657964656735513, -0.01682864063015446, 0.5225557537956014]","[0.416276, -0.016919999999999998, 0.522853]"
836,return,41.800000,41.801513,0.000324,0.049895,2026-09-25T17:07:27.567801+00:00,2026-09-25T17:07:27.568976+00:00,0.001189,1790356047.565197,1790356047.551132,0,0,0,0.002465,0.000373,"[0.2086320643451102, -0.6572236532767236, -0.7092457388165411, -0.5158433686787174, -0.19277161588277367, 0.20552997271485224, -0.47123759002499865]","[0.20949187011687936, -0.6570291969132654, -0.7117103623782477, -0.5159542334745637, -0.19271925600521386, 0.20552997271485224, -0.4712563513309889]","[0.41679566543681584, -0.016958348121710487, 0.5223158748122825]","[0.41652999999999996, -0.016956, 0.522577]"
837,return,41.850000,41.851484,0.000512,0.049971,2026-09-25T17:07:27.617990+00:00,2026-09-25T17:07:27.618946+00:00,0.000972,1790356047.615048,1790356047.610826,0,0,0,0.002575,0.000363,"[0.20773203726157624, -0.6574649122532749, -0.70711072542931, -0.515849731260688, -0.19277161588277367, 0.20552997271485224, -0.47123828767316067]","[0.2086541120759221, -0.6572037298384648, -0.7096857804459342, -0.5159542334745637, -0.19271925600521386, 0.20552997271485224, -0.4712563513309889]","[0.4170040073679829, -0.017101072361012565, 0.5220827976937856]","[0.41674999999999995, -0.017034, 0.522334]"
838,return,41.900000,41.900922,0.000219,0.049438,2026-09-25T17:07:27.667698+00:00,2026-09-25T17:07:27.668385+00:00,0.000703,1790356047.665221,1790356047.651977,0,0,0,0.002472,0.000342,"[0.2068148763079849, -0.657687662040154, -0.7049618717679699, -0.5158581452970559, -0.19277161588277367, 0.20552997271485224, -0.47123860627606584]","[0.20765927440228532, -0.6576400621514634, -0.7074343057108616, -0.5159542334745637, -0.19271925600521386, 0.20552997271485224, -0.4712563513309889]","[0.41720575012784444, -0.017251305733342836, 0.5218560298836795]","[0.41698599999999997, -0.017109, 0.522076]"
839,return,41.950000,41.951375,0.000300,0.050453,2026-09-25T17:07:27.717778+00:00,2026-09-25T17:07:27.718837+00:00,0.001075,1790356047.715164,1790356047.711122,0,0,0,0.002831,0.000341,"[0.20588536416469816, -0.6578906242816213, -0.7027704710448802, -0.5158648117811224, -0.19277161588277367, 0.20552997271485224, -0.4712389883946626]","[0.2072054887967668, -0.6579018615392626, -0.7056017099962676, -0.5158844203044839, -0.19271925600521386, 0.20552997271485224, -0.4712563513309889]","[0.4174019018270413, -0.017403714364306776, 0.5216351336905675]","[0.41719399999999995, -0.017241, 0.521851]"
840,return,42.000000,42.000777,0.000341,0.049401,2026-09-25T17:07:27.767820+00:00,2026-09-25T17:07:27.768238+00:00,0.000436,1790356047.765110,1790356047.751956,0,0,0,0.002295,0.000386,"[0.20494265581690488, -0.6580729097067705, -0.7005486867711118, -0.5158716212779397, -0.19277161588277364, 0.20552997271485224, -0.4712392127484768]","[0.2060361181979306, -0.6579542214168224, -0.7028440897781165, -0.5158844203044839, -0.19271925600521386, 0.20552997271485224, -0.4712563513309889]","[0.4175915339205079, -0.017560178210811017, 0.521420849112125]","[0.41733, -0.017474999999999997, 0.5216919999999999]"
841,return,42.050000,42.052232,0.000211,0.051456,2026-09-25T17:07:27.817689+00:00,2026-09-25T17:07:27.819695+00:00,0.002021,1790356047.814544,1790356047.811585,0,0,0,0.002288,0.000342,"[0.20398460638067434, -0.6582357921125542, -0.6983049383613772, -0.5158795115659627, -0.19277161588277367, 0.20552997271485224, -0.47123917074616456]","[0.2049365607691742, -0.6580414878794221, -0.7005926150430438, -0.5158844203044839, -0.19271925600521386, 0.20552997271485224, -0.4712563513309889]","[0.41777465053749985, -0.01772244476778306, 0.5212130067056133]","[0.417554, -0.017598, 0.521443]"
842,return,42.100000,42.102048,0.000351,0.049816,2026-09-25T17:07:27.867831+00:00,2026-09-25T17:07:27.869510+00:00,0.001697,1790356047.861271,1790356047.850853,0,1,0,0.002693,0.000509,"[0.2030106396047716, -0.6583810386694268, -0.6960324260511023, -0.5158871764757249, -0.1927716158827737, 0.20552997271485224, -0.47123901605472185]","[0.20392426980301748, -0.6581287543420218, -0.6987251127434099, -0.5158844203044839, -0.19271925600521386, 0.20552997271485224, -0.4712563513309889]","[0.41795218986670535, -0.017889725679920965, 0.5210107712338586]","[0.41759999999999997, -0.017898999999999998, 0.521378]"
843,return,42.150000,42.151236,0.000221,0.049188,2026-09-25T17:07:27.917703+00:00,2026-09-25T17:07:27.918700+00:00,0.001015,1790356047.914877,1790356047.913497,0,0,0,0.002662,0.000415,"[0.20202017923796142, -0.6585104165478421, -0.6937243500757121, -0.5158933098377598, -0.19277161588277367, 0.2055299727148522, -0.47123890234114474]","[0.20294688542190065, -0.6582160208046215, -0.6963863715457375, -0.5158844203044839, -0.19271925600521386, 0.20552997271485224, -0.4712563513309889]","[0.41812508521977176, -0.01806123350648954, 0.5208133098581998]","[0.417844, -0.017984, 0.521108]"
844,return,42.200000,42.201359,0.000332,0.050123,2026-09-25T17:07:27.967811+00:00,2026-09-25T17:07:27.968823+00:00,0.001027,1790356047.965109,1790356047.950514,0,1,0,0.002690,0.000492,"[0.20101538798954605, -0.658623503061117, -0.6913753219483244, -0.5158971234428227, -0.1927716158827737, 0.20552997271485224, -0.47123883903034247]","[0.2018473279931442, -0.658373100437301, -0.6940650836405851, -0.5158844203044839, -0.19271925600521386, 0.20552997271485224, -0.4712563513309889]","[0.41829345721068195, -0.018235417571280346, 0.5206206567604179]","[0.417968, -0.018109999999999998, 0.520967]"
845,return,42.250000,42.251158,0.000329,0.049799,2026-09-25T17:07:28.017810+00:00,2026-09-25T17:07:28.018622+00:00,0.000829,1790356048.015005,1790356048.010761,0,0,0,0.002686,0.000457,"[0.19999824770277327, -0.6587182956209591, -0.6889884437445879, -0.5158993751765377, -0.19277161588277367, 0.20552997271485224, -0.4712386822900064]","[0.200992116659667, -0.6584080070223409, -0.6916739825653528, -0.5158844203044839, -0.19282397576033353, 0.20552997271485224, -0.4712563513309889]","[0.418456459172037, -0.018411991957164763, 0.5204336807864642]","[0.41814599999999996, -0.018349999999999998, 0.520763]"
846,return,42.300000,42.302039,0.000340,0.050881,2026-09-25T17:07:28.067821+00:00,2026-09-25T17:07:28.069502+00:00,0.001699,1790356048.064951,1790356048.051847,0,0,0,0.002678,0.000474,"[0.1989626673764767, -0.658797798314696, -0.68656986403957, -0.5159006229525456, -0.19277161588277367, 0.20552997271485224, -0.47123857677200254]","[0.20013690532618977, -0.6586348998251002, -0.6892479749050807, -0.5158844203044839, -0.19282397576033353, 0.20552997271485224, -0.4712563513309889]","[0.41861476874476217, -0.018593949514035424, 0.5202514465496914]","[0.41831599999999997, -0.018417, 0.520574]"
847,return,42.350000,42.351025,0.000293,0.048986,2026-09-25T17:07:28.117774+00:00,2026-09-25T17:07:28.118487+00:00,0.000732,1790356048.115317,1790356048.112164,0,0,0,0.002993,0.000349,"[0.19790234666381895, -0.6588651613157464, -0.6841257295131119, -0.5159014046053321, -0.19277161588277367, 0.20552997271485224, -0.4712386761433267]","[0.19900244131239347, -0.6587570728727398, -0.6871186732176476, -0.5158844203044839, -0.19282397576033353, 0.20552997271485224, -0.4712563513309889]","[0.418769109209745, -0.01878436784013408, 0.5200729574497985]","[0.41855899999999996, -0.018621, 0.5202979999999999]"
848,return,42.400000,42.401082,0.000592,0.050058,2026-09-25T17:07:28.168073+00:00,2026-09-25T17:07:28.168545+00:00,0.000490,1790356048.165218,1790356048.152199,0,1,0,0.002912,0.000404,"[0.1968117342933462, -0.6589226357431573, -0.6816580808629211, -0.5159021604420633, -0.19277161588277367, 0.20552997271485224, -0.47123908161930683]","[0.1980076036387567, -0.6589665123829791, -0.6845704925097359, -0.5158844203044839, -0.19282397576033353, 0.20552997271485224, -0.4712563513309889]","[0.41892011753096636, -0.018985657544421355, 0.5198973452652013]","[0.41866699999999996, -0.018827, 0.520169]"
849,return,42.450000,42.450918,0.000346,0.049836,2026-09-25T17:07:28.217826+00:00,2026-09-25T17:07:28.218380+00:00,0.000572,1790356048.215541,1790356048.211334,0,0,0,0.002547,0.000259,"[0.19569369267141584, -0.6589655449467944, -0.6791432415904723, -0.5159024383232145, -0.19277161588277367, 0.20552997271485224, -0.4712395118868958]","[0.19678587316236065, -0.6590886854306186, -0.6816906992439452, -0.5158844203044839, -0.19282397576033353, 0.20552997271485224, -0.4712563513309889]","[0.4190674664740834, -0.019194479239758023, 0.5197251762708123]","[0.41895499999999997, -0.018994, 0.519845]"
850,return,42.500000,42.501150,0.000336,0.050231,2026-09-25T17:07:28.267818+00:00,2026-09-25T17:07:28.268612+00:00,0.000814,1790356048.264758,1790356048.252199,0,1,0,0.002593,0.000391,"[0.19455003476124683, -0.6589964245857586, -0.6766015925494491, -0.5159023038645929, -0.19277161588277364, 0.20552997271485224, -0.4712401470438126]","[0.19565140914856435, -0.6590886854306186, -0.6791948784135934, -0.5158844203044839, -0.19282397576033353, 0.20552997271485224, -0.4712563513309889]","[0.41921088465786105, -0.019411950208266086, 0.519556681299964]","[0.419064, -0.01909, 0.519722]"
851,return,42.550000,42.550999,0.000218,0.049850,2026-09-25T17:07:28.317698+00:00,2026-09-25T17:07:28.318462+00:00,0.000781,1790356048.315317,1790356048.310143,0,0,0,0.002740,0.000285,"[0.19338129839732562, -0.6590199230866801, -0.6740642513065482, -0.5159020259834417, -0.19277161588277367, 0.20552997271485224, -0.4712412944240498]","[0.19451694513476803, -0.6590886854306186, -0.6768037773383611, -0.5158844203044839, -0.19282397576033353, 0.20552997271485224, -0.4712563513309889]","[0.4193502462042125, -0.01964070847708733, 0.5193918286303753]","[0.419176, -0.019511, 0.519577]"
852,return,42.600000,42.601274,0.000162,0.050275,2026-09-25T17:07:28.367641+00:00,2026-09-25T17:07:28.368735+00:00,0.001112,1790356048.364981,1790356048.353053,0,1,0,0.002833,0.000482,"[0.19218802141413818, -0.6590406888761889, -0.6715623354284658, -0.515901873597004, -0.19277161588277367, 0.20552997271485224, -0.47124326136159894]","[0.19322540148829223, -0.6590886854306186, -0.6743952229706089, -0.5158844203044839, -0.19282397576033353, 0.20552997271485224, -0.4712563513309889]","[0.41948543658123344, -0.019883417344660377, 0.5192305654379122]","[0.41930799999999996, -0.019483999999999998, 0.519434]"
853,return,42.650000,42.650934,0.000188,0.049660,2026-09-25T17:07:28.417666+00:00,2026-09-25T17:07:28.418396+00:00,0.000746,1790356048.415167,1790356048.410674,0,0,0,0.002910,0.000309,"[0.1909631172020507, -0.6590578370884995, -0.6690765340960336, -0.515901873597004, -0.19277161588277367, 0.20552997271485224, -0.4712461656678239]","[0.19217820393709564, -0.6590886854306186, -0.6719866686028568, -0.5158844203044839, -0.19282397576033353, 0.20552997271485224, -0.4712563513309889]","[0.4196171410184144, -0.020141157040442798, 0.5190720595501126]","[0.419468, -0.019925, 0.519234]"
854,return,42.700000,42.701019,0.000432,0.050085,2026-09-25T17:07:28.467908+00:00,2026-09-25T17:07:28.468480+00:00,0.000587,1790356048.465002,1790356048.454244,0,1,0,0.002077,0.000361,"[0.18970754105755544, -0.6590689717990318, -0.6665931709466056, -0.515901873597004, -0.19277161588277367, 0.20552997271485224, -0.4712498178200963]","[0.19088666029061982, -0.6590886854306186, -0.6686705430240675, -0.5158844203044839, -0.19282397576033353, 0.20552997271485224, -0.4712563513309889]","[0.41974527158648967, -0.020412286554822485, 0.5189164886842628]","[0.41953399999999996, -0.020229999999999998, 0.519146]"
855,return,42.750000,42.750815,0.000216,0.049796,2026-09-25T17:07:28.517697+00:00,2026-09-25T17:07:28.518277+00:00,0.000599,1790356048.515099,1790356048.509705,0,0,0,0.002773,0.000430,"[0.18843389367432684, -0.6590764748462248, -0.6641518152316592, -0.515901873597004, -0.19277161588277364, 0.20552997271485224, -0.47125406415141985]","[0.18983946273942323, -0.6590886854306186, -0.6669252137720733, -0.5158844203044839, -0.19282397576033353, 0.20552997271485224, -0.4712563513309889]","[0.41986858145223216, -0.020695420039002533, 0.518765281652437]","[0.41972, -0.020329, 0.5189349999999999]"
856,return,42.800000,42.801300,0.000166,0.050485,2026-09-25T17:07:28.567644+00:00,2026-09-25T17:07:28.568762+00:00,0.001134,1790356048.564981,1790356048.552351,0,1,0,0.002742,0.000524,"[0.18715477574603936, -0.6590827280685166, -0.6617920362026726, -0.5159018735970038, -0.19277161588277367, 0.20552997271485224, -0.47125875099479886]","[0.18853046580042748, -0.6590886854306186, -0.664534112696841, -0.5158844203044839, -0.19282397576033353, 0.20552997271485224, -0.4712563513309889]","[0.419985849559564, -0.02098918972100602, 0.5186198443299392]","[0.41981599999999997, -0.020534999999999998, 0.518818]"
857,return,42.850000,42.850747,0.000282,0.049447,2026-09-25T17:07:28.617760+00:00,2026-09-25T17:07:28.618208+00:00,0.000465,1790356048.616055,1790356048.611498,0,0,0,0.002654,0.000380,"[0.18587614355912652, -0.659089293644589, -0.6595412520470801, -0.515901873597004, -0.19277161588277367, 0.20552997271485224, -0.4712639109276363]","[0.1872912820315115, -0.6590886854306186, -0.6621953714991686, -0.5158844203044839, -0.19282397576033353, 0.20552997271485224, -0.4712563513309889]","[0.420096159271024, -0.021293840233091915, 0.5184811626704038]","[0.419942, -0.020992999999999998, 0.518655]"
858,return,42.900000,42.900735,0.000307,0.049989,2026-09-25T17:07:28.667785+00:00,2026-09-25T17:07:28.668196+00:00,0.000428,1790356048.663959,1790356048.649718,0,1,0,0.002432,0.000551,"[0.18458326551967955, -0.6590943641432349, -0.6573727192780049, -0.515901873597004, -0.19277161588277367, 0.20552997271485224, -0.4712699592606001]","[0.18594737850747586, -0.6590886854306186, -0.6598042704239364, -0.5158844203044839, -0.19282397576033353, 0.20552997271485224, -0.4712563513309889]","[0.42020013946180645, -0.021612964122998974, 0.5183483250801253]","[0.42002599999999995, -0.021133, 0.518555]"
859,return,42.950000,42.950537,0.000142,0.049802,2026-09-25T17:07:28.717611+00:00,2026-09-25T17:07:28.717997+00:00,0.000395,1790356048.716946,1790356048.711660,0,0,0,0.002322,0.000335,"[0.18328575185918566, -0.6590980874945486, -0.6552832891562536, -0.515901873597004, -0.19277161588277367, 0.20552997271485224, -0.4712763763943544]","[0.1845511151058804, -0.6590886854306186, -0.6576051555664234, -0.5158844203044839, -0.19282397576033353, 0.20552997271485224, -0.4712563513309889]","[0.42029824586425263, -0.021942214115913145, 0.5182210535679]","[0.420137, -0.02171, 0.5184]"
860,return,43.000000,43.000938,0.000311,0.050401,2026-09-25T17:07:28.767791+00:00,2026-09-25T17:07:28.768400+00:00,0.000626,1790356048.765382,1790356048.749588,0,1,0,0.002533,0.000404,"[0.1819961648545702, -0.6591009246995186, -0.6532741910177942, -0.515901873597004, -0.19277161588277367, 0.20552997271485224, -0.47128254766091504]","[0.18324211816688468, -0.6591410453081785, -0.6558074664368694, -0.5158844203044839, -0.19282397576033353, 0.20552997271485224, -0.4712563513309889]","[0.4203908651668456, -0.022276426459876878, 0.5180992069468299]","[0.420242, -0.021942, 0.51827]"
861,return,43.050000,43.050444,0.000143,0.049506,2026-09-25T17:07:28.817614+00:00,2026-09-25T17:07:28.817904+00:00,0.000301,1790356048.814969,1790356048.809566,0,0,0,0.002488,0.000439,"[0.18072683428459416, -0.6591033097137418, -0.6513475889037099, -0.515901873597004, -0.19277161588277367, 0.20552997271485224, -0.47128788154479195]","[0.1822821870782878, -0.6591410453081785, -0.6538352443821158, -0.5158844203044839, -0.19282397576033353, 0.20552997271485224, -0.4712563513309889]","[0.4204783282035293, -0.02261062893046183, 0.5179827111641978]","[0.42036799999999996, -0.022206999999999998, 0.518115]"
862,return,43.100000,43.100401,0.000210,0.049958,2026-09-25T17:07:28.867678+00:00,2026-09-25T17:07:28.867861+00:00,0.000191,1790356048.864820,1790356048.849960,0,1,0,0.002039,0.000462,"[0.17947832579746958, -0.6591048110402931, -0.6495269274802508, -0.515901873597004, -0.19277161588277367, 0.20552997271485224, -0.4712926380505425]","[0.1809208302617322, -0.6591410453081785, -0.6515663163545231, -0.5158844203044839, -0.19282397576033353, 0.20552997271485224, -0.4712563513309889]","[0.4205591180210625, -0.022947055613109755, 0.5178731192137646]","[0.420405, -0.022550999999999998, 0.518054]"
863,return,43.150000,43.150554,0.000195,0.050152,2026-09-25T17:07:28.917674+00:00,2026-09-25T17:07:28.918015+00:00,0.000359,1790356048.915183,1790356048.909863,0,0,0,0.001903,0.000434,"[0.17824338610609472, -0.6591054569538997, -0.6477962688163676, -0.515901873597004, -0.19277161588277367, 0.20552997271485224, -0.47129698477763693]","[0.1796292866152564, -0.6591410453081785, -0.6496988140548892, -0.5158844203044839, -0.19282397576033353, 0.20552997271485224, -0.4712563513309889]","[0.42063405829877215, -0.023287121542636527, 0.5177694363459543]","[0.42053999999999997, -0.022879, 0.5178849999999999]"
864,return,43.200000,43.200725,0.000204,0.050171,2026-09-25T17:07:28.967680+00:00,2026-09-25T17:07:28.968185+00:00,0.000521,1790356048.964607,1790356048.949559,0,1,0,0.001623,0.000552,"[0.1770165600321103, -0.6591057084555499, -0.646120884170957, -0.515901873597004, -0.1927716158827737, 0.20552997271485224, -0.4713007680590792]","[0.17830283638374073, -0.6591410453081785, -0.6477440452926555, -0.5158844203044839, -0.19282397576033353, 0.20552997271485224, -0.4712563513309889]","[0.4207052839936486, -0.023629503706735538, 0.5176693777322013]","[0.42061, -0.0231, 0.517795]"
865,return,43.250000,43.251690,0.000252,0.050966,2026-09-25T17:07:29.017731+00:00,2026-09-25T17:07:29.019153+00:00,0.001438,1790356049.015325,1790356049.010641,0,0,0,0.001899,0.000209,"[0.17579239239715722, -0.6591060265462316, -0.6444660448029159, -0.515901873597004, -0.19277161588277367, 0.20552997271485224, -0.47130383422787336]","[0.1767320400569458, -0.6591410453081785, -0.64636523518358, -0.5158844203044839, -0.19282397576033353, 0.20552997271485224, -0.4712563513309889]","[0.42077491865451394, -0.023972871420440814, 0.5175706720497599]","[0.42067299999999996, -0.023826999999999997, 0.51768]"
866,return,43.300000,43.300767,0.000307,0.049077,2026-09-25T17:07:29.067787+00:00,2026-09-25T17:07:29.068228+00:00,0.000460,1790356049.064873,1790356049.049876,0,1,0,0.001951,0.000490,"[0.17457152225104958, -0.6591063657405142, -0.6428256376342525, -0.515901873597004, -0.1927716158827737, 0.20552997271485224, -0.4713059968347309]","[0.17570229579826915, -0.6591410453081785, -0.6447769855642651, -0.5158844203044839, -0.19282397576033353, 0.20552997271485224, -0.4712563513309889]","[0.42084332917339123, -0.024316327100889563, 0.517472969181916]","[0.42072699999999996, -0.023863, 0.517617]"
867,return,43.350000,43.351523,0.000246,0.050757,2026-09-25T17:07:29.117727+00:00,2026-09-25T17:07:29.118986+00:00,0.001278,1790356049.115862,1790356049.109726,0,0,0,0.001715,0.000311,"[0.1733596945881012, -0.6591062461363689, -0.6412295548910374, -0.515901873597004, -0.19277161588277367, 0.20552997271485224, -0.471307283539711]","[0.17449801861439307, -0.6591410453081785, -0.6429443898496712, -0.5158844203044839, -0.19282397576033353, 0.20552997271485224, -0.4712563513309889]","[0.4209087015510871, -0.024660591314693683, 0.5173782360754867]","[0.420826, -0.024377, 0.5174759999999999]"
868,return,43.400000,43.401020,0.000316,0.049496,2026-09-25T17:07:29.167795+00:00,2026-09-25T17:07:29.168483+00:00,0.000704,1790356049.164650,1790356049.151382,0,1,0,0.001598,0.000492,"[0.17214931651714857, -0.6591062878825695, -0.6396551596831953, -0.515901873597004, -0.19277161588277367, 0.20552997271485224, -0.4713079965545726]","[0.17374752703603552, -0.6591410453081785, -0.6410768875500372, -0.5158844203044839, -0.19282397576033353, 0.20552997271485224, -0.4712563513309889]","[0.4209724374091777, -0.02500647221910425, 0.5172848653744192]","[0.42085, -0.024555, 0.5174369999999999]"
869,return,43.450000,43.451049,0.000211,0.050029,2026-09-25T17:07:29.217691+00:00,2026-09-25T17:07:29.218512+00:00,0.000838,1790356049.216368,1790356049.210798,0,0,0,0.001777,0.000451,"[0.17093239735439844, -0.6591071440638491, -0.6380780957918557, -0.515901873597004, -0.19277161588277367, 0.20552997271485224, -0.4713084432133077]","[0.1721418241242007, -0.6591410453081785, -0.6398551570736412, -0.5158844203044839, -0.19282397576033353, 0.20552997271485224, -0.4712563513309889]","[0.421036031006017, -0.025354762133309, 0.5171911423609784]","[0.420934, -0.024933999999999998, 0.517319]"
870,return,43.500000,43.501558,0.000321,0.050509,2026-09-25T17:07:29.267800+00:00,2026-09-25T17:07:29.269020+00:00,0.001237,1790356049.264735,1790356049.251146,0,0,0,0.001841,0.000560,"[0.169700198979788, -0.6591093104099367, -0.6364786817530559, -0.515901873597004, -0.19277161588277367, 0.20552997271485224, -0.4713088751200113]","[0.1708677337702449, -0.6591410453081785, -0.6383192673318862, -0.5158844203044839, -0.19275416259025377, 0.20552997271485224, -0.4712563513309889]","[0.4211006078007067, -0.02570706225145518, 0.517095701470533]","[0.42100699999999996, -0.025169999999999998, 0.517222]"
871,return,43.550000,43.551448,0.000199,0.049890,2026-09-25T17:07:29.317676+00:00,2026-09-25T17:07:29.318910+00:00,0.001248,1790356049.315164,1790356049.310618,0,0,0,0.001259,0.000342,"[0.16844584858569775, -0.6591119970212507, -0.6348789903965505, -0.515901873597004, -0.19277161588277367, 0.20552997271485224, -0.4713090339092405]","[0.1695587368312491, -0.6591410453081785, -0.6361376057668933, -0.5158844203044839, -0.19275416259025377, 0.20552997271485224, -0.4712563513309889]","[0.42116436280265457, -0.026068616158153195, 0.5170001748941457]","[0.421087, -0.025748999999999998, 0.5170939999999999]"
872,return,43.600000,43.600760,0.000285,0.049313,2026-09-25T17:07:29.367753+00:00,2026-09-25T17:07:29.368221+00:00,0.000475,1790356049.365763,1790356049.349445,0,0,0,0.001484,0.000549,"[0.16718278527293234, -0.6591155390455093, -0.6332743560850059, -0.515901873597004, -0.19277161588277364, 0.20552997271485224, -0.47130895707574244]","[0.16821483330721348, -0.6591410453081785, -0.6347587956578177, -0.5158844203044839, -0.19275416259025377, 0.20552997271485224, -0.4712563513309889]","[0.42122803026047395, -0.0264332601993553, 0.5169041502692662]","[0.421156, -0.025899, 0.517008]"
873,return,43.650000,43.651620,0.000295,0.050859,2026-09-25T17:07:29.417775+00:00,2026-09-25T17:07:29.419083+00:00,0.001324,1790356049.415281,1790356049.409797,0,0,0,0.001782,0.000373,"[0.16592760507706353, -0.6591206279841947, -0.6316501804537997, -0.515901873597004, -0.19277161588277367, 0.20552997271485224, -0.47130879828651323]","[0.16716763575601687, -0.6591410453081785, -0.633432345426302, -0.5158844203044839, -0.19275416259025377, 0.20552997271485224, -0.4712912579160288]","[0.4212931722543918, -0.026792439162245052, 0.5168064862548276]","[0.421218, -0.026439999999999998, 0.5169009999999999]"
874,return,43.700000,43.701052,0.000316,0.049432,2026-09-25T17:07:29.467796+00:00,2026-09-25T17:07:29.468514+00:00,0.000736,1790356049.464941,1790356049.449502,0,0,0,0.001573,0.000387,"[0.16469690403366252, -0.6591279553387887, -0.6299918651383083, -0.515901873597004, -0.19277161588277367, 0.20552997271485224, -0.47130871120854884]","[0.16598081186466074, -0.6591410453081785, -0.631564843126668, -0.5158844203044839, -0.19275416259025377, 0.20552997271485224, -0.4712912579160288]","[0.4213613736838359, -0.0271375912835821, 0.5167060465846252]","[0.42119599999999996, -0.026844999999999997, 0.5168969999999999]"
875,return,43.750000,43.751822,0.000338,0.050770,2026-09-25T17:07:29.517816+00:00,2026-09-25T17:07:29.519284+00:00,0.001484,1790356049.516771,1790356049.509533,0,0,0,0.001510,0.000565,"[0.16347549216017163, -0.6591379821102796, -0.6283122310882341, -0.515901873597004, -0.19277161588277367, 0.20552997271485224, -0.47130871120854884]","[0.16498597419102395, -0.6591410453081785, -0.6297671539971139, -0.5158844203044839, -0.19275416259025377, 0.20552997271485224, -0.4712912579160288]","[0.4214316506194856, -0.027476419113582583, 0.5166034020739787]","[0.421355, -0.026927999999999997, 0.5167149999999999]"
876,return,43.800000,43.800545,0.000237,0.048722,2026-09-25T17:07:29.567705+00:00,2026-09-25T17:07:29.568005+00:00,0.000307,1790356049.564626,1790356049.550420,0,0,0,0.001824,0.000527,"[0.1622569384928068, -0.6591502472976797, -0.6266170305714618, -0.515901873597004, -0.19277161588277367, 0.20552997271485224, -0.47130871120854884]","[0.1635373509118687, -0.6591410453081785, -0.6284407037655982, -0.5158844203044839, -0.19275416259025377, 0.20552997271485224, -0.4712912579160288]","[0.4215033181564919, -0.027812259535940676, 0.5164990842997282]","[0.421371, -0.027330999999999998, 0.516668]"
877,return,43.850000,43.850945,0.000342,0.050400,2026-09-25T17:07:29.617822+00:00,2026-09-25T17:07:29.618407+00:00,0.000603,1790356049.614510,1790356049.609402,0,0,0,0.002512,0.000310,"[0.1610709775953004, -0.6591640593995063, -0.6248810622006424, -0.515901873597004, -0.19277161588277364, 0.20552997271485224, -0.47130871120854884]","[0.16224580726539287, -0.6591410453081785, -0.6273935062144017, -0.5158844203044839, -0.19275416259025377, 0.20552997271485224, -0.4712912579160288]","[0.4215784535664028, -0.028129984340551147, 0.5163919096422661]","[0.42142999999999997, -0.027916, 0.51656]"
878,return,43.900000,43.901658,0.000226,0.050713,2026-09-25T17:07:29.667704+00:00,2026-09-25T17:07:29.669121+00:00,0.001432,1790356049.664700,1790356049.650393,0,0,0,0.001941,0.000498,"[0.15994734403138433, -0.6591787269142776, -0.6230791245884264, -0.5159018735970038, -0.19277161588277367, 0.20552997271485224, -0.47130871120854884]","[0.1610938899590766, -0.6591410453081785, -0.6250198584316894, -0.5158844203044839, -0.19275416259025377, 0.20552997271485224, -0.4712912579160288]","[0.4216591671443952, -0.028414447145422805, 0.5162807049925692]","[0.42151099999999997, -0.027975999999999997, 0.516465]"
879,return,43.950000,43.951083,0.000233,0.049426,2026-09-25T17:07:29.717714+00:00,2026-09-25T17:07:29.718546+00:00,0.000850,1790356049.714690,1790356049.709577,0,0,0,0.001905,0.000262,"[0.1589038301341944, -0.6591941336697442, -0.6211953811215375, -0.515901873597004, -0.19277161588277367, 0.20552997271485224, -0.4713086586544362]","[0.1598372528976407, -0.6591410453081785, -0.6230999962544956, -0.5158844203044839, -0.19275416259025377, 0.20552997271485224, -0.4712912579160288]","[0.42174690946577564, -0.028656462907887318, 0.5161646166722053]","[0.421608, -0.028495, 0.5163179999999999]"
880,return,44.000000,44.001181,0.000337,0.050098,2026-09-25T17:07:29.767816+00:00,2026-09-25T17:07:29.768646+00:00,0.000845,1790356049.764478,1790356049.749768,0,0,0,0.002506,0.000314,"[0.15791404282882682, -0.6592115600193176, -0.6192505060551763, -0.515901873597004, -0.19277161588277367, 0.20552997271485224, -0.47130843583729193]","[0.15898204156416348, -0.6591410453081785, -0.62175609273046, -0.5158844203044839, -0.19275416259025377, 0.20552997271485224, -0.4713959776711485]","[0.4218402161463998, -0.028869212530235108, 0.516044344518739]","[0.42165199999999997, -0.028725999999999998, 0.516251]"
881,return,44.050000,44.051157,0.000230,0.049976,2026-09-25T17:07:29.817710+00:00,2026-09-25T17:07:29.818620+00:00,0.000927,1790356049.814797,1790356049.809373,0,0,0,0.002212,0.000284,"[0.1569863677232553, -0.6592296727481399, -0.6172402866598694, -0.515901873597004, -0.19277161588277367, 0.20552997271485224, -0.47130824375354685]","[0.15784757755036719, -0.6591410453081785, -0.6194522581178274, -0.5158844203044839, -0.19275416259025377, 0.20552997271485224, -0.4713959776711485]","[0.4219391037213333, -0.02904876347905763, 0.5159202136752359]","[0.42175799999999997, -0.028952, 0.5161169999999999]"
882,return,44.100000,44.100773,0.000313,0.049616,2026-09-25T17:07:29.867792+00:00,2026-09-25T17:07:29.868234+00:00,0.000460,1790356049.864563,1790356049.851100,0,0,0,0.002114,0.000371,"[0.15613405859588741, -0.6592468583527528, -0.6151568090853207, -0.515901873597004, -0.19277161588277367, 0.20552997271485224, -0.4713083129036951]","[0.15735888535980874, -0.6591410453081785, -0.6172705965528344, -0.5158844203044839, -0.19275416259025377, 0.20552997271485224, -0.4713959776711485]","[0.4220438417804931, -0.029188746702088583, 0.5157924542580009]","[0.42183299999999996, -0.028995, 0.516029]"
883,return,44.150000,44.153005,0.000188,0.052232,2026-09-25T17:07:29.917667+00:00,2026-09-25T17:07:29.920469+00:00,0.002817,1790356049.914800,1790356049.910403,0,0,0,0.002149,0.000310,"[0.15537041885957076, -0.6592615592644844, -0.612991955770021, -0.5159019757855563, -0.19277161588277367, 0.20552997271485224, -0.47130884090349345]","[0.1563291411011321, -0.6591410453081785, -0.6151412948654014, -0.5158844203044839, -0.19275416259025377, 0.20552997271485224, -0.4713959776711485]","[0.42215473795931047, -0.029282745637925923, 0.5156612443623879]","[0.42195499999999997, -0.029188, 0.515878]"
884,return,44.200000,44.200492,0.000259,0.047487,2026-09-25T17:07:29.967726+00:00,2026-09-25T17:07:29.967952+00:00,0.000233,1790356049.965827,1790356049.951004,0,0,0,0.002607,0.000391,"[0.15470325003402677, -0.6592743397485443, -0.6107368160258706, -0.5159046764830115, -0.19277161588277364, 0.20552997271485224, -0.4713091390174658]","[0.15519467708733578, -0.6591759518932184, -0.6133436057358473, -0.5158844203044839, -0.19275416259025377, 0.20552997271485224, -0.4713959776711485]","[0.4222729933697602, -0.029326743357684926, 0.5155253078698002]","[0.422019, -0.029470999999999997, 0.5157849999999999]"
885,return,44.250000,44.250519,0.000255,0.050028,2026-09-25T17:07:30.017726+00:00,2026-09-25T17:07:30.017980+00:00,0.000264,1790356050.014774,1790356050.010821,0,0,0,0.002499,0.000297,"[0.15412020876657687, -0.6592857167407072, -0.6084015286988234, -0.515908350404775, -0.19277161588277367, 0.20552997271485224, -0.4713095293316357]","[0.15477579806685715, -0.6591759518932184, -0.6109001447830553, -0.5158844203044839, -0.19275416259025377, 0.20552997271485224, -0.4713959776711485]","[0.42239766664536227, -0.029326712587819916, 0.5153854156692291]","[0.422193, -0.029356999999999998, 0.515599]"
886,return,44.300000,44.302381,0.000342,0.051862,2026-09-25T17:07:30.067823+00:00,2026-09-25T17:07:30.069844+00:00,0.002039,1790356050.065522,1790356050.050145,0,0,0,0.002961,0.000478,"[0.15360500635564167, -0.6592954597404789, -0.6060020367397174, -0.515909347959691, -0.1927716158827737, 0.20552997271485224, -0.47131093384797945]","[0.15400785319597965, -0.6591759518932184, -0.6089628293133414, -0.5158844203044839, -0.19275416259025377, 0.20552997271485224, -0.4713959776711485]","[0.4225268766644035, -0.02929070913643857, 0.5152434336034633]","[0.422244, -0.029550999999999997, 0.515527]"
887,return,44.350000,44.351725,0.000268,0.049344,2026-09-25T17:07:30.117750+00:00,2026-09-25T17:07:30.119188+00:00,0.001457,1790356050.115290,1790356050.110970,0,0,0,0.002599,0.000312,"[0.15314135409964197, -0.6593033382473654, -0.6035542830993913, -0.5159040195566036, -0.19277161588277367, 0.20552997271485224, -0.47131427456847313]","[0.15372860051566054, -0.6592283117707782, -0.6061528492176307, -0.5158844203044839, -0.19275416259025377, 0.20552997271485224, -0.4713959776711485]","[0.4226587415049389, -0.02922681149006498, 0.5151012228324494]","[0.42245299999999997, -0.029332999999999998, 0.5153099999999999]"
888,return,44.400000,44.400533,0.000218,0.048808,2026-09-25T17:07:30.167687+00:00,2026-09-25T17:07:30.167994+00:00,0.000315,1790356050.164292,1790356050.150877,0,0,0,0.002261,0.000448,"[0.15273093782796876, -0.6593089250671178, -0.6010641580386918, -0.5158945016789809, -0.1927716158827737, 0.20552997271485224, -0.4713193720100655]","[0.15308282869242265, -0.6592457650632981, -0.6033254158293998, -0.5158844203044839, -0.19275416259025377, 0.20552997271485224, -0.4713959776711485]","[0.42279297802253246, -0.02913518259581116, 0.5149588396343344]","[0.42253799999999997, -0.029405999999999998, 0.515209]"
889,return,44.450000,44.452217,0.000211,0.051684,2026-09-25T17:07:30.217692+00:00,2026-09-25T17:07:30.219680+00:00,0.002006,1790356050.214424,1790356050.209970,0,0,0,0.002571,0.000305,"[0.1523907657110769, -0.6593121648796175, -0.5985199627355449, -0.515885759307465, -0.19277161588277367, 0.20552997271485224, -0.4713252082825748]","[0.15275121613454373, -0.6592457650632981, -0.6010913943868471, -0.5158844203044839, -0.19275416259025377, 0.20552997271485224, -0.4713959776711485]","[0.4229311779458011, -0.029007962099019076, 0.514814541625244]","[0.42274999999999996, -0.029181, 0.514989]"
890,return,44.500000,44.500746,0.000266,0.048530,2026-09-25T17:07:30.267736+00:00,2026-09-25T17:07:30.268207+00:00,0.000481,1790356050.264475,1790356050.249371,0,0,0,0.003125,0.000466,"[0.15209872721957532, -0.6593138833888564, -0.5959243043554265, -0.5158683987785884, -0.19277161588277367, 0.20552997271485224, -0.4713332471153605]","[0.15234979040658506, -0.6592457650632981, -0.5990493591620137, -0.5158844203044839, -0.19275416259025377, 0.20552997271485224, -0.4713959776711485]","[0.4230718944718894, -0.02885352731830665, 0.5146702879779748]","[0.42282, -0.029161999999999997, 0.5149119999999999]"
891,return,44.550000,44.551183,0.000219,0.050437,2026-09-25T17:07:30.317701+00:00,2026-09-25T17:07:30.318646+00:00,0.000965,1790356050.314264,1790356050.309089,0,1,0,0.002680,0.000447,"[0.15183154180356526, -0.6593149257633129, -0.593280333071756, -0.515832623821354, -0.19277161588277367, 0.20552997271485224, -0.471345025178383]","[0.1518436449235067, -0.6592457650632981, -0.5959601263859838, -0.5158844203044839, -0.19275416259025377, 0.20552997271485224, -0.4713959776711485]","[0.42321358625264816, -0.028680792209171132, 0.5145281582840483]","[0.423002, -0.029026, 0.514718]"
892,return,44.600000,44.601436,0.000200,0.050252,2026-09-25T17:07:30.367683+00:00,2026-09-25T17:07:30.368898+00:00,0.001235,1790356050.364498,1790356050.349308,0,0,0,0.003608,0.000619,"[0.15156929401547167, -0.659315971620888, -0.5905894722506946, -0.5157708591650807, -0.19277161588277367, 0.20552997271485224, -0.4713617390253181]","[0.15166911199830724, -0.6592457650632981, -0.5941973438414695, -0.5158844203044839, -0.19275416259025377, 0.20552997271485224, -0.4713959776711485]","[0.4233550682384352, -0.028497377519820614, 0.5143897059822405]","[0.423064, -0.028976, 0.514653]"
893,return,44.650000,44.650566,0.000220,0.049130,2026-09-25T17:07:30.417699+00:00,2026-09-25T17:07:30.418027+00:00,0.000345,1790356050.414381,1790356050.409339,0,1,0,0.002743,0.000279,"[0.15132625583121803, -0.6593162343914512, -0.5878419235211306, -0.5156940912316499, -0.19277161588277367, 0.20552997271485224, -0.47138171650313715]","[0.1515643922431876, -0.6592981249408579, -0.5905845122898412, -0.5158844203044839, -0.19275416259025377, 0.20552997271485224, -0.4713959776711485]","[0.4234980319426999, -0.028297576476116987, 0.5142522521655996]","[0.423354, -0.028509999999999997, 0.514362]"
894,return,44.700000,44.701323,0.000331,0.050757,2026-09-25T17:07:30.467810+00:00,2026-09-25T17:07:30.468785+00:00,0.000992,1790356050.464679,1790356050.449235,0,0,0,0.003375,0.000475,"[0.1511052073940965, -0.6593158978607299, -0.5850456546704748, -0.5155982071239127, -0.19277161588277367, 0.20552997271485224, -0.47140554846144]","[0.15144221919554796, -0.6592981249408579, -0.5884203040173682, -0.5158844203044839, -0.19275416259025377, 0.20552997271485224, -0.4713959776711485]","[0.42364171070911144, -0.02808054766926045, 0.5141171421045811]","[0.423409, -0.02845, 0.514304]"
895,return,44.750000,44.750595,0.000188,0.049272,2026-09-25T17:07:30.517666+00:00,2026-09-25T17:07:30.518055+00:00,0.000407,1790356050.514469,1790356050.509227,0,1,0,0.003205,0.000330,"[0.15090253752970037, -0.6593154998632101, -0.5822130743086567, -0.5154741404891032, -0.19277161588277367, 0.20552997271485224, -0.471434579486442]","[0.15128513956286851, -0.6592981249408579, -0.585418337703938, -0.5158146071344042, -0.19275416259025377, 0.20552997271485224, -0.4713959776711485]","[0.4237845547615167, -0.027848038092956964, 0.5139869479619915]","[0.423614, -0.028103999999999997, 0.514107]"
896,return,44.800000,44.801706,0.000319,0.051111,2026-09-25T17:07:30.567793+00:00,2026-09-25T17:07:30.569170+00:00,0.001387,1790356050.564459,1790356050.550596,0,0,0,0.003147,0.000438,"[0.15071463506362287, -0.659315578233378, -0.5793565910456056, -0.5153128249744559, -0.19277161588277367, 0.20552997271485224, -0.4714701541643583]","[0.15102334017506935, -0.6592981249408579, -0.5825036378531074, -0.5156226209166848, -0.19275416259025377, 0.20552997271485224, -0.4713959776711485]","[0.4239250190015377, -0.02760182857880122, 0.5138642408849102]","[0.423712, -0.027947, 0.514029]"
897,return,44.850000,44.852576,0.000305,0.050870,2026-09-25T17:07:30.617783+00:00,2026-09-25T17:07:30.620040+00:00,0.002272,1790356050.614295,1790356050.609201,0,1,0,0.003300,0.000502,"[0.15053981093946595, -0.6593160125987535, -0.5764638180408834, -0.5151202113343918, -0.19277161588277367, 0.20552997271485224, -0.4715126028792304]","[0.15062191444711065, -0.6593330315258978, -0.5797634709274765, -0.5152037418962062, -0.19275416259025377, 0.20552997271485224, -0.4713959776711485]","[0.4240642374500406, -0.02734206184139163, 0.513747064318212]","[0.423838, -0.027743, 0.5139469999999999]"
898,return,44.900000,44.901488,0.000337,0.048912,2026-09-25T17:07:30.667815+00:00,2026-09-25T17:07:30.668952+00:00,0.001151,1790356050.664371,1790356050.649531,0,0,0,0.003668,0.000613,"[0.15038034583156243, -0.6593165289198601, -0.5735301286373511, -0.5149002270412177, -0.19277161588277367, 0.20552997271485224, -0.4715611291237956]","[0.15051719469199099, -0.6593330315258978, -0.5771978369270447, -0.5150117556784868, -0.19275416259025377, 0.20552997271485224, -0.4713959776711485]","[0.4242027543925848, -0.027067783387568222, 0.5136344210237419]","[0.42394, -0.027571, 0.5138659999999999]"
899,return,44.950000,44.953272,0.000208,0.051784,2026-09-25T17:07:30.717686+00:00,2026-09-25T17:07:30.720735+00:00,0.003064,1790356050.714360,1790356050.710179,0,1,0,0.003721,0.000421,"[0.1502385831616017, -0.6593174345306901, -0.5705795717198879, -0.5146407708189964, -0.19277161588277364, 0.20552997271485224, -0.47161538714731266]","[0.1503950216443514, -0.6593330315258978, -0.5743005903687342, -0.5148721293383273, -0.19275416259025377, 0.20552997271485224, -0.4713959776711485]","[0.4243381501872101, -0.026779188371300288, 0.5135303136352768]","[0.424157, -0.027132999999999997, 0.513668]"
900,return,45.000000,45.001796,0.000306,0.048524,2026-09-25T17:07:30.767785+00:00,2026-09-25T17:07:30.769258+00:00,0.001489,1790356050.764704,1790356050.750951,0,0,0,0.003505,0.000661,"[0.15011686635127328, -0.6593190367652355, -0.5676361961733726, -0.5143297413917902, -0.19277161588277367, 0.2055299727148522, -0.47167503119904075]","[0.15027284859671178, -0.6593330315258978, -0.5711415444226244, -0.5145405167804483, -0.19275416259025377, 0.20552997271485224, -0.47143088425618834]","[0.42446801352986063, -0.02647651772723194, 0.5134387352379528]","[0.424191, -0.027032, 0.513667]"
901,return,45.050000,45.051246,0.000206,0.049451,2026-09-25T17:07:30.817686+00:00,2026-09-25T17:07:30.818710+00:00,0.001040,1790356050.814361,1790356050.810454,0,1,0,0.003068,0.000397,"[0.15001826351582, -0.6593215857933656, -0.5647225470974611, -0.5139643349515897, -0.19277161588277367, 0.20552997271485224, -0.47174040610771883]","[0.1501157689640323, -0.6593330315258978, -0.5677905122587954, -0.5143485305627289, -0.19275416259025377, 0.20552997271485224, -0.471535604011308]","[0.4245909441437085, -0.026160664729234093, 0.5133614827328284]","[0.42444099999999996, -0.026518, 0.5134489999999999]"
902,return,45.100000,45.100902,0.000199,0.049655,2026-09-25T17:07:30.867675+00:00,2026-09-25T17:07:30.868363+00:00,0.000703,1790356050.863853,1790356050.850149,0,0,0,0.003372,0.000584,"[0.14994442575589184, -0.6593249572472585, -0.561835543263993, -0.513565231285608, -0.19277161588277367, 0.20552997271485224, -0.4718130544850977]","[0.14999359591639266, -0.6593330315258978, -0.5652074249658436, -0.5142089042225694, -0.19275416259025377, 0.20552997271485224, -0.4716752303514676]","[0.42470912211267003, -0.025833088248992782, 0.5132937185014099]","[0.424517, -0.026376999999999998, 0.513388]"
903,return,45.150000,45.150781,0.000202,0.049880,2026-09-25T17:07:30.917681+00:00,2026-09-25T17:07:30.918243+00:00,0.000579,1790356050.914798,1790356050.910917,0,1,0,0.003220,0.000529,"[0.14988964270347158, -0.6593289843470013, -0.5589507778464341, -0.5131120470814896, -0.19277161588277367, 0.20552997271485224, -0.4718907687511124]","[0.14985396957623315, -0.6593330315258978, -0.5621705520673735, -0.51399946471233, -0.19275416259025377, 0.20552997271485224, -0.47172759022902744]","[0.42482160413581255, -0.025491308425487802, 0.5132388568743982]","[0.424699, -0.026005999999999998, 0.513231]"
904,return,45.200000,45.201547,0.000287,0.050766,2026-09-25T17:07:30.967766+00:00,2026-09-25T17:07:30.969010+00:00,0.001260,1790356050.964949,1790356050.949128,0,0,0,0.003981,0.000786,"[0.14984765242847092, -0.6593335134255974, -0.556043203124431, -0.5125799267026263, -0.19277161588277364, 0.2055299727148522, -0.47197097498357937]","[0.14969688994355365, -0.6593330315258978, -0.5600237970874206, -0.5135456791068115, -0.19275416259025377, 0.20544270625225255, -0.47181485669162715]","[0.4249269774690064, -0.02513254078706077, 0.5132013305748905]","[0.42474399999999995, -0.025897, 0.513214]"
905,return,45.250000,45.251619,0.000327,0.050072,2026-09-25T17:07:31.017807+00:00,2026-09-25T17:07:31.019081+00:00,0.001292,1790356051.014582,1790356051.010210,0,1,0,0.003374,0.000554,"[0.14981254208099432, -0.6593384127392097, -0.5530895398798652, -0.511945352234833, -0.19277161588277367, 0.20552997271485224, -0.47205124811241206]","[0.14974924982111348, -0.6593330315258978, -0.5564633254133521, -0.5123937618004952, -0.19275416259025377, 0.20544270625225255, -0.4719719363243066]","[0.42502382749030987, -0.024754250267286185, 0.5131853880362063]","[0.424846, -0.025271, 0.513277]"
906,return,45.300000,45.300852,0.000306,0.049233,2026-09-25T17:07:31.067786+00:00,2026-09-25T17:07:31.068314+00:00,0.000546,1790356051.064550,1790356051.048931,0,0,0,0.004266,0.000732,"[0.14978972611764688, -0.6593441414448218, -0.5501205378006451, -0.5112286455236665, -0.19277161588277367, 0.20552997271485224, -0.4721339447746615]","[0.14964453006599382, -0.6593330315258978, -0.5543863836034788, -0.5119225229024568, -0.19275416259025377, 0.20544270625225255, -0.4719719363243066]","[0.42511270225979336, -0.024359923963565584, 0.5131879002718546]","[0.424901, -0.025054999999999997, 0.51328]"
907,return,45.350000,45.350913,0.000208,0.050061,2026-09-25T17:07:31.117688+00:00,2026-09-25T17:07:31.118376+00:00,0.000705,1790356051.114432,1790356051.109188,0,1,0,0.003242,0.000536,"[0.14977911131378432, -0.659350484818418, -0.5471299045306169, -0.5104301982150778, -0.19277161588277367, 0.20552997271485224, -0.4722189413196181]","[0.14971434323607358, -0.6593330315258978, -0.5503721263238919, -0.5108753253512602, -0.19275416259025377, 0.20544270625225255, -0.47200684290934647]","[0.42519377520802787, -0.023949125431856573, 0.5132085758273127]","[0.42505299999999996, -0.024465999999999998, 0.513234]"
908,return,45.400000,45.401304,0.000570,0.050391,2026-09-25T17:07:31.168050+00:00,2026-09-25T17:07:31.168767+00:00,0.000734,1790356051.165067,1790356051.150176,0,0,0,0.003620,0.000740,"[0.14977508882405155, -0.6593568281920139, -0.544081912493203, -0.5095294573483473, -0.19277161588277367, 0.20552997271485224, -0.47230374065859665]","[0.14966198335851377, -0.6593330315258978, -0.5477017725683405, -0.5099677541402232, -0.19275416259025377, 0.20544270625225255, -0.47211156266446613]","[0.4252663556126096, -0.023518251258536946, 0.5132505427488536]","[0.42501099999999997, -0.024189, 0.5134299999999999]"
909,return,45.450000,45.452598,0.000254,0.051294,2026-09-25T17:07:31.217734+00:00,2026-09-25T17:07:31.220060+00:00,0.002344,1790356051.214166,1790356051.208939,0,1,0,0.003584,0.000618,"[0.14977204980309333, -0.659362556897626, -0.5409408341118267, -0.508505869962756, -0.19277161588277367, 0.2055299727148522, -0.4723858457029113]","[0.14980160969867332, -0.6593330315258978, -0.5445252733297109, -0.5093743421945451, -0.19275416259025377, 0.20544270625225255, -0.47226864229714566]","[0.425329670359038, -0.023063754487464824, 0.5133169744966282]","[0.425182, -0.023663999999999998, 0.513327]"
910,return,45.500000,45.501597,0.000315,0.048999,2026-09-25T17:07:31.267792+00:00,2026-09-25T17:07:31.269060+00:00,0.001282,1790356051.265507,1790356051.249063,0,0,0,0.004261,0.000851,"[0.14976790950199695, -0.6593674562112383, -0.5376808895965655, -0.5073468754204928, -0.1927716158827737, 0.20552997271485224, -0.47246469024090426]","[0.1496794366510337, -0.6593330315258978, -0.5419421860367593, -0.5083969578134283, -0.19275416259025377, 0.20544270625225255, -0.4724082686373052]","[0.42538338307142187, -0.022582595069394418, 0.5134096103974727]","[0.425222, -0.023416, 0.513354]"
911,return,45.550000,45.550663,0.000205,0.049066,2026-09-25T17:07:31.317685+00:00,2026-09-25T17:07:31.318124+00:00,0.000457,1790356051.314497,1790356051.309050,0,1,0,0.003817,0.000666,"[0.14976677543956624, -0.6593719852898347, -0.534320040006916, -0.5060642956308965, -0.19277161588277367, 0.20552997271485224, -0.4725423404790039]","[0.14978415640615336, -0.6593330315258978, -0.5381373682674117, -0.5073148536771918, -0.19275416259025377, 0.20544270625225255, -0.4724082686373052]","[0.4254277159992278, -0.02207653800661076, 0.5135266204687737]","[0.425286, -0.022727, 0.5134949999999999]"
912,return,45.600000,45.600642,0.000199,0.049980,2026-09-25T17:07:31.367674+00:00,2026-09-25T17:07:31.368105+00:00,0.000444,1790356051.366014,1790356051.351017,0,0,0,0.004042,0.000906,"[0.14976776198168074, -0.6593760123895772, -0.5308841983620868, -0.5046673082016382, -0.19277161588277367, 0.20552997271485224, -0.47261748850618485]","[0.14980160969867332, -0.6593330315258978, -0.5349259624437421, -0.5059709501531562, -0.19275416259025377, 0.20544270625225255, -0.4725478949774647]","[0.4254619077399626, -0.021550063542505535, 0.5136674175626873]","[0.425384, -0.022425, 0.5134449999999999]"
913,return,45.650000,45.651115,0.000212,0.050472,2026-09-25T17:07:31.417694+00:00,2026-09-25T17:07:31.418577+00:00,0.000903,1790356051.414079,1790356051.409029,0,1,0,0.003827,0.000680,"[0.1497697934593683, -0.6593793838434703, -0.5273990654671638, -0.5031647874017384, -0.19277161588277367, 0.20552997271485224, -0.47268871290273384]","[0.14971434323607358, -0.6593330315258978, -0.5312258644295141, -0.5042954340712417, -0.19275416259025377, 0.2054776128372924, -0.47260025485502455]","[0.4254852137628698, -0.021007658985685105, 0.5138314460815266]","[0.425392, -0.021672, 0.5137229999999999]"
914,return,45.700000,45.700677,0.000299,0.049562,2026-09-25T17:07:31.467777+00:00,2026-09-25T17:07:31.468138+00:00,0.000378,1790356051.466002,1790356051.451201,0,0,0,0.004149,0.000951,"[0.14977196467157752, -0.6593819328716003, -0.5238828398995979, -0.5015626152964714, -0.19277161588277367, 0.20552997271485224, -0.4727548725375383]","[0.14988887616127303, -0.6593853914034578, -0.5280319118983645, -0.5030387970098057, -0.19275416259025377, 0.2054776128372924, -0.4727049746101442]","[0.42549700846686056, -0.020452580054649287, 0.5140184220065316]","[0.425377, -0.021383, 0.513863]"
915,return,45.750000,45.750835,0.000207,0.050158,2026-09-25T17:07:31.517686+00:00,2026-09-25T17:07:31.518298+00:00,0.000628,1790356051.514453,1790356051.511543,0,1,0,0.003861,0.000743,"[0.14977502776703178, -0.6593835351061456, -0.5202963321190577, -0.4998447742528388, -0.19277161588277367, 0.20552997271485224, -0.4728173018035694]","[0.14971434323607358, -0.6593853914034578, -0.5241572809589371, -0.5017647066558498, -0.19275416259025377, 0.2054776128372924, -0.4727049746101442]","[0.4254973174447942, -0.019878805678933208, 0.5142301363187892]","[0.42549, -0.020569999999999998, 0.513958]"
916,return,45.800000,45.801126,0.000279,0.050291,2026-09-25T17:07:31.567756+00:00,2026-09-25T17:07:31.568588+00:00,0.000847,1790356051.564981,1790356051.549984,0,0,0,0.004197,0.000993,"[0.14977901286446219, -0.6593844407169756, -0.51666132703457, -0.49802142288861445, -0.19277161588277364, 0.20552997271485224, -0.4728756793831385]","[0.14985396957623315, -0.6593853914034578, -0.5208586086726678, -0.5002288169140948, -0.19275416259025377, 0.2054776128372924, -0.4728096943652639]","[0.4254859238168342, -0.019290043528107467, 0.5144653313786104]","[0.42549299999999995, -0.020214, 0.514101]"
917,return,45.850000,45.850304,0.000139,0.049178,2026-09-25T17:07:31.617604+00:00,2026-09-25T17:07:31.617763+00:00,0.000165,1790356051.614518,1790356051.610765,0,0,0,0.004351,0.000793,"[0.14978361262987672, -0.6593849570380822, -0.5130173170641147, -0.4961099639910986, -0.1927716158827737, 0.20552997271485224, -0.4729290832742694]","[0.14973179652859353, -0.6593853914034578, -0.5173679501686791, -0.4983962211995008, -0.19275416259025377, 0.2054776128372924, -0.4728096943652639]","[0.4254625851218955, -0.01869278009636639, 0.514721909934182]","[0.42545099999999997, -0.019433, 0.514439]"
918,return,45.900000,45.901835,0.000304,0.051531,2026-09-25T17:07:31.667783+00:00,2026-09-25T17:07:31.669297+00:00,0.001531,1790356051.664865,1790356051.648952,0,0,0,0.004439,0.001065,"[0.14978851972928334, -0.6593853914034576, -0.5094037946256724, -0.4941278003475921, -0.19277161588277367, 0.20552997271485224, -0.4729765914749859]","[0.1496794366510337, -0.6593853914034578, -0.5138423850796505, -0.49624946621954774, -0.19275416259025377, 0.2054776128372924, -0.4729318674129035]","[0.42542717276841735, -0.018093425332535395, 0.5149977117954259]","[0.42544699999999996, -0.019077, 0.514589]"
919,return,45.950000,45.950564,0.000203,0.048729,2026-09-25T17:07:31.717673+00:00,2026-09-25T17:07:31.718025+00:00,0.000361,1790356051.714057,1790356051.708948,0,1,0,0.004081,0.000854,"[0.14979570622246444, -0.6593856874685367, -0.5058340045337425, -0.4920816574502879, -0.19277161588277367, 0.20552997271485224, -0.4730175675478127]","[0.14985396957623315, -0.6593853914034578, -0.5099153942626633, -0.49443432379747365, -0.19275416259025377, 0.2054776128372924, -0.47300168058298325]","[0.4253796913285785, -0.017493425981338857, 0.5152918281439891]","[0.425438, -0.01825, 0.5149]"
920,return,46.000000,46.001449,0.000228,0.050885,2026-09-25T17:07:31.767707+00:00,2026-09-25T17:07:31.768911+00:00,0.001220,1790356051.764400,1790356051.749578,0,0,0,0.004595,0.001107,"[0.14980499283125792, -0.65938568644409, -0.5022839273562867, -0.4899607939761633, -0.19277161588277367, 0.20552997271485224, -0.47305263000240894]","[0.14985396957623315, -0.6593853914034578, -0.5068785213641932, -0.4922526622324807, -0.19275416259025377, 0.2054776128372924, -0.473088947045583]","[0.4253199851931065, -0.01688931973218357, 0.5156055652041697]","[0.425352, -0.017908999999999998, 0.5151749999999999]"
921,return,46.050000,46.050961,0.000261,0.049513,2026-09-25T17:07:31.817745+00:00,2026-09-25T17:07:31.818424+00:00,0.000700,1790356051.813920,1790356051.808921,0,0,0,0.004249,0.000983,"[0.14981284521475516, -0.6593855419971137, -0.4987371591414785, -0.4877564124896953, -0.19277161588277367, 0.20552997271485224, -0.4730827392574998]","[0.14985396957623315, -0.6593853914034578, -0.5029864371322458, -0.49033280005528695, -0.19275416259025377, 0.2054776128372924, -0.473088947045583]","[0.4252477366550395, -0.01628012019139691, 0.5159400535304554]","[0.425334, -0.017143, 0.515478]"
922,return,46.100000,46.100968,0.000306,0.050007,2026-09-25T17:07:31.867786+00:00,2026-09-25T17:07:31.868431+00:00,0.000662,1790356051.864113,1790356051.849116,0,0,0,0.004126,0.001165,"[0.14981572903204735, -0.6593854077946039, -0.4951772959374922, -0.4854597155553616, -0.19277161588277367, 0.20552997271485224, -0.4731088557318103]","[0.1498365162837132, -0.6593853914034578, -0.4993037924105378, -0.4878893391024949, -0.19275416259025377, 0.2054776128372924, -0.473088947045583]","[0.42516257760222836, -0.015664883272406265, 0.5162964435796789]","[0.425317, -0.016637, 0.515674]"
923,return,46.150000,46.151030,0.000209,0.050061,2026-09-25T17:07:31.917689+00:00,2026-09-25T17:07:31.918493+00:00,0.000821,1790356051.913972,1790356051.908973,0,0,0,0.004705,0.001036,"[0.1498131848188164, -0.6593853914034576, -0.4915966651512152, -0.483063134766273, -0.19277161588277367, 0.20552997271485224, -0.47313123128554707]","[0.14985396957623315, -0.6593853914034578, -0.49630182609710755, -0.4858473038776615, -0.19275416259025377, 0.2054776128372924, -0.473088947045583]","[0.42506384737878933, -0.015042460147756346, 0.5166760605000102]","[0.425197, -0.01591, 0.516126]"
924,return,46.200000,46.200950,0.000222,0.049920,2026-09-25T17:07:31.967702+00:00,2026-09-25T17:07:31.968412+00:00,0.000728,1790356051.964005,1790356051.949295,0,0,0,0.004570,0.001248,"[0.14981205741528883, -0.6593853914034576, -0.4880146272874785, -0.4805693179072167, -0.19277161588277367, 0.20552997271485224, -0.47314829037099987]","[0.14980160969867332, -0.6593853914034578, -0.4925842747903596, -0.48322930999967006, -0.19275416259025377, 0.2054776128372924, -0.473088947045583]","[0.42495077157432676, -0.014412534816307252, 0.5170792566003662]","[0.42508399999999996, -0.015496, 0.516475]"
925,return,46.250000,46.251501,0.000203,0.050551,2026-09-25T17:07:32.017681+00:00,2026-09-25T17:07:32.018963+00:00,0.001298,1790356052.013513,1790356052.010145,0,0,0,0.004448,0.001000,"[0.14980501895464726, -0.6593853914034576, -0.48441835985990855, -0.4779845967755408, -0.19277161588277367, 0.20552997271485224, -0.4731615385149511]","[0.14981906299119324, -0.6593853914034578, -0.4888667234836117, -0.481379260992556, -0.19275416259025377, 0.2054776128372924, -0.4731587602156627]","[0.42482431748339883, -0.013777735822150885, 0.5175039472765347]","[0.424992, -0.014577, 0.516927]"
926,return,46.300000,46.301599,0.000353,0.050098,2026-09-25T17:07:32.067832+00:00,2026-09-25T17:07:32.069065+00:00,0.001246,1790356052.063940,1790356052.051230,0,0,0,0.004358,0.001414,"[0.1497832335846199, -0.6593853914034576, -0.480791151582688, -0.47531515646783634, -0.19277161588277367, 0.20552997271485224, -0.473172819721353]","[0.14988887616127303, -0.6593853914034578, -0.4851491721768638, -0.4785692808968452, -0.19275416259025377, 0.2054776128372924, -0.4731587602156627]","[0.4246856085196911, -0.013140904429106957, 0.5179479107425523]","[0.42494, -0.014258, 0.517119]"
927,return,46.350000,46.351967,0.000253,0.050368,2026-09-25T17:07:32.117736+00:00,2026-09-25T17:07:32.119431+00:00,0.001713,1790356052.113255,1790356052.111260,0,0,0,0.004420,0.001008,"[0.14973835370420352, -0.6593853914034576, -0.47711615286970127, -0.4725660888424609, -0.19277161588277367, 0.20552997271485224, -0.47318391068801396]","[0.14985396957623315, -0.6593853914034578, -0.48153634062523554, -0.4754102349507354, -0.19275416259025377, 0.2054776128372924, -0.4731587602156627]","[0.4245356630665458, -0.012504559098546537, 0.5184091958693331]","[0.42468999999999996, -0.013333999999999999, 0.517857]"
928,return,46.400000,46.402030,0.000329,0.050063,2026-09-25T17:07:32.167808+00:00,2026-09-25T17:07:32.169494+00:00,0.001701,1790356052.164865,1790356052.149852,0,1,0,0.004315,0.001301,"[0.1496779139135477, -0.6593853914034575, -0.4733816773459008, -0.4697137625277643, -0.19277161588277367, 0.20552997271485224, -0.47319408395537454]","[0.14974924982111348, -0.6593853914034578, -0.47769661627084803, -0.4730191338755032, -0.19275416259025377, 0.2054776128372924, -0.4731587602156627]","[0.4243721412834395, -0.011862259576937453, 0.5188927194564489]","[0.424647, -0.012839999999999999, 0.51808]"
929,return,46.450000,46.451070,0.000316,0.049039,2026-09-25T17:07:32.217795+00:00,2026-09-25T17:07:32.218533+00:00,0.000754,1790356052.214854,1790356052.210104,0,0,0,0.004724,0.001164,"[0.14960185131162868, -0.6593853914034576, -0.46960449264167, -0.46677017338412463, -0.19277161588277367, 0.20552997271485224, -0.4732028025085061]","[0.14971434323607358, -0.6594028446959777, -0.4743281308144989, -0.4701218873171926, -0.19275416259025377, 0.2054776128372924, -0.4731587602156627]","[0.4241953967520019, -0.011217270185955894, 0.5193965131906919]","[0.424402, -0.012157, 0.5187419999999999]"
930,return,46.500000,46.500602,0.000268,0.049533,2026-09-25T17:07:32.267737+00:00,2026-09-25T17:07:32.268062+00:00,0.000334,1790356052.263940,1790356052.251143,0,1,0,0.004768,0.001384,"[0.1495024057151468, -0.6593853914034576, -0.46580784089015864, -0.46376759148070834, -0.1927716158827737, 0.20552997271485224, -0.4732104505148986]","[0.14960962348095394, -0.6594028446959777, -0.47057567292271113, -0.4674689868541612, -0.19275416259025377, 0.2054776128372924, -0.47322857338574253]","[0.4240078748435572, -0.010578652246612183, 0.5199142184083144]","[0.424305, -0.011633, 0.519068]"
931,return,46.550000,46.550837,0.000231,0.050235,2026-09-25T17:07:32.317714+00:00,2026-09-25T17:07:32.318299+00:00,0.000605,1790356052.314037,1790356052.311080,0,0,0,0.004389,0.001030,"[0.1493718169408025, -0.6593853914034575, -0.462014964224516, -0.4607382868866819, -0.19277161588277367, 0.2055299727148522, -0.4732174121420422]","[0.1495572636033941, -0.6594028446959777, -0.4664043360104447, -0.46392596847261275, -0.19275416259025377, 0.2054776128372924, -0.47322857338574253]","[0.42381220171672346, -0.009955316339668768, 0.5204394507646887]","[0.424019, -0.010754, 0.519822]"
932,return,46.600000,46.600979,0.000332,0.050142,2026-09-25T17:07:32.367812+00:00,2026-09-25T17:07:32.368441+00:00,0.000647,1790356052.363919,1790356052.350441,0,1,0,0.004781,0.001493,"[0.14920804531533519, -0.6593853914034576, -0.4582370835112378, -0.4576964092590404, -0.1927716158827737, 0.20552997271485224, -0.4732238732245574]","[0.14936527738567473, -0.6594028446959777, -0.4630183972615757, -0.4611159883769019, -0.19275416259025377, 0.2054776128372924, -0.47322857338574253]","[0.423609583727238, -0.009350669311977425, 0.5209694269472055]","[0.42396599999999995, -0.010447999999999999, 0.520022]"
933,return,46.650000,46.651634,0.000215,0.050655,2026-09-25T17:07:32.417697+00:00,2026-09-25T17:07:32.419098+00:00,0.001419,1790356052.414788,1790356052.410305,0,0,0,0.004999,0.001084,"[0.1490173281821137, -0.6593853914034576, -0.45445887231147314, -0.4546197406551621, -0.19277161588277367, 0.20552997271485224, -0.4732295806729016]","[0.1493827306781947, -0.6594028446959777, -0.45945792558750725, -0.45804420889339187, -0.19275416259025377, 0.2054776128372924, -0.47322857338574253]","[0.42339811224963864, -0.008758466244076807, 0.5215085249590948]","[0.423672, -0.009524, 0.520791]"
934,return,46.700000,46.701724,0.000289,0.050090,2026-09-25T17:07:32.467768+00:00,2026-09-25T17:07:32.469186+00:00,0.001434,1790356052.464228,1790356052.449253,0,1,0,0.004016,0.001302,"[0.14879630791727483, -0.6593853914034576, -0.450677482766008, -0.4515079360926418, -0.19277161588277367, 0.20552997271485224, -0.4732344864917499]","[0.14920819775299524, -0.6594028446959777, -0.4546931767295627, -0.4550771491650015, -0.19275416259025377, 0.2054776128372924, -0.47322857338574253]","[0.42317780830049556, -0.008179902762746442, 0.5220566657879979]","[0.42348199999999997, -0.009136, 0.521227]"
935,return,46.750000,46.750610,0.000202,0.048886,2026-09-25T17:07:32.517679+00:00,2026-09-25T17:07:32.518071+00:00,0.000408,1790356052.514476,1790356052.508931,0,0,0,0.004417,0.001081,"[0.1485412965129137, -0.6593853914034576, -0.4468906482866494, -0.44836157182271336, -0.19277161588277367, 0.20552997271485224, -0.4732385522643532]","[0.14913838458291545, -0.6594028446959777, -0.4513072379806937, -0.45204027626653137, -0.19275416259025377, 0.2054776128372924, -0.47322857338574253]","[0.4229487790267948, -0.007616460001113915, 0.5226135878500497]","[0.423272, -0.008282, 0.521826]"
936,return,46.800000,46.800570,0.000181,0.049960,2026-09-25T17:07:32.567659+00:00,2026-09-25T17:07:32.568030+00:00,0.000389,1790356052.563876,1790356052.548783,0,1,0,0.004719,0.001255,"[0.1482499426591018, -0.6593853914034576, -0.4430979987408272, -0.44518109296744285, -0.19277161588277367, 0.20552997271485224, -0.4732417035134408]","[0.1488765851951163, -0.6594028446959777, -0.4478165794767051, -0.44893359019798146, -0.19275416259025377, 0.2054776128372924, -0.47322857338574253]","[0.42271105293675465, -0.007069232053687875, 0.5231791431464261]","[0.42307799999999995, -0.007868, 0.5222829999999999]"
937,return,46.850000,46.850797,0.000257,0.050227,2026-09-25T17:07:32.617733+00:00,2026-09-25T17:07:32.618258+00:00,0.000540,1790356052.614264,1790356052.608772,0,0,0,0.004631,0.001122,"[0.1479294796150092, -0.6593853914034576, -0.43931063078088073, -0.44196585028377156, -0.19277161588277367, 0.20552997271485224, -0.47324370630662244]","[0.1482308133718784, -0.6594028446959777, -0.44394194853727764, -0.44615851668731044, -0.19275416259025377, 0.2054776128372924, -0.47322857338574253]","[0.42246413120009557, -0.006536311110849447, 0.523753916220357]","[0.422778, -0.0073, 0.522994]"
938,return,46.900000,46.900585,0.000183,0.049789,2026-09-25T17:07:32.667656+00:00,2026-09-25T17:07:32.668046+00:00,0.000403,1790356052.664207,1790356052.650376,0,1,0,0.004619,0.001440,"[0.14757507409260992, -0.6593853914034576, -0.4355185196329904, -0.4387160888705585, -0.19277161588277364, 0.20552997271485224, -0.4732448383201599]","[0.14795156069155932, -0.6594028446959777, -0.44013713076793004, -0.44221407257780326, -0.19275416259025377, 0.2054776128372924, -0.47322857338574253]","[0.4222083897968646, -0.00601884289872978, 0.5243373862618482]","[0.422599, -0.0070339999999999995, 0.523393]"
939,return,46.950000,46.950626,0.000189,0.050041,2026-09-25T17:07:32.717666+00:00,2026-09-25T17:07:32.718087+00:00,0.000437,1790356052.714573,1790356052.709286,0,0,0,0.004626,0.001129,"[0.14717862015786318, -0.6593853914034576, -0.43170660593154475, -0.43543234656228985, -0.19277161588277367, 0.20552997271485224, -0.4732454837215432]","[0.1474977750860408, -0.6594028446959777, -0.4363323129985824, -0.4391248398017733, -0.19275416259025377, 0.2054776128372924, -0.47322857338574253]","[0.42194441206034083, -0.00551889717307363, 0.5249287739296826]","[0.42228499999999997, -0.006251, 0.5241399999999999]"
940,return,47.000000,47.000489,0.000157,0.049863,2026-09-25T17:07:32.767634+00:00,2026-09-25T17:07:32.767949+00:00,0.000332,1790356052.763987,1790356052.751585,0,1,0,0.004196,0.001306,"[0.14673201187672832, -0.6593853914034576, -0.42785983031093283, -0.43211516119345145, -0.19277161588277367, 0.20552997271485224, -0.4732460266782625]","[0.1470963493580821, -0.6594028446959777, -0.43205625633119626, -0.4357738076379442, -0.19275416259025377, 0.2054776128372924, -0.47322857338574253]","[0.42167277133958103, -0.005038568009664212, 0.5255273247286217]","[0.422044, -0.005938, 0.524656]"
941,return,47.050000,47.050476,0.000160,0.049986,2026-09-25T17:07:32.817633+00:00,2026-09-25T17:07:32.817936+00:00,0.000316,1790356052.815173,1790356052.810340,0,0,0,0.005001,0.001209,"[0.14624112188957028, -0.6593853914034576, -0.4239662592483539, -0.4287406618767678, -0.19277161588277367, 0.20552997271485224, -0.4732463967596113]","[0.14688690984784278, -0.6594028446959777, -0.4289670235551663, -0.4328765610796336, -0.19275416259025377, 0.2054776128372924, -0.47322857338574253]","[0.4213908572337229, -0.004572294103365817, 0.5261379936001253]","[0.421801, -0.005264, 0.525235]"
942,return,47.100000,47.101414,0.000185,0.050938,2026-09-25T17:07:32.867664+00:00,2026-09-25T17:07:32.868876+00:00,0.001229,1790356052.864296,1790356052.848772,0,1,0,0.004759,0.001380,"[0.14570936416481772, -0.6593853914034576, -0.4200362665465993, -0.4253127658400801, -0.19277161588277367, 0.20552997271485224, -0.473246395479053]","[0.14618877814704503, -0.6594028446959777, -0.4247956866428999, -0.4294731690382447, -0.19275416259025377, 0.2054776128372924, -0.47322857338574253]","[0.42109865622540993, -0.004120197417240949, 0.5267603035870373]","[0.421549, -0.00497, 0.52577]"
943,return,47.150000,47.150614,0.000257,0.049201,2026-09-25T17:07:32.917736+00:00,2026-09-25T17:07:32.918075+00:00,0.000357,1790356052.914758,1790356052.908845,0,0,0,0.004780,0.001328,"[0.14512494476052504, -0.6593853914034576, -0.41608825382844306, -0.42187369309054734, -0.19277161588277367, 0.20552997271485224, -0.4732462149203326]","[0.14568263266396667, -0.6594028446959777, -0.42086869582591263, -0.42626176321457515, -0.19275416259025377, 0.2054776128372924, -0.47322857338574253]","[0.42080078737257015, -0.0036927667361289634, 0.5273853735996592]","[0.421272, -0.004438999999999999, 0.526393]"
944,return,47.200000,47.201487,0.000295,0.050872,2026-09-25T17:07:32.967774+00:00,2026-09-25T17:07:32.968951+00:00,0.001191,1790356052.964206,1790356052.949698,0,1,0,0.005237,0.001403,"[0.14447606973474705, -0.6593853914034576, -0.412140622716661, -0.4184656636353302, -0.19277161588277367, 0.2055299727148522, -0.47324604716719526]","[0.14522884705844816, -0.6594028446959777, -0.41737803732192397, -0.4223173191050679, -0.19275416259025377, 0.2054776128372924, -0.47322857338574253]","[0.42050207808993023, -0.0033002886233901192, 0.5280043279190886]","[0.420988, -0.00411, 0.526967]"
945,return,47.250000,47.250979,0.000208,0.049493,2026-09-25T17:07:33.017684+00:00,2026-09-25T17:07:33.018440+00:00,0.000771,1790356053.014175,1790356053.008672,0,0,0,0.005422,0.001115,"[0.14375353735409407, -0.6593853914034576, -0.4082038718940876, -0.4151106987232938, -0.19277161588277367, 0.20552997271485224, -0.4732460266782625]","[0.1445132620651305, -0.6594028446959777, -0.41362557943013617, -0.4197342318121163, -0.19275416259025377, 0.2054776128372924, -0.47322857338574253]","[0.42020519639121456, -0.002949337446021917, 0.5286125732691794]","[0.420616, -0.003529, 0.527753]"
946,return,47.300000,47.300717,0.000255,0.049738,2026-09-25T17:07:33.067733+00:00,2026-09-25T17:07:33.068178+00:00,0.000463,1790356053.063725,1790356053.049730,0,1,0,0.005316,0.001295,"[0.14296301285970903, -0.6593853914034576, -0.4042605201520329, -0.411764061537996, -0.19277161588277367, 0.20552997271485224, -0.47324602667826254]","[0.14357078426905356, -0.6594028446959777, -0.4095764155655093, -0.41558034819236983, -0.19275416259025377, 0.2054776128372924, -0.47322857338574253]","[0.4199051241382062, -0.002632029850621092, 0.5292195746439888]","[0.42034099999999996, -0.003423, 0.528292]"
947,return,47.350000,47.350630,0.000195,0.049912,2026-09-25T17:07:33.117673+00:00,2026-09-25T17:07:33.118091+00:00,0.000435,1790356053.114715,1790356053.108664,0,0,0,0.004721,0.001081,"[0.14210937220782052, -0.6593853914034576, -0.40031771648893044, -0.4084500581004218, -0.19277161588277367, 0.20552997271485224, -0.4732460266782625]","[0.14306463878597522, -0.6594028446959777, -0.4050385595103241, -0.41264819504901934, -0.19275416259025377, 0.2054776128372924, -0.47322857338574253]","[0.4196049536004998, -0.0023489121299447822, 0.5298200899159076]","[0.42002999999999996, -0.00284, 0.528956]"
948,return,47.400000,47.400622,0.000193,0.049993,2026-09-25T17:07:33.167671+00:00,2026-09-25T17:07:33.168083+00:00,0.000429,1790356053.163704,1790356053.149437,0,1,0,0.004778,0.001235,"[0.14119676440732154, -0.6593853914034576, -0.39638591026051095, -0.4052017268147186, -0.19277161588277367, 0.20552997271485224, -0.4732460266782625]","[0.1421745208674581, -0.6594028446959777, -0.4011639285708966, -0.40917498983755063, -0.19275416259025377, 0.20554742600737222, -0.47322857338574253]","[0.4193089124007681, -0.0021017505580669497, 0.5304070362300303]","[0.419778, -0.002719, 0.529446]"
949,return,47.450000,47.450854,0.000160,0.050232,2026-09-25T17:07:33.217637+00:00,2026-09-25T17:07:33.218319+00:00,0.000694,1790356053.214938,1790356053.208643,0,0,0,0.004883,0.001032,"[0.1402287390121534, -0.6593853914034576, -0.3924760306733107, -0.40205139194327993, -0.19277161588277367, 0.20552997271485224, -0.4732460266782625]","[0.14110987002374156, -0.6594028446959777, -0.397359110801549, -0.4058937708438013, -0.19275416259025377, 0.20554742600737222, -0.47322857338574253]","[0.41902122755139987, -0.0018924228881167793, 0.5309735223796826]","[0.419429, -0.002375, 0.530157]"
950,return,47.500000,47.501035,0.000264,0.050181,2026-09-25T17:07:33.267743+00:00,2026-09-25T17:07:33.268498+00:00,0.000772,1790356053.263770,1790356053.249772,0,1,0,0.005054,0.001048,"[0.13919271484434995, -0.6593853914034576, -0.3886049946195886, -0.3989980328299183, -0.19277161588277364, 0.20552997271485224, -0.4732460266782625]","[0.14062117783318315, -0.6594028446959777, -0.393659012787321, -0.40269981831265167, -0.19275416259025377, 0.20554742600737222, -0.47322857338574253]","[0.4187414669957034, -0.0017273725294465955, 0.5315204126046491]","[0.419183, -0.002069, 0.5306339999999999]"
951,return,47.550000,47.551856,0.000223,0.050821,2026-09-25T17:07:33.317705+00:00,2026-09-25T17:07:33.319319+00:00,0.001633,1790356053.315156,1790356053.309607,0,0,0,0.004976,0.000835,"[0.13809460921014965, -0.6593853914034576, -0.38475606100212856, -0.39602420663146914, -0.19277161588277367, 0.20552997271485224, -0.4732460266782625]","[0.13941690064930706, -0.6594028446959777, -0.3897320219703338, -0.39936623944134253, -0.19275416259025377, 0.20554742600737222, -0.47322857338574253]","[0.41846815433817997, -0.0016008953492021756, 0.5320510267484483]","[0.41883499999999996, -0.0018059999999999999, 0.53133]"
952,return,47.600000,47.600732,0.000193,0.048875,2026-09-25T17:07:33.367671+00:00,2026-09-25T17:07:33.368193+00:00,0.000538,1790356053.363588,1790356053.349858,0,1,0,0.004590,0.001075,"[0.13695128706236712, -0.6593853914034576, -0.38090064775966964, -0.3931192334917089, -0.1927716158827737, 0.20552997271485224, -0.4732460266782625]","[0.1382998899280307, -0.6594028446959777, -0.3854908718879876, -0.39634681983539227, -0.19275416259025377, 0.20554742600737222, -0.47322857338574253]","[0.4182010668266931, -0.0015022541669156217, 0.5325667473381974]","[0.41867299999999996, -0.001789, 0.531644]"
953,return,47.650000,47.650829,0.000195,0.050097,2026-09-25T17:07:33.417672+00:00,2026-09-25T17:07:33.418290+00:00,0.000635,1790356053.415694,1790356053.409292,0,0,0,0.004484,0.000797,"[0.13577961335381664, -0.6593853914034575, -0.3770101728309491, -0.3902724335544126, -0.19277161588277367, 0.2055299727148522, -0.4732460266782625]","[0.13707815945163465, -0.6594028446959777, -0.38149406790092055, -0.39355429303220135, -0.19275416259025377, 0.20554742600737222, -0.47322857338574253]","[0.41793989650856617, -0.0014208281254959425, 0.5330689905693081]","[0.41829299999999997, -0.001602, 0.532378]"
954,return,47.700000,47.701485,0.000339,0.050656,2026-09-25T17:07:33.467817+00:00,2026-09-25T17:07:33.468949+00:00,0.001146,1790356053.463884,1790356053.452060,0,1,0,0.004494,0.000901,"[0.13458764443532176, -0.6593853914034576, -0.37307292556153426, -0.38748132253647855, -0.1927716158827737, 0.20552997271485224, -0.4732460266782625]","[0.1357691625126389, -0.6594028446959777, -0.3775670770839333, -0.39051742013373125, -0.19275416259025377, 0.20554742600737222, -0.47322857338574253]","[0.41768481672731816, -0.0013519238348391992, 0.5335579551063253]","[0.41808599999999996, -0.001571, 0.532781]"
955,return,47.750000,47.751035,0.000203,0.049550,2026-09-25T17:07:33.517681+00:00,2026-09-25T17:07:33.518497+00:00,0.000832,1790356053.514003,1790356053.509761,0,0,0,0.004548,0.000848,"[0.13336420287692494, -0.6593853914034576, -0.36910912407175944, -0.38475469633675924, -0.19277161588277367, 0.20552997271485224, -0.47324602667826254]","[0.13463469849884258, -0.6594028446959777, -0.373657539559466, -0.38817867893605884, -0.19275416259025377, 0.20554742600737222, -0.47322857338574253]","[0.41743645937266277, -0.0013026128667401084, 0.5340324289036049]","[0.41781199999999996, -0.001547, 0.5333129999999999]"
956,return,47.800000,47.800637,0.000176,0.049603,2026-09-25T17:07:33.567653+00:00,2026-09-25T17:07:33.568098+00:00,0.000462,1790356053.563618,1790356053.548546,0,1,0,0.005032,0.000849,"[0.1321074386304387, -0.6593853914034576, -0.3651169991934994, -0.38208711924138167, -0.19277161588277367, 0.20552997271485224, -0.47324602667826243]","[0.13323843509724712, -0.6594028446959777, -0.37014942776295745, -0.38510689945254883, -0.19275416259025377, 0.20554742600737222, -0.47322857338574253]","[0.4171942458216175, -0.0012729853461672797, 0.5344936146539601]","[0.417564, -0.0015069999999999999, 0.533766]"
957,return,47.850000,47.850534,0.000163,0.049896,2026-09-25T17:07:33.617638+00:00,2026-09-25T17:07:33.617994+00:00,0.000370,1790356053.614135,1790356053.610047,0,0,0,0.004675,0.000658,"[0.13081593027614957, -0.6593853914034576, -0.3610939001710721, -0.3794726750709983, -0.19277161588277367, 0.20552997271485224, -0.47324602667826254]","[0.13241813034880978, -0.6594028446959777, -0.36576865134045167, -0.3828030648399163, -0.19275416259025377, 0.20554742600737222, -0.47322857338574253]","[0.4169575373600194, -0.0012628570463666389, 0.5349427904576145]","[0.417253, -0.0013449999999999998, 0.534361]"
958,return,47.900000,47.901208,0.000253,0.050675,2026-09-25T17:07:33.667726+00:00,2026-09-25T17:07:33.668671+00:00,0.000956,1790356053.664208,1790356053.649522,0,1,0,0.005296,0.000911,"[0.12948904071069228, -0.6593853914034576, -0.3570341512627578, -0.3769039593301836, -0.19277161588277367, 0.20552997271485224, -0.4732460266782625]","[0.1309695070696545, -0.6594028446959777, -0.36233035271402286, -0.38018507096192483, -0.19275416259025377, 0.20554742600737222, -0.47322857338574253]","[0.41672556042702413, -0.001271364651694487, 0.535381465010376]","[0.41714999999999997, -0.001284, 0.5345759999999999]"
959,return,47.950000,47.951914,0.000187,0.050706,2026-09-25T17:07:33.717664+00:00,2026-09-25T17:07:33.719377+00:00,0.001728,1790356053.714511,1790356053.708875,0,0,0,0.005485,0.000658,"[0.12813122299872234, -0.6593853914034576, -0.3529182896215065, -0.3743700986447428, -0.19277161588277367, 0.20552997271485224, -0.47324602667826254]","[0.12962560354561886, -0.6594028446959777, -0.3584033618970356, -0.37721801123353443, -0.19275416259025377, 0.20554742600737222, -0.47322857338574253]","[0.41649746874425086, -0.001294103998388512, 0.535811466562348]","[0.416797, -0.001382, 0.5352319999999999]"
960,return,48.000000,48.001735,0.000321,0.049820,2026-09-25T17:07:33.767799+00:00,2026-09-25T17:07:33.769197+00:00,0.001414,1790356053.764014,1790356053.748579,0,1,0,0.004992,0.000798,"[0.12673884814046138, -0.6593853914034576, -0.34876899772526815, -0.37188717856848624, -0.19277161588277364, 0.20552997271485224, -0.4732460266782625]","[0.12803735392630403, -0.6594028446959777, -0.35376078608673067, -0.3747920035732623, -0.19275416259025377, 0.20554742600737222, -0.47322857338574253]","[0.416274858092232, -0.0013356792150296393, 0.5362299968446355]","[0.416633, -0.001462, 0.535528]"
961,return,48.050000,48.050596,0.000189,0.048861,2026-09-25T17:07:33.817666+00:00,2026-09-25T17:07:33.818057+00:00,0.000407,1790356053.813608,1790356053.808339,0,0,0,0.005164,0.000579,"[0.12530626887380547, -0.6593853914034576, -0.344617815724979, -0.36947625147987073, -0.19277161588277367, 0.20552997271485224, -0.4732460266782625]","[0.12650146418454902, -0.6594028446959777, -0.3497814353921836, -0.3719471168925116, -0.19275416259025377, 0.20554742600737222, -0.47322857338574253]","[0.4160598149714664, -0.0014025459544841495, 0.5366334123870449]","[0.41631199999999996, -0.0015429999999999999, 0.536131]"
962,return,48.100000,48.100773,0.000216,0.050177,2026-09-25T17:07:33.867696+00:00,2026-09-25T17:07:33.868235+00:00,0.000556,1790356053.863503,1790356053.848492,0,0,0,0.005323,0.000741,"[0.12382783793665034, -0.6593853914034576, -0.34049628377157415, -0.36715836975735233, -0.19277161588277367, 0.20552997271485224, -0.4732460266782625]","[0.12541936004831253, -0.6594028446959777, -0.34581953799015647, -0.36985272179011836, -0.19275416259025377, 0.20554742600737222, -0.47322857338574253]","[0.41585450257102546, -0.0015010279647431207, 0.5370180375017967]","[0.416199, -0.001486, 0.536362]"
963,return,48.150000,48.150917,0.000195,0.050144,2026-09-25T17:07:33.917671+00:00,2026-09-25T17:07:33.918378+00:00,0.000721,1790356053.913588,1790356053.908317,0,0,0,0.005195,0.000485,"[0.1223001170299596, -0.6593853914034576, -0.336418440625699, -0.3649370318862072, -0.19277161588277367, 0.20552997271485224, -0.4732460266782625]","[0.12409290981679684, -0.6594028446959777, -0.3416132944928501, -0.3676012470550457, -0.19275416259025377, 0.20554742600737222, -0.47322857338574253]","[0.41565916280747367, -0.0016337106868291838, 0.5373835292402361]","[0.415871, -0.0015609999999999999, 0.536953]"
964,return,48.200000,48.201101,0.000207,0.050184,2026-09-25T17:07:33.967683+00:00,2026-09-25T17:07:33.968564+00:00,0.000893,1790356053.963619,1790356053.949174,0,0,0,0.005444,0.000736,"[0.12072681337001284, -0.6593853914034576, -0.3323644926977072, -0.36280006231811696, -0.19277161588277367, 0.20552997271485224, -0.47324602667826254]","[0.12248720690496204, -0.6594028446959777, -0.3378084767235025, -0.3651403328097337, -0.19275416259025377, 0.20554742600737222, -0.47322857338574253]","[0.4154728268539185, -0.001796239394855497, 0.5377319572317821]","[0.41578, -0.001481, 0.537142]"
965,return,48.250000,48.250563,0.000165,0.049462,2026-09-25T17:07:34.017640+00:00,2026-09-25T17:07:34.018023+00:00,0.000398,1790356054.013673,1790356054.008961,0,0,0,0.004641,0.000487,"[0.11911299796767894, -0.6593853914034576, -0.3283152316130943, -0.3607450023811446, -0.19277161588277364, 0.20552997271485224, -0.47324602667826243]","[0.12070697106792784, -0.6594028446959777, -0.33295646140295826, -0.3630808442923804, -0.19275416259025377, 0.20554742600737222, -0.47322857338574253]","[0.41529587028469794, -0.0019844681020356435, 0.5380632575033715]","[0.415512, -0.0018729999999999999, 0.5376409999999999]"
966,return,48.300000,48.300917,0.000313,0.050354,2026-09-25T17:07:34.067793+00:00,2026-09-25T17:07:34.068379+00:00,0.000603,1790356054.063641,1790356054.048712,0,0,0,0.004953,0.000598,"[0.1174637418338268, -0.6593853914034576, -0.32425144899735603, -0.35876939340335373, -0.19277161588277367, 0.20552997271485224, -0.47324602667826243]","[0.11915362803365288, -0.6594028446959777, -0.32920400351117046, -0.3608642761423476, -0.19275416259025377, 0.20554742600737222, -0.47322857338574253]","[0.41512864042807246, -0.002194294866159817, 0.5383773874463033]","[0.415398, -0.002121, 0.537849]"
967,return,48.350000,48.351051,0.000157,0.050135,2026-09-25T17:07:34.117635+00:00,2026-09-25T17:07:34.118513+00:00,0.000895,1790356054.113501,1790356054.108940,0,0,0,0.005390,0.000373,"[0.11578504720132171, -0.6593853914034576, -0.3201658478195196, -0.3568758763057383, -0.19277161588277367, 0.20552997271485224, -0.4732460266782625]","[0.1173908454891386, -0.6594028446959777, -0.3255562653745023, -0.35859534811475496, -0.19275416259025377, 0.20554742600737222, -0.47322857338574253]","[0.41497184857555164, -0.002422605581777485, 0.5386735538601897]","[0.41511, -0.002266, 0.538364]"
968,return,48.400000,48.400731,0.000202,0.049680,2026-09-25T17:07:34.167684+00:00,2026-09-25T17:07:34.168192+00:00,0.000529,1790356054.163431,1790356054.149932,0,0,0,0.004899,0.000626,"[0.11407906028587478, -0.6593853914034576, -0.31608487755027564, -0.3550758436520501, -0.19277161588277367, 0.20552997271485224, -0.47324602667826254]","[0.11604694196510297, -0.6594028446959777, -0.32098350273427717, -0.3571816314206395, -0.19275416259025377, 0.20554742600737222, -0.47322857338574253]","[0.4148264647851814, -0.002671281915914852, 0.538950048811366]","[0.415076, -0.002356, 0.53847]"
969,return,48.450000,48.450536,0.000185,0.049804,2026-09-25T17:07:34.217660+00:00,2026-09-25T17:07:34.217996+00:00,0.000351,1790356054.214042,1790356054.209964,0,1,0,0.005314,0.000568,"[0.11233586034622217, -0.6593853914034576, -0.3119870705004998, -0.3533528749968717, -0.19277161588277367, 0.20552997271485224, -0.47324602667826243]","[0.11458086539342774, -0.6594028446959777, -0.31730085801256913, -0.3553315824135256, -0.19275416259025377, 0.20554742600737222, -0.47322857338574253]","[0.4146907911038545, -0.0029413737372899103, 0.5392098895654591]","[0.41491, -0.002634, 0.538786]"
970,return,48.500000,48.501459,0.000201,0.050924,2026-09-25T17:07:34.267681+00:00,2026-09-25T17:07:34.268924+00:00,0.001258,1790356054.264198,1790356054.248395,0,0,0,0.005546,0.000645,"[0.11054469069264153, -0.6593853914034576, -0.3078454581123881, -0.351687838799197, -0.19277161588277367, 0.20552997271485224, -0.4732460266782625]","[0.11241665712095476, -0.6594028446959777, -0.3133913204881018, -0.3534291735288517, -0.19275416259025377, 0.20554742600737222, -0.47322857338574253]","[0.4145628263487829, -0.0032337226030073538, 0.5394565516533579]","[0.41476599999999997, -0.00278, 0.539046]"
971,return,48.550000,48.550476,0.000156,0.049017,2026-09-25T17:07:34.317634+00:00,2026-09-25T17:07:34.317937+00:00,0.000321,1790356054.314068,1790356054.310147,0,1,0,0.005238,0.000483,"[0.10869531490063722, -0.6593853914034576, -0.3036332480841823, -0.35006219344561834, -0.19277161588277367, 0.20552997271485224, -0.4732460266782625]","[0.11093312725675958, -0.6594028446959777, -0.3088709177254365, -0.3518583772020568, -0.19275416259025377, 0.20554742600737222, -0.47322857338574253]","[0.4144405828344566, -0.003549090775005488, 0.5396934091656524]","[0.414564, -0.003163, 0.53943]"
972,return,48.600000,48.602335,0.000434,0.051858,2026-09-25T17:07:34.367914+00:00,2026-09-25T17:07:34.369799+00:00,0.001900,1790356054.364058,1790356054.349475,0,0,0,0.004922,0.000688,"[0.10679509469498777, -0.6593853914034575, -0.2993413388733736, -0.34848083891563764, -0.19277161588277367, 0.20552997271485224, -0.47324602667826254]","[0.10882127886184645, -0.6594028446959777, -0.30426324850017145, -0.3501828611201423, -0.19275416259025377, 0.20554742600737222, -0.47322857338574253]","[0.4143250386028999, -0.003883926216114112, 0.5399191557565711]","[0.41451899999999997, -0.0033539999999999998, 0.5395249999999999]"
973,return,48.650000,48.650410,0.000111,0.048075,2026-09-25T17:07:34.417579+00:00,2026-09-25T17:07:34.417870+00:00,0.000299,1790356054.413765,1790356054.408123,0,1,0,0.005311,0.000598,"[0.10484513248272306, -0.6593853914034576, -0.2949904369027888, -0.34695107039622497, -0.19277161588277367, 0.20552997271485224, -0.4732460266782625]","[0.10721557595001166, -0.6594028446959777, -0.3003013510981443, -0.3484549851606679, -0.19275416259025377, 0.20554742600737222, -0.47322857338574253]","[0.41421664002677067, -0.004239864221953951, 0.5401328298688488]","[0.41436, -0.003743, 0.539833]"
974,return,48.700000,48.700890,0.000298,0.050480,2026-09-25T17:07:34.467777+00:00,2026-09-25T17:07:34.468352+00:00,0.000591,1790356054.463470,1790356054.448378,0,0,0,0.005264,0.000675,"[0.1028386284992685, -0.6593853914034576, -0.29060378430557726, -0.34547277263713294, -0.1927716158827737, 0.20552997271485224, -0.4732460266782625]","[0.10519099401769824, -0.6594028446959777, -0.2958682147980788, -0.34691909541891286, -0.19275416259025377, 0.20554742600737222, -0.47322857338574253]","[0.4141146398808134, -0.004621531654216346, 0.5403351715382425]","[0.414265, -0.004045, 0.540019]"
975,return,48.750000,48.751460,0.000310,0.050570,2026-09-25T17:07:34.517789+00:00,2026-09-25T17:07:34.518924+00:00,0.001151,1790356054.513339,1790356054.508146,0,1,0,0.005754,0.000549,"[0.10076878298004974, -0.6593853914034576, -0.2862046232148887, -0.3440458303881148, -0.19277161588277367, 0.20552997271485224, -0.4732460266782625]","[0.10306169233026516, -0.6594028446959777, -0.29195867727361147, -0.3455053787247975, -0.19275416259025377, 0.20554742600737222, -0.47322857338574253]","[0.41401829108275423, -0.005033527901890121, 0.5405268937965815]","[0.41412099999999996, -0.0045509999999999995, 0.540285]"
976,return,48.800000,48.801650,0.000211,0.050190,2026-09-25T17:07:34.567689+00:00,2026-09-25T17:07:34.569112+00:00,0.001439,1790356054.564091,1790356054.548334,0,0,0,0.005525,0.000723,"[0.0986244836499155, -0.6593853914034576, -0.281791000932982, -0.3426680385277772, -0.1927716158827737, 0.20552997271485224, -0.4732460266782625]","[0.10107201698299163, -0.6594028446959777, -0.28731610146330655, -0.34424874166336156, -0.19275416259025377, 0.20554742600737222, -0.47322857338574253]","[0.4139272274401597, -0.005480034921509381, 0.5407084358042509]","[0.414143, -0.004927, 0.540295]"
977,return,48.850000,48.852224,0.000307,0.050574,2026-09-25T17:07:34.617785+00:00,2026-09-25T17:07:34.619686+00:00,0.001917,1790356054.613438,1790356054.608125,0,1,0,0.005858,0.000638,"[0.09640507634846407, -0.6593853914034576, -0.2773389458694777, -0.3413380624582599, -0.19277161588277367, 0.20552997271485224, -0.47324602667826254]","[0.09906488834319815, -0.6593504848184178, -0.2831971244285999, -0.3426604920440467, -0.19275416259025377, 0.20554742600737222, -0.47322857338574253]","[0.41384186940080625, -0.005959169675132658, 0.540879426839643]","[0.413918, -0.005357, 0.540683]"
978,return,48.900000,48.901981,0.000408,0.049757,2026-09-25T17:07:34.667883+00:00,2026-09-25T17:07:34.669443+00:00,0.001573,1790356054.663342,1790356054.649310,0,0,0,0.005484,0.000867,"[0.09413115824128684, -0.6593853914034576, -0.27287886426654706, -0.3400613422473339, -0.19277161588277367, 0.20552997271485224, -0.47324602667826243]","[0.09686577348568529, -0.6593504848184178, -0.2783625624005756, -0.3413165885200111, -0.19275416259025377, 0.20554742600737222, -0.47322857338574253]","[0.4137622284519448, -0.006465079063393699, 0.541039521636966]","[0.413863, -0.0056419999999999994, 0.5407879999999999]"
979,return,48.950000,48.950703,0.000120,0.048722,2026-09-25T17:07:34.717589+00:00,2026-09-25T17:07:34.718163+00:00,0.000583,1790356054.713321,1790356054.708297,0,1,0,0.005714,0.000613,"[0.09182378170684075, -0.6593853914034575, -0.2684427956928637, -0.3388434867403546, -0.19277161588277367, 0.20552997271485224, -0.47324602667826243]","[0.09452703228801289, -0.6593504848184178, -0.2741563189032693, -0.3397632454857361, -0.19275416259025377, 0.20554742600737222, -0.47322857338574253]","[0.41368835766996803, -0.006991827319719791, 0.5411883490142084]","[0.41367499999999996, -0.006382, 0.541127]"
980,return,49.000000,49.001405,0.000290,0.050702,2026-09-25T17:07:34.767768+00:00,2026-09-25T17:07:34.768869+00:00,0.001115,1790356054.763449,1790356054.748289,0,0,0,0.005388,0.000841,"[0.08949825976372416, -0.6593853914034576, -0.26405599869989776, -0.33769007937640017, -0.19277161588277367, 0.20552997271485224, -0.4732460266782625]","[0.09211847792026072, -0.6593504848184178, -0.26944392992288463, -0.3387160479345395, -0.19275416259025377, 0.20554742600737222, -0.47322857338574253]","[0.4136205162849014, -0.0075352683189145765, 0.5413253246863461]","[0.41364399999999996, -0.006703, 0.541204]"
981,return,49.050000,49.050854,0.000164,0.049449,2026-09-25T17:07:34.817641+00:00,2026-09-25T17:07:34.818315+00:00,0.000690,1790356054.813395,1790356054.808302,0,1,0,0.005447,0.000790,"[0.08712500285862751, -0.6593853914034576, -0.25968552954237334, -0.33660254090929365, -0.19277161588277367, 0.20552997271485224, -0.47324602667826254]","[0.08998917623282762, -0.6593504848184178, -0.2651329666704586, -0.3374768641656236, -0.19275416259025377, 0.20554742600737222, -0.47322857338574253]","[0.4135596415174715, -0.00810487979082319, 0.5414491953457087]","[0.41354399999999997, -0.007317, 0.541397]"
982,return,49.100000,49.102250,0.000307,0.051396,2026-09-25T17:07:34.867787+00:00,2026-09-25T17:07:34.869713+00:00,0.001942,1790356054.863470,1790356054.849739,0,0,0,0.005637,0.000932,"[0.08471919160042132, -0.6593853914034576, -0.2553416703863279, -0.3355750478208865, -0.19277161588277364, 0.20552997271485224, -0.4732460266782625]","[0.08754571528003557, -0.6593504848184178, -0.2609790830507121, -0.33679618575734577, -0.19275416259025377, 0.20554742600737222, -0.47322857338574253]","[0.4135046701153656, -0.008694734967831868, 0.5415615117679458]","[0.41357299999999997, -0.007783, 0.5413789999999999]"
983,return,49.150000,49.152095,0.000210,0.049845,2026-09-25T17:07:34.917689+00:00,2026-09-25T17:07:34.919557+00:00,0.001885,1790356054.913460,1790356054.909618,0,1,0,0.005863,0.000526,"[0.08230936963361898, -0.6593853914034576, -0.2510495457856135, -0.3346011076805965, -0.19277161588277367, 0.20552997271485224, -0.4732460266782625]","[0.0850149878646438, -0.6593504848184178, -0.2569124658935653, -0.33557445528094976, -0.19275416259025377, 0.20554742600737222, -0.47322857338574253]","[0.4134541796429191, -0.00929455633604077, 0.5416643571942624]","[0.413418, -0.008771, 0.541634]"
984,return,49.200000,49.201807,0.000259,0.049713,2026-09-25T17:07:34.967738+00:00,2026-09-25T17:07:34.969270+00:00,0.001548,1790356054.964362,1790356054.948052,0,0,0,0.005767,0.000968,"[0.07992408060273307, -0.6593853914034576, -0.24683428029408097, -0.3336742280578411, -0.19277161588277367, 0.20552997271485224, -0.4732460266782625]","[0.08272860654453122, -0.6593504848184178, -0.25260150264113934, -0.33454471102227307, -0.19275416259025377, 0.20554742600737222, -0.47322857338574253]","[0.41340681787239264, -0.009894079292608677, 0.5417597915181988]","[0.41344899999999996, -0.008936999999999999, 0.541624]"
985,return,49.250000,49.251651,0.000334,0.049844,2026-09-25T17:07:35.017814+00:00,2026-09-25T17:07:35.019114+00:00,0.001318,1790356055.013920,1790356055.009038,0,1,0,0.005778,0.000727,"[0.07755409680465189, -0.659385456711931, -0.24270487367546445, -0.33280251104498615, -0.19277161588277367, 0.20552997271485224, -0.473245917830807]","[0.08032005217677905, -0.6593504848184178, -0.2484825256064327, -0.33367204639627596, -0.19275416259025377, 0.20554742600737222, -0.47322857338574253]","[0.41336359986262994, -0.010498119156463507, 0.541846152030324]","[0.413377, -0.009776, 0.5417649999999999]"
986,return,49.300000,49.301750,0.000319,0.050098,2026-09-25T17:07:35.067801+00:00,2026-09-25T17:07:35.069223+00:00,0.001431,1790356055.064859,1790356055.048985,0,0,0,0.004932,0.000931,"[0.07518537563705455, -0.6593855758038529, -0.23864594386346086, -0.331988091332718, -0.19277161588277367, 0.20552997271485224, -0.47324571934427045]","[0.07782423134642716, -0.6593504848184178, -0.24357815040832861, -0.3326946620151591, -0.19275416259025377, 0.20554742600737222, -0.47322857338574253]","[0.4133251979109045, -0.011111210312378534, 0.5419225019200388]","[0.413261, -0.010183, 0.5419459999999999]"
987,return,49.350000,49.351685,0.000256,0.049935,2026-09-25T17:07:35.117735+00:00,2026-09-25T17:07:35.119147+00:00,0.001429,1790356055.112575,1790356055.108213,0,1,0,0.005023,0.000703,"[0.07283923839564085, -0.6593856334289764, -0.23464604266686662, -0.33121552538793586, -0.19277161588277364, 0.20552997271485224, -0.47324562330239783]","[0.07543313027119493, -0.6593504848184178, -0.23966861288386135, -0.33220596982460066, -0.19275416259025377, 0.20554742600737222, -0.47322857338574253]","[0.4132898233318469, -0.011722718423506199, 0.5419919832876247]","[0.413296, -0.011023, 0.541925]"
988,return,49.400000,49.401282,0.000329,0.049598,2026-09-25T17:07:35.167808+00:00,2026-09-25T17:07:35.168745+00:00,0.000954,1790356055.163839,1790356055.148214,0,0,0,0.004996,0.001017,"[0.07053700637610982, -0.6593855143370545, -0.2306937218944766, -0.33046936967753826, -0.19277161588277367, 0.20552997271485224, -0.4732458217889344]","[0.07347836150896127, -0.6593504848184178, -0.23568926218931424, -0.3311238656883642, -0.19275416259025377, 0.20554742600737222, -0.47322857338574253]","[0.41325572192501486, -0.012322061627918188, 0.5420577512381587]","[0.413271, -0.011308, 0.5419849999999999]"
989,return,49.450000,49.450978,0.000219,0.049696,2026-09-25T17:07:35.217698+00:00,2026-09-25T17:07:35.218441+00:00,0.000758,1790356055.213218,1790356055.208060,0,1,0,0.004761,0.000826,"[0.06829481323004238, -0.6593851904070269, -0.2267913822857709, -0.329738875041486, -0.19277161588277367, 0.20552997271485224, -0.4732463616723138]","[0.07086036763096978, -0.6593504848184178, -0.2315528318620877, -0.33058281362024594, -0.19275416259025377, 0.20554742600737222, -0.47322857338574253]","[0.41322148528346025, -0.012902179025964577, 0.5421222388074013]","[0.413215, -0.012077, 0.542084]"
990,return,49.500000,49.502597,0.000501,0.051619,2026-09-25T17:07:35.267982+00:00,2026-09-25T17:07:35.270061+00:00,0.002096,1790356055.264343,1790356055.248207,0,0,0,0.004883,0.000574,"[0.06610129420741223, -0.6593848554129756, -0.2229699056310502, -0.32903437153869786, -0.19277161588277367, 0.20552997271485224, -0.4732469199957327]","[0.06839945338565778, -0.6593504848184178, -0.22785273384785973, -0.32984977533440835, -0.19275416259025377, 0.20554742600737222, -0.47322857338574253]","[0.4131879129114467, -0.013470667822543778, 0.5421837952905423]","[0.413201, -0.012912999999999999, 0.542047]"
991,return,49.550000,49.551863,0.000263,0.049266,2026-09-25T17:07:35.317745+00:00,2026-09-25T17:07:35.319326+00:00,0.001600,1790356055.313289,1790356055.309180,0,1,0,0.004648,0.000691,"[0.06394955211877004, -0.6593843206518294, -0.21919068227800537, -0.3283572719835353, -0.19277161588277367, 0.20552997271485224, -0.47324781126430965]","[0.06665412413366345, -0.6593504848184178, -0.22383847656827277, -0.3288723909532915, -0.19275416259025377, 0.20554742600737222, -0.47322857338574253]","[0.41315620483683035, -0.014027312625578906, 0.5422411717323343]","[0.413116, -0.013338, 0.542258]"
992,return,49.600000,49.602324,0.000268,0.050461,2026-09-25T17:07:35.367749+00:00,2026-09-25T17:07:35.369788+00:00,0.002056,1790356055.364875,1790356055.349164,0,0,0,0.004399,0.001099,"[0.06183428545275237, -0.6593833556230944, -0.2154080347120653, -0.32770730745875526, -0.19277161588277367, 0.20552997271485224, -0.47324941964553485]","[0.06435028952103093, -0.6593504848184178, -0.21980676599616586, -0.3282964323001334, -0.19275416259025377, 0.20554742600737222, -0.47322857338574253]","[0.4131274683781668, -0.014570611814703822, 0.54229337040234]","[0.413079, -0.013472999999999999, 0.542329]"
993,return,49.650000,49.652293,0.001056,0.049969,2026-09-25T17:07:35.418537+00:00,2026-09-25T17:07:35.419756+00:00,0.001237,1790356055.413267,1790356055.409354,0,1,0,0.004564,0.000650,"[0.05975089526350237, -0.6593817336679513, -0.2115778486217886, -0.32708381499371475, -0.19277161588277367, 0.20552997271485224, -0.4732521229041067]","[0.062029001615878473, -0.6593504848184178, -0.21614157456697777, -0.32740631438161627, -0.19275416259025377, 0.20554742600737222, -0.47322857338574253]","[0.41310269045734244, -0.015098894241568635, 0.5423395551829211]","[0.41305899999999995, -0.014450999999999999, 0.5423589999999999]"
994,return,49.700000,49.702413,0.000263,0.050120,2026-09-25T17:07:35.467743+00:00,2026-09-25T17:07:35.469875+00:00,0.002150,1790356055.463362,1790356055.450029,0,0,0,0.004918,0.000813,"[0.05771390861415669, -0.6593794340413557, -0.20771560257635113, -0.3264770347364946, -0.19277161588277364, 0.20552997271485224, -0.47325595561509937]","[0.060004419683565055, -0.6593504848184178, -0.21263346277046916, -0.3267954491434183, -0.19275416259025377, 0.20554742600737222, -0.47322857338574253]","[0.4130802246516198, -0.015606902484568613, 0.5423823105957023]","[0.412987, -0.014804, 0.542474]"
995,return,49.750000,49.751766,0.000214,0.049353,2026-09-25T17:07:35.517693+00:00,2026-09-25T17:07:35.519228+00:00,0.001552,1790356055.513150,1790356055.508891,0,1,0,0.004818,0.000701,"[0.0557167729391152, -0.6593765965802739, -0.20383625339425535, -0.32589346844014155, -0.19277161588277367, 0.20552997271485224, -0.4732606847169023]","[0.05799729104377157, -0.6593504848184178, -0.2086541120759221, -0.32637657012293964, -0.19275416259025377, 0.20554742600737222, -0.47322857338574253]","[0.41306069484741487, -0.01609878616291771, 0.5424205005641544]","[0.413018, -0.015399, 0.5424439999999999]"
996,return,49.800000,49.802370,0.000309,0.050604,2026-09-25T17:07:35.567789+00:00,2026-09-25T17:07:35.569833+00:00,0.002062,1790356055.563385,1790356055.551125,0,0,0,0.004950,0.000904,"[0.053740203030375765, -0.6593733365349531, -0.1999340001464007, -0.3253474839687847, -0.1927716158827737, 0.20552997271485224, -0.4732661181257703]","[0.05612978874413764, -0.6593504848184178, -0.20488420089161435, -0.32578315817726156, -0.19275416259025377, 0.20554742600737222, -0.47322857338574253]","[0.4130462593273628, -0.016582634954122343, 0.5424507367322272]","[0.413033, -0.015679, 0.542434]"
997,return,49.850000,49.851747,0.000981,0.049377,2026-09-25T17:07:35.618461+00:00,2026-09-25T17:07:35.619210+00:00,0.000766,1790356055.613576,1790356055.609666,0,1,0,0.005007,0.000543,"[0.051764913679936776, -0.6593697691556403, -0.19600304190368767, -0.3248534491865529, -0.19277161588277367, 0.20552997271485224, -0.4732720637579584]","[0.05396558047166467, -0.6593504848184178, -0.2010095699521869, -0.3249803067213442, -0.19275416259025377, 0.20554742600737222, -0.47322857338574253]","[0.4130390433344864, -0.017066497008499666, 0.542469632996453]","[0.412939, -0.016541999999999998, 0.542571]"
998,return,49.900000,49.901901,0.000271,0.050154,2026-09-25T17:07:35.667752+00:00,2026-09-25T17:07:35.669363+00:00,0.001630,1790356055.662764,1790356055.648946,0,0,0,0.005298,0.000769,"[0.04977774341203242, -0.6593657687427324, -0.1920293477424866, -0.32441901650495925, -0.1927716158827737, 0.20552997271485224, -0.47327873111280455]","[0.051888638661791414, -0.6593504848184178, -0.19732692523047893, -0.3249104935512644, -0.19275416259025377, 0.20554742600737222, -0.47322857338574253]","[0.4130403277019315, -0.01755491924692144, 0.5424752122117866]","[0.412975, -0.016791, 0.542528]"
999,return,49.950000,49.951755,0.000358,0.049854,2026-09-25T17:07:35.717836+00:00,2026-09-25T17:07:35.719218+00:00,0.001397,1790356055.713490,1790356055.709771,0,1,0,0.005286,0.000568,"[0.04778888219250411, -0.659361140292812, -0.18800937302620116, -0.3240351811917033, -0.19277161588277367, 0.20552997271485224, -0.4732864451960053]","[0.0499862297771176, -0.6593504848184178, -0.19329521465837202, -0.32452652111582564, -0.19275416259025377, 0.20554742600737222, -0.47329838655582235]","[0.41304890979739484, -0.018042915331533065, 0.5424694995633773]","[0.413004, -0.017477, 0.5424939999999999]"
1000,return,50.000000,50.001104,0.000341,0.049349,2026-09-25T17:07:35.767822+00:00,2026-09-25T17:07:35.768567+00:00,0.000763,1790356055.763630,1790356055.747838,0,0,0,0.005169,0.000804,"[0.045810413984140354, -0.6593563274424963, -0.18397217736189295, -0.3236983756625828, -0.19277161588277367, 0.20552997271485224, -0.4732944666131982]","[0.04811872747748367, -0.6593504848184178, -0.1891413310386255, -0.3243170816055863, -0.19275416259025377, 0.20554742600737222, -0.47329838655582235]","[0.4130638857900346, -0.018527523574119176, 0.5424537936884594]","[0.413035, -0.017724, 0.542465]"
1001,return,50.050000,50.051655,0.000314,0.050551,2026-09-25T17:07:35.817793+00:00,2026-09-25T17:07:35.819117+00:00,0.001341,1790356055.813073,1790356055.807825,0,1,0,0.004621,0.000614,"[0.04385424797913418, -0.6593517911927734, -0.17994757214679336, -0.32340533449393216, -0.19277161588277367, 0.20552997271485224, -0.473302027029403]","[0.045919612619970816, -0.6593504848184178, -0.18456856839840036, -0.32393310917014756, -0.19275416259025377, 0.20554742600737222, -0.47329838655582235]","[0.4130844158198684, -0.019005934653082004, 0.5424293124311267]","[0.413058, -0.018393, 0.542437]"
1002,return,50.100000,50.102021,0.000340,0.050366,2026-09-25T17:07:35.867820+00:00,2026-09-25T17:07:35.869484+00:00,0.001681,1790356055.863324,1790356055.847764,0,0,0,0.005502,0.000781,"[0.04192748666604179, -0.6593480851546077, -0.1759598318489307, -0.32315532469418023, -0.19277182486988828, 0.20552997271485224, -0.47330847694544975]","[0.04420918995301636, -0.6593504848184178, -0.18146188232985044, -0.323479323564629, -0.19275416259025377, 0.20554742600737222, -0.47329838655582235]","[0.4131101687512191, -0.01947699512471248, 0.5423965247316835]","[0.41307, -0.018698, 0.542428]"
1003,return,50.150000,50.151979,0.000411,0.049958,2026-09-25T17:07:35.917891+00:00,2026-09-25T17:07:35.919443+00:00,0.001569,1790356055.913043,1790356055.909602,0,1,0,0.005185,0.000469,"[0.04000373901885343, -0.6593459120471722, -0.17198308365862855, -0.32296309701438775, -0.1927735359518891, 0.20552997271485224, -0.47331433549967344]","[0.042027528388023455, -0.6593504848184178, -0.1771683723699444, -0.3232175241768299, -0.19275416259025377, 0.20554742600737222, -0.47329838655582235]","[0.413143898997081, -0.019950020145414325, 0.5423512540433727]","[0.413086, -0.019487, 0.542403]"
1004,return,50.200000,50.200944,0.000330,0.048965,2026-09-25T17:07:35.967809+00:00,2026-09-25T17:07:35.968408+00:00,0.000614,1790356055.964149,1790356055.948306,0,0,0,0.004905,0.000795,"[0.03810183001291775, -0.6593441717684421, -0.16802182510152636, -0.3228155198414088, -0.19277537765083652, 0.20552997271485224, -0.47331964341382804]","[0.04064871827894794, -0.6593504848184178, -0.17292722228759816, -0.32313025771423015, -0.19275416259025377, 0.20554742600737222, -0.47329838655582235]","[0.41318343408444047, -0.02041699386951679, 0.5422969472778022]","[0.41311499999999995, -0.019628, 0.5423709999999999]"
1005,return,50.250000,50.251542,0.000440,0.050597,2026-09-25T17:07:36.017919+00:00,2026-09-25T17:07:36.019005+00:00,0.001102,1790356056.013022,1790356056.009384,0,1,0,0.005013,0.000581,"[0.0362525314641901, -0.6593414428987043, -0.16409219121220753, -0.32269277013275555, -0.1927753907125312, 0.20552997271485224, -0.4733242086041685]","[0.03850196329899491, -0.6593504848184178, -0.1691049512257306, -0.3230080846665906, -0.19275416259025377, 0.20554742600737222, -0.47329838655582235]","[0.4132254270463987, -0.020865677703046804, 0.5422389278879418]","[0.413189, -0.020287, 0.54227]"
1006,return,50.300000,50.302835,0.000561,0.051293,2026-09-25T17:07:36.068053+00:00,2026-09-25T17:07:36.070297+00:00,0.002274,1790356056.063278,1790356056.048376,0,0,0,0.004653,0.000680,"[0.03448661518862562, -0.6593363040182454, -0.1602103170252549, -0.32257502484593953, -0.19277161588277367, 0.20552997271485224, -0.47332783898694974]","[0.03642502148912166, -0.6593504848184178, -0.16486380114338436, -0.3227637385713114, -0.19275416259025377, 0.20554742600737222, -0.47329838655582235]","[0.4132665861224591, -0.021283884971342884, 0.542182514217064]","[0.41319999999999996, -0.020610999999999997, 0.5422549999999999]"
1007,return,50.350000,50.351805,0.000233,0.048970,2026-09-25T17:07:36.117714+00:00,2026-09-25T17:07:36.119268+00:00,0.001572,1790356056.113362,1790356056.109560,0,1,0,0.005092,0.000509,"[0.03279466267992625, -0.6593313559409731, -0.1563679544646573, -0.32246515627322847, -0.19276916899197352, 0.20552997271485224, -0.47333029765888623]","[0.034417892849328176, -0.6593504848184178, -0.1614604091019954, -0.32236231284335265, -0.19275416259025377, 0.20554742600737222, -0.47329838655582235]","[0.41330847133252224, -0.021674866588093714, 0.5421258777890556]","[0.413197, -0.021196, 0.542257]"
1008,return,50.400000,50.401326,0.000338,0.049521,2026-09-25T17:07:36.167819+00:00,2026-09-25T17:07:36.168788+00:00,0.000988,1790356056.164011,1790356056.153250,0,0,0,0.004731,0.000559,"[0.031161441697109993, -0.6593269200870211, -0.15255770062288013, -0.3223735407785294, -0.1927682229155013, 0.20552997271485224, -0.4733317318841826]","[0.032934362985133, -0.6593504848184178, -0.15728907218972898, -0.3223099529657928, -0.19275416259025377, 0.20554742600737222, -0.47329838655582235]","[0.4133527717590015, -0.02204467078697167, 0.5420663811572877]","[0.41324, -0.021514, 0.5422]"
1009,return,50.450000,50.451111,0.000186,0.049785,2026-09-25T17:07:36.217661+00:00,2026-09-25T17:07:36.218583+00:00,0.000925,1790356056.214340,1790356056.209826,0,1,0,0.004722,0.000466,"[0.029609003454107715, -0.6593181559460141, -0.1487969582872247, -0.32229161142681356, -0.19275940396659902, 0.20552997271485224, -0.4733325258303287]","[0.03155555287605748, -0.6593504848184178, -0.1535191610054212, -0.3222401397957131, -0.19275416259025377, 0.20554742600737222, -0.47329838655582235]","[0.41339645394538754, -0.02238535422270401, 0.5420081188640699]","[0.413303, -0.021942, 0.542117]"
1010,return,50.500000,50.501560,0.000200,0.050450,2026-09-25T17:07:36.267678+00:00,2026-09-25T17:07:36.269024+00:00,0.001361,1790356056.263236,1790356056.251526,0,1,0,0.004803,0.000563,"[0.028159399164849788, -0.6593002230075772, -0.14510313024499125, -0.3222108012830521, -0.19273333845850885, 0.2055299727148522, -0.4733330636648148]","[0.02968805057642355, -0.6593504848184178, -0.14990632945379298, -0.3222401397957131, -0.19275416259025377, 0.20554742600737222, -0.47329838655582235]","[0.4134365161881664, -0.02268898567756272, 0.5419551767719125]","[0.41336, -0.022139, 0.542048]"
1011,return,50.550000,50.552138,0.001005,0.050578,2026-09-25T17:07:36.318486+00:00,2026-09-25T17:07:36.319601+00:00,0.001133,1790356056.314664,1790356056.311966,0,1,0,0.004200,0.000221,"[0.02682665447706499, -0.6592711518754892, -0.14148238976041128, -0.3221242551088851, -0.19268827351180698, 0.20552997271485224, -0.4733335705097901]","[0.02816961412718848, -0.6593504848184178, -0.14568263266396667, -0.3221877799181532, -0.19275416259025377, 0.20554742600737222, -0.47329838655582235]","[0.41347140864956944, -0.02295004527542676, 0.5419099680754061]","[0.413414, -0.022743, 0.5419619999999999]"
1012,return,50.600000,50.601891,0.000263,0.049753,2026-09-25T17:07:36.367743+00:00,2026-09-25T17:07:36.369355+00:00,0.001629,1790356056.363706,1790356056.350311,0,1,0,0.004212,0.000106,"[0.0255930570669003, -0.6592373154274097, -0.1379097929407983, -0.32203570450242186, -0.1926411661258385, 0.20552997271485224, -0.4733336947239452]","[0.026651177677953414, -0.6593504848184178, -0.14212216098989827, -0.32211796674807347, -0.19275416259025377, 0.20554742600737222, -0.47329838655582235]","[0.4135044028216355, -0.023173801382218, 0.54186878314355]","[0.413425, -0.023145, 0.541932]"
1013,return,50.650000,50.651509,0.000222,0.049618,2026-09-25T17:07:36.417702+00:00,2026-09-25T17:07:36.418973+00:00,0.001288,1790356056.414695,1790356056.412384,0,1,0,0.004242,0.000153,"[0.024461648209096753, -0.6591938030808135, -0.13440646408076354, -0.3219493462117687, -0.19257462498710523, 0.20552997271485224, -0.4733335628264403]","[0.025586526834236872, -0.6593504848184178, -0.13864895577842953, -0.3218561673602743, -0.19275416259025377, 0.20554742600737222, -0.473385653018422]","[0.41353401768294357, -0.02336097643820527, 0.5418327983446042]","[0.41348199999999996, -0.023226999999999998, 0.541886]"
1014,return,50.700000,50.701290,0.000334,0.049781,2026-09-25T17:07:36.467812+00:00,2026-09-25T17:07:36.468752+00:00,0.000956,1790356056.462086,1790356056.448132,0,1,0,0.004439,0.000097,"[0.023438613000244506, -0.6591343913223611, -0.130998757070126, -0.3218689450783283, -0.19246755930040182, 0.2055299727148522, -0.47333336690102035]","[0.024556782575560217, -0.6593504848184178, -0.13543754995475996, -0.32171654102011477, -0.19275416259025377, 0.20554742600737222, -0.473385653018422]","[0.41355817169737197, -0.02351141564454653, 0.5418038528615757]","[0.413501, -0.023458, 0.541862]"
1015,return,50.750000,50.751152,0.000207,0.049862,2026-09-25T17:07:36.517685+00:00,2026-09-25T17:07:36.518614+00:00,0.000945,1790356056.513319,1790356056.507914,0,0,0,0.003850,0.000156,"[0.02253070843427065, -0.6590532335838546, -0.12771261991294608, -0.3217981429586844, -0.19230040602779747, 0.20552997271485224, -0.47333329314086225]","[0.02366666465704311, -0.6593504848184178, -0.13156291901533257, -0.3216641811425549, -0.19266689612765403, 0.20554742600737222, -0.473385653018422]","[0.4135749304246904, -0.02362466138188952, 0.5417836601735763]","[0.413579, -0.023469, 0.5417839999999999]"
1016,return,50.800000,50.800594,0.000203,0.049442,2026-09-25T17:07:36.567680+00:00,2026-09-25T17:07:36.568054+00:00,0.000390,1790356056.562978,1790356056.548227,0,1,0,0.004097,0.000056,"[0.02175498002271017, -0.6589564441213992, -0.12455123904805404, -0.3217358071734092, -0.1921000009588112, 0.20552997271485224, -0.47333329314086225]","[0.022532200643246795, -0.659280671648338, -0.12864821916450203, -0.3215943679724752, -0.19259708295757427, 0.20554742600737222, -0.473385653018422]","[0.41358668031368556, -0.023693614617151675, 0.5417704455746347]","[0.41361899999999996, -0.023648, 0.541774]"
1017,return,50.850000,50.850746,0.000195,0.050153,2026-09-25T17:07:36.617671+00:00,2026-09-25T17:07:36.618207+00:00,0.000551,1790356056.613599,1790356056.607969,0,0,0,0.003258,0.000099,"[0.021096940041177105, -0.6588434530353288, -0.12149809609293352, -0.32168061178121626, -0.19186043129476962, 0.20552997271485224, -0.47333329314086225]","[0.021956241990088665, -0.6592108584782583, -0.12475613493255469, -0.3215943679724752, -0.19245745661741473, 0.20554742600737222, -0.473385653018422]","[0.4135931911346439, -0.02372293796497399, 0.5417642469064273]","[0.413645, -0.023659, 0.541709]"
1018,return,50.900000,50.902009,0.000297,0.051263,2026-09-25T17:07:36.667776+00:00,2026-09-25T17:07:36.669472+00:00,0.001712,1790356056.663001,1790356056.649488,0,1,0,0.003721,0.000117,"[0.020529389431373803, -0.6587076142280651, -0.11853882318345521, -0.3216328256993487, -0.1915502337182353, 0.20552997271485224, -0.47333329314086225]","[0.02106612407157156, -0.6590886854306186, -0.12226031410220278, -0.3215943679724752, -0.19214329735205574, 0.20554742600737222, -0.473385653018422]","[0.4135919611366565, -0.023722989979809816, 0.5417668382339217]","[0.41365399999999997, -0.023787, 0.5416909999999999]"
1019,return,50.950000,50.951526,0.000702,0.049517,2026-09-25T17:07:36.718175+00:00,2026-09-25T17:07:36.718987+00:00,0.000824,1790356056.713324,1790356056.708871,0,0,0,0.002884,0.000139,"[0.020025129135002782, -0.6585422816020298, -0.11565905245549074, -0.32159271784504945, -0.1911379449117708, 0.2055299727148522, -0.4733332931408622]","[0.020507618710933373, -0.6588792459203793, -0.11854276279545486, -0.3215943679724752, -0.19175932491661699, 0.20554742600737222, -0.473385653018422]","[0.4135804723801594, -0.023704115450750858, 0.5417800019017242]","[0.413647, -0.023792, 0.541696]"
1020,return,51.000000,51.001199,0.000300,0.049673,2026-09-25T17:07:36.767777+00:00,2026-09-25T17:07:36.768661+00:00,0.000899,1790356056.762936,1790356056.748879,0,1,0,0.003645,0.000131,"[0.019585352837289148, -0.6583455870787743, -0.1128736283457458, -0.3215617504110082, -0.1906229628080857, 0.20552997271485224, -0.47333329314086225]","[0.019879300180215415, -0.6584603668999007, -0.11651818086314145, -0.3215943679724752, -0.19130553931109848, 0.20554742600737222, -0.473385653018422]","[0.4135579188886593, -0.023667035947804744, 0.5418044204483637]","[0.413526, -0.023792999999999998, 0.541817]"
1021,return,51.050000,51.051583,0.000262,0.050384,2026-09-25T17:07:36.817739+00:00,2026-09-25T17:07:36.819046+00:00,0.001321,1790356056.813216,1790356056.807698,0,0,0,0.003170,0.000232,"[0.01923739697482493, -0.6581227929845778, -0.11020631914316434, -0.32154062043071885, -0.19003560836416883, 0.20552997271485224, -0.47333329314086225]","[0.01944296786721683, -0.6582509273896614, -0.11337658820955165, -0.32154200809491534, -0.19069467407290044, 0.20554742600737222, -0.473385653018422]","[0.4135262874932996, -0.023602108225512897, 0.5418387360270259]","[0.413479, -0.023828, 0.541862]"
1022,return,51.100000,51.101383,0.000168,0.049800,2026-09-25T17:07:36.867645+00:00,2026-09-25T17:07:36.868845+00:00,0.001215,1790356056.863001,1790356056.850488,0,1,0,0.003416,0.000410,"[0.01894843387213728, -0.657871329751155, -0.10760390351300728, -0.3215259316586798, -0.1893429126333557, 0.20552997271485224, -0.47333329314086225]","[0.018867009214058702, -0.6581113010495019, -0.1110203937193593, -0.32154200809491534, -0.19008380883470244, 0.20554742600737222, -0.473385653018422]","[0.413484914752602, -0.023518771621114237, 0.5418830949796526]","[0.413477, -0.023927999999999998, 0.541855]"
1023,return,51.150000,51.151055,0.000290,0.049672,2026-09-25T17:07:36.917766+00:00,2026-09-25T17:07:36.918517+00:00,0.000766,1790356056.913947,1790356056.908235,0,0,0,0.002711,0.000250,"[0.01868381162162104, -0.6575883545390794, -0.10501106133670302, -0.32151418817073146, -0.18850995479079818, 0.20552997271485224, -0.47333329314086225]","[0.018727382873899155, -0.6579891280018623, -0.10772172143309001, -0.32154200809491534, -0.18943803701146456, 0.20554742600737222, -0.473385653018422]","[0.4134330186348587, -0.023427043327194575, 0.5419377295047593]","[0.41351899999999997, -0.023634, 0.541826]"
1024,return,51.200000,51.201492,0.000225,0.050437,2026-09-25T17:07:36.967702+00:00,2026-09-25T17:07:36.968955+00:00,0.001267,1790356056.963043,1790356056.947625,0,1,0,0.003350,0.000301,"[0.01841372353850062, -0.6572712162853354, -0.1023822088365487, -0.3215024726501763, -0.18750932033707016, 0.20552997271485224, -0.47333329314086225]","[0.01858775653373961, -0.6578145950766627, -0.10573204608581648, -0.3214721949248356, -0.18872245201814686, 0.20546015954477248, -0.473385653018422]","[0.41336976323884544, -0.023335659966362214, 0.5420030110574765]","[0.413472, -0.023587999999999998, 0.541874]"
1025,return,51.250000,51.250975,0.000210,0.049482,2026-09-25T17:07:37.017688+00:00,2026-09-25T17:07:37.018437+00:00,0.000765,1790356057.014033,1790356057.008299,0,0,0,0.003143,0.000260,"[0.018158400702360866, -0.6569203018209743, -0.09976202622831021, -0.3214933817106911, -0.18637763026866383, 0.20552997271485224, -0.47333329314086225]","[0.018448130193580062, -0.6574306226412241, -0.10290461269758566, -0.3214721949248356, -0.18783233409962977, 0.20546015954477248, -0.473385653018422]","[0.4132946971786482, -0.023239633390508753, 0.5420797133170303]","[0.41342799999999996, -0.023400999999999998, 0.541926]"
1026,return,51.300000,51.302016,0.000220,0.051041,2026-09-25T17:07:37.067700+00:00,2026-09-25T17:07:37.069480+00:00,0.001796,1790356057.063556,1790356057.048508,0,1,0,0.003071,0.000162,"[0.01792305457570524, -0.6565373887658063, -0.09714570066167239, -0.32148685188780635, -0.18510291976593432, 0.20552997271485224, -0.47333329314086225]","[0.018308503853420515, -0.6569244771581457, -0.1002168056495144, -0.3214721949248356, -0.18638371082047445, 0.20546015954477248, -0.473385653018422]","[0.41320890609935934, -0.023136441418618675, 0.5421667922841397]","[0.413248, -0.023284, 0.542113]"
1027,return,51.350000,51.350631,0.000201,0.048616,2026-09-25T17:07:37.117684+00:00,2026-09-25T17:07:37.118094+00:00,0.000430,1790356057.115191,1790356057.107947,0,0,0,0.003160,0.000149,"[0.017703843483632926, -0.6561240906232895, -0.09450833808327758, -0.321481653845554, -0.18365672201786667, 0.20552997271485224, -0.47333329314086225]","[0.01806415775814131, -0.6564881448451472, -0.09766862494160268, -0.3214721949248356, -0.18533651326927786, 0.20546015954477248, -0.473385653018422]","[0.41311367218382705, -0.023025751516250983, 0.5422628590600926]","[0.41315399999999997, -0.023157999999999998, 0.542207]"
1028,return,51.400000,51.401321,0.000300,0.050689,2026-09-25T17:07:37.167778+00:00,2026-09-25T17:07:37.168784+00:00,0.001021,1790356057.167129,1790356057.147626,0,1,0,0.002877,0.000286,"[0.01749692575124315, -0.6556820208968823, -0.09182504443976916, -0.32147655824796556, -0.18201057021344616, 0.20552997271485224, -0.47333329314086225]","[0.017645278737662674, -0.6558423730219092, -0.09470156521321232, -0.3214721949248356, -0.18355627743224362, 0.20546015954477248, -0.473385653018422]","[0.4130102675368124, -0.02290721261362677, 0.5423665363100793]","[0.41296299999999997, -0.023188, 0.542397]"
1029,return,51.450000,51.451357,0.000223,0.050037,2026-09-25T17:07:37.217703+00:00,2026-09-25T17:07:37.218819+00:00,0.001134,1790356057.217261,1790356057.207656,0,1,0,0.003628,0.000255,"[0.017298847712800106, -0.6552125382589417, -0.0890839476751453, -0.3214714203919533, -0.18016795259348273, 0.20552997271485224, -0.47333329314086225]","[0.017505652397503128, -0.6556503868041899, -0.09271188986593878, -0.3214721949248356, -0.18198548110544874, 0.20546015954477248, -0.473385653018422]","[0.4128993427541138, -0.022781185061875465, 0.5424771479584783]","[0.41295299999999996, -0.02302, 0.542404]"
1030,return,51.500000,51.500802,0.000110,0.049445,2026-09-25T17:07:37.267578+00:00,2026-09-25T17:07:37.268263+00:00,0.000692,1790356057.262957,1790356057.247560,0,1,0,0.003653,0.000330,"[0.017112327993575222, -0.654714517098721, -0.08630081018152347, -0.32146694074290727, -0.1781438824234884, 0.20552997271485224, -0.47333329314086225]","[0.017348572764823635, -0.6554060407089106, -0.08995426964778774, -0.3214721949248356, -0.18069393745897294, 0.20546015954477248, -0.473385653018422]","[0.41278005374797444, -0.022647682225115644, 0.5425955723165684]","[0.412917, -0.022905, 0.5424399999999999]"
1031,return,51.550000,51.551723,0.000358,0.050921,2026-09-25T17:07:37.317839+00:00,2026-09-25T17:07:37.319186+00:00,0.001365,1790356057.315192,1790356057.308743,0,0,0,0.002849,0.000243,"[0.01694278335517863, -0.6541858444950254, -0.08349218957772639, -0.3214631577175766, -0.17592718042950195, 0.20552997271485224, -0.47333329314086225]","[0.017191493132144145, -0.6546380958380331, -0.08634143809615949, -0.3214721949248356, -0.1786169956490997, 0.20546015954477248, -0.473385653018422]","[0.41265142768740715, -0.022505818640214136, 0.5427227640710085]","[0.41278699999999996, -0.022647, 0.542578]"
1032,return,51.600000,51.601814,0.000326,0.050091,2026-09-25T17:07:37.367811+00:00,2026-09-25T17:07:37.369279+00:00,0.001488,1790356057.362734,1790356057.347541,0,1,0,0.003136,0.000263,"[0.016795630559220447, -0.6536244075266592, -0.0806746434825765, -0.32146010973271033, -0.17350666733756223, 0.20552997271485224, -0.4733332931408622]","[0.01694714703686494, -0.654079590477395, -0.08381071068076772, -0.3214198350472757, -0.17620844128134752, 0.20546015954477248, -0.473385653018422]","[0.4125124976710418, -0.022354711842260747, 0.542859666216449]","[0.412557, -0.022608, 0.5428069999999999]"
1033,return,51.650000,51.651692,0.000237,0.049878,2026-09-25T17:07:37.417718+00:00,2026-09-25T17:07:37.419155+00:00,0.001455,1790356057.414841,1790356057.408431,0,0,0,0.003348,0.000369,"[0.01667605402281279, -0.6530282541617719, -0.07785600461019551, -0.3214587521360227, -0.1708706461695982, 0.20552997271485224, -0.47333329314086225]","[0.016580627893946133, -0.6535385384092767, -0.08066911802717791, -0.3214198350472757, -0.17421876593407398, 0.20546015954477248, -0.473385653018422]","[0.4123627026873717, -0.02219288621921714, 0.5430067737057845]","[0.41243599999999997, -0.022543999999999998, 0.54292]"
1034,return,51.700000,51.701767,0.000287,0.050075,2026-09-25T17:07:37.467768+00:00,2026-09-25T17:07:37.469230+00:00,0.001480,1790356057.462737,1790356057.448360,0,1,0,0.003670,0.000362,"[0.01658359796964543, -0.6523977195480819, -0.07501692874445512, -0.32146113909669444, -0.16801782402272777, 0.20552997271485224, -0.47333329314086225]","[0.01656317460142619, -0.6531720192663579, -0.07838273670706533, -0.3214198350472757, -0.1716880385186822, 0.20546015954477248, -0.473385653018422]","[0.41220291330945935, -0.022018919027487836, 0.5431631026116776]","[0.412398, -0.022241999999999998, 0.542955]"
1035,return,51.750000,51.751487,0.000210,0.049720,2026-09-25T17:07:37.517688+00:00,2026-09-25T17:07:37.518951+00:00,0.001278,1790356057.513064,1790356057.508594,0,0,0,0.003385,0.000398,"[0.01651235820639683, -0.6517348380317272, -0.07217002098415029, -0.32146371557999454, -0.16496420008990967, 0.20552997271485224, -0.47333329314086225]","[0.016493361431346415, -0.6523342612254006, -0.07555530331883452, -0.3214198350472757, -0.16833700635485307, 0.20546015954477248, -0.473385653018422]","[0.41203277223294227, -0.021836033716769787, 0.5433291162801098]","[0.412174, -0.022174, 0.543173]"
1036,return,51.800000,51.801680,0.000322,0.050193,2026-09-25T17:07:37.567803+00:00,2026-09-25T17:07:37.569143+00:00,0.001358,1790356057.562765,1790356057.567398,0,1,0,0.004062,0.000300,"[0.016456226469974737, -0.6510416841171541, -0.06933176211460534, -0.3214624094105283, -0.16172675457420516, 0.20552997271485224, -0.47333329314086225]","[0.016493361431346415, -0.6517408492797225, -0.07265805676052395, -0.3214198350472757, -0.16578882564694136, 0.20546015954477248, -0.473385653018422]","[0.4118517658591437, -0.02164786216399051, 0.543505456377027]","[0.412014, -0.021837, 0.543338]"
1037,return,51.850000,51.851604,0.000249,0.049924,2026-09-25T17:07:37.617726+00:00,2026-09-25T17:07:37.619067+00:00,0.001355,1790356057.613035,1790356057.608680,0,0,0,0.004240,0.000353,"[0.016409467908087255, -0.6503200223624784, -0.06651769401579899, -0.32145358200994123, -0.1583203302219835, 0.20552997271485224, -0.47333329314086225]","[0.016441001553786586, -0.651007810993885, -0.0696560904470937, -0.3214198350472757, -0.16255996653075186, 0.20546015954477248, -0.47328093326330234]","[0.4116593889962435, -0.02145784922321239, 0.5436927304135015]","[0.411829, -0.021714, 0.543518]"
1038,return,51.900000,51.901734,0.000446,0.050131,2026-09-25T17:07:37.667926+00:00,2026-09-25T17:07:37.669197+00:00,0.001289,1790356057.667692,1790356057.648991,0,1,0,0.004019,0.000458,"[0.016378167733777236, -0.6495633125466818, -0.06371307387613198, -0.3214458010815972, -0.154701153606422, 0.20552997271485224, -0.47333329314086225]","[0.016441001553786586, -0.6504493056332468, -0.06677629718130305, -0.3214198350472757, -0.15872024217636432, 0.20546015954477248, -0.47328093326330234]","[0.4114553335663182, -0.02126261230158625, 0.5438906078062784]","[0.41165999999999997, -0.021613, 0.543679]"
1039,return,51.950000,51.951484,0.000216,0.049750,2026-09-25T17:07:37.717698+00:00,2026-09-25T17:07:37.718949+00:00,0.001268,1790356057.713261,1790356057.707661,0,0,0,0.005004,0.000389,"[0.016361711791283873, -0.648774675851343, -0.06091846770237318, -0.32143572027054584, -0.15088841804265932, 0.20552997271485224, -0.47333329314086225]","[0.016441001553786586, -0.6496988140548892, -0.06410594342575172, -0.3214198350472757, -0.15589280878813352, 0.20546015954477248, -0.47328093326330234]","[0.4112400610218966, -0.02106221866877642, 0.5440988939735705]","[0.411454, -0.021306, 0.5438839999999999]"
1040,return,52.000000,52.002395,0.000452,0.050911,2026-09-25T17:07:37.767930+00:00,2026-09-25T17:07:37.769861+00:00,0.001943,1790356057.762852,1790356057.767452,0,1,0,0.005166,0.000650,"[0.016353453983028794, -0.6479629097119848, -0.05814935744437248, -0.32141231396982195, -0.14693986390445388, 0.20552997271485224, -0.47333329314086225]","[0.016441001553786586, -0.6493322949119704, -0.06106907052728159, -0.3214198350472757, -0.15210544431130582, 0.20546015954477248, -0.47328093326330234]","[0.41101419634466213, -0.020860159977761212, 0.544317755071995]","[0.411456, -0.021023, 0.5438689999999999]"
1041,return,52.050000,52.051613,0.000495,0.049218,2026-09-25T17:07:37.817977+00:00,2026-09-25T17:07:37.819075+00:00,0.001117,1790356057.812886,1790356057.807443,0,0,0,0.005038,0.000468,"[0.016346748211433632, -0.6471368115641302, -0.05542122505198034, -0.32136455657246027, -0.14291323156556496, 0.2055299727148522, -0.4733332931408622]","[0.0164060949687467, -0.6481803776056541, -0.058241637139050784, -0.3214198350472757, -0.14795156069155932, 0.20546015954477248, -0.47328093326330234]","[0.4107783718969247, -0.02065999641574108, 0.5445473559328871]","[0.411045, -0.02093, 0.5442739999999999]"
1042,return,52.100000,52.101177,0.000259,0.049564,2026-09-25T17:07:37.867742+00:00,2026-09-25T17:07:37.868641+00:00,0.000917,1790356057.862650,1790356057.849920,0,1,0,0.005534,0.000383,"[0.01633938710132273, -0.6462998418860848, -0.05273378091413133, -0.32129011961369225, -0.13880509947665853, 0.20552997271485224, -0.47333329314086225]","[0.0164060949687467, -0.6471506333469774, -0.056094882159097754, -0.3214198350472757, -0.14433872913993104, 0.20546015954477248, -0.47328093326330234]","[0.41053363134618315, -0.020462611945845834, 0.5447866999124503]","[0.410775, -0.020642, 0.544549]"
1043,return,52.150000,52.151441,0.000302,0.050265,2026-09-25T17:07:37.917783+00:00,2026-09-25T17:07:37.918904+00:00,0.001139,1790356057.912778,1790356057.909130,0,0,0,0.005244,0.000463,"[0.01633641031549794, -0.645445683120308, -0.05007172072002278, -0.32119823878731335, -0.1345568532061025, 0.20552997271485224, -0.47333329314086225]","[0.0164060949687467, -0.6463303285985402, -0.052778756580308527, -0.3213500218771959, -0.13980087308474579, 0.20546015954477248, -0.47328093326330234]","[0.4102800362116599, -0.02026507731266938, 0.5450349348342597]","[0.41057099999999996, -0.020468, 0.5447379999999999]"
1044,return,52.200000,52.201717,0.000673,0.050276,2026-09-25T17:07:37.968153+00:00,2026-09-25T17:07:37.969179+00:00,0.001044,1790356057.967809,1790356057.948608,0,1,0,0.005092,0.000496,"[0.016336104774287492, -0.6445752433363018, -0.04745274619048503, -0.3210827060491286, -0.1302404223282908, 0.20552997271485224, -0.47333329314086225]","[0.0164060949687467, -0.6452831310473436, -0.05021312257987687, -0.3212103955370364, -0.13533283019964032, 0.20546015954477248, -0.47328093326330234]","[0.4100156508284465, -0.020069211036815356, 0.5452946796406838]","[0.41029099999999996, -0.02037, 0.545013]"
1045,return,52.250000,52.250542,0.000139,0.048825,2026-09-25T17:07:38.017611+00:00,2026-09-25T17:07:38.018002+00:00,0.000403,1790356058.012841,1790356058.009337,0,0,0,0.005631,0.000440,"[0.016336511223491997, -0.6436897134532851, -0.04489556628228466, -0.3209367984680616, -0.12593167992251372, 0.2055299727148522, -0.47333329314086225]","[0.01635373509118687, -0.6445675460540258, -0.047612581994405316, -0.32108822248939684, -0.13156291901533257, 0.20546015954477248, -0.47328093326330234]","[0.40973849458711314, -0.0198770626366919, 0.5455686333336874]","[0.409993, -0.020124, 0.5453089999999999]"
1046,return,52.300000,52.300989,0.000201,0.050448,2026-09-25T17:07:38.067677+00:00,2026-09-25T17:07:38.068452+00:00,0.000788,1790356058.062789,1790356058.047586,0,1,0,0.005714,0.000632,"[0.016335953975742053, -0.6427902917664933, -0.042417712248331074, -0.32075402668687, -0.12169513180814226, 0.20552997271485224, -0.47333329314086225]","[0.01635373509118687, -0.6436948814280287, -0.04520402762665313, -0.32108822248939684, -0.12740903539558607, 0.20546015954477248, -0.47328093326330234]","[0.40944680031946634, -0.019690577743929762, 0.5458591981903598]","[0.40984299999999996, -0.019962, 0.545449]"
1047,return,52.350000,52.350833,0.000179,0.049844,2026-09-25T17:07:38.117658+00:00,2026-09-25T17:07:38.118295+00:00,0.000655,1790356058.113021,1790356058.107574,0,1,0,0.005634,0.000363,"[0.01633563639728359, -0.6418773589602977, -0.040017160499175974, -0.32053394455904183, -0.11748178869073007, 0.20552997271485224, -0.47333329314086225]","[0.01635373509118687, -0.6426825904618719, -0.04290019301402062, -0.32045990395867885, -0.12311552543568001, 0.20546015954477248, -0.47328093326330234]","[0.40914134306254163, -0.019509382863015765, 0.5461653210353333]","[0.409304, -0.019792999999999998, 0.546007]"
1048,return,52.400000,52.401474,0.000160,0.050640,2026-09-25T17:07:38.167634+00:00,2026-09-25T17:07:38.168937+00:00,0.001314,1790356058.163208,1790356058.147413,0,1,0,0.005292,0.000463,"[0.01633579006427962, -0.6409495947278685, -0.03768165855055755, -0.32028219934668134, -0.11328521576481793, 0.20552997271485224, -0.47333329314086225]","[0.01635373509118687, -0.6418099258358748, -0.040334559013588955, -0.32033773091103923, -0.11857766938049476, 0.20546015954477248, -0.47328093326330234]","[0.4088228026348294, -0.019332534545222883, 0.5464859152183078]","[0.409103, -0.01958, 0.5462119999999999]"
1049,return,52.450000,52.451631,0.000327,0.050158,2026-09-25T17:07:38.217807+00:00,2026-09-25T17:07:38.219095+00:00,0.001305,1790356058.213377,1790356058.209313,0,1,0,0.005216,0.000540,"[0.016336107642738087, -0.6400055008159942, -0.035399796628020674, -0.32000466881238676, -0.10912093339700543, 0.20552997271485224, -0.47333329314086225]","[0.01635373509118687, -0.6410419809649973, -0.03850196329899491, -0.32014574469331986, -0.11433651929814853, 0.20546015954477248, -0.47328093326330234]","[0.4084915038439957, -0.019159289771113214, 0.5468203441732663]","[0.408837, -0.019381, 0.546469]"
1050,return,52.500000,52.501646,0.000167,0.050015,2026-09-25T17:07:38.267644+00:00,2026-09-25T17:07:38.269109+00:00,0.001479,1790356058.263789,1790356058.267253,0,1,0,0.005388,0.000576,"[0.016336281798666922, -0.6390435789714638, -0.033160164957109765, -0.3197072307187563, -0.10500446195389136, 0.20552997271485224, -0.47333329314086225]","[0.01635373509118687, -0.6401867696315201, -0.03595378259108319, -0.3199363051830805, -0.11039207518864134, 0.20546015954477248, -0.47328093326330234]","[0.40814776467078306, -0.018988893570655842, 0.547167976813661]","[0.40853, -0.019167, 0.546775]"
1051,return,52.550000,52.551180,0.000203,0.049534,2026-09-25T17:07:38.317682+00:00,2026-09-25T17:07:38.318643+00:00,0.000977,1790356058.312554,1790356058.308134,0,1,0,0.005243,0.000483,"[0.016336281798666922, -0.6380598261690306, -0.030982412424384195, -0.3193872727268574, -0.10096018966830446, 0.20552997271485224, -0.47333329314086225]","[0.01635373509118687, -0.6389126792775642, -0.033492868345771185, -0.31962214591772153, -0.10620328498385495, 0.20546015954477248, -0.47328093326330234]","[0.40778880726558175, -0.018823011495525885, 0.547531740764529]","[0.40809199999999995, -0.019034, 0.547221]"
1052,return,52.600000,52.601992,0.000833,0.050812,2026-09-25T17:07:38.368313+00:00,2026-09-25T17:07:38.369456+00:00,0.001159,1790356058.362639,1790356058.367282,0,1,0,0.004760,0.000537,"[0.016336281798666922, -0.6370557713953047, -0.028869335769171743, -0.31904202883076144, -0.09697529174886756, 0.20552997271485224, -0.47333329314086225]","[0.01635373509118687, -0.6380400146515671, -0.03113667385557884, -0.31941270640748226, -0.10173524209874947, 0.20546015954477248, -0.47328093326330234]","[0.40741490750818243, -0.018661896743089462, 0.5479113790345499]","[0.407767, -0.018820999999999997, 0.547539]"
1053,return,52.650000,52.652543,0.000208,0.050551,2026-09-25T17:07:38.417688+00:00,2026-09-25T17:07:38.420005+00:00,0.002335,1790356058.412509,1790356058.407402,0,1,0,0.005462,0.000705,"[0.016336281798666922, -0.6360382144148611, -0.026784246996169946, -0.3186771462925727, -0.0930094690258716, 0.20552997271485224, -0.47333329314086225]","[0.01635373509118687, -0.6372371631956497, -0.029304078140984794, -0.3192730800673227, -0.09847147639752007, 0.20546015954477248, -0.47328093326330234]","[0.40703096021158097, -0.018502633467289795, 0.5483015104169501]","[0.40748999999999996, -0.018723999999999998, 0.547814]"
1054,return,52.700000,52.701547,0.000295,0.049004,2026-09-25T17:07:38.467773+00:00,2026-09-25T17:07:38.469011+00:00,0.001252,1790356058.462574,1790356058.467303,0,1,0,0.005540,0.000730,"[0.016336281798666922, -0.6350139549922738, -0.02469045811007616, -0.31829827237439534, -0.08902242232960705, 0.20552997271485224, -0.47333329314086225]","[0.016336281798666925, -0.6362597788145328, -0.026930430358272504, -0.31888910763188394, -0.09456193887305278, 0.20546015954477248, -0.47328093326330234]","[0.4066418631975547, -0.018342263342182374, 0.5486967850171368]","[0.40713, -0.01851, 0.548181]"
1055,return,52.750000,52.751689,0.000210,0.050142,2026-09-25T17:07:38.517690+00:00,2026-09-25T17:07:38.519151+00:00,0.001479,1790356058.512564,1790356058.508651,0,1,0,0.005092,0.000667,"[0.016336281798666922, -0.6339855456900141, -0.02256301451273672, -0.31790943899087104, -0.08498443569004814, 0.20552997271485224, -0.47333329314086225]","[0.016336281798666925, -0.6351078615082166, -0.025115287936198404, -0.3183480555637657, -0.09007644269542736, 0.20546015954477248, -0.47328093326330234]","[0.40625015300417155, -0.018178770708122915, 0.5490943387599703]","[0.40667899999999996, -0.018418999999999998, 0.548644]"
1056,return,52.800000,52.800612,0.000209,0.048923,2026-09-25T17:07:38.567678+00:00,2026-09-25T17:07:38.568072+00:00,0.000403,1790356058.562680,1790356058.567280,0,1,0,0.004951,0.000656,"[0.016336281798666922, -0.6329435548888662, -0.0204277585877637, -0.31750709551238976, -0.0809187322368597, 0.20552997271485224, -0.47333329314086225]","[0.016336281798666925, -0.6341479304196197, -0.02324778563656447, -0.31787681666572726, -0.08587019919812101, 0.20546015954477248, -0.47328093326330234]","[0.40585056650315066, -0.018014320061681664, 0.5494996008181818]","[0.406286, -0.018203999999999998, 0.549047]"
1057,return,52.850000,52.852429,0.000300,0.051817,2026-09-25T17:07:38.617782+00:00,2026-09-25T17:07:38.619891+00:00,0.002129,1790356058.612629,1790356058.607981,0,1,0,0.005038,0.000731,"[0.016336281798666922, -0.6318956991307033, -0.018285823270696503, -0.3170903380696806, -0.07683537244582721, 0.20552997271485224, -0.47333329314086225]","[0.016336281798666925, -0.6329960131133034, -0.020472712125893487, -0.31766737715548793, -0.081873395211054, 0.20546015954477248, -0.47328093326330234]","[0.40544595095804803, -0.017848943934405056, 0.5499098319763336]","[0.40592999999999996, -0.018056, 0.549402]"
1058,return,52.900000,52.901299,0.000434,0.048870,2026-09-25T17:07:38.667911+00:00,2026-09-25T17:07:38.668760+00:00,0.000865,1790356058.663216,1790356058.647307,0,1,0,0.004612,0.000979,"[0.016336281798666922, -0.630851659436275, -0.01613401997136748, -0.3166588209120027, -0.07274096399778004, 0.20552997271485224, -0.4733332931408622]","[0.016336281798666925, -0.6319662688546268, -0.018256143975860686, -0.31747539093776855, -0.0773529924483887, 0.20546015954477248, -0.47328093326330234]","[0.40504018954123544, -0.017682313880333023, 0.550321258348019]","[0.40569, -0.017949, 0.549639]"
1059,return,52.950000,52.950708,0.000203,0.049409,2026-09-25T17:07:38.717683+00:00,2026-09-25T17:07:38.718169+00:00,0.000504,1790356058.717091,1790356058.708134,0,1,0,0.004751,0.000614,"[0.01633628610134281, -0.6298207962769781, -0.013968338186069733, -0.31621206367632637, -0.0686403995474276, 0.20552997271485224, -0.47333329314086225]","[0.016336281798666925, -0.6307270850857107, -0.016318828506146982, -0.3170914185023298, -0.07339109504636156, 0.20552997271485224, -0.47328093326330234]","[0.4046370622853932, -0.017514039731833006, 0.5507302384547259]","[0.405022, -0.01773, 0.550303]"
1060,return,53.000000,53.002111,0.000411,0.051403,2026-09-25T17:07:38.767890+00:00,2026-09-25T17:07:38.769574+00:00,0.001700,1790356058.762436,1790356058.747462,0,0,0,0.005388,0.000499,"[0.016336399814919873, -0.6288000919403439, -0.011767114556370301, -0.315746606089235, -0.06449506841801216, 0.20552997271485224, -0.47333329314086225]","[0.016336281798666925, -0.629749700704594, -0.0141895268187139, -0.31618384729129273, -0.06988298324985297, 0.20552997271485224, -0.47328093326330234]","[0.4042356697419565, -0.017342360522034462, 0.5511377501921867]","[0.404562, -0.01752, 0.550804]"
1061,return,53.050000,53.052531,0.001446,0.050420,2026-09-25T17:07:38.818923+00:00,2026-09-25T17:07:38.819993+00:00,0.001084,1790356058.818249,1790356058.808450,0,1,0,0.005176,0.000523,"[0.016336554506362545, -0.6277862052961004, -0.009546201062246013, -0.3152648905339634, -0.06032648747209712, 0.20552997271485224, -0.47333329314086225]","[0.016336281798666925, -0.6285977833982777, -0.012217304763960308, -0.3156427952231745, -0.06550220682734718, 0.20552997271485224, -0.47335074643338215]","[0.4038344383689121, -0.017168639176274605, 0.5515452399047491]","[0.40415399999999996, -0.017419999999999998, 0.5512159999999999]"
1062,return,53.100000,53.102128,0.000423,0.049597,2026-09-25T17:07:38.867906+00:00,2026-09-25T17:07:38.869592+00:00,0.001705,1790356058.862533,1790356058.867575,0,1,0,0.005421,0.000625,"[0.016336596508674795, -0.6267799815127257, -0.007338444024098633, -0.3147721032716277, -0.05618867065878763, 0.20552997271485224, -0.47333329314086225]","[0.016336281798666925, -0.6278298385274003, -0.010262536001726658, -0.31536354254285537, -0.06161012259539984, 0.20552997271485224, -0.47335074643338215]","[0.40343323373653633, -0.016995638115708197, 0.551952684731195]","[0.403846, -0.017174, 0.551519]"
1063,return,53.150000,53.152234,0.000168,0.050106,2026-09-25T17:07:38.917645+00:00,2026-09-25T17:07:38.919697+00:00,0.002066,1790356058.912724,1790356058.907210,0,1,0,0.004622,0.000657,"[0.016336372154860588, -0.6257822657586979, -0.005176689762329921, -0.314273430563344, -0.052135631927188786, 0.20552997271485224, -0.47333329314086225]","[0.016336281798666925, -0.6269048140238433, -0.006998770300497262, -0.3147526773046574, -0.0567581072748556, 0.20552997271485224, -0.47335074643338215]","[0.4030319384548957, -0.016826139894487453, 0.5523600476082753]","[0.403472, -0.017015, 0.55191]"
1064,return,53.200000,53.200975,0.000366,0.048741,2026-09-25T17:07:38.967839+00:00,2026-09-25T17:07:38.968436+00:00,0.000609,1790356058.962469,1790356058.967254,0,0,0,0.005229,0.000494,"[0.016335931028137313, -0.6247928000783531, -0.003065504952728149, -0.3137678333128852, -0.04817817816490855, 0.20552997271485224, -0.47333329314086225]","[0.016336281798666925, -0.6258401631801268, -0.0052010811709431014, -0.31381019950858047, -0.053407075111026485, 0.20552997271485224, -0.47335074643338215]","[0.40263006310184324, -0.01666054833171926, 0.5527679120830663]","[0.402964, -0.016826, 0.5524439999999999]"
1065,return,53.250000,53.251180,0.000319,0.050205,2026-09-25T17:07:39.017798+00:00,2026-09-25T17:07:39.018643+00:00,0.000862,1790356059.017500,1790356059.007231,0,1,0,0.004372,0.000571,"[0.016335455684896256, -0.6238105900925599, -0.0009758202559866031, -0.31324956652593755, -0.04427067027412476, 0.20552997271485224, -0.47333329314086225]","[0.016336281798666925, -0.6248802320915298, -0.003193952531149623, -0.3136182132908611, -0.048642326253081965, 0.20552997271485224, -0.47335074643338215]","[0.40222739737839636, -0.01649645783312292, 0.5531766943329828]","[0.402599, -0.016714, 0.552801]"
1066,return,53.300000,53.301980,0.000764,0.050799,2026-09-25T17:07:39.068245+00:00,2026-09-25T17:07:39.069442+00:00,0.001216,1790356059.062735,1790356059.067135,0,0,0,0.004829,0.000801,"[0.016334652518730328, -0.6228372133979219, 0.0010678872755422784, -0.3127269381574192, -0.040445036158826636, 0.20552997271485224, -0.47333329314086225]","[0.016336281798666925, -0.6241995536832521, -0.0012042771838760874, -0.31328660073298215, -0.045273840796732905, 0.20552997271485224, -0.47335074643338215]","[0.40182509562657753, -0.01633602620349843, 0.5535848379610439]","[0.402371, -0.016510999999999998, 0.553026]"
1067,return,53.350000,53.350770,0.000343,0.048791,2026-09-25T17:07:39.117823+00:00,2026-09-25T17:07:39.118232+00:00,0.000428,1790356059.117357,1790356059.107209,0,1,0,0.004384,0.000564,"[0.016333214195647473, -0.6218743219146464, 0.0030394174190351074, -0.3122086688093549, -0.03673577405962325, 0.2055299727148522, -0.47333329314086225]","[0.016336281798666925, -0.6228032902816565, 0.0006108652381980154, -0.312728095372344, -0.0411199571769864, 0.20552997271485224, -0.47335074643338215]","[0.40142436530848563, -0.016181554626272732, 0.5539907315907432]","[0.401781, -0.016409, 0.553617]"
1068,return,53.400000,53.401606,0.000344,0.050836,2026-09-25T17:07:39.167823+00:00,2026-09-25T17:07:39.169069+00:00,0.001262,1790356059.163112,1790356059.167114,0,0,0,0.004319,0.000536,"[0.016330856329260367, -0.6209224668974707, 0.004917300436474329, -0.3117022481086867, -0.0331711511228793, 0.20552997271485224, -0.47333329314086225]","[0.016336281798666925, -0.6218957190706195, 0.0028099800957108708, -0.31202996367154623, -0.0374896723328382, 0.20552997271485224, -0.47335074643338215]","[0.40102593927607727, -0.016034949120291946, 0.5543932944300947]","[0.401393, -0.016155, 0.554022]"
1069,return,53.450000,53.451356,0.000399,0.049750,2026-09-25T17:07:39.217878+00:00,2026-09-25T17:07:39.218818+00:00,0.000957,1790356059.212349,1790356059.207460,0,1,0,0.004050,0.000667,"[0.016327634444576904, -0.6199753027190158, 0.006723435206574906, -0.3112025127931255, -0.02972231795798245, 0.20552997271485224, -0.47333329314086225]","[0.016336281798666925, -0.6208834281044627, 0.0050789081233034985, -0.3118205241613069, -0.03377212102609028, 0.20552997271485224, -0.47335074643338215]","[0.4006271310123958, -0.01589445573895316, 0.5547953682175427]","[0.40107899999999996, -0.016038999999999998, 0.554327]"
1070,return,53.500000,53.501406,0.000285,0.050050,2026-09-25T17:07:39.267765+00:00,2026-09-25T17:07:39.268869+00:00,0.001122,1790356059.263492,1790356059.267328,0,0,0,0.003975,0.000643,"[0.0163237261806445, -0.6190382882456487, 0.008454759760774267, -0.3107082275336901, -0.026393321999940534, 0.20552997271485224, -0.47333329314086225]","[0.016336281798666925, -0.6199758568934257, 0.0065100781099388496, -0.31147145831090806, -0.030368728984701335, 0.20552997271485224, -0.47335074643338215]","[0.4002299331052262, -0.015760256046303885, 0.5551951372018223]","[0.40065799999999996, -0.015905, 0.5547369999999999]"
1071,return,53.550000,53.550748,0.000291,0.049341,2026-09-25T17:07:39.317775+00:00,2026-09-25T17:07:39.318209+00:00,0.000457,1790356059.317328,1790356059.307439,0,1,0,0.003607,0.000718,"[0.016319285204459185, -0.6181197599119044, 0.010098366071405579, -0.31022046799935293, -0.023201181868564378, 0.20552997271485224, -0.47333329314086225]","[0.016336281798666925, -0.6190159258048289, 0.00820304748437335, -0.31094785953530973, -0.026808257310632903, 0.20552997271485224, -0.47335074643338215]","[0.39983758502348815, -0.015633336309460608, 0.555589500308103]","[0.400321, -0.015797, 0.5550849999999999]"
1072,return,53.600000,53.601631,0.000245,0.050884,2026-09-25T17:07:39.367729+00:00,2026-09-25T17:07:39.369094+00:00,0.001386,1790356059.363825,1790356059.367512,0,0,0,0.003800,0.000508,"[0.016314465183016994, -0.6172280541523172, 0.011641346110802182, -0.3097403098590862, -0.02016291618366449, 0.20552997271485224, -0.47333329314086225]","[0.016336281798666925, -0.618055994716232, 0.009861110273767962, -0.310267181127032, -0.023963370629882144, 0.20552997271485224, -0.47335074643338215]","[0.39945334256886217, -0.01551468496327473, 0.5559753648935623]","[0.39979499999999996, -0.015632, 0.555618]"
1073,return,53.650000,53.650697,0.000254,0.049065,2026-09-25T17:07:39.417735+00:00,2026-09-25T17:07:39.418159+00:00,0.000443,1790356059.417307,1790356059.408461,0,1,0,0.003479,0.000506,"[0.016308933171159855, -0.6163672264950244, 0.013085347957496513, -0.30926777360182256, -0.01727280341075529, 0.20552997271485224, -0.47333329314086225]","[0.016336281798666925, -0.6172182366752746, 0.011588986233242348, -0.3097435823514337, -0.02075196480621258, 0.20552997271485224, -0.47335074643338215]","[0.399079058797031, -0.015404298461606201, 0.5563509830597594]","[0.39942099999999997, -0.015524999999999999, 0.555998]"
1074,return,53.700000,53.702725,0.000433,0.052028,2026-09-25T17:07:39.467912+00:00,2026-09-25T17:07:39.470188+00:00,0.002292,1790356059.465199,1790356059.448095,0,0,0,0.003210,0.000656,"[0.016302663557721767, -0.6155319843925707, 0.014437167534387946, -0.30880226504851077, -0.01452250967641893, 0.20552997271485224, -0.47333329314086225]","[0.016336281798666925, -0.6164153852193572, 0.013229595730117017, -0.30920253028331546, -0.01773254520026239, 0.20552997271485224, -0.47335074643338215]","[0.3987127007188345, -0.015301680919758946, 0.5567183609513651]","[0.39915799999999996, -0.015469, 0.5562659999999999]"
1075,return,53.750000,53.751292,0.000857,0.048567,2026-09-25T17:07:39.518337+00:00,2026-09-25T17:07:39.518753+00:00,0.000435,1790356059.517725,1790356059.508726,0,1,0,0.003155,0.000520,"[0.016296271010686852, -0.6147166421661032, 0.01569161858036068, -0.3083439378661469, -0.011925135092066566, 0.20552997271485224, -0.47333329314086225]","[0.016283921921107097, -0.6156474403484798, 0.014538592669112765, -0.3085218518750376, -0.015079644737231007, 0.20552997271485224, -0.47335074643338215]","[0.3983516991675939, -0.015207085018049593, 0.5570800358760613]","[0.39871599999999996, -0.015309999999999999, 0.556723]"
1076,return,53.800000,53.801779,0.000285,0.050487,2026-09-25T17:07:39.567764+00:00,2026-09-25T17:07:39.569241+00:00,0.001494,1790356059.564800,1790356059.547293,0,0,0,0.002933,0.000518,"[0.016290370198039236, -0.6139155141367686, 0.016843514834298506, -0.30789294572172693, -0.009493779769110167, 0.20552997271485224, -0.47333329314086225]","[0.016283921921107097, -0.6144955230421635, 0.01579522973054868, -0.3080680662695191, -0.012426744274199627, 0.20552997271485224, -0.47335074643338215]","[0.3979934751950855, -0.015120765065321125, 0.5574385356239929]","[0.39835099999999996, -0.015262999999999999, 0.5570919999999999]"
1077,return,53.850000,53.850657,0.000254,0.048878,2026-09-25T17:07:39.617732+00:00,2026-09-25T17:07:39.618118+00:00,0.000403,1790356059.617330,1790356059.607147,0,1,0,0.002482,0.000397,"[0.016285356351292714, -0.6131273881793022, 0.01788629164213095, -0.3074484502081204, -0.007239137854804561, 0.20552997271485224, -0.47333329314086225]","[0.016283921921107097, -0.6138846578039656, 0.017121679962064373, -0.30759682737148064, -0.009721483933608416, 0.20552997271485224, -0.47335074643338215]","[0.39763716055804954, -0.015043154326738155, 0.5577947913699528]","[0.39791699999999997, -0.015101999999999999, 0.55752]"
1078,return,53.900000,53.901852,0.001413,0.051195,2026-09-25T17:07:39.668892+00:00,2026-09-25T17:07:39.669313+00:00,0.000439,1790356059.667960,1790356059.668405,0,0,0,0.002297,0.000495,"[0.016280745316965127, -0.6123622161781458, 0.018816799854886018, -0.30700823114456893, -0.005155976834267882, 0.20552997271485224, -0.47333329314086225]","[0.016283921921107097, -0.6132388859807277, 0.017767451785302275, -0.30719540164352194, -0.007452555906015787, 0.20552997271485224, -0.47335074643338215]","[0.3972866069543821, -0.014974675075234398, 0.5581452676322899]","[0.39763299999999996, -0.015052, 0.5578]"
1079,return,53.950000,53.950639,0.000215,0.048786,2026-09-25T17:07:39.717696+00:00,2026-09-25T17:07:39.718100+00:00,0.000424,1790356059.717243,1790356059.707440,0,1,0,0.001999,0.000513,"[0.016276605528092035, -0.6116100187936877, 0.019646814974469518, -0.3065758900756806, -0.0032370704657895847, 0.20552997271485224, -0.47333329314086225]","[0.016283921921107097, -0.6125233009874099, 0.018884462506578648, -0.30679397591556323, -0.005235987755982988, 0.20552997271485224, -0.47335074643338215]","[0.3969385451195317, -0.014914367150721641, 0.5584928580207874]","[0.397302, -0.014971, 0.5581349999999999]"
1080,return,54.000000,54.001576,0.000263,0.050937,2026-09-25T17:07:39.767745+00:00,2026-09-25T17:07:39.769039+00:00,0.001313,1790356059.762543,1790356059.767449,0,0,0,0.001718,0.000560,"[0.016273090651669472, -0.6108586563332413, 0.02038920661179928, -0.3061555760103484, -0.0014757342350419206, 0.20552997271485224, -0.47333329314086225]","[0.016283921921107097, -0.6117204495314925, 0.019669860669976093, -0.3065321765277641, -0.003193952531149623, 0.20552997271485224, -0.47335074643338215]","[0.39658888506669077, -0.014861149908032062, 0.5588411825490646]","[0.39698, -0.014898999999999999, 0.558442]"
1081,return,54.050000,54.050784,0.000322,0.049208,2026-09-25T17:07:39.817801+00:00,2026-09-25T17:07:39.818246+00:00,0.000462,1790356059.817245,1790356059.808105,0,1,0,0.001513,0.000570,"[0.016270358247590704, -0.6100963108315874, 0.02105556443416057, -0.30575132362922, 0.00013382080104942025, 0.20552997271485224, -0.47333329314086225]","[0.016283921921107097, -0.6108477849054954, 0.02033308578573394, -0.30627037713996497, -0.0013788101090755204, 0.20552997271485224, -0.47335074643338215]","[0.3962336037710892, -0.014814043122605269, 0.5591937808128903]","[0.396628, -0.014856999999999999, 0.558785]"
1082,return,54.100000,54.101894,0.000755,0.051109,2026-09-25T17:07:39.868233+00:00,2026-09-25T17:07:39.869358+00:00,0.001138,1790356059.862201,1790356059.867069,0,0,0,0.001503,0.000513,"[0.0162685798082233, -0.6093248064696363, 0.02162101928224964, -0.3053624027067303, 0.0015730402747155918, 0.20552997271485224, -0.47333329314086225]","[0.016283921921107097, -0.6100100268645381, 0.020943951023931952, -0.30592131128956607, 6.981317007977319e-05, 0.20552997271485224, -0.47335074643338215]","[0.3958726890987407, -0.014775063481149153, 0.5595507089507505]","[0.396223, -0.014813999999999999, 0.559178]"
1083,return,54.150000,54.151012,0.000578,0.049118,2026-09-25T17:07:39.918058+00:00,2026-09-25T17:07:39.918473+00:00,0.000434,1790356059.917353,1790356059.908312,0,1,0,0.001332,0.000584,"[0.016267559459369647, -0.6085496089775471, 0.022094709322541817, -0.30498701472435785, 0.0028503408346632403, 0.20552997271485224, -0.47333329314086225]","[0.016283921921107097, -0.6093817083338201, 0.02155481626212997, -0.305345352636408, 0.0015184364492350669, 0.20552997271485224, -0.47335074643338215]","[0.39550840547825417, -0.014743497960432365, 0.5599099115621069]","[0.39591899999999997, -0.01477, 0.559495]"
1084,return,54.200000,54.200666,0.000246,0.049654,2026-09-25T17:07:39.967724+00:00,2026-09-25T17:07:39.968128+00:00,0.000420,1790356059.967179,1790356059.949303,0,0,0,0.000901,0.000426,"[0.01626698986703769, -0.6077725239425235, 0.02250825153947058, -0.3046246986811146, 0.0039903860337553365, 0.20552997271485224, -0.47333329314086225]","[0.016283921921107097, -0.6083170574901036, 0.022060961745208326, -0.3047519406907299, 0.0030892327760299633, 0.20552997271485224, -0.47335074643338215]","[0.39514228748579494, -0.014716804960292127, 0.5602699305404976]","[0.395373, -0.01474, 0.559913]"
1085,return,54.250000,54.250647,0.000207,0.049980,2026-09-25T17:07:40.017686+00:00,2026-09-25T17:07:40.018108+00:00,0.000440,1790356060.017018,1790356060.008173,0,1,0,0.001038,0.000555,"[0.016266563697235357, -0.6069953569517683, 0.022893262917469508, -0.3042749935760122, 0.005017839424855177, 0.20552997271485224, -0.47333329314086225]","[0.016283921921107097, -0.6078632718845851, 0.022636920398366452, -0.3045599544730105, 0.003979350694547071, 0.20552997271485224, -0.47335074643338215]","[0.39477587076928633, -0.014692445164664846, 0.5606293166039703]","[0.39516799999999996, -0.014695999999999999, 0.560236]"
1086,return,54.300000,54.302096,0.000272,0.051449,2026-09-25T17:07:40.067753+00:00,2026-09-25T17:07:40.069558+00:00,0.001824,1790356060.062365,1790356060.049162,0,0,0,0.000949,0.000681,"[0.016266203092018008, -0.6062162272236953, 0.02325405770867449, -0.30393891852856847, 0.005933756392891392, 0.20552997271485224, -0.47333329314086225]","[0.016283921921107097, -0.6071651401837874, 0.022776546738526, -0.3044901413029308, 0.005235987755982988, 0.20552997271485224, -0.47335074643338215]","[0.3944086174334773, -0.014670095442087276, 0.5609885169150229]","[0.394883, -0.014688999999999999, 0.5605]"
1087,return,54.350000,54.350501,0.000173,0.048405,2026-09-25T17:07:40.117652+00:00,2026-09-25T17:07:40.117961+00:00,0.000328,1790356060.117148,1790356060.109312,0,1,0,0.000746,0.000574,"[0.0162661569919192, -0.6054321377908807, 0.023562601059996503, -0.3036175923881816, 0.0067147517407408945, 0.20552997271485224, -0.47333329314086225]","[0.016283921921107097, -0.6060481294625111, 0.02303834612632515, -0.30429815508521135, 0.005969026041820607, 0.20552997271485224, -0.47335074643338215]","[0.3940386752178025, -0.01465202056674133, 0.5613492263033638]","[0.394431, -0.014674999999999999, 0.560931]"
1088,return,54.400000,54.400802,0.000266,0.050301,2026-09-25T17:07:40.167748+00:00,2026-09-25T17:07:40.168264+00:00,0.000536,1790356060.162781,1790356060.148217,0,0,0,0.000875,0.000687,"[0.016266285047749223, -0.6046498155285205, 0.023842659672487453, -0.30330793725614336, 0.007385196490528642, 0.20552997271485224, -0.47333329314086225]","[0.016283921921107097, -0.6055245306869127, 0.02377138441216277, -0.3036872898470134, 0.006597344572538566, 0.20552997271485224, -0.47335074643338215]","[0.39366909473507805, -0.01463625843670222, 0.5617087306440324]","[0.39414699999999997, -0.014639, 0.561215]"
1089,return,54.450000,54.451663,0.000290,0.050861,2026-09-25T17:07:40.217771+00:00,2026-09-25T17:07:40.219126+00:00,0.001372,1790356060.211976,1790356060.207334,0,1,0,0.000833,0.000698,"[0.016266433592512054, -0.603876252284934, 0.02411966543399057, -0.3030067645422859, 0.007970945114336958, 0.2055299727148522, -0.47333329314086225]","[0.016283921921107097, -0.6046344127683956, 0.0243473430653209, -0.30335567728913443, 0.007138396640656808, 0.20552997271485224, -0.47335074643338215]","[0.39330307541482323, -0.014620715112146685, 0.5620642009304687]","[0.39379899999999995, -0.014580999999999998, 0.5615749999999999]"
1090,return,54.500000,54.501310,0.000329,0.049647,2026-09-25T17:07:40.267808+00:00,2026-09-25T17:07:40.268772+00:00,0.000981,1790356060.261399,1790356060.248327,0,0,0,0.000760,0.000544,"[0.01626646862858715, -0.6031178399924885, 0.024416122773630006, -0.3027110233420704, 0.008491940617355448, 0.20552997271485224, -0.47333329314086225]","[0.016283921921107097, -0.6037442948498785, 0.024486969405480445, -0.30272735875841644, 0.00773180858633488, 0.20552997271485224, -0.47335074643338215]","[0.39294346345447445, -0.014603544314082447, 0.5624131680033869]","[0.393335, -0.014580999999999998, 0.562036]"
1091,return,54.550000,54.550705,0.000243,0.049395,2026-09-25T17:07:40.317722+00:00,2026-09-25T17:07:40.318167+00:00,0.000462,1790356060.317144,1790356060.309754,0,1,0,0.000883,0.000579,"[0.01626646862858715, -0.6023728337112212, 0.02472107287836148, -0.302420668528622, 0.008918879522998292, 0.20552997271485224, -0.47333329314086225]","[0.016283921921107097, -0.6032556026593201, 0.024556782575560217, -0.3026051857107769, 0.008412486994612669, 0.20552997271485224, -0.47335074643338215]","[0.3925889364519931, -0.014585669859636597, 0.562757003595516]","[0.39300199999999996, -0.014580999999999998, 0.562352]"
1092,return,54.600000,54.602150,0.000277,0.051445,2026-09-25T17:07:40.367758+00:00,2026-09-25T17:07:40.369613+00:00,0.001873,1790356060.362215,1790356060.348807,0,0,0,0.000815,0.000674,"[0.01626646862858715, -0.6016377030955655, 0.025026565939812263, -0.3021382019543032, 0.009262943256564675, 0.20552997271485224, -0.47333329314086225]","[0.016283921921107097, -0.6024527512034027, 0.024696408915719763, -0.30246555937061737, 0.009145525280450288, 0.20552997271485224, -0.47335074643338215]","[0.39223846328664386, -0.01456773085936488, 0.5630964564053017]","[0.392624, -0.014577, 0.5625439999999999]"
1093,return,54.650000,54.650591,0.000221,0.048441,2026-09-25T17:07:40.417702+00:00,2026-09-25T17:07:40.418052+00:00,0.000370,1790356060.416976,1790356060.408206,0,1,0,0.000775,0.000545,"[0.01626646862858715, -0.6009096821395931, 0.02532952861806173, -0.30186615912454856, 0.009548526453674626, 0.20552997271485224, -0.47333329314086225]","[0.016283921921107097, -0.6016848063325252, 0.02494075501099897, -0.3022037599828182, 0.009791297103688189, 0.20552997271485224, -0.47335074643338215]","[0.39189160699905906, -0.014549953972470804, 0.563431668808057]","[0.39227399999999996, -0.014563, 0.563043]"
1094,return,54.700000,54.700973,0.000155,0.050382,2026-09-25T17:07:40.467631+00:00,2026-09-25T17:07:40.468434+00:00,0.000818,1790356060.462085,1790356060.448549,0,1,0,0.000870,0.000762,"[0.01626646862858715, -0.600186004837375, 0.025626887573189244, -0.3016070755447926, 0.00980002374994816, 0.20552997271485224, -0.47333329314086225]","[0.016283921921107097, -0.6010564878018072, 0.025499260371637154, -0.30192450730249903, 0.009861110273767962, 0.20552997271485224, -0.47335074643338215]","[0.3915479307167544, -0.014532562727723651, 0.5637627820552804]","[0.392088, -0.014521, 0.563226]"
1095,return,54.750000,54.750678,0.000221,0.049704,2026-09-25T17:07:40.517700+00:00,2026-09-25T17:07:40.518139+00:00,0.000457,1790356060.516912,1790356060.508385,0,1,0,0.000748,0.000512,"[0.01626638155062273, -0.5994710967983973, 0.025927260962555564, -0.30135791757242203, 0.010009425253217125, 0.20552997271485224, -0.47333329314086225]","[0.016249015336067207, -0.6002187297608499, 0.02590068609959585, -0.3015230815745404, 0.01017526953912694, 0.20552997271485224, -0.47335074643338215]","[0.3912088358145379, -0.01451488283056841, 0.564088771409261]","[0.391573, -0.014499, 0.5637289999999999]"
1096,return,54.800000,54.801318,0.000256,0.050641,2026-09-25T17:07:40.567736+00:00,2026-09-25T17:07:40.568781+00:00,0.001062,1790356060.562130,1790356060.549420,0,1,0,0.000947,0.000585,"[0.0162662227613935, -0.5987656956242405, 0.026230815258739736, -0.30111782851393387, 0.010164751340582564, 0.20552997271485224, -0.47333329314086225]","[0.016249015336067207, -0.5997125842777716, 0.026249751949994717, -0.3011914690166615, 0.01017526953912694, 0.20552997271485224, -0.47335074643338215]","[0.39087433517904746, -0.014496909464591024, 0.5644097589997227]","[0.391296, -0.014509999999999999, 0.564004]"
1097,return,54.850000,54.850453,0.000185,0.049135,2026-09-25T17:07:40.617659+00:00,2026-09-25T17:07:40.617914+00:00,0.000268,1790356060.617052,1790356060.609683,0,1,0,0.001145,0.000738,"[0.016266145927895482, -0.5980615032971194, 0.02652179959464854, -0.3008926092984283, 0.010284442051568277, 0.20552997271485224, -0.47333329314086225]","[0.016249015336067207, -0.5992064387946933, 0.02637192499763432, -0.30098202950642217, 0.010297442586766544, 0.20552997271485224, -0.47335074643338215]","[0.39054190593438504, -0.014479863841654016, 0.5647275994514068]","[0.391075, -0.014487, 0.564218]"
1098,return,54.900000,54.901730,0.000150,0.051277,2026-09-25T17:07:40.667625+00:00,2026-09-25T17:07:40.669193+00:00,0.001580,1790356060.662057,1790356060.649059,0,1,0,0.000774,0.000674,"[0.016266304717124716, -0.5973502217992478, 0.026784463103188712, -0.30068806085500566, 0.01038693742569805, 0.20552997271485224, -0.4733332931408622]","[0.016249015336067207, -0.5981243346584568, 0.026494098045273924, -0.3007900432887028, 0.01038470904936626, 0.20552997271485224, -0.47335074643338215]","[0.3902090208087674, -0.014464961831071753, 0.5650441393923107]","[0.39069499999999996, -0.014483, 0.564578]"
1099,return,54.950000,54.950548,0.000204,0.048818,2026-09-25T17:07:40.717682+00:00,2026-09-25T17:07:40.718008+00:00,0.000344,1790356060.717023,1790356060.707271,0,1,0,0.000661,0.000427,"[0.016266754141865777, -0.5966253680737306, 0.027007675069169707, -0.300508322665205, 0.010483507554127839, 0.20552997271485224, -0.47333329314086225]","[0.016249015336067207, -0.5972865766174995, 0.026546457922833756, -0.3006678702410632, 0.010454522219446033, 0.20552997271485224, -0.47335074643338215]","[0.38987360846203034, -0.014453084083270742, 0.5653609422777038]","[0.390175, -0.014489, 0.5650609999999999]"
1100,return,55.000000,55.000443,0.000103,0.049895,2026-09-25T17:07:40.767571+00:00,2026-09-25T17:07:40.767904+00:00,0.000340,1790356060.762155,1790356060.767019,0,1,0,0.000820,0.000552,"[0.016267275072982326, -0.5958909082145126, 0.02720159564703512, -0.3003497426791986, 0.01055831341613101, 0.20552997271485224, -0.47333329314086225]","[0.016249015336067207, -0.5967106179643413, 0.02663372438543347, -0.3006678702410632, 0.010524335389525807, 0.20552997271485224, -0.47335074643338215]","[0.3895366722131814, -0.014443495651491448, 0.56567740916417]","[0.38992499999999997, -0.014485999999999999, 0.565288]"
1101,return,55.050000,55.050531,0.000188,0.050088,2026-09-25T17:07:40.817667+00:00,2026-09-25T17:07:40.817992+00:00,0.000343,1790356060.817022,1790356060.808271,0,1,0,0.000478,0.000441,"[0.016268052115758925, -0.5951503067976867, 0.02736830692213655, -0.30021140063656965, 0.010615652462918589, 0.20552997271485224, -0.47333329314086225]","[0.016249015336067207, -0.5956285138281049, 0.026982790235832336, -0.3005282439009036, 0.010524335389525807, 0.20552997271485224, -0.47335074643338215]","[0.3891996366210106, -0.014435927631818632, 0.5659922858087539]","[0.38950799999999997, -0.014464999999999999, 0.565678]"
1102,return,55.100000,55.100487,0.000154,0.049957,2026-09-25T17:07:40.867632+00:00,2026-09-25T17:07:40.867948+00:00,0.000333,1790356060.862110,1790356060.847018,0,1,0,0.000663,0.000485,"[0.016269315770689626, -0.5944065219129263, 0.02750826989546206, -0.30009295078657683, 0.010662708626555047, 0.20552997271485224, -0.47333329314086225]","[0.016249015336067207, -0.5950700084674666, 0.02717477645355171, -0.30045843073082384, 0.010611601852125523, 0.20552997271485224, -0.47335074643338215]","[0.3888638280264675, -0.014430222688456527, 0.5663043631451139]","[0.38920299999999997, -0.014454, 0.565959]"
1103,return,55.150000,55.151860,0.000349,0.051373,2026-09-25T17:07:40.917825+00:00,2026-09-25T17:07:40.919324+00:00,0.001511,1790356060.915429,1790356060.909981,0,1,0,0.000902,0.000630,"[0.016271301301945353, -0.5936621218991808, 0.027621591519240915, -0.299994253753255, 0.010706376689040675, 0.20552997271485224, -0.47333329314086225]","[0.016249015336067207, -0.5945638629843883, 0.027366762671271087, -0.3003188043906643, 0.010681415022205296, 0.20552997271485224, -0.47335074643338215]","[0.38853043507777235, -0.014426252708912271, 0.5666125526194897]","[0.38897899999999996, -0.014443999999999999, 0.566171]"
1104,return,55.200000,55.201682,0.001026,0.049822,2026-09-25T17:07:40.968505+00:00,2026-09-25T17:07:40.969144+00:00,0.000656,1790356060.967968,1790356060.946778,0,1,0,0.000677,0.000525,"[0.016274239671021134, -0.5929090562961951, 0.02769985207142654, -0.2999201790900413, 0.010743164567890644, 0.20552997271485224, -0.47333329314086225]","[0.016249015336067207, -0.5935864786032714, 0.027471482426390748, -0.30005700500286514, 0.010681415022205296, 0.20552997271485224, -0.47335074643338215]","[0.38819667195190843, -0.01442462894598773, 0.5669191007168037]","[0.388574, -0.014445999999999999, 0.566554]"
1105,return,55.250000,55.250793,0.000206,0.049111,2026-09-25T17:07:41.017685+00:00,2026-09-25T17:07:41.018255+00:00,0.000587,1790356061.012365,1790356061.006966,0,1,0,0.000807,0.000501,"[0.016277854174879456, -0.5921509452935062, 0.027748280737449223, -0.299867745862102, 0.010771408561761254, 0.20552997271485224, -0.47333329314086225]","[0.016249015336067207, -0.5929581600725535, 0.02757620218151041, -0.2999173786627056, 0.010768681484805013, 0.20552997271485224, -0.47335074643338215]","[0.3878636387496311, -0.014425032622824997, 0.5672232111485145]","[0.38822599999999996, -0.01444, 0.566877]"
1106,return,55.300000,55.302395,0.000171,0.051602,2026-09-25T17:07:41.067651+00:00,2026-09-25T17:07:41.069858+00:00,0.002224,1790356061.062110,1790356061.046713,0,1,0,0.000687,0.000408,"[0.016281722229281235, -0.5913984687473386, 0.027779017209995465, -0.2998299622211178, 0.010793567342589013, 0.20552997271485224, -0.47333329314086225]","[0.016249015336067207, -0.5920854954465563, 0.02769837522915001, -0.29986501878514576, 0.010768681484805013, 0.20552997271485224, -0.47335074643338215]","[0.3875349455391145, -0.014426620544800421, 0.5675220612809002]","[0.387829, -0.014438, 0.56724]"
1107,return,55.350000,55.350632,0.000200,0.048237,2026-09-25T17:07:41.117679+00:00,2026-09-25T17:07:41.118093+00:00,0.000432,1790356061.116805,1790356061.106936,0,1,0,0.000795,0.000482,"[0.016285421249987376, -0.5906623065139162, 0.027804201181751767, -0.299799836318769, 0.010812099582310426, 0.20552997271485224, -0.47333329314086225]","[0.016249015336067207, -0.5914571769158383, 0.02769837522915001, -0.29986501878514576, 0.010768681484805013, 0.20552997271485224, -0.47335074643338215]","[0.3872142105802868, -0.014428549966884833, 0.5678128394008158]","[0.387563, -0.014442, 0.56748]"
1108,return,55.400000,55.402015,0.000788,0.051383,2026-09-25T17:07:41.168267+00:00,2026-09-25T17:07:41.169478+00:00,0.001227,1790356061.167939,1790356061.148491,0,1,0,0.001093,0.000683,"[0.016289058086782455, -0.5899457247340177, 0.027827011305753376, -0.29977634924042756, 0.010827377359945219, 0.20552997271485224, -0.47333329314086225]","[0.016249015336067207, -0.5910382978953597, 0.028029987787028934, -0.29979520561506595, 0.010768681484805013, 0.20552997271485224, -0.47335074643338215]","[0.38690273788612684, -0.014430504262835236, 0.5680944753180986]","[0.38740199999999997, -0.014445, 0.5676289999999999]"
1109,return,55.450000,55.450710,0.000236,0.048695,2026-09-25T17:07:41.217719+00:00,2026-09-25T17:07:41.218173+00:00,0.000474,1790356061.216925,1790356061.206722,0,0,0,0.000646,0.000452,"[0.016293115407701012, -0.5892404406028897, 0.027837682198069473, -0.2997656581152904, 0.010837244573872069, 0.20552997271485224, -0.47333329314086225]","[0.016249015336067207, -0.5898863805890435, 0.028099800957108706, -0.29979520561506595, 0.010838494654884786, 0.20552997271485224, -0.47335074643338215]","[0.3865978671810942, -0.014433097668973221, 0.5683690258900551]","[0.386926, -0.014421, 0.568059]"
1110,return,55.500000,55.501384,0.000274,0.050673,2026-09-25T17:07:41.267756+00:00,2026-09-25T17:07:41.268848+00:00,0.001109,1790356061.261930,1790356061.267311,0,1,0,0.000551,0.000335,"[0.0162968602723943, -0.5885499161867305, 0.02784149698124596, -0.2997626708288875, 0.010843457074409969, 0.20552997271485224, -0.47333329314086225]","[0.01630137521362704, -0.589100982425646, 0.028099800957108706, -0.29979520561506595, 0.010838494654884786, 0.20552997271485224, -0.47335074643338215]","[0.38630032241290635, -0.01443620390872825, 0.5686361633175074]","[0.38654099999999997, -0.014409, 0.5684049999999999]"
1111,return,55.550000,55.550550,0.000205,0.049166,2026-09-25T17:07:41.317685+00:00,2026-09-25T17:07:41.318011+00:00,0.000345,1790356061.317166,1790356061.307539,0,0,0,0.000787,0.000478,"[0.016299524345882162, -0.58787803157719, 0.027844256584383022, -0.2997619322028599, 0.010847897282260302, 0.2055299727148522, -0.47333329314086225]","[0.016283921921107097, -0.5886646501126475, 0.028099800957108706, -0.29979520561506595, 0.010838494654884786, 0.20552997271485224, -0.47335074643338215]","[0.38601095483576037, -0.014439667642717358, 0.5688954694029719]","[0.386358, -0.014403, 0.568569]"
1112,return,55.600000,55.602126,0.000530,0.051576,2026-09-25T17:07:41.368013+00:00,2026-09-25T17:07:41.369589+00:00,0.001596,1790356061.361885,1790356061.367204,0,1,0,0.000634,0.000388,"[0.016300425346702233, -0.587228121040748, 0.02785103990658885, -0.29975884513535433, 0.010852116516970343, 0.20552997271485224, -0.47333329314086225]","[0.016318828506146982, -0.5878617986567302, 0.028099800957108706, -0.29979520561506595, 0.010838494654884786, 0.20552997271485224, -0.47335074643338215]","[0.3857305146389993, -0.014443354413242383, 0.5691465695081848]","[0.386011, -0.014438, 0.568879]"
1113,return,55.650000,55.650579,0.000225,0.048453,2026-09-25T17:07:41.417708+00:00,2026-09-25T17:07:41.418040+00:00,0.000355,1790356061.416721,1790356061.407680,0,0,0,0.000845,0.000494,"[0.01629987957275466, -0.5865978988832831, 0.027859011382007987, -0.2997571842512389, 0.010854595677839652, 0.20552997271485224, -0.47333329314086225]","[0.01637118838370681, -0.5874429196362515, 0.028047441079548877, -0.29972539244498625, 0.010838494654884786, 0.20552997271485224, -0.47335074643338215]","[0.38545862327080277, -0.014447353295276095, 0.5693896172877541]","[0.38581899999999997, -0.014469, 0.5690529999999999]"
1114,return,55.700000,55.700758,0.000393,0.050179,2026-09-25T17:07:41.467873+00:00,2026-09-25T17:07:41.468219+00:00,0.000365,1790356061.467523,1790356061.466668,0,1,0,0.000653,0.000403,"[0.016298142879587845, -0.5859868031445912, 0.027866713940184074, -0.29975714455393154, 0.010855497190883037, 0.20552997271485224, -0.47333329314086225]","[0.016249015336067207, -0.5866400681803341, 0.028047441079548877, -0.29972539244498625, 0.010838494654884786, 0.20552997271485224, -0.47335074643338215]","[0.38519506986167906, -0.014451685980334429, 0.5696248177614905]","[0.38548899999999997, -0.014445999999999999, 0.569349]"
1115,return,55.750000,55.750563,0.000197,0.049806,2026-09-25T17:07:41.517676+00:00,2026-09-25T17:07:41.518025+00:00,0.000367,1790356061.516928,1790356061.507702,0,0,0,0.000459,0.000370,"[0.016295330517448803, -0.5853952948256599, 0.027873955497372063, -0.29975722779022107, 0.010855666224578672, 0.20552997271485224, -0.47333329314086225]","[0.016231562043547264, -0.5858546700169366, 0.028047441079548877, -0.29972539244498625, 0.010838494654884786, 0.20552997271485224, -0.47335074643338215]","[0.3849398184485646, -0.014456333795148208, 0.5698523150975672]","[0.38520899999999997, -0.014426, 0.569601]"
1116,return,55.800000,55.801348,0.000244,0.050785,2026-09-25T17:07:41.567723+00:00,2026-09-25T17:07:41.568810+00:00,0.001104,1790356061.567402,1790356061.566550,0,1,0,0.000455,0.000267,"[0.01629155773658457, -0.5848238349274776, 0.027880543969826917, -0.2997559357068961, 0.01085594794740473, 0.20552997271485224, -0.47333329314086225]","[0.01630137521362704, -0.5852787113637784, 0.028047441079548877, -0.29972539244498625, 0.010838494654884786, 0.20552997271485224, -0.47335074643338215]","[0.38469283229828505, -0.014461278263020289, 0.5700722528572746]","[0.384885, -0.014438, 0.569888]"
1117,return,55.850000,55.850631,0.000283,0.049283,2026-09-25T17:07:41.617767+00:00,2026-09-25T17:07:41.618092+00:00,0.000348,1790356061.617392,1790356061.609436,0,0,0,0.000520,0.000353,"[0.01628572581797351, -0.5842698572112104, 0.027886568996629658, -0.29975303140067117, 0.010856318028753507, 0.20552997271485224, -0.47333329314086225]","[0.016266468628587154, -0.58479001917322, 0.027942721324429216, -0.29972539244498625, 0.010838494654884786, 0.20552997271485224, -0.47335074643338215]","[0.3844529589964337, -0.014466954094399158, 0.570285681033569]","[0.38471, -0.014462, 0.570044]"
1118,return,55.900000,55.900838,0.000238,0.050207,2026-09-25T17:07:41.667718+00:00,2026-09-25T17:07:41.668302+00:00,0.000600,1790356061.667427,1790356061.666541,0,1,0,0.000585,0.000340,"[0.01627796537856225, -0.5837335614439533, 0.0278921202168613, -0.29974937924839884, 0.010856316748195207, 0.20552997271485224, -0.47333329314086225]","[0.016266468628587154, -0.5843187802751816, 0.027942721324429216, -0.29972539244498625, 0.010838494654884786, 0.20552997271485224, -0.47335074643338215]","[0.384220442550315, -0.014473292528926996, 0.5704923584115613]","[0.384468, -0.014466, 0.570259]"
1119,return,55.950000,55.950788,0.000374,0.049950,2026-09-25T17:07:41.717854+00:00,2026-09-25T17:07:41.718249+00:00,0.000414,1790356061.717527,1790356061.707973,0,0,0,0.000331,0.000266,"[0.0162702356725502, -0.5832195576355872, 0.027897005546776803, -0.2997451329170751, 0.010856136189474869, 0.20552997271485224, -0.47333329314086225]","[0.016266468628587154, -0.5835508354043041, 0.027942721324429216, -0.29972539244498625, 0.010838494654884786, 0.20552997271485224, -0.47335074643338215]","[0.38399734297383964, -0.014479521452851907, 0.5706904942583978]","[0.384189, -0.014469999999999998, 0.570507]"
1120,return,56.000000,56.001691,0.000263,0.050903,2026-09-25T17:07:41.767743+00:00,2026-09-25T17:07:41.769153+00:00,0.001427,1790356061.767403,1790356061.746652,0,1,0,0.000382,0.000259,"[0.016264495954136756, -0.582732455795993, 0.027901032902631132, -0.2997404460736962, 0.010855968436337534, 0.20552997271485224, -0.47333329314086225]","[0.016266468628587154, -0.5831145030913055, 0.027942721324429216, -0.29972539244498625, 0.010838494654884786, 0.20552997271485224, -0.47322857338574253]","[0.3837857235545186, -0.01448487053618328, 0.5708783014711618]","[0.383973, -0.014473999999999999, 0.570699]"
1121,return,56.050000,56.050377,0.000170,0.048686,2026-09-25T17:07:41.817638+00:00,2026-09-25T17:07:41.817837+00:00,0.000207,1790356061.814018,1790356061.806504,0,0,0,0.000630,0.000371,"[0.016261276835459224, -0.5822748347646983, 0.02790398023561502, -0.2997352861408587, 0.01085594794740473, 0.20552997271485224, -0.47333329314086225]","[0.016266468628587154, -0.5829050635810662, 0.027942721324429216, -0.29972539244498625, 0.010838494654884786, 0.20552997271485224, -0.47322857338574253]","[0.3835867164400648, -0.014489137747293268, 0.5710548155335387]","[0.383857, -0.014476, 0.570801]"
1122,return,56.100000,56.101311,0.000299,0.050934,2026-09-25T17:07:41.867785+00:00,2026-09-25T17:07:41.868774+00:00,0.001013,1790356061.862186,1790356061.867382,0,1,0,0.000452,0.000272,"[0.016257401866042628, -0.5818422001918475, 0.02790577813946859, -0.29972923780789495, 0.01085594794740473, 0.20552997271485224, -0.47333329314086225]","[0.016266468628587154, -0.5822941983428681, 0.027942721324429216, -0.29972539244498625, 0.010838494654884786, 0.20552997271485224, -0.47322857338574253]","[0.38339826897296675, -0.014493584030025923, 0.5712218668741269]","[0.383594, -0.01448, 0.5710339999999999]"
1123,return,56.150000,56.150618,0.000203,0.049307,2026-09-25T17:07:41.917682+00:00,2026-09-25T17:07:41.918080+00:00,0.000415,1790356061.916963,1790356061.907794,0,0,0,0.000247,0.000173,"[0.01625587800166532, -0.5814365392990336, 0.027906782097175998, -0.29972282067414063, 0.010855947947404732, 0.20552997271485224, -0.47333329314086225]","[0.016266468628587154, -0.5816833331046702, 0.027942721324429216, -0.29972539244498625, 0.010838494654884786, 0.20552997271485224, -0.47322857338574253]","[0.38322139415237705, -0.014497008108461757, 0.5713785944843663]","[0.383343, -0.014483999999999999, 0.571256]"
1124,return,56.200000,56.201299,0.000431,0.050681,2026-09-25T17:07:41.967909+00:00,2026-09-25T17:07:41.968761+00:00,0.000868,1790356061.966877,1790356061.946421,0,1,0,0.000105,0.000068,"[0.01626039325023204, -0.5810606949256828, 0.027907376276227313, -0.29971664940758, 0.010855947947404729, 0.20552997271485224, -0.4733332931408622]","[0.016266468628587154, -0.5811597343290719, 0.027942721324429216, -0.29972539244498625, 0.010838494654884786, 0.20552997271485224, -0.47322857338574253]","[0.38305750376127407, -0.014497940474337901, 0.5715237896936461]","[0.3831, -0.014488, 0.571471]"
1125,return,56.250000,56.250569,0.000256,0.049270,2026-09-25T17:07:42.017730+00:00,2026-09-25T17:07:42.018030+00:00,0.000314,1790356062.016756,1790356062.006387,0,0,0,0.000105,0.000064,"[0.016274517142393637, -0.5807175292220415, 0.02790792768463141, -0.2997113155237031, 0.01085594794740473, 0.20552997271485224, -0.47333329314086225]","[0.016266468628587154, -0.5808106684786729, 0.027942721324429216, -0.29972539244498625, 0.010838494654884786, 0.20552997271485224, -0.47322857338574253]","[0.3829080127845083, -0.014494960509671723, 0.5716562425086092]","[0.382947, -0.014490999999999999, 0.571606]"
1126,return,56.300000,56.300788,0.000322,0.050219,2026-09-25T17:07:42.067800+00:00,2026-09-25T17:07:42.068249+00:00,0.000466,1790356062.067395,1790356062.067206,0,1,0,0.000262,0.000169,"[0.016297188914876477, -0.5804089272211492, 0.02790820812689917, -0.2997065590179526, 0.01085594794740473, 0.20552997271485224, -0.47333329314086225]","[0.016266468628587154, -0.5806710421385135, 0.027942721324429216, -0.29972539244498625, 0.010838494654884786, 0.20552997271485224, -0.47322857338574253]","[0.38277368745845597, -0.014488485824869442, 0.5717753044386967]","[0.382892, -0.014492, 0.571655]"
1127,return,56.350000,56.351035,0.000330,0.050248,2026-09-25T17:07:42.117812+00:00,2026-09-25T17:07:42.118499+00:00,0.000705,1790356062.116801,1790356062.106576,0,0,0,0.000417,0.000253,"[0.016327077913939607, -0.5801321035550364, 0.02790815562400886, -0.2997022122908582, 0.01085594794740473, 0.20552997271485224, -0.47333329314086225]","[0.016266468628587154, -0.5805488690908738, 0.027942721324429216, -0.29972539244498625, 0.010838494654884786, 0.20552997271485224, -0.47322857338574253]","[0.3826532821743358, -0.01447905435191531, 0.571882090773103]","[0.382834, -0.014492, 0.5717059999999999]"
1128,return,56.400000,56.401095,0.000347,0.050060,2026-09-25T17:07:42.167827+00:00,2026-09-25T17:07:42.168559+00:00,0.000749,1790356062.167521,1790356062.167078,0,1,0,0.000229,0.000150,"[0.016364376223328064, -0.5798832549655512, 0.02790796225970552, -0.29969842900941585, 0.01085594794740473, 0.20552997271485224, -0.47333329314086225]","[0.016266468628587154, -0.5801125367778752, 0.027942721324429216, -0.29972539244498625, 0.010838494654884786, 0.20552997271485224, -0.47322857338574253]","[0.3825451893677555, -0.014466603452938216, 0.5719780321736463]","[0.382646, -0.014496, 0.571871]"
1129,return,56.450000,56.451313,0.000511,0.050218,2026-09-25T17:07:42.217989+00:00,2026-09-25T17:07:42.218776+00:00,0.000802,1790356062.217308,1790356062.206415,0,0,0,0.000105,0.000055,"[0.016409275926786877, -0.5796585781945416, 0.027907820117734187, -0.29969536284062176, 0.01085594794740473, 0.20552997271485224, -0.47333329314086225]","[0.016336281798666925, -0.5797111110499166, 0.027942721324429216, -0.29972539244498625, 0.010838494654884786, 0.20552997271485224, -0.47322857338574253]","[0.3824477989630482, -0.014451070290720524, 0.5720645565522294]","[0.382476, -0.014473, 0.572023]"
1130,return,56.500000,56.500424,0.000186,0.049111,2026-09-25T17:07:42.267656+00:00,2026-09-25T17:07:42.267884+00:00,0.000238,1790356062.267278,1790356062.266405,0,1,0,0.000131,0.000098,"[0.01646413437847985, -0.5794581792722352, 0.027907814739389327, -0.2996932002337642, 0.01085594794740473, 0.20552997271485224, -0.47333329314086225]","[0.016336281798666925, -0.579588938002277, 0.027942721324429216, -0.29972539244498625, 0.010838494654884786, 0.20552997271485224, -0.47331583984834225]","[0.38236123098044356, -0.014431544497327059, 0.5721415901369418]","[0.382418, -0.014473999999999999, 0.572074]"
1131,return,56.550000,56.550955,0.000221,0.050531,2026-09-25T17:07:42.317701+00:00,2026-09-25T17:07:42.318417+00:00,0.000734,1790356062.311684,1790356062.307911,0,0,0,0.000194,0.000112,"[0.01653031107032087, -0.579285840711739, 0.027907814739389327, -0.2996919135287841, 0.01085594794740473, 0.20552997271485224, -0.47333329314086225]","[0.016336281798666925, -0.5794144050770775, 0.027942721324429216, -0.29972539244498625, 0.010838494654884786, 0.20552997271485224, -0.47331583984834225]","[0.3822871453604177, -0.014407491034479771, 0.572207701828009]","[0.38234399999999996, -0.014475, 0.572139]"
1132,return,56.600000,56.601381,0.000203,0.050426,2026-09-25T17:07:42.367682+00:00,2026-09-25T17:07:42.368844+00:00,0.001178,1790356062.364360,1790356062.347946,0,1,0,0.000231,0.000149,"[0.016602065874117836, -0.5791371258907662, 0.027907814739389324, -0.2996912005139225, 0.01085594794740473, 0.20552997271485224, -0.47333329314086225]","[0.01637118838370681, -0.5793271386144778, 0.027942721324429216, -0.29972539244498625, 0.010838494654884786, 0.20552997271485224, -0.47331583984834225]","[0.38222348501920167, -0.014381139420278747, 0.5722646565536792]","[0.382307, -0.014462, 0.572172]"
1133,return,56.650000,56.652064,0.000646,0.050683,2026-09-25T17:07:42.418127+00:00,2026-09-25T17:07:42.419527+00:00,0.001418,1790356062.417554,1790356062.408302,0,0,0,0.000267,0.000118,"[0.01667348261052353, -0.5790073479659376, 0.027907814739389327, -0.29969075385518734, 0.010855947947404729, 0.2055299727148522, -0.47333329314086225]","[0.0164060949687467, -0.5790653392266786, 0.027855454861829502, -0.29972539244498625, 0.010838494654884786, 0.20552997271485224, -0.47331583984834225]","[0.38216807961019444, -0.014354786498349634, 0.5723143137956039]","[0.38221299999999997, -0.014447, 0.572255]"
1134,return,56.700000,56.701400,0.000315,0.049336,2026-09-25T17:07:42.467794+00:00,2026-09-25T17:07:42.468863+00:00,0.001086,1790356062.462339,1790356062.446548,0,1,0,0.000281,0.000112,"[0.01673984902988232, -0.5788928871574949, 0.027907814739389327, -0.29969032194848383, 0.01085594794740473, 0.20552997271485224, -0.47333329314086225]","[0.01645845484630653, -0.5788908063014793, 0.027855454861829502, -0.29972539244498625, 0.010838494654884786, 0.20552997271485224, -0.47331583984834225]","[0.38211924837104455, -0.014330259942598414, 0.5723581121601765]","[0.382119, -0.01444, 0.572337]"
1135,return,56.750000,56.751711,0.000822,0.050311,2026-09-25T17:07:42.518301+00:00,2026-09-25T17:07:42.519174+00:00,0.000890,1790356062.517533,1790356062.507246,0,1,0,0.000261,0.000102,"[0.016806950028704457, -0.5787990273563188, 0.027907814739389327, -0.2996901631592546, 0.010855947947404732, 0.20552997271485224, -0.47333329314086225]","[0.016545721308906244, -0.5787511799613198, 0.027855454861829502, -0.2996730325674264, 0.010838494654884786, 0.20552997271485224, -0.47331583984834225]","[0.3820794166097629, -0.014305306151984271, 0.5723939819503652]","[0.382063, -0.014405999999999999, 0.5723889999999999]"
1136,return,56.800000,56.800683,0.000264,0.048972,2026-09-25T17:07:42.567744+00:00,2026-09-25T17:07:42.568145+00:00,0.000419,1790356062.567477,1790356062.566436,0,1,0,0.000240,0.000100,"[0.01687320329793183, -0.5787237715061289, 0.027907814739389324, -0.29969023999275257, 0.010855947947404729, 0.20552997271485224, -0.47333329314086225]","[0.01663298777150596, -0.5786813667912399, 0.027855454861829502, -0.2996730325674264, 0.010838494654884786, 0.20552997271485224, -0.47331583984834225]","[0.38204768987467524, -0.014280542909111932, 0.5724226960175872]","[0.382017, -0.014374999999999999, 0.572433]"
1137,return,56.850000,56.850832,0.000215,0.050149,2026-09-25T17:07:42.617695+00:00,2026-09-25T17:07:42.618294+00:00,0.000616,1790356062.617091,1790356062.606470,0,1,0,0.000214,0.000085,"[0.016934421411922567, -0.5786627400975384, 0.027907814739389327, -0.2996903987819819, 0.01085594794740473, 0.20552997271485224, -0.47333329314086225]","[0.01672025423410568, -0.5786813667912399, 0.027855454861829502, -0.2996730325674264, 0.010838494654884786, 0.20552997271485224, -0.47331583984834225]","[0.3820220808387972, -0.01425760198963756, 0.5724459604899287]","[0.382019, -0.014341999999999999, 0.572433]"
1138,return,56.900000,56.900780,0.000354,0.049948,2026-09-25T17:07:42.667835+00:00,2026-09-25T17:07:42.668241+00:00,0.000426,1790356062.667255,1790356062.666318,0,1,0,0.000196,0.000074,"[0.016986416945034808, -0.5786115536211602, 0.027907814739389327, -0.2996904858599463, 0.01085594794740473, 0.20552997271485224, -0.47333329314086225]","[0.01679006740418545, -0.5786464602062, 0.027855454861829502, -0.2996730325674264, 0.010838494654884786, 0.20552997271485224, -0.47331583984834225]","[0.38200060184508167, -0.014238115361978937, 0.5724654806965954]","[0.382001, -0.01431, 0.572449]"
1139,return,56.950000,56.951032,0.000268,0.050252,2026-09-25T17:07:42.717752+00:00,2026-09-25T17:07:42.718494+00:00,0.000764,1790356062.716609,1790356062.707247,0,1,0,0.000074,0.000042,"[0.017027835066586873, -0.5785726694683728, 0.027907814739389327, -0.2996904858599463, 0.01085594794740473, 0.20552997271485224, -0.47333329314086225]","[0.017016960206944712, -0.5786464602062, 0.027855454861829502, -0.2996730325674264, 0.010838494654884786, 0.20552997271485224, -0.47331583984834225]","[0.3819842995718697, -0.014222581258639951, 0.5724803225911603]","[0.382004, -0.014242999999999999, 0.572449]"
1140,return,57.000000,57.000990,0.000330,0.049958,2026-09-25T17:07:42.767812+00:00,2026-09-25T17:07:42.768454+00:00,0.000660,1790356062.767195,1790356062.766297,0,1,0,0.000052,0.000029,"[0.01706121384312988, -0.5785480584184001, 0.027907814739389327, -0.2996904858599463, 0.01085594794740473, 0.20552997271485224, -0.47333329314086225]","[0.01710422666954443, -0.5785941003286402, 0.027855454861829502, -0.2996730325674264, 0.010838494654884786, 0.20552997271485224, -0.47331583984834225]","[0.3819740825151815, -0.014210013511110951, 0.5724897161713828]","[0.381984, -0.014194, 0.572468]"
1141,return,57.050000,57.051687,0.000256,0.050697,2026-09-25T17:07:42.817736+00:00,2026-09-25T17:07:42.819151+00:00,0.001431,1790356062.816784,1790356062.806289,0,0,0,0.000061,0.000033,"[0.017088205194871173, -0.5785326110436239, 0.027907814739389327, -0.2996904858599463, 0.01085594794740473, 0.20552997271485224, -0.47333329314086225]","[0.01710422666954443, -0.5785941003286402, 0.027855454861829502, -0.2996730325674264, 0.010838494654884786, 0.20552997271485224, -0.47331583984834225]","[0.38196775513241144, -0.014199818195657417, 0.5724956120127174]","[0.381984, -0.014194, 0.572468]"
1142,return,57.100000,57.100982,0.000366,0.049294,2026-09-25T17:07:42.867847+00:00,2026-09-25T17:07:42.868446+00:00,0.000615,1790356062.867279,1790356062.866416,0,1,0,0.000073,0.000038,"[0.017110461042018098, -0.5785212179164264, 0.027907814739389327, -0.2996904858599463, 0.01085594794740473, 0.20552997271485224, -0.47333329314086225]","[0.01710422666954443, -0.5785941003286402, 0.027855454861829502, -0.2996730325674264, 0.010838494654884786, 0.20552997271485224, -0.47331583984834225]","[0.381963121502876, -0.01419140187375447, 0.5724999603919732]","[0.381984, -0.014194, 0.572468]"
1143,return,57.150000,57.151708,0.000269,0.050726,2026-09-25T17:07:42.917747+00:00,2026-09-25T17:07:42.919171+00:00,0.001439,1790356062.916720,1790356062.907583,0,0,0,0.000083,0.000045,"[0.017128489561326517, -0.5785109068097704, 0.027907814739389327, -0.2996904858599463, 0.01085594794740473, 0.20552997271485224, -0.47333329314086225]","[0.017139133254584316, -0.5785941003286402, 0.027855454861829502, -0.2996730325674264, 0.010838494654884786, 0.20552997271485224, -0.47331583984834225]","[0.3819588977522371, -0.014184592377170796, 0.5725038957512105]","[0.38198499999999996, -0.014178, 0.572468]"
1144,return,57.200000,57.200782,0.000331,0.049074,2026-09-25T17:07:42.967811+00:00,2026-09-25T17:07:42.968243+00:00,0.000450,1790356062.966622,1790356062.967311,0,1,0,0.000052,0.000024,"[0.017139748742125753, -0.5785064035984517, 0.02790781473938933, -0.2996904858599463, 0.01085594794740473, 0.20552997271485224, -0.47333329314086225]","[0.017139133254584316, -0.5785417404510804, 0.027855454861829502, -0.2996730325674264, 0.010838494654884786, 0.20552997271485224, -0.47331583984834225]","[0.3819571010555845, -0.014180325367118284, 0.572505614442076]","[0.381967, -0.014178, 0.572484]"
1145,return,57.250000,57.251195,0.000517,0.050413,2026-09-25T17:07:43.017996+00:00,2026-09-25T17:07:43.018658+00:00,0.000678,1790356063.016612,1790356063.006987,0,1,0,0.000052,0.000024,"[0.017146541335573667, -0.5785059418291285, 0.027907814739389327, -0.2996904858599463, 0.01085594794740473, 0.20552997271485224, -0.47333329314086225]","[0.017139133254584316, -0.5785417404510804, 0.027855454861829502, -0.2996730325674264, 0.010838494654884786, 0.20552997271485224, -0.47331583984834225]","[0.38195699675604794, -0.014177734327626711, 0.572505790679969]","[0.381967, -0.014178, 0.572484]"
1146,return,57.300000,57.300653,0.000249,0.049458,2026-09-25T17:07:43.067729+00:00,2026-09-25T17:07:43.068115+00:00,0.000403,1790356063.067163,1790356063.066238,0,1,0,0.000052,0.000024,"[0.017151710181096857, -0.5785068707461195, 0.027907814739389327, -0.2996904858599463, 0.010855947947404732, 0.20552997271485224, -0.47333329314086225]","[0.017139133254584316, -0.5785417404510804, 0.027855454861829502, -0.2996730325674264, 0.010838494654884786, 0.20552997271485224, -0.47331583984834225]","[0.381957473593744, -0.014175753128296801, 0.5725054361514009]","[0.381967, -0.014178, 0.572484]"
1147,return,57.350000,57.351941,0.000349,0.051288,2026-09-25T17:07:43.117830+00:00,2026-09-25T17:07:43.119405+00:00,0.001592,1790356063.116836,1790356063.107879,0,0,0,0.000052,0.000024,"[0.0171579840459885, -0.5785066305646047, 0.027907814739389327, -0.2996904858599463, 0.01085594794740473, 0.20552997271485224, -0.47333329314086225]","[0.017139133254584316, -0.5785417404510804, 0.027855454861829502, -0.2996730325674264, 0.010838494654884786, 0.20552997271485224, -0.47331583984834225]","[0.3819574581781631, -0.014173358568956677, 0.5725055278186248]","[0.381967, -0.014178, 0.572484]"
1148,return,57.400000,57.400892,0.000273,0.048951,2026-09-25T17:07:43.167756+00:00,2026-09-25T17:07:43.168354+00:00,0.000618,1790356063.166975,1790356063.146167,0,1,0,0.000052,0.000025,"[0.017163989608305074, -0.5785061257685228, 0.027907814739389324, -0.2996904858599463, 0.01085594794740473, 0.20552997271485224, -0.47333329314086225]","[0.017139133254584316, -0.5785417404510804, 0.027855454861829502, -0.2996730325674264, 0.010838494654884786, 0.20552997271485224, -0.47331583984834225]","[0.38195732398583426, -0.01417106846389235, 0.5725057204780639]","[0.381967, -0.014178, 0.572484]"
1149,return,57.450000,57.451051,0.000343,0.050159,2026-09-25T17:07:43.217825+00:00,2026-09-25T17:07:43.218513+00:00,0.000707,1790356063.216516,1790356063.206205,0,1,0,0.000052,0.000025,"[0.017169062924179055, -0.5785062202737253, 0.027907814739389327, -0.2996904858599463, 0.01085594794740473, 0.20552997271485224, -0.47333329314086225]","[0.017139133254584316, -0.5785417404510804, 0.027855454861829502, -0.2996730325674264, 0.010838494654884786, 0.20552997271485224, -0.47331583984834225]","[0.3819574369322228, -0.014169129968575589, 0.5725056844094102]","[0.381967, -0.014178, 0.572484]"
1150,return,57.500000,57.500887,0.000310,0.049837,2026-09-25T17:07:43.267792+00:00,2026-09-25T17:07:43.268349+00:00,0.000577,1790356063.265493,1790356063.246204,0,1,0,0.000052,0.000024,"[0.01717416441233565, -0.5785065683294713, 0.02790781473938933, -0.2996904858599463, 0.01085594794740473, 0.20552997271485224, -0.47333329314086225]","[0.017191493132144145, -0.5785417404510804, 0.027855454861829502, -0.2996730325674264, 0.010838494654884786, 0.20552997271485224, -0.47331583984834225]","[0.3819576604207757, -0.01416717881989179, 0.5725055515711645]","[0.381967, -0.014162, 0.572484]"
1151,return,57.550000,57.551494,0.000642,0.050607,2026-09-25T17:07:43.318120+00:00,2026-09-25T17:07:43.318955+00:00,0.000852,1790356063.311495,1790356063.306280,0,1,0,0.000035,0.000011,"[0.017180254491500044, -0.5785068241850198, 0.027907814739389324, -0.2996904858599463, 0.01085594794740473, 0.2055299727148522, -0.47333329314086225]","[0.017191493132144145, -0.5785068338660405, 0.02787290815434944, -0.2996730325674264, 0.010838494654884786, 0.20552997271485224, -0.47331583984834225]","[0.38195785784717046, -0.01416485075739367, 0.5725054539218246]","[0.38194999999999996, -0.014161, 0.572499]"
1152,return,57.600000,57.600534,0.000203,0.049039,2026-09-25T17:07:43.367681+00:00,2026-09-25T17:07:43.367994+00:00,0.000331,1790356063.367122,1790356063.366267,0,1,0,0.000035,0.000011,"[0.017187982148618813, -0.5785068338660405, 0.027907814739389327, -0.2996904858599463, 0.010855947947404732, 0.20552997271485224, -0.47333329314086225]","[0.017191493132144145, -0.5785068338660405, 0.02787290815434944, -0.2996730325674264, 0.010838494654884786, 0.20552997271485224, -0.47331583984834225]","[0.3819579715027107, -0.014161899045314567, 0.572505450226984]","[0.381949, -0.014161, 0.5725]"
1153,return,57.650000,57.650524,0.000176,0.049990,2026-09-25T17:07:43.417654+00:00,2026-09-25T17:07:43.417984+00:00,0.000347,1790356063.416476,1790356063.407302,0,1,0,0.000035,0.000011,"[0.017196835672595175, -0.5785068338660405, 0.027907814739389327, -0.2996904858599463, 0.01085594794740473, 0.20552997271485224, -0.47333329314086225]","[0.017191493132144145, -0.5785068338660405, 0.02787290815434944, -0.2996730325674264, 0.010838494654884786, 0.20552997271485224, -0.47331583984834225]","[0.3819580968704536, -0.014158517370700906, 0.572505450226984]","[0.381949, -0.014161, 0.5725]"
1154,return,57.700000,57.700490,0.000169,0.049967,2026-09-25T17:07:43.467644+00:00,2026-09-25T17:07:43.467951+00:00,0.000322,1790356063.467206,1790356063.466333,0,0,0,0.000035,0.000012,"[0.017206229592174244, -0.5785068338660405, 0.027907814739389324, -0.2996904858599463, 0.01085594794740473, 0.20552997271485224, -0.47333329314086225]","[0.017191493132144145, -0.5785068338660405, 0.02787290815434944, -0.2996730325674264, 0.010838494654884786, 0.20552997271485224, -0.47331583984834225]","[0.381958229857574, -0.014154929286431674, 0.572505450226984]","[0.381949, -0.014161, 0.5725]"
1155,return,57.750000,57.750512,0.000187,0.050022,2026-09-25T17:07:43.517662+00:00,2026-09-25T17:07:43.517973+00:00,0.000326,1790356063.516441,1790356063.507036,0,1,0,0.000035,0.000015,"[0.01721558765612091, -0.5785068338660405, 0.027907814739389327, -0.29969048585994623, 0.010855947947404729, 0.2055299727148522, -0.47333329314086225]","[0.017191493132144145, -0.5785068338660405, 0.02787290815434944, -0.2996730325674264, 0.010838494654884786, 0.20552997271485224, -0.47331583984834225]","[0.38195836230358277, -0.014151354896271963, 0.572505450226984]","[0.381949, -0.014161, 0.5725]"
1156,return,57.800000,57.800515,0.000166,0.050003,2026-09-25T17:07:43.567643+00:00,2026-09-25T17:07:43.567976+00:00,0.000349,1790356063.567230,1790356063.566313,0,0,0,0.000035,0.000017,"[0.01722447293794312, -0.5785068338660405, 0.027907814739389327, -0.2996904858599463, 0.01085594794740473, 0.20552997271485224, -0.47333329314086225]","[0.017191493132144145, -0.5785068338660405, 0.02787290815434944, -0.2996730325674264, 0.010838494654884786, 0.20552997271485224, -0.47331583984834225]","[0.3819584880272817, -0.014147961088019979, 0.572505450226984]","[0.381949, -0.014161, 0.5725]"
1157,return,57.850000,57.850458,0.000154,0.049943,2026-09-25T17:07:43.617630+00:00,2026-09-25T17:07:43.617919+00:00,0.000304,1790356063.616434,1790356063.607411,0,1,0,0.000052,0.000012,"[0.01723358539080779, -0.5785068338660405, 0.027907814739389327, -0.2996904858599463, 0.010855947947404729, 0.20552997271485224, -0.47333329314086225]","[0.01722639971718403, -0.5785068338660405, 0.02796017461694916, -0.2996730325674264, 0.010838494654884786, 0.20552997271485224, -0.47331583984834225]","[0.381958616934052, -0.014144480508714218, 0.572505450226984]","[0.381951, -0.014136999999999999, 0.572499]"
1158,return,57.900000,57.901293,0.000315,0.050835,2026-09-25T17:07:43.667790+00:00,2026-09-25T17:07:43.668755+00:00,0.000978,1790356063.661807,1790356063.667003,0,0,0,0.000052,0.000011,"[0.017242626132407655, -0.5785068338660405, 0.027907814739389324, -0.2996904858599463, 0.01085594794740473, 0.20552997271485224, -0.47333329314086225]","[0.01722639971718403, -0.5785068338660405, 0.02796017461694916, -0.2996730325674264, 0.010873401239924673, 0.20552997271485224, -0.47331583984834225]","[0.3819587447950356, -0.014141027318978672, 0.572505450226984]","[0.38195199999999996, -0.014136999999999999, 0.572498]"
1159,return,57.950000,57.950481,0.000181,0.049188,2026-09-25T17:07:43.717654+00:00,2026-09-25T17:07:43.717942+00:00,0.000300,1790356063.716399,1790356063.707711,0,1,0,0.000052,0.000010,"[0.017250980494758573, -0.5785068338660406, 0.02790781473938933, -0.2996904858599463, 0.01085594794740473, 0.20552997271485224, -0.47333329314086225]","[0.01722639971718403, -0.5785068338660405, 0.02796017461694916, -0.2996730325674264, 0.01090830782496456, 0.20552997271485224, -0.47331583984834225]","[0.38195886292097236, -0.014137836296728105, 0.572505450226984]","[0.38195199999999996, -0.014136999999999999, 0.572498]"
1160,return,58.000000,58.000536,0.000152,0.050055,2026-09-25T17:07:43.767623+00:00,2026-09-25T17:07:43.767996+00:00,0.000384,1790356063.761627,1790356063.766540,0,0,0,0.000052,0.000010,"[0.017258033809876425, -0.5785068338660405, 0.027907814739389327, -0.2996904858599463, 0.01085594794740473, 0.20552997271485224, -0.47333329314086225]","[0.01722639971718403, -0.5785068338660405, 0.02796017461694916, -0.2996730325674264, 0.01090830782496456, 0.20552997271485224, -0.47331583984834225]","[0.3819589626300858, -0.01413514222015421, 0.572505450226984]","[0.38195199999999996, -0.014136999999999999, 0.572498]"
1161,return,58.050000,58.050542,0.000191,0.050006,2026-09-25T17:07:43.817670+00:00,2026-09-25T17:07:43.818002+00:00,0.000351,1790356063.816378,1790356063.807819,0,1,0,0.000052,0.000016,"[0.017263615763507274, -0.5785068338660405, 0.027907814739389327, -0.2996904858599463, 0.01085594794740473, 0.20552997271485224, -0.47333329314086225]","[0.017278759594743863, -0.5785068338660405, 0.02796017461694916, -0.2996730325674264, 0.01090830782496456, 0.20552997271485224, -0.47331583984834225]","[0.38195904152584365, -0.014133010142715723, 0.572505450226984]","[0.381953, -0.014119999999999999, 0.572498]"
1162,return,58.100000,58.100536,0.000224,0.049995,2026-09-25T17:07:43.867700+00:00,2026-09-25T17:07:43.867997+00:00,0.000313,1790356063.866477,1790356063.867121,0,0,0,0.000052,0.000015,"[0.017268093875883298, -0.5785068338660405, 0.02790781473938933, -0.2996904858599463, 0.01085594794740473, 0.20552997271485224, -0.47333329314086225]","[0.017278759594743863, -0.5785068338660405, 0.02796017461694916, -0.2996730325674264, 0.01090830782496456, 0.20552997271485224, -0.47331583984834225]","[0.3819591048112214, -0.014131299687063028, 0.572505450226984]","[0.381953, -0.014119999999999999, 0.572498]"
1163,return,58.150000,58.150468,0.000178,0.049931,2026-09-25T17:07:43.917652+00:00,2026-09-25T17:07:43.917928+00:00,0.000290,1790356063.916371,1790356063.908196,0,1,0,0.000052,0.000014,"[0.017271660230749532, -0.5785068338660405, 0.027907814739389327, -0.2996904858599463, 0.010855947947404729, 0.20552997271485224, -0.47333329314086225]","[0.017278759594743863, -0.5785068338660405, 0.02796017461694916, -0.2996730325674264, 0.01090830782496456, 0.20552997271485224, -0.47331583984834225]","[0.38195915520602186, -0.014129937485261016, 0.572505450226984]","[0.381953, -0.014119999999999999, 0.572498]"
1164,return,58.200000,58.200894,0.000170,0.050426,2026-09-25T17:07:43.967645+00:00,2026-09-25T17:07:43.968359+00:00,0.000724,1790356063.967144,1790356063.946146,0,0,0,0.000052,0.000013,"[0.017274506911851017, -0.5785068338660405, 0.027907814739389327, -0.29969048585994634, 0.01085594794740473, 0.20552997271485224, -0.47333329314086225]","[0.017278759594743863, -0.5785068338660405, 0.02796017461694916, -0.2996730325674264, 0.01090830782496456, 0.20552997271485224, -0.47331583984834225]","[0.3819591954279003, -0.014128850169295097, 0.5725054502269838]","[0.381953, -0.014119999999999999, 0.572498]"
1165,return,58.250000,58.250494,0.000175,0.049600,2026-09-25T17:07:44.017652+00:00,2026-09-25T17:07:44.017954+00:00,0.000319,1790356064.017131,1790356064.005988,0,1,0,0.000052,0.000013,"[0.017276645751546447, -0.5785068338660405, 0.027907814739389327, -0.2996904858599463, 0.01085594794740473, 0.20552997271485224, -0.47333329314086225]","[0.017278759594743863, -0.5785068338660405, 0.02796017461694916, -0.2996730325674264, 0.01090830782496456, 0.20552997271485224, -0.47331583984834225]","[0.38195922564637214, -0.014128033219773573, 0.572505450226984]","[0.381953, -0.014119999999999999, 0.572498]"
1166,return,58.300000,58.301486,0.000324,0.050992,2026-09-25T17:07:44.067800+00:00,2026-09-25T17:07:44.068949+00:00,0.001162,1790356064.062876,1790356064.046957,0,0,0,0.000052,0.000012,"[0.01727767532041986, -0.5785068338660405, 0.02790781473938933, -0.2996904858599463, 0.01085594794740473, 0.20552997271485224, -0.47333329314086225]","[0.017278759594743863, -0.5785068338660405, 0.02796017461694916, -0.2996730325674264, 0.01090830782496456, 0.20552997271485224, -0.47331583984834225]","[0.38195924019195293, -0.01412763996643645, 0.572505450226984]","[0.381953, -0.014119999999999999, 0.572498]"
1167,return,58.350000,58.350525,0.000200,0.049039,2026-09-25T17:07:44.117678+00:00,2026-09-25T17:07:44.117985+00:00,0.000324,1790356064.116908,1790356064.106910,0,1,0,0.000052,0.000012,"[0.017278044121210336, -0.5785068338660406, 0.02790781473938933, -0.29969048585994634, 0.010855947947404732, 0.20552997271485224, -0.47333329314086225]","[0.017278759594743863, -0.5785068338660405, 0.02796017461694916, -0.2996730325674264, 0.01090830782496456, 0.20552997271485224, -0.47331583984834225]","[0.3819592454022118, -0.014127499099565769, 0.5725054502269838]","[0.381953, -0.014119999999999999, 0.572498]"
1168,return,58.400000,58.402062,0.000343,0.051537,2026-09-25T17:07:44.167823+00:00,2026-09-25T17:07:44.169524+00:00,0.001719,1790356064.161371,1790356064.147571,0,0,0,0.000052,0.000012,"[0.01727828998840399, -0.5785068338660405, 0.027907814739389324, -0.2996904858599463, 0.010855947947404729, 0.20552997271485224, -0.4733332931408622]","[0.017278759594743863, -0.5785068338660405, 0.02796017461694916, -0.2996730325674264, 0.01090830782496456, 0.20552997271485224, -0.47331583984834225]","[0.38195924887568866, -0.01412740518831759, 0.572505450226984]","[0.381953, -0.014119999999999999, 0.572498]"
1169,return,58.450000,58.450647,0.000208,0.048585,2026-09-25T17:07:44.217688+00:00,2026-09-25T17:07:44.218108+00:00,0.000438,1790356064.216089,1790356064.206448,0,1,0,0.000052,0.000012,"[0.01727892243053732, -0.5785068338660405, 0.027907814739389327, -0.2996904858599463, 0.01085594794740473, 0.20552997271485224, -0.47333329314086225]","[0.017278759594743863, -0.5785068338660405, 0.02796017461694916, -0.2996730325674264, 0.01090830782496456, 0.20552997271485224, -0.47331583984834225]","[0.3819592578103786, -0.014127163621192556, 0.572505450226984]","[0.381953, -0.014119999999999999, 0.572498]"
1170,return,58.500000,58.501524,0.000473,0.050878,2026-09-25T17:07:44.267952+00:00,2026-09-25T17:07:44.268987+00:00,0.001051,1790356064.261394,1790356064.266744,0,0,0,0.000052,0.000010,"[0.017279516865700305, -0.5785068338660405, 0.027907814739389327, -0.2996904858599463, 0.01085594794740473, 0.20552997271485224, -0.47333329314086225]","[0.017278759594743863, -0.5785068338660405, 0.02790781473938933, -0.2996730325674264, 0.01090830782496456, 0.20552997271485224, -0.47331583984834225]","[0.3819592662079939, -0.01412693657117639, 0.572505450226984]","[0.38195199999999996, -0.014126, 0.572499]"
1171,return,58.550000,58.550495,0.000181,0.048971,2026-09-25T17:07:44.317660+00:00,2026-09-25T17:07:44.317955+00:00,0.000314,1790356064.316262,1790356064.307735,0,1,0,0.000052,0.000010,"[0.01728005495629807, -0.5785068338660405, 0.027907814739389327, -0.2996904858599463, 0.01085594794740473, 0.20552997271485224, -0.47333329314086225]","[0.017278759594743863, -0.5785068338660405, 0.02790781473938933, -0.2996730325674264, 0.01090830782496456, 0.20552997271485224, -0.47331583984834225]","[0.38195927380951034, -0.014126731042484473, 0.572505450226984]","[0.38195199999999996, -0.014126, 0.572499]"
1172,return,58.600000,58.601466,0.000662,0.050971,2026-09-25T17:07:44.368143+00:00,2026-09-25T17:07:44.368930+00:00,0.000804,1790356064.361329,1790356064.367100,0,0,0,0.000052,0.000010,"[0.017280959286569718, -0.5785068338660405, 0.027907814739389327, -0.2996904858599463, 0.01085594794740473, 0.20552997271485224, -0.47333329314086225]","[0.017278759594743863, -0.5785068338660405, 0.02790781473938933, -0.2996730325674264, 0.01090830782496456, 0.20552997271485224, -0.47331583984834225]","[0.3819592865845847, -0.014126385625144858, 0.572505450226984]","[0.38195199999999996, -0.014126, 0.572499]"
1173,return,58.650000,58.650649,0.000215,0.049183,2026-09-25T17:07:44.417695+00:00,2026-09-25T17:07:44.418110+00:00,0.000434,1790356064.416928,1790356064.410091,0,1,0,0.000052,0.000010,"[0.017282652440754324, -0.5785068338660405, 0.027907814739389327, -0.2996904858599463, 0.01085594794740473, 0.20552997271485224, -0.47333329314086225]","[0.017278759594743863, -0.5785068338660405, 0.02790781473938933, -0.2996730325674264, 0.01090830782496456, 0.20552997271485224, -0.47331583984834225]","[0.3819593105021862, -0.014125738909160175, 0.572505450226984]","[0.38195199999999996, -0.014126, 0.572499]"
1174,return,58.700000,58.701668,0.000479,0.051019,2026-09-25T17:07:44.467959+00:00,2026-09-25T17:07:44.469129+00:00,0.001189,1790356064.461352,1790356064.451310,0,1,0,0.000052,0.000010,"[0.01728538161782618, -0.5785068338660405, 0.027907814739389327, -0.2996904858599463, 0.010855947947404732, 0.20552997271485224, -0.47333329314086225]","[0.017278759594743863, -0.5785068338660405, 0.02790781473938933, -0.2996730325674264, 0.01090830782496456, 0.20552997271485224, -0.47331583984834225]","[0.38195934905240647, -0.01412469647451496, 0.572505450226984]","[0.38195199999999996, -0.014126, 0.572499]"
1175,return,58.750000,58.750544,0.000210,0.048877,2026-09-25T17:07:44.517689+00:00,2026-09-25T17:07:44.518005+00:00,0.000335,1790356064.516245,1790356064.509298,0,1,0,0.000052,0.000010,"[0.017288896494248748, -0.5785068338660405, 0.027907814739389327, -0.2996904858599463, 0.01085594794740473, 0.20552997271485224, -0.47333329314086225]","[0.017278759594743863, -0.5785068338660405, 0.02790781473938933, -0.2996730325674264, 0.01090830782496456, 0.20552997271485224, -0.47331583984834225]","[0.38195939869660966, -0.014123353934517354, 0.572505450226984]","[0.38195199999999996, -0.014126, 0.572499]"
1176,return,58.800000,58.801010,0.000198,0.050465,2026-09-25T17:07:44.567677+00:00,2026-09-25T17:07:44.568472+00:00,0.000811,1790356064.567213,1790356064.566437,0,1,0,0.000052,0.000011,"[0.017293036283121836, -0.5785068338660405, 0.027907814739389324, -0.2996904858599463, 0.01085594794740473, 0.20552997271485224, -0.47333329314086225]","[0.017278759594743863, -0.5785068338660405, 0.02790781473938933, -0.2996730325674264, 0.01090830782496456, 0.20552997271485224, -0.47331583984834225]","[0.38195945716104013, -0.014121772703127637, 0.572505450226984]","[0.38195199999999996, -0.014126, 0.572499]"
1177,return,58.850000,58.850511,0.000196,0.049501,2026-09-25T17:07:44.617675+00:00,2026-09-25T17:07:44.617972+00:00,0.000315,1790356064.616563,1790356064.609650,0,1,0,0.000052,0.000012,"[0.017297647317449424, -0.5785068338660405, 0.027907814739389327, -0.29969048585994623, 0.010855947947404729, 0.2055299727148522, -0.47333329314086225]","[0.017278759594743863, -0.5785068338660405, 0.02790781473938933, -0.2996730325674264, 0.01090830782496456, 0.20552997271485224, -0.47331583984834225]","[0.3819595222729583, -0.014120011474808803, 0.572505450226984]","[0.38195199999999996, -0.014126, 0.572499]"
1178,return,58.900000,58.901295,0.000198,0.050784,2026-09-25T17:07:44.667676+00:00,2026-09-25T17:07:44.668759+00:00,0.001097,1790356064.667080,1790356064.645957,0,1,0,0.000052,0.000013,"[0.017302661164195945, -0.5785068338660405, 0.027907814739389327, -0.2996904858599463, 0.01085594794740473, 0.20552997271485224, -0.47333329314086225]","[0.017278759594743863, -0.5785068338660405, 0.02790781473938933, -0.2996730325674264, 0.01090830782496456, 0.20552997271485224, -0.47331583984834225]","[0.3819595930637309, -0.014118096388123277, 0.572505450226984]","[0.38195199999999996, -0.014126, 0.572499]"
1179,return,58.950000,58.950774,0.000214,0.049479,2026-09-25T17:07:44.717694+00:00,2026-09-25T17:07:44.718236+00:00,0.000561,1790356064.716499,1790356064.705942,0,1,0,0.000052,0.000014,"[0.017308561976843558, -0.5785068338660405, 0.027907814739389327, -0.2996904858599463, 0.010855947947404729, 0.20552997271485224, -0.47333329314086225]","[0.017278759594743863, -0.5785068338660405, 0.02790781473938933, -0.2996730325674264, 0.01090830782496456, 0.20552997271485224, -0.47331583984834225]","[0.3819596763653228, -0.014115842515879872, 0.572505450226984]","[0.38195199999999996, -0.014126, 0.572499]"
1180,return,59.000000,59.001028,0.000221,0.050254,2026-09-25T17:07:44.767704+00:00,2026-09-25T17:07:44.768492+00:00,0.000807,1790356064.766772,1790356064.745881,0,1,0,0.000052,0.000016,"[0.017314954523878472, -0.5785068338660405, 0.027907814739389324, -0.2996904858599463, 0.01085594794740473, 0.20552997271485224, -0.47333329314086225]","[0.017278759594743863, -0.5785068338660405, 0.02790781473938933, -0.2996730325674264, 0.01090830782496456, 0.20552997271485224, -0.47331583984834225]","[0.3819597665937057, -0.014113400820394865, 0.572505450226984]","[0.38195199999999996, -0.014126, 0.572499]"
1181,return,59.050000,59.050533,0.000191,0.049505,2026-09-25T17:07:44.817669+00:00,2026-09-25T17:07:44.817994+00:00,0.000342,1790356064.816157,1790356064.806868,0,1,0,0.000052,0.000018,"[0.017321224137316564, -0.5785068338660405, 0.027907814739389327, -0.2996904858599463, 0.01085594794740473, 0.20552997271485224, -0.47333329314086225]","[0.01731366617978375, -0.5785068338660405, 0.02790781473938933, -0.2996730325674264, 0.01090830782496456, 0.20552997271485224, -0.47331583984834225]","[0.3819598550717661, -0.01411100608003205, 0.572505450226984]","[0.38195199999999996, -0.014126, 0.572499]"
1182,return,59.100000,59.101912,0.000247,0.051379,2026-09-25T17:07:44.867727+00:00,2026-09-25T17:07:44.869375+00:00,0.001665,1790356064.866750,1790356064.865886,0,0,0,0.000052,0.000010,"[0.017326756149173703, -0.5785068338660405, 0.027907814739389327, -0.2996904858599463, 0.01085594794740473, 0.20552997271485224, -0.47333329314086225]","[0.01731366617978375, -0.5785068338660405, 0.02790781473938933, -0.2996730325674264, 0.01090830782496456, 0.20552997271485224, -0.47331583984834225]","[0.38195993312817444, -0.014108893073368933, 0.572505450226984]","[0.38195199999999996, -0.014109, 0.572499]"
1183,return,59.150000,59.150564,0.000222,0.048653,2026-09-25T17:07:44.917701+00:00,2026-09-25T17:07:44.918025+00:00,0.000342,1790356064.916298,1790356064.906987,0,1,0,0.000052,0.000010,"[0.017331576170615894, -0.5785068338660405, 0.027907814739389327, -0.2996904858599463, 0.01085594794740473, 0.20552997271485224, -0.47333329314086225]","[0.01731366617978375, -0.5785068338660405, 0.02790781473938933, -0.2996730325674264, 0.01090830782496456, 0.20552997271485224, -0.47331583984834225]","[0.3819600011289046, -0.01410705201813731, 0.572505450226984]","[0.38195199999999996, -0.014109, 0.572499]"
1184,return,59.200000,59.200654,0.000191,0.050089,2026-09-25T17:07:44.967669+00:00,2026-09-25T17:07:44.968114+00:00,0.000462,1790356064.966729,1790356064.965770,0,1,0,0.000052,0.000011,"[0.01733601714680121, -0.5785068338660405, 0.027907814739389324, -0.2996904858599463, 0.01085594794740473, 0.20552997271485224, -0.47333329314086225]","[0.01731366617978375, -0.5785068338660405, 0.02790781473938933, -0.2996730325674264, 0.01090830782496456, 0.20552997271485224, -0.47331583984834225]","[0.3819600637742201, -0.014105355742729447, 0.572505450226984]","[0.38195199999999996, -0.014109, 0.572499]"
1185,return,59.250000,59.250762,0.000306,0.050108,2026-09-25T17:07:45.017786+00:00,2026-09-25T17:07:45.018223+00:00,0.000455,1790356065.016234,1790356065.006804,0,1,0,0.000052,0.000012,"[0.01733992541073361, -0.5785068338660405, 0.027907814739389327, -0.2996904858599463, 0.010855947947404729, 0.20552997271485224, -0.47333329314086225]","[0.01731366617978375, -0.5785068338660405, 0.02790781473938933, -0.2996730325674264, 0.01090830782496456, 0.20552997271485224, -0.47331583984834225]","[0.38196011889875603, -0.014103862941880858, 0.572505450226984]","[0.38195199999999996, -0.014109, 0.572499]"
1186,return,59.300000,59.302035,0.000485,0.051274,2026-09-25T17:07:45.067963+00:00,2026-09-25T17:07:45.069498+00:00,0.001551,1790356065.066865,1790356065.065910,0,0,0,0.000052,0.000012,"[0.017343147295417076, -0.5785068338660405, 0.027907814739389327, -0.2996904858599463, 0.01085594794740473, 0.20552997271485224, -0.47333329314086225]","[0.01731366617978375, -0.5785068338660405, 0.02790781473938933, -0.2996730325674264, 0.01090830782496456, 0.20552997271485224, -0.47331583984834225]","[0.3819601643377936, -0.014102632310350883, 0.572505450226984]","[0.38195199999999996, -0.014109, 0.572499]"
1187,return,59.350000,59.351350,0.000212,0.049315,2026-09-25T17:07:45.117694+00:00,2026-09-25T17:07:45.118815+00:00,0.001138,1790356065.116097,1790356065.106365,0,1,0,0.000052,0.000013,"[0.017345505161804185, -0.5785068338660405, 0.027907814739389327, -0.2996904858599463, 0.01085594794740473, 0.20552997271485224, -0.47333329314086225]","[0.01731366617978375, -0.5785068338660405, 0.02790781473938933, -0.2996730325674264, 0.01090830782496456, 0.20552997271485224, -0.47331583984834225]","[0.3819601975888545, -0.014101731699278974, 0.572505450226984]","[0.38195199999999996, -0.014109, 0.572499]"
1188,return,59.400000,59.402059,0.000283,0.050709,2026-09-25T17:07:45.167764+00:00,2026-09-25T17:07:45.169523+00:00,0.001776,1790356065.166687,1790356065.166448,0,0,0,0.000052,0.000013,"[0.01734694348488704, -0.5785068338660405, 0.02790781473938933, -0.2996904858599463, 0.01085594794740473, 0.20552997271485224, -0.47333329314086225]","[0.01731366617978375, -0.5785068338660405, 0.02790781473938933, -0.2996730325674264, 0.01090830782496456, 0.20552997271485224, -0.47331583984834225]","[0.38196021787130563, -0.014101182317095463, 0.572505450226984]","[0.38195199999999996, -0.014109, 0.572499]"
1189,return,59.450000,59.450738,0.000225,0.048679,2026-09-25T17:07:45.217706+00:00,2026-09-25T17:07:45.218201+00:00,0.000513,1790356065.216300,1790356065.207818,0,1,0,0.000052,0.000012,"[0.017347746651052962, -0.5785068338660405, 0.027907814739389327, -0.2996904858599463, 0.01085594794740473, 0.20552997271485224, -0.47333329314086225]","[0.017366026057343577, -0.5785068338660405, 0.02790781473938933, -0.2996730325674264, 0.01090830782496456, 0.20552997271485224, -0.47331583984834225]","[0.38196022919677497, -0.01410087553956719, 0.572505450226984]","[0.381953, -0.014093, 0.572499]"
1190,return,59.500000,59.501771,0.000269,0.051033,2026-09-25T17:07:45.267752+00:00,2026-09-25T17:07:45.269234+00:00,0.001503,1790356065.265932,1790356065.266827,0,1,0,0.000052,0.000012,"[0.017348221994294023, -0.5785068338660405, 0.027907814739389327, -0.2996904858599463, 0.010855947947404729, 0.20552997271485224, -0.47333329314086225]","[0.017366026057343577, -0.5785068338660405, 0.02790781473938933, -0.2996730325674264, 0.01090830782496456, 0.20552997271485224, -0.47331583984834225]","[0.3819602358994877, -0.014100693977352294, 0.572505450226984]","[0.381953, -0.014093, 0.572499]"
1191,return,59.550000,59.550660,0.000206,0.048889,2026-09-25T17:07:45.317685+00:00,2026-09-25T17:07:45.318122+00:00,0.000454,1790356065.317063,1790356065.307217,0,1,0,0.000052,0.000012,"[0.017348663121017297, -0.5785068338660405, 0.027907814739389327, -0.2996904858599463, 0.01085594794740473, 0.20552997271485224, -0.47333329314086225]","[0.017366026057343577, -0.5785068338660405, 0.02790781473938933, -0.2996730325674264, 0.01090830782496456, 0.20552997271485224, -0.47331583984834225]","[0.3819602421196435, -0.01410052548448364, 0.572505450226984]","[0.381953, -0.014093, 0.572499]"
1192,return,59.600000,59.600722,0.000276,0.050062,2026-09-25T17:07:45.367755+00:00,2026-09-25T17:07:45.368184+00:00,0.000446,1790356065.366556,1790356065.367314,0,1,0,0.000052,0.000012,"[0.017348887474831504, -0.5785068338660405, 0.027907814739389327, -0.2996904858599463, 0.01085594794740473, 0.20552997271485224, -0.47333329314086225]","[0.017366026057343577, -0.5785068338660405, 0.02790781473938933, -0.2996730325674264, 0.01090830782496456, 0.20552997271485224, -0.47331583984834225]","[0.3819602452831405, -0.014100439790246092, 0.572505450226984]","[0.381953, -0.014093, 0.572499]"
1193,return,59.650000,59.650695,0.000204,0.049973,2026-09-25T17:07:45.417684+00:00,2026-09-25T17:07:45.418157+00:00,0.000491,1790356065.416353,1790356065.405694,0,1,0,0.000052,0.000012,"[0.017348845472519255, -0.5785068338660405, 0.027907814739389327, -0.2996904858599463, 0.01085594794740473, 0.20552997271485224, -0.47333329314086225]","[0.017366026057343577, -0.5785068338660405, 0.02790781473938933, -0.2996730325674264, 0.01090830782496456, 0.20552997271485224, -0.47331583984834225]","[0.38196024469088913, -0.014100455833459572, 0.572505450226984]","[0.381953, -0.014093, 0.572499]"
1194,return,59.700000,59.700677,0.000271,0.049982,2026-09-25T17:07:45.467750+00:00,2026-09-25T17:07:45.468139+00:00,0.000406,1790356065.466869,1790356065.465825,0,1,0,0.000052,0.000012,"[0.017348690781076582, -0.5785068338660405, 0.02790781473938933, -0.2996904858599463, 0.010855947947404732, 0.20552997271485224, -0.47333329314086225]","[0.017366026057343577, -0.5785068338660405, 0.02790781473938933, -0.2996730325674264, 0.01090830782496456, 0.20552997271485224, -0.47331583984834225]","[0.38196024250966465, -0.014100514919440695, 0.572505450226984]","[0.381953, -0.014093, 0.572499]"
1195,return,59.750000,59.750741,0.000219,0.050064,2026-09-25T17:07:45.517703+00:00,2026-09-25T17:07:45.518204+00:00,0.000522,1790356065.516035,1790356065.506484,0,1,0,0.000052,0.000012,"[0.01734857706749952, -0.5785068338660405, 0.027907814739389324, -0.2996904858599463, 0.01085594794740473, 0.2055299727148522, -0.4733332931408622]","[0.017366026057343577, -0.5785068338660405, 0.02790781473938933, -0.2996730325674264, 0.01090830782496456, 0.20552997271485224, -0.47331583984834225]","[0.38196024090624225, -0.014100558353506074, 0.572505450226984]","[0.381953, -0.014093, 0.572499]"
1196,return,59.800000,59.801238,0.000275,0.050497,2026-09-25T17:07:45.567756+00:00,2026-09-25T17:07:45.568701+00:00,0.000963,1790356065.567004,1790356065.566024,0,1,0,0.000052,0.000012,"[0.01734857276482363, -0.5785068338660405, 0.027907814739389327, -0.2996904858599463, 0.01085594794740473, 0.20552997271485224, -0.47333329314086225]","[0.017366026057343577, -0.5785068338660405, 0.02790781473938933, -0.2996730325674264, 0.01090830782496456, 0.20552997271485224, -0.47331583984834225]","[0.38196024084557206, -0.014100559996957196, 0.572505450226984]","[0.381953, -0.014093, 0.572499]"
1197,return,59.850000,59.850504,0.000165,0.049266,2026-09-25T17:07:45.617643+00:00,2026-09-25T17:07:45.617964+00:00,0.000339,1790356065.616014,1790356065.605797,0,1,0,0.000052,0.000012,"[0.01734857276482363, -0.5785068338660405, 0.027907814739389327, -0.2996904858599463, 0.01085594794740473, 0.20552997271485224, -0.47333329314086225]","[0.017366026057343577, -0.5785068338660405, 0.02790781473938933, -0.2996730325674264, 0.01090830782496456, 0.20552997271485224, -0.47331583984834225]","[0.38196024084557206, -0.014100559996957196, 0.572505450226984]","[0.381953, -0.014093, 0.572499]"
1198,return,59.900000,59.901324,0.000304,0.050821,2026-09-25T17:07:45.667784+00:00,2026-09-25T17:07:45.668788+00:00,0.001020,1790356065.666666,1790356065.665744,0,1,0,0.000052,0.000013,"[0.01734857276482363, -0.5785068338660405, 0.027907814739389324, -0.2996904858599463, 0.01085594794740473, 0.20552997271485224, -0.47333329314086225]","[0.017366026057343577, -0.5785068338660405, 0.02790781473938933, -0.2996730325674264, 0.0108035880698449, 0.20552997271485224, -0.47331583984834225]","[0.38196024084557206, -0.014100559996957196, 0.572505450226984]","[0.381951, -0.014093, 0.5725009999999999]"
1199,return,59.950000,59.950490,0.000180,0.049166,2026-09-25T17:07:45.717655+00:00,2026-09-25T17:07:45.717950+00:00,0.000310,1790356065.715817,1790356065.705981,0,0,0,0.000052,0.000013,"[0.01734857276482363, -0.5785068338660406, 0.027907814739389327, -0.2996904858599463, 0.01085594794740473, 0.20552997271485224, -0.47333329314086225]","[0.017366026057343577, -0.5785068338660405, 0.02790781473938933, -0.2996730325674264, 0.0108035880698449, 0.20552997271485224, -0.47331583984834225]","[0.38196024084557206, -0.014100559996957196, 0.572505450226984]","[0.381951, -0.014093, 0.5725009999999999]"
1200,return,60.000000,60.000422,0.000233,0.049932,2026-09-25T17:07:45.767702+00:00,2026-09-25T17:07:45.767882+00:00,0.000189,1790356065.766665,1790356065.765762,0,1,0,0.000052,0.000013,"[0.01734857276482363, -0.5785068338660405, 0.027907814739389327, -0.2996904858599463, 0.01085594794740473, 0.20552997271485224, -0.47333329314086225]","[0.017366026057343577, -0.5785068338660405, 0.02790781473938933, -0.2996730325674264, 0.0108035880698449, 0.20552997271485224, -0.47331583984834225]","[0.38196024084557206, -0.014100559996957196, 0.572505450226984]","[0.381951, -0.014093, 0.5725009999999999]"
1201,return,60.050000,60.050579,0.000215,0.050157,2026-09-25T17:07:45.817694+00:00,2026-09-25T17:07:45.818039+00:00,0.000364,1790356065.815796,1790356065.806663,0,0,0,0.000052,0.000013,"[0.01734857276482363, -0.5785068338660405, 0.027907814739389327, -0.2996904858599463, 0.010855947947404732, 0.20552997271485224, -0.47333329314086225]","[0.017366026057343577, -0.5785068338660405, 0.02790781473938933, -0.2996730325674264, 0.0108035880698449, 0.20552997271485224, -0.47331583984834225]","[0.38196024084557206, -0.014100559996957196, 0.572505450226984]","[0.381951, -0.014093, 0.5725009999999999]"
1202,return,60.100000,60.100518,0.000194,0.049939,2026-09-25T17:07:45.867672+00:00,2026-09-25T17:07:45.867979+00:00,0.000324,1790356065.866646,1790356065.866013,0,1,0,0.000052,0.000013,"[0.01734857276482363, -0.5785068338660405, 0.027907814739389324, -0.29969048585994623, 0.010855947947404729, 0.20552997271485224, -0.47333329314086225]","[0.017366026057343577, -0.5785068338660405, 0.02790781473938933, -0.2996730325674264, 0.0108035880698449, 0.20552997271485224, -0.47331583984834225]","[0.38196024084557206, -0.014100559996957196, 0.572505450226984]","[0.381951, -0.014093, 0.5725009999999999]"
1203,return,60.150000,60.150556,0.000197,0.050038,2026-09-25T17:07:45.917677+00:00,2026-09-25T17:07:45.918016+00:00,0.000359,1790356065.916775,1790356065.907378,0,0,0,0.000052,0.000013,"[0.01734857276482363, -0.5785068338660405, 0.027907814739389327, -0.2996904858599463, 0.01085594794740473, 0.20552997271485224, -0.47333329314086225]","[0.017366026057343577, -0.5785068338660405, 0.02790781473938933, -0.2996730325674264, 0.0108035880698449, 0.20552997271485224, -0.47331583984834225]","[0.38196024084557206, -0.014100559996957196, 0.572505450226984]","[0.381951, -0.014093, 0.5725009999999999]"
1204,return,60.200000,60.200752,0.000248,0.050196,2026-09-25T17:07:45.967726+00:00,2026-09-25T17:07:45.968216+00:00,0.000505,1790356065.966655,1790356065.965677,0,1,0,0.000052,0.000013,"[0.01734857276482363, -0.5785068338660405, 0.027907814739389327, -0.2996904858599463, 0.01085594794740473, 0.20552997271485224, -0.47333329314086225]","[0.017366026057343577, -0.5785068338660405, 0.02790781473938933, -0.2996730325674264, 0.0108035880698449, 0.20552997271485224, -0.47331583984834225]","[0.38196024084557206, -0.014100559996957196, 0.572505450226984]","[0.381951, -0.014093, 0.5725009999999999]"
1205,return,60.250000,60.250469,0.000186,0.049717,2026-09-25T17:07:46.017660+00:00,2026-09-25T17:07:46.017930+00:00,0.000283,1790356066.016510,1790356066.006517,0,0,0,0.000052,0.000013,"[0.01734857276482363, -0.5785068338660405, 0.027907814739389327, -0.2996904858599463, 0.01085594794740473, 0.20552997271485224, -0.47333329314086225]","[0.017366026057343577, -0.5785068338660405, 0.02790781473938933, -0.2996730325674264, 0.0108035880698449, 0.20552997271485224, -0.47331583984834225]","[0.38196024084557206, -0.014100559996957196, 0.572505450226984]","[0.381951, -0.014093, 0.5725009999999999]"
1206,return,60.300000,60.300519,0.000185,0.050050,2026-09-25T17:07:46.067664+00:00,2026-09-25T17:07:46.067979+00:00,0.000334,1790356066.065971,1790356066.067240,0,1,0,0.000052,0.000013,"[0.01734857276482363, -0.5785068338660405, 0.027907814739389327, -0.2996904858599463, 0.01085594794740473, 0.20552997271485224, -0.47333329314086225]","[0.017366026057343577, -0.5785068338660405, 0.02790781473938933, -0.2996730325674264, 0.0108035880698449, 0.20552997271485224, -0.47331583984834225]","[0.38196024084557206, -0.014100559996957196, 0.572505450226984]","[0.381951, -0.014093, 0.5725009999999999]"
1207,return,60.350000,60.350613,0.000275,0.050094,2026-09-25T17:07:46.117751+00:00,2026-09-25T17:07:46.118074+00:00,0.000338,1790356066.116688,1790356066.105547,0,0,0,0.000052,0.000013,"[0.01734857276482363, -0.5785068338660405, 0.027907814739389327, -0.2996904858599463, 0.01085594794740473, 0.20552997271485224, -0.47333329314086225]","[0.017366026057343577, -0.5785068338660405, 0.02790781473938933, -0.2996730325674264, 0.0108035880698449, 0.20552997271485224, -0.47331583984834225]","[0.38196024084557206, -0.014100559996957196, 0.572505450226984]","[0.381951, -0.014093, 0.5725009999999999]"
1208,return,60.400000,60.400505,0.000187,0.049892,2026-09-25T17:07:46.167664+00:00,2026-09-25T17:07:46.167965+00:00,0.000318,1790356066.165951,1790356066.166721,0,1,0,0.000052,0.000013,"[0.01734857276482363, -0.5785068338660405, 0.027907814739389327, -0.2996904858599463, 0.010855947947404729, 0.20552997271485224, -0.4733332931408622]","[0.017366026057343577, -0.5785068338660405, 0.02790781473938933, -0.2996730325674264, 0.0108035880698449, 0.20552997271485224, -0.47331583984834225]","[0.38196024084557206, -0.014100559996957196, 0.572505450226984]","[0.381951, -0.014093, 0.5725009999999999]"
1209,return,60.450000,60.450517,0.000208,0.050012,2026-09-25T17:07:46.217685+00:00,2026-09-25T17:07:46.217977+00:00,0.000309,1790356066.216424,1790356066.205526,0,0,0,0.000052,0.000030,"[0.01734857276482363, -0.5785068338660405, 0.027907814739389327, -0.2996904858599463, 0.01085594794740473, 0.20552997271485224, -0.47333329314086225]","[0.017366026057343577, -0.5784544739884806, 0.02790781473938933, -0.2996730325674264, 0.0108035880698449, 0.20552997271485224, -0.47331583984834225]","[0.38196024084557206, -0.014100559996957196, 0.572505450226984]","[0.38193299999999997, -0.014093999999999999, 0.5725169999999999]"
1210,return,60.500000,60.501735,0.000297,0.051218,2026-09-25T17:07:46.267777+00:00,2026-09-25T17:07:46.269198+00:00,0.001438,1790356066.266500,1790356066.265618,0,1,0,0.000052,0.000030,"[0.01734857276482363, -0.5785068338660405, 0.02790781473938933, -0.2996904858599463, 0.01085594794740473, 0.20552997271485224, -0.47333329314086225]","[0.017366026057343577, -0.5784544739884806, 0.02790781473938933, -0.2996730325674264, 0.0108035880698449, 0.20552997271485224, -0.47331583984834225]","[0.38196024084557206, -0.014100559996957196, 0.572505450226984]","[0.38193299999999997, -0.014093999999999999, 0.5725169999999999]"
1211,return,60.550000,60.552049,0.000414,0.050314,2026-09-25T17:07:46.317894+00:00,2026-09-25T17:07:46.319511+00:00,0.001635,1790356066.317292,1790356066.306609,0,0,0,0.000052,0.000030,"[0.017348572764823635, -0.5785068338660406, 0.02790781473938933, -0.29969048585994634, 0.010855947947404732, 0.20552997271485224, -0.47333329314086225]","[0.017366026057343577, -0.5784544739884806, 0.02790781473938933, -0.2996730325674264, 0.0108035880698449, 0.20552997271485224, -0.47331583984834225]","[0.3819602408455722, -0.014100559996957189, 0.5725054502269838]","[0.38193299999999997, -0.014093999999999999, 0.5725169999999999]"
1212,return,60.600000,60.600575,0.000242,0.048527,2026-09-25T17:07:46.367721+00:00,2026-09-25T17:07:46.368036+00:00,0.000333,1790356066.366239,1790356066.365350,0,1,0,0.000052,0.000029,"[0.01734857276482363, -0.5785068338660405, 0.027907814739389327, -0.2996904858599463, 0.010855947947404729, 0.20552997271485224, -0.47333329314086225]","[0.017366026057343577, -0.5784544739884806, 0.02790781473938933, -0.2996730325674264, 0.010890854532444616, 0.20552997271485224, -0.47331583984834225]","[0.38196024084557206, -0.014100559996957196, 0.572505450226984]","[0.381934, -0.014093999999999999, 0.572516]"
1213,return,60.650000,60.650964,0.000248,0.050389,2026-09-25T17:07:46.417730+00:00,2026-09-25T17:07:46.418427+00:00,0.000715,1790356066.417186,1790356066.405342,0,0,0,0.000052,0.000029,"[0.01734857276482363, -0.5785068338660405, 0.027907814739389327, -0.2996904858599463, 0.01085594794740473, 0.20552997271485224, -0.47333329314086225]","[0.017366026057343577, -0.5784544739884806, 0.02790781473938933, -0.2996730325674264, 0.010890854532444616, 0.20552997271485224, -0.47331583984834225]","[0.38196024084557206, -0.014100559996957196, 0.572505450226984]","[0.381934, -0.014093999999999999, 0.572516]"
1214,return,60.700000,60.701477,0.000318,0.050514,2026-09-25T17:07:46.467797+00:00,2026-09-25T17:07:46.468942+00:00,0.001160,1790356066.467017,1790356066.467261,0,0,0,0.000052,0.000029,"[0.01734857276482363, -0.5785068338660405, 0.027907814739389327, -0.2996904858599463, 0.01085594794740473, 0.20552997271485224, -0.47333329314086225]","[0.017366026057343577, -0.5784544739884806, 0.02790781473938933, -0.2996730325674264, 0.010890854532444616, 0.20552997271485224, -0.47331583984834225]","[0.38196024084557206, -0.014100559996957196, 0.572505450226984]","[0.381934, -0.014093999999999999, 0.572516]"
1215,return,60.750000,60.750901,0.000211,0.049424,2026-09-25T17:07:46.517689+00:00,2026-09-25T17:07:46.518363+00:00,0.000690,1790356066.517296,1790356066.510405,0,1,0,0.000052,0.000029,"[0.01734857276482363, -0.5785068338660405, 0.027907814739389327, -0.2996904858599463, 0.01085594794740473, 0.20552997271485224, -0.47333329314086225]","[0.017366026057343577, -0.5784544739884806, 0.02790781473938933, -0.2996730325674264, 0.010890854532444616, 0.20552997271485224, -0.47331583984834225]","[0.38196024084557206, -0.014100559996957196, 0.572505450226984]","[0.381934, -0.014093999999999999, 0.572516]"
1216,return,60.800000,60.801575,0.000297,0.050674,2026-09-25T17:07:46.567781+00:00,2026-09-25T17:07:46.569039+00:00,0.001279,1790356066.565791,1790356066.566683,0,0,0,0.000052,0.000029,"[0.01734857276482363, -0.5785068338660405, 0.027907814739389327, -0.2996904858599463, 0.01085594794740473, 0.20552997271485224, -0.47333329314086225]","[0.017366026057343577, -0.5784544739884806, 0.02790781473938933, -0.2996730325674264, 0.010890854532444616, 0.20552997271485224, -0.47331583984834225]","[0.38196024084557206, -0.014100559996957196, 0.572505450226984]","[0.381934, -0.014093999999999999, 0.572516]"
1217,return,60.850000,60.850574,0.000177,0.048998,2026-09-25T17:07:46.617654+00:00,2026-09-25T17:07:46.618035+00:00,0.000396,1790356066.616230,1790356066.607386,0,1,0,0.000052,0.000029,"[0.01734857276482363, -0.5785068338660405, 0.027907814739389327, -0.2996904858599463, 0.01085594794740473, 0.20552997271485224, -0.47333329314086225]","[0.017366026057343577, -0.5784544739884806, 0.02790781473938933, -0.2996730325674264, 0.010890854532444616, 0.20552997271485224, -0.47331583984834225]","[0.38196024084557206, -0.014100559996957196, 0.572505450226984]","[0.381934, -0.014093999999999999, 0.572516]"
1218,return,60.900000,60.901470,0.000322,0.050897,2026-09-25T17:07:46.667803+00:00,2026-09-25T17:07:46.668932+00:00,0.001148,1790356066.665975,1790356066.645378,0,0,0,0.000052,0.000029,"[0.01734857276482363, -0.5785068338660405, 0.027907814739389327, -0.2996904858599463, 0.010855947947404732, 0.20552997271485224, -0.47333329314086225]","[0.017366026057343577, -0.5784544739884806, 0.02790781473938933, -0.2996730325674264, 0.010890854532444616, 0.20552997271485224, -0.47331583984834225]","[0.38196024084557206, -0.014100559996957196, 0.572505450226984]","[0.381934, -0.014093999999999999, 0.572516]"
1219,return,60.950000,60.950679,0.000241,0.049208,2026-09-25T17:07:46.717720+00:00,2026-09-25T17:07:46.718141+00:00,0.000438,1790356066.717123,1790356066.706470,0,1,0,0.000052,0.000029,"[0.01734857276482363, -0.5785068338660405, 0.027907814739389327, -0.2996904858599463, 0.01085594794740473, 0.20552997271485224, -0.47333329314086225]","[0.017296212887263806, -0.5784544739884806, 0.02790781473938933, -0.2996730325674264, 0.010890854532444616, 0.20552997271485224, -0.47331583984834225]","[0.38196024084557206, -0.014100559996957196, 0.572505450226984]","[0.381934, -0.014093999999999999, 0.572516]"
1220,return,61.000000,61.000644,0.000205,0.049965,2026-09-25T17:07:46.767684+00:00,2026-09-25T17:07:46.768105+00:00,0.000439,1790356066.766309,1790356066.767018,0,0,0,0.000052,0.000034,"[0.01734857276482363, -0.5785068338660405, 0.027907814739389327, -0.2996904858599463, 0.01085594794740473, 0.20552997271485224, -0.47333329314086225]","[0.017296212887263806, -0.5784544739884806, 0.02790781473938933, -0.2996730325674264, 0.010890854532444616, 0.20552997271485224, -0.47331583984834225]","[0.38196024084557206, -0.014100559996957196, 0.572505450226984]","[0.38193299999999997, -0.014117, 0.572516]"
1221,return,61.050000,61.052401,0.000199,0.051758,2026-09-25T17:07:46.817680+00:00,2026-09-25T17:07:46.819865+00:00,0.002202,1790356066.816426,1790356066.805448,0,0,0,0.000052,0.000034,"[0.01734857276482363, -0.5785068338660405, 0.027907814739389327, -0.29969048585994623, 0.010855947947404729, 0.2055299727148522, -0.47333329314086225]","[0.017296212887263806, -0.5784544739884806, 0.02790781473938933, -0.2996730325674264, 0.010890854532444616, 0.20552997271485224, -0.47331583984834225]","[0.38196024084557206, -0.014100559996957196, 0.572505450226984]","[0.38193299999999997, -0.014117, 0.572516]"
1222,return,61.100000,61.101309,0.000306,0.048907,2026-09-25T17:07:46.867790+00:00,2026-09-25T17:07:46.868772+00:00,0.001003,1790356066.866415,1790356066.865444,0,0,0,0.000052,0.000034,"[0.01734857276482363, -0.5785068338660405, 0.027907814739389327, -0.2996904858599463, 0.01085594794740473, 0.20552997271485224, -0.47333329314086225]","[0.017296212887263806, -0.5784544739884806, 0.02790781473938933, -0.2996730325674264, 0.010890854532444616, 0.20552997271485224, -0.47331583984834225]","[0.38196024084557206, -0.014100559996957196, 0.572505450226984]","[0.38193299999999997, -0.014117, 0.572516]"
1223,return,61.150000,61.151273,0.000256,0.049964,2026-09-25T17:07:46.917736+00:00,2026-09-25T17:07:46.918736+00:00,0.001017,1790356066.915794,1790356066.905482,0,0,0,0.000052,0.000034,"[0.01734857276482363, -0.5785068338660405, 0.027907814739389324, -0.2996904858599463, 0.01085594794740473, 0.20552997271485224, -0.47333329314086225]","[0.017296212887263806, -0.5784544739884806, 0.02790781473938933, -0.2996730325674264, 0.010890854532444616, 0.20552997271485224, -0.47331583984834225]","[0.38196024084557206, -0.014100559996957196, 0.572505450226984]","[0.38193299999999997, -0.014117, 0.572516]"
1224,return,61.200000,61.201522,0.000289,0.050249,2026-09-25T17:07:46.967772+00:00,2026-09-25T17:07:46.968985+00:00,0.001234,1790356066.966268,1790356066.965345,0,0,0,0.000052,0.000034,"[0.01734857276482363, -0.5785068338660405, 0.027907814739389324, -0.2996904858599463, 0.01085594794740473, 0.20552997271485224, -0.47333329314086225]","[0.017296212887263806, -0.5784544739884806, 0.02790781473938933, -0.2996730325674264, 0.010890854532444616, 0.20552997271485224, -0.47331583984834225]","[0.38196024084557206, -0.014100559996957196, 0.572505450226984]","[0.38193299999999997, -0.014117, 0.572516]"
1225,return,61.250000,61.251894,0.000334,0.050371,2026-09-25T17:07:47.017814+00:00,2026-09-25T17:07:47.019357+00:00,0.001560,1790356067.016719,1790356067.006461,0,0,0,0.000052,0.000034,"[0.01734857276482363, -0.5785068338660406, 0.02790781473938933, -0.2996904858599463, 0.01085594794740473, 0.20552997271485224, -0.47333329314086225]","[0.017296212887263806, -0.5784544739884806, 0.02790781473938933, -0.2996730325674264, 0.010890854532444616, 0.20552997271485224, -0.47331583984834225]","[0.38196024084557206, -0.014100559996957196, 0.572505450226984]","[0.38193299999999997, -0.014117, 0.572516]"
1226,return,61.300000,61.301254,0.000284,0.049361,2026-09-25T17:07:47.067770+00:00,2026-09-25T17:07:47.068719+00:00,0.000970,1790356067.066373,1790356067.066136,0,0,0,0.000052,0.000034,"[0.01734857276482363, -0.5785068338660405, 0.027907814739389327, -0.2996904858599463, 0.01085594794740473, 0.20552997271485224, -0.47333329314086225]","[0.017296212887263806, -0.5784544739884806, 0.02790781473938933, -0.2996730325674264, 0.010890854532444616, 0.20552997271485224, -0.47331583984834225]","[0.38196024084557206, -0.014100559996957196, 0.572505450226984]","[0.38193299999999997, -0.014117, 0.572516]"
1227,return,61.350000,61.351611,0.000220,0.050357,2026-09-25T17:07:47.117702+00:00,2026-09-25T17:07:47.119074+00:00,0.001392,1790356067.115676,1790356067.105521,0,0,0,0.000052,0.000034,"[0.01734857276482363, -0.5785068338660405, 0.027907814739389327, -0.2996904858599463, 0.01085594794740473, 0.20552997271485224, -0.47333329314086225]","[0.017296212887263806, -0.5784544739884806, 0.02790781473938933, -0.2996730325674264, 0.010890854532444616, 0.20552997271485224, -0.47331583984834225]","[0.38196024084557206, -0.014100559996957196, 0.572505450226984]","[0.38193299999999997, -0.014117, 0.572516]"
1228,return,61.400000,61.401622,0.000464,0.050010,2026-09-25T17:07:47.167942+00:00,2026-09-25T17:07:47.169085+00:00,0.001158,1790356067.165690,1790356067.166325,0,0,0,0.000052,0.000029,"[0.01734857276482363, -0.5785068338660405, 0.02790781473938933, -0.2996904858599463, 0.01085594794740473, 0.20552997271485224, -0.47333329314086225]","[0.017366026057343577, -0.5784544739884806, 0.02790781473938933, -0.2996730325674264, 0.010890854532444616, 0.20552997271485224, -0.47331583984834225]","[0.38196024084557206, -0.014100559996957196, 0.572505450226984]","[0.381934, -0.014093999999999999, 0.572516]"
1229,return,61.450000,61.451385,0.000291,0.049763,2026-09-25T17:07:47.217772+00:00,2026-09-25T17:07:47.218849+00:00,0.001094,1790356067.215817,1790356067.206656,0,1,0,0.000052,0.000029,"[0.01734857276482363, -0.5785068338660405, 0.027907814739389327, -0.2996904858599463, 0.010855947947404729, 0.20552997271485224, -0.47333329314086225]","[0.017366026057343577, -0.5784544739884806, 0.02790781473938933, -0.2996730325674264, 0.010890854532444616, 0.20552997271485224, -0.47331583984834225]","[0.38196024084557206, -0.014100559996957196, 0.572505450226984]","[0.381934, -0.014093999999999999, 0.572516]"
1230,return,61.500000,61.500611,0.000172,0.049226,2026-09-25T17:07:47.267641+00:00,2026-09-25T17:07:47.268072+00:00,0.000439,1790356067.266246,1790356067.265407,0,0,0,0.000052,0.000029,"[0.01734857276482363, -0.5785068338660405, 0.027907814739389327, -0.29969048585994634, 0.01085594794740473, 0.20552997271485224, -0.47333329314086225]","[0.017366026057343577, -0.5784544739884806, 0.02790781473938933, -0.2996730325674264, 0.010890854532444616, 0.20552997271485224, -0.47331583984834225]","[0.3819602408455722, -0.01410055999695719, 0.5725054502269838]","[0.381934, -0.014093999999999999, 0.572516]"
1231,return,61.550000,61.551594,0.000216,0.050983,2026-09-25T17:07:47.317696+00:00,2026-09-25T17:07:47.319058+00:00,0.001378,1790356067.315634,1790356067.306755,0,1,0,0.000052,0.000029,"[0.01734857276482363, -0.5785068338660405, 0.027907814739389327, -0.2996904858599463, 0.01085594794740473, 0.20552997271485224, -0.47333329314086225]","[0.017366026057343577, -0.5784544739884806, 0.02790781473938933, -0.2996730325674264, 0.010890854532444616, 0.20552997271485224, -0.47331583984834225]","[0.38196024084557206, -0.014100559996957196, 0.572505450226984]","[0.381934, -0.014093999999999999, 0.572516]"
1232,return,61.600000,61.601621,0.000213,0.050027,2026-09-25T17:07:47.367695+00:00,2026-09-25T17:07:47.369084+00:00,0.001408,1790356067.366896,1790356067.366030,0,0,0,0.000087,0.000032,"[0.01734857276482363, -0.5785068338660405, 0.02790781473938933, -0.2996904858599463, 0.01085594794740473, 0.20552997271485224, -0.47333329314086225]","[0.017366026057343577, -0.5784544739884806, 0.02790781473938933, -0.2996730325674264, 0.010768681484805013, 0.20552997271485224, -0.47331583984834225]","[0.38196024084557206, -0.014100559996957196, 0.572505450226984]","[0.381932, -0.014093999999999999, 0.572518]"
1233,return,61.650000,61.650830,0.000310,0.049209,2026-09-25T17:07:47.417790+00:00,2026-09-25T17:07:47.418291+00:00,0.000520,1790356067.416062,1790356067.406004,0,1,0,0.000087,0.000032,"[0.017348572764823635, -0.5785068338660406, 0.02790781473938933, -0.29969048585994634, 0.010855947947404732, 0.20552997271485224, -0.47333329314086225]","[0.017366026057343577, -0.5784544739884806, 0.02790781473938933, -0.2996730325674264, 0.010768681484805013, 0.20552997271485224, -0.47331583984834225]","[0.3819602408455722, -0.014100559996957189, 0.5725054502269838]","[0.381932, -0.014093999999999999, 0.572518]"
1234,return,61.700000,61.701645,0.000243,0.050815,2026-09-25T17:07:47.467724+00:00,2026-09-25T17:07:47.469108+00:00,0.001402,1790356067.466808,1790356067.445879,0,0,0,0.000087,0.000032,"[0.01734857276482363, -0.5785068338660405, 0.027907814739389327, -0.2996904858599463, 0.010855947947404729, 0.20552997271485224, -0.47333329314086225]","[0.017366026057343577, -0.5784544739884806, 0.02790781473938933, -0.2996730325674264, 0.010768681484805013, 0.20552997271485224, -0.47331583984834225]","[0.38196024084557206, -0.014100559996957196, 0.572505450226984]","[0.381932, -0.014093999999999999, 0.572518]"
1235,return,61.750000,61.751085,0.000266,0.049441,2026-09-25T17:07:47.517746+00:00,2026-09-25T17:07:47.518549+00:00,0.000819,1790356067.515841,1790356067.505154,0,1,0,0.000087,0.000032,"[0.01734857276482363, -0.5785068338660405, 0.027907814739389327, -0.2996904858599463, 0.01085594794740473, 0.20552997271485224, -0.47333329314086225]","[0.017366026057343577, -0.5784544739884806, 0.02790781473938933, -0.2996730325674264, 0.010768681484805013, 0.20552997271485224, -0.47331583984834225]","[0.38196024084557206, -0.014100559996957196, 0.572505450226984]","[0.381932, -0.014093999999999999, 0.572518]"
1236,return,61.800000,61.800679,0.000211,0.049594,2026-09-25T17:07:47.567690+00:00,2026-09-25T17:07:47.568140+00:00,0.000468,1790356067.566290,1790356067.566053,0,0,0,0.000087,0.000032,"[0.01734857276482363, -0.5785068338660405, 0.027907814739389327, -0.2996904858599463, 0.01085594794740473, 0.20552997271485224, -0.47333329314086225]","[0.017366026057343577, -0.5784544739884806, 0.02790781473938933, -0.2996730325674264, 0.010768681484805013, 0.20552997271485224, -0.47331583984834225]","[0.38196024084557206, -0.014100559996957196, 0.572505450226984]","[0.381932, -0.014093999999999999, 0.572518]"
1237,return,61.850000,61.851784,0.000208,0.051105,2026-09-25T17:07:47.617688+00:00,2026-09-25T17:07:47.619248+00:00,0.001577,1790356067.615690,1790356067.606575,0,1,0,0.000052,0.000032,"[0.01734857276482363, -0.5785068338660405, 0.027907814739389327, -0.2996904858599463, 0.01085594794740473, 0.20552997271485224, -0.47333329314086225]","[0.017366026057343577, -0.5784544739884806, 0.02790781473938933, -0.2996730325674264, 0.010838494654884786, 0.20552997271485224, -0.47331583984834225]","[0.38196024084557206, -0.014100559996957196, 0.572505450226984]","[0.381932, -0.014093999999999999, 0.572518]"
1238,return,61.900000,61.901347,0.000311,0.049562,2026-09-25T17:07:47.667788+00:00,2026-09-25T17:07:47.668810+00:00,0.001036,1790356067.666366,1790356067.665452,0,0,0,0.000052,0.000030,"[0.01734857276482363, -0.5785068338660405, 0.027907814739389327, -0.2996904858599463, 0.01085594794740473, 0.20552997271485224, -0.47333329314086225]","[0.017366026057343577, -0.5784544739884806, 0.02790781473938933, -0.2996730325674264, 0.010838494654884786, 0.20552997271485224, -0.47331583984834225]","[0.38196024084557206, -0.014100559996957196, 0.572505450226984]","[0.38193299999999997, -0.014093999999999999, 0.572516]"
1239,return,61.950000,61.951390,0.000193,0.050043,2026-09-25T17:07:47.717670+00:00,2026-09-25T17:07:47.718854+00:00,0.001197,1790356067.715356,1790356067.705269,0,1,0,0.000052,0.000030,"[0.01734857276482363, -0.5785068338660405, 0.027907814739389324, -0.2996904858599463, 0.01085594794740473, 0.2055299727148522, -0.4733332931408622]","[0.017366026057343577, -0.5784544739884806, 0.02790781473938933, -0.2996730325674264, 0.010838494654884786, 0.20552997271485224, -0.47331583984834225]","[0.38196024084557206, -0.014100559996957196, 0.572505450226984]","[0.38193299999999997, -0.014093999999999999, 0.572516]"
1240,return,62.000000,62.001563,0.000573,0.050173,2026-09-25T17:07:47.768054+00:00,2026-09-25T17:07:47.769026+00:00,0.000990,1790356067.766304,1790356067.765860,0,0,0,0.000052,0.000030,"[0.01734857276482363, -0.5785068338660405, 0.027907814739389327, -0.2996904858599463, 0.010855947947404732, 0.20552997271485224, -0.47333329314086225]","[0.017366026057343577, -0.5784544739884806, 0.02790781473938933, -0.2996730325674264, 0.010838494654884786, 0.20552997271485224, -0.47331583984834225]","[0.38196024084557206, -0.014100559996957196, 0.572505450226984]","[0.38193299999999997, -0.014093999999999999, 0.572516]"
1241,return,62.050000,62.051940,0.000219,0.050377,2026-09-25T17:07:47.817699+00:00,2026-09-25T17:07:47.819403+00:00,0.001721,1790356067.815535,1790356067.805337,0,1,0,0.000052,0.000030,"[0.01734857276482363, -0.5785068338660405, 0.027907814739389327, -0.2996904858599463, 0.01085594794740473, 0.20552997271485224, -0.47333329314086225]","[0.017366026057343577, -0.5784544739884806, 0.02790781473938933, -0.2996730325674264, 0.010838494654884786, 0.20552997271485224, -0.47331583984834225]","[0.38196024084557206, -0.014100559996957196, 0.572505450226984]","[0.38193299999999997, -0.014093999999999999, 0.572516]"
1242,return,62.100000,62.101165,0.000301,0.049225,2026-09-25T17:07:47.867780+00:00,2026-09-25T17:07:47.868627+00:00,0.000864,1790356067.866280,1790356067.866726,0,0,0,0.000052,0.000030,"[0.01734857276482363, -0.5785068338660405, 0.027907814739389324, -0.2996904858599463, 0.01085594794740473, 0.20552997271485224, -0.47333329314086225]","[0.017366026057343577, -0.5784544739884806, 0.02790781473938933, -0.2996730325674264, 0.010838494654884786, 0.20552997271485224, -0.47331583984834225]","[0.38196024084557206, -0.014100559996957196, 0.572505450226984]","[0.38193299999999997, -0.014093999999999999, 0.572516]"
1243,return,62.150000,62.151844,0.000210,0.050680,2026-09-25T17:07:47.917690+00:00,2026-09-25T17:07:47.919308+00:00,0.001634,1790356067.915509,1790356067.906938,0,1,0,0.000052,0.000030,"[0.01734857276482363, -0.5785068338660405, 0.027907814739389327, -0.29969048585994623, 0.010855947947404729, 0.2055299727148522, -0.47333329314086225]","[0.017366026057343577, -0.5784544739884806, 0.02790781473938933, -0.2996730325674264, 0.010838494654884786, 0.20552997271485224, -0.47331583984834225]","[0.38196024084557206, -0.014100559996957196, 0.572505450226984]","[0.38193299999999997, -0.014093999999999999, 0.572516]"
1244,return,62.200000,62.201240,0.000251,0.049396,2026-09-25T17:07:47.967734+00:00,2026-09-25T17:07:47.968704+00:00,0.000989,1790356067.966352,1790356067.965508,0,0,0,0.000052,0.000030,"[0.01734857276482363, -0.5785068338660405, 0.027907814739389327, -0.2996904858599463, 0.01085594794740473, 0.20552997271485224, -0.47333329314086225]","[0.017366026057343577, -0.5784544739884806, 0.02790781473938933, -0.2996730325674264, 0.010838494654884786, 0.20552997271485224, -0.47331583984834225]","[0.38196024084557206, -0.014100559996957196, 0.572505450226984]","[0.38193299999999997, -0.014093999999999999, 0.572516]"
1245,return,62.250000,62.251480,0.000358,0.050240,2026-09-25T17:07:48.017839+00:00,2026-09-25T17:07:48.018945+00:00,0.001122,1790356068.015379,1790356068.006758,0,1,0,0.000052,0.000030,"[0.01734857276482363, -0.5785068338660405, 0.027907814739389327, -0.2996904858599463, 0.01085594794740473, 0.20552997271485224, -0.47333329314086225]","[0.017366026057343577, -0.5784544739884806, 0.02790781473938933, -0.2996730325674264, 0.010838494654884786, 0.20552997271485224, -0.47331583984834225]","[0.38196024084557206, -0.014100559996957196, 0.572505450226984]","[0.38193299999999997, -0.014093999999999999, 0.572516]"
1246,return,62.300000,62.301484,0.000336,0.050003,2026-09-25T17:07:48.067817+00:00,2026-09-25T17:07:48.068947+00:00,0.001147,1790356068.065123,1790356068.067552,0,0,0,0.000052,0.000030,"[0.01734857276482363, -0.5785068338660405, 0.027907814739389327, -0.2996904858599463, 0.01085594794740473, 0.20552997271485224, -0.47333329314086225]","[0.01731366617978375, -0.5784544739884806, 0.02790781473938933, -0.2996730325674264, 0.010838494654884786, 0.20552997271485224, -0.47331583984834225]","[0.38196024084557206, -0.014100559996957196, 0.572505450226984]","[0.38193299999999997, -0.014107, 0.572516]"
1247,return,62.350000,62.351975,0.000208,0.050492,2026-09-25T17:07:48.117688+00:00,2026-09-25T17:07:48.119440+00:00,0.001767,1790356068.115543,1790356068.106983,0,1,0,0.000052,0.000030,"[0.01734857276482363, -0.5785068338660405, 0.02790781473938933, -0.2996904858599463, 0.010855947947404732, 0.20552997271485224, -0.47333329314086225]","[0.01731366617978375, -0.5784544739884806, 0.02790781473938933, -0.2996730325674264, 0.010838494654884786, 0.20552997271485224, -0.47331583984834225]","[0.38196024084557206, -0.014100559996957196, 0.572505450226984]","[0.38193299999999997, -0.014107, 0.572516]"
1248,return,62.400000,62.401693,0.000251,0.049718,2026-09-25T17:07:48.167733+00:00,2026-09-25T17:07:48.169157+00:00,0.001443,1790356068.167220,1790356068.146470,0,0,0,0.000052,0.000030,"[0.01734857276482363, -0.5785068338660405, 0.027907814739389327, -0.2996904858599463, 0.01085594794740473, 0.20552997271485224, -0.47333329314086225]","[0.01731366617978375, -0.5784544739884806, 0.02790781473938933, -0.2996730325674264, 0.010838494654884786, 0.20552997271485224, -0.47331583984834225]","[0.38196024084557206, -0.014100559996957196, 0.572505450226984]","[0.38193299999999997, -0.014107, 0.572516]"
1249,return,62.450000,62.450996,0.000359,0.049302,2026-09-25T17:07:48.217834+00:00,2026-09-25T17:07:48.218457+00:00,0.000637,1790356068.215759,1790356068.207094,0,0,0,0.000052,0.000030,"[0.01734857276482363, -0.5785068338660405, 0.027907814739389327, -0.2996904858599463, 0.01085594794740473, 0.20552997271485224, -0.47333329314086225]","[0.01731366617978375, -0.5784544739884806, 0.02790781473938933, -0.2996730325674264, 0.010838494654884786, 0.20552997271485224, -0.47331583984834225]","[0.38196024084557206, -0.014100559996957196, 0.572505450226984]","[0.38193299999999997, -0.014107, 0.572516]"
1250,return,62.500000,62.500842,0.000257,0.049846,2026-09-25T17:07:48.267736+00:00,2026-09-25T17:07:48.268303+00:00,0.000584,1790356068.264843,1790356068.267457,0,0,0,0.000052,0.000030,"[0.01734857276482363, -0.5785068338660405, 0.02790781473938933, -0.2996904858599463, 0.01085594794740473, 0.20552997271485224, -0.47333329314086225]","[0.01731366617978375, -0.5784544739884806, 0.02790781473938933, -0.2996730325674264, 0.010838494654884786, 0.20552997271485224, -0.47331583984834225]","[0.38196024084557206, -0.014100559996957196, 0.572505450226984]","[0.38193299999999997, -0.014107, 0.572516]"
1251,return,62.550000,62.551000,0.000190,0.050159,2026-09-25T17:07:48.317668+00:00,2026-09-25T17:07:48.318462+00:00,0.000810,1790356068.315134,1790356068.307675,0,0,0,0.000052,0.000030,"[0.01734857276482363, -0.5785068338660405, 0.027907814739389327, -0.2996904858599463, 0.01085594794740473, 0.20552997271485224, -0.47333329314086225]","[0.01731366617978375, -0.5784544739884806, 0.02790781473938933, -0.2996730325674264, 0.010838494654884786, 0.20552997271485224, -0.47331583984834225]","[0.38196024084557206, -0.014100559996957196, 0.572505450226984]","[0.38193299999999997, -0.014107, 0.572516]"
1252,return,62.600000,62.600676,0.000171,0.049676,2026-09-25T17:07:48.367649+00:00,2026-09-25T17:07:48.368137+00:00,0.000505,1790356068.360178,1790356068.366620,0,0,0,0.000052,0.000030,"[0.017348572764823635, -0.5785068338660405, 0.027907814739389327, -0.2996904858599463, 0.010855947947404732, 0.20552997271485224, -0.47333329314086225]","[0.01731366617978375, -0.5784544739884806, 0.02790781473938933, -0.2996730325674264, 0.010838494654884786, 0.20552997271485224, -0.47331583984834225]","[0.38196024084557206, -0.014100559996957194, 0.572505450226984]","[0.38193299999999997, -0.014107, 0.572516]"
1253,return,62.650000,62.651044,0.000171,0.050368,2026-09-25T17:07:48.417648+00:00,2026-09-25T17:07:48.418505+00:00,0.000873,1790356068.415525,1790356068.406813,0,0,0,0.000052,0.000030,"[0.01734857276482363, -0.5785068338660405, 0.027907814739389327, -0.2996904858599463, 0.01085594794740473, 0.20552997271485224, -0.47333329314086225]","[0.01731366617978375, -0.5784544739884806, 0.02790781473938933, -0.2996730325674264, 0.010838494654884786, 0.20552997271485224, -0.47331583984834225]","[0.38196024084557206, -0.014100559996957196, 0.572505450226984]","[0.38193299999999997, -0.014107, 0.572516]"
1254,return,62.700000,62.702100,0.000308,0.051057,2026-09-25T17:07:48.467787+00:00,2026-09-25T17:07:48.469565+00:00,0.001792,1790356068.460428,1790356068.445761,0,0,0,0.000052,0.000030,"[0.01734857276482363, -0.5785068338660405, 0.027907814739389327, -0.2996904858599463, 0.010855947947404732, 0.20552997271485224, -0.47333329314086225]","[0.01731366617978375, -0.5784544739884806, 0.02790781473938933, -0.2996730325674264, 0.010838494654884786, 0.20552997271485224, -0.47331583984834225]","[0.38196024084557206, -0.014100559996957196, 0.572505450226984]","[0.38193299999999997, -0.014107, 0.572516]"
1255,return,62.750000,62.751320,0.000252,0.049220,2026-09-25T17:07:48.517731+00:00,2026-09-25T17:07:48.518783+00:00,0.001068,1790356068.515383,1790356068.507098,0,0,0,0.000052,0.000030,"[0.01734857276482363, -0.5785068338660405, 0.02790781473938933, -0.2996904858599463, 0.01085594794740473, 0.20552997271485224, -0.47333329314086225]","[0.01731366617978375, -0.5784544739884806, 0.02790781473938933, -0.2996730325674264, 0.010838494654884786, 0.20552997271485224, -0.47331583984834225]","[0.38196024084557206, -0.014100559996957196, 0.572505450226984]","[0.38193299999999997, -0.014107, 0.572516]"
1256,return,62.800000,62.801831,0.000314,0.050511,2026-09-25T17:07:48.567795+00:00,2026-09-25T17:07:48.569294+00:00,0.001518,1790356068.560694,1790356068.567395,0,1,0,0.000052,0.000030,"[0.01734857276482363, -0.5785068338660405, 0.027907814739389327, -0.2996904858599463, 0.010855947947404732, 0.20552997271485224, -0.47333329314086225]","[0.01731366617978375, -0.5784544739884806, 0.02790781473938933, -0.2996730325674264, 0.010838494654884786, 0.20552997271485224, -0.47331583984834225]","[0.38196024084557206, -0.014100559996957196, 0.572505450226984]","[0.38193299999999997, -0.014107, 0.572516]"
1257,return,62.850000,62.850942,0.000320,0.049110,2026-09-25T17:07:48.617799+00:00,2026-09-25T17:07:48.618404+00:00,0.000621,1790356068.615125,1790356068.606213,0,0,0,0.000052,0.000030,"[0.01734857276482363, -0.5785068338660405, 0.027907814739389327, -0.2996904858599463, 0.01085594794740473, 0.20552997271485224, -0.47333329314086225]","[0.01731366617978375, -0.5784544739884806, 0.02790781473938933, -0.2996730325674264, 0.010838494654884786, 0.20552997271485224, -0.47331583984834225]","[0.38196024084557206, -0.014100559996957196, 0.572505450226984]","[0.38193299999999997, -0.014107, 0.572516]"
1258,return,62.900000,62.901828,0.000259,0.050886,2026-09-25T17:07:48.667737+00:00,2026-09-25T17:07:48.669291+00:00,0.001569,1790356068.665558,1790356068.666471,0,0,0,0.000052,0.000030,"[0.01734857276482363, -0.5785068338660405, 0.027907814739389327, -0.2996904858599463, 0.01085594794740473, 0.20552997271485224, -0.47333329314086225]","[0.01731366617978375, -0.5784544739884806, 0.02790781473938933, -0.2996730325674264, 0.010838494654884786, 0.20552997271485224, -0.47331583984834225]","[0.38196024084557206, -0.014100559996957196, 0.572505450226984]","[0.38193299999999997, -0.014107, 0.572516]"
1259,return,62.950000,62.951175,0.000402,0.049347,2026-09-25T17:07:48.717882+00:00,2026-09-25T17:07:48.718638+00:00,0.000773,1790356068.715504,1790356068.707190,0,0,0,0.000052,0.000030,"[0.01734857276482363, -0.5785068338660405, 0.027907814739389327, -0.2996904858599463, 0.01085594794740473, 0.20552997271485224, -0.47333329314086225]","[0.01731366617978375, -0.5784544739884806, 0.02790781473938933, -0.2996730325674264, 0.010838494654884786, 0.20552997271485224, -0.47331583984834225]","[0.38196024084557206, -0.014100559996957196, 0.572505450226984]","[0.38193299999999997, -0.014107, 0.572516]"
1260,return,63.000000,63.002035,0.000318,0.050861,2026-09-25T17:07:48.767801+00:00,2026-09-25T17:07:48.769498+00:00,0.001718,1790356068.766451,1790356068.765738,0,0,0,0.000052,0.000030,"[0.01734857276482363, -0.5785068338660406, 0.02790781473938933, -0.2996904858599463, 0.01085594794740473, 0.20552997271485224, -0.4733332931408623]","[0.01731366617978375, -0.5784544739884806, 0.02790781473938933, -0.2996730325674264, 0.010838494654884786, 0.20552997271485224, -0.47331583984834225]","[0.38196024084557206, -0.014100559996957196, 0.572505450226984]","[0.38193299999999997, -0.014107, 0.572516]"
1261,return,63.050000,63.050521,0.000192,0.048486,2026-09-25T17:07:48.817668+00:00,2026-09-25T17:07:48.817982+00:00,0.000330,1790356068.815835,1790356068.806893,0,0,0,0.000052,0.000030,"[0.01734857276482363, -0.5785068338660405, 0.02790781473938933, -0.2996904858599463, 0.01085594794740473, 0.20552997271485227, -0.47333329314086225]","[0.01731366617978375, -0.5784544739884806, 0.02790781473938933, -0.2996730325674264, 0.010838494654884786, 0.20552997271485224, -0.47331583984834225]","[0.38196024084557206, -0.014100559996957196, 0.572505450226984]","[0.38193299999999997, -0.014107, 0.572516]"
1262,return,63.100000,63.101555,0.000160,0.051033,2026-09-25T17:07:48.867632+00:00,2026-09-25T17:07:48.869018+00:00,0.001395,1790356068.866160,1790356068.866997,0,1,0,0.000052,0.000030,"[0.01734857276482363, -0.5785068338660405, 0.027907814739389327, -0.2996904858599463, 0.01085594794740473, 0.20552997271485224, -0.47333329314086225]","[0.01731366617978375, -0.5784544739884806, 0.02790781473938933, -0.2996730325674264, 0.010838494654884786, 0.20552997271485224, -0.47331583984834225]","[0.38196024084557206, -0.014100559996957196, 0.572505450226984]","[0.38193299999999997, -0.014107, 0.572516]"
1263,return,63.150000,63.150506,0.000176,0.048951,2026-09-25T17:07:48.917654+00:00,2026-09-25T17:07:48.917966+00:00,0.000330,1790356068.915861,1790356068.905302,0,0,0,0.000052,0.000030,"[0.01734857276482363, -0.5785068338660405, 0.02790781473938933, -0.2996904858599463, 0.01085594794740473, 0.20552997271485224, -0.47333329314086225]","[0.01731366617978375, -0.5784544739884806, 0.02790781473938933, -0.2996730325674264, 0.010838494654884786, 0.20552997271485224, -0.47331583984834225]","[0.38196024084557206, -0.014100559996957196, 0.572505450226984]","[0.38193299999999997, -0.014107, 0.572516]"
1264,return,63.200000,63.201190,0.000159,0.050685,2026-09-25T17:07:48.967635+00:00,2026-09-25T17:07:48.968651+00:00,0.001031,1790356068.965850,1790356068.966409,0,1,0,0.000052,0.000030,"[0.01734857276482363, -0.5785068338660405, 0.02790781473938933, -0.2996904858599463, 0.010855947947404729, 0.20552997271485224, -0.47333329314086225]","[0.01731366617978375, -0.5784544739884806, 0.02790781473938933, -0.2996730325674264, 0.010838494654884786, 0.20552997271485224, -0.47331583984834225]","[0.38196024084557206, -0.014100559996957196, 0.572505450226984]","[0.38193299999999997, -0.014107, 0.572516]"
1265,return,63.250000,63.251765,0.000279,0.050575,2026-09-25T17:07:49.017761+00:00,2026-09-25T17:07:49.019228+00:00,0.001485,1790356069.015282,1790356069.004796,0,0,0,0.000052,0.000030,"[0.01734857276482363, -0.5785068338660405, 0.027907814739389327, -0.2996904858599463, 0.01085594794740473, 0.2055299727148522, -0.47333329314086225]","[0.01731366617978375, -0.5784544739884806, 0.02790781473938933, -0.2996730325674264, 0.010838494654884786, 0.20552997271485224, -0.47331583984834225]","[0.38196024084557206, -0.014100559996957196, 0.572505450226984]","[0.38193299999999997, -0.014107, 0.572516]"
1266,return,63.300000,63.301611,0.000290,0.049847,2026-09-25T17:07:49.067770+00:00,2026-09-25T17:07:49.069075+00:00,0.001321,1790356069.066269,1790356069.065294,0,1,0,0.000052,0.000030,"[0.01734857276482363, -0.5785068338660405, 0.027907814739389327, -0.2996904858599463, 0.01085594794740473, 0.20552997271485224, -0.47333329314086225]","[0.01731366617978375, -0.5784544739884806, 0.02790781473938933, -0.2996730325674264, 0.010838494654884786, 0.20552997271485224, -0.47331583984834225]","[0.38196024084557206, -0.014100559996957196, 0.572505450226984]","[0.38193299999999997, -0.014107, 0.572516]"
1267,return,63.350000,63.351705,0.000206,0.050094,2026-09-25T17:07:49.117686+00:00,2026-09-25T17:07:49.119168+00:00,0.001499,1790356069.115107,1790356069.104968,0,0,0,0.000052,0.000030,"[0.01734857276482363, -0.5785068338660405, 0.027907814739389327, -0.2996904858599463, 0.01085594794740473, 0.20552997271485224, -0.47333329314086225]","[0.01731366617978375, -0.5784544739884806, 0.02790781473938933, -0.2996730325674264, 0.010838494654884786, 0.20552997271485224, -0.47331583984834225]","[0.38196024084557206, -0.014100559996957196, 0.572505450226984]","[0.38193299999999997, -0.014107, 0.572516]"
1268,return,63.400000,63.400883,0.000153,0.049177,2026-09-25T17:07:49.167631+00:00,2026-09-25T17:07:49.168343+00:00,0.000730,1790356069.165766,1790356069.164886,0,1,0,0.000052,0.000030,"[0.01734857276482363, -0.5785068338660405, 0.027907814739389327, -0.2996904858599463, 0.01085594794740473, 0.20552997271485224, -0.47333329314086225]","[0.01731366617978375, -0.5784544739884806, 0.02790781473938933, -0.2996730325674264, 0.010838494654884786, 0.20552997271485224, -0.47331583984834225]","[0.38196024084557206, -0.014100559996957196, 0.572505450226984]","[0.38193299999999997, -0.014107, 0.572516]"
1269,return,63.450000,63.450653,0.000183,0.049770,2026-09-25T17:07:49.217660+00:00,2026-09-25T17:07:49.218113+00:00,0.000469,1790356069.215130,1790356069.205560,0,0,0,0.000052,0.000030,"[0.017348572764823635, -0.5785068338660405, 0.02790781473938933, -0.29969048585994634, 0.01085594794740473, 0.20552997271485224, -0.4733332931408623]","[0.01731366617978375, -0.5784544739884806, 0.02790781473938933, -0.2996730325674264, 0.010838494654884786, 0.20552997271485224, -0.47331583984834225]","[0.3819602408455722, -0.014100559996957189, 0.5725054502269838]","[0.38193299999999997, -0.014107, 0.572516]"
1270,return,63.500000,63.501483,0.000393,0.050830,2026-09-25T17:07:49.267868+00:00,2026-09-25T17:07:49.268944+00:00,0.001089,1790356069.265741,1790356069.264831,0,1,0,0.000035,0.000014,"[0.01734857276482363, -0.5785068338660405, 0.027907814739389327, -0.2996904858599463, 0.01085594794740473, 0.20552997271485224, -0.47333329314086225]","[0.01731366617978375, -0.5785242871585604, 0.02790781473938933, -0.2996730325674264, 0.010838494654884786, 0.20552997271485224, -0.47331583984834225]","[0.38196024084557206, -0.014100559996957196, 0.572505450226984]","[0.381959, -0.014107, 0.5724929999999999]"
1271,return,63.550000,63.551423,0.000188,0.049941,2026-09-25T17:07:49.317666+00:00,2026-09-25T17:07:49.318887+00:00,0.001235,1790356069.315241,1790356069.307022,0,0,0,0.000035,0.000014,"[0.01734857276482363, -0.5785068338660405, 0.027907814739389324, -0.2996904858599463, 0.01085594794740473, 0.20552997271485224, -0.47333329314086225]","[0.01731366617978375, -0.5785242871585604, 0.02790781473938933, -0.2996730325674264, 0.010838494654884786, 0.20552997271485224, -0.47331583984834225]","[0.38196024084557206, -0.014100559996957196, 0.572505450226984]","[0.381959, -0.014107, 0.5724929999999999]"
1272,return,63.600000,63.601127,0.000155,0.049704,2026-09-25T17:07:49.367633+00:00,2026-09-25T17:07:49.368588+00:00,0.000972,1790356069.365678,1790356069.364810,0,1,0,0.000035,0.000014,"[0.01734857276482363, -0.5785068338660405, 0.027907814739389327, -0.2996904858599463, 0.01085594794740473, 0.20552997271485224, -0.47333329314086225]","[0.01731366617978375, -0.5785242871585604, 0.02790781473938933, -0.2996730325674264, 0.010838494654884786, 0.20552997271485224, -0.47331583984834225]","[0.38196024084557206, -0.014100559996957196, 0.572505450226984]","[0.381959, -0.014107, 0.5724929999999999]"
1273,return,63.650000,63.650744,0.000202,0.049617,2026-09-25T17:07:49.417679+00:00,2026-09-25T17:07:49.418204+00:00,0.000542,1790356069.415401,1790356069.405360,0,0,0,0.000035,0.000014,"[0.01734857276482363, -0.5785068338660405, 0.027907814739389327, -0.2996904858599463, 0.01085594794740473, 0.20552997271485224, -0.47333329314086225]","[0.01731366617978375, -0.5785242871585604, 0.02790781473938933, -0.2996730325674264, 0.010838494654884786, 0.20552997271485224, -0.47331583984834225]","[0.38196024084557206, -0.014100559996957196, 0.572505450226984]","[0.381959, -0.014107, 0.5724929999999999]"
1274,return,63.700000,63.701422,0.000428,0.050679,2026-09-25T17:07:49.467908+00:00,2026-09-25T17:07:49.468885+00:00,0.000994,1790356069.465348,1790356069.466034,0,1,0,0.000035,0.000014,"[0.01734857276482363, -0.5785068338660405, 0.027907814739389327, -0.2996904858599463, 0.01085594794740473, 0.20552997271485224, -0.47333329314086225]","[0.01731366617978375, -0.5785242871585604, 0.02790781473938933, -0.2996730325674264, 0.010838494654884786, 0.20552997271485224, -0.47331583984834225]","[0.38196024084557206, -0.014100559996957196, 0.572505450226984]","[0.381959, -0.014107, 0.5724929999999999]"
1275,return,63.750000,63.750632,0.000220,0.049209,2026-09-25T17:07:49.517697+00:00,2026-09-25T17:07:49.518092+00:00,0.000411,1790356069.516478,1790356069.505868,0,0,0,0.000035,0.000014,"[0.01734857276482363, -0.5785068338660405, 0.027907814739389327, -0.2996904858599463, 0.01085594794740473, 0.20552997271485224, -0.47333329314086225]","[0.01731366617978375, -0.5785242871585604, 0.02790781473938933, -0.2996730325674264, 0.010838494654884786, 0.20552997271485224, -0.47331583984834225]","[0.38196024084557206, -0.014100559996957196, 0.572505450226984]","[0.381959, -0.014107, 0.5724929999999999]"
1276,return,63.800000,63.801272,0.000293,0.050641,2026-09-25T17:07:49.567772+00:00,2026-09-25T17:07:49.568735+00:00,0.000980,1790356069.565768,1790356069.566614,0,1,0,0.000035,0.000014,"[0.01734857276482363, -0.5785068338660405, 0.027907814739389327, -0.2996904858599463, 0.010855947947404732, 0.20552997271485224, -0.47333329314086225]","[0.01731366617978375, -0.5785242871585604, 0.02790781473938933, -0.2996730325674264, 0.010838494654884786, 0.20552997271485224, -0.47331583984834225]","[0.38196024084557206, -0.014100559996957196, 0.572505450226984]","[0.381959, -0.014107, 0.5724929999999999]"
1277,return,63.850000,63.851537,0.000306,0.050264,2026-09-25T17:07:49.617785+00:00,2026-09-25T17:07:49.619000+00:00,0.001231,1790356069.615937,1790356069.605232,0,0,0,0.000035,0.000014,"[0.01734857276482363, -0.5785068338660405, 0.027907814739389327, -0.2996904858599463, 0.01085594794740473, 0.20552997271485224, -0.47333329314086225]","[0.01731366617978375, -0.5785242871585604, 0.02790781473938933, -0.2996730325674264, 0.010838494654884786, 0.20552997271485224, -0.47331583984834225]","[0.38196024084557206, -0.014100559996957196, 0.572505450226984]","[0.381959, -0.014107, 0.5724929999999999]"
1278,return,63.900000,63.901227,0.000309,0.049690,2026-09-25T17:07:49.667786+00:00,2026-09-25T17:07:49.668688+00:00,0.000918,1790356069.666166,1790356069.665145,0,1,0,0.000035,0.000019,"[0.01734857276482363, -0.5785068338660405, 0.027907814739389327, -0.2996904858599463, 0.010855947947404729, 0.20552997271485224, -0.47333329314086225]","[0.017383479349863524, -0.5785242871585604, 0.02790781473938933, -0.2996730325674264, 0.010838494654884786, 0.20552997271485224, -0.47331583984834225]","[0.38196024084557206, -0.014100559996957196, 0.572505450226984]","[0.38195999999999997, -0.014086, 0.5724929999999999]"
1279,return,63.950000,63.951639,0.000308,0.050412,2026-09-25T17:07:49.717788+00:00,2026-09-25T17:07:49.719101+00:00,0.001331,1790356069.714982,1790356069.704866,0,0,0,0.000035,0.000019,"[0.01734857276482363, -0.5785068338660405, 0.027907814739389327, -0.2996904858599463, 0.01085594794740473, 0.20552997271485224, -0.47333329314086225]","[0.017383479349863524, -0.5785242871585604, 0.02790781473938933, -0.2996730325674264, 0.010838494654884786, 0.20552997271485224, -0.47331583984834225]","[0.38196024084557206, -0.014100559996957196, 0.572505450226984]","[0.38195999999999997, -0.014086, 0.5724929999999999]"
1280,return,64.000000,64.000608,0.000169,0.048969,2026-09-25T17:07:49.767647+00:00,2026-09-25T17:07:49.768069+00:00,0.000439,1790356069.765594,1790356069.764684,0,1,0,0.000035,0.000019,"[0.01734857276482363, -0.5785068338660405, 0.027907814739389327, -0.2996904858599463, 0.01085594794740473, 0.20552997271485224, -0.47333329314086225]","[0.017383479349863524, -0.5785242871585604, 0.02790781473938933, -0.2996730325674264, 0.010838494654884786, 0.20552997271485224, -0.47331583984834225]","[0.38196024084557206, -0.014100559996957196, 0.572505450226984]","[0.38195999999999997, -0.014086, 0.5724929999999999]"
1281,return,64.050000,64.050349,0.000183,0.049741,2026-09-25T17:07:49.817651+00:00,2026-09-25T17:07:49.817809+00:00,0.000166,1790356069.814959,1790356069.805519,0,0,0,0.000035,0.000019,"[0.01734857276482363, -0.5785068338660405, 0.027907814739389327, -0.2996904858599463, 0.01085594794740473, 0.20552997271485224, -0.47333329314086225]","[0.017383479349863524, -0.5785242871585604, 0.02790781473938933, -0.2996730325674264, 0.010838494654884786, 0.20552997271485224, -0.47331583984834225]","[0.38196024084557206, -0.014100559996957196, 0.572505450226984]","[0.38195999999999997, -0.014086, 0.5724929999999999]"
1282,return,64.100000,64.101464,0.000194,0.051115,2026-09-25T17:07:49.867671+00:00,2026-09-25T17:07:49.868927+00:00,0.001270,1790356069.865663,1790356069.864762,0,1,0,0.000035,0.000019,"[0.01734857276482363, -0.5785068338660405, 0.02790781473938933, -0.2996904858599463, 0.010855947947404732, 0.20552997271485224, -0.47333329314086225]","[0.017383479349863524, -0.5785242871585604, 0.02790781473938933, -0.2996730325674264, 0.010838494654884786, 0.20552997271485224, -0.47331583984834225]","[0.38196024084557206, -0.014100559996957196, 0.572505450226984]","[0.38195999999999997, -0.014086, 0.5724929999999999]"
1283,return,64.150000,64.150963,0.000465,0.049499,2026-09-25T17:07:49.917944+00:00,2026-09-25T17:07:49.918426+00:00,0.000498,1790356069.915563,1790356069.905169,0,0,0,0.000035,0.000019,"[0.01734857276482363, -0.5785068338660405, 0.027907814739389324, -0.2996904858599463, 0.01085594794740473, 0.2055299727148522, -0.4733332931408622]","[0.017383479349863524, -0.5785242871585604, 0.02790781473938933, -0.2996730325674264, 0.010838494654884786, 0.20552997271485224, -0.47331583984834225]","[0.38196024084557206, -0.014100559996957196, 0.572505450226984]","[0.38195999999999997, -0.014086, 0.5724929999999999]"
1284,return,64.200000,64.201406,0.000248,0.050442,2026-09-25T17:07:49.967727+00:00,2026-09-25T17:07:49.968868+00:00,0.001157,1790356069.965287,1790356069.965684,0,1,0,0.000035,0.000019,"[0.01734857276482363, -0.5785068338660405, 0.027907814739389327, -0.2996904858599463, 0.01085594794740473, 0.20552997271485224, -0.47333329314086225]","[0.017383479349863524, -0.5785242871585604, 0.02790781473938933, -0.2996730325674264, 0.010838494654884786, 0.20552997271485224, -0.47331583984834225]","[0.38196024084557206, -0.014100559996957196, 0.572505450226984]","[0.38195999999999997, -0.014086, 0.5724929999999999]"
1285,return,64.250000,64.250592,0.000197,0.049186,2026-09-25T17:07:50.017669+00:00,2026-09-25T17:07:50.018052+00:00,0.000395,1790356070.015080,1790356070.004879,0,0,0,0.000035,0.000019,"[0.01734857276482363, -0.5785068338660405, 0.027907814739389327, -0.2996904858599463, 0.01085594794740473, 0.20552997271485224, -0.47333329314086225]","[0.017383479349863524, -0.5785242871585604, 0.02790781473938933, -0.2996730325674264, 0.010838494654884786, 0.20552997271485224, -0.47331583984834225]","[0.38196024084557206, -0.014100559996957196, 0.572505450226984]","[0.38195999999999997, -0.014086, 0.5724929999999999]"
1286,return,64.300000,64.301066,0.000456,0.050474,2026-09-25T17:07:50.067938+00:00,2026-09-25T17:07:50.068528+00:00,0.000610,1790356070.065330,1790356070.066060,0,1,0,0.000035,0.000014,"[0.01734857276482363, -0.5785068338660405, 0.027907814739389324, -0.2996904858599463, 0.01085594794740473, 0.20552997271485224, -0.47333329314086225]","[0.01731366617978375, -0.5785242871585604, 0.02790781473938933, -0.2996730325674264, 0.010838494654884786, 0.20552997271485224, -0.47331583984834225]","[0.38196024084557206, -0.014100559996957196, 0.572505450226984]","[0.381959, -0.014107, 0.5724929999999999]"
1287,return,64.350000,64.350927,0.000223,0.049861,2026-09-25T17:07:50.117704+00:00,2026-09-25T17:07:50.118390+00:00,0.000704,1790356070.115051,1790356070.106416,0,0,0,0.000035,0.000014,"[0.01734857276482363, -0.5785068338660405, 0.027907814739389327, -0.2996904858599463, 0.01085594794740473, 0.2055299727148522, -0.47333329314086225]","[0.01731366617978375, -0.5785242871585604, 0.02790781473938933, -0.2996730325674264, 0.010838494654884786, 0.20552997271485224, -0.47331583984834225]","[0.38196024084557206, -0.014100559996957196, 0.572505450226984]","[0.381959, -0.014107, 0.5724929999999999]"
1288,return,64.400000,64.400811,0.000303,0.049884,2026-09-25T17:07:50.167782+00:00,2026-09-25T17:07:50.168273+00:00,0.000509,1790356070.164888,1790356070.165749,0,1,0,0.000035,0.000014,"[0.01734857276482363, -0.5785068338660405, 0.027907814739389327, -0.2996904858599463, 0.01085594794740473, 0.20552997271485224, -0.47333329314086225]","[0.01731366617978375, -0.5785242871585604, 0.02790781473938933, -0.2996730325674264, 0.010838494654884786, 0.20552997271485224, -0.47331583984834225]","[0.38196024084557206, -0.014100559996957196, 0.572505450226984]","[0.381959, -0.014107, 0.5724929999999999]"
1289,return,64.450000,64.451351,0.000278,0.050540,2026-09-25T17:07:50.217760+00:00,2026-09-25T17:07:50.218815+00:00,0.001073,1790356070.215738,1790356070.206546,0,0,0,0.000035,0.000014,"[0.01734857276482363, -0.5785068338660405, 0.027907814739389327, -0.2996904858599463, 0.01085594794740473, 0.20552997271485224, -0.47333329314086225]","[0.01731366617978375, -0.5785242871585604, 0.02790781473938933, -0.2996730325674264, 0.010838494654884786, 0.20552997271485224, -0.47331583984834225]","[0.38196024084557206, -0.014100559996957196, 0.572505450226984]","[0.381959, -0.014107, 0.5724929999999999]"
1290,return,64.500000,64.501966,0.000578,0.050615,2026-09-25T17:07:50.268058+00:00,2026-09-25T17:07:50.269427+00:00,0.001387,1790356070.266018,1790356070.265289,0,1,0,0.000035,0.000014,"[0.01734857276482363, -0.5785068338660405, 0.027907814739389327, -0.2996904858599463, 0.01085594794740473, 0.20552997271485224, -0.47333329314086225]","[0.01731366617978375, -0.5785242871585604, 0.02790781473938933, -0.2996730325674264, 0.010838494654884786, 0.20552997271485224, -0.47331583984834225]","[0.38196024084557206, -0.014100559996957196, 0.572505450226984]","[0.381959, -0.014107, 0.5724929999999999]"
1291,return,64.550000,64.550751,0.000213,0.048785,2026-09-25T17:07:50.317693+00:00,2026-09-25T17:07:50.318213+00:00,0.000537,1790356070.316458,1790356070.304719,0,0,0,0.000035,0.000014,"[0.01734857276482363, -0.5785068338660405, 0.027907814739389327, -0.2996904858599463, 0.01085594794740473, 0.20552997271485224, -0.47333329314086225]","[0.01731366617978375, -0.5785242871585604, 0.02790781473938933, -0.2996730325674264, 0.010838494654884786, 0.20552997271485224, -0.47331583984834225]","[0.38196024084557206, -0.014100559996957196, 0.572505450226984]","[0.381959, -0.014107, 0.5724929999999999]"
1292,return,64.600000,64.600499,0.000155,0.049748,2026-09-25T17:07:50.367633+00:00,2026-09-25T17:07:50.367960+00:00,0.000344,1790356070.365404,1790356070.364516,0,1,0,0.000017,0.000016,"[0.01734857276482363, -0.5785068338660405, 0.027907814739389327, -0.2996904858599463, 0.01085594794740473, 0.20552997271485224, -0.47333329314086225]","[0.017366026057343577, -0.5785242871585604, 0.02790781473938933, -0.2996730325674264, 0.010838494654884786, 0.20552997271485224, -0.47331583984834225]","[0.38196024084557206, -0.014100559996957196, 0.572505450226984]","[0.38195999999999997, -0.014091, 0.5724929999999999]"
1293,return,64.650000,64.651180,0.000219,0.050681,2026-09-25T17:07:50.417700+00:00,2026-09-25T17:07:50.418642+00:00,0.000961,1790356070.415836,1790356070.404754,0,0,0,0.000017,0.000016,"[0.01734857276482363, -0.5785068338660405, 0.027907814739389327, -0.2996904858599463, 0.01085594794740473, 0.20552997271485224, -0.47333329314086225]","[0.017366026057343577, -0.5785242871585604, 0.02790781473938933, -0.2996730325674264, 0.010838494654884786, 0.20552997271485224, -0.47331583984834225]","[0.38196024084557206, -0.014100559996957196, 0.572505450226984]","[0.38195999999999997, -0.014091, 0.5724929999999999]"
1294,return,64.700000,64.702056,0.000550,0.050876,2026-09-25T17:07:50.468030+00:00,2026-09-25T17:07:50.469518+00:00,0.001506,1790356070.465405,1790356070.464538,0,0,0,0.000017,0.000016,"[0.01734857276482363, -0.5785068338660405, 0.02790781473938933, -0.2996904858599463, 0.01085594794740473, 0.20552997271485224, -0.47333329314086225]","[0.017366026057343577, -0.5785242871585604, 0.02790781473938933, -0.2996730325674264, 0.010838494654884786, 0.20552997271485224, -0.47331583984834225]","[0.38196024084557206, -0.014100559996957196, 0.572505450226984]","[0.38195999999999997, -0.014091, 0.5724929999999999]"
1295,return,64.750000,64.751205,0.000326,0.049149,2026-09-25T17:07:50.517809+00:00,2026-09-25T17:07:50.518667+00:00,0.000878,1790356070.515043,1790356070.504487,0,0,0,0.000017,0.000016,"[0.01734857276482363, -0.5785068338660405, 0.02790781473938933, -0.2996904858599463, 0.010855947947404732, 0.20552997271485224, -0.4733332931408623]","[0.017366026057343577, -0.5785242871585604, 0.02790781473938933, -0.2996730325674264, 0.010838494654884786, 0.20552997271485224, -0.47331583984834225]","[0.38196024084557206, -0.014100559996957196, 0.572505450226984]","[0.38195999999999997, -0.014091, 0.5724929999999999]"
1296,return,64.800000,64.802457,0.000259,0.051252,2026-09-25T17:07:50.567741+00:00,2026-09-25T17:07:50.569920+00:00,0.002197,1790356070.565363,1790356070.564517,0,0,0,0.000017,0.000016,"[0.01734857276482363, -0.5785068338660405, 0.027907814739389327, -0.2996904858599463, 0.01085594794740473, 0.20552997271485224, -0.4733332931408622]","[0.017366026057343577, -0.5785242871585604, 0.02790781473938933, -0.2996730325674264, 0.010838494654884786, 0.20552997271485224, -0.47331583984834225]","[0.38196024084557206, -0.014100559996957196, 0.572505450226984]","[0.38195999999999997, -0.014091, 0.5724929999999999]"
1297,return,64.850000,64.851279,0.000227,0.048823,2026-09-25T17:07:50.617709+00:00,2026-09-25T17:07:50.618743+00:00,0.001052,1790356070.615946,1790356070.607469,0,0,0,0.000017,0.000016,"[0.01734857276482363, -0.5785068338660405, 0.027907814739389327, -0.2996904858599463, 0.01085594794740473, 0.20552997271485224, -0.47333329314086225]","[0.017366026057343577, -0.5785242871585604, 0.02790781473938933, -0.2996730325674264, 0.010838494654884786, 0.20552997271485224, -0.47331583984834225]","[0.38196024084557206, -0.014100559996957196, 0.572505450226984]","[0.38195999999999997, -0.014091, 0.5724929999999999]"
1298,return,64.900000,64.901369,0.000228,0.050089,2026-09-25T17:07:50.667709+00:00,2026-09-25T17:07:50.668831+00:00,0.001141,1790356070.665574,1790356070.664698,0,0,0,0.000017,0.000016,"[0.01734857276482363, -0.5785068338660405, 0.027907814739389327, -0.2996904858599463, 0.01085594794740473, 0.20552997271485224, -0.47333329314086225]","[0.017366026057343577, -0.5785242871585604, 0.02790781473938933, -0.2996730325674264, 0.010838494654884786, 0.20552997271485224, -0.47331583984834225]","[0.38196024084557206, -0.014100559996957196, 0.572505450226984]","[0.38195999999999997, -0.014091, 0.5724929999999999]"
1299,return,64.950000,64.952389,0.000346,0.051020,2026-09-25T17:07:50.717828+00:00,2026-09-25T17:07:50.719852+00:00,0.002043,1790356070.715246,1790356070.706442,0,0,0,0.000017,0.000016,"[0.01734857276482363, -0.5785068338660405, 0.027907814739389324, -0.2996904858599463, 0.01085594794740473, 0.20552997271485224, -0.47333329314086225]","[0.017366026057343577, -0.5785242871585604, 0.02790781473938933, -0.2996730325674264, 0.010838494654884786, 0.20552997271485224, -0.47331583984834225]","[0.38196024084557206, -0.014100559996957196, 0.572505450226984]","[0.38195999999999997, -0.014091, 0.5724929999999999]"
1300,return,65.000000,65.001009,0.000369,0.048620,2026-09-25T17:07:50.767849+00:00,2026-09-25T17:07:50.768472+00:00,0.000640,1790356070.765721,1790356070.764807,0,0,0,0.000017,0.000016,"[0.01734857276482363, -0.5785068338660405, 0.027907814739389327, -0.2996904858599463, 0.01085594794740473, 0.20552997271485224, -0.47333329314086225]","[0.017366026057343577, -0.5785242871585604, 0.02790781473938933, -0.2996730325674264, 0.010838494654884786, 0.20552997271485224, -0.47331583984834225]","[0.38196024084557206, -0.014100559996957196, 0.572505450226984]","[0.38195999999999997, -0.014091, 0.5724929999999999]"
1301,return,65.050000,65.051852,0.000217,0.050843,2026-09-25T17:07:50.817697+00:00,2026-09-25T17:07:50.819314+00:00,0.001635,1790356070.815024,1790356070.806907,0,0,0,0.000070,0.000012,"[0.01734857276482363, -0.5785068338660405, 0.027907814739389327, -0.2996904858599463, 0.01085594794740473, 0.20552997271485224, -0.47333329314086225]","[0.017366026057343577, -0.5785242871585604, 0.027838001569309555, -0.2996730325674264, 0.010838494654884786, 0.20552997271485224, -0.47331583984834225]","[0.38196024084557206, -0.014100559996957196, 0.572505450226984]","[0.381959, -0.014096, 0.572494]"
1302,return,65.100000,65.100514,0.000217,0.048662,2026-09-25T17:07:50.867690+00:00,2026-09-25T17:07:50.867974+00:00,0.000297,1790356070.865342,1790356070.866256,0,0,0,0.000070,0.000012,"[0.01734857276482363, -0.5785068338660405, 0.027907814739389327, -0.2996904858599463, 0.01085594794740473, 0.20552997271485224, -0.47333329314086225]","[0.017366026057343577, -0.5785242871585604, 0.027838001569309555, -0.2996730325674264, 0.010838494654884786, 0.20552997271485224, -0.47331583984834225]","[0.38196024084557206, -0.014100559996957196, 0.572505450226984]","[0.381959, -0.014096, 0.572494]"
1303,return,65.150000,65.151619,0.000473,0.051105,2026-09-25T17:07:50.917954+00:00,2026-09-25T17:07:50.919081+00:00,0.001146,1790356070.915735,1790356070.904529,0,0,0,0.000070,0.000012,"[0.01734857276482363, -0.5785068338660405, 0.027907814739389327, -0.2996904858599463, 0.01085594794740473, 0.20552997271485224, -0.47333329314086225]","[0.017366026057343577, -0.5785242871585604, 0.027838001569309555, -0.2996730325674264, 0.010838494654884786, 0.20552997271485224, -0.47331583984834225]","[0.38196024084557206, -0.014100559996957196, 0.572505450226984]","[0.381959, -0.014096, 0.572494]"
1304,return,65.200000,65.201095,0.000341,0.049476,2026-09-25T17:07:50.967823+00:00,2026-09-25T17:07:50.968558+00:00,0.000754,1790356070.965280,1790356070.966122,0,0,0,0.000070,0.000012,"[0.01734857276482363, -0.5785068338660405, 0.02790781473938933, -0.2996904858599463, 0.010855947947404732, 0.20552997271485224, -0.47333329314086225]","[0.017366026057343577, -0.5785242871585604, 0.027838001569309555, -0.2996730325674264, 0.010838494654884786, 0.20552997271485224, -0.47331583984834225]","[0.38196024084557206, -0.014100559996957196, 0.572505450226984]","[0.381959, -0.014096, 0.572494]"
1305,return,65.250000,65.251222,0.000334,0.050127,2026-09-25T17:07:51.017813+00:00,2026-09-25T17:07:51.018685+00:00,0.000889,1790356071.015250,1790356071.005426,0,0,0,0.000070,0.000012,"[0.01734857276482363, -0.5785068338660405, 0.027907814739389324, -0.2996904858599463, 0.01085594794740473, 0.2055299727148522, -0.4733332931408622]","[0.017366026057343577, -0.5785242871585604, 0.027838001569309555, -0.2996730325674264, 0.010838494654884786, 0.20552997271485224, -0.47331583984834225]","[0.38196024084557206, -0.014100559996957196, 0.572505450226984]","[0.381959, -0.014096, 0.572494]"
1306,return,65.300000,65.301842,0.000338,0.050620,2026-09-25T17:07:51.067820+00:00,2026-09-25T17:07:51.069304+00:00,0.001504,1790356071.065456,1790356071.064513,0,0,0,0.000070,0.000012,"[0.01734857276482363, -0.5785068338660405, 0.027907814739389327, -0.2996904858599463, 0.010855947947404732, 0.20552997271485224, -0.47333329314086225]","[0.017366026057343577, -0.5785242871585604, 0.027838001569309555, -0.2996730325674264, 0.010838494654884786, 0.20552997271485224, -0.47331583984834225]","[0.38196024084557206, -0.014100559996957196, 0.572505450226984]","[0.381959, -0.014096, 0.572494]"
1307,return,65.350000,65.351160,0.000359,0.049318,2026-09-25T17:07:51.117840+00:00,2026-09-25T17:07:51.118624+00:00,0.000801,1790356071.114840,1790356071.104314,0,0,0,0.000070,0.000012,"[0.01734857276482363, -0.5785068338660405, 0.027907814739389327, -0.2996904858599463, 0.01085594794740473, 0.20552997271485224, -0.47333329314086225]","[0.017366026057343577, -0.5785242871585604, 0.027838001569309555, -0.2996730325674264, 0.010838494654884786, 0.20552997271485224, -0.47331583984834225]","[0.38196024084557206, -0.014100559996957196, 0.572505450226984]","[0.381959, -0.014096, 0.572494]"
1308,return,65.400000,65.401639,0.000305,0.050479,2026-09-25T17:07:51.167790+00:00,2026-09-25T17:07:51.169102+00:00,0.001334,1790356071.165540,1790356071.164637,0,0,0,0.000070,0.000024,"[0.01734857276482363, -0.5785068338660405, 0.027907814739389324, -0.2996904858599463, 0.01085594794740473, 0.20552997271485224, -0.47333329314086225]","[0.017296212887263806, -0.5785242871585604, 0.027838001569309555, -0.2996730325674264, 0.010838494654884786, 0.20552997271485224, -0.47331583984834225]","[0.38196024084557206, -0.014100559996957196, 0.572505450226984]","[0.38195799999999996, -0.014121, 0.572494]"
1309,return,65.450000,65.450346,0.000109,0.048706,2026-09-25T17:07:51.217579+00:00,2026-09-25T17:07:51.217806+00:00,0.000237,1790356071.214844,1790356071.204425,0,0,0,0.000070,0.000024,"[0.01734857276482363, -0.5785068338660405, 0.027907814739389327, -0.2996904858599463, 0.01085594794740473, 0.2055299727148522, -0.47333329314086225]","[0.017296212887263806, -0.5785242871585604, 0.027838001569309555, -0.2996730325674264, 0.010838494654884786, 0.20552997271485224, -0.47331583984834225]","[0.38196024084557206, -0.014100559996957196, 0.572505450226984]","[0.38195799999999996, -0.014121, 0.572494]"
1310,return,65.500000,65.500856,0.000202,0.050510,2026-09-25T17:07:51.267681+00:00,2026-09-25T17:07:51.268318+00:00,0.000654,1790356071.265471,1790356071.264574,0,0,0,0.000070,0.000024,"[0.01734857276482363, -0.5785068338660405, 0.027907814739389327, -0.2996904858599463, 0.01085594794740473, 0.20552997271485224, -0.47333329314086225]","[0.017296212887263806, -0.5785242871585604, 0.027838001569309555, -0.2996730325674264, 0.010838494654884786, 0.20552997271485224, -0.47331583984834225]","[0.38196024084557206, -0.014100559996957196, 0.572505450226984]","[0.38195799999999996, -0.014121, 0.572494]"
1311,return,65.550000,65.551383,0.000278,0.050527,2026-09-25T17:07:51.317752+00:00,2026-09-25T17:07:51.318846+00:00,0.001106,1790356071.314877,1790356071.304568,0,0,0,0.000070,0.000012,"[0.01734857276482363, -0.5785068338660405, 0.027907814739389327, -0.2996904858599463, 0.01085594794740473, 0.20552997271485224, -0.47333329314086225]","[0.017348572764823635, -0.5785242871585604, 0.027838001569309555, -0.2996730325674264, 0.010838494654884786, 0.20552997271485224, -0.47331583984834225]","[0.38196024084557206, -0.014100559996957196, 0.572505450226984]","[0.38195799999999996, -0.014102, 0.572494]"
1312,return,65.600000,65.600389,0.000144,0.049005,2026-09-25T17:07:51.367616+00:00,2026-09-25T17:07:51.367849+00:00,0.000245,1790356071.365196,1790356071.364351,0,0,0,0.000070,0.000012,"[0.01734857276482363, -0.5785068338660405, 0.027907814739389327, -0.2996904858599463, 0.01085594794740473, 0.20552997271485224, -0.47333329314086225]","[0.017348572764823635, -0.5785242871585604, 0.027838001569309555, -0.2996730325674264, 0.010838494654884786, 0.20552997271485224, -0.47331583984834225]","[0.38196024084557206, -0.014100559996957196, 0.572505450226984]","[0.38195799999999996, -0.014102, 0.572494]"
1313,return,65.650000,65.650669,0.000158,0.050281,2026-09-25T17:07:51.417636+00:00,2026-09-25T17:07:51.418130+00:00,0.000511,1790356071.414780,1790356071.404988,0,1,0,0.000070,0.000012,"[0.01734857276482363, -0.5785068338660405, 0.027907814739389327, -0.2996904858599463, 0.01085594794740473, 0.20552997271485224, -0.47333329314086225]","[0.017348572764823635, -0.5785242871585604, 0.027838001569309555, -0.2996730325674264, 0.010838494654884786, 0.20552997271485224, -0.47331583984834225]","[0.38196024084557206, -0.014100559996957196, 0.572505450226984]","[0.38195799999999996, -0.014102, 0.572494]"
1314,return,65.700000,65.702085,0.000311,0.051416,2026-09-25T17:07:51.467792+00:00,2026-09-25T17:07:51.469548+00:00,0.001774,1790356071.465373,1790356071.464487,0,0,0,0.000070,0.000012,"[0.01734857276482363, -0.5785068338660405, 0.027907814739389327, -0.2996904858599463, 0.01085594794740473, 0.20552997271485224, -0.47333329314086225]","[0.017348572764823635, -0.5785242871585604, 0.027838001569309555, -0.2996730325674264, 0.010838494654884786, 0.20552997271485224, -0.47331583984834225]","[0.38196024084557206, -0.014100559996957196, 0.572505450226984]","[0.38195799999999996, -0.014102, 0.572494]"
1315,return,65.750000,65.751506,0.000281,0.049421,2026-09-25T17:07:51.517760+00:00,2026-09-25T17:07:51.518968+00:00,0.001225,1790356071.514419,1790356071.506760,0,1,0,0.000070,0.000012,"[0.01734857276482363, -0.5785068338660405, 0.027907814739389327, -0.2996904858599463, 0.01085594794740473, 0.20552997271485224, -0.47333329314086225]","[0.017348572764823635, -0.5785242871585604, 0.027838001569309555, -0.2996730325674264, 0.010838494654884786, 0.20552997271485224, -0.47331583984834225]","[0.38196024084557206, -0.014100559996957196, 0.572505450226984]","[0.38195799999999996, -0.014102, 0.572494]"
1316,return,65.800000,65.801409,0.000262,0.049904,2026-09-25T17:07:51.567741+00:00,2026-09-25T17:07:51.568872+00:00,0.001148,1790356071.565751,1790356071.564868,0,0,0,0.000070,0.000012,"[0.01734857276482363, -0.5785068338660405, 0.027907814739389324, -0.2996904858599463, 0.01085594794740473, 0.20552997271485224, -0.47333329314086225]","[0.017348572764823635, -0.5785242871585604, 0.027838001569309555, -0.2996730325674264, 0.010838494654884786, 0.20552997271485224, -0.47331583984834225]","[0.38196024084557206, -0.014100559996957196, 0.572505450226984]","[0.38195799999999996, -0.014102, 0.572494]"
1317,return,65.850000,65.851301,0.000296,0.049891,2026-09-25T17:07:51.617776+00:00,2026-09-25T17:07:51.618763+00:00,0.001005,1790356071.614763,1790356071.606471,0,1,0,0.000070,0.000012,"[0.01734857276482363, -0.5785068338660405, 0.02790781473938933, -0.2996904858599463, 0.010855947947404732, 0.20552997271485224, -0.4733332931408623]","[0.017348572764823635, -0.5785242871585604, 0.027838001569309555, -0.2996730325674264, 0.010838494654884786, 0.20552997271485224, -0.47331583984834225]","[0.38196024084557206, -0.014100559996957196, 0.572505450226984]","[0.38195799999999996, -0.014102, 0.572494]"
1318,return,65.900000,65.900814,0.000301,0.049513,2026-09-25T17:07:51.667781+00:00,2026-09-25T17:07:51.668275+00:00,0.000513,1790356071.665468,1790356071.666177,0,0,0,0.000070,0.000012,"[0.01734857276482363, -0.5785068338660405, 0.027907814739389327, -0.2996904858599463, 0.01085594794740473, 0.20552997271485224, -0.4733332931408622]","[0.017348572764823635, -0.5785242871585604, 0.027838001569309555, -0.2996730325674264, 0.010838494654884786, 0.20552997271485224, -0.47331583984834225]","[0.38196024084557206, -0.014100559996957196, 0.572505450226984]","[0.38195799999999996, -0.014102, 0.572494]"
1319,return,65.950000,65.951372,0.000399,0.050559,2026-09-25T17:07:51.717880+00:00,2026-09-25T17:07:51.718835+00:00,0.000974,1790356071.715279,1790356071.704482,0,1,0,0.000070,0.000012,"[0.01734857276482363, -0.5785068338660405, 0.027907814739389327, -0.2996904858599463, 0.01085594794740473, 0.20552997271485224, -0.47333329314086225]","[0.017348572764823635, -0.5785242871585604, 0.027838001569309555, -0.2996730325674264, 0.010838494654884786, 0.20552997271485224, -0.47331583984834225]","[0.38196024084557206, -0.014100559996957196, 0.572505450226984]","[0.38195799999999996, -0.014102, 0.572494]"
1320,return,66.000000,66.000805,0.000383,0.049433,2026-09-25T17:07:51.767863+00:00,2026-09-25T17:07:51.768266+00:00,0.000423,1790356071.764934,1790356071.765367,0,0,0,0.000070,0.000012,"[0.01734857276482363, -0.5785068338660405, 0.027907814739389324, -0.2996904858599463, 0.01085594794740473, 0.20552997271485224, -0.47333329314086225]","[0.017348572764823635, -0.5785242871585604, 0.027838001569309555, -0.2996730325674264, 0.010838494654884786, 0.20552997271485224, -0.47331583984834225]","[0.38196024084557206, -0.014100559996957196, 0.572505450226984]","[0.38195799999999996, -0.014102, 0.572494]"
1321,return,66.050000,66.051277,0.000241,0.050472,2026-09-25T17:07:51.817724+00:00,2026-09-25T17:07:51.818740+00:00,0.001036,1790356071.814697,1790356071.804359,0,1,0,0.000035,0.000012,"[0.01734857276482363, -0.5785068338660405, 0.027907814739389327, -0.2996904858599463, 0.01085594794740473, 0.20552997271485224, -0.47333329314086225]","[0.017348572764823635, -0.5785242871585604, 0.027942721324429216, -0.2996730325674264, 0.010838494654884786, 0.20552997271485224, -0.47331583984834225]","[0.38196024084557206, -0.014100559996957196, 0.572505450226984]","[0.38195799999999996, -0.014102, 0.572494]"
1322,return,66.100000,66.103627,0.000202,0.052350,2026-09-25T17:07:51.867682+00:00,2026-09-25T17:07:51.871090+00:00,0.003426,1790356071.864535,1790356071.865158,0,0,0,0.000035,0.000014,"[0.01734857276482363, -0.5785068338660405, 0.027907814739389327, -0.2996904858599463, 0.010855947947404732, 0.20552997271485227, -0.4733332931408623]","[0.017348572764823635, -0.5785242871585604, 0.027942721324429216, -0.2996730325674264, 0.010838494654884786, 0.20552997271485224, -0.47331583984834225]","[0.38196024084557206, -0.014100559996957196, 0.572505450226984]","[0.38195999999999997, -0.014095, 0.5724929999999999]"
1323,return,66.150000,66.151071,0.000210,0.047444,2026-09-25T17:07:51.917687+00:00,2026-09-25T17:07:51.918535+00:00,0.000861,1790356071.914336,1790356071.904150,0,1,0,0.000035,0.000014,"[0.01734857276482363, -0.5785068338660405, 0.027907814739389327, -0.2996904858599463, 0.01085594794740473, 0.20552997271485224, -0.47333329314086225]","[0.017348572764823635, -0.5785242871585604, 0.027942721324429216, -0.2996730325674264, 0.010838494654884786, 0.20552997271485224, -0.47331583984834225]","[0.38196024084557206, -0.014100559996957196, 0.572505450226984]","[0.38195999999999997, -0.014095, 0.5724929999999999]"
1324,return,66.200000,66.200776,0.000269,0.049706,2026-09-25T17:07:51.967745+00:00,2026-09-25T17:07:51.968237+00:00,0.000508,1790356071.965115,1790356071.965785,0,0,0,0.000035,0.000014,"[0.01734857276482363, -0.5785068338660405, 0.027907814739389327, -0.2996904858599463, 0.01085594794740473, 0.20552997271485224, -0.47333329314086225]","[0.017348572764823635, -0.5785242871585604, 0.027942721324429216, -0.2996730325674264, 0.010838494654884786, 0.20552997271485224, -0.47331583984834225]","[0.38196024084557206, -0.014100559996957196, 0.572505450226984]","[0.38195999999999997, -0.014095, 0.5724929999999999]"
1325,return,66.250000,66.250888,0.000213,0.050111,2026-09-25T17:07:52.017691+00:00,2026-09-25T17:07:52.018348+00:00,0.000675,1790356072.014504,1790356072.004366,0,1,0,0.000035,0.000014,"[0.01734857276482363, -0.5785068338660405, 0.027907814739389327, -0.2996904858599463, 0.01085594794740473, 0.20552997271485224, -0.47333329314086225]","[0.017348572764823635, -0.5785242871585604, 0.027942721324429216, -0.2996730325674264, 0.010838494654884786, 0.20552997271485224, -0.47331583984834225]","[0.38196024084557206, -0.014100559996957196, 0.572505450226984]","[0.38195999999999997, -0.014095, 0.5724929999999999]"
1326,return,66.300000,66.300605,0.000156,0.049717,2026-09-25T17:07:52.067633+00:00,2026-09-25T17:07:52.068065+00:00,0.000449,1790356072.064648,1790356072.065283,0,0,0,0.000035,0.000014,"[0.01734857276482363, -0.5785068338660405, 0.02790781473938933, -0.2996904858599463, 0.010855947947404732, 0.20552997271485224, -0.47333329314086225]","[0.017348572764823635, -0.5785242871585604, 0.027942721324429216, -0.2996730325674264, 0.010838494654884786, 0.20552997271485224, -0.47331583984834225]","[0.38196024084557206, -0.014100559996957196, 0.572505450226984]","[0.38195999999999997, -0.014095, 0.5724929999999999]"
1327,return,66.350000,66.351200,0.000154,0.050595,2026-09-25T17:07:52.117632+00:00,2026-09-25T17:07:52.118661+00:00,0.001046,1790356072.114634,1790356072.104529,0,1,0,0.000035,0.000014,"[0.017348572764823628, -0.5785068338660404, 0.027907814739389327, -0.2996904858599463, 0.010855947947404729, 0.20552997271485224, -0.47333329314086225]","[0.017348572764823635, -0.5785242871585604, 0.027942721324429216, -0.2996730325674264, 0.010838494654884786, 0.20552997271485224, -0.47331583984834225]","[0.3819602408455718, -0.014100559996957203, 0.5725054502269842]","[0.38195999999999997, -0.014095, 0.5724929999999999]"
1328,return,66.400000,66.400920,0.000284,0.049720,2026-09-25T17:07:52.167765+00:00,2026-09-25T17:07:52.168382+00:00,0.000635,1790356072.165385,1790356072.164473,0,0,0,0.000035,0.000014,"[0.01734857276482363, -0.5785068338660405, 0.027907814739389327, -0.2996904858599463, 0.01085594794740473, 0.20552997271485224, -0.47333329314086225]","[0.017348572764823635, -0.5785242871585604, 0.027942721324429216, -0.2996730325674264, 0.010838494654884786, 0.20552997271485224, -0.47331583984834225]","[0.38196024084557206, -0.014100559996957196, 0.572505450226984]","[0.38195999999999997, -0.014095, 0.5724929999999999]"
1329,return,66.450000,66.451223,0.000214,0.050303,2026-09-25T17:07:52.217699+00:00,2026-09-25T17:07:52.218686+00:00,0.001008,1790356072.214463,1790356072.205347,0,1,0,0.000035,0.000014,"[0.01734857276482363, -0.5785068338660405, 0.027907814739389324, -0.2996904858599463, 0.01085594794740473, 0.20552997271485224, -0.47333329314086225]","[0.017348572764823635, -0.5785242871585604, 0.027942721324429216, -0.2996730325674264, 0.010838494654884786, 0.20552997271485224, -0.47331583984834225]","[0.38196024084557206, -0.014100559996957196, 0.572505450226984]","[0.38195999999999997, -0.014095, 0.5724929999999999]"
1330,return,66.500000,66.500320,0.000146,0.049097,2026-09-25T17:07:52.267615+00:00,2026-09-25T17:07:52.267780+00:00,0.000174,1790356072.265332,1790356072.266343,0,0,0,0.000035,0.000014,"[0.01734857276482363, -0.5785068338660405, 0.027907814739389327, -0.2996904858599463, 0.01085594794740473, 0.20552997271485224, -0.47333329314086225]","[0.017348572764823635, -0.5785242871585604, 0.027942721324429216, -0.2996730325674264, 0.010838494654884786, 0.20552997271485224, -0.47331583984834225]","[0.38196024084557206, -0.014100559996957196, 0.572505450226984]","[0.38195999999999997, -0.014095, 0.5724929999999999]"
1331,return,66.550000,66.552260,0.000440,0.051939,2026-09-25T17:07:52.317920+00:00,2026-09-25T17:07:52.319722+00:00,0.001820,1790356072.315000,1790356072.305248,0,1,0,0.000035,0.000014,"[0.017348572764823628, -0.5785068338660405, 0.027907814739389327, -0.29969048585994623, 0.01085594794740473, 0.2055299727148522, -0.47333329314086225]","[0.017348572764823635, -0.5785242871585604, 0.027942721324429216, -0.2996730325674264, 0.010838494654884786, 0.20552997271485224, -0.47331583984834225]","[0.38196024084557206, -0.014100559996957198, 0.572505450226984]","[0.38195999999999997, -0.014095, 0.5724929999999999]"
1332,return,66.600000,66.601497,0.000293,0.049237,2026-09-25T17:07:52.367773+00:00,2026-09-25T17:07:52.368961+00:00,0.001205,1790356072.363946,1790356072.366604,0,0,0,0.000035,0.000014,"[0.01734857276482363, -0.5785068338660405, 0.027907814739389327, -0.2996904858599463, 0.01085594794740473, 0.20552997271485224, -0.47333329314086225]","[0.017348572764823635, -0.5785242871585604, 0.027942721324429216, -0.2996730325674264, 0.010838494654884786, 0.20552997271485224, -0.47331583984834225]","[0.38196024084557206, -0.014100559996957196, 0.572505450226984]","[0.38195999999999997, -0.014095, 0.5724929999999999]"
1333,return,66.650000,66.651426,0.000351,0.049929,2026-09-25T17:07:52.417832+00:00,2026-09-25T17:07:52.418890+00:00,0.001075,1790356072.414335,1790356072.405135,0,1,0,0.000035,0.000014,"[0.01734857276482363, -0.5785068338660405, 0.027907814739389327, -0.2996904858599463, 0.010855947947404729, 0.20552997271485224, -0.47333329314086225]","[0.017348572764823635, -0.5785242871585604, 0.027942721324429216, -0.2996730325674264, 0.010838494654884786, 0.20552997271485224, -0.47331583984834225]","[0.38196024084557206, -0.014100559996957196, 0.572505450226984]","[0.38195999999999997, -0.014095, 0.5724929999999999]"
1334,return,66.700000,66.700659,0.000245,0.049233,2026-09-25T17:07:52.467725+00:00,2026-09-25T17:07:52.468120+00:00,0.000414,1790356072.465562,1790356072.466123,0,0,0,0.000035,0.000014,"[0.01734857276482363, -0.5785068338660405, 0.027907814739389327, -0.2996904858599463, 0.01085594794740473, 0.20552997271485224, -0.47333329314086225]","[0.017348572764823635, -0.5785242871585604, 0.027942721324429216, -0.2996730325674264, 0.010838494654884786, 0.20552997271485224, -0.47331583984834225]","[0.38196024084557206, -0.014100559996957196, 0.572505450226984]","[0.38195999999999997, -0.014095, 0.5724929999999999]"
1335,return,66.750000,66.750940,0.000220,0.050281,2026-09-25T17:07:52.517700+00:00,2026-09-25T17:07:52.518402+00:00,0.000720,1790356072.514400,1790356072.506629,0,1,0,0.000035,0.000014,"[0.01734857276482363, -0.5785068338660405, 0.027907814739389327, -0.2996904858599463, 0.01085594794740473, 0.20552997271485224, -0.47333329314086225]","[0.017348572764823635, -0.5785242871585604, 0.027942721324429216, -0.2996730325674264, 0.010838494654884786, 0.20552997271485224, -0.47331583984834225]","[0.38196024084557206, -0.014100559996957196, 0.572505450226984]","[0.38195999999999997, -0.014095, 0.5724929999999999]"
1336,return,66.800000,66.800880,0.000266,0.049940,2026-09-25T17:07:52.567745+00:00,2026-09-25T17:07:52.568342+00:00,0.000614,1790356072.565814,1790356072.566541,0,0,0,0.000035,0.000014,"[0.01734857276482363, -0.5785068338660405, 0.027907814739389327, -0.2996904858599463, 0.01085594794740473, 0.20552997271485224, -0.47333329314086225]","[0.017348572764823635, -0.5785242871585604, 0.027942721324429216, -0.2996730325674264, 0.010838494654884786, 0.20552997271485224, -0.47331583984834225]","[0.38196024084557206, -0.014100559996957196, 0.572505450226984]","[0.38195999999999997, -0.014095, 0.5724929999999999]"
1337,return,66.850000,66.850958,0.000329,0.050078,2026-09-25T17:07:52.617810+00:00,2026-09-25T17:07:52.618420+00:00,0.000629,1790356072.614293,1790356072.606695,0,1,0,0.000035,0.000014,"[0.01734857276482363, -0.5785068338660405, 0.027907814739389324, -0.2996904858599463, 0.01085594794740473, 0.20552997271485224, -0.47333329314086225]","[0.017348572764823635, -0.5785242871585604, 0.027942721324429216, -0.2996730325674264, 0.010838494654884786, 0.20552997271485224, -0.47331583984834225]","[0.38196024084557206, -0.014100559996957196, 0.572505450226984]","[0.38195999999999997, -0.014095, 0.5724929999999999]"
1338,return,66.900000,66.902188,0.000305,0.051230,2026-09-25T17:07:52.667785+00:00,2026-09-25T17:07:52.669652+00:00,0.001882,1790356072.663304,1790356072.645996,0,0,0,0.000035,0.000014,"[0.01734857276482363, -0.5785068338660405, 0.027907814739389324, -0.2996904858599463, 0.01085594794740473, 0.20552997271485224, -0.47333329314086225]","[0.017348572764823635, -0.5785242871585604, 0.027942721324429216, -0.2996730325674264, 0.010838494654884786, 0.20552997271485224, -0.47331583984834225]","[0.38196024084557206, -0.014100559996957196, 0.572505450226984]","[0.38195999999999997, -0.014095, 0.5724929999999999]"
1339,return,66.950000,66.951790,0.000307,0.049602,2026-09-25T17:07:52.717789+00:00,2026-09-25T17:07:52.719252+00:00,0.001483,1790356072.714874,1790356072.711250,0,1,0,0.000035,0.000014,"[0.01734857276482363, -0.5785068338660405, 0.02790781473938933, -0.2996904858599463, 0.010855947947404732, 0.20552997271485224, -0.4733332931408623]","[0.017348572764823635, -0.5785242871585604, 0.027942721324429216, -0.2996730325674264, 0.010838494654884786, 0.20552997271485224, -0.47331583984834225]","[0.38196024084557206, -0.014100559996957196, 0.572505450226984]","[0.38195999999999997, -0.014095, 0.5724929999999999]"
1340,return,67.000000,67.003003,0.000299,0.051213,2026-09-25T17:07:52.767780+00:00,2026-09-25T17:07:52.770466+00:00,0.002704,1790356072.764349,1790356072.750709,0,0,0,0.000035,0.000014,"[0.01734857276482363, -0.5785068338660405, 0.027907814739389327, -0.2996904858599463, 0.01085594794740473, 0.20552997271485224, -0.47333329314086225]","[0.017348572764823635, -0.5785242871585604, 0.027942721324429216, -0.2996730325674264, 0.010838494654884786, 0.20552997271485224, -0.47331583984834225]","[0.38196024084557206, -0.014100559996957196, 0.572505450226984]","[0.38195999999999997, -0.014095, 0.5724929999999999]"
1341,return,67.050000,67.051177,0.000219,0.048173,2026-09-25T17:07:52.817699+00:00,2026-09-25T17:07:52.818640+00:00,0.000958,1790356072.814339,1790356072.809297,0,1,0,0.000035,0.000014,"[0.01734857276482363, -0.5785068338660405, 0.027907814739389327, -0.2996904858599463, 0.01085594794740473, 0.20552997271485224, -0.47333329314086225]","[0.017348572764823635, -0.5785242871585604, 0.027942721324429216, -0.2996730325674264, 0.010838494654884786, 0.20552997271485224, -0.47331583984834225]","[0.38196024084557206, -0.014100559996957196, 0.572505450226984]","[0.38195999999999997, -0.014095, 0.5724929999999999]"
1342,return,67.100000,67.101694,0.000524,0.050517,2026-09-25T17:07:52.868006+00:00,2026-09-25T17:07:52.869157+00:00,0.001170,1790356072.864599,1790356072.851803,0,0,0,0.000035,0.000014,"[0.01734857276482363, -0.5785068338660405, 0.027907814739389324, -0.2996904858599463, 0.01085594794740473, 0.20552997271485224, -0.47333329314086225]","[0.017348572764823635, -0.5785242871585604, 0.027942721324429216, -0.2996730325674264, 0.010838494654884786, 0.20552997271485224, -0.47331583984834225]","[0.38196024084557206, -0.014100559996957196, 0.572505450226984]","[0.38195999999999997, -0.014095, 0.5724929999999999]"
1343,return,67.150000,67.152374,0.000286,0.050680,2026-09-25T17:07:52.917765+00:00,2026-09-25T17:07:52.919837+00:00,0.002088,1790356072.914479,1790356072.910742,0,1,0,0.000017,0.000012,"[0.01734857276482363, -0.5785068338660405, 0.027907814739389327, -0.2996904858599463, 0.01085594794740473, 0.20552997271485224, -0.47333329314086225]","[0.017348572764823635, -0.5785242871585604, 0.027890361446869388, -0.2996730325674264, 0.010838494654884786, 0.20552997271485224, -0.47331583984834225]","[0.38196024084557206, -0.014100559996957196, 0.572505450226984]","[0.381959, -0.014098999999999999, 0.572494]"
1344,return,67.200000,67.201443,0.000313,0.049069,2026-09-25T17:07:52.967793+00:00,2026-09-25T17:07:52.968905+00:00,0.001130,1790356072.964350,1790356072.949463,0,0,0,0.000017,0.000012,"[0.01734857276482363, -0.5785068338660405, 0.027907814739389327, -0.2996904858599463, 0.010855947947404729, 0.20552997271485224, -0.47333329314086225]","[0.017348572764823635, -0.5785242871585604, 0.027890361446869388, -0.2996730325674264, 0.010838494654884786, 0.20552997271485224, -0.47331583984834225]","[0.38196024084557206, -0.014100559996957196, 0.572505450226984]","[0.381959, -0.014098999999999999, 0.572494]"
1345,return,67.250000,67.251933,0.000208,0.050489,2026-09-25T17:07:53.017689+00:00,2026-09-25T17:07:53.019395+00:00,0.001725,1790356073.014718,1790356073.011087,0,0,0,0.000017,0.000012,"[0.01734857276482363, -0.5785068338660405, 0.027907814739389327, -0.2996904858599463, 0.01085594794740473, 0.20552997271485224, -0.47333329314086225]","[0.017348572764823635, -0.5785242871585604, 0.027890361446869388, -0.2996730325674264, 0.010838494654884786, 0.20552997271485224, -0.47331583984834225]","[0.38196024084557206, -0.014100559996957196, 0.572505450226984]","[0.381959, -0.014098999999999999, 0.572494]"
1346,return,67.300000,67.301699,0.000217,0.049766,2026-09-25T17:07:53.067697+00:00,2026-09-25T17:07:53.069163+00:00,0.001482,1790356073.065956,1790356073.049805,0,0,0,0.000017,0.000012,"[0.01734857276482363, -0.5785068338660405, 0.027907814739389327, -0.2996904858599463, 0.01085594794740473, 0.20552997271485224, -0.47333329314086225]","[0.017348572764823635, -0.5785242871585604, 0.027890361446869388, -0.2996730325674264, 0.010838494654884786, 0.20552997271485224, -0.47331583984834225]","[0.38196024084557206, -0.014100559996957196, 0.572505450226984]","[0.381959, -0.014098999999999999, 0.572494]"
1347,return,67.350000,67.350905,0.000224,0.049206,2026-09-25T17:07:53.117705+00:00,2026-09-25T17:07:53.118367+00:00,0.000681,1790356073.114233,1790356073.109032,0,0,0,0.000017,0.000012,"[0.01734857276482363, -0.5785068338660405, 0.027907814739389327, -0.2996904858599463, 0.01085594794740473, 0.20552997271485224, -0.47333329314086225]","[0.017348572764823635, -0.5785242871585604, 0.027890361446869388, -0.2996730325674264, 0.010838494654884786, 0.20552997271485224, -0.47331583984834225]","[0.38196024084557206, -0.014100559996957196, 0.572505450226984]","[0.381959, -0.014098999999999999, 0.572494]"
1348,return,67.400000,67.400928,0.000300,0.050023,2026-09-25T17:07:53.167781+00:00,2026-09-25T17:07:53.168391+00:00,0.000628,1790356073.164105,1790356073.149227,0,0,0,0.000017,0.000012,"[0.01734857276482363, -0.5785068338660405, 0.027907814739389327, -0.2996904858599463, 0.010855947947404732, 0.20552997271485224, -0.47333329314086225]","[0.017348572764823635, -0.5785242871585604, 0.027890361446869388, -0.2996730325674264, 0.010838494654884786, 0.20552997271485224, -0.47331583984834225]","[0.38196024084557206, -0.014100559996957196, 0.572505450226984]","[0.381959, -0.014098999999999999, 0.572494]"
1349,return,67.450000,67.450467,0.000150,0.049539,2026-09-25T17:07:53.217627+00:00,2026-09-25T17:07:53.217928+00:00,0.000317,1790356073.214213,1790356073.209217,0,0,0,0.000017,0.000012,"[0.01734857276482363, -0.5785068338660405, 0.027907814739389324, -0.2996904858599463, 0.01085594794740473, 0.2055299727148522, -0.4733332931408622]","[0.017348572764823635, -0.5785242871585604, 0.027890361446869388, -0.2996730325674264, 0.010838494654884786, 0.20552997271485224, -0.47331583984834225]","[0.38196024084557206, -0.014100559996957196, 0.572505450226984]","[0.381959, -0.014098999999999999, 0.572494]"
1350,return,67.500000,67.500673,0.000201,0.050206,2026-09-25T17:07:53.267682+00:00,2026-09-25T17:07:53.268134+00:00,0.000472,1790356073.265024,1790356073.249108,0,0,0,0.000017,0.000012,"[0.01734857276482363, -0.5785068338660405, 0.027907814739389327, -0.2996904858599463, 0.01085594794740473, 0.20552997271485224, -0.47333329314086225]","[0.017348572764823635, -0.5785242871585604, 0.027890361446869388, -0.2996730325674264, 0.010838494654884786, 0.20552997271485224, -0.47331583984834225]","[0.38196024084557206, -0.014100559996957196, 0.572505450226984]","[0.381959, -0.014098999999999999, 0.572494]"
1351,return,67.550000,67.551114,0.000266,0.050441,2026-09-25T17:07:53.317744+00:00,2026-09-25T17:07:53.318577+00:00,0.000848,1790356073.314397,1790356073.309397,0,0,0,0.000017,0.000012,"[0.01734857276482363, -0.5785068338660405, 0.027907814739389327, -0.2996904858599463, 0.01085594794740473, 0.20552997271485224, -0.47333329314086225]","[0.017348572764823635, -0.5785242871585604, 0.027890361446869388, -0.2996730325674264, 0.010838494654884786, 0.20552997271485224, -0.47331583984834225]","[0.38196024084557206, -0.014100559996957196, 0.572505450226984]","[0.381959, -0.014098999999999999, 0.572494]"
1352,return,67.600000,67.602520,0.000433,0.051406,2026-09-25T17:07:53.367910+00:00,2026-09-25T17:07:53.369983+00:00,0.002087,1790356073.364581,1790356073.349399,0,0,0,0.000017,0.000012,"[0.01734857276482363, -0.5785068338660405, 0.02790781473938933, -0.2996904858599463, 0.010855947947404729, 0.20552997271485224, -0.47333329314086225]","[0.017348572764823635, -0.5784893805735206, 0.027890361446869388, -0.2996730325674264, 0.010838494654884786, 0.20552997271485224, -0.47331583984834225]","[0.38196024084557206, -0.014100559996957196, 0.572505450226984]","[0.381959, -0.014098999999999999, 0.572494]"
1353,return,67.650000,67.652472,0.000548,0.049951,2026-09-25T17:07:53.418030+00:00,2026-09-25T17:07:53.419935+00:00,0.001924,1790356073.414130,1790356073.409593,0,0,0,0.000017,0.000017,"[0.01734857276482363, -0.5785068338660405, 0.027907814739389327, -0.2996904858599463, 0.01085594794740473, 0.2055299727148522, -0.47333329314086225]","[0.017348572764823635, -0.5784893805735206, 0.027890361446869388, -0.2996730325674264, 0.010838494654884786, 0.20552997271485224, -0.47331583984834225]","[0.38196024084557206, -0.014100559996957196, 0.572505450226984]","[0.381943, -0.0141, 0.572507]"
1354,return,67.700000,67.701721,0.000666,0.049249,2026-09-25T17:07:53.468146+00:00,2026-09-25T17:07:53.469182+00:00,0.001054,1790356073.464204,1790356073.451389,0,0,0,0.000035,0.000017,"[0.01734857276482363, -0.5785068338660405, 0.027907814739389327, -0.2996904858599463, 0.01085594794740473, 0.20552997271485224, -0.47333329314086225]","[0.01731366617978375, -0.5784893805735206, 0.027890361446869388, -0.2996730325674264, 0.010838494654884786, 0.20552997271485224, -0.47331583984834225]","[0.38196024084557206, -0.014100559996957196, 0.572505450226984]","[0.381943, -0.0141, 0.572507]"
1355,return,67.750000,67.750891,0.000290,0.049170,2026-09-25T17:07:53.517771+00:00,2026-09-25T17:07:53.518353+00:00,0.000600,1790356073.514054,1790356073.510194,0,0,0,0.000070,0.000031,"[0.01734857276482363, -0.5785068338660405, 0.027907814739389327, -0.2996904858599463, 0.01085594794740473, 0.20552997271485224, -0.47333329314086225]","[0.017278759594743863, -0.5784893805735206, 0.027890361446869388, -0.2996730325674264, 0.010838494654884786, 0.20552997271485224, -0.47331583984834225]","[0.38196024084557206, -0.014100559996957196, 0.572505450226984]","[0.381942, -0.014124999999999999, 0.572507]"
1356,return,67.800000,67.801364,0.000273,0.050473,2026-09-25T17:07:53.567756+00:00,2026-09-25T17:07:53.568827+00:00,0.001090,1790356073.564044,1790356073.551337,0,0,0,0.000070,0.000031,"[0.01734857276482363, -0.5785068338660405, 0.027907814739389324, -0.2996904858599463, 0.01085594794740473, 0.20552997271485224, -0.47333329314086225]","[0.017278759594743863, -0.5784893805735206, 0.027890361446869388, -0.2996730325674264, 0.010838494654884786, 0.20552997271485224, -0.47331583984834225]","[0.38196024084557206, -0.014100559996957196, 0.572505450226984]","[0.381942, -0.014124999999999999, 0.572507]"
1357,return,67.850000,67.850896,0.000267,0.049533,2026-09-25T17:07:53.617747+00:00,2026-09-25T17:07:53.618358+00:00,0.000629,1790356073.614731,1790356073.611645,0,0,0,0.000070,0.000031,"[0.01734857276482363, -0.5785068338660404, 0.027907814739389327, -0.2996904858599463, 0.01085594794740473, 0.20552997271485224, -0.4733332931408622]","[0.017278759594743863, -0.5784893805735206, 0.027890361446869388, -0.2996730325674264, 0.010838494654884786, 0.20552997271485224, -0.47331583984834225]","[0.3819602408455718, -0.0141005599969572, 0.5725054502269842]","[0.381942, -0.014124999999999999, 0.572507]"
1358,return,67.900000,67.900864,0.000262,0.049968,2026-09-25T17:07:53.667742+00:00,2026-09-25T17:07:53.668326+00:00,0.000602,1790356073.663918,1790356073.652522,0,1,0,0.000070,0.000031,"[0.01734857276482363, -0.5785068338660405, 0.027907814739389327, -0.2996904858599463, 0.01085594794740473, 0.20552997271485224, -0.47333329314086225]","[0.017278759594743863, -0.5784893805735206, 0.027890361446869388, -0.2996730325674264, 0.010838494654884786, 0.20552997271485224, -0.47331583984834225]","[0.38196024084557206, -0.014100559996957196, 0.572505450226984]","[0.381942, -0.014124999999999999, 0.572507]"
1359,return,67.950000,67.950923,0.000262,0.050059,2026-09-25T17:07:53.717742+00:00,2026-09-25T17:07:53.718385+00:00,0.000662,1790356073.714309,1790356073.712883,0,0,0,0.000070,0.000031,"[0.01734857276482363, -0.5785068338660405, 0.027907814739389327, -0.2996904858599463, 0.01085594794740473, 0.20552997271485224, -0.47333329314086225]","[0.017278759594743863, -0.5784893805735206, 0.027890361446869388, -0.2996730325674264, 0.010838494654884786, 0.20552997271485224, -0.47331583984834225]","[0.38196024084557206, -0.014100559996957196, 0.572505450226984]","[0.381942, -0.014124999999999999, 0.572507]"
1360,return,68.000000,68.000948,0.000269,0.050024,2026-09-25T17:07:53.767748+00:00,2026-09-25T17:07:53.768411+00:00,0.000679,1790356073.764786,1790356073.751502,0,1,0,0.000052,0.000027,"[0.01734857276482363, -0.5785068338660405, 0.027907814739389327, -0.2996904858599463, 0.01085594794740473, 0.20552997271485224, -0.47333329314086225]","[0.017296212887263806, -0.5784893805735206, 0.027890361446869388, -0.2996730325674264, 0.010838494654884786, 0.20552997271485224, -0.47331583984834225]","[0.38196024084557206, -0.014100559996957196, 0.572505450226984]","[0.381943, -0.014121, 0.572507]"
1361,return,68.050000,68.051332,0.000223,0.050385,2026-09-25T17:07:53.817703+00:00,2026-09-25T17:07:53.818795+00:00,0.001109,1790356073.815489,1790356073.809360,0,0,0,0.000052,0.000027,"[0.01734857276482363, -0.5785068338660405, 0.027907814739389324, -0.2996904858599463, 0.01085594794740473, 0.20552997271485224, -0.47333329314086225]","[0.017296212887263806, -0.5784893805735206, 0.027890361446869388, -0.2996730325674264, 0.010838494654884786, 0.20552997271485224, -0.47331583984834225]","[0.38196024084557206, -0.014100559996957196, 0.572505450226984]","[0.381943, -0.014121, 0.572507]"
1362,return,68.100000,68.100761,0.000240,0.049428,2026-09-25T17:07:53.867721+00:00,2026-09-25T17:07:53.868221+00:00,0.000521,1790356073.863126,1790356073.849300,0,1,0,0.000017,0.000027,"[0.01734857276482363, -0.5785068338660405, 0.027907814739389327, -0.2996904858599463, 0.01085594794740473, 0.20552997271485224, -0.47333329314086225]","[0.017348572764823635, -0.5784893805735206, 0.027890361446869388, -0.2996730325674264, 0.010838494654884786, 0.20552997271485224, -0.47331583984834225]","[0.38196024084557206, -0.014100559996957196, 0.572505450226984]","[0.381943, -0.014121, 0.572507]"
1363,return,68.150000,68.150849,0.000162,0.050088,2026-09-25T17:07:53.917639+00:00,2026-09-25T17:07:53.918310+00:00,0.000687,1790356073.915344,1790356073.909426,0,0,0,0.000017,0.000018,"[0.01734857276482363, -0.5785068338660405, 0.027907814739389327, -0.2996904858599463, 0.010855947947404729, 0.20552997271485224, -0.47333329314086225]","[0.017348572764823635, -0.5784893805735206, 0.027890361446869388, -0.2996730325674264, 0.010838494654884786, 0.20552997271485224, -0.47331583984834225]","[0.38196024084557206, -0.014100559996957196, 0.572505450226984]","[0.381943, -0.014097, 0.572507]"
1364,return,68.200000,68.200457,0.000144,0.049608,2026-09-25T17:07:53.967620+00:00,2026-09-25T17:07:53.967917+00:00,0.000313,1790356073.964101,1790356073.948859,0,1,0,0.000017,0.000018,"[0.01734857276482363, -0.5785068338660405, 0.02790781473938933, -0.2996904858599463, 0.01085594794740473, 0.20552997271485224, -0.47333329314086225]","[0.017348572764823635, -0.5784893805735206, 0.027890361446869388, -0.2996730325674264, 0.010838494654884786, 0.20552997271485224, -0.47331583984834225]","[0.38196024084557206, -0.014100559996957196, 0.572505450226984]","[0.381943, -0.014097, 0.572507]"
1365,return,68.250000,68.250305,0.000110,0.049849,2026-09-25T17:07:54.017579+00:00,2026-09-25T17:07:54.017765+00:00,0.000196,1790356074.014647,1790356074.009048,0,0,0,0.000017,0.000018,"[0.01734857276482363, -0.5785068338660405, 0.027907814739389324, -0.2996904858599463, 0.01085594794740473, 0.20552997271485224, -0.47333329314086225]","[0.017348572764823635, -0.5784893805735206, 0.027890361446869388, -0.2996730325674264, 0.010838494654884786, 0.20552997271485224, -0.47331583984834225]","[0.38196024084557206, -0.014100559996957196, 0.572505450226984]","[0.381943, -0.014097, 0.572507]"
1366,return,68.300000,68.301554,0.000339,0.051249,2026-09-25T17:07:54.067819+00:00,2026-09-25T17:07:54.069018+00:00,0.001216,1790356074.064231,1790356074.050438,0,1,0,0.000017,0.000018,"[0.01734857276482363, -0.5785068338660405, 0.027907814739389327, -0.2996904858599463, 0.010855947947404729, 0.20552997271485224, -0.47333329314086225]","[0.017348572764823635, -0.5784893805735206, 0.027890361446869388, -0.2996730325674264, 0.010838494654884786, 0.20552997271485224, -0.47331583984834225]","[0.38196024084557206, -0.014100559996957196, 0.572505450226984]","[0.381943, -0.014097, 0.572507]"
1367,return,68.350000,68.350511,0.000164,0.048957,2026-09-25T17:07:54.117643+00:00,2026-09-25T17:07:54.117972+00:00,0.000347,1790356074.115782,1790356074.109825,0,0,0,0.000017,0.000018,"[0.01734857276482363, -0.5785068338660405, 0.027907814739389327, -0.2996904858599463, 0.01085594794740473, 0.20552997271485224, -0.47333329314086225]","[0.017348572764823635, -0.5784893805735206, 0.027890361446869388, -0.2996730325674264, 0.010838494654884786, 0.20552997271485224, -0.47331583984834225]","[0.38196024084557206, -0.014100559996957196, 0.572505450226984]","[0.381943, -0.014097, 0.572507]"
1368,return,68.400000,68.401205,0.000195,0.050694,2026-09-25T17:07:54.167674+00:00,2026-09-25T17:07:54.168669+00:00,0.001011,1790356074.163919,1790356074.149238,0,1,0,0.000017,0.000018,"[0.01734857276482363, -0.5785068338660405, 0.027907814739389327, -0.2996904858599463, 0.01085594794740473, 0.20552997271485224, -0.47333329314086225]","[0.017348572764823635, -0.5784893805735206, 0.027890361446869388, -0.2996730325674264, 0.010838494654884786, 0.20552997271485224, -0.47331583984834225]","[0.38196024084557206, -0.014100559996957196, 0.572505450226984]","[0.381943, -0.014097, 0.572507]"
1369,return,68.450000,68.451530,0.000201,0.050324,2026-09-25T17:07:54.217682+00:00,2026-09-25T17:07:54.218993+00:00,0.001328,1790356074.214565,1790356074.209006,0,0,0,0.000017,0.000018,"[0.01734857276482363, -0.5785068338660405, 0.027907814739389327, -0.2996904858599463, 0.01085594794740473, 0.20552997271485224, -0.47333329314086225]","[0.017348572764823635, -0.5784893805735206, 0.027890361446869388, -0.2996730325674264, 0.010838494654884786, 0.20552997271485224, -0.47331583984834225]","[0.38196024084557206, -0.014100559996957196, 0.572505450226984]","[0.381943, -0.014097, 0.572507]"
1370,return,68.500000,68.501325,0.000529,0.049795,2026-09-25T17:07:54.268009+00:00,2026-09-25T17:07:54.268787+00:00,0.000796,1790356074.263899,1790356074.249999,0,1,0,0.000017,0.000018,"[0.01734857276482363, -0.5785068338660405, 0.027907814739389327, -0.2996904858599463, 0.010855947947404732, 0.20552997271485224, -0.47333329314086225]","[0.017348572764823635, -0.5784893805735206, 0.027890361446869388, -0.2996730325674264, 0.010838494654884786, 0.20552997271485224, -0.47331583984834225]","[0.38196024084557206, -0.014100559996957196, 0.572505450226984]","[0.381943, -0.014097, 0.572507]"
1371,return,68.550000,68.551003,0.000211,0.049678,2026-09-25T17:07:54.317692+00:00,2026-09-25T17:07:54.318466+00:00,0.000792,1790356074.312822,1790356074.308823,0,0,0,0.000017,0.000018,"[0.01734857276482363, -0.5785068338660405, 0.027907814739389324, -0.2996904858599463, 0.01085594794740473, 0.2055299727148522, -0.4733332931408622]","[0.017348572764823635, -0.5784893805735206, 0.027890361446869388, -0.2996730325674264, 0.010838494654884786, 0.20552997271485224, -0.47331583984834225]","[0.38196024084557206, -0.014100559996957196, 0.572505450226984]","[0.381943, -0.014097, 0.572507]"
1372,return,68.600000,68.601660,0.000270,0.050657,2026-09-25T17:07:54.367752+00:00,2026-09-25T17:07:54.369123+00:00,0.001390,1790356074.364017,1790356074.350911,0,1,0,0.000017,0.000018,"[0.01734857276482363, -0.5785068338660405, 0.027907814739389327, -0.2996904858599463, 0.01085594794740473, 0.20552997271485224, -0.47333329314086225]","[0.017348572764823635, -0.5784893805735206, 0.027890361446869388, -0.2996730325674264, 0.010838494654884786, 0.20552997271485224, -0.47331583984834225]","[0.38196024084557206, -0.014100559996957196, 0.572505450226984]","[0.381943, -0.014097, 0.572507]"
1373,return,68.650000,68.652018,0.000549,0.050358,2026-09-25T17:07:54.418024+00:00,2026-09-25T17:07:54.419485+00:00,0.001469,1790356074.415480,1790356074.410652,0,0,0,0.000017,0.000018,"[0.01734857276482363, -0.5785068338660405, 0.02790781473938933, -0.2996904858599463, 0.01085594794740473, 0.20552997271485224, -0.47333329314086225]","[0.017348572764823635, -0.5784893805735206, 0.027890361446869388, -0.2996730325674264, 0.010838494654884786, 0.20552997271485224, -0.47331583984834225]","[0.38196024084557206, -0.014100559996957196, 0.572505450226984]","[0.381943, -0.014097, 0.572507]"
1374,return,68.700000,68.701618,0.000334,0.049600,2026-09-25T17:07:54.467812+00:00,2026-09-25T17:07:54.469081+00:00,0.001284,1790356074.464268,1790356074.449271,0,1,0,0.000017,0.000018,"[0.01734857276482363, -0.5785068338660405, 0.027907814739389324, -0.2996904858599463, 0.01085594794740473, 0.20552997271485224, -0.47333329314086225]","[0.017348572764823635, -0.5784893805735206, 0.027890361446869388, -0.2996730325674264, 0.010838494654884786, 0.20552997271485224, -0.47331583984834225]","[0.38196024084557206, -0.014100559996957196, 0.572505450226984]","[0.381943, -0.014097, 0.572507]"
1375,return,68.750000,68.750352,0.000110,0.048733,2026-09-25T17:07:54.517579+00:00,2026-09-25T17:07:54.517811+00:00,0.000242,1790356074.517132,1790356074.510138,0,0,0,0.000017,0.000018,"[0.01734857276482363, -0.5785068338660405, 0.027907814739389327, -0.2996904858599463, 0.01085594794740473, 0.2055299727148522, -0.47333329314086225]","[0.017348572764823635, -0.5784893805735206, 0.027890361446869388, -0.2996730325674264, 0.010838494654884786, 0.20552997271485224, -0.47331583984834225]","[0.38196024084557206, -0.014100559996957196, 0.572505450226984]","[0.381943, -0.014097, 0.572507]"
1376,return,68.800000,68.800642,0.000217,0.050291,2026-09-25T17:07:54.567689+00:00,2026-09-25T17:07:54.568102+00:00,0.000425,1790356074.564450,1790356074.549733,0,1,0,0.000052,0.000016,"[0.01734857276482363, -0.5785068338660405, 0.027907814739389327, -0.2996904858599463, 0.010855947947404732, 0.20552997271485224, -0.47333329314086225]","[0.017348572764823635, -0.5784893805735206, 0.027890361446869388, -0.2996730325674264, 0.01090830782496456, 0.20552997271485224, -0.47331583984834225]","[0.38196024084557206, -0.014100559996957196, 0.572505450226984]","[0.381945, -0.014097, 0.572506]"
1377,return,68.850000,68.851743,0.000253,0.051101,2026-09-25T17:07:54.617733+00:00,2026-09-25T17:07:54.619206+00:00,0.001490,1790356074.616387,1790356074.611348,0,0,0,0.000052,0.000016,"[0.01734857276482363, -0.5785068338660405, 0.027907814739389327, -0.2996904858599463, 0.01085594794740473, 0.20552997271485224, -0.47333329314086225]","[0.017348572764823635, -0.5784893805735206, 0.027890361446869388, -0.2996730325674264, 0.01090830782496456, 0.20552997271485224, -0.47331583984834225]","[0.38196024084557206, -0.014100559996957196, 0.572505450226984]","[0.381945, -0.014097, 0.572506]"
1378,return,68.900000,68.900739,0.000191,0.048995,2026-09-25T17:07:54.667670+00:00,2026-09-25T17:07:54.668201+00:00,0.000547,1790356074.664795,1790356074.649671,0,1,0,0.000052,0.000016,"[0.01734857276482363, -0.5785068338660405, 0.027907814739389327, -0.2996904858599463, 0.01085594794740473, 0.20552997271485224, -0.47333329314086225]","[0.017348572764823635, -0.5784893805735206, 0.027890361446869388, -0.2996730325674264, 0.01090830782496456, 0.20552997271485224, -0.47331583984834225]","[0.38196024084557206, -0.014100559996957196, 0.572505450226984]","[0.381945, -0.014097, 0.572506]"
1379,return,68.950000,68.951068,0.000197,0.050329,2026-09-25T17:07:54.717676+00:00,2026-09-25T17:07:54.718531+00:00,0.000871,1790356074.715504,1790356074.708807,0,0,0,0.000052,0.000016,"[0.01734857276482363, -0.5785068338660404, 0.027907814739389327, -0.2996904858599463, 0.01085594794740473, 0.2055299727148522, -0.4733332931408622]","[0.017348572764823635, -0.5784893805735206, 0.027890361446869388, -0.2996730325674264, 0.01090830782496456, 0.20552997271485224, -0.47331583984834225]","[0.3819602408455718, -0.0141005599969572, 0.5725054502269842]","[0.381945, -0.014097, 0.572506]"
1380,return,69.000000,69.001319,0.000300,0.050251,2026-09-25T17:07:54.767780+00:00,2026-09-25T17:07:54.768781+00:00,0.001019,1790356074.764493,1790356074.750252,0,1,0,0.000052,0.000016,"[0.01734857276482363, -0.5785068338660405, 0.027907814739389327, -0.2996904858599463, 0.01085594794740473, 0.20552997271485224, -0.47333329314086225]","[0.017348572764823635, -0.5784893805735206, 0.027890361446869388, -0.2996730325674264, 0.01090830782496456, 0.20552997271485224, -0.47331583984834225]","[0.38196024084557206, -0.014100559996957196, 0.572505450226984]","[0.381945, -0.014097, 0.572506]"
1381,return,69.050000,69.051599,0.000353,0.050280,2026-09-25T17:07:54.817835+00:00,2026-09-25T17:07:54.819061+00:00,0.001246,1790356074.815346,1790356074.808681,0,0,0,0.000052,0.000016,"[0.01734857276482363, -0.5785068338660405, 0.027907814739389327, -0.2996904858599463, 0.01085594794740473, 0.20552997271485224, -0.47333329314086225]","[0.017348572764823635, -0.5784893805735206, 0.027890361446869388, -0.2996730325674264, 0.01090830782496456, 0.20552997271485224, -0.47331583984834225]","[0.38196024084557206, -0.014100559996957196, 0.572505450226984]","[0.381945, -0.014097, 0.572506]"
1382,return,69.100000,69.101219,0.000213,0.049620,2026-09-25T17:07:54.867693+00:00,2026-09-25T17:07:54.868682+00:00,0.001007,1790356074.864068,1790356074.849673,0,1,0,0.000052,0.000016,"[0.01734857276482363, -0.5785068338660405, 0.027907814739389327, -0.2996904858599463, 0.01085594794740473, 0.20552997271485224, -0.47333329314086225]","[0.017348572764823635, -0.5784893805735206, 0.027890361446869388, -0.2996730325674264, 0.01090830782496456, 0.20552997271485224, -0.47331583984834225]","[0.38196024084557206, -0.014100559996957196, 0.572505450226984]","[0.381945, -0.014097, 0.572506]"
1383,return,69.150000,69.152604,0.000222,0.051385,2026-09-25T17:07:54.917703+00:00,2026-09-25T17:07:54.920067+00:00,0.002382,1790356074.914617,1790356074.909660,0,0,0,0.000052,0.000016,"[0.01734857276482363, -0.5785068338660405, 0.027907814739389327, -0.2996904858599463, 0.010855947947404729, 0.20552997271485224, -0.47333329314086225]","[0.017348572764823635, -0.5784893805735206, 0.027890361446869388, -0.2996730325674264, 0.01090830782496456, 0.20552997271485224, -0.47331583984834225]","[0.38196024084557206, -0.014100559996957196, 0.572505450226984]","[0.381945, -0.014097, 0.572506]"
1384,return,69.200000,69.200847,0.000348,0.048243,2026-09-25T17:07:54.967829+00:00,2026-09-25T17:07:54.968309+00:00,0.000499,1790356074.964045,1790356074.949073,0,1,0,0.000052,0.000016,"[0.01734857276482363, -0.5785068338660405, 0.027907814739389327, -0.2996904858599463, 0.01085594794740473, 0.20552997271485224, -0.4733332931408622]","[0.017348572764823635, -0.5784893805735206, 0.027890361446869388, -0.2996730325674264, 0.01090830782496456, 0.20552997271485224, -0.47331583984834225]","[0.38196024084557206, -0.014100559996957196, 0.572505450226984]","[0.381945, -0.014097, 0.572506]"
1385,return,69.250000,69.251517,0.000361,0.050669,2026-09-25T17:07:55.017843+00:00,2026-09-25T17:07:55.018980+00:00,0.001155,1790356075.014155,1790356075.008554,0,0,0,0.000052,0.000016,"[0.01734857276482363, -0.5785068338660405, 0.027907814739389327, -0.2996904858599463, 0.01085594794740473, 0.20552997271485224, -0.47333329314086225]","[0.017348572764823635, -0.5784893805735206, 0.027890361446869388, -0.2996730325674264, 0.01090830782496456, 0.20552997271485224, -0.47331583984834225]","[0.38196024084557206, -0.014100559996957196, 0.572505450226984]","[0.381945, -0.014097, 0.572506]"
1386,return,69.300000,69.301890,0.000272,0.050374,2026-09-25T17:07:55.067755+00:00,2026-09-25T17:07:55.069354+00:00,0.001618,1790356075.063734,1790356075.050585,0,1,0,0.000052,0.000016,"[0.01734857276482363, -0.5785068338660405, 0.027907814739389324, -0.2996904858599463, 0.01085594794740473, 0.20552997271485224, -0.47333329314086225]","[0.017348572764823635, -0.5784893805735206, 0.027890361446869388, -0.2996730325674264, 0.01090830782496456, 0.20552997271485224, -0.47331583984834225]","[0.38196024084557206, -0.014100559996957196, 0.572505450226984]","[0.381945, -0.014097, 0.572506]"
1387,return,69.350000,69.351009,0.000204,0.049119,2026-09-25T17:07:55.117685+00:00,2026-09-25T17:07:55.118472+00:00,0.000805,1790356075.114378,1790356075.110379,0,0,0,0.000052,0.000016,"[0.01734857276482363, -0.5785068338660405, 0.027907814739389324, -0.2996904858599463, 0.01085594794740473, 0.20552997271485224, -0.47333329314086225]","[0.017348572764823635, -0.5784893805735206, 0.027890361446869388, -0.2996730325674264, 0.01090830782496456, 0.20552997271485224, -0.47331583984834225]","[0.38196024084557206, -0.014100559996957196, 0.572505450226984]","[0.381945, -0.014097, 0.572506]"
1388,return,69.400000,69.400725,0.000241,0.049716,2026-09-25T17:07:55.167717+00:00,2026-09-25T17:07:55.168186+00:00,0.000484,1790356075.163253,1790356075.148371,0,1,0,0.000052,0.000016,"[0.01734857276482363, -0.5785068338660405, 0.027907814739389327, -0.2996904858599463, 0.010855947947404729, 0.20552997271485224, -0.47333329314086225]","[0.017348572764823635, -0.5784893805735206, 0.027890361446869388, -0.2996730325674264, 0.01090830782496456, 0.20552997271485224, -0.47331583984834225]","[0.38196024084557206, -0.014100559996957196, 0.572505450226984]","[0.381945, -0.014097, 0.572506]"
1389,return,69.450000,69.450672,0.000202,0.049946,2026-09-25T17:07:55.217679+00:00,2026-09-25T17:07:55.218132+00:00,0.000469,1790356075.214156,1790356075.210243,0,0,0,0.000052,0.000016,"[0.01734857276482363, -0.5785068338660405, 0.027907814739389327, -0.2996904858599463, 0.01085594794740473, 0.20552997271485224, -0.47333329314086225]","[0.017348572764823635, -0.5784893805735206, 0.027890361446869388, -0.2996730325674264, 0.01090830782496456, 0.20552997271485224, -0.47331583984834225]","[0.38196024084557206, -0.014100559996957196, 0.572505450226984]","[0.381945, -0.014097, 0.572506]"
1390,return,69.500000,69.500828,0.000239,0.050157,2026-09-25T17:07:55.267719+00:00,2026-09-25T17:07:55.268290+00:00,0.000589,1790356075.264146,1790356075.249416,0,0,0,0.000052,0.000016,"[0.01734857276482363, -0.5785068338660405, 0.027907814739389327, -0.2996904858599463, 0.01085594794740473, 0.20552997271485224, -0.47333329314086225]","[0.017348572764823635, -0.5784893805735206, 0.027890361446869388, -0.2996730325674264, 0.01090830782496456, 0.20552997271485224, -0.47331583984834225]","[0.38196024084557206, -0.014100559996957196, 0.572505450226984]","[0.381945, -0.014097, 0.572506]"
1391,return,69.550000,69.550625,0.000237,0.049797,2026-09-25T17:07:55.317715+00:00,2026-09-25T17:07:55.318086+00:00,0.000387,1790356075.313822,1790356075.308535,0,0,0,0.000052,0.000024,"[0.01734857276482363, -0.5785068338660405, 0.027907814739389327, -0.2996904858599463, 0.01085594794740473, 0.20552997271485224, -0.47333329314086225]","[0.017296212887263806, -0.5784893805735206, 0.027890361446869388, -0.2996730325674264, 0.01090830782496456, 0.20552997271485224, -0.47331583984834225]","[0.38196024084557206, -0.014100559996957196, 0.572505450226984]","[0.381944, -0.014117999999999999, 0.572506]"
1392,return,69.600000,69.601083,0.000377,0.050458,2026-09-25T17:07:55.367868+00:00,2026-09-25T17:07:55.368544+00:00,0.000706,1790356075.363812,1790356075.348605,0,0,0,0.000052,0.000024,"[0.017348572764823635, -0.5785068338660406, 0.02790781473938933, -0.29969048585994634, 0.01085594794740473, 0.20552997271485224, -0.4733332931408623]","[0.017296212887263806, -0.5784893805735206, 0.027890361446869388, -0.2996730325674264, 0.01090830782496456, 0.20552997271485224, -0.47331583984834225]","[0.3819602408455722, -0.014100559996957189, 0.5725054502269838]","[0.381944, -0.014117999999999999, 0.572506]"
1393,return,69.650000,69.651253,0.000262,0.050170,2026-09-25T17:07:55.417742+00:00,2026-09-25T17:07:55.418716+00:00,0.000991,1790356075.413715,1790356075.409662,0,0,0,0.000052,0.000024,"[0.01734857276482363, -0.5785068338660405, 0.027907814739389327, -0.2996904858599463, 0.01085594794740473, 0.20552997271485224, -0.47333329314086225]","[0.017296212887263806, -0.5784893805735206, 0.027890361446869388, -0.2996730325674264, 0.01090830782496456, 0.20552997271485224, -0.47331583984834225]","[0.38196024084557206, -0.014100559996957196, 0.572505450226984]","[0.381944, -0.014117999999999999, 0.572506]"
1394,return,69.700000,69.700819,0.000268,0.049566,2026-09-25T17:07:55.467742+00:00,2026-09-25T17:07:55.468279+00:00,0.000551,1790356075.463791,1790356075.449505,0,0,0,0.000052,0.000024,"[0.01734857276482363, -0.5785068338660405, 0.027907814739389327, -0.2996904858599463, 0.010855947947404732, 0.20552997271485224, -0.47333329314086225]","[0.017296212887263806, -0.5784893805735206, 0.027890361446869388, -0.2996730325674264, 0.01090830782496456, 0.20552997271485224, -0.47331583984834225]","[0.38196024084557206, -0.014100559996957196, 0.572505450226984]","[0.381944, -0.014117999999999999, 0.572506]"
1395,return,69.750000,69.750992,0.000635,0.050173,2026-09-25T17:07:55.518114+00:00,2026-09-25T17:07:55.518453+00:00,0.000357,1790356075.513641,1790356075.508621,0,0,0,0.000052,0.000024,"[0.01734857276482363, -0.5785068338660405, 0.02790781473938933, -0.2996904858599463, 0.01085594794740473, 0.20552997271485224, -0.47333329314086225]","[0.017296212887263806, -0.5784893805735206, 0.027890361446869388, -0.2996730325674264, 0.01090830782496456, 0.20552997271485224, -0.47331583984834225]","[0.38196024084557206, -0.014100559996957196, 0.572505450226984]","[0.381944, -0.014117999999999999, 0.572506]"
1396,return,69.800000,69.800609,0.000156,0.049618,2026-09-25T17:07:55.567633+00:00,2026-09-25T17:07:55.568070+00:00,0.000453,1790356075.563687,1790356075.548634,0,0,0,0.000052,0.000024,"[0.01734857276482363, -0.5785068338660405, 0.027907814739389327, -0.2996904858599463, 0.01085594794740473, 0.20552997271485224, -0.47333329314086225]","[0.017296212887263806, -0.5784893805735206, 0.027890361446869388, -0.2996730325674264, 0.01090830782496456, 0.20552997271485224, -0.47331583984834225]","[0.38196024084557206, -0.014100559996957196, 0.572505450226984]","[0.381944, -0.014117999999999999, 0.572506]"
1397,return,69.850000,69.850718,0.000191,0.050108,2026-09-25T17:07:55.617669+00:00,2026-09-25T17:07:55.618179+00:00,0.000527,1790356075.613572,1790356075.608516,0,0,0,0.000052,0.000025,"[0.01734857276482363, -0.5785068338660405, 0.027907814739389327, -0.2996904858599463, 0.01085594794740473, 0.20552997271485224, -0.47333329314086225]","[0.017296212887263806, -0.5784893805735206, 0.027890361446869388, -0.2996730325674264, 0.0108035880698449, 0.20552997271485224, -0.47331583984834225]","[0.38196024084557206, -0.014100559996957196, 0.572505450226984]","[0.381942, -0.014117999999999999, 0.572508]"
1398,return,69.900000,69.901147,0.000159,0.050429,2026-09-25T17:07:55.667636+00:00,2026-09-25T17:07:55.668610+00:00,0.000988,1790356075.663610,1790356075.649927,0,0,0,0.000052,0.000025,"[0.01734857276482363, -0.5785068338660405, 0.027907814739389327, -0.2996904858599463, 0.01085594794740473, 0.20552997271485224, -0.47333329314086225]","[0.017296212887263806, -0.5784893805735206, 0.027890361446869388, -0.2996730325674264, 0.0108035880698449, 0.20552997271485224, -0.47331583984834225]","[0.38196024084557206, -0.014100559996957196, 0.572505450226984]","[0.381942, -0.014117999999999999, 0.572508]"
1399,return,69.950000,69.950514,0.000156,0.049367,2026-09-25T17:07:55.717634+00:00,2026-09-25T17:07:55.717975+00:00,0.000358,1790356075.713653,1790356075.710406,0,1,0,0.000052,0.000025,"[0.01734857276482363, -0.5785068338660405, 0.027907814739389327, -0.2996904858599463, 0.010855947947404729, 0.20552997271485224, -0.47333329314086225]","[0.017296212887263806, -0.5784893805735206, 0.027890361446869388, -0.2996730325674264, 0.0108035880698449, 0.20552997271485224, -0.47331583984834225]","[0.38196024084557206, -0.014100559996957196, 0.572505450226984]","[0.381942, -0.014117999999999999, 0.572508]"
1400,return,70.000000,70.002105,0.000221,0.051591,2026-09-25T17:07:55.767700+00:00,2026-09-25T17:07:55.769568+00:00,0.001884,1790356075.764149,1790356075.748485,0,0,0,0.000052,0.000025,"[0.01734857276482363, -0.5785068338660405, 0.027907814739389327, -0.2996904858599463, 0.01085594794740473, 0.20552997271485224, -0.47333329314086225]","[0.017366026057343577, -0.5784893805735206, 0.027890361446869388, -0.2996730325674264, 0.0108035880698449, 0.20552997271485224, -0.47331583984834225]","[0.38196024084557206, -0.014100559996957196, 0.572505450226984]","[0.381942, -0.014117999999999999, 0.572508]"
1401,return,70.050000,70.051548,0.000179,0.049443,2026-09-25T17:07:55.817657+00:00,2026-09-25T17:07:55.819010+00:00,0.001368,1790356075.814277,1790356075.810034,0,1,0,0.000052,0.000018,"[0.017348572764823628, -0.5785068338660404, 0.027907814739389327, -0.29969048585994623, 0.01085594794740473, 0.20552997271485224, -0.4733332931408622]","[0.017366026057343577, -0.5784893805735206, 0.027890361446869388, -0.2996730325674264, 0.0108035880698449, 0.20552997271485224, -0.47331583984834225]","[0.3819602408455718, -0.014100559996957203, 0.5725054502269842]","[0.381943, -0.014095, 0.572508]"
1402,return,70.100000,70.100530,0.000213,0.048982,2026-09-25T17:07:55.867689+00:00,2026-09-25T17:07:55.867990+00:00,0.000316,1790356075.864497,1790356075.849504,0,0,0,0.000017,0.000018,"[0.01734857276482363, -0.5785068338660405, 0.027907814739389327, -0.2996904858599463, 0.01085594794740473, 0.20552997271485224, -0.47333329314086225]","[0.017366026057343577, -0.5784893805735206, 0.027890361446869388, -0.2996730325674264, 0.010838494654884786, 0.20552997271485224, -0.47331583984834225]","[0.38196024084557206, -0.014100559996957196, 0.572505450226984]","[0.381943, -0.014095, 0.572507]"
1403,return,70.150000,70.151323,0.000196,0.050793,2026-09-25T17:07:55.917675+00:00,2026-09-25T17:07:55.918786+00:00,0.001126,1790356075.914453,1790356075.909493,0,1,0,0.000017,0.000018,"[0.01734857276482363, -0.5785068338660405, 0.027907814739389327, -0.2996904858599463, 0.01085594794740473, 0.20552997271485224, -0.47333329314086225]","[0.017366026057343577, -0.5784893805735206, 0.027890361446869388, -0.2996730325674264, 0.010838494654884786, 0.20552997271485224, -0.47331583984834225]","[0.38196024084557206, -0.014100559996957196, 0.572505450226984]","[0.381943, -0.014095, 0.572507]"
1404,return,70.200000,70.201684,0.000272,0.050362,2026-09-25T17:07:55.967752+00:00,2026-09-25T17:07:55.969147+00:00,0.001413,1790356075.964731,1790356075.948248,0,0,0,0.000017,0.000018,"[0.01734857276482363, -0.5785068338660405, 0.027907814739389327, -0.2996904858599463, 0.01085594794740473, 0.20552997271485224, -0.47333329314086225]","[0.017366026057343577, -0.5784893805735206, 0.027890361446869388, -0.2996730325674264, 0.010838494654884786, 0.20552997271485224, -0.47331583984834225]","[0.38196024084557206, -0.014100559996957196, 0.572505450226984]","[0.381943, -0.014095, 0.572507]"
1405,return,70.250000,70.251067,0.000245,0.049383,2026-09-25T17:07:56.017727+00:00,2026-09-25T17:07:56.018530+00:00,0.000822,1790356076.013678,1790356076.008348,0,1,0,0.000017,0.000018,"[0.01734857276482363, -0.5785068338660405, 0.027907814739389324, -0.2996904858599463, 0.01085594794740473, 0.20552997271485224, -0.47333329314086225]","[0.017366026057343577, -0.5784893805735206, 0.027890361446869388, -0.2996730325674264, 0.010838494654884786, 0.20552997271485224, -0.47331583984834225]","[0.38196024084557206, -0.014100559996957196, 0.572505450226984]","[0.381943, -0.014095, 0.572507]"
1406,return,70.300000,70.300582,0.000227,0.049514,2026-09-25T17:07:56.067705+00:00,2026-09-25T17:07:56.068042+00:00,0.000354,1790356076.063668,1790356076.048531,0,0,0,0.000017,0.000018,"[0.01734857276482363, -0.5785068338660405, 0.027907814739389327, -0.2996904858599463, 0.01085594794740473, 0.20552997271485224, -0.47333329314086225]","[0.017366026057343577, -0.5784893805735206, 0.027890361446869388, -0.2996730325674264, 0.010838494654884786, 0.20552997271485224, -0.47331583984834225]","[0.38196024084557206, -0.014100559996957196, 0.572505450226984]","[0.381943, -0.014095, 0.572507]"
1407,return,70.350000,70.351237,0.000480,0.050655,2026-09-25T17:07:56.117961+00:00,2026-09-25T17:07:56.118699+00:00,0.000757,1790356076.113809,1790356076.108281,0,1,0,0.000017,0.000018,"[0.01734857276482363, -0.5785068338660405, 0.027907814739389327, -0.2996904858599463, 0.010855947947404729, 0.20552997271485224, -0.47333329314086225]","[0.017366026057343577, -0.5784893805735206, 0.027890361446869388, -0.2996730325674264, 0.010838494654884786, 0.20552997271485224, -0.47331583984834225]","[0.38196024084557206, -0.014100559996957196, 0.572505450226984]","[0.381943, -0.014095, 0.572507]"
1408,return,70.400000,70.401081,0.000294,0.049845,2026-09-25T17:07:56.167772+00:00,2026-09-25T17:07:56.168544+00:00,0.000787,1790356076.163441,1790356076.149273,0,0,0,0.000017,0.000018,"[0.01734857276482363, -0.5785068338660405, 0.02790781473938933, -0.2996904858599463, 0.01085594794740473, 0.20552997271485224, -0.47333329314086225]","[0.017366026057343577, -0.5784893805735206, 0.027890361446869388, -0.2996730325674264, 0.010838494654884786, 0.20552997271485224, -0.47331583984834225]","[0.38196024084557206, -0.014100559996957196, 0.572505450226984]","[0.381943, -0.014095, 0.572507]"
1409,return,70.450000,70.450927,0.000186,0.049845,2026-09-25T17:07:56.217665+00:00,2026-09-25T17:07:56.218388+00:00,0.000741,1790356076.213497,1790356076.209350,0,1,0,0.000087,0.000022,"[0.01734857276482363, -0.5785068338660405, 0.027907814739389324, -0.2996904858599463, 0.01085594794740473, 0.20552997271485224, -0.47333329314086225]","[0.017366026057343577, -0.5784893805735206, 0.027890361446869388, -0.29977775232254605, 0.010838494654884786, 0.20552997271485224, -0.47331583984834225]","[0.38196024084557206, -0.014100559996957196, 0.572505450226984]","[0.38196199999999997, -0.014093999999999999, 0.572485]"
1410,return,70.500000,70.501488,0.000244,0.050561,2026-09-25T17:07:56.267723+00:00,2026-09-25T17:07:56.268950+00:00,0.001244,1790356076.263626,1790356076.248295,0,0,0,0.000087,0.000022,"[0.01734857276482363, -0.5785068338660405, 0.027907814739389327, -0.2996904858599463, 0.010855947947404729, 0.20552997271485224, -0.47333329314086225]","[0.017366026057343577, -0.5784893805735206, 0.027890361446869388, -0.29977775232254605, 0.010838494654884786, 0.20552997271485224, -0.47331583984834225]","[0.38196024084557206, -0.014100559996957196, 0.572505450226984]","[0.38196199999999997, -0.014093999999999999, 0.572485]"
1411,return,70.550000,70.551842,0.000271,0.050354,2026-09-25T17:07:56.317760+00:00,2026-09-25T17:07:56.319304+00:00,0.001571,1790356076.313428,1790356076.309329,0,1,0,0.000087,0.000022,"[0.01734857276482363, -0.5785068338660405, 0.027907814739389327, -0.2996904858599463, 0.01085594794740473, 0.20552997271485224, -0.47333329314086225]","[0.017366026057343577, -0.5784893805735206, 0.027890361446869388, -0.29977775232254605, 0.010838494654884786, 0.20552997271485224, -0.47331583984834225]","[0.38196024084557206, -0.014100559996957196, 0.572505450226984]","[0.38196199999999997, -0.014093999999999999, 0.572485]"
1412,return,70.600000,70.601908,0.000338,0.050066,2026-09-25T17:07:56.367820+00:00,2026-09-25T17:07:56.369370+00:00,0.001570,1790356076.363877,1790356076.350009,0,0,0,0.000087,0.000022,"[0.01734857276482363, -0.5785068338660405, 0.027907814739389327, -0.2996904858599463, 0.010855947947404732, 0.20552997271485224, -0.47333329314086225]","[0.017366026057343577, -0.5784893805735206, 0.027890361446869388, -0.29977775232254605, 0.010838494654884786, 0.20552997271485224, -0.47331583984834225]","[0.38196024084557206, -0.014100559996957196, 0.572505450226984]","[0.38196199999999997, -0.014093999999999999, 0.572485]"
1413,return,70.650000,70.651536,0.000224,0.049628,2026-09-25T17:07:56.417706+00:00,2026-09-25T17:07:56.418998+00:00,0.001312,1790356076.413460,1790356076.408220,0,1,0,0.000087,0.000022,"[0.01734857276482363, -0.5785068338660405, 0.027907814739389327, -0.2996904858599463, 0.01085594794740473, 0.20552997271485224, -0.47333329314086225]","[0.017366026057343577, -0.5784893805735206, 0.027890361446869388, -0.29977775232254605, 0.010838494654884786, 0.20552997271485224, -0.47331583984834225]","[0.38196024084557206, -0.014100559996957196, 0.572505450226984]","[0.38196199999999997, -0.014093999999999999, 0.572485]"
1414,return,70.700000,70.702356,0.000511,0.050820,2026-09-25T17:07:56.467993+00:00,2026-09-25T17:07:56.469818+00:00,0.001845,1790356076.464340,1790356076.449479,0,0,0,0.000087,0.000022,"[0.01734857276482363, -0.5785068338660405, 0.027907814739389327, -0.2996904858599463, 0.010855947947404732, 0.20552997271485224, -0.47333329314086225]","[0.017366026057343577, -0.5784893805735206, 0.027890361446869388, -0.29977775232254605, 0.010838494654884786, 0.20552997271485224, -0.47331583984834225]","[0.38196024084557206, -0.014100559996957196, 0.572505450226984]","[0.38196199999999997, -0.014093999999999999, 0.572485]"
1415,return,70.750000,70.751872,0.000276,0.049517,2026-09-25T17:07:56.517759+00:00,2026-09-25T17:07:56.519334+00:00,0.001596,1790356076.513802,1790356076.510728,0,1,0,0.000087,0.000027,"[0.01734857276482363, -0.5785068338660405, 0.027907814739389327, -0.2996904858599463, 0.010855947947404732, 0.20552997271485227, -0.47333329314086225]","[0.017366026057343577, -0.5784893805735206, 0.02799508120198905, -0.29977775232254605, 0.010838494654884786, 0.20552997271485224, -0.47331583984834225]","[0.38196024084557206, -0.014100559996957196, 0.572505450226984]","[0.38196399999999997, -0.014084999999999999, 0.572484]"
1416,return,70.800000,70.802511,0.000280,0.050639,2026-09-25T17:07:56.567761+00:00,2026-09-25T17:07:56.569974+00:00,0.002232,1790356076.565079,1790356076.549234,0,0,0,0.000087,0.000027,"[0.01734857276482363, -0.5785068338660405, 0.027907814739389327, -0.2996904858599463, 0.01085594794740473, 0.20552997271485224, -0.47333329314086225]","[0.017366026057343577, -0.5784893805735206, 0.02799508120198905, -0.29977775232254605, 0.010838494654884786, 0.20552997271485224, -0.47331583984834225]","[0.38196024084557206, -0.014100559996957196, 0.572505450226984]","[0.38196399999999997, -0.014084999999999999, 0.572484]"
1417,return,70.850000,70.851053,0.000237,0.048542,2026-09-25T17:07:56.617721+00:00,2026-09-25T17:07:56.618516+00:00,0.000816,1790356076.614181,1790356076.609912,0,1,0,0.000087,0.000027,"[0.01734857276482363, -0.5785068338660405, 0.027907814739389324, -0.2996904858599463, 0.01085594794740473, 0.20552997271485224, -0.47333329314086225]","[0.017366026057343577, -0.5784893805735206, 0.02799508120198905, -0.29977775232254605, 0.010838494654884786, 0.20552997271485224, -0.47331583984834225]","[0.38196024084557206, -0.014100559996957196, 0.572505450226984]","[0.38196399999999997, -0.014084999999999999, 0.572484]"
1418,return,70.900000,70.901619,0.000327,0.050566,2026-09-25T17:07:56.667824+00:00,2026-09-25T17:07:56.669081+00:00,0.001291,1790356076.664299,1790356076.649259,0,0,0,0.000087,0.000027,"[0.01734857276482363, -0.5785068338660405, 0.027907814739389324, -0.2996904858599463, 0.01085594794740473, 0.20552997271485224, -0.47333329314086225]","[0.017366026057343577, -0.5784893805735206, 0.02799508120198905, -0.29977775232254605, 0.010838494654884786, 0.20552997271485224, -0.47331583984834225]","[0.38196024084557206, -0.014100559996957196, 0.572505450226984]","[0.38196399999999997, -0.014084999999999999, 0.572484]"
1419,return,70.950000,70.950511,0.000156,0.048893,2026-09-25T17:07:56.717635+00:00,2026-09-25T17:07:56.717972+00:00,0.000355,1790356076.713847,1790356076.709290,0,1,0,0.000087,0.000027,"[0.017348572764823628, -0.5785068338660405, 0.027907814739389327, -0.2996904858599463, 0.01085594794740473, 0.20552997271485224, -0.47333329314086225]","[0.017366026057343577, -0.5784893805735206, 0.02799508120198905, -0.29977775232254605, 0.010838494654884786, 0.20552997271485224, -0.47331583984834225]","[0.38196024084557206, -0.014100559996957198, 0.572505450226984]","[0.38196399999999997, -0.014084999999999999, 0.572484]"
1420,return,71.000000,71.000902,0.000308,0.050391,2026-09-25T17:07:56.767787+00:00,2026-09-25T17:07:56.768364+00:00,0.000595,1790356076.764880,1790356076.748317,0,0,0,0.000087,0.000027,"[0.01734857276482363, -0.5785068338660405, 0.027907814739389327, -0.2996904858599463, 0.01085594794740473, 0.20552997271485224, -0.47333329314086225]","[0.017366026057343577, -0.5784893805735206, 0.02799508120198905, -0.29977775232254605, 0.010838494654884786, 0.20552997271485224, -0.47331583984834225]","[0.38196024084557206, -0.014100559996957196, 0.572505450226984]","[0.38196399999999997, -0.014084999999999999, 0.572484]"
1421,return,71.050000,71.050970,0.000248,0.050068,2026-09-25T17:07:56.817729+00:00,2026-09-25T17:07:56.818432+00:00,0.000722,1790356076.814395,1790356076.811201,0,1,0,0.000087,0.000027,"[0.01734857276482363, -0.5785068338660405, 0.02790781473938933, -0.2996904858599463, 0.01085594794740473, 0.20552997271485224, -0.47333329314086225]","[0.01733111947230369, -0.5784893805735206, 0.02799508120198905, -0.29977775232254605, 0.010838494654884786, 0.20552997271485224, -0.47331583984834225]","[0.38196024084557206, -0.014100559996957196, 0.572505450226984]","[0.38196399999999997, -0.014084999999999999, 0.572484]"
1422,return,71.100000,71.101806,0.000366,0.050836,2026-09-25T17:07:56.867849+00:00,2026-09-25T17:07:56.869268+00:00,0.001440,1790356076.863860,1790356076.854656,0,0,0,0.000087,0.000022,"[0.01734857276482363, -0.5785068338660405, 0.027907814739389327, -0.2996904858599463, 0.01085594794740473, 0.20552997271485224, -0.47333329314086225]","[0.01731366617978375, -0.5784893805735206, 0.02799508120198905, -0.29977775232254605, 0.010838494654884786, 0.20552997271485224, -0.47331583984834225]","[0.38196024084557206, -0.014100559996957196, 0.572505450226984]","[0.381963, -0.014100999999999999, 0.572484]"
1423,return,71.150000,71.151170,0.000213,0.049364,2026-09-25T17:07:56.917694+00:00,2026-09-25T17:07:56.918632+00:00,0.000957,1790356076.914115,1790356076.913248,0,1,0,0.000087,0.000023,"[0.01734857276482363, -0.5785068338660405, 0.027907814739389327, -0.2996904858599463, 0.01085594794740473, 0.20552997271485224, -0.47333329314086225]","[0.01731366617978375, -0.5784893805735206, 0.027890361446869388, -0.29977775232254605, 0.010838494654884786, 0.20552997271485224, -0.47331583984834225]","[0.38196024084557206, -0.014100559996957196, 0.572505450226984]","[0.381961, -0.01411, 0.572485]"
1424,return,71.200000,71.201735,0.000209,0.050565,2026-09-25T17:07:56.967687+00:00,2026-09-25T17:07:56.969196+00:00,0.001526,1790356076.963636,1790356076.954344,0,0,0,0.000087,0.000023,"[0.01734857276482363, -0.5785068338660405, 0.027907814739389327, -0.2996904858599463, 0.01085594794740473, 0.20552997271485224, -0.47333329314086225]","[0.01731366617978375, -0.5784893805735206, 0.027890361446869388, -0.29977775232254605, 0.010838494654884786, 0.20552997271485224, -0.47331583984834225]","[0.38196024084557206, -0.014100559996957196, 0.572505450226984]","[0.381961, -0.01411, 0.572485]"
1425,return,71.250000,71.251675,0.000239,0.049940,2026-09-25T17:07:57.017718+00:00,2026-09-25T17:07:57.019137+00:00,0.001435,1790356077.014095,1790356077.013185,0,1,0,0.000087,0.000023,"[0.01734857276482363, -0.5785068338660406, 0.027907814739389327, -0.2996904858599463, 0.01085594794740473, 0.20552997271485224, -0.47333329314086225]","[0.01731366617978375, -0.5784893805735206, 0.027890361446869388, -0.29977775232254605, 0.010838494654884786, 0.20552997271485224, -0.47331583984834225]","[0.38196024084557206, -0.014100559996957196, 0.572505450226984]","[0.381961, -0.01411, 0.572485]"
1426,return,71.300000,71.301245,0.000200,0.049571,2026-09-25T17:07:57.067679+00:00,2026-09-25T17:07:57.068708+00:00,0.001045,1790356077.064260,1790356077.054906,0,0,0,0.000087,0.000023,"[0.01734857276482363, -0.5785068338660405, 0.027907814739389327, -0.2996904858599463, 0.01085594794740473, 0.20552997271485224, -0.47333329314086225]","[0.01731366617978375, -0.5784893805735206, 0.027890361446869388, -0.29977775232254605, 0.010838494654884786, 0.20552997271485224, -0.47331583984834225]","[0.38196024084557206, -0.014100559996957196, 0.572505450226984]","[0.381961, -0.01411, 0.572485]"
1427,return,71.350000,71.350832,0.000191,0.049587,2026-09-25T17:07:57.117668+00:00,2026-09-25T17:07:57.118293+00:00,0.000641,1790356077.114241,1790356077.113367,0,1,0,0.000087,0.000023,"[0.01734857276482363, -0.5785068338660405, 0.027907814739389327, -0.2996904858599463, 0.01085594794740473, 0.20552997271485224, -0.47333329314086225]","[0.01731366617978375, -0.5784893805735206, 0.027890361446869388, -0.29977775232254605, 0.010838494654884786, 0.20552997271485224, -0.473385653018422]","[0.38196024084557206, -0.014100559996957196, 0.572505450226984]","[0.381961, -0.01411, 0.572485]"
1428,return,71.400000,71.400774,0.000198,0.049942,2026-09-25T17:07:57.167675+00:00,2026-09-25T17:07:57.168237+00:00,0.000576,1790356077.164042,1790356077.154756,0,0,0,0.000087,0.000023,"[0.01734857276482363, -0.5785068338660405, 0.027907814739389327, -0.2996904858599463, 0.01085594794740473, 0.20552997271485224, -0.47333329314086225]","[0.01731366617978375, -0.5784893805735206, 0.027890361446869388, -0.29977775232254605, 0.010838494654884786, 0.20552997271485224, -0.473385653018422]","[0.38196024084557206, -0.014100559996957196, 0.572505450226984]","[0.381961, -0.01411, 0.572485]"
1429,return,71.450000,71.451507,0.000340,0.050733,2026-09-25T17:07:57.217818+00:00,2026-09-25T17:07:57.218969+00:00,0.001167,1790356077.214032,1790356077.214745,0,1,0,0.000087,0.000023,"[0.01734857276482363, -0.5785068338660405, 0.027907814739389327, -0.2996904858599463, 0.010855947947404729, 0.20552997271485224, -0.47333329314086225]","[0.01731366617978375, -0.5784893805735206, 0.027890361446869388, -0.29977775232254605, 0.010838494654884786, 0.20552997271485224, -0.473385653018422]","[0.38196024084557206, -0.014100559996957196, 0.572505450226984]","[0.381961, -0.01411, 0.572485]"
1430,return,71.500000,71.500432,0.000136,0.048925,2026-09-25T17:07:57.267608+00:00,2026-09-25T17:07:57.267892+00:00,0.000296,1790356077.264150,1790356077.253044,0,0,0,0.000087,0.000023,"[0.01734857276482363, -0.5785068338660405, 0.02790781473938933, -0.2996904858599463, 0.01085594794740473, 0.20552997271485224, -0.47333329314086225]","[0.01731366617978375, -0.5784893805735206, 0.027890361446869388, -0.29977775232254605, 0.010838494654884786, 0.20552997271485224, -0.473385653018422]","[0.38196024084557206, -0.014100559996957196, 0.572505450226984]","[0.381961, -0.01411, 0.572485]"
1431,return,71.550000,71.551860,0.000218,0.051428,2026-09-25T17:07:57.317699+00:00,2026-09-25T17:07:57.319323+00:00,0.001642,1790356077.314292,1790356077.313249,0,1,0,0.000087,0.000023,"[0.01734857276482363, -0.5785068338660405, 0.027907814739389324, -0.2996904858599463, 0.01085594794740473, 0.20552997271485224, -0.47333329314086225]","[0.01731366617978375, -0.5784893805735206, 0.027890361446869388, -0.29977775232254605, 0.010838494654884786, 0.20552997271485224, -0.473385653018422]","[0.38196024084557206, -0.014100559996957196, 0.572505450226984]","[0.381961, -0.01411, 0.572485]"
1432,return,71.600000,71.601183,0.000290,0.049323,2026-09-25T17:07:57.367772+00:00,2026-09-25T17:07:57.368646+00:00,0.000893,1790356077.363239,1790356077.353028,0,0,0,0.000087,0.000023,"[0.01734857276482363, -0.5785068338660405, 0.027907814739389324, -0.2996904858599463, 0.01085594794740473, 0.20552997271485224, -0.47333329314086225]","[0.01731366617978375, -0.5784893805735206, 0.027890361446869388, -0.29977775232254605, 0.010838494654884786, 0.20552997271485224, -0.473385653018422]","[0.38196024084557206, -0.014100559996957196, 0.572505450226984]","[0.381961, -0.01411, 0.572485]"
1433,return,71.650000,71.651761,0.000216,0.050578,2026-09-25T17:07:57.417697+00:00,2026-09-25T17:07:57.419224+00:00,0.001545,1790356077.413862,1790356077.412948,0,1,0,0.000087,0.000023,"[0.01734857276482363, -0.5785068338660405, 0.027907814739389327, -0.2996904858599463, 0.01085594794740473, 0.20552997271485224, -0.47333329314086225]","[0.01731366617978375, -0.5784893805735206, 0.027890361446869388, -0.29977775232254605, 0.010838494654884786, 0.20552997271485224, -0.473385653018422]","[0.38196024084557206, -0.014100559996957196, 0.572505450226984]","[0.381961, -0.01411, 0.572485]"
1434,return,71.700000,71.700807,0.000268,0.049046,2026-09-25T17:07:57.467749+00:00,2026-09-25T17:07:57.468270+00:00,0.000540,1790356077.463423,1790356077.453557,0,0,0,0.000087,0.000023,"[0.01734857276482363, -0.5785068338660405, 0.027907814739389327, -0.2996904858599463, 0.01085594794740473, 0.20552997271485224, -0.47333329314086225]","[0.01731366617978375, -0.5784893805735206, 0.027890361446869388, -0.29977775232254605, 0.010838494654884786, 0.20552997271485224, -0.473385653018422]","[0.38196024084557206, -0.014100559996957196, 0.572505450226984]","[0.381961, -0.01411, 0.572485]"
1435,return,71.750000,71.752072,0.000441,0.051265,2026-09-25T17:07:57.517921+00:00,2026-09-25T17:07:57.519534+00:00,0.001631,1790356077.514035,1790356077.513159,0,1,0,0.000087,0.000023,"[0.01734857276482363, -0.5785068338660405, 0.027907814739389327, -0.2996904858599463, 0.01085594794740473, 0.20552997271485224, -0.47333329314086225]","[0.01731366617978375, -0.5784893805735206, 0.027890361446869388, -0.29977775232254605, 0.010838494654884786, 0.20552997271485224, -0.473385653018422]","[0.38196024084557206, -0.014100559996957196, 0.572505450226984]","[0.381961, -0.01411, 0.572485]"
1436,return,71.800000,71.800825,0.000290,0.048754,2026-09-25T17:07:57.567771+00:00,2026-09-25T17:07:57.568288+00:00,0.000536,1790356077.563171,1790356077.553073,0,0,0,0.000087,0.000023,"[0.01734857276482363, -0.5785068338660405, 0.027907814739389324, -0.2996904858599463, 0.01085594794740473, 0.2055299727148522, -0.4733332931408622]","[0.01731366617978375, -0.5784893805735206, 0.027890361446869388, -0.29977775232254605, 0.010838494654884786, 0.20552997271485224, -0.473385653018422]","[0.38196024084557206, -0.014100559996957196, 0.572505450226984]","[0.381961, -0.01411, 0.572485]"
1437,return,71.850000,71.851435,0.000317,0.050610,2026-09-25T17:07:57.617798+00:00,2026-09-25T17:07:57.618898+00:00,0.001118,1790356077.613773,1790356077.612929,0,0,0,0.000087,0.000023,"[0.01734857276482363, -0.5785068338660405, 0.027907814739389327, -0.2996904858599463, 0.01085594794740473, 0.20552997271485224, -0.47333329314086225]","[0.01731366617978375, -0.5784893805735206, 0.027890361446869388, -0.29977775232254605, 0.010838494654884786, 0.20552997271485224, -0.473385653018422]","[0.38196024084557206, -0.014100559996957196, 0.572505450226984]","[0.381961, -0.01411, 0.572485]"
1438,return,71.900000,71.902737,0.000435,0.051301,2026-09-25T17:07:57.667915+00:00,2026-09-25T17:07:57.670200+00:00,0.002302,1790356077.663380,1790356077.653718,0,1,0,0.000087,0.000023,"[0.01734857276482363, -0.5785068338660405, 0.027907814739389327, -0.2996904858599463, 0.010855947947404732, 0.20552997271485224, -0.47333329314086225]","[0.01731366617978375, -0.5784893805735206, 0.027890361446869388, -0.29977775232254605, 0.010838494654884786, 0.20552997271485224, -0.473385653018422]","[0.38196024084557206, -0.014100559996957196, 0.572505450226984]","[0.381961, -0.01411, 0.572485]"
1439,return,71.950000,71.951488,0.000197,0.048751,2026-09-25T17:07:57.717678+00:00,2026-09-25T17:07:57.718951+00:00,0.001291,1790356077.713886,1790356077.712997,0,1,0,0.000087,0.000023,"[0.01734857276482363, -0.5785068338660405, 0.02790781473938933, -0.2996904858599463, 0.01085594794740473, 0.20552997271485224, -0.47333329314086225]","[0.01731366617978375, -0.5784893805735206, 0.027890361446869388, -0.29977775232254605, 0.010838494654884786, 0.20552997271485224, -0.473385653018422]","[0.38196024084557206, -0.014100559996957196, 0.572505450226984]","[0.381961, -0.01411, 0.572485]"
1440,return,72.000000,72.001489,0.000198,0.050001,2026-09-25T17:07:57.767674+00:00,2026-09-25T17:07:57.768952+00:00,0.001291,1790356077.763178,1790356077.754877,0,1,0,0.000087,0.000023,"[0.01734857276482363, -0.5785068338660405, 0.02790781473938933, -0.2996904858599463, 0.01085594794740473, 0.20552997271485224, -0.47333329314086225]","[0.01731366617978375, -0.5784893805735206, 0.027890361446869388, -0.29977775232254605, 0.010838494654884786, 0.20552997271485224, -0.473385653018422]","[0.38196024084557206, -0.014100559996957196, 0.572505450226984]","[0.381961, -0.01411, 0.572485]"
1441,return,72.050000,72.051143,0.000233,0.049654,2026-09-25T17:07:57.817715+00:00,2026-09-25T17:07:57.818606+00:00,0.000909,1790356077.813484,1790356077.814168,0,0,0,0.000087,0.000023,"[0.017348572764823635, -0.5785068338660405, 0.027907814739389327, -0.2996904858599463, 0.01085594794740473, 0.20552997271485224, -0.4733332931408623]","[0.01731366617978375, -0.5784893805735206, 0.027890361446869388, -0.29977775232254605, 0.010838494654884786, 0.20552997271485224, -0.473385653018422]","[0.38196024084557206, -0.014100559996957194, 0.572505450226984]","[0.381961, -0.01411, 0.572485]"
1442,return,72.100000,72.101302,0.000181,0.050159,2026-09-25T17:07:57.867670+00:00,2026-09-25T17:07:57.868763+00:00,0.001120,1790356077.863210,1790356077.854814,0,1,0,0.000087,0.000023,"[0.01734856866703707, -0.5785068338660405, 0.027907814739389327, -0.2996904858599463, 0.01085594794740473, 0.20552997271485224, -0.47333329314086225]","[0.01731366617978375, -0.5784893805735206, 0.027890361446869388, -0.29977775232254605, 0.010838494654884786, 0.20552997271485224, -0.473385653018422]","[0.381960240787791, -0.014100561562148735, 0.572505450226984]","[0.381961, -0.01411, 0.572485]"
1443,return,72.150000,72.151199,0.000169,0.049897,2026-09-25T17:07:57.917645+00:00,2026-09-25T17:07:57.918661+00:00,0.001029,1790356077.914307,1790356077.915330,0,0,0,0.000087,0.000023,"[0.017348535116409602, -0.5785068338660405, 0.027907814739389324, -0.2996904858599463, 0.010855947947404729, 0.20552997271485224, -0.47333329314086225]","[0.01731366617978375, -0.5784893805735206, 0.027890361446869388, -0.29977775232254605, 0.010838494654884786, 0.20552997271485224, -0.473385653018422]","[0.3819602403147081, -0.014100574377154475, 0.572505450226984]","[0.381961, -0.01411, 0.572485]"
1444,return,72.200000,72.201729,0.000194,0.050531,2026-09-25T17:07:57.967673+00:00,2026-09-25T17:07:57.969191+00:00,0.001536,1790356077.963989,1790356077.954117,0,1,0,0.000087,0.000023,"[0.01734849900466554, -0.5785068338660405, 0.027907814739389327, -0.2996904858599463, 0.01085594794740473, 0.20552997271485224, -0.47333329314086225]","[0.01731366617978375, -0.5784893805735206, 0.027890361446869388, -0.29977775232254605, 0.010838494654884786, 0.20552997271485224, -0.473385653018422]","[0.3819602398055115, -0.014100588170404906, 0.572505450226984]","[0.381961, -0.01411, 0.572485]"
1445,return,72.250000,72.250307,0.000109,0.048577,2026-09-25T17:07:58.017586+00:00,2026-09-25T17:07:58.017767+00:00,0.000197,1790356078.014781,1790356078.014021,0,0,0,0.000087,0.000021,"[0.017348498748553876, -0.5785068338660405, 0.027907814739389327, -0.2996904858599463, 0.01085594794740473, 0.20552997271485224, -0.47333329314086225]","[0.017348572764823635, -0.5784893805735206, 0.027890361446869388, -0.29977775232254605, 0.010838494654884786, 0.20552997271485224, -0.473385653018422]","[0.38196023980190025, -0.014100588268229377, 0.572505450226984]","[0.38196199999999997, -0.014096, 0.572485]"
1446,return,72.300000,72.300576,0.000193,0.050270,2026-09-25T17:07:58.067672+00:00,2026-09-25T17:07:58.068037+00:00,0.000383,1790356078.064148,1790356078.053052,0,1,0,0.000087,0.000021,"[0.01734857276482363, -0.5785068338660405, 0.027907814739389327, -0.2996904858599463, 0.01085594794740473, 0.20552997271485224, -0.47333329314086225]","[0.017348572764823635, -0.5784893805735206, 0.027890361446869388, -0.29977775232254605, 0.010838494654884786, 0.20552997271485224, -0.473385653018422]","[0.38196024084557206, -0.014100559996957196, 0.572505450226984]","[0.38196199999999997, -0.014096, 0.572485]"
1447,return,72.350000,72.350902,0.000177,0.050326,2026-09-25T17:07:58.117656+00:00,2026-09-25T17:07:58.118363+00:00,0.000725,1790356078.117136,1790356078.112869,0,0,0,0.000087,0.000021,"[0.017348681356167493, -0.5785068338660406, 0.027907814739389327, -0.2996904858599463, 0.010855947947404729, 0.20552997271485224, -0.47333329314086225]","[0.017348572764823635, -0.5784893805735206, 0.027890361446869388, -0.29977775232254605, 0.010838494654884786, 0.20552997271485224, -0.473385653018422]","[0.3819602423767687, -0.014100518519381258, 0.572505450226984]","[0.38196199999999997, -0.014096, 0.572485]"
1448,return,72.400000,72.400536,0.000199,0.049634,2026-09-25T17:07:58.167676+00:00,2026-09-25T17:07:58.167996+00:00,0.000337,1790356078.163193,1790356078.153753,0,1,0,0.000087,0.000021,"[0.01734881043644416, -0.5785068338660405, 0.027907814739389327, -0.2996904858599463, 0.01085594794740473, 0.20552997271485224, -0.47333329314086225]","[0.017348572764823635, -0.5784893805735206, 0.027890361446869388, -0.29977775232254605, 0.010838494654884786, 0.20552997271485224, -0.473385653018422]","[0.3819602441968642, -0.014100469215847372, 0.572505450226984]","[0.38196199999999997, -0.014096, 0.572485]"
1449,return,72.450000,72.451028,0.000115,0.050492,2026-09-25T17:07:58.217592+00:00,2026-09-25T17:07:58.218489+00:00,0.000913,1790356078.215269,1790356078.214387,0,0,0,0.000087,0.000021,"[0.017349036839151646, -0.5785068338660406, 0.027907814739389327, -0.2996904858599463, 0.010855947947404732, 0.20552997271485227, -0.47333329314086225]","[0.017348572764823635, -0.5784893805735206, 0.027890361446869388, -0.29977775232254605, 0.010838494654884786, 0.20552997271485224, -0.473385653018422]","[0.3819602473892389, -0.01410038273901358, 0.572505450226984]","[0.38196199999999997, -0.014096, 0.572485]"
1450,return,72.500000,72.501608,0.000196,0.050579,2026-09-25T17:07:58.267677+00:00,2026-09-25T17:07:58.269070+00:00,0.001411,1790356078.263076,1790356078.253260,0,1,0,0.000087,0.000021,"[0.017349437397787968, -0.5785068338660405, 0.027907814739389327, -0.2996904858599463, 0.01085594794740473, 0.20552997271485224, -0.47333329314086225]","[0.017348572764823635, -0.5784893805735206, 0.027890361446869388, -0.29977775232254605, 0.010838494654884786, 0.20552997271485224, -0.473385653018422]","[0.38196025303723835, -0.014100229741536621, 0.572505450226984]","[0.38196199999999997, -0.014096, 0.572485]"
1451,return,72.550000,72.551664,0.000916,0.050056,2026-09-25T17:07:58.318393+00:00,2026-09-25T17:07:58.319125+00:00,0.000748,1790356078.313917,1790356078.313720,0,0,0,0.000087,0.000021,"[0.017350074654820507, -0.5785068338660405, 0.027907814739389327, -0.2996904858599463, 0.01085594794740473, 0.20552997271485224, -0.47333329314086225]","[0.017348572764823635, -0.5784893805735206, 0.027890361446869388, -0.29977775232254605, 0.010838494654884786, 0.20552997271485224, -0.4732634799707824]","[0.3819602620226314, -0.014099986334676361, 0.572505450226984]","[0.38196199999999997, -0.014096, 0.572485]"
1452,return,72.600000,72.601946,0.000224,0.050282,2026-09-25T17:07:58.367704+00:00,2026-09-25T17:07:58.369409+00:00,0.001722,1790356078.363109,1790356078.353511,0,1,0,0.000087,0.000021,"[0.01735091751829374, -0.5785068338660405, 0.027907814739389327, -0.2996904858599463, 0.01085594794740473, 0.20552997271485224, -0.47333329314086225]","[0.017348572764823635, -0.5784893805735206, 0.027890361446869388, -0.29977775232254605, 0.010838494654884786, 0.20552997271485224, -0.4732634799707824]","[0.38196027390685905, -0.014099664394318269, 0.572505450226984]","[0.38196199999999997, -0.014096, 0.572485]"
1453,return,72.650000,72.651056,0.000253,0.049110,2026-09-25T17:07:58.417731+00:00,2026-09-25T17:07:58.418517+00:00,0.000803,1790356078.413498,1790356078.414141,0,0,0,0.000087,0.000021,"[0.01735192429322941, -0.5785068338660405, 0.027907814739389324, -0.2996904858599463, 0.01085594794740473, 0.20552997271485224, -0.47333329314086225]","[0.017348572764823635, -0.5784893805735206, 0.027890361446869388, -0.29977775232254605, 0.010838494654884786, 0.20552997271485224, -0.4732634799707824]","[0.3819602881018543, -0.01409927984628093, 0.572505450226984]","[0.38196199999999997, -0.014096, 0.572485]"
1454,return,72.700000,72.700753,0.000252,0.049697,2026-09-25T17:07:58.467731+00:00,2026-09-25T17:07:58.468215+00:00,0.000501,1790356078.463175,1790356078.454554,0,1,0,0.000087,0.000021,"[0.017353056562878506, -0.5785068338660405, 0.02790781473938933, -0.2996904858599463, 0.01085594794740473, 0.20552997271485224, -0.47333329314086225]","[0.017348572764823635, -0.5784893805735206, 0.027890361446869388, -0.29977775232254605, 0.010838494654884786, 0.20552997271485224, -0.4732634799707824]","[0.381960304065796, -0.014098847364230515, 0.572505450226984]","[0.38196199999999997, -0.014096, 0.572485]"
1455,return,72.750000,72.751301,0.000249,0.050548,2026-09-25T17:07:58.517727+00:00,2026-09-25T17:07:58.518762+00:00,0.001052,1790356078.514121,1790356078.514787,0,0,0,0.000087,0.000021,"[0.017354281391281538, -0.5785068338660405, 0.027907814739389327, -0.2996904858599463, 0.01085594794740473, 0.20552997271485224, -0.47333329314086225]","[0.017348572764823635, -0.5784893805735206, 0.027890361446869388, -0.29977775232254605, 0.010838494654884786, 0.20552997271485224, -0.4732634799707824]","[0.3819603213341782, -0.014098379528390683, 0.572505450226984]","[0.38196199999999997, -0.014096, 0.572485]"
1456,return,72.800000,72.801939,0.000708,0.050638,2026-09-25T17:07:58.568183+00:00,2026-09-25T17:07:58.569403+00:00,0.001231,1790356078.562909,1790356078.555824,0,1,0,0.000087,0.000021,"[0.017355713567684557, -0.5785068338660405, 0.027907814739389327, -0.2996904858599463, 0.01085594794740473, 0.20552997271485224, -0.47333329314086225]","[0.017348572764823635, -0.5784893805735206, 0.027890361446869388, -0.29977775232254605, 0.010838494654884786, 0.20552997271485224, -0.4732634799707824]","[0.38196034152515296, -0.014097832493817125, 0.572505450226984]","[0.38196199999999997, -0.014096, 0.572485]"
1457,return,72.850000,72.851499,0.000193,0.049560,2026-09-25T17:07:58.617671+00:00,2026-09-25T17:07:58.618962+00:00,0.001307,1790356078.615059,1790356078.615787,0,0,0,0.000087,0.000021,"[0.0173572994110836, -0.5785068338660405, 0.027907814739389327, -0.2996904858599463, 0.01085594794740473, 0.20552997271485224, -0.47333329314086225]","[0.017348572764823635, -0.5784893805735206, 0.027890361446869388, -0.29977775232254605, 0.010838494654884786, 0.20552997271485224, -0.4732634799707824]","[0.3819603638816273, -0.014097226764513093, 0.572505450226984]","[0.38196199999999997, -0.014096, 0.572485]"
1458,return,72.900000,72.901644,0.000978,0.050144,2026-09-25T17:07:58.668457+00:00,2026-09-25T17:07:58.669105+00:00,0.000666,1790356078.668046,1790356078.654178,0,1,0,0.000087,0.000021,"[0.01735888525448265, -0.5785068338660405, 0.027907814739389327, -0.2996904858599463, 0.01085594794740473, 0.20552997271485224, -0.47333329314086225]","[0.017348572764823635, -0.5784893805735206, 0.027890361446869388, -0.29977775232254605, 0.010838494654884786, 0.20552997271485224, -0.4732634799707824]","[0.381960386237141, -0.014096621035173609, 0.572505450226984]","[0.38196199999999997, -0.014096, 0.572485]"
1459,return,72.950000,72.952078,0.000212,0.050434,2026-09-25T17:07:58.717693+00:00,2026-09-25T17:07:58.719540+00:00,0.001866,1790356078.715810,1790356078.716766,0,0,0,0.000087,0.000021,"[0.017360317430885668, -0.5785068338660405, 0.02790781473938933, -0.2996904858599463, 0.010855947947404732, 0.20552997271485224, -0.47333329314086225]","[0.017348572764823635, -0.5784893805735206, 0.027890361446869388, -0.29977775232254605, 0.010838494654884786, 0.20552997271485224, -0.4732634799707824]","[0.38196040642559725, -0.014096074000507098, 0.572505450226984]","[0.38196199999999997, -0.014096, 0.572485]"
1460,return,73.000000,73.001689,0.000299,0.049612,2026-09-25T17:07:58.767777+00:00,2026-09-25T17:07:58.769152+00:00,0.001391,1790356078.762118,1790356078.755428,0,1,0,0.000087,0.000021,"[0.0173615422592887, -0.5785068338660405, 0.027907814739389327, -0.2996904858599463, 0.01085594794740473, 0.20552997271485224, -0.47333329314086225]","[0.017348572764823635, -0.5784893805735206, 0.027890361446869388, -0.29977775232254605, 0.010838494654884786, 0.20552997271485224, -0.4732634799707824]","[0.38196042369058253, -0.014095606164541898, 0.572505450226984]","[0.38196199999999997, -0.014096, 0.572485]"
1461,return,73.050000,73.051483,0.000197,0.049793,2026-09-25T17:07:58.817677+00:00,2026-09-25T17:07:58.818945+00:00,0.001285,1790356078.815798,1790356078.816788,0,0,0,0.000087,0.000021,"[0.01736267452893779, -0.5785068338660405, 0.027907814739389327, -0.2996904858599463, 0.01085594794740473, 0.20552997271485224, -0.47333329314086225]","[0.017348572764823635, -0.5784893805735206, 0.027942721324429216, -0.29977775232254605, 0.010838494654884786, 0.20552997271485224, -0.4732634799707824]","[0.38196043965036475, -0.014095173682337961, 0.572505450226984]","[0.381963, -0.014091, 0.572485]"
1462,return,73.100000,73.100719,0.000137,0.049236,2026-09-25T17:07:58.867607+00:00,2026-09-25T17:07:58.868179+00:00,0.000581,1790356078.863091,1790356078.856608,0,1,0,0.000070,0.000021,"[0.017363681303873463, -0.5785068338660405, 0.027907814739389324, -0.2996904858599463, 0.01085594794740473, 0.20552997271485224, -0.47333329314086225]","[0.017348572764823635, -0.5784893805735206, 0.027942721324429216, -0.29974284573750615, 0.010838494654884786, 0.20552997271485224, -0.4732634799707824]","[0.38196045384083877, -0.014094789134133763, 0.572505450226984]","[0.381963, -0.014091, 0.572485]"
1463,return,73.150000,73.151341,0.000297,0.050622,2026-09-25T17:07:58.917779+00:00,2026-09-25T17:07:58.918804+00:00,0.001044,1790356078.916309,1790356078.916993,0,1,0,0.000070,0.000016,"[0.017364524167346695, -0.5785068338660406, 0.027907814739389327, -0.2996904858599463, 0.01085594794740473, 0.20552997271485227, -0.4733332931408623]","[0.017348572764823635, -0.5784893805735206, 0.027942721324429216, -0.29974284573750615, 0.010838494654884786, 0.20552997271485224, -0.4732634799707824]","[0.3819604657206861, -0.014094467193613994, 0.572505450226984]","[0.38195799999999996, -0.014091999999999999, 0.5724899999999999]"
1464,return,73.200000,73.200544,0.000139,0.049203,2026-09-25T17:07:58.967609+00:00,2026-09-25T17:07:58.968004+00:00,0.000405,1790356078.962986,1790356078.952988,0,1,0,0.000070,0.000016,"[0.017365165522165802, -0.5785068338660405, 0.027907814739389327, -0.2996904858599463, 0.01085594794740473, 0.20552997271485224, -0.47333329314086225]","[0.017348572764823635, -0.5784893805735206, 0.027942721324429216, -0.29974284573750615, 0.010838494654884786, 0.20552997271485224, -0.4732634799707824]","[0.3819604747601619, -0.014094222221425697, 0.572505450226984]","[0.38195799999999996, -0.014091999999999999, 0.5724899999999999]"
1465,return,73.250000,73.250429,0.000136,0.049885,2026-09-25T17:07:59.017605+00:00,2026-09-25T17:07:59.017891+00:00,0.000293,1790356079.013898,1790356079.012959,0,0,0,0.000070,0.000016,"[0.017365599631429588, -0.5785068338660405, 0.02790781473938933, -0.29969048585994634, 0.01085594794740473, 0.20552997271485224, -0.47333329314086225]","[0.017348572764823635, -0.5784893805735206, 0.027942721324429216, -0.29974284573750615, 0.010838494654884786, 0.20552997271485224, -0.4732634799707824]","[0.3819604808785585, -0.014094056408843873, 0.5725054502269838]","[0.38195799999999996, -0.014091999999999999, 0.5724899999999999]"
1466,return,73.300000,73.301566,0.000450,0.051137,2026-09-25T17:07:59.067932+00:00,2026-09-25T17:07:59.069029+00:00,0.001116,1790356079.062891,1790356079.052765,0,1,0,0.000070,0.000023,"[0.017365862145881147, -0.5785068338660405, 0.02790781473938933, -0.29969048585994634, 0.01085594794740473, 0.20552997271485224, -0.47333329314086225]","[0.017348572764823635, -0.5784893805735206, 0.027942721324429216, -0.2996381259823865, 0.010838494654884786, 0.20552997271485224, -0.4732634799707824]","[0.3819604845784388, -0.01409395613869723, 0.5725054502269838]","[0.381939, -0.014093, 0.5725129999999999]"
1467,return,73.350000,73.351974,0.000234,0.050408,2026-09-25T17:07:59.117716+00:00,2026-09-25T17:07:59.119438+00:00,0.001740,1790356079.113084,1790356079.113753,0,0,0,0.000070,0.000023,"[0.017365991482269468, -0.5785068338660405, 0.02790781473938933, -0.2996904858599463, 0.01085594794740473, 0.20552997271485224, -0.4733332931408622]","[0.017348572764823635, -0.5784893805735206, 0.027942721324429216, -0.2996381259823865, 0.010838494654884786, 0.20552997271485224, -0.4732634799707824]","[0.381960486401297, -0.014093906737307559, 0.572505450226984]","[0.381939, -0.014093, 0.5725129999999999]"
1468,return,73.400000,73.401407,0.000211,0.049433,2026-09-25T17:07:59.167692+00:00,2026-09-25T17:07:59.168869+00:00,0.001195,1790356079.162891,1790356079.154077,0,1,0,0.000070,0.000023,"[0.017366026057343577, -0.5785068338660405, 0.02790781473938933, -0.29969048585994634, 0.01085594794740473, 0.20552997271485224, -0.4733332931408622]","[0.017348572764823635, -0.5784893805735206, 0.027942721324429216, -0.2996381259823865, 0.010838494654884786, 0.20552997271485224, -0.4732634799707824]","[0.3819604868885947, -0.014093893530995423, 0.5725054502269838]","[0.381939, -0.014093, 0.5725129999999999]"
