index,phase,scheduled_t_s,actual_t_s,lateness_s,period_s,command_started_utc,command_returned_utc,command_duration_s,joint_feedback_unix_s,flange_feedback_unix_s,arm_status,motion_status,error_code,tracking_max_rad,flange_error_m,joint_target_rad,joint_feedback_rad,flange_target_xyz_m,flange_feedback_xyz_m
0,return,0.000000,0.001029,0.000395,,2026-09-26T05:38:51.955204+00:00,2026-09-26T05:38:51.955827+00:00,0.000635,1790401131.952425,1790401131.935540,0,0,0,0.000070,0.000027,"[0.26876325151460684, -0.6337988645692209, -0.8667305065403841, -0.5190783728356335, -0.19244000332489478, 0.20561723917745198, -0.46945866220143473]","[0.2687457982220869, -0.6337988645692209, -0.8667305065403841, -0.5191481860057133, -0.19245745661741473, 0.205599785884932, -0.4694237556163949]","[0.39843887774608333, -0.010179704830891322, 0.5412153315118821]","[0.398439, -0.010192999999999999, 0.541192]"
1,return,0.050000,0.050883,0.000304,0.049853,2026-09-26T05:38:52.005118+00:00,2026-09-26T05:38:52.005678+00:00,0.000579,1790401132.002028,1790401131.995629,0,1,0,0.000423,0.000169,"[0.26832236425573425, -0.6340133772928894, -0.8666195807387405, -0.5190758258051743, -0.19244000332489478, 0.20561723917745198, -0.46946577186111776]","[0.2687457982220869, -0.6337988645692209, -0.8667305065403841, -0.5191481860057133, -0.19245745661741473, 0.205599785884932, -0.4694237556163949]","[0.3985254484225915, -0.010321949745102432, 0.5411264104690833]","[0.398439, -0.010192999999999999, 0.541192]"
2,return,0.100000,0.100820,0.000283,0.049937,2026-09-26T05:38:52.055094+00:00,2026-09-26T05:38:52.055615+00:00,0.000537,1790401132.052435,1790401132.035828,0,0,0,0.001041,0.000478,"[0.26723401903689864, -0.6345385150434529, -0.866334312046749, -0.5190689274376108, -0.19244000332489478, 0.20561723917745198, -0.46948556417020665]","[0.2682745593240484, -0.6338861310318206, -0.8667305065403841, -0.5191481860057133, -0.19245745661741473, 0.205599785884932, -0.4694237556163949]","[0.39873791102716805, -0.010672768435317372, 0.5409078251300415]","[0.39846499999999996, -0.010373, 0.5411619999999999]"
3,return,0.150000,0.150711,0.000379,0.049891,2026-09-26T05:38:52.105190+00:00,2026-09-26T05:38:52.105506+00:00,0.000332,1790401132.102110,1790401132.095543,0,1,0,0.001674,0.000765,"[0.2658496906947735, -0.6351966771902479, -0.8659459635338196, -0.5190587918186642, -0.19244000332489475, 0.20561723917745198, -0.46951573412376085]","[0.2675240677456909, -0.6343050100522992, -0.8667305065403841, -0.5191481860057133, -0.19245745661741473, 0.205599785884932, -0.4694237556163949]","[0.3990054466377496, -0.011118217014804848, 0.5406318624892245]","[0.398593, -0.010612, 0.54103]"
4,return,0.200000,0.200631,0.000240,0.049920,2026-09-26T05:38:52.155049+00:00,2026-09-26T05:38:52.155426+00:00,0.000392,1790401132.152434,1790401132.136160,0,0,0,0.001607,0.000677,"[0.26452085406603154, -0.6358102631026107, -0.8655257982693619, -0.5190465330340558, -0.19244000332489475, 0.20561723917745198, -0.4695539767168399]","[0.2661278043440954, -0.6349856884605769, -0.8665036137376247, -0.5191481860057133, -0.19245745661741473, 0.205599785884932, -0.4694237556163949]","[0.39925772243295465, -0.011543765903924617, 0.5403709699966367]","[0.39888999999999997, -0.01112, 0.54075]"
5,return,0.250000,0.251507,0.000238,0.050876,2026-09-26T05:38:52.205051+00:00,2026-09-26T05:38:52.206303+00:00,0.001269,1790401132.202127,1790401132.197028,0,1,0,0.001631,0.000682,"[0.263501783773011, -0.6362516239119427, -0.8651285441393445, -0.5190330360520157, -0.19244000332489475, 0.20561723917745198, -0.4695989499755675]","[0.2651329666704586, -0.6354394740660956, -0.866119641302186, -0.5191481860057133, -0.19245745661741473, 0.205599785884932, -0.4694237556163949]","[0.39944444565010306, -0.011866191025688057, 0.5401776001390556]","[0.399078, -0.011408999999999999, 0.540527]"
6,return,0.300000,0.302082,0.000318,0.050575,2026-09-26T05:38:52.255130+00:00,2026-09-26T05:38:52.256880+00:00,0.001764,1790401132.253028,1790401132.235451,0,0,0,0.001123,0.000656,"[0.2625789671056305, -0.6366305211362813, -0.8647180163566545, -0.5190178009938058, -0.19244000332489475, 0.20561723917745198, -0.4696527833659523]","[0.26370179668382326, -0.6357885399164943, -0.8657356688667474, -0.5191481860057133, -0.19245745661741473, 0.205599785884932, -0.4694237556163949]","[0.3996085327286182, -0.012155584300614527, 0.5400074720027791]","[0.39921999999999996, -0.011776, 0.5403749999999999]"
7,return,0.350000,0.350780,0.000290,0.048698,2026-09-26T05:38:52.305101+00:00,2026-09-26T05:38:52.305575+00:00,0.000490,1790401132.302271,1790401132.296448,0,0,0,0.001136,0.000432,"[0.2616833904744135, -0.6369786286168482, -0.864268088356182, -0.5190003070307543, -0.19244000332489475, 0.20561723917745198, -0.4697146842736287]","[0.26272441230270643, -0.636521578202332, -0.8654040563088684, -0.5191481860057133, -0.19245745661741473, 0.205599785884932, -0.4694237556163949]","[0.3997633470865039, -0.012433668895243076, 0.5398468021875648]","[0.399506, -0.012176999999999999, 0.54008]"
8,return,0.400000,0.400382,0.000205,0.049602,2026-09-26T05:38:52.355007+00:00,2026-09-26T05:38:52.355175+00:00,0.000177,1790401132.353314,1790401132.335893,0,1,0,0.001105,0.000411,"[0.2607789037185432, -0.6373105447182665, -0.8637575156757256, -0.5189800931618729, -0.19244000332489475, 0.20561723917745198, -0.46978346177937763]","[0.2618692009692292, -0.6368706440527309, -0.8648630042407502, -0.5191481860057133, -0.19245745661741473, 0.205599785884932, -0.4695459286640345]","[0.39991561012962784, -0.012711346134850247, 0.5396886469192622]","[0.39966799999999997, -0.012469, 0.53991]"
9,return,0.450000,0.450261,0.000094,0.049880,2026-09-26T05:38:52.404894+00:00,2026-09-26T05:38:52.405055+00:00,0.000167,1790401132.402183,1790401132.395872,0,1,0,0.001009,0.000408,"[0.2598300866466565, -0.6376405459752474, -0.8631662098386726, -0.5189567082208614, -0.19244000332489475, 0.20561723917745198, -0.4698581335925379]","[0.26083945671055253, -0.63713244344053, -0.8640601527848327, -0.5191481860057133, -0.19245745661741473, 0.205599785884932, -0.46966810171167406]","[0.40007180250140756, -0.012999411492296595, 0.5395262526135035]","[0.399835, -0.012740999999999999, 0.539735]"
10,return,0.500000,0.500645,0.000228,0.050384,2026-09-26T05:38:52.455029+00:00,2026-09-26T05:38:52.455439+00:00,0.000417,1790401132.454531,1790401132.435744,0,1,0,0.001269,0.000336,"[0.25883679957545447, -0.6379680280154952, -0.862511848388913, -0.5189301632717437, -0.19244000332489478, 0.20561723917745198, -0.4699432041537643]","[0.25973989928179614, -0.637743308678728, -0.8637809001045136, -0.5191481860057133, -0.19245745661741473, 0.205599785884932, -0.46966810171167406]","[0.4002303845162223, -0.013299606662769525, 0.5393610636409353]","[0.40001, -0.013129, 0.539548]"
11,return,0.550000,0.551368,0.000333,0.050723,2026-09-26T05:38:52.505147+00:00,2026-09-26T05:38:52.506166+00:00,0.001034,1790401132.502034,1790401132.495428,0,1,0,0.001218,0.000325,"[0.2578189462738199, -0.6382853834007046, -0.8617945654265116, -0.5189007037719344, -0.19244000332489475, 0.20561723917745198, -0.47003639345461434]","[0.25883232807075907, -0.6379876547740072, -0.8630129552336362, -0.5191481860057133, -0.19245745661741473, 0.205599785884932, -0.46979027475931373]","[0.400388652247616, -0.01360481428485083, 0.5391959612395661]","[0.400219, -0.013363, 0.5393319999999999]"
12,return,0.600000,0.601641,0.000293,0.050273,2026-09-26T05:38:52.555107+00:00,2026-09-26T05:38:52.556437+00:00,0.001347,1790401132.553187,1790401132.535548,0,0,0,0.001013,0.000384,"[0.2567900494374041, -0.6385881173712418, -0.8609963434961836, -0.5188684833884298, -0.19244000332489475, 0.20561723917745198, -0.4701315548152469]","[0.25780258381208243, -0.638336720624406, -0.8617214115871603, -0.5191481860057133, -0.19245745661741473, 0.205599785884932, -0.46992990109947325]","[0.40054634119217014, -0.013908472958891933, 0.5390314104606895]","[0.400401, -0.013571, 0.539144]"
13,return,0.650000,0.651149,0.000290,0.049508,2026-09-26T05:38:52.605102+00:00,2026-09-26T05:38:52.605945+00:00,0.000859,1790401132.602119,1790401132.595836,0,1,0,0.001411,0.000450,"[0.25576363176185757, -0.6388717351674723, -0.8600991651426445, -0.5188336557882259, -0.19244000332489475, 0.20561723917745198, -0.47022254155582055]","[0.25717426528136444, -0.6387730529374047, -0.8607963870836033, -0.5191481860057133, -0.19245745661741473, 0.205599785884932, -0.46992990109947325]","[0.40070320322966957, -0.014204003868262899, 0.538867881578332]","[0.400659, -0.013755999999999999, 0.53888]"
14,return,0.700000,0.700511,0.000237,0.049362,2026-09-26T05:38:52.655040+00:00,2026-09-26T05:38:52.655305+00:00,0.000275,1790401132.653454,1790401132.635789,0,1,0,0.001119,0.000373,"[0.2547460989071321, -0.639133822066221, -0.8591001698035408, -0.5187956845710618, -0.19244000332489475, 0.20561723917745198, -0.4703077375093157]","[0.2558652683423687, -0.6389999457401639, -0.8599062691650862, -0.5191481860057133, -0.19245745661741473, 0.205599785884932, -0.4700869807321527]","[0.40085855586881414, -0.014488709223743925, 0.5387062300140779]","[0.400785, -0.014124999999999999, 0.538741]"
15,return,0.750000,0.750980,0.000352,0.050469,2026-09-26T05:38:52.705166+00:00,2026-09-26T05:38:52.705775+00:00,0.000628,1790401132.702069,1790401132.696034,0,1,0,0.001020,0.000357,"[0.25372845305594255, -0.6393771814144964, -0.8580150697755498, -0.5187540677068617, -0.19244000332489475, 0.20561723917745198, -0.47039208276232086]","[0.2547482576210923, -0.6391046654952837, -0.8588416183213696, -0.518938746495474, -0.19245745661741473, 0.205599785884932, -0.4700869807321527]","[0.40101218639483693, -0.014767218312249121, 0.5385465765864674]","[0.400875, -0.014457999999999999, 0.538661]"
16,return,0.800000,0.800752,0.000204,0.049772,2026-09-26T05:38:52.755015+00:00,2026-09-26T05:38:52.755549+00:00,0.000548,1790401132.752433,1790401132.736655,0,1,0,0.001330,0.000365,"[0.2527093473682903, -0.6396029817473587, -0.856831336025039, -0.5187103276769995, -0.19244000332489475, 0.20561723917745198, -0.4704729192855833]","[0.25377087323997555, -0.6392442918354431, -0.858160939913092, -0.518938746495474, -0.19245745661741473, 0.205599785884932, -0.4702266070723123]","[0.4011655655198445, -0.015039042182308903, 0.5383873272230275]","[0.40096099999999996, -0.014792, 0.538562]"
17,return,0.850000,0.850813,0.000455,0.050061,2026-09-26T05:38:52.805271+00:00,2026-09-26T05:38:52.805608+00:00,0.000358,1790401132.802034,1790401132.796905,0,1,0,0.001491,0.000377,"[0.2516877830087019, -0.6398122987337799, -0.8555355226898561, -0.5186660395681848, -0.19244000332489472, 0.20561723917745198, -0.4705473274061784]","[0.25265386251869915, -0.6394886379307223, -0.8570264758992956, -0.5188165734478344, -0.19245745661741473, 0.205599785884932, -0.47026151365735214]","[0.401320198454654, -0.015303485392240981, 0.5382268520033693]","[0.40107899999999996, -0.015111999999999999, 0.538445]"
18,return,0.900000,0.901288,0.000184,0.050474,2026-09-26T05:38:52.854994+00:00,2026-09-26T05:38:52.856085+00:00,0.001103,1790401132.852999,1790401132.837436,0,1,0,0.001393,0.000296,"[0.2506631389576236, -0.6400052671909379, -0.8541150362474531, -0.5186223473799809, -0.19244000332489475, 0.20561723917745198, -0.4706125808667072]","[0.25151939850490285, -0.6400122367063207, -0.8555080394500606, -0.5187293069852347, -0.19245745661741473, 0.205599785884932, -0.4704011399975117]","[0.4014771252357675, -0.015559796751658674, 0.5380640307665576]","[0.4013, -0.015382, 0.538221]"
19,return,0.950000,0.951152,0.000303,0.049864,2026-09-26T05:38:52.905118+00:00,2026-09-26T05:38:52.905949+00:00,0.000849,1790401132.902075,1790401132.896704,0,1,0,0.001610,0.000289,"[0.2496374719453526, -0.6401763682198927, -0.8525713677799143, -0.5185770268850646, -0.19244000332489475, 0.20561723917745198, -0.47066905502441886]","[0.25068164046394553, -0.6402740360941198, -0.8541815892185448, -0.5186944004001948, -0.19245745661741473, 0.205599785884932, -0.47055821963019123]","[0.4016339140754855, -0.01580742564346258, 0.5379015659612391]","[0.401578, -0.015527, 0.537941]"
20,return,1.000000,1.001129,0.000309,0.049977,2026-09-26T05:38:52.955123+00:00,2026-09-26T05:38:52.955927+00:00,0.000820,1790401132.952038,1790401132.938038,0,1,0,0.001558,0.000289,"[0.24860936931119457, -0.6403306273460823, -0.8509132839893635, -0.5185312249002275, -0.19244000332489475, 0.20561723917745198, -0.4707185988006094]","[0.24961698962022902, -0.6403962091417594, -0.8524711665515904, -0.5186071339375952, -0.19245745661741473, 0.205599785884932, -0.47055821963019123]","[0.4017919503814883, -0.0160473766678809, 0.5377379236999624]","[0.401653, -0.015827, 0.537862]"
21,return,1.050000,1.051282,0.000378,0.050153,2026-09-26T05:38:53.005191+00:00,2026-09-26T05:38:53.006078+00:00,0.000904,1790401133.002070,1790401132.997641,0,0,0,0.001699,0.000358,"[0.24757648763345985, -0.6404755742523124, -0.8491489292265905, -0.5184870927634139, -0.19244000332489475, 0.20561723917745198, -0.47076290253223535]","[0.24883159145683156, -0.6404485690193192, -0.8508480103472357, -0.5186071339375952, -0.19245745661741473, 0.205599785884932, -0.47055821963019123]","[0.40195370740999153, -0.01628089847078863, 0.5375703550828794]","[0.401846, -0.015952, 0.537663]"
22,return,1.100000,1.100775,0.000298,0.049493,2026-09-26T05:38:53.055112+00:00,2026-09-26T05:38:53.055572+00:00,0.000477,1790401133.052123,1790401133.037261,0,1,0,0.001624,0.000394,"[0.24653648349045917, -0.6406187386213886, -0.8472864478423849, -0.5184467818125682, -0.19244000332489475, 0.20561723917745198, -0.47080365655625284]","[0.24773203402807514, -0.6406580085295586, -0.848910694877522, -0.5185547740600353, -0.19245745661741473, 0.205599785884932, -0.47061057950775104]","[0.40212165421222695, -0.0165092517937343, 0.5373961029650399]","[0.40193399999999996, -0.016208999999999998, 0.53757]"
23,return,1.150000,1.151041,0.000311,0.050266,2026-09-26T05:38:53.105127+00:00,2026-09-26T05:38:53.105838+00:00,0.000730,1790401133.102436,1790401133.097926,0,1,0,0.001663,0.000339,"[0.2454838760926673, -0.6407546908861178, -0.8453108278517928, -0.5184103547950474, -0.19244000332489475, 0.20561723917745198, -0.47084007204874906]","[0.24661502330679877, -0.640832541454758, -0.8469733794078083, -0.518327881257276, -0.19245745661741473, 0.205599785884932, -0.47069784597035075]","[0.4022946481926109, -0.016733782238601457, 0.5372162482984327]","[0.402169, -0.016447, 0.537347]"
24,return,1.200000,1.201740,0.000312,0.050699,2026-09-26T05:38:53.155125+00:00,2026-09-26T05:38:53.156537+00:00,0.001428,1790401133.152243,1790401133.135908,0,1,0,0.001833,0.000328,"[0.2444209192226926, -0.640880255261915, -0.8432202470203526, -0.5183766195110735, -0.19244000332489475, 0.20561723917745198, -0.47087136018581105]","[0.24548055929300244, -0.6409721677949175, -0.8450535172306145, -0.5182057082096364, -0.19245745661741473, 0.205599785884932, -0.47069784597035075]","[0.4024714849203338, -0.016953486559346007, 0.5370321634881786]","[0.402281, -0.016777999999999998, 0.537234]"
25,return,1.250000,1.251339,0.000222,0.049599,2026-09-26T05:38:53.205034+00:00,2026-09-26T05:38:53.206137+00:00,0.001118,1790401133.203438,1790401133.198705,0,0,0,0.002004,0.000337,"[0.2433568713170462, -0.6410063421054989, -0.8410426343245936, -0.5183458448778898, -0.19244000332489475, 0.20561723917745198, -0.47089921130439516]","[0.2443286419866862, -0.6411117941350771, -0.843046388590821, -0.5180660818694769, -0.19245745661741473, 0.205599785884932, -0.4707502058479106]","[0.40265454723120175, -0.01716612838656622, 0.5368415085901814]","[0.40249999999999997, -0.016926999999999998, 0.537021]"
26,return,1.300000,1.301115,0.000178,0.049776,2026-09-26T05:38:53.254989+00:00,2026-09-26T05:38:53.255912+00:00,0.000938,1790401133.252264,1790401133.235514,0,1,0,0.002321,0.000409,"[0.24230099081223877, -0.6411438617735875, -0.8388059187410439, -0.5183182998127395, -0.19244000332489475, 0.20561723917745198, -0.4709253157414577]","[0.2431941779728899, -0.6411467007201169, -0.8411265264136272, -0.5180660818694769, -0.19245745661741473, 0.205599785884932, -0.47083747231051026]","[0.4028462310169259, -0.017369495463334612, 0.5366419245343776]","[0.40258, -0.017246, 0.5369269999999999]"
27,return,1.350000,1.350952,0.000340,0.049837,2026-09-26T05:38:53.305152+00:00,2026-09-26T05:38:53.305747+00:00,0.000612,1790401133.302847,1790401133.295453,0,1,0,0.001946,0.000393,"[0.24125662288510724, -0.6412987610252604, -0.8365272243050741, -0.5182943827741432, -0.19244001208391354, 0.20561723917745198, -0.4709508129377743]","[0.2421469804216933, -0.6411990605976767, -0.8384736259505959, -0.5180660818694769, -0.19245745661741473, 0.205599785884932, -0.47083747231051026]","[0.40304770032254406, -0.01756328890173071, 0.5364321944155243]","[0.40282799999999996, -0.017342, 0.5366719999999999]"
28,return,1.400000,1.401915,0.000273,0.050963,2026-09-26T05:38:53.355083+00:00,2026-09-26T05:38:53.356711+00:00,0.001641,1790401133.352156,1790401133.335590,0,1,0,0.002249,0.000491,"[0.24021063366872278, -0.6414600527215234, -0.8341826836637491, -0.5182743871123963, -0.19244004922010424, 0.20561723917745198, -0.47097448918018786]","[0.24108232957797676, -0.6412863270602766, -0.8364315907257625, -0.5180660818694769, -0.19245745661741473, 0.205599785884932, -0.47083747231051026]","[0.4032561799764528, -0.017751700815321535, 0.536214894798977]","[0.402933, -0.017606, 0.536554]"
29,return,1.450000,1.451344,0.000347,0.049429,2026-09-26T05:38:53.405160+00:00,2026-09-26T05:38:53.406140+00:00,0.000997,1790401133.402046,1790401133.395465,0,0,0,0.002210,0.000501,"[0.2391740283835625, -0.6416330384761844, -0.8317785970614617, -0.5182574801572695, -0.19244008123406173, 0.20561723917745198, -0.47099633166311544]","[0.2404540110472588, -0.6413735935228762, -0.8339881297729704, -0.5180660818694769, -0.19245745661741473, 0.205599785884932, -0.4709072854805901]","[0.4034733706390152, -0.01793021298746664, 0.535988574966892]","[0.40317899999999995, -0.017675, 0.536303]"
30,return,1.500000,1.501767,0.000287,0.050424,2026-09-26T05:38:53.455100+00:00,2026-09-26T05:38:53.456565+00:00,0.001480,1790401133.452046,1790401133.435442,0,1,0,0.002411,0.000588,"[0.23816056022577156, -0.641825132721802, -0.8293256059376874, -0.5182427399067868, -0.19244006970903704, 0.20561723917745195, -0.47101653247030206]","[0.23938936020354226, -0.6414783132779959, -0.8317366550378977, -0.5180660818694769, -0.19245745661741473, 0.205599785884932, -0.4709072854805901]","[0.4037015309828842, -0.01809338815750259, 0.5357512682723544]","[0.40331, -0.017929, 0.536158]"
31,return,1.550000,1.551217,0.000207,0.049449,2026-09-26T05:38:53.505017+00:00,2026-09-26T05:38:53.506013+00:00,0.001010,1790401133.502206,1790401133.495445,0,1,0,0.002249,0.000560,"[0.23718354341610914, -0.6420435461797201, -0.8268344104839159, -0.5182292919957407, -0.19243997095238094, 0.20561723917745198, -0.47103527779492466]","[0.23832470935982572, -0.6416179396181554, -0.8290837545748664, -0.5180660818694769, -0.19245745661741473, 0.205599785884932, -0.4709945519431898]","[0.4039428408304699, -0.018236005424248893, 0.535501069303349]","[0.403568, -0.018085, 0.535889]"
32,return,1.600000,1.601728,0.000286,0.050511,2026-09-26T05:38:53.555098+00:00,2026-09-26T05:38:53.556525+00:00,0.001442,1790401133.552082,1790401133.535452,0,1,0,0.001945,0.000637,"[0.23623909171624588, -0.6422869885081735, -0.8243117362435628, -0.5182178417556431, -0.19243963698277622, 0.20561723917745198, -0.47105251923187935]","[0.23720769863854935, -0.6417226593732751, -0.8262563211866356, -0.5180660818694769, -0.19245745661741473, 0.205599785884932, -0.4709945519431898]","[0.40419631110528015, -0.01836047935505306, 0.5352387725818313]","[0.40384, -0.018172999999999998, 0.535733]"
33,return,1.650000,1.650779,0.000408,0.049051,2026-09-26T05:38:53.605239+00:00,2026-09-26T05:38:53.605573+00:00,0.000371,1790401133.602049,1790401133.595465,0,0,0,0.002415,0.000519,"[0.23532219763100432, -0.6425522361833635, -0.8217473721471865, -0.5182084352865927, -0.19243918520180786, 0.20561723917745198, -0.4710681830210082]","[0.23624776754995244, -0.6421066318087139, -0.8241619260842424, -0.5180660818694769, -0.1924050967398549, 0.205599785884932, -0.4709945519431898]","[0.4044613125687425, -0.01846818375418864, 0.5349649213861077]","[0.40410599999999997, -0.018371, 0.53533]"
34,return,1.700000,1.700867,0.000494,0.050088,2026-09-26T05:38:53.655308+00:00,2026-09-26T05:38:53.655662+00:00,0.000373,1790401133.652005,1790401133.635962,0,1,0,0.002818,0.000663,"[0.23443347582836843, -0.6428384440368123, -0.8191275649986417, -0.5182003810871073, -0.19243884610996997, 0.20561723917745198, -0.4710822691623111]","[0.23511330353615614, -0.6424906042441525, -0.8219453579342095, -0.5181882549171165, -0.1924050967398549, 0.205599785884932, -0.4710469118207496]","[0.40473840870720784, -0.018557540829542543, 0.534679054734921]","[0.40427399999999997, -0.018632, 0.535146]"
35,return,1.750000,1.750496,0.000237,0.049630,2026-09-26T05:38:53.705043+00:00,2026-09-26T05:38:53.705290+00:00,0.000259,1790401133.702049,1790401133.695446,0,0,0,0.002470,0.000502,"[0.23357354097632252, -0.6431447669000415, -0.8164385616017841, -0.5181929876557049, -0.19243885020775653, 0.20561723917745195, -0.471094777655788]","[0.23445007842039828, -0.642717497046912, -0.8189084850357394, -0.5181882549171165, -0.1924050967398549, 0.205599785884932, -0.4710469118207496]","[0.4050281514455765, -0.018626959357633463, 0.5343807180566049]","[0.40467, -0.018602999999999998, 0.534732]"
36,return,1.800000,1.801598,0.000172,0.051102,2026-09-26T05:38:53.754984+00:00,2026-09-26T05:38:53.756395+00:00,0.001427,1790401133.752156,1790401133.735852,0,1,0,0.002951,0.000657,"[0.23274843485137178, -0.6434733214846996, -0.8136711540253216, -0.5181859765477886, -0.1924390493601834, 0.20561723917745198, -0.47110544296487006]","[0.23354250720936123, -0.6430142030197509, -0.8166221037156268, -0.5181882549171165, -0.1924050967398549, 0.205599785884932, -0.4711341782833493]","[0.40533204569230824, -0.018672857890919145, 0.5340685222027955]","[0.404871, -0.018803, 0.5345179999999999]"
37,return,1.850000,1.851755,0.000224,0.050157,2026-09-26T05:38:53.805036+00:00,2026-09-26T05:38:53.806552+00:00,0.001531,1790401133.803447,1790401133.796609,0,0,0,0.002665,0.000574,"[0.2319615222997285, -0.643826321978532, -0.8108327261220812, -0.5181798401124138, -0.1924391213275599, 0.20561723917745198, -0.4711140908311834]","[0.23261748270580423, -0.6434156287477096, -0.813497964354557, -0.5181882549171165, -0.1924050967398549, 0.205599785884932, -0.4711341782833493]","[0.4056504884522856, -0.018694388884276585, 0.5337419892065353]","[0.405244, -0.018779, 0.534138]"
38,return,1.900000,1.900976,0.000191,0.049221,2026-09-26T05:38:53.855000+00:00,2026-09-26T05:38:53.855773+00:00,0.000784,1790401133.852134,1790401133.835447,0,1,0,0.002861,0.000711,"[0.2311982258042587, -0.644197498716878, -0.8079314458563475, -0.5181745232343511, -0.19243969271267344, 0.20561723917745198, -0.4711213915501648]","[0.23225096356288544, -0.6437472413055885, -0.8107927040139657, -0.5181882549171165, -0.1924050967398549, 0.205599785884932, -0.4711341782833493]","[0.4059801634119506, -0.018698729365666793, 0.5334041292959404]","[0.405478, -0.018799, 0.533898]"
39,return,1.950000,1.951148,0.000163,0.050172,2026-09-26T05:38:53.904973+00:00,2026-09-26T05:38:53.905944+00:00,0.000985,1790401133.903568,1790401133.896253,0,0,0,0.003077,0.000618,"[0.23044352441610014, -0.6445803592691559, -0.8049753423286622, -0.5181699490801026, -0.19244141660025726, 0.20561723917745198, -0.4711280366232966]","[0.2312735791817686, -0.6440264939859076, -0.8080525370883347, -0.5181882549171165, -0.1924050967398549, 0.205599785884932, -0.4711341782833493]","[0.40631767578172606, -0.01869325383177555, 0.5330580422627927]","[0.40587799999999996, -0.018694, 0.533492]"
40,return,2.000000,2.000715,0.000161,0.049567,2026-09-26T05:38:53.954974+00:00,2026-09-26T05:38:53.955510+00:00,0.000554,1790401133.952253,1790401133.935448,0,0,0,0.003047,0.000795,"[0.22968468866863576, -0.6449698610016682, -0.8019687943313009, -0.5181663252025575, -0.19244487887134484, 0.20561723917745198, -0.47113457986643226]","[0.2304183678482914, -0.6446024526390657, -0.8050156641898646, -0.5181882549171165, -0.1924050967398549, 0.205599785884932, -0.4711341782833493]","[0.4066605205959849, -0.01868399380651953, 0.5327059649192005]","[0.406112, -0.018889, 0.533243]"
41,return,2.050000,2.050967,0.000299,0.050252,2026-09-26T05:38:54.005113+00:00,2026-09-26T05:38:54.005764+00:00,0.000668,1790401134.003568,1790401133.995472,0,1,0,0.003209,0.000499,"[0.22893167121464203, -0.6453731479955052, -0.798891474435471, -0.5181653896266634, -0.19244984743754986, 0.20561723917745198, -0.4711403638921629]","[0.2298947690726931, -0.6450736915371043, -0.802100964339034, -0.5181882549171165, -0.1924050967398549, 0.205599785884932, -0.4711341782833493]","[0.40701314976071656, -0.018664597024759203, 0.5323433900852514]","[0.406657, -0.018649, 0.532693]"
42,return,2.100000,2.101716,0.000377,0.050749,2026-09-26T05:38:54.055185+00:00,2026-09-26T05:38:54.056513+00:00,0.001339,1790401134.052212,1790401134.035459,0,0,0,0.003375,0.000798,"[0.2281854765752722, -0.6457876398744694, -0.7957587627098053, -0.5181653581249293, -0.1924560658286559, 0.20561723917745198, -0.4711455537388422]","[0.22895229127661615, -0.6452656777548237, -0.7991339046106437, -0.5181882549171165, -0.1924050967398549, 0.205599785884932, -0.4711341782833493]","[0.4073733169099132, -0.01863602004834435, 0.5319727220153024]","[0.40682799999999997, -0.018872, 0.5325059999999999]"
43,return,2.150000,2.150750,0.000300,0.049034,2026-09-26T05:38:54.105113+00:00,2026-09-26T05:38:54.105545+00:00,0.000450,1790401134.102461,1790401134.095526,0,1,0,0.003711,0.000694,"[0.22744264724311544, -0.6462075357094608, -0.7925952458736685, -0.5181636567751714, -0.19246338037766705, 0.20561723917745198, -0.47115061040745837]","[0.22807962665061898, -0.645754369945382, -0.7963064712224128, -0.5181882549171165, -0.1924050967398549, 0.205599785884932, -0.4711341782833493]","[0.4077367692912116, -0.01860208366824389, 0.5315984069774283]","[0.407261, -0.018803999999999998, 0.5320619999999999]"
44,return,2.200000,2.201342,0.000291,0.050593,2026-09-26T05:38:54.155103+00:00,2026-09-26T05:38:54.156139+00:00,0.001051,1790401134.152056,1790401134.135569,0,0,0,0.002919,0.000605,"[0.226699725710761, -0.6466270345713792, -0.7894255106464253, -0.5181577116552066, -0.19247163741758716, 0.20561723917745198, -0.47115599489899923]","[0.22738149494982127, -0.6462081555509005, -0.7923445738203858, -0.5181882549171165, -0.1924050967398549, 0.205599785884932, -0.4711341782833493]","[0.4080992817408049, -0.018566633567541454, 0.5312248946042846]","[0.407752, -0.018571, 0.53172]"
45,return,2.250000,2.250975,0.000277,0.049633,2026-09-26T05:38:54.205087+00:00,2026-09-26T05:38:54.205770+00:00,0.000698,1790401134.202451,1790401134.195673,0,0,0,0.003585,0.000711,"[0.22594580802428227, -0.6470449468215634, -0.7862467910221477, -0.5181509879557953, -0.1924814964359409, 0.20561723917745198, -0.4711618839305104]","[0.2264215638612244, -0.6466095812788593, -0.7898312996975139, -0.5181882549171165, -0.1924050967398549, 0.205599785884932, -0.4711341782833493]","[0.4084606967562043, -0.018534489892839512, 0.5308517698497686]","[0.40798999999999996, -0.018810999999999998, 0.531308]"
46,return,2.300000,2.300787,0.000313,0.049812,2026-09-26T05:38:54.255127+00:00,2026-09-26T05:38:54.255582+00:00,0.000473,1790401134.252014,1790401134.235451,0,0,0,0.003329,0.000607,"[0.22518471665020542, -0.6474646672200677, -0.7830460765285046, -0.5181442873064332, -0.19249292541877075, 0.20561723917745198, -0.4711679932180493]","[0.2257932453305064, -0.6471506333469774, -0.7863755477785651, -0.5181882549171165, -0.1924050967398549, 0.205599785884932, -0.4711341782833493]","[0.4088233339084397, -0.01850268145264245, 0.5304766775366065]","[0.40848399999999996, -0.018601, 0.5309699999999999]"
47,return,2.350000,2.351313,0.000294,0.050526,2026-09-26T05:38:54.305107+00:00,2026-09-26T05:38:54.306109+00:00,0.001019,1790401134.302217,1790401134.295259,0,0,0,0.003576,0.000656,"[0.22443508371179938, -0.647887271435864, -0.7798325871852582, -0.5181310404430403, -0.19250473344685748, 0.20561723917745198, -0.4711740922611218]","[0.22518238009230843, -0.6474298860272966, -0.7834084880501748, -0.5181882549171165, -0.19245745661741473, 0.205599785884932, -0.4711341782833493]","[0.409186706332937, -0.018463383913496462, 0.5301011617915617]","[0.40873299999999996, -0.018629, 0.5305449999999999]"
48,return,2.400000,2.400682,0.000291,0.049370,2026-09-26T05:38:54.355102+00:00,2026-09-26T05:38:54.355477+00:00,0.000391,1790401134.352055,1790401134.335463,0,0,0,0.003355,0.000753,"[0.22371554133233298, -0.6483138351379248, -0.7766155430121705, -0.5181046781015362, -0.19251572960098184, 0.20561723917745195, -0.47117995055923384]","[0.22423990229623147, -0.6477440452926555, -0.779970189423746, -0.5181882549171165, -0.19245745661741473, 0.205599785884932, -0.4711341782833493]","[0.409550328437749, -0.018408770370439163, 0.5297267697287812]","[0.409116, -0.018574, 0.530319]"
49,return,2.450000,2.450833,0.000331,0.050150,2026-09-26T05:38:54.405140+00:00,2026-09-26T05:38:54.405628+00:00,0.000502,1790401134.402970,1790401134.395490,0,0,0,0.003795,0.000683,"[0.22303854514383634, -0.6487446558255545, -0.7733998739538073, -0.518060654351177, -0.1925251678278781, 0.20561723917745198, -0.47118533668988943]","[0.2239431963233924, -0.6483549105308536, -0.777195115913075, -0.5180660818694769, -0.19245745661741473, 0.205599785884932, -0.47118653816090916]","[0.4099137768635493, -0.01833349782663279, 0.5293546606869629]","[0.409435, -0.018421, 0.529834]"
50,return,2.500000,2.501079,0.000164,0.050246,2026-09-26T05:38:54.454968+00:00,2026-09-26T05:38:54.455873+00:00,0.000914,1790401134.452092,1790401134.435662,0,0,0,0.003633,0.000643,"[0.22239048352869065, -0.6491780034132668, -0.7701760812384774, -0.518003422615175, -0.19253403031576258, 0.20561723917745198, -0.4711902458381893]","[0.2232450646225947, -0.6489134158914918, -0.7738091771642059, -0.5180660818694769, -0.19245745661741473, 0.205599785884932, -0.47118653816090916]","[0.41027716809876247, -0.01824303094125816, 0.5289839938621514]","[0.409838, -0.018435, 0.529412]"
51,return,2.550000,2.550987,0.000296,0.049909,2026-09-26T05:38:54.505107+00:00,2026-09-26T05:38:54.505783+00:00,0.000692,1790401134.503620,1790401134.495460,0,1,0,0.003108,0.000574,"[0.22177161352055766, -0.6496155051321051, -0.7669490102938981, -0.5179334826186012, -0.19254210910196728, 0.20561723917745198, -0.471194970586094]","[0.22252947962927702, -0.6493672014970103, -0.7700567192724181, -0.5180660818694769, -0.19245745661741473, 0.205599785884932, -0.47118653816090916]","[0.41064083159261283, -0.01813765901273839, 0.5286143484665383]","[0.41024499999999997, -0.018313, 0.528991]"
52,return,2.600000,2.600791,0.000301,0.049804,2026-09-26T05:38:54.555111+00:00,2026-09-26T05:38:54.555587+00:00,0.000490,1790401134.552060,1790401134.536504,0,0,0,0.003382,0.000762,"[0.22118450904162104, -0.6500591586530179, -0.7637253456343979, -0.5178506038609614, -0.19254902001900212, 0.20561723917745198, -0.47119981826759544]","[0.22186625451351916, -0.6496813607623693, -0.7671071128365476, -0.5180660818694769, -0.19245745661741473, 0.205599785884932, -0.47118653816090916]","[0.4110050919504301, -0.01801676397860168, 0.5282454215141416]","[0.410514, -0.018373999999999998, 0.528706]"
53,return,2.650000,2.652555,0.000299,0.051764,2026-09-26T05:38:54.605111+00:00,2026-09-26T05:38:54.607353+00:00,0.002256,1790401134.603908,1790401134.595622,0,0,0,0.003367,0.000611,"[0.22063244924313138, -0.6505111445619012, -0.7605108557653404, -0.5177542993715455, -0.19255437454547886, 0.20561723917745198, -0.47120507388374905]","[0.22136010903044082, -0.6499431601501685, -0.7638782537203582, -0.518031175284437, -0.19245745661741473, 0.205599785884932, -0.47118653816090916]","[0.4113703937059386, -0.017879300376554608, 0.5278768249501858]","[0.41093799999999997, -0.018045, 0.5282749999999999]"
54,return,2.700000,2.701314,0.000286,0.048759,2026-09-26T05:38:54.655102+00:00,2026-09-26T05:38:54.656112+00:00,0.001028,1790401134.652061,1790401134.635973,0,0,0,0.003241,0.000982,"[0.22013394147075674, -0.6509769243374611, -0.7572864870548863, -0.5176381893576789, -0.1925578753357601, 0.20561723917745198, -0.47121034466171297]","[0.2205398042820035, -0.6503794924631671, -0.7605272215565292, -0.5179439088218373, -0.19257962966505435, 0.205599785884932, -0.47118653816090916]","[0.4117397728024828, -0.01771438749306952, 0.5275064926713444]","[0.41113099999999997, -0.018233, 0.528077]"
55,return,2.750000,2.750590,0.000244,0.049276,2026-09-26T05:38:54.705050+00:00,2026-09-26T05:38:54.705385+00:00,0.000347,1790401134.702096,1790401134.696200,0,1,0,0.003237,0.000630,"[0.21967552541764682, -0.6514518472992848, -0.7540609812086619, -0.51750655385498, -0.1925599265340455, 0.20561723917745198, -0.4712157178843408]","[0.2201034719690049, -0.6509379978238051, -0.7572983624403395, -0.5178042824816776, -0.19257962966505435, 0.205599785884932, -0.47118653816090916]","[0.41211099962742265, -0.01752942656656194, 0.5271359529208755]","[0.411696, -0.017814, 0.527515]"
56,return,2.800000,2.801171,0.000295,0.050581,2026-09-26T05:38:54.755107+00:00,2026-09-26T05:38:54.755968+00:00,0.000877,1790401134.752225,1790401134.735307,0,0,0,0.003349,0.000883,"[0.21922919527377469, -0.6519271928453476, -0.7508597316977609, -0.5173688049669557, -0.19256110439157006, 0.20561723917745198, -0.47122165455262083]","[0.21952751331584677, -0.6514092367218436, -0.7542091296643096, -0.5178042824816776, -0.19257962966505435, 0.205599785884932, -0.47118653816090916]","[0.41247947159490095, -0.017340556010408213, 0.5267683476379974]","[0.41195499999999996, -0.017873, 0.527238]"
57,return,2.850000,2.850398,0.000220,0.049226,2026-09-26T05:38:54.805020+00:00,2026-09-26T05:38:54.805191+00:00,0.000178,1790401134.802451,1790401134.795575,0,1,0,0.003185,0.000652,"[0.2187669452291138, -0.6523942403736246, -0.7477081319932779, -0.5172343547971128, -0.19256198515956896, 0.20561723917745195, -0.47122861566754104]","[0.21910863429536814, -0.6519502887899619, -0.7508930040855205, -0.5175424830938786, -0.19257962966505435, 0.205599785884932, -0.47118653816090916]","[0.4128406511418824, -0.0171639480429728, 0.526406808633073]","[0.412431, -0.017511, 0.5267769999999999]"
58,return,2.900000,2.900517,0.000217,0.050120,2026-09-26T05:38:54.855020+00:00,2026-09-26T05:38:54.855311+00:00,0.000300,1790401134.852144,1790401134.835348,0,0,0,0.002727,0.000857,"[0.218283354834046, -0.6528516141547228, -0.7446050546916856, -0.5171046657430303, -0.19256270744567267, 0.20561723917745198, -0.47123704256071414]","[0.21842795588709035, -0.6522993546403608, -0.747332532411452, -0.5172981369985993, -0.19257962966505435, 0.205599785884932, -0.47118653816090916]","[0.4131941927286001, -0.017002099348531877, 0.5260514957639829]","[0.41268099999999996, -0.017483, 0.5265409999999999]"
59,return,2.950000,2.950469,0.000227,0.049952,2026-09-26T05:38:54.905031+00:00,2026-09-26T05:38:54.905263+00:00,0.000242,1790401134.902148,1790401134.895457,0,1,0,0.003190,0.000619,"[0.21780220759054805, -0.6533069248539547, -0.7415249695582619, -0.5169715089370707, -0.19256279964587028, 0.20561723917745198, -0.4712467748037961]","[0.21807889003669148, -0.6528927665860388, -0.7447145385334606, -0.5168967112706406, -0.19257962966505435, 0.205599785884932, -0.4712563513309889]","[0.41354430234150924, -0.016840874926616876, 0.5256994581038785]","[0.413147, -0.017092, 0.526103]"
60,return,3.000000,3.001284,0.000172,0.050815,2026-09-26T05:38:54.954983+00:00,2026-09-26T05:38:54.956081+00:00,0.001113,1790401134.952066,1790401134.935460,0,0,0,0.003458,0.000732,"[0.2173064875935932, -0.6537540860801635, -0.7384985577454363, -0.5168415099878795, -0.1925625435342102, 0.20561723917745198, -0.4712572036705935]","[0.21785199723393223, -0.6534338186541571, -0.7419569183153095, -0.5168967112706406, -0.19257962966505435, 0.205599785884932, -0.4712738046235088]","[0.4138870728901141, -0.01669182415849984, 0.5253536944215942]","[0.41342199999999996, -0.017020999999999998, 0.525814]"
61,return,3.050000,3.050501,0.000188,0.049217,2026-09-26T05:38:55.004996+00:00,2026-09-26T05:38:55.005295+00:00,0.000313,1790401135.002065,1790401134.995460,0,1,0,0.003135,0.000607,"[0.21677783163715542, -0.6541865669860183, -0.7355582045726208, -0.5167217759940231, -0.19256224644468456, 0.20561723917745198, -0.4712677144931221]","[0.21729349187329405, -0.6537305246269961, -0.73869315261408, -0.5167570849304811, -0.19257962966505435, 0.205599785884932, -0.4712738046235088]","[0.41421839436141555, -0.01656735595371343, 0.5250173749213298]","[0.41381199999999996, -0.016765, 0.525423]"
62,return,3.100000,3.100511,0.000156,0.050010,2026-09-26T05:38:55.054968+00:00,2026-09-26T05:38:55.055306+00:00,0.000356,1790401135.052069,1790401135.035582,0,0,0,0.002871,0.000696,"[0.21619988688929598, -0.6545985538368356, -0.7327326868483852, -0.5166184797587324, -0.19256217637253437, 0.20561723917745198, -0.47127785323663085]","[0.21685715956029547, -0.6541494036474748, -0.7356039198380501, -0.5166349118828415, -0.19257962966505435, 0.205599785884932, -0.4712738046235088]","[0.41453464763138437, -0.016478520695311378, 0.5246933367346963]","[0.41407099999999997, -0.016703, 0.525162]"
63,return,3.150000,3.150312,0.000121,0.049800,2026-09-26T05:38:55.104920+00:00,2026-09-26T05:38:55.105105+00:00,0.000191,1790401135.102021,1790401135.095351,0,1,0,0.002820,0.000519,"[0.21557992635771453, -0.6549926464220767, -0.7300087879817337, -0.5165278397933466, -0.19256217637253437, 0.20561723917745198, -0.4712884408926574]","[0.21610666798193787, -0.6546031892529932, -0.7328288463273791, -0.5166349118828415, -0.19257962966505435, 0.205599785884932, -0.4712738046235088]","[0.41483752353605075, -0.016420305922150817, 0.5243804697568129]","[0.41448399999999996, -0.016582, 0.524725]"
64,return,3.200000,3.201303,0.000271,0.050991,2026-09-26T05:38:55.155078+00:00,2026-09-26T05:38:55.156098+00:00,0.001032,1790401135.152069,1790401135.135489,0,0,0,0.002713,0.000568,"[0.21492436886650226, -0.6553711136349378, -0.7273756013039561, -0.5164483970297382, -0.19256217637253434, 0.20561723917745198, -0.47129907977101604]","[0.2157401488390191, -0.6549348018108722, -0.730088679401748, -0.5164603789576421, -0.19257962966505435, 0.205599785884932, -0.4712738046235088]","[0.4151286212165605, -0.0163886288308269, 0.5240774548799764]","[0.414802, -0.016349, 0.52454]"
65,return,3.250000,3.251346,0.000194,0.050043,2026-09-26T05:38:55.205001+00:00,2026-09-26T05:38:55.206141+00:00,0.001152,1790401135.202154,1790401135.195485,0,1,0,0.002451,0.000468,"[0.21423640300582705, -0.6557350695611406, -0.7248280942209328, -0.5163803819684013, -0.19256217637253437, 0.20561723917745198, -0.4713090015367265]","[0.21528636323350056, -0.6554933071715103, -0.7272786993060372, -0.5163731124950424, -0.19257962966505435, 0.205599785884932, -0.4712738046235088]","[0.4154088219094138, -0.016381654174172797, 0.5237834536414734]","[0.415087, -0.016316, 0.5241169999999999]"
66,return,3.300000,3.300330,0.000153,0.048984,2026-09-26T05:38:55.254954+00:00,2026-09-26T05:38:55.255123+00:00,0.000177,1790401135.252103,1790401135.235958,0,0,0,0.002649,0.000535,"[0.2135192173658564, -0.6560856282864059, -0.7223612341385434, -0.51632402510983, -0.19256217637253437, 0.20561723917745198, -0.4713174378548086]","[0.21443115190002332, -0.6557900131443494, -0.7250097712784445, -0.5163382059100025, -0.19257962966505435, 0.205599785884932, -0.4712738046235088]","[0.4156789952764763, -0.016397537790958084, 0.5234976284811586]","[0.41530999999999996, -0.016492, 0.523874]"
67,return,3.350000,3.351391,0.000296,0.051062,2026-09-26T05:38:55.305108+00:00,2026-09-26T05:38:55.306189+00:00,0.001095,1790401135.302116,1790401135.295313,0,1,0,0.002393,0.000511,"[0.21277003953787021, -0.6564241203108079, -0.7199988778579216, -0.516281286988782, -0.19256217637253437, 0.20561723917745198, -0.4713242248138]","[0.21350612739646635, -0.6559645460695489, -0.722391777400453, -0.5162509394474027, -0.19257962966505435, 0.205599785884932, -0.4712738046235088]","[0.4159383388950123, -0.016440015536228193, 0.5232205152554374]","[0.415585, -0.016443, 0.523589]"
68,return,3.400000,3.401908,0.000232,0.050517,2026-09-26T05:38:55.355044+00:00,2026-09-26T05:38:55.356705+00:00,0.001676,1790401135.352106,1790401135.335693,0,0,0,0.002174,0.000634,"[0.21198760817194282, -0.6567496991853099, -0.7177395783481889, -0.5162516950792445, -0.19256217637253437, 0.20561723917745198, -0.4713298131702224]","[0.21273818252558882, -0.6561739855797882, -0.719913409862621, -0.5162509394474027, -0.19257962966505435, 0.205599785884932, -0.4712738046235088]","[0.41618661254867084, -0.016509512139738062, 0.5229524378556939]","[0.415749, -0.016569999999999998, 0.523407]"
69,return,3.450000,3.451759,0.000339,0.049851,2026-09-26T05:38:55.405149+00:00,2026-09-26T05:38:55.406555+00:00,0.001419,1790401135.402093,1790401135.395585,0,1,0,0.002488,0.000465,"[0.21117737844643322, -0.6570602135719678, -0.7155403472672045, -0.5162318302905559, -0.19256217637253437, 0.20561723917745198, -0.4713343565910716]","[0.2119178777771515, -0.6566801310628665, -0.7180284542704671, -0.5162509394474027, -0.19257962966505435, 0.205599785884932, -0.4712738046235088]","[0.41642549917466104, -0.016599187683697062, 0.5226922588211158]","[0.416101, -0.016627, 0.5230239999999999]"
70,return,3.500000,3.500388,0.000171,0.048629,2026-09-26T05:38:55.454975+00:00,2026-09-26T05:38:55.455182+00:00,0.000217,1790401135.452072,1790401135.436671,0,0,0,0.001982,0.000533,"[0.21034480553970084, -0.6573535121328367, -0.7133581962728295, -0.5162182735320544, -0.19256217637253437, 0.20561723917745195, -0.471338008743344]","[0.211149932906274, -0.6570466502057853, -0.715340647222396, -0.516163672984803, -0.19257962966505435, 0.205599785884932, -0.4712738046235088]","[0.4166566570280005, -0.016702173664936353, 0.5224388623486039]","[0.41629499999999997, -0.016802, 0.522817]"
71,return,3.550000,3.551487,0.000167,0.051099,2026-09-26T05:38:55.504976+00:00,2026-09-26T05:38:55.506284+00:00,0.001320,1790401135.502105,1790401135.496157,0,1,0,0.002007,0.000277,"[0.2094925869221936, -0.6576283779789753, -0.7111698305241335, -0.5162095336192104, -0.19256217637253437, 0.20561723917745198, -0.4713407720857113]","[0.21003292218499764, -0.6575353423963437, -0.713176438949923, -0.516163672984803, -0.19257962966505435, 0.205599785884932, -0.47134361779358863]","[0.41688098869206125, -0.016814894634805833, 0.5221916008792957]","[0.416688, -0.016835, 0.522389]"
72,return,3.600000,3.601516,0.000281,0.050029,2026-09-26T05:38:55.555092+00:00,2026-09-26T05:38:55.556313+00:00,0.001235,1790401135.552064,1790401135.535589,0,0,0,0.002098,0.000393,"[0.2086146110525903, -0.6578868783924814, -0.7090188460137818, -0.5162098878216362, -0.19256217637253437, 0.20561723917745198, -0.4713423097801182]","[0.20952677670191927, -0.6577971417841428, -0.7111169504325696, -0.516163672984803, -0.19257962966505435, 0.205599785884932, -0.47134361779358863]","[0.41709687176930355, -0.016944696191781756, 0.5219514728257287]","[0.416828, -0.017012, 0.52223]"
73,return,3.650000,3.651459,0.000286,0.049943,2026-09-26T05:38:55.605097+00:00,2026-09-26T05:38:55.606257+00:00,0.001173,1790401135.602076,1790401135.595792,0,1,0,0.001825,0.000345,"[0.20771458396905634, -0.6581281373690326, -0.7068838326265507, -0.5162162504036069, -0.19256217637253437, 0.20561723917745198, -0.4713430074282802]","[0.20868901866096198, -0.6579891280018623, -0.7087083960648175, -0.516163672984803, -0.19257962966505435, 0.205599785884932, -0.47134361779358863]","[0.41730508320539145, -0.017087520593022553, 0.5217181528753537]","[0.41711899999999996, -0.016878, 0.521919]"
74,return,3.700000,3.701391,0.000314,0.049932,2026-09-26T05:38:55.655126+00:00,2026-09-26T05:38:55.656189+00:00,0.001077,1790401135.653795,1790401135.635495,0,0,0,0.002211,0.000450,"[0.206797423015465, -0.6583508871559118, -0.7047349789652106, -0.5162246644399746, -0.19256217637253437, 0.20561723917745198, -0.4713433260311854]","[0.20765927440228532, -0.658076394464462, -0.7069456135203033, -0.516163672984803, -0.19257962966505435, 0.205599785884932, -0.47134361779358863]","[0.4175067012343488, -0.017237856098214193, 0.521491146931324]","[0.41719799999999996, -0.017225, 0.521818]"
75,return,3.750000,3.751531,0.000285,0.050140,2026-09-26T05:38:55.705096+00:00,2026-09-26T05:38:55.706328+00:00,0.001245,1790401135.702254,1790401135.695721,0,1,0,0.002430,0.000510,"[0.20586791087217826, -0.658553849397379, -0.702543578242121, -0.5162313309240412, -0.19256217637253437, 0.20561723917745198, -0.47134370814978216]","[0.20718803550424686, -0.6582160208046215, -0.7049733914655496, -0.516163672984803, -0.19257962966505435, 0.205599785884932, -0.47134361779358863]","[0.41770273443715344, -0.017390364836787835, 0.5212700158607937]","[0.41740099999999997, -0.017145999999999998, 0.521601]"
76,return,3.800000,3.800507,0.000166,0.048976,2026-09-26T05:38:55.754975+00:00,2026-09-26T05:38:55.755301+00:00,0.000341,1790401135.753301,1790401135.735341,0,0,0,0.002051,0.000521,"[0.20492520252438498, -0.6587361348225282, -0.7003217939683526, -0.5162381404208586, -0.19256217637253434, 0.20561723917745198, -0.47134393250359635]","[0.20601866490541065, -0.6583381938522611, -0.7023728508800781, -0.516163672984803, -0.19257962966505435, 0.205599785884932, -0.47134361779358863]","[0.4178922545197451, -0.017546927983683517, 0.5210555006908202]","[0.41755, -0.017417, 0.521426]"
77,return,3.850000,3.851010,0.000159,0.050503,2026-09-26T05:38:55.804969+00:00,2026-09-26T05:38:55.805806+00:00,0.000851,1790401135.802078,1790401135.795475,0,1,0,0.002183,0.000467,"[0.20396715308815444, -0.658899017228312, -0.698078045558618, -0.5162460307088815, -0.19256217637253437, 0.20561723917745198, -0.4713438905012841]","[0.2049540140616941, -0.6585127267774606, -0.7002610024851649, -0.516163672984803, -0.19257962966505435, 0.205599785884932, -0.47134361779358863]","[0.41807526521637717, -0.017709294513859292, 0.5208474321671184]","[0.417773, -0.017575999999999998, 0.521177]"
78,return,3.900000,3.900663,0.000295,0.049653,2026-09-26T05:38:55.855108+00:00,2026-09-26T05:38:55.855457+00:00,0.000368,1790401135.852964,1790401135.836322,0,0,0,0.002082,0.000499,"[0.2029931863122517, -0.6590442637851845, -0.695805533248343, -0.5162536956186436, -0.1925621763725344, 0.20561723917745198, -0.4713437358098414]","[0.20388936321797757, -0.6587745261652597, -0.6978873547024527, -0.516163672984803, -0.19257962966505435, 0.205599785884932, -0.47134361779358863]","[0.4182527042081709, -0.017876675821002542, 0.5206449741550647]","[0.417913, -0.017873999999999998, 0.52101]"
79,return,3.950000,3.950793,0.000395,0.050130,2026-09-26T05:38:55.905208+00:00,2026-09-26T05:38:55.905587+00:00,0.000398,1790401135.902080,1790401135.895835,0,1,0,0.002261,0.000308,"[0.20200272594544152, -0.6591736416635999, -0.6934974572729529, -0.5162598289806787, -0.19256217637253437, 0.20561723917745195, -0.4713436220962643]","[0.20292943212938072, -0.6591061387231386, -0.6957580530150196, -0.516163672984803, -0.19257962966505435, 0.205599785884932, -0.47134361779358863]","[0.41842550429738856, -0.018048284209614487, 0.5204472929263485]","[0.41825399999999996, -0.017877, 0.5206379999999999]"
80,return,4.000000,4.000929,0.000265,0.050136,2026-09-26T05:38:55.955073+00:00,2026-09-26T05:38:55.955725+00:00,0.000664,1790401135.952278,1790401135.936036,0,0,0,0.002690,0.000427,"[0.20099793469702615, -0.6592867281768748, -0.6911484291455652, -0.5162636425857414, -0.1925621763725344, 0.20561723917745198, -0.471343558785462]","[0.20179496811558437, -0.6591759518932184, -0.6938381908378257, -0.516163672984803, -0.19257962966505435, 0.205599785884932, -0.47134361779358863]","[0.41859378625942445, -0.018222567859457525, 0.5202544224847021]","[0.41830399999999995, -0.018206999999999997, 0.520567]"
81,return,4.050000,4.051511,0.000297,0.050582,2026-09-26T05:38:56.005108+00:00,2026-09-26T05:38:56.006307+00:00,0.001214,1790401136.002082,1790401135.995344,0,1,0,0.002476,0.000337,"[0.19998079441025338, -0.6593815207367169, -0.6887615509418287, -0.5162658943194566, -0.19256217637253437, 0.20561723917745198, -0.471343402045126]","[0.20104447653722682, -0.6592981249408579, -0.6912376502523543, -0.516163672984803, -0.19257962966505435, 0.205599785884932, -0.47134361779358863]","[0.4187567040452498, -0.018399240357048267, 0.5200672324549539]","[0.418572, -0.018206999999999997, 0.520274]"
82,return,4.100000,4.101474,0.000427,0.049963,2026-09-26T05:38:56.055241+00:00,2026-09-26T05:38:56.056271+00:00,0.001046,1790401136.052496,1790401136.036682,0,0,0,0.002329,0.000403,"[0.1989452140839568, -0.6594610234304538, -0.6863429712368108, -0.5162671420954643, -0.19256217637253437, 0.20561723917745198, -0.4713432965271221]","[0.20011945203366985, -0.6594028446959777, -0.6886720162519225, -0.516163672984803, -0.19257962966505435, 0.205599785884932, -0.47134361779358863]","[0.418914934349888, -0.018581297159780075, 0.5198847869908192]","[0.418759, -0.018309, 0.520138]"
83,return,4.150000,4.150984,0.000389,0.049510,2026-09-26T05:38:56.105198+00:00,2026-09-26T05:38:56.105779+00:00,0.000594,1790401136.102119,1790401136.096682,0,1,0,0.002382,0.000357,"[0.19788489337129905, -0.6595283864315041, -0.6838988367103527, -0.5162679237482509, -0.19256217637253437, 0.20561723917745198, -0.47134339589844626]","[0.19908970777499319, -0.6594377512810176, -0.6862809151766903, -0.516163672984803, -0.19257962966505435, 0.205599785884932, -0.47134361779358863]","[0.4190691994570581, -0.018771818544983918, 0.5197060889859374]","[0.418875, -0.018567999999999998, 0.519925]"
84,return,4.200000,4.200684,0.000294,0.049700,2026-09-26T05:38:56.155106+00:00,2026-09-26T05:38:56.155478+00:00,0.000390,1790401136.152929,1790401136.135502,0,1,0,0.002528,0.000433,"[0.1967942810008263, -0.6595858608589151, -0.6814311880601619, -0.516268679584982, -0.19256217637253437, 0.20561723917745198, -0.4713438013744264]","[0.19792033717615698, -0.6594901111585774, -0.6839596272715379, -0.516163672984803, -0.1924923632024546, 0.205599785884932, -0.47134361779358863]","[0.4192201355533251, -0.01897321713414562, 0.5195302696715374]","[0.418938, -0.018864, 0.51984]"
85,return,4.250000,4.250771,0.000450,0.050087,2026-09-26T05:38:56.205260+00:00,2026-09-26T05:38:56.205565+00:00,0.000321,1790401136.202147,1790401136.195727,0,0,0,0.001902,0.000392,"[0.19567623937889594, -0.6596287700625522, -0.6789163487877131, -0.5162689574661332, -0.19256217637253437, 0.20561723917745198, -0.47134423164201533]","[0.19675096657732077, -0.6594901111585774, -0.6808180346179481, -0.516163672984803, -0.1924923632024546, 0.205599785884932, -0.47134361779358863]","[0.41936741652054177, -0.01918215018573899, 0.5193578949760114]","[0.41917699999999997, -0.018917, 0.519575]"
86,return,4.300000,4.300740,0.000315,0.049968,2026-09-26T05:38:56.255124+00:00,2026-09-26T05:38:56.255536+00:00,0.000425,1790401136.253479,1790401136.235481,0,1,0,0.002297,0.000424,"[0.19453258146872693, -0.6596596497015164, -0.6763746997466898, -0.5162688230075116, -0.19256217637253434, 0.20561723917745198, -0.47134486679893217]","[0.19561650256352445, -0.6595773776211772, -0.678671279637995, -0.516163672984803, -0.1924923632024546, 0.205599785884932, -0.47143088425618834]","[0.4195107705714783, -0.019399736474856412, 0.5191891965603294]","[0.41924, -0.019268999999999998, 0.519488]"
87,return,4.350000,4.350328,0.000109,0.049588,2026-09-26T05:38:56.304912+00:00,2026-09-26T05:38:56.305121+00:00,0.000219,1790401136.302283,1790401136.295507,0,0,0,0.002233,0.000364,"[0.19336384510480573, -0.6596831482024379, -0.673837358503789, -0.5162685451263604, -0.19256217637253437, 0.20561723917745198, -0.4713460141791693]","[0.19456930501232786, -0.6595773776211772, -0.6760707390525236, -0.516163672984803, -0.1924923632024546, 0.205599785884932, -0.47143088425618834]","[0.4196500709158041, -0.01962861704086891, 0.5190241436713745]","[0.41944899999999996, -0.019427, 0.519251]"
88,return,4.400000,4.400795,0.000244,0.050467,2026-09-26T05:38:56.355052+00:00,2026-09-26T05:38:56.355589+00:00,0.000550,1790401136.353169,1790401136.335476,0,1,0,0.002536,0.000429,"[0.19217056812161828, -0.6597039139919467, -0.6713354426257065, -0.5162683927399228, -0.19256217637253437, 0.20561723917745198, -0.4713479811167185]","[0.19329521465837202, -0.6595773776211772, -0.6738716241950107, -0.516163672984803, -0.1924923632024546, 0.205599785884932, -0.47143088425618834]","[0.4197852021046912, -0.019871458201644758, 0.5188626844217065]","[0.419549, -0.019634, 0.51913]"
89,return,4.450000,4.450367,0.000206,0.049572,2026-09-26T05:38:56.405006+00:00,2026-09-26T05:38:56.405160+00:00,0.000161,1790401136.402081,1790401136.395282,0,0,0,0.002387,0.000376,"[0.1909456639095308, -0.6597210622042573, -0.6688496412932744, -0.5162683927399228, -0.19256217637253437, 0.20561723917745198, -0.47135088542294346]","[0.1921607506445757, -0.659612284206217, -0.6712361770244992, -0.516163672984803, -0.1924923632024546, 0.205599785884932, -0.47143088425618834]","[0.4199168492483303, -0.02012934049789733, 0.5187039854145465]","[0.419699, -0.019943, 0.518948]"
90,return,4.500000,4.501269,0.000287,0.050902,2026-09-26T05:38:56.455098+00:00,2026-09-26T05:38:56.456066+00:00,0.000981,1790401136.452707,1790401136.435326,0,0,0,0.002025,0.000400,"[0.18969008776503554, -0.6597321969147896, -0.6663662781438464, -0.5162683927399228, -0.19256217637253437, 0.20561723917745198, -0.47135453757521584]","[0.1909564734606996, -0.6596820973762968, -0.6683912903437484, -0.5162683927399228, -0.1924923632024546, 0.20568705234753173, -0.47143088425618834]","[0.42004492493285783, -0.020400621216646965, 0.5185482240586194]","[0.41992599999999997, -0.020107999999999997, 0.518794]"
91,return,4.550000,4.551074,0.000318,0.049805,2026-09-26T05:38:56.505130+00:00,2026-09-26T05:38:56.505870+00:00,0.000756,1790401136.502043,1790401136.495602,0,0,0,0.002459,0.000386,"[0.18841644038180694, -0.6597396999619826, -0.6639249224289, -0.5162683927399228, -0.19256217637253434, 0.20561723917745198, -0.4713587839065394]","[0.18980455615438332, -0.6597344572538566, -0.6663841617039549, -0.5162683927399228, -0.1924923632024546, 0.20568705234753173, -0.47143088425618834]","[0.42016818235871545, -0.02068391452423805, 0.518396831421309]","[0.420017, -0.020371999999999998, 0.518566]"
92,return,4.600000,4.600902,0.000292,0.049828,2026-09-26T05:38:56.555103+00:00,2026-09-26T05:38:56.555699+00:00,0.000610,1790401136.552955,1790401136.535604,0,1,0,0.001887,0.000361,"[0.18713732245351947, -0.6597459531842744, -0.6615651433999133, -0.5162683927399226, -0.19256217637253437, 0.20561723917745198, -0.4713634707499184]","[0.18851301250790753, -0.6597344572538566, -0.6634520085606045, -0.5162683927399228, -0.1924923632024546, 0.20568705234753173, -0.47143088425618834]","[0.42028540050668983, -0.020977852679971924, 0.5182512155929461]","[0.420081, -0.02078, 0.518474]"
93,return,4.650000,4.650769,0.000417,0.049867,2026-09-26T05:38:56.605245+00:00,2026-09-26T05:38:56.605564+00:00,0.000352,1790401136.602005,1790401136.596024,0,0,0,0.002340,0.000378,"[0.18585869026660662, -0.6597525187603468, -0.6593143592443209, -0.5162683927399228, -0.19256217637253437, 0.20561723917745198, -0.47136863068275586]","[0.18722146886143173, -0.6597344572538566, -0.6616543194310504, -0.5162683927399228, -0.1924923632024546, 0.20568705234753173, -0.47143088425618834]","[0.4203956628285236, -0.021282681181133738, 0.5181123640435195]","[0.420274, -0.020953, 0.518251]"
94,return,4.700000,4.700392,0.000143,0.049623,2026-09-26T05:38:56.654942+00:00,2026-09-26T05:38:56.655186+00:00,0.000249,1790401136.653556,1790401136.636171,0,1,0,0.002397,0.000368,"[0.18456581222715965, -0.6597575892589926, -0.6571458264752457, -0.5162683927399228, -0.19256217637253437, 0.20561723917745198, -0.47137467901571967]","[0.1859648317999958, -0.6598042704239364, -0.6595424710361372, -0.5162683927399228, -0.1924923632024546, 0.20568705234753173, -0.47143088425618834]","[0.420499598304967, -0.021601994441170193, 0.5179793636548826]","[0.420307, -0.021370999999999998, 0.518191]"
95,return,4.750000,4.750455,0.000283,0.050063,2026-09-26T05:38:56.705084+00:00,2026-09-26T05:38:56.705248+00:00,0.000172,1790401136.702085,1790401136.696085,0,0,0,0.002043,0.000328,"[0.18326829856666577, -0.6597613126103063, -0.6550563963534943, -0.5162683927399228, -0.19256217637253437, 0.20561723917745198, -0.47138109614947393]","[0.18451620852084052, -0.6598042704239364, -0.6570990100833451, -0.5162683927399228, -0.1924923632024546, 0.20568705234753173, -0.47143088425618834]","[0.4205976624170126, -0.02193144205588727, 0.5178519361023958]","[0.42049699999999995, -0.021641, 0.5179659999999999]"
96,return,4.800000,4.801890,0.000303,0.051435,2026-09-26T05:38:56.755118+00:00,2026-09-26T05:38:56.756687+00:00,0.001587,1790401136.752090,1790401136.737508,0,0,0,0.002079,0.000329,"[0.1819787115620503, -0.6597641498152764, -0.6530472982150349, -0.5162683927399228, -0.19256217637253437, 0.20561723917745198, -0.4713872674160346]","[0.1831024918267251, -0.6598042704239364, -0.6551267880285916, -0.5162683927399228, -0.1924923632024546, 0.20568705234753173, -0.47143088425618834]","[0.42069024157874274, -0.022265856683868237, 0.5177299401003258]","[0.420562, -0.021998999999999998, 0.517873]"
97,return,4.850000,4.851135,0.000155,0.049245,2026-09-26T05:38:56.804966+00:00,2026-09-26T05:38:56.805930+00:00,0.000980,1790401136.802091,1790401136.796607,0,0,0,0.001912,0.000418,"[0.18070938099207426, -0.6597665348294995, -0.6511206961009507, -0.5162683927399228, -0.19256217637253437, 0.20561723917745198, -0.4713926012999115]","[0.18222982720072797, -0.6598042704239364, -0.6530323929261984, -0.5162683927399228, -0.1924923632024546, 0.20568705234753173, -0.47143088425618834]","[0.4207776663951106, -0.022600262665498343, 0.5176133015748791]","[0.420682, -0.02221, 0.517728]"
98,return,4.900000,4.900864,0.000464,0.049729,2026-09-26T05:38:56.855278+00:00,2026-09-26T05:38:56.855659+00:00,0.000400,1790401136.852136,1790401136.839523,0,1,0,0.001970,0.000401,"[0.1794608725049497, -0.6597680361560508, -0.6493000346774915, -0.5162683927399228, -0.19256217637253437, 0.20561723917745198, -0.47139735780566205]","[0.18086847038417236, -0.6598042704239364, -0.6512696103816841, -0.5162683927399228, -0.1924923632024546, 0.20568705234753173, -0.47143088425618834]","[0.42085842068416607, -0.022936896064346225, 0.5175035753193998]","[0.42073, -0.022588, 0.517653]"
99,return,4.950000,4.951519,0.000230,0.050655,2026-09-26T05:38:56.905045+00:00,2026-09-26T05:38:56.906316+00:00,0.001289,1790401136.902129,1790401136.897089,0,0,0,0.001728,0.000441,"[0.17822593281357482, -0.6597686820696574, -0.6475693760136084, -0.5162683927399228, -0.19256217637253437, 0.20561723917745198, -0.4714017045327565]","[0.17950711356761678, -0.6598042704239364, -0.6492973883269304, -0.5162683927399228, -0.1924923632024546, 0.20568705234753173, -0.47143088425618834]","[0.42093332777266274, -0.023277172654682935, 0.5173997653471608]","[0.42086599999999996, -0.02285, 0.517487]"
100,return,5.000000,5.000593,0.000229,0.049074,2026-09-26T05:38:56.955041+00:00,2026-09-26T05:38:56.955388+00:00,0.000365,1790401136.952178,1790401136.936337,0,1,0,0.001518,0.000447,"[0.1769991067395904, -0.6597689335713077, -0.6458939913681978, -0.5162683927399228, -0.1925621763725344, 0.20561723917745198, -0.4714054878141988]","[0.17826792979870082, -0.6598042704239364, -0.6474124327347767, -0.5162683927399228, -0.1924923632024546, 0.20568705234753173, -0.47143088425618834]","[0.42100452159450774, -0.023619767920430003, 0.5172995841052416]","[0.420896, -0.023207, 0.517431]"
101,return,5.050000,5.051331,0.000301,0.050737,2026-09-26T05:38:57.005116+00:00,2026-09-26T05:38:57.006127+00:00,0.001030,1790401137.002568,1790401136.998008,0,0,0,0.001742,0.000233,"[0.17577493910463732, -0.6597692516619894, -0.6442391520001567, -0.5162683927399228, -0.19256217637253437, 0.20561723917745198, -0.4714085539829929]","[0.17669713347190594, -0.6598042704239364, -0.6459812627481413, -0.5162683927399228, -0.1924923632024546, 0.20568705234753173, -0.47143088425618834]","[0.42107412467552735, -0.023963349659279907, 0.5172007575729379]","[0.420992, -0.023764, 0.51729]"
102,return,5.100000,5.101493,0.000308,0.050162,2026-09-26T05:38:57.055123+00:00,2026-09-26T05:38:57.056290+00:00,0.001185,1790401137.052205,1790401137.036854,0,1,0,0.002091,0.000422,"[0.17455406895852968, -0.659769590856272, -0.6425987448314933, -0.5162683927399228, -0.1925621763725344, 0.20561723917745198, -0.47141071658985045]","[0.17570229579826915, -0.6598042704239364, -0.6446897191016655, -0.5162683927399228, -0.1924923632024546, 0.20568705234753173, -0.47143088425618834]","[0.4211425037586609, -0.024307019535948042, 0.5171029351920264]","[0.421051, -0.023910999999999998, 0.517216]"
103,return,5.150000,5.151570,0.000310,0.050078,2026-09-26T05:38:57.105125+00:00,2026-09-26T05:38:57.106367+00:00,0.001260,1790401137.102225,1790401137.095513,0,0,0,0.001750,0.000319,"[0.1733422412955813, -0.6597694712521267, -0.6410026620882782, -0.5162683927399228, -0.19256217637253437, 0.20561723917745198, -0.4714120032948306]","[0.17451547190691302, -0.6598042704239364, -0.6427524036319517, -0.5162683927399228, -0.1924923632024546, 0.20568705234753173, -0.47143088425618834]","[0.42120784574594167, -0.024651499125607816, 0.5170080862131674]","[0.421127, -0.024357999999999998, 0.517103]"
104,return,5.200000,5.201967,0.000383,0.050396,2026-09-26T05:38:57.155191+00:00,2026-09-26T05:38:57.156764+00:00,0.001584,1790401137.152054,1790401137.135358,0,1,0,0.001736,0.000456,"[0.17213186322462867, -0.6597695129983273, -0.6394282668804361, -0.5162683927399228, -0.19256217637253437, 0.20561723917745198, -0.47141271630969217]","[0.17367771386595574, -0.6598042704239364, -0.6411641540126369, -0.5162683927399228, -0.19259708295757427, 0.20568705234753173, -0.47143088425618834]","[0.42127155151350176, -0.02499759682246434, 0.5169146014348789]","[0.42117899999999997, -0.024565999999999998, 0.517031]"
105,return,5.250000,5.251004,0.000186,0.049037,2026-09-26T05:38:57.204997+00:00,2026-09-26T05:38:57.205799+00:00,0.000818,1790401137.202037,1790401137.195900,0,0,0,0.001463,0.000382,"[0.17091494406187854, -0.6597703691796069, -0.6378512029890965, -0.5162683927399228, -0.19256217637253437, 0.20561723917745198, -0.4714131629684273]","[0.1721767307092406, -0.6598042704239364, -0.639314105005523, -0.5162683927399228, -0.19259708295757427, 0.20568705234753173, -0.47143088425618834]","[0.42133511451790034, -0.02534610513588792, 0.5168207641757153]","[0.42126199999999997, -0.024982999999999998, 0.516914]"
106,return,5.300000,5.301439,0.000307,0.050435,2026-09-26T05:38:57.255118+00:00,2026-09-26T05:38:57.256236+00:00,0.001132,1790401137.252055,1790401137.235614,0,1,0,0.001649,0.000412,"[0.1696827456872681, -0.6597725355256945, -0.6362517889502967, -0.5162683927399228, -0.19256217637253437, 0.20561723917745198, -0.47141359487513085]","[0.17088518706276482, -0.6598042704239364, -0.6379003883114075, -0.5162683927399228, -0.19259708295757427, 0.20568705234753173, -0.47143088425618834]","[0.42139965959790826, -0.0256986260853671, 0.516725207307536]","[0.421367, -0.025307999999999997, 0.516851]"
107,return,5.350000,5.351683,0.000299,0.050244,2026-09-26T05:38:57.305110+00:00,2026-09-26T05:38:57.306480+00:00,0.001384,1790401137.302056,1790401137.295343,0,0,0,0.001148,0.000368,"[0.16842839529317785, -0.6597752221370085, -0.6346520975937913, -0.5162683927399228, -0.19256217637253437, 0.20561723917745198, -0.47141375366436006]","[0.16957619012376907, -0.6598042704239364, -0.6357187267464146, -0.5162683927399228, -0.19259708295757427, 0.20568705234753173, -0.47143088425618834]","[0.4214633826703835, -0.026060407290785684, 0.5166295648545169]","[0.421423, -0.025699, 0.516686]"
108,return,5.400000,5.401671,0.000296,0.049988,2026-09-26T05:38:57.355108+00:00,2026-09-26T05:38:57.356468+00:00,0.001375,1790401137.352057,1790401137.335519,0,1,0,0.001519,0.000426,"[0.16716533198041245, -0.6597787641612671, -0.6330474632822467, -0.5162683927399228, -0.19256217637253434, 0.20561723917745198, -0.471413676830862]","[0.16830209976981322, -0.6598042704239364, -0.6345668094400984, -0.5162683927399228, -0.19259708295757427, 0.20568705234753173, -0.47143088425618834]","[0.4215270176193986, -0.02642528066786853, 0.5165334240203422]","[0.42145699999999997, -0.026015999999999997, 0.516627]"
109,return,5.450000,5.450769,0.000396,0.049099,2026-09-26T05:38:57.405207+00:00,2026-09-26T05:38:57.405563+00:00,0.000373,1790401137.402058,1790401137.395571,0,0,0,0.001992,0.000350,"[0.16591015178454363, -0.6597838530999525, -0.6314232876510405, -0.5162683927399228, -0.19256217637253437, 0.20561723917745198, -0.4714135180416328]","[0.16715018246349694, -0.6598042704239364, -0.6334148921337821, -0.5162683927399228, -0.19259708295757427, 0.20568705234753173, -0.47143088425618834]","[0.4215921257631925, -0.02678468473275715, 0.5164356422171198]","[0.42150899999999997, -0.026461, 0.5165379999999999]"
110,return,5.500000,5.500793,0.000280,0.050024,2026-09-26T05:38:57.455091+00:00,2026-09-26T05:38:57.455589+00:00,0.000513,1790401137.452056,1790401137.435818,0,1,0,0.001782,0.000417,"[0.16467945074114262, -0.6597911804545464, -0.6297649723355491, -0.5162683927399228, -0.19256217637253437, 0.20561723917745198, -0.4714134309636684]","[0.16603317174222057, -0.6598042704239364, -0.6315473898341482, -0.5162683927399228, -0.19259708295757427, 0.20568705234753173, -0.47143088425618834]","[0.4216602912561875, -0.027130051447566233, 0.5163350819422435]","[0.42158999999999996, -0.026739, 0.516462]"
111,return,5.550000,5.550788,0.000377,0.049995,2026-09-26T05:38:57.505190+00:00,2026-09-26T05:38:57.505582+00:00,0.000410,1790401137.502060,1790401137.495496,0,0,0,0.001647,0.000490,"[0.16345803886765173, -0.6598012072260374, -0.6280853382854749, -0.5162683927399228, -0.19256217637253437, 0.20561723917745198, -0.4714134309636684]","[0.16489870772842427, -0.6598042704239364, -0.6297322474120741, -0.5162683927399228, -0.19259708295757427, 0.20568705234753173, -0.47143088425618834]","[0.42173053046071424, -0.02746908911564549, 0.5162323148047054]","[0.42167, -0.026990999999999998, 0.516322]"
112,return,5.600000,5.601024,0.000265,0.050236,2026-09-26T05:38:57.555071+00:00,2026-09-26T05:38:57.555819+00:00,0.000759,1790401137.552111,1790401137.537034,0,1,0,0.001736,0.000351,"[0.16223948520028691, -0.6598134724134375, -0.6263901377687026, -0.5162683927399228, -0.19256217637253437, 0.20561723917745198, -0.4714134309636684]","[0.16351989761934874, -0.6598042704239364, -0.6281265445002392, -0.5162683927399228, -0.19259708295757427, 0.20568705234753173, -0.47143088425618834]","[0.4218021588410325, -0.02780513703913355, 0.5161278729389358]","[0.421676, -0.027513, 0.516277]"
113,return,5.650000,5.650876,0.000267,0.049852,2026-09-26T05:38:57.605075+00:00,2026-09-26T05:38:57.605670+00:00,0.000609,1790401137.602081,1790401137.595748,0,0,0,0.001849,0.000313,"[0.1610535243027805, -0.6598272845152641, -0.6246541693978832, -0.5162683927399228, -0.19256217637253434, 0.20561723917745198, -0.4714134309636684]","[0.16222835397287294, -0.6598042704239364, -0.6265033882958846, -0.5162683927399228, -0.19259708295757427, 0.20568705234753173, -0.47143088425618834]","[0.42187725307352647, -0.02812305572704849, 0.5160205711568532]","[0.421757, -0.02787, 0.51616]"
114,return,5.700000,5.702119,0.000324,0.051243,2026-09-26T05:38:57.655137+00:00,2026-09-26T05:38:57.656915+00:00,0.001795,1790401137.652104,1790401137.635347,0,1,0,0.001469,0.000333,"[0.15992989073886443, -0.6598419520300354, -0.6228522317856672, -0.5162683927399226, -0.19256217637253437, 0.20561723917745198, -0.4714134309636684]","[0.16104153008151678, -0.6598042704239364, -0.6243217267308916, -0.5162683927399228, -0.19259708295757427, 0.20568705234753173, -0.47143088425618834]","[0.4219579228841735, -0.02840768751467206, 0.5159092348003516]","[0.42183499999999996, -0.028134, 0.516054]"
115,return,5.750000,5.750411,0.000160,0.048293,2026-09-26T05:38:57.704963+00:00,2026-09-26T05:38:57.705205+00:00,0.000252,1790401137.703014,1790401137.696637,0,0,0,0.001556,0.000268,"[0.1588863768416745, -0.659857358785502, -0.6209684883187783, -0.5162683927399228, -0.19256217637253437, 0.20561723917745198, -0.47141337840955577]","[0.15985470619016065, -0.6598042704239364, -0.6225240376013375, -0.5162683927399228, -0.19259708295757427, 0.20568705234753173, -0.47143088425618834]","[0.4220456184055656, -0.028649840552802886, 0.5157930091505232]","[0.421933, -0.028443999999999997, 0.515922]"
116,return,5.800000,5.802635,0.000293,0.052223,2026-09-26T05:38:57.755107+00:00,2026-09-26T05:38:57.757431+00:00,0.002342,1790401137.752172,1790401137.735306,0,1,0,0.001790,0.000263,"[0.15789658953630692, -0.6598747851350754, -0.6190236132524171, -0.5162683927399228, -0.19256217637253437, 0.20561723917745198, -0.4714131555924115]","[0.15891222839408373, -0.6598042704239364, -0.620813614934383, -0.5162683927399228, -0.19259708295757427, 0.20568705234753173, -0.47143088425618834]","[0.4221388755221035, -0.028862705628783313, 0.5156725951651306]","[0.421973, -0.028766, 0.515853]"
117,return,5.850000,5.851098,0.000326,0.048463,2026-09-26T05:38:57.805140+00:00,2026-09-26T05:38:57.805896+00:00,0.000771,1790401137.803037,1790401137.795526,0,0,0,0.001723,0.000260,"[0.1569689144307354, -0.6598928978638977, -0.6170133938571102, -0.5162683927399228, -0.19256217637253437, 0.20561723917745198, -0.4714129635086664]","[0.15791739072044694, -0.6598042704239364, -0.6187366731245098, -0.5162683927399228, -0.19259708295757427, 0.20568705234753173, -0.47143088425618834]","[0.42223771111555836, -0.029042347217358377, 0.5155483181290115]","[0.422077, -0.028936999999999997, 0.5157229999999999]"
118,return,5.900000,5.900744,0.000285,0.049646,2026-09-26T05:38:57.855097+00:00,2026-09-26T05:38:57.855539+00:00,0.000458,1790401137.852283,1790401137.835263,0,1,0,0.001852,0.000326,"[0.15611660530336752, -0.6599100834685105, -0.6149299162825614, -0.5162683927399228, -0.19256217637253437, 0.20561723917745198, -0.4714130326588147]","[0.15725416560468908, -0.6598042704239364, -0.6167819043622761, -0.5162683927399228, -0.19259708295757427, 0.20568705234753173, -0.47143088425618834]","[0.4223423950981331, -0.029182391459859833, 0.5154204081306422]","[0.422129, -0.029099999999999997, 0.515653]"
119,return,5.950000,5.950466,0.000237,0.049722,2026-09-26T05:38:57.905042+00:00,2026-09-26T05:38:57.905259+00:00,0.000228,1790401137.903870,1790401137.895617,0,1,0,0.002289,0.000283,"[0.15535296556705086, -0.6599247843802422, -0.6127650629672617, -0.5162684949284752, -0.19256217637253437, 0.20561723917745198, -0.471413560658613]","[0.1562942345160922, -0.6598042704239364, -0.6150540284028018, -0.5162683927399228, -0.19259708295757427, 0.20561723917745198, -0.47143088425618834]","[0.422453235374877, -0.029276416957133553, 0.5152890432034087]","[0.422294, -0.029120999999999998, 0.5154639999999999]"
120,return,6.000000,6.000720,0.000290,0.050254,2026-09-26T05:38:57.955102+00:00,2026-09-26T05:38:57.955516+00:00,0.000430,1790401137.952243,1790401137.935973,0,1,0,0.002118,0.000445,"[0.15468579674150687, -0.6599375648643021, -0.6105099232231114, -0.5162711956259304, -0.19256217637253434, 0.20561723917745198, -0.47141385877258535]","[0.15526449025741557, -0.6598566303014962, -0.6126280207425296, -0.5162683927399228, -0.19259708295757427, 0.20561723917745198, -0.47143088425618834]","[0.42257143201708103, -0.029320403558620638, 0.5151529462062812]","[0.422294, -0.029528, 0.515432]"
121,return,6.050000,6.050742,0.000338,0.050023,2026-09-26T05:38:58.005150+00:00,2026-09-26T05:38:58.005537+00:00,0.000404,1790401138.002514,1790401137.995266,0,0,0,0.002359,0.000251,"[0.15410275547405697, -0.659948941856465, -0.6081746358960641, -0.5162748695476937, -0.19256217637253437, 0.20561723917745198, -0.4714142490867553]","[0.15461871843417765, -0.6598566303014962, -0.6105336256401365, -0.5162683927399228, -0.19259708295757427, 0.20561723917745198, -0.47143088425618834]","[0.42269604416054957, -0.029320328714174653, 0.5150128888337038]","[0.42252199999999995, -0.029342999999999998, 0.515192]"
122,return,6.100000,6.101374,0.000392,0.050632,2026-09-26T05:38:58.055204+00:00,2026-09-26T05:38:58.056171+00:00,0.000983,1790401138.052022,1790401138.035372,0,1,0,0.002315,0.000264,"[0.15358755306312177, -0.6599586848562367, -0.6057751439369582, -0.5162758671026098, -0.1925621763725344, 0.20561723917745198, -0.471415653603099]","[0.1539903999034597, -0.659908990179056, -0.6080901646873443, -0.5162683927399228, -0.19259708295757427, 0.20561723917745198, -0.47143088425618834]","[0.42282519208324315, -0.029284254705977775, 0.5148707385878604]","[0.42267899999999997, -0.029348, 0.515081]"
123,return,6.150000,6.151151,0.000291,0.049777,2026-09-26T05:38:58.105102+00:00,2026-09-26T05:38:58.105947+00:00,0.000861,1790401138.102826,1790401138.095398,0,0,0,0.002302,0.000292,"[0.15312390080712207, -0.6599665633631232, -0.6033273902966321, -0.5162705386995223, -0.19256217637253437, 0.20561723917745198, -0.4714189943235927]","[0.1536762406381007, -0.659908990179056, -0.6056292504420324, -0.5162683927399228, -0.19259708295757427, 0.20561723917745198, -0.47143088425618834]","[0.42295699526618924, -0.029220266496812922, 0.5147283582739421]","[0.422763, -0.029318999999999998, 0.514923]"
124,return,6.200000,6.201333,0.000298,0.050182,2026-09-26T05:38:58.155109+00:00,2026-09-26T05:38:58.156129+00:00,0.001035,1790401138.152021,1790401138.135530,0,1,0,0.001965,0.000245,"[0.15271348453544886, -0.6599721501828756, -0.6008372652359326, -0.5162610208218997, -0.1925621763725344, 0.20561723917745198, -0.47142409176518507]","[0.15303046881486282, -0.6599788033491357, -0.6028018170538016, -0.5162683927399228, -0.19259708295757427, 0.20561723917745198, -0.47143088425618834]","[0.42309117036524724, -0.02912852697763202, 0.514585804485736]","[0.422986, -0.029190999999999998, 0.514798]"
125,return,6.250000,6.250817,0.000249,0.049483,2026-09-26T05:38:58.205055+00:00,2026-09-26T05:38:58.205613+00:00,0.000568,1790401138.202732,1790401138.195270,0,0,0,0.002397,0.000206,"[0.152373312418557, -0.6599753899953753, -0.5982930699327856, -0.5162522784503839, -0.19256217637253437, 0.20561723917745198, -0.47142992803769435]","[0.15271630954950383, -0.6599788033491357, -0.6006899686588885, -0.5162683927399228, -0.19259708295757427, 0.20561723917745198, -0.47143088425618834]","[0.42322930756977706, -0.029001169435681547, 0.5144413335078215]","[0.4231, -0.029106999999999997, 0.514562]"
126,return,6.300000,6.300661,0.000289,0.049845,2026-09-26T05:38:58.255101+00:00,2026-09-26T05:38:58.255456+00:00,0.000372,1790401138.252022,1790401138.236111,0,1,0,0.002322,0.000505,"[0.15208127392705542, -0.6599771085046142, -0.5956974115526673, -0.5162349179215072, -0.19256217637253437, 0.20561723917745198, -0.47143796687048006]","[0.15217525748138558, -0.6599788033491357, -0.5980196149033371, -0.5162683927399228, -0.19259708295757427, 0.20561723917745198, -0.47143088425618834]","[0.4233699620776413, -0.028846578433289773, 0.5142969056080501]","[0.423125, -0.029224999999999998, 0.514525]"
127,return,6.350000,6.351424,0.000164,0.050763,2026-09-26T05:38:58.304977+00:00,2026-09-26T05:38:58.306222+00:00,0.001260,1790401138.302529,1790401138.295356,0,0,0,0.002435,0.000401,"[0.15181408851104536, -0.6599781508790706, -0.5930534402689968, -0.5161991429642727, -0.19256217637253437, 0.20561723917745198, -0.47144974493350256]","[0.1518610982160266, -0.6599788033491357, -0.5954888874879453, -0.5162683927399228, -0.19259708295757427, 0.20561723917745198, -0.47143088425618834]","[0.42351159466698457, -0.028673675580486283, 0.5141546015526443]","[0.423346, -0.029012, 0.514292]"
128,return,6.400000,6.400765,0.000144,0.049341,2026-09-26T05:38:58.354951+00:00,2026-09-26T05:38:58.355559+00:00,0.000621,1790401138.352165,1790401138.335865,0,1,0,0.002927,0.000500,"[0.15155184072295177, -0.6599791967366457, -0.5903625794479354, -0.5161373783079994, -0.19256217637253437, 0.20561723917745198, -0.47146645878043764]","[0.15180873833846678, -0.6599788033491357, -0.5932897726304325, -0.5162683927399228, -0.19259708295757427, 0.20561723917745198, -0.47143088425618834]","[0.4236530219273289, -0.028490088014910386, 0.514015975624553]","[0.423423, -0.028886, 0.514216]"
129,return,6.450000,6.451188,0.000294,0.050423,2026-09-26T05:38:58.405104+00:00,2026-09-26T05:38:58.405984+00:00,0.000894,1790401138.402868,1790401138.396196,0,0,0,0.002620,0.000300,"[0.15130880253869813, -0.6599794595072089, -0.5876150307183714, -0.5160606103745686, -0.19256217637253437, 0.20561723917745198, -0.4714864362582567]","[0.15158184553570753, -0.6599788033491357, -0.5902354464394424, -0.5162683927399228, -0.19259708295757427, 0.20561723917745198, -0.47143088425618834]","[0.42379593281504185, -0.028290103314800946, 0.5138783472368874]","[0.42364399999999997, -0.028520999999999998, 0.513995]"
130,return,6.500000,6.501709,0.000301,0.050521,2026-09-26T05:38:58.455115+00:00,2026-09-26T05:38:58.456507+00:00,0.001408,1790401138.452027,1790401138.435519,0,1,0,0.002903,0.000446,"[0.1510877541015766, -0.6599791229764876, -0.5848187618677155, -0.5159647262668314, -0.19256217637253437, 0.20561723917745198, -0.47151026821655956]","[0.15147712578058786, -0.6600486165192155, -0.5877221723165705, -0.5162683927399228, -0.19259708295757427, 0.20561723917745198, -0.47143088425618834]","[0.42393956171657243, -0.02807288015141922, 0.5137430626827283]","[0.423743, -0.028446, 0.5138889999999999]"
131,return,6.550000,6.550864,0.000240,0.049154,2026-09-26T05:38:58.505054+00:00,2026-09-26T05:38:58.505659+00:00,0.000624,1790401138.503630,1790401138.495917,0,1,0,0.002786,0.000208,"[0.15088508423718047, -0.6599787249789679, -0.5819861815058974, -0.5158406596320221, -0.19256217637253437, 0.20561723917745198, -0.47153929924156157]","[0.1513374994404283, -0.6600486165192155, -0.5847725658807001, -0.5162160328623628, -0.19259708295757427, 0.20561723917745198, -0.47143088425618834]","[0.4240823610652748, -0.02784016813128204, 0.5136126959203063]","[0.423985, -0.028019, 0.513653]"
132,return,6.600000,6.602095,0.000346,0.051231,2026-09-26T05:38:58.555164+00:00,2026-09-26T05:38:58.556892+00:00,0.001748,1790401138.552304,1790401138.535361,0,0,0,0.002850,0.000474,"[0.15069718177110297, -0.6599788033491358, -0.5791296982428463, -0.5156793441173746, -0.19256217637253437, 0.20561723917745198, -0.47157487391947783]","[0.15090116712742974, -0.6600486165192155, -0.5819800390775092, -0.5161287663997631, -0.19254472308001444, 0.20561723917745198, -0.47143088425618834]","[0.4242227879882513, -0.02759375070001572, 0.5134898198812438]","[0.42402999999999996, -0.028009, 0.5136109999999999]"
133,return,6.650000,6.651644,0.000249,0.049550,2026-09-26T05:38:58.605062+00:00,2026-09-26T05:38:58.606442+00:00,0.001396,1790401138.603919,1790401138.595533,0,1,0,0.003038,0.000475,"[0.15052235764694605, -0.6599792377145113, -0.5762369252381242, -0.5154867304773105, -0.19256217637253437, 0.20561723917745198, -0.47161732263434997]","[0.1506044611545907, -0.6600486165192155, -0.5792747787369179, -0.5159891400596036, -0.19254472308001444, 0.20561723917745198, -0.47143088425618834]","[0.42436197489548394, -0.027333769666080244, 0.5133724765605627]","[0.42422699999999997, -0.027787, 0.51342]"
134,return,6.700000,6.700695,0.000216,0.049051,2026-09-26T05:38:58.655029+00:00,2026-09-26T05:38:58.655490+00:00,0.000479,1790401138.652197,1790401138.635318,0,0,0,0.003284,0.000550,"[0.15036289253904253, -0.6599797540356179, -0.5733032358345919, -0.5152667461841365, -0.19256217637253437, 0.20561723917745198, -0.47166584887891516]","[0.1505346479845109, -0.6600486165192155, -0.5765869716888468, -0.515866967011964, -0.19254472308001444, 0.20561723917745198, -0.47143088425618834]","[0.4245004651434936, -0.027059269245267886, 0.5132596680779876]","[0.424326, -0.027575, 0.513338]"
135,return,6.750000,6.750873,0.000288,0.050178,2026-09-26T05:38:58.705100+00:00,2026-09-26T05:38:58.705669+00:00,0.000585,1790401138.702200,1790401138.695359,0,1,0,0.003285,0.000484,"[0.15022112986908182, -0.6599806596464479, -0.5703526789171287, -0.5150072899619151, -0.19256217637253434, 0.20561723917745198, -0.4717201069024322]","[0.15041247493687132, -0.6600486165192155, -0.5736373652529763, -0.5155877143316449, -0.19254472308001444, 0.20561723917745198, -0.47143088425618834]","[0.4246358423642939, -0.026770446632797915, 0.5131554000368173]","[0.42449899999999996, -0.027233999999999998, 0.513188]"
136,return,6.800000,6.800665,0.000292,0.049792,2026-09-26T05:38:58.755104+00:00,2026-09-26T05:38:58.755459+00:00,0.000373,1790401138.752032,1790401138.735360,0,0,0,0.002860,0.000560,"[0.15009941305875338, -0.6599822618809933, -0.5674093033706133, -0.5146962605347091, -0.19256217637253437, 0.20561723917745195, -0.4717797509541603]","[0.15034266176679156, -0.6600486165192155, -0.5702688797966272, -0.5150292089710067, -0.19254472308001444, 0.20561723917745198, -0.4715879638888678]","[0.4247656985454688, -0.026467544809059145, 0.5130636684670741]","[0.42455, -0.026959999999999998, 0.51322]"
137,return,6.850000,6.851158,0.000262,0.050493,2026-09-26T05:38:58.805070+00:00,2026-09-26T05:38:58.805953+00:00,0.000896,1790401138.802075,1790401138.795277,0,1,0,0.002876,0.000376,"[0.1500008102233001, -0.6599848109091234, -0.5644956542947018, -0.5143308540945085, -0.19256217637253437, 0.20561723917745198, -0.4718451258628384]","[0.15018558213411207, -0.6600486165192155, -0.5673716332383167, -0.5147325029981676, -0.19254472308001444, 0.20561723917745198, -0.47172759022902744]","[0.4248886345641339, -0.026151458389741963, 0.5129862719932891]","[0.424774, -0.026507, 0.513027]"
138,return,6.900000,6.901181,0.000266,0.050023,2026-09-26T05:38:58.855075+00:00,2026-09-26T05:38:58.855978+00:00,0.000915,1790401138.852034,1790401138.835361,0,0,0,0.003023,0.000424,"[0.14992697246337194, -0.6599881823630163, -0.5616086504612338, -0.5139317504285268, -0.19256217637253437, 0.20561723917745198, -0.47191777424021725]","[0.14988887616127303, -0.6600486165192155, -0.5646314663126856, -0.5143834371477688, -0.19254472308001444, 0.20561723917745198, -0.4719021231542268]","[0.42500682574375237, -0.02582364468532644, 0.5129183703436996]","[0.424903, -0.026213, 0.51305]"
139,return,6.950000,6.950276,0.000112,0.049095,2026-09-26T05:38:58.904913+00:00,2026-09-26T05:38:58.905070+00:00,0.000165,1790401138.902029,1790401138.895536,0,1,0,0.003464,0.000499,"[0.14987218941095168, -0.659992209462759, -0.5587238850436749, -0.5134785662244084, -0.19256217637253437, 0.20561723917745198, -0.47199548850623196]","[0.14974924982111348, -0.6600486165192155, -0.5621880053598934, -0.5141041844674497, -0.19254472308001444, 0.20561723917745198, -0.4719021231542268]","[0.42511933292875126, -0.02548162395772364, 0.5128633788007084]","[0.425008, -0.025967999999999998, 0.512873]"
140,return,7.000000,7.001258,0.000203,0.050982,2026-09-26T05:38:58.955013+00:00,2026-09-26T05:38:58.956054+00:00,0.001055,1790401138.951988,1790401138.936031,0,0,0,0.003265,0.000640,"[0.14983019913595103, -0.6599967385413552, -0.5558163103216718, -0.5129464458455452, -0.19256217637253434, 0.20561723917745195, -0.4720756947386989]","[0.14974924982111348, -0.6600486165192155, -0.5590813192913436, -0.5139645581272901, -0.19254472308001444, 0.20561723917745198, -0.4719021231542268]","[0.4252247485474288, -0.025122612112292612, 0.5128257315841627]","[0.425096, -0.025748999999999998, 0.512803]"
141,return,7.050000,7.050402,0.000224,0.049144,2026-09-26T05:38:59.005026+00:00,2026-09-26T05:38:59.005196+00:00,0.000178,1790401139.002073,1790401138.995515,0,1,0,0.003007,0.000518,"[0.14979508878847442, -0.6600016378549675, -0.552862647077106, -0.5123118713777517, -0.19256217637253437, 0.20561723917745198, -0.4721559678675316]","[0.14974924982111348, -0.6600486165192155, -0.555869913467674, -0.5132315198414525, -0.19254472308001444, 0.20561723917745198, -0.47205920278690633]","[0.4253216629001884, -0.0247440744590477, 0.5128096786244095]","[0.42523, -0.025252, 0.512765]"
142,return,7.100000,7.100713,0.000259,0.050311,2026-09-26T05:38:59.055065+00:00,2026-09-26T05:38:59.055508+00:00,0.000454,1790401139.052078,1790401139.036010,0,0,0,0.002870,0.000392,"[0.14977227282512698, -0.6600073665605796, -0.5498936449978858, -0.5115951646665854, -0.19256217637253437, 0.20561723917745198, -0.472238664529781]","[0.1497667031136334, -0.6600486165192155, -0.5527632273991241, -0.5121843222902559, -0.19254472308001444, 0.20561723917745198, -0.47219882912706584]","[0.4254106200345788, -0.024349498658885048, 0.5128120903680445]","[0.425326, -0.024725999999999998, 0.512881]"
143,return,7.150000,7.150430,0.000176,0.049717,2026-09-26T05:38:59.104982+00:00,2026-09-26T05:38:59.105224+00:00,0.000254,1790401139.102036,1790401139.095638,0,1,0,0.002946,0.000543,"[0.14976165802126443, -0.6600137099341757, -0.5469030117278577, -0.5107967173579966, -0.19256217637253437, 0.20561723917745198, -0.47232366107473767]","[0.1497667031136334, -0.6600486165192155, -0.5498485275482936, -0.5113465642492987, -0.19254472308001444, 0.20561723917745198, -0.47219882912706584]","[0.42549179323932007, -0.023938447639702973, 0.5128326750633196]","[0.42534099999999997, -0.024456, 0.512896]"
144,return,7.200000,7.201592,0.000233,0.051162,2026-09-26T05:38:59.155046+00:00,2026-09-26T05:38:59.156388+00:00,0.001359,1790401139.152081,1790401139.136323,0,0,0,0.003218,0.000733,"[0.14975763553153165, -0.6600200533077717, -0.5438550196904438, -0.5098959764912661, -0.19256217637253437, 0.20561723917745198, -0.4724084604137162]","[0.14974924982111348, -0.6600486165192155, -0.5470734540376226, -0.5103168199906221, -0.19254472308001444, 0.20556487929989214, -0.4722511890046257]","[0.4255644958801323, -0.0235073169284646, 0.5128745613301439]","[0.425346, -0.024197999999999997, 0.512989]"
145,return,7.250000,7.251791,0.000398,0.050199,2026-09-26T05:38:59.205206+00:00,2026-09-26T05:38:59.206589+00:00,0.001393,1790401139.202060,1790401139.195520,0,1,0,0.003270,0.000547,"[0.14975459651057343, -0.6600257820133838, -0.5407139413090675, -0.5088723891056749, -0.19256217637253437, 0.20561723917745195, -0.47249056545803086]","[0.14969688994355365, -0.6600486165192155, -0.5439842212615926, -0.5096361415823443, -0.19254472308001444, 0.20556487929989214, -0.47235590875974537]","[0.4256279589458845, -0.023052558488705948, 0.5129409232868788]","[0.42550499999999997, -0.023585, 0.512948]"
146,return,7.300000,7.301854,0.000291,0.050063,2026-09-26T05:38:59.255104+00:00,2026-09-26T05:38:59.256652+00:00,0.001563,1790401139.252039,1790401139.235970,0,0,0,0.003773,0.000860,"[0.14975045620947705, -0.660030681326996, -0.5374539967938062, -0.5077133945634117, -0.1925621763725344, 0.20561723917745198, -0.4725694099960238]","[0.14978415640615336, -0.6600486165192155, -0.5412266010434417, -0.5086238506161875, -0.19254472308001444, 0.20556487929989214, -0.4724082686373052]","[0.4256818484184769, -0.0225711308042316, 0.5130335005198818]","[0.425519, -0.023413999999999997, 0.5129859999999999]"
147,return,7.350000,7.351674,0.000219,0.049820,2026-09-26T05:38:59.305035+00:00,2026-09-26T05:38:59.306471+00:00,0.001455,1790401139.302038,1790401139.296164,0,1,0,0.003625,0.000612,"[0.14974932214704634, -0.6600352104055924, -0.5340931472041568, -0.5064308147738152, -0.19256217637253437, 0.20561723917745198, -0.47264706023412345]","[0.1497667031136334, -0.6600486165192155, -0.537718489246933, -0.5076639195275906, -0.19254472308001444, 0.20556487929989214, -0.4724955350999049]","[0.4257263841529454, -0.022064798894931268, 0.5131504628287601]","[0.42563799999999996, -0.022664, 0.513065]"
148,return,7.400000,7.400736,0.000172,0.049062,2026-09-26T05:38:59.354979+00:00,2026-09-26T05:38:59.355531+00:00,0.000563,1790401139.352061,1790401139.335366,0,0,0,0.003710,0.000832,"[0.14975030868916084, -0.660039237505335, -0.5306573055593276, -0.5050338273445569, -0.19256217637253437, 0.20561723917745198, -0.4727222082613044]","[0.1497667031136334, -0.6600486165192155, -0.5343674570831038, -0.5064247357586746, -0.19254472308001444, 0.20556487929989214, -0.47265261473258435]","[0.4257608034465154, -0.021538045342676893, 0.51329122379688]","[0.42567499999999997, -0.022348, 0.51312]"
149,return,7.450000,7.450709,0.000238,0.049973,2026-09-26T05:38:59.405042+00:00,2026-09-26T05:38:59.405504+00:00,0.000471,1790401139.402111,1790401139.396924,0,1,0,0.003181,0.000622,"[0.1497523401668484, -0.6600426089592281, -0.5271721726644045, -0.5035313065446572, -0.19256217637253437, 0.20561723917745198, -0.4727934326578534]","[0.14971434323607358, -0.6600486165192155, -0.5303531998035169, -0.5047841262618, -0.19254472308001444, 0.20556487929989214, -0.47272242790266417]","[0.42578436053634755, -0.020995359855055837, 0.5134552285438031]","[0.425697, -0.021603, 0.513358]"
150,return,7.500000,7.500487,0.000237,0.049778,2026-09-26T05:38:59.455040+00:00,2026-09-26T05:38:59.455281+00:00,0.000250,1790401139.452724,1790401139.435281,0,0,0,0.003660,0.000878,"[0.14975451137905763, -0.6600451579873581, -0.5236559470968387, -0.5019291344393902, -0.19256217637253437, 0.20561723917745198, -0.47285959229265784]","[0.14973179652859353, -0.6600486165192155, -0.5273163269050468, -0.5032133299350051, -0.19254472308001444, 0.20556487929989214, -0.4728096943652639]","[0.42579642907253074, -0.020439999899160382, 0.5136421936504914]","[0.425703, -0.021296, 0.5134719999999999]"
151,return,7.550000,7.550828,0.000290,0.050341,2026-09-26T05:38:59.505100+00:00,2026-09-26T05:38:59.505624+00:00,0.000538,1790401139.502303,1790401139.496953,0,1,0,0.003983,0.000659,"[0.14975757447451188, -0.6600467602219033, -0.5200694393162985, -0.5002112933957577, -0.19256217637253437, 0.20561723917745198, -0.47292202155868895]","[0.14973179652859353, -0.6600486165192155, -0.5240525612038174, -0.5019043329960093, -0.19254472308001444, 0.20556487929989214, -0.4728795075353437]","[0.42579703736366975, -0.019865940925029715, 0.513853910013356]","[0.42577, -0.020493, 0.513653]"
152,return,7.600000,7.600866,0.000151,0.050037,2026-09-26T05:38:59.554960+00:00,2026-09-26T05:38:59.555660+00:00,0.000714,1790401139.552169,1790401139.535416,0,0,0,0.003796,0.001084,"[0.1497615595719423, -0.6600476658327333, -0.5164344342318108, -0.49838794203153325, -0.19256217637253434, 0.20561723917745198, -0.47298039913825807]","[0.1497667031136334, -0.6600486165192155, -0.5202302901419499, -0.5002462702066147, -0.19254472308001444, 0.20556487929989214, -0.4728795075353437]","[0.42578596671855573, -0.019276892283029208, 0.5140891201804884]","[0.425765, -0.020302, 0.513737]"
153,return,7.650000,7.650558,0.000151,0.049693,2026-09-26T05:38:59.604959+00:00,2026-09-26T05:38:59.605353+00:00,0.000407,1790401139.602264,1790401139.595234,0,1,0,0.003862,0.000726,"[0.14976615933735682, -0.66004818215384, -0.5127904242613555, -0.4964764831340174, -0.1925621763725344, 0.20561723917745198, -0.47303380302938897]","[0.14981906299119324, -0.6600486165192155, -0.5166523651753614, -0.49841367449202073, -0.19254472308001444, 0.20556487929989214, -0.47296677399794335]","[0.4257629716394853, -0.018679343721495878, 0.5143457271315595]","[0.42575599999999997, -0.019358999999999998, 0.514092]"
154,return,7.700000,7.700984,0.000157,0.050425,2026-09-26T05:38:59.654967+00:00,2026-09-26T05:38:59.655778+00:00,0.000827,1790401139.651997,1790401139.635374,0,0,0,0.004247,0.001028,"[0.14977106643676344, -0.6600486165192154, -0.5091769018229132, -0.4944943194905109, -0.19256217637253437, 0.20561723917745198, -0.47308131123010544]","[0.14980160969867332, -0.6600486165192155, -0.513423506059172, -0.4963367326821474, -0.19254472308001444, 0.20556487929989214, -0.47296677399794335]","[0.4257279204817948, -0.01807970847268261, 0.5146215708041982]","[0.425681, -0.019067999999999998, 0.514342]"
155,return,7.750000,7.751076,0.000331,0.050092,2026-09-26T05:38:59.705140+00:00,2026-09-26T05:38:59.705872+00:00,0.000744,1790401139.702042,1790401139.695333,0,1,0,0.003663,0.000767,"[0.14977825292994454, -0.6600489125842944, -0.5056071117309833, -0.4924481765932067, -0.19256217637253437, 0.20561723917745198, -0.47312228730293227]","[0.1497667031136334, -0.6600486165192155, -0.5092696224394254, -0.4945041369675534, -0.19254472308001444, 0.20556487929989214, -0.4730191338755032]","[0.4256808166166773, -0.017479433719529463, 0.514915742372332]","[0.425691, -0.018191, 0.514629]"
156,return,7.800000,7.801371,0.000305,0.050295,2026-09-26T05:38:59.755118+00:00,2026-09-26T05:38:59.756167+00:00,0.001066,1790401139.752046,1790401139.735333,0,0,0,0.003739,0.001156,"[0.14978753953873802, -0.6600489115598478, -0.5020570345535275, -0.4903273131190821, -0.19256217637253437, 0.20561723917745198, -0.4731573497575285]","[0.14980160969867332, -0.6600486165192155, -0.5057964172279568, -0.49240974186516023, -0.19254472308001444, 0.20556487929989214, -0.4731064003381029]","[0.4256215063374814, -0.016875055238756365, 0.5152295481717766]","[0.425697, -0.01791, 0.5147189999999999]"
157,return,7.850000,7.850717,0.000260,0.049347,2026-09-26T05:38:59.805066+00:00,2026-09-26T05:38:59.805512+00:00,0.000457,1790401139.801999,1790401139.795528,0,1,0,0.003708,0.000856,"[0.14979539192223526, -0.6600487671128715, -0.4985102663387192, -0.4881229316326141, -0.19256217637253437, 0.20561723917745198, -0.4731874590126193]","[0.14980160969867332, -0.6600486165192155, -0.5022184922613684, -0.4900360940824479, -0.19254472308001444, 0.20556487929989214, -0.4731064003381029]","[0.42554967353136464, -0.01626558641072403, 0.5155641190238067]","[0.42566299999999996, -0.016974, 0.515098]"
158,return,7.900000,7.901538,0.000305,0.050820,2026-09-26T05:38:59.855117+00:00,2026-09-26T05:38:59.856334+00:00,0.001232,1790401139.852530,1790401139.835418,0,0,0,0.003847,0.000770,"[0.14979827573952745, -0.6600486329103616, -0.49495040313473293, -0.4858262346982804, -0.19256217637253437, 0.20561723917745198, -0.4732135754869298]","[0.14987142286875307, -0.6600486165192155, -0.4987976469274594, -0.48790679239501483, -0.19254472308001444, 0.20556487929989214, -0.4731064003381029]","[0.4254649516861409, -0.015650082916078188, 0.5159206057070633]","[0.42551, -0.016236, 0.515423]"
159,return,7.950000,7.950892,0.000161,0.049355,2026-09-26T05:38:59.904972+00:00,2026-09-26T05:38:59.905688+00:00,0.000731,1790401139.902003,1790401139.895378,0,1,0,0.003885,0.000841,"[0.1497957315262965, -0.6600486165192154, -0.4913697723484559, -0.4834296539091918, -0.19256217637253437, 0.20561723917745198, -0.4732359510406666]","[0.14981906299119324, -0.6600486165192155, -0.49525462854591096, -0.4858473038776615, -0.19254472308001444, 0.20556487929989214, -0.4732634799707824]","[0.42536668167097386, -0.015027395561987615, 0.5163003340847961]","[0.42544, -0.015764999999999998, 0.515902]"
160,return,8.000000,8.000292,0.000134,0.049400,2026-09-26T05:38:59.954934+00:00,2026-09-26T05:38:59.955085+00:00,0.000158,1790401139.952418,1790401139.935975,0,0,0,0.003941,0.001137,"[0.14979460412276893, -0.6600486165192154, -0.48778773448471924, -0.4809358370501355, -0.19256217637253437, 0.20561723917745198, -0.4732530101261194]","[0.14987142286875307, -0.6600486165192155, -0.4917290634568824, -0.48321185670715006, -0.19254472308001444, 0.20556487929989214, -0.4732634799707824]","[0.42525408891568667, -0.014397208029944743, 0.5167036574326087]","[0.425365, -0.015394, 0.516169]"
161,return,8.050000,8.050666,0.000144,0.050374,2026-09-26T05:39:00.004952+00:00,2026-09-26T05:39:00.005460+00:00,0.000522,1790401140.002420,1790401139.997736,0,1,0,0.003837,0.000919,"[0.14978756566212736, -0.6600486165192154, -0.48419146705714927, -0.4783511159184596, -0.19256217637253437, 0.20561723917745198, -0.4732662582700706]","[0.14981906299119324, -0.6600486165192155, -0.48802896544265445, -0.48101274184963727, -0.19254472308001444, 0.20556487929989214, -0.4732634799707824]","[0.425128139014251, -0.013762149585759671, 0.5171284898233645]","[0.42525399999999997, -0.014528999999999999, 0.5166379999999999]"
162,return,8.100000,8.100414,0.000226,0.049748,2026-09-26T05:39:00.055028+00:00,2026-09-26T05:39:00.055208+00:00,0.000188,1790401140.053695,1790401140.036978,0,1,0,0.003485,0.001323,"[0.1497657802921, -0.6600486165192154, -0.4805642587799287, -0.47568167561075514, -0.19256217637253437, 0.20561723917745198, -0.47327753947647255]","[0.14987142286875307, -0.6600486165192155, -0.48404961474810737, -0.47820276175392634, -0.19254472308001444, 0.20556487929989214, -0.4732634799707824]","[0.4249899536366277, -0.013125062310627437, 0.5175726079642661]","[0.42519599999999996, -0.014214, 0.51685]"
163,return,8.150000,8.150316,0.000130,0.049902,2026-09-26T05:39:00.104930+00:00,2026-09-26T05:39:00.105109+00:00,0.000186,1790401140.102977,1790401140.098953,0,1,0,0.004089,0.001030,"[0.14972090041168362, -0.6600486165192154, -0.476889260066942, -0.47293260798537967, -0.19256217637253437, 0.20561723917745198, -0.4732886304431335]","[0.14985396957623315, -0.6600486165192155, -0.4809778352645973, -0.4754625948282953, -0.19254472308001444, 0.20556487929989214, -0.4732634799707824]","[0.424840549677215, -0.012488465371534665, 0.5180340593743181]","[0.424977, -0.013361, 0.517504]"
164,return,8.200000,8.200284,0.000091,0.049968,2026-09-26T05:39:00.154892+00:00,2026-09-26T05:39:00.155078+00:00,0.000193,1790401140.152978,1790401140.135376,0,1,0,0.003879,0.001389,"[0.1496604606210278, -0.6600486165192153, -0.4731547845431415, -0.4700802816706831, -0.19256217637253437, 0.20561723917745198, -0.4732988037104941]","[0.1497667031136334, -0.6600486165192155, -0.4770333911550902, -0.4728446009503038, -0.19254472308001444, 0.20556487929989214, -0.4732634799707824]","[0.42467759236015584, -0.011845915872061966, 0.5185177636215669]","[0.42490999999999995, -0.012976, 0.517745]"
165,return,8.250000,8.250386,0.000216,0.050102,2026-09-26T05:39:00.205018+00:00,2026-09-26T05:39:00.205180+00:00,0.000170,1790401140.202422,1790401140.195648,0,1,0,0.004444,0.000900,"[0.14958439801910878, -0.6600486165192154, -0.4693775998389107, -0.46713669252704343, -0.19256217637253437, 0.20561723917745198, -0.47330752226362566]","[0.14971434323607358, -0.6600486165192155, -0.47382198533142056, -0.4698775412219134, -0.19254472308001444, 0.20556487929989214, -0.4732634799707824]","[0.4245014329286029, -0.011200679364823336, 0.5190217519787812]","[0.424657, -0.011925, 0.51851]"
166,return,8.300000,8.300782,0.000248,0.050396,2026-09-26T05:39:00.255047+00:00,2026-09-26T05:39:00.255577+00:00,0.000534,1790401140.254104,1790401140.235294,0,1,0,0.004331,0.001458,"[0.1494849524226269, -0.6600486165192154, -0.46558094808739936, -0.46413411062362714, -0.1925621763725344, 0.20561723917745198, -0.4733151702700181]","[0.14964453006599382, -0.6600486165192155, -0.4699124478069533, -0.46731190722148175, -0.19254472308001444, 0.20556487929989214, -0.4732634799707824]","[0.42431451000262893, -0.010561820726907638, 0.5195396629066452]","[0.4246, -0.011706, 0.518682]"
167,return,8.350000,8.350486,0.000231,0.049704,2026-09-26T05:39:00.305036+00:00,2026-09-26T05:39:00.305280+00:00,0.000255,1790401140.301960,1790401140.295312,0,1,0,0.004023,0.001036,"[0.1493543636482826, -0.6600486165192153, -0.4617880714217567, -0.4611048060296007, -0.19256217637253437, 0.20561723917745195, -0.47332213189716177]","[0.14957471689591403, -0.6600486165192155, -0.4658109240647666, -0.4642575810304917, -0.19254472308001444, 0.20556487929989214, -0.4732634799707824]","[0.42411944299033594, -0.009938254143135768, 0.5200651090388742]","[0.424363, -0.010688, 0.519393]"
168,return,8.400000,8.400383,0.000212,0.049897,2026-09-26T05:39:00.355012+00:00,2026-09-26T05:39:00.355177+00:00,0.000171,1790401140.352981,1790401140.335583,0,1,0,0.004432,0.001338,"[0.1491905920228153, -0.6600486165192154, -0.45801019070847854, -0.4580629284019592, -0.1925621763725344, 0.20561723917745198, -0.47332859297967694]","[0.1494699971407944, -0.6600486165192155, -0.4624424386084176, -0.46144760093478077, -0.19254472308001444, 0.20556487929989214, -0.4732634799707824]","[0.4239174352897851, -0.00933338777644406, 0.5205953057526975]","[0.42422, -0.010331, 0.519757]"
169,return,8.450000,8.450976,0.000160,0.050593,2026-09-26T05:39:00.404970+00:00,2026-09-26T05:39:00.405771+00:00,0.000816,1790401140.402142,1790401140.395404,0,1,0,0.003585,0.001069,"[0.1489998748895938, -0.6600486165192154, -0.45423197950871386, -0.4549862597980809, -0.19256217637253437, 0.20561723917745198, -0.47333430042802116]","[0.1493827306781947, -0.6600486165192155, -0.4578173160906326, -0.45792203584575225, -0.19254472308001444, 0.20556487929989214, -0.47331583984834225]","[0.42370658291625013, -0.008740974090640351, 0.5211346333269445]","[0.42399, -0.00946, 0.520396]"
170,return,8.500000,8.500657,0.000165,0.049681,2026-09-26T05:39:00.454970+00:00,2026-09-26T05:39:00.455452+00:00,0.000493,1790401140.453294,1790401140.435858,0,1,0,0.003649,0.001350,"[0.14877885462475493, -0.6600486165192154, -0.4504505899632487, -0.4518744552355606, -0.19256217637253437, 0.20561723917745198, -0.4733392062468694]","[0.14924310433803512, -0.6600486165192155, -0.4540997647838847, -0.4550946024575214, -0.19254472308001444, 0.20556487929989214, -0.47331583984834225]","[0.4234869069434082, -0.00816220953012875, 0.5216830127297746]","[0.42383499999999996, -0.009103, 0.520779]"
171,return,8.550000,8.550379,0.000205,0.049722,2026-09-26T05:39:00.505006+00:00,2026-09-26T05:39:00.505172+00:00,0.000174,1790401140.502056,1790401140.496193,0,1,0,0.004207,0.000893,"[0.1485238432203938, -0.6600486165192154, -0.4466637554838901, -0.44872809096563215, -0.19256217637253437, 0.20561723917745198, -0.47334327201947274]","[0.14912093129039553, -0.6600486165192155, -0.45087090566769517, -0.4519006499263718, -0.19254472308001444, 0.20556487929989214, -0.47331583984834225]","[0.42325851438483614, -0.007598576182986087, 0.5222401822654508]","[0.42353199999999996, -0.008117, 0.521567]"
172,return,8.600000,8.600988,0.000259,0.050608,2026-09-26T05:39:00.555068+00:00,2026-09-26T05:39:00.555784+00:00,0.000728,1790401140.552142,1790401140.536610,0,1,0,0.003898,0.001363,"[0.1482324893665819, -0.6600486165192154, -0.44287110593806794, -0.44554761211036165, -0.19256217637253437, 0.20561723917745198, -0.47334642326856036]","[0.14873695885495677, -0.6600486165192155, -0.44676938192550847, -0.44912557641570083, -0.19254472308001444, 0.20556487929989214, -0.47331583984834225]","[0.4230214336714253, -0.007051168886734099, 0.5228059939373133]","[0.423381, -0.007998, 0.521894]"
173,return,8.650000,8.651044,0.000290,0.050056,2026-09-26T05:39:00.605100+00:00,2026-09-26T05:39:00.605840+00:00,0.000754,1790401140.602011,1790401140.596388,0,1,0,0.003968,0.001145,"[0.14791202632248932, -0.6600486165192154, -0.43908373797812145, -0.44233236942669035, -0.19256217637253437, 0.20561723917745198, -0.473348426061742]","[0.14819590678683853, -0.6600486165192155, -0.4430518306187606, -0.44598398376211107, -0.19254472308001444, 0.20556487929989214, -0.473403106310942]","[0.4227751662607168, -0.006518078780011564, 0.5233810330015317]","[0.42311, -0.007268999999999999, 0.5225839999999999]"
174,return,8.700000,8.700794,0.000170,0.049751,2026-09-26T05:39:00.654981+00:00,2026-09-26T05:39:00.655589+00:00,0.000625,1790401140.652417,1790401140.636659,0,1,0,0.004043,0.001339,"[0.14755762080009002, -0.6600486165192154, -0.4352916268302311, -0.4390826080134773, -0.19256217637253434, 0.20561723917745198, -0.47334955807527945]","[0.1479166541065194, -0.6600486165192155, -0.43933427931201263, -0.44261549830576197, -0.19254472308001444, 0.20556487929989214, -0.473403106310942]","[0.42252008789582896, -0.006000452152009615, 0.5239647781994072]","[0.422898, -0.006914, 0.523062]"
175,return,8.750000,8.751656,0.000320,0.050862,2026-09-26T05:39:00.705133+00:00,2026-09-26T05:39:00.706454+00:00,0.001336,1790401140.702059,1790401140.696861,0,1,0,0.003823,0.001181,"[0.14716116686534328, -0.6600486165192154, -0.43147971312878547, -0.43579886570520865, -0.19256217637253437, 0.20561723917745198, -0.47335020347666273]","[0.1474628685010009, -0.6600486165192155, -0.4353025687399057, -0.43949135894469216, -0.19254472308001444, 0.20556487929989214, -0.473403106310942]","[0.4222567815488459, -0.005500359839463342, 0.524556449477499]","[0.422602, -0.006287, 0.5237459999999999]"
176,return,8.800000,8.800436,0.000206,0.048780,2026-09-26T05:39:00.755007+00:00,2026-09-26T05:39:00.755231+00:00,0.000230,1790401140.752098,1790401140.737342,0,1,0,0.003830,0.001380,"[0.14671455858420843, -0.6600486165192154, -0.42763293750817355, -0.43248168033637024, -0.19256217637253437, 0.20561723917745198, -0.47335074643338204]","[0.14713125594312199, -0.6600486165192155, -0.4314628443855182, -0.43579126093046416, -0.19254472308001444, 0.20556487929989214, -0.473403106310942]","[0.42198582021992187, -0.005019897013442312, 0.5251552916549234]","[0.42241599999999996, -0.0058969999999999995, 0.52418]"
177,return,8.850000,8.850407,0.000232,0.049970,2026-09-26T05:39:00.805033+00:00,2026-09-26T05:39:00.805200+00:00,0.000174,1790401140.802009,1790401140.796806,0,0,0,0.004023,0.000968,"[0.14622366859705038, -0.6600486165192154, -0.4237393664455946, -0.4291071810196866, -0.19256217637253437, 0.20561723917745198, -0.47335111651473083]","[0.14685200326280287, -0.6600486165192155, -0.42776274637129025, -0.43254494852175474, -0.19254472308001444, 0.20556487929989214, -0.473403106310942]","[0.4217045986145307, -0.004553500224815342, 0.5257662626792234]","[0.422031, -0.005092, 0.525031]"
178,return,8.900000,8.900489,0.000146,0.050082,2026-09-26T05:39:00.854948+00:00,2026-09-26T05:39:00.855283+00:00,0.000342,1790401140.852098,1790401140.837560,0,1,0,0.004306,0.001471,"[0.14569191087229783, -0.6600486165192154, -0.41980937374384003, -0.4256792849829989, -0.19256217637253437, 0.20561723917745198, -0.47335111523417256]","[0.14603169851436557, -0.6600486165192155, -0.4241150082346221, -0.42917646306540563, -0.19254472308001444, 0.20556487929989214, -0.473403106310942]","[0.4214131024907077, -0.004101291352350867, 0.5263888857082732]","[0.421867, -0.005064, 0.525373]"
179,return,8.950000,8.950450,0.000157,0.049961,2026-09-26T05:39:00.904959+00:00,2026-09-26T05:39:00.905244+00:00,0.000293,1790401140.902033,1790401140.897148,0,0,0,0.004222,0.001085,"[0.14510749146800514, -0.6600486165192154, -0.4158613610256838, -0.42224021223346614, -0.19256217637253437, 0.20561723917745198, -0.47335093467545214]","[0.14568263266396667, -0.6600486165192155, -0.4200832976625152, -0.4258952440716563, -0.19254472308001444, 0.20556487929989214, -0.473403106310942]","[0.421115941832918, -0.003673763411698304, 0.5270142745115363]","[0.421491, -0.004293, 0.526206]"
180,return,9.000000,9.000586,0.000139,0.050136,2026-09-26T05:39:00.954940+00:00,2026-09-26T05:39:00.955380+00:00,0.000447,1790401140.952179,1790401140.936142,0,1,0,0.004400,0.001249,"[0.14445861644222716, -0.6600486165192154, -0.41191372991390174, -0.418832182778249, -0.19256217637253437, 0.20561723917745195, -0.4733507669223148]","[0.14517648718088833, -0.6600486165192155, -0.4163133864782075, -0.42250930532278735, -0.19254472308001444, 0.20556487929989214, -0.473403106310942]","[0.4208179350001085, -0.0032812072403784164, 0.5276335480428667]","[0.42123099999999997, -0.0040409999999999995, 0.526732]"
181,return,9.050000,9.050412,0.000144,0.049825,2026-09-26T05:39:01.004946+00:00,2026-09-26T05:39:01.005205+00:00,0.000267,1790401141.002227,1790401140.997647,0,0,0,0.004514,0.001047,"[0.14373608406157418, -0.6600486165192154, -0.4079769790913283, -0.4154772178662126, -0.19256217637253437, 0.20561723917745198, -0.47335074643338204]","[0.14454816865017037, -0.6600486165192155, -0.41249111541633987, -0.4191582731589582, -0.19254472308001444, 0.20556487929989214, -0.473403106310942]","[0.4205217453752046, -0.0029302005787746437, 0.5282421101441639]","[0.42090099999999997, -0.003473, 0.527431]"
182,return,9.100000,9.100847,0.000228,0.050435,2026-09-26T05:39:01.055040+00:00,2026-09-26T05:39:01.055643+00:00,0.000619,1790401141.052566,1790401141.037143,0,1,0,0.004216,0.001376,"[0.14294555956718913, -0.6600486165192154, -0.4040336273492736, -0.4121305806809148, -0.19256217637253437, 0.20561723917745198, -0.4733507464333821]","[0.14357078426905356, -0.6600486165192155, -0.40824996533399366, -0.41558034819236983, -0.19254472308001444, 0.20556487929989214, -0.473403106310942]","[0.42022236459259704, -0.002612858178620635, 0.5288494315109196]","[0.420689, -0.003453, 0.527864]"
183,return,9.150000,9.151557,0.000340,0.050710,2026-09-26T05:39:01.105156+00:00,2026-09-26T05:39:01.106356+00:00,0.001217,1790401141.103753,1790401141.097082,0,0,0,0.004424,0.001126,"[0.14209191891530062, -0.6600486165192154, -0.40009082368617116, -0.4088165772433406, -0.19256217637253437, 0.20561723917745198, -0.47335074643338204]","[0.14306463878597522, -0.6600486165192155, -0.40451496073472576, -0.4122118627360208, -0.19254472308001444, 0.20556487929989214, -0.473403106310942]","[0.41992287940746326, -0.002329724829947522, 0.5294502666682563]","[0.420381, -0.002794, 0.528532]"
184,return,9.200000,9.201995,0.000439,0.050439,2026-09-26T05:39:01.155254+00:00,2026-09-26T05:39:01.156794+00:00,0.001556,1790401141.153028,1790401141.136061,0,1,0,0.004150,0.001397,"[0.14117931111480164, -0.6600486165192154, -0.39615901745775167, -0.4055682459576374, -0.19256217637253437, 0.20561723917745198, -0.47335074643338204]","[0.14212216098989827, -0.6600486165192155, -0.4003087172374194, -0.4088608305721917, -0.19254472308001444, 0.20556487929989214, -0.473403106310942]","[0.41962751002315274, -0.0020825655542651075, 0.5300375281491922]","[0.420132, -0.002868, 0.528998]"
185,return,9.250000,9.251228,0.000325,0.049233,2026-09-26T05:39:01.205139+00:00,2026-09-26T05:39:01.206026+00:00,0.000902,1790401141.202041,1790401141.195440,0,0,0,0.004534,0.000946,"[0.1402112857196335, -0.6600486165192154, -0.39224913787055143, -0.40241791108619873, -0.19256217637253437, 0.20561723917745198, -0.47335074643338204]","[0.1411447766087814, -0.6600486165192155, -0.3967831521483909, -0.4065220893745193, -0.19254472308001444, 0.20556487929989214, -0.473403106310942]","[0.41934047623144627, -0.0018732570933620053, 0.5306043201367076]","[0.419705, -0.002324, 0.529857]"
186,return,9.300000,9.301095,0.000240,0.049868,2026-09-26T05:39:01.255045+00:00,2026-09-26T05:39:01.255890+00:00,0.000855,1790401141.251996,1790401141.235625,0,1,0,0.004286,0.001236,"[0.13917526155183005, -0.6600486165192154, -0.3883781018168293, -0.3993645519728371, -0.19256217637253434, 0.20561723917745198, -0.47335074643338204]","[0.14049900478554353, -0.6600486165192155, -0.3926641751136843, -0.40261255185005196, -0.19254472308001444, 0.20556487929989214, -0.473403106310942]","[0.41906134684962354, -0.00170824872865619, 0.5311515074611876]","[0.419589, -0.002142, 0.530121]"
187,return,9.350000,9.350714,0.000435,0.049619,2026-09-26T05:39:01.305240+00:00,2026-09-26T05:39:01.305508+00:00,0.000279,1790401141.301957,1790401141.295313,0,0,0,0.004208,0.000813,"[0.13807715591762976, -0.6600486165192154, -0.3845291681993693, -0.39639072577438794, -0.19256217637253437, 0.20561723917745198, -0.47335074643338204]","[0.13919000784654778, -0.6600486165192155, -0.388737184296697, -0.39955822565906185, -0.19254472308001444, 0.20556487929989214, -0.473403106310942]","[0.4187886489840902, -0.0015818334410175952, 0.531682411629342]","[0.419129, -0.0018399999999999998, 0.530991]"
188,return,9.400000,9.401914,0.000231,0.051200,2026-09-26T05:39:01.355044+00:00,2026-09-26T05:39:01.356712+00:00,0.001683,1790401141.352021,1790401141.335442,0,1,0,0.003805,0.000991,"[0.13693383376984722, -0.6600486165192154, -0.38067375495691036, -0.3934857526346277, -0.1925621763725344, 0.20561723917745198, -0.47335074643338204]","[0.13828243663551074, -0.6600486165192155, -0.38447858092183085, -0.39669588568579117, -0.19254472308001444, 0.20556487929989214, -0.473403106310942]","[0.4185221613624405, -0.001483266185389815, 0.5321984153917585]","[0.418941, -0.001813, 0.531363]"
189,return,9.450000,9.450684,0.000299,0.048770,2026-09-26T05:39:01.405111+00:00,2026-09-26T05:39:01.405479+00:00,0.000385,1790401141.402088,1790401141.395356,0,0,0,0.004152,0.000894,"[0.13576216006129674, -0.6600486165192153, -0.37678328002818984, -0.3906389526973314, -0.19256217637253437, 0.20561723917745195, -0.47335074643338204]","[0.13711306603667453, -0.6600486165192155, -0.3809355625402824, -0.39353683973968145, -0.19254472308001444, 0.20556487929989214, -0.473403106310942]","[0.41826157752723153, -0.0014019181841647618, 0.5327009352548521]","[0.418647, -0.001671, 0.531941]"
190,return,9.500000,9.501690,0.000333,0.051006,2026-09-26T05:39:01.455147+00:00,2026-09-26T05:39:01.456489+00:00,0.001358,1790401141.452113,1790401141.435757,0,1,0,0.004110,0.000845,"[0.13457019114280186, -0.6600486165192154, -0.372846032758775, -0.38784784167939734, -0.1925621763725344, 0.20561723917745198, -0.47335074643338204]","[0.13573425592759902, -0.6600486165192155, -0.3769562118457353, -0.39056978001129106, -0.19254472308001444, 0.20556487929989214, -0.473403106310942]","[0.4180070709989673, -0.0013330923530550272, 0.5331901696979549]","[0.418241, -0.001452, 0.5323869999999999]"
191,return,9.550000,9.550953,0.000380,0.049263,2026-09-26T05:39:01.505195+00:00,2026-09-26T05:39:01.505749+00:00,0.000573,1790401141.502046,1790401141.495353,0,0,0,0.004688,0.000713,"[0.13334674958440504, -0.6600486165192154, -0.36888223126900016, -0.38512121547967804, -0.19256217637253437, 0.20561723917745198, -0.4733507464333821]","[0.1345997919138027, -0.6600486165192155, -0.3735702730968663, -0.3880390525958993, -0.19254472308001444, 0.20556487929989214, -0.473403106310942]","[0.417759272335099, -0.0012838656281769709, 0.5336649060528315]","[0.418072, -0.001467, 0.5330509999999999]"
192,return,9.600000,9.601707,0.000408,0.050754,2026-09-26T05:39:01.555223+00:00,2026-09-26T05:39:01.556505+00:00,0.001300,1790401141.552076,1790401141.538239,0,1,0,0.004247,0.000840,"[0.1320899853379188, -0.6600486165192154, -0.3648901063907401, -0.38245363838430046, -0.19256217637253437, 0.20561723917745198, -0.473350746433382]","[0.13316862192716733, -0.6600486165192155, -0.3691371367968007, -0.38486255335726965, -0.19254472308001444, 0.20556487929989214, -0.473403106310942]","[0.41751760416231204, -0.0012543287573035349, 0.5341263476795962]","[0.417711, -0.001357, 0.533315]"
193,return,9.650000,9.651215,0.000303,0.049508,2026-09-26T05:39:01.605115+00:00,2026-09-26T05:39:01.606011+00:00,0.000912,1790401141.602069,1790401141.595316,0,0,0,0.004465,0.000588,"[0.13079847698362967, -0.6600486165192154, -0.36086700736831284, -0.3798391942139171, -0.19256217637253437, 0.20561723917745198, -0.4733507464333821]","[0.13243558364132973, -0.6600486165192155, -0.3653323190274531, -0.3826983450847966, -0.19254472308001444, 0.20556487929989214, -0.473403106310942]","[0.41728142909443766, -0.0012442979287156618, 0.5345757734076747]","[0.417541, -0.001242, 0.534048]"
194,return,9.700000,9.701447,0.000331,0.050232,2026-09-26T05:39:01.655145+00:00,2026-09-26T05:39:01.656244+00:00,0.001116,1790401141.652071,1790401141.636315,0,1,0,0.004319,0.000832,"[0.12947158741817238, -0.6600486165192154, -0.3568072584599985, -0.3772704784731024, -0.19256217637253437, 0.20561723917745198, -0.47335074643338204]","[0.1309346004846146, -0.6600486165192155, -0.3611260755301467, -0.37994072486664565, -0.19254472308001444, 0.20556487929989214, -0.473403106310942]","[0.41704997515495246, -0.0012529097331460126, 0.5350146928020395]","[0.417425, -0.001388, 0.534284]"
195,return,9.750000,9.750318,0.000096,0.048871,2026-09-26T05:39:01.704896+00:00,2026-09-26T05:39:01.705111+00:00,0.000222,1790401141.702065,1790401141.696191,0,0,0,0.004386,0.000638,"[0.12811376970620245, -0.6600486165192154, -0.3526913968187472, -0.3747366177876616, -0.19256217637253437, 0.20561723917745198, -0.4733507464333821]","[0.12955579037553908, -0.6600486165192155, -0.35707691166551986, -0.3771307447709347, -0.19254472308001444, 0.20556487929989214, -0.473403106310942]","[0.4168223980510503, -0.001275756966150187, 0.5354449350322192]","[0.417078, -0.0015279999999999998, 0.534918]"
196,return,9.800000,9.800508,0.000161,0.050190,2026-09-26T05:39:01.754973+00:00,2026-09-26T05:39:01.755302+00:00,0.000347,1790401141.752129,1790401141.735318,0,1,0,0.004206,0.000842,"[0.12672139484794148, -0.6600486165192154, -0.34854210492250887, -0.37225369771140504, -0.19256217637253434, 0.20561723917745198, -0.47335074643338204]","[0.12812462038890374, -0.6600486165192155, -0.352748495120574, -0.3746523772331028, -0.19254472308001444, 0.20556487929989214, -0.47329838655582235]","[0.4166002904539828, -0.0013174467068598726, 0.5358637001350606]","[0.41697199999999995, -0.001563, 0.535149]"
197,return,9.850000,9.851072,0.000191,0.050564,2026-09-26T05:39:01.805001+00:00,2026-09-26T05:39:01.805868+00:00,0.000881,1790401141.803007,1790401141.796113,0,0,0,0.004431,0.000441,"[0.12528881558128557, -0.6600486165192154, -0.34439092292221973, -0.36984277062278953, -0.19256217637253437, 0.20561723917745198, -0.47335074643338204]","[0.1266585438172285, -0.6600486165192155, -0.3488215043035867, -0.3718423971373919, -0.19254472308001444, 0.20556487929989214, -0.47329838655582235]","[0.41638573483741126, -0.0013844389542647592, 0.5362673424073636]","[0.41656, -0.001521, 0.535886]"
198,return,9.900000,9.900630,0.000133,0.049558,2026-09-26T05:39:01.854938+00:00,2026-09-26T05:39:01.855425+00:00,0.000498,1790401141.852201,1790401141.835361,0,1,0,0.004468,0.000713,"[0.12381038464413044, -0.6600486165192154, -0.34026939096881487, -0.36752488890027113, -0.19256217637253437, 0.20561723917745198, -0.47335074643338204]","[0.12538445346327265, -0.6600486165192155, -0.34473743385392, -0.3698178152050785, -0.19254472308001444, 0.20556487929989214, -0.47329838655582235]","[0.4161808903495544, -0.0014830618074531468, 0.536652183823606]","[0.416491, -0.0016619999999999998, 0.536036]"
199,return,9.950000,9.951405,0.000283,0.050775,2026-09-26T05:39:01.905094+00:00,2026-09-26T05:39:01.906201+00:00,0.001123,1790401141.903382,1790401141.895361,0,0,0,0.004479,0.000461,"[0.12228266373743969, -0.6600486165192154, -0.3361915478229397, -0.365303551029126, -0.19256217637253437, 0.20561723917745198, -0.47335074643338204]","[0.12414526969435667, -0.6600486165192155, -0.34067081669677324, -0.3675663404700058, -0.19254472308001444, 0.20556487929989214, -0.47329838655582235]","[0.41598599844212053, -0.001615903172031724, 0.5370178811744125]","[0.41617899999999997, -0.0014969999999999998, 0.536616]"
200,return,10.000000,10.000457,0.000235,0.049052,2026-09-26T05:39:01.955039+00:00,2026-09-26T05:39:01.955251+00:00,0.000222,1790401141.952623,1790401141.935316,0,1,0,0.004798,0.000563,"[0.12070936007749294, -0.6600486165192154, -0.3321375998949479, -0.36316658146103575, -0.19256217637253437, 0.20561723917745198, -0.4733507464333821]","[0.1223824871498424, -0.6600486165192155, -0.33693581209750534, -0.36529741244241315, -0.19254472308001444, 0.20556487929989214, -0.47329838655582235]","[0.41580009255229516, -0.0017786055259784855, 0.5373665051039442]","[0.41603199999999996, -0.0015949999999999998, 0.5368879999999999]"
201,return,10.050000,10.050826,0.000462,0.050369,2026-09-26T05:39:02.005276+00:00,2026-09-26T05:39:02.005620+00:00,0.000364,1790401142.002386,1790401141.995366,0,0,0,0.004153,0.000393,"[0.11909554467515904, -0.6600486165192154, -0.328088338810335, -0.3611115215240634, -0.19256217637253434, 0.20561723917745198, -0.473350746433382]","[0.12072442436044777, -0.6600486165192155, -0.3322408764096406, -0.36330773709513964, -0.19254472308001444, 0.20556487929989214, -0.47329838655582235]","[0.41562354830293824, -0.0019670193277805323, 0.5376979911737668]","[0.41578699999999996, -0.0018939999999999999, 0.5373479999999999]"
202,return,10.100000,10.101620,0.000309,0.050794,2026-09-26T05:39:02.055123+00:00,2026-09-26T05:39:02.056416+00:00,0.001311,1790401142.052766,1790401142.035880,0,1,0,0.004202,0.000594,"[0.11744628854130688, -0.6600486165192154, -0.32402455619459675, -0.35913591254627253, -0.19256217637253437, 0.20561723917745198, -0.473350746433382]","[0.11887437535333378, -0.6600486165192155, -0.32822661913005363, -0.3609689958974673, -0.19254472308001444, 0.20556487929989214, -0.47329838655582235]","[0.41545671308060134, -0.002177039060387985, 0.5380122963548671]","[0.415709, -0.001994, 0.537507]"
203,return,10.150000,10.151543,0.000304,0.049923,2026-09-26T05:39:02.105118+00:00,2026-09-26T05:39:02.106340+00:00,0.001240,1790401142.102322,1790401142.095404,0,0,0,0.004500,0.000361,"[0.1157675939088018, -0.6600486165192154, -0.31993895501676034, -0.3572423954486571, -0.19256217637253437, 0.20561723917745198, -0.47335074643338204]","[0.11735593890409872, -0.6600486165192155, -0.3244392546532259, -0.3587698810399544, -0.19254472308001444, 0.20556487929989214, -0.47329838655582235]","[0.4153002973115262, -0.002405547764329989, 0.5383086266575031]","[0.41544699999999996, -0.0023279999999999998, 0.537988]"
204,return,10.200000,10.201544,0.000304,0.050001,2026-09-26T05:39:02.155119+00:00,2026-09-26T05:39:02.156341+00:00,0.001240,1790401142.152012,1790401142.135363,0,1,0,0.004916,0.000577,"[0.11406160699335487, -0.6600486165192154, -0.31585798474751636, -0.3554423627949689, -0.19256217637253437, 0.20561723917745198, -0.4733507464333821]","[0.11595967550250326, -0.6600486165192155, -0.32077406322403784, -0.35714672483559967, -0.19254472308001444, 0.20556487929989214, -0.47329838655582235]","[0.41515526895160815, -0.00265442867992113, 0.5385852731079267]","[0.41527899999999995, -0.0023109999999999997, 0.538138]"
205,return,10.250000,10.251652,0.000310,0.050108,2026-09-26T05:39:02.205123+00:00,2026-09-26T05:39:02.206448+00:00,0.001342,1790401142.202276,1790401142.195325,0,0,0,0.004371,0.000400,"[0.11231840705370227, -0.6600486165192154, -0.3117601776977405, -0.3537193941397905, -0.19256217637253437, 0.20561723917745198, -0.473350746433382]","[0.11403981332530949, -0.6600486165192155, -0.3161314874137329, -0.3556806482639244, -0.19254472308001444, 0.20556487929989214, -0.47329838655582235]","[0.4150199334934312, -0.0029247332908216746, 0.5388452547863721]","[0.41514599999999996, -0.002675, 0.5385599999999999]"
206,return,10.300000,10.301643,0.000223,0.049991,2026-09-26T05:39:02.255035+00:00,2026-09-26T05:39:02.256439+00:00,0.001420,1790401142.252012,1790401142.235409,0,1,0,0.005005,0.000479,"[0.11052723740012163, -0.6600486165192154, -0.30761856530962883, -0.3520543579421158, -0.19256217637253437, 0.20561723917745198, -0.47335074643338204]","[0.11229448407331516, -0.6600486165192155, -0.3126233756172243, -0.35349898669893154, -0.19254472308001444, 0.2056695990550118, -0.47329838655582235]","[0.4148922937158498, -0.003217304596057416, 0.539092049369081]","[0.415001, -0.0028339999999999997, 0.538827]"
207,return,10.350000,10.351669,0.000249,0.050026,2026-09-26T05:39:02.305063+00:00,2026-09-26T05:39:02.306465+00:00,0.001420,1790401142.302564,1790401142.295325,0,0,0,0.004732,0.000240,"[0.10867786160811732, -0.6600486165192154, -0.303406355281423, -0.35042871258853714, -0.19256217637253437, 0.20561723917745198, -0.47335074643338204]","[0.11032226201856156, -0.6600486165192155, -0.3081378794395989, -0.3519630969571765, -0.19254472308001444, 0.2056695990550118, -0.47329838655582235]","[0.41477036575327386, -0.0035329061459240425, 0.5393290330837861]","[0.41485, -0.00344, 0.539122]"
208,return,10.400000,10.401537,0.000398,0.049868,2026-09-26T05:39:02.355210+00:00,2026-09-26T05:39:02.356333+00:00,0.001139,1790401142.352079,1790401142.336055,0,1,0,0.004294,0.000494,"[0.10677764140246787, -0.6600486165192153, -0.2991144460706143, -0.34884735805855643, -0.19256217637253437, 0.20561723917745198, -0.4733507464333821]","[0.10885618544688634, -0.6600486165192155, -0.30340803716669423, -0.35033994075282177, -0.19254472308001444, 0.2056695990550118, -0.47329838655582235]","[0.4146551262078885, -0.003867982328611453, 0.5395548985232863]","[0.414771, -0.003456, 0.5393089999999999]"
209,return,10.450000,10.451451,0.000232,0.049914,2026-09-26T05:39:02.405044+00:00,2026-09-26T05:39:02.406248+00:00,0.001219,1790401142.403212,1790401142.395456,0,0,0,0.004508,0.000544,"[0.10482767919020315, -0.6600486165192154, -0.29476354410002953, -0.34731758953914377, -0.19256217637253437, 0.20561723917745198, -0.47335074643338204]","[0.10721557595001166, -0.6600486165192155, -0.29927160683946774, -0.3489785839362662, -0.19254472308001444, 0.2056695990550118, -0.47329838655582235]","[0.41454702016155126, -0.004224169934417928, 0.5397686836448812]","[0.414711, -0.003816, 0.5394479999999999]"
210,return,10.500000,10.501450,0.000279,0.049999,2026-09-26T05:39:02.455091+00:00,2026-09-26T05:39:02.456246+00:00,0.001171,1790401142.452038,1790401142.435877,0,1,0,0.004409,0.000588,"[0.1028211752067486, -0.6600486165192154, -0.290376891502818, -0.34583929178005174, -0.1925621763725344, 0.20561723917745198, -0.47335074643338204]","[0.10487683475233926, -0.6600486165192155, -0.2947861106618423, -0.34726816126931176, -0.19254472308001444, 0.2056695990550118, -0.47329838655582235]","[0.4144453009443531, -0.004606100490625625, 0.539971129257785]","[0.41453799999999996, -0.004115, 0.539661]"
211,return,10.550000,10.551159,0.000311,0.049709,2026-09-26T05:39:02.505122+00:00,2026-09-26T05:39:02.505955+00:00,0.000848,1790401142.503212,1790401142.495836,0,0,0,0.004969,0.000381,"[0.10075132968752984, -0.6600486165192154, -0.2859777304121294, -0.3444123495310336, -0.19256217637253437, 0.20561723917745198, -0.47335074643338204]","[0.10286970611254578, -0.6600486165192155, -0.2909463863074548, -0.34574972482007665, -0.19254472308001444, 0.2056695990550118, -0.47329838655582235]","[0.41434922201069563, -0.005018378065938026, 0.5401629491270309]","[0.414394, -0.00467, 0.5400159999999999]"
212,return,10.600000,10.600847,0.000235,0.049688,2026-09-26T05:39:02.555046+00:00,2026-09-26T05:39:02.555643+00:00,0.000612,1790401142.552167,1790401142.535793,0,1,0,0.004862,0.000648,"[0.09860703035739558, -0.6600486165192154, -0.2815641081302227, -0.343034557670696, -0.1925621763725344, 0.20561723917745198, -0.47335074643338204]","[0.1007753110101526, -0.6600486165192155, -0.28642598354478943, -0.3443883680035211, -0.19254472308001444, 0.2056695990550118, -0.47329838655582235]","[0.4142584177346203, -0.005465188179424745, 0.5403445826774448]","[0.414441, -0.004957, 0.539986]"
213,return,10.650000,10.652293,0.000246,0.051446,2026-09-26T05:39:02.605060+00:00,2026-09-26T05:39:02.607090+00:00,0.002047,1790401142.603567,1790401142.595588,0,1,0,0.004898,0.000466,"[0.09638762305594417, -0.6600486165192154, -0.27711205306671843, -0.3417045816011787, -0.19256217637253437, 0.20561723917745198, -0.4733507464333821]","[0.09878563566287905, -0.6600486165192155, -0.2820103005372438, -0.34314918423460516, -0.19254472308001444, 0.2056695990550118, -0.47329838655582235]","[0.41417330833795973, -0.005944645549863825, 0.5405156586494783]","[0.414246, -0.005523999999999999, 0.54033]"
214,return,10.700000,10.701359,0.000223,0.049066,2026-09-26T05:39:02.655039+00:00,2026-09-26T05:39:02.656155+00:00,0.001136,1790401142.652211,1790401142.635281,0,1,0,0.004594,0.000828,"[0.09411370494876693, -0.6600486165192154, -0.2726519714637878, -0.3404278613902527, -0.19256217637253437, 0.20561723917745198, -0.473350746433382]","[0.09648180105024655, -0.6600486165192155, -0.27724555167929926, -0.34159584120033015, -0.19254472308001444, 0.2056695990550118, -0.47329838655582235]","[0.4140939042899983, -0.006450893208997215, 0.5406758317817008]","[0.41414199999999995, -0.005639, 0.5405179999999999]"
215,return,10.750000,10.751292,0.000227,0.049933,2026-09-26T05:39:02.705040+00:00,2026-09-26T05:39:02.706088+00:00,0.001065,1790401142.702436,1790401142.695461,0,0,0,0.004771,0.000540,"[0.09180632841432085, -0.6600486165192153, -0.26821590289010444, -0.3392100058832734, -0.19256217637253437, 0.20561723917745198, -0.473350746433382]","[0.0940906999750143, -0.6600137099341757, -0.2729869483044331, -0.34009485804361506, -0.19254472308001444, 0.2056695990550118, -0.47329838655582235]","[0.4140202576476328, -0.00697799151438144, 0.5408247308552482]","[0.413996, -0.0064399999999999995, 0.540781]"
216,return,10.800000,10.801338,0.000228,0.050046,2026-09-26T05:39:02.755041+00:00,2026-09-26T05:39:02.756134+00:00,0.001110,1790401142.752017,1790401142.735351,0,1,0,0.005039,0.000570,"[0.08948080647120427, -0.6600486165192154, -0.2638291058971385, -0.33805659851931896, -0.19256217637253437, 0.20561723917745198, -0.47335074643338204]","[0.09196139828758122, -0.6600137099341757, -0.2688679712697265, -0.33899530061485866, -0.19254472308001444, 0.2056695990550118, -0.47329838655582235]","[0.4139526265898878, -0.0075217916384206825, 0.5409617712937819]","[0.413954, -0.006960999999999999, 0.540862]"
217,return,10.850000,10.851046,0.000244,0.049707,2026-09-26T05:39:02.805053+00:00,2026-09-26T05:39:02.805842+00:00,0.000801,1790401142.802037,1790401142.795277,0,1,0,0.005325,0.000706,"[0.08710754956610761, -0.6600486165192154, -0.25945863673961406, -0.33696906005221244, -0.19256217637253437, 0.20561723917745198, -0.4733507464333821]","[0.08974483013754843, -0.6600137099341757, -0.26478390082005976, -0.337948103063662, -0.19254472308001444, 0.2056695990550118, -0.47329838655582235]","[0.41389194773031557, -0.008091777557107575, 0.5410856984924108]","[0.413898, -0.007389, 0.541014]"
218,return,10.900000,10.900779,0.000209,0.049733,2026-09-26T05:39:02.855019+00:00,2026-09-26T05:39:02.855574+00:00,0.000570,1790401142.851975,1790401142.835774,0,1,0,0.005061,0.000637,"[0.08470173830790143, -0.6600486165192154, -0.2551147775835686, -0.3359415669638053, -0.19256217637253434, 0.20561723917745198, -0.47335074643338204]","[0.08733627576979626, -0.6600137099341757, -0.2601762315947947, -0.33697071868254524, -0.19254472308001444, 0.2056695990550118, -0.47329838655582235]","[0.41383715906937013, -0.00868201874477827, 0.5411980644143961]","[0.413858, -0.008054, 0.541091]"
219,return,10.950000,10.951445,0.000216,0.050666,2026-09-26T05:39:02.905025+00:00,2026-09-26T05:39:02.906243+00:00,0.001229,1790401142.902021,1790401142.895581,0,1,0,0.004798,0.000589,"[0.08229191634109907, -0.6600486165192154, -0.2508226529828542, -0.3349676268235153, -0.19256217637253437, 0.20561723917745198, -0.47335074643338204]","[0.08459610884416516, -0.6600137099341757, -0.25562092224708954, -0.3358711612537888, -0.19254472308001444, 0.2056695990550118, -0.47329838655582235]","[0.4137868397085936, -0.009282231080581156, 0.5413009539989937]","[0.413771, -0.008695, 0.541257]"
220,return,11.000000,11.001143,0.000275,0.049698,2026-09-26T05:39:02.955084+00:00,2026-09-26T05:39:02.955939+00:00,0.000868,1790401142.951979,1790401142.935334,0,1,0,0.005121,0.000648,"[0.07990662731021315, -0.6600486165192154, -0.2466073874913217, -0.3340407472007599, -0.19256217637253437, 0.20561723917745198, -0.47335074643338204]","[0.08244935386421214, -0.6600137099341757, -0.2517288380151422, -0.3348937768726719, -0.19254472308001444, 0.2056695990550118, -0.473403106310942]","[0.41373963899329325, -0.009882143353898353, 0.5413964288013882]","[0.41375399999999996, -0.009235, 0.541364]"
221,return,11.050000,11.050951,0.000188,0.049808,2026-09-26T05:39:03.004995+00:00,2026-09-26T05:39:03.005747+00:00,0.000763,1790401143.002133,1790401142.995376,0,1,0,0.004329,0.000643,"[0.07753664351213199, -0.6600486818276888, -0.24247798087270517, -0.33316903018790495, -0.19256217637253437, 0.20561723917745198, -0.47335063758592655]","[0.08009315937401978, -0.6600137099341757, -0.24680700952451815, -0.33407347212423466, -0.19254472308001444, 0.2056695990550118, -0.473403106310942]","[0.4136965703833205, -0.010486574495553281, 0.5414828248350514]","[0.413692, -0.009845999999999999, 0.541431]"
222,return,11.100000,11.101153,0.000158,0.050202,2026-09-26T05:39:03.054967+00:00,2026-09-26T05:39:03.055950+00:00,0.000995,1790401143.052041,1790401143.035734,0,0,0,0.004234,0.000954,"[0.07516792234453464, -0.6600488009196107, -0.23841905106070158, -0.3323546104756368, -0.19256217637253437, 0.20561723917745198, -0.47335043909939]","[0.077562431958628, -0.6600137099341757, -0.24265312590477164, -0.333026274573038, -0.19254472308001444, 0.2056695990550118, -0.473403106310942]","[0.41365830554854305, -0.011100061786529659, 0.5415592043861183]","[0.41364399999999996, -0.010147, 0.541517]"
223,return,11.150000,11.151772,0.000280,0.050619,2026-09-26T05:39:03.105090+00:00,2026-09-26T05:39:03.106569+00:00,0.001492,1790401143.102046,1790401143.095339,0,1,0,0.004167,0.000610,"[0.07282178510312096, -0.6600488585447342, -0.23441914986410733, -0.33158204453085466, -0.19256217637253434, 0.20561723917745198, -0.4733503430575174]","[0.07513642429835589, -0.6600137099341757, -0.23858650874762485, -0.3322583297021605, -0.19254472308001444, 0.2056695990550118, -0.473403106310942]","[0.4136230588924721, -0.011711963218357107, 0.5416287117761653]","[0.41360399999999997, -0.011103, 0.541607]"
224,return,11.200000,11.201202,0.000207,0.049430,2026-09-26T05:39:03.155016+00:00,2026-09-26T05:39:03.155998+00:00,0.000995,1790401143.152067,1790401143.135981,0,1,0,0.004594,0.000875,"[0.07051955308358991, -0.6600487394528123, -0.2304668290917173, -0.33083588882045706, -0.19256217637253437, 0.20561723917745198, -0.4733505415440539]","[0.07314674895108235, -0.6600137099341757, -0.2350609436585963, -0.3315951045864026, -0.19254472308001444, 0.2056695990550118, -0.473403106310942]","[0.4135890793445899, -0.012311689271023898, 0.5416945043637164]","[0.413584, -0.011438, 0.5416449999999999]"
225,return,11.250000,11.250696,0.000309,0.049494,2026-09-26T05:39:03.205122+00:00,2026-09-26T05:39:03.205491+00:00,0.000387,1790401143.202092,1790401143.195422,0,1,0,0.003836,0.000695,"[0.06827735993752249, -0.6600484155227847, -0.2265644894830116, -0.3301053941844048, -0.19256217637253437, 0.20561723917745198, -0.4733510814274334]","[0.07066838141325041, -0.6600137099341757, -0.23040091455577144, -0.3308271597155252, -0.19254472308001444, 0.2056695990550118, -0.473403106310942]","[0.41355496087020316, -0.012892174383962757, 0.5417590169928467]","[0.41355899999999995, -0.012199, 0.541715]"
226,return,11.300000,11.301018,0.000301,0.050322,2026-09-26T05:39:03.255114+00:00,2026-09-26T05:39:03.255815+00:00,0.000717,1790401143.252027,1790401143.236176,0,0,0,0.004359,0.000763,"[0.06608384091489232, -0.6600480805287334, -0.22274301282829093, -0.32940089068161665, -0.19256217637253437, 0.20561723917745198, -0.47335163975085226]","[0.06819001387541845, -0.6600137099341757, -0.22710224226950218, -0.33032101423244686, -0.19254472308001444, 0.2056695990550118, -0.473403106310942]","[0.4135215012675983, -0.013461022323978238, 0.5418205978384018]","[0.413535, -0.012700999999999999, 0.5417529999999999]"
227,return,11.350000,11.351103,0.000408,0.050086,2026-09-26T05:39:03.305234+00:00,2026-09-26T05:39:03.305900+00:00,0.000695,1790401143.302026,1790401143.295870,0,1,0,0.003636,0.000509,"[0.06393209882625013, -0.6600475457675872, -0.21896378947524608, -0.3287237911264541, -0.19256217637253437, 0.20561723917745198, -0.4733525310194292]","[0.06618288523562497, -0.6600137099341757, -0.22259929279935678, -0.32953561606904935, -0.19254472308001444, 0.2056695990550118, -0.473403106310942]","[0.41348989970497074, -0.014018015797997024, 0.5418779967269806]","[0.413497, -0.013512, 0.541822]"
228,return,11.400000,11.400294,0.000111,0.049191,2026-09-26T05:39:03.354917+00:00,2026-09-26T05:39:03.355088+00:00,0.000184,1790401143.352087,1790401143.335381,0,0,0,0.003893,0.001002,"[0.06181683216023247, -0.6600465807388521, -0.215181141909306, -0.32807382660167406, -0.19256217637253437, 0.20561723917745198, -0.4733541394006544]","[0.06389650391551241, -0.6600137099341757, -0.21907372771032824, -0.32859313827297243, -0.19254472308001444, 0.2056695990550118, -0.473403106310942]","[0.41346126289942475, -0.014561650072480468, 0.5419302149027391]","[0.413406, -0.013562, 0.541974]"
229,return,11.450000,11.451352,0.000340,0.051058,2026-09-26T05:39:03.405143+00:00,2026-09-26T05:39:03.406148+00:00,0.001012,1790401143.402442,1790401143.395962,0,1,0,0.003935,0.000610,"[0.059733441970982466, -0.6600449587837091, -0.21135095581902932, -0.32745033413663355, -0.19256217637253437, 0.20561723917745198, -0.47335684265922623]","[0.061697389057999555, -0.6600137099341757, -0.21528636323350056, -0.3278950065721747, -0.19254472308001444, 0.2056695990550118, -0.473403106310942]","[0.4134365772858928, -0.01509025082997547, 0.5419764153982023]","[0.413406, -0.014480999999999999, 0.541987]"
230,return,11.500000,11.501098,0.000143,0.049746,2026-09-26T05:39:03.454949+00:00,2026-09-26T05:39:03.455894+00:00,0.000956,1790401143.452211,1790401143.435383,0,0,0,0.005075,0.000458,"[0.05769645532163679, -0.6600426591571135, -0.20748870977359185, -0.3268435538794134, -0.19256217637253434, 0.20561723917745198, -0.4733606753702189]","[0.059707713710726015, -0.6600137099341757, -0.2125636496003894, -0.3270921551162573, -0.19254472308001444, 0.2056695990550118, -0.473403106310942]","[0.4134141988626785, -0.015598557874896621, 0.5420191847953344]","[0.4133, -0.015165999999999999, 0.542117]"
231,return,11.550000,11.550762,0.000145,0.049663,2026-09-26T05:39:03.504951+00:00,2026-09-26T05:39:03.505556+00:00,0.000616,1790401143.502093,1790401143.495343,0,1,0,0.003980,0.000492,"[0.055699319646595295, -0.6600398216960317, -0.20360936059149606, -0.32625998758306035, -0.19256217637253437, 0.20561723917745198, -0.47336540447202186]","[0.057857664703612026, -0.6600137099341757, -0.20758946123220556, -0.3267081826808186, -0.19254472308001444, 0.2056695990550118, -0.473403106310942]","[0.41339475034297035, -0.016090724260767797, 0.5420573862393265]","[0.413363, -0.0156, 0.542067]"
232,return,11.600000,11.601049,0.000202,0.050287,2026-09-26T05:39:03.555014+00:00,2026-09-26T05:39:03.555846+00:00,0.000847,1790401143.552016,1790401143.535293,0,0,0,0.004304,0.000646,"[0.05372274973785586, -0.6600365616507109, -0.19970710734364142, -0.3257140031117035, -0.1925621763725344, 0.20561723917745198, -0.47337083788088985]","[0.055763269601218836, -0.6600137099341757, -0.2040115362656172, -0.3261671306127003, -0.19254472308001444, 0.2056695990550118, -0.473403106310942]","[0.4133803867653133, -0.016574844750929983, 0.5420876287861679]","[0.413323, -0.015931999999999998, 0.542125]"
233,return,11.650000,11.650930,0.000235,0.049882,2026-09-26T05:39:03.605048+00:00,2026-09-26T05:39:03.605727+00:00,0.000695,1790401143.601987,1790401143.595221,0,1,0,0.004413,0.000453,"[0.05174746038741687, -0.660032994271398, -0.1957761491009284, -0.3252199683294717, -0.19256217637253437, 0.20561723917745198, -0.47337678351307794]","[0.05354670145118603, -0.6600137099341757, -0.2001892652037496, -0.32571334500718174, -0.19254472308001444, 0.2056695990550118, -0.47336819972590205]","[0.4133732301026521, -0.017058972565943232, 0.5421065237504014]","[0.413334, -0.016607999999999998, 0.542121]"
234,return,11.700000,11.700452,0.000151,0.049522,2026-09-26T05:39:03.654960+00:00,2026-09-26T05:39:03.655246+00:00,0.000301,1790401143.652056,1790401143.635580,0,0,0,0.004111,0.000707,"[0.04976029011951252, -0.6600289938584902, -0.1918024549397273, -0.32478553564787804, -0.1925621763725344, 0.20561723917745198, -0.4733834508679241]","[0.05181882549171164, -0.6600137099341757, -0.1959132085363635, -0.3249803067213442, -0.19254472308001444, 0.2056695990550118, -0.47336819972590205]","[0.41337455932297607, -0.017547657086514054, 0.5421120924565899]","[0.413279, -0.016854, 0.542213]"
235,return,11.750000,11.751104,0.000157,0.050652,2026-09-26T05:39:03.704966+00:00,2026-09-26T05:39:03.705903+00:00,0.000948,1790401143.702032,1790401143.695387,0,1,0,0.003942,0.000323,"[0.0477714288999842, -0.6600243654085698, -0.18778248022344188, -0.3244017003346221, -0.19256217637253437, 0.20561723917745198, -0.4733911649511249]","[0.04982915014443811, -0.6600137099341757, -0.19172441833157708, -0.3247708672111049, -0.19254472308001444, 0.2056695990550118, -0.47336819972590205]","[0.41338317376520334, -0.018035908575608744, 0.5421063616509153]","[0.41332199999999997, -0.017721, 0.542145]"
236,return,11.800000,11.800343,0.000171,0.049239,2026-09-26T05:39:03.754971+00:00,2026-09-26T05:39:03.755136+00:00,0.000172,1790401143.751970,1790401143.735290,0,0,0,0.004506,0.000466,"[0.04579296069162045, -0.6600195525582541, -0.18374528455913366, -0.3240648948055016, -0.19256217637253437, 0.20561723917745198, -0.47339918636831774]","[0.047804568212124685, -0.6600137099341757, -0.18825121312010837, -0.3245090678233057, -0.19254472308001444, 0.2056695990550118, -0.47336819972590205]","[0.41339817067166174, -0.01852076454134601, 0.5420906310733775]","[0.41338199999999997, -0.018057999999999998, 0.5421469999999999]"
237,return,11.850000,11.850402,0.000214,0.050060,2026-09-26T05:39:03.805015+00:00,2026-09-26T05:39:03.805196+00:00,0.000189,1790401143.802028,1790401143.795383,0,1,0,0.004883,0.000429,"[0.04383679468661428, -0.6600150163085312, -0.17972067934403407, -0.32377185363685096, -0.19256217637253437, 0.20561723917745198, -0.47340674678452255]","[0.045937065912490756, -0.6600137099341757, -0.18460347498344024, -0.32422981514298665, -0.19254472308001444, 0.2056695990550118, -0.47336819972590205]","[0.41341871120439583, -0.01899941499078407, 0.5420661195821316]","[0.4134, -0.018571, 0.5420619999999999]"
238,return,11.900000,11.901053,0.000233,0.050651,2026-09-26T05:39:03.855047+00:00,2026-09-26T05:39:03.855849+00:00,0.000820,1790401143.852346,1790401143.835582,0,0,0,0.004612,0.000551,"[0.041910033373521886, -0.6600113102703655, -0.1757329390461714, -0.32352184383709903, -0.19256238535964898, 0.20561723917745198, -0.4734131967005693]","[0.043720497762457955, -0.6600137099341757, -0.18034487160857407, -0.32396801575518747, -0.19254472308001444, 0.2056695990550118, -0.47336819972590205]","[0.41344446458287976, -0.01947070670679303, 0.5420332965169397]","[0.41339699999999996, -0.018923, 0.5420659999999999]"
239,return,11.950000,11.950725,0.000334,0.049672,2026-09-26T05:39:03.905146+00:00,2026-09-26T05:39:03.905519+00:00,0.000391,1790401143.902096,1790401143.895293,0,1,0,0.004417,0.000447,"[0.039986285726333524, -0.66000913716293, -0.17175619085586927, -0.32332961615730654, -0.1925640964416498, 0.20561723917745198, -0.473419055254793]","[0.041661009245104644, -0.6600137099341757, -0.17617353469630762, -0.32356659002722876, -0.19254472308001444, 0.2056695990550118, -0.47336819972590205]","[0.4134781813182693, -0.019943960126817976, 0.5419879820699575]","[0.413421, -0.019504, 0.5420389999999999]"
240,return,12.000000,12.000763,0.000199,0.050038,2026-09-26T05:39:03.955004+00:00,2026-09-26T05:39:03.955558+00:00,0.000564,1790401143.952350,1790401143.937034,0,0,0,0.004556,0.000660,"[0.03808437672039785, -0.6600073968841998, -0.16779493229876707, -0.3231820389843276, -0.19256593814059722, 0.20561723917745198, -0.4734243631689476]","[0.040107666210829694, -0.6600137099341757, -0.17235126363444003, -0.32330479063942963, -0.19254472308001444, 0.2056695990550118, -0.47336819972590205]","[0.41351769227154633, -0.020411154186093232, 0.5419336258007336]","[0.413427, -0.019766, 0.542037]"
241,return,12.050000,12.050406,0.000223,0.049643,2026-09-26T05:39:04.005024+00:00,2026-09-26T05:39:04.005199+00:00,0.000183,1790401144.002030,1790401143.995785,0,1,0,0.004140,0.000422,"[0.036235078171670196, -0.6600046680144621, -0.16386529840944825, -0.32305928927567434, -0.1925659512022919, 0.20561723917745198, -0.47342892835928807]","[0.03817035074111599, -0.6600137099341757, -0.16800539379697416, -0.3232349774693498, -0.19254472308001444, 0.2056695990550118, -0.47336819972590205]","[0.41355965561059543, -0.020860042686688812, 0.5418755552500564]","[0.413495, -0.020447999999999997, 0.541937]"
242,return,12.100000,12.100785,0.000209,0.050379,2026-09-26T05:39:04.055010+00:00,2026-09-26T05:39:04.055579+00:00,0.000576,1790401144.053074,1790401144.036701,0,0,0,0.003798,0.000353,"[0.034469161896105716, -0.6599995291340032, -0.15998342422249562, -0.3229415439888583, -0.19256217637253437, 0.20561723917745198, -0.4734325587420693]","[0.03633775502652194, -0.6600137099341757, -0.1637816970071479, -0.3232349774693498, -0.19254472308001444, 0.2056695990550118, -0.47336819972590205]","[0.4136007847438932, -0.02127843138699644, 0.541819092820354]","[0.413523, -0.02094, 0.541883]"
243,return,12.150000,12.150303,0.000136,0.049518,2026-09-26T05:39:04.104935+00:00,2026-09-26T05:39:04.105096+00:00,0.000167,1790401144.102220,1790401144.101061,0,1,0,0.004708,0.000323,"[0.032777209387406345, -0.6599945810567309, -0.156141061661898, -0.32283167541614727, -0.19255972948173422, 0.20561723917745198, -0.4734350174140058]","[0.03429571980168858, -0.6600137099341757, -0.16084954386379743, -0.32318261759179, -0.19254472308001444, 0.2056695990550118, -0.47336819972590205]","[0.4136426381255855, -0.02166957342357739, 0.5417624085487822]","[0.41362099999999996, -0.021346999999999998, 0.541766]"
244,return,12.200000,12.201321,0.000170,0.051018,2026-09-26T05:39:04.154980+00:00,2026-09-26T05:39:04.156118+00:00,0.001151,1790401144.147708,1790401144.136769,0,1,0,0.004155,0.000245,"[0.031143988404590088, -0.6599901452027789, -0.15233080782012084, -0.3227400599214482, -0.192558783405262, 0.20561723917745198, -0.47343645163930215]","[0.03291690969261306, -0.6600137099341757, -0.15648622073381158, -0.32304299125163044, -0.19254472308001444, 0.2056695990550118, -0.47336819972590205]","[0.4136869023248997, -0.022039520786945245, 0.5417028629522107]","[0.41361499999999995, -0.021811, 0.541755]"
245,return,12.250000,12.251358,0.000305,0.050036,2026-09-26T05:39:04.205121+00:00,2026-09-26T05:39:04.206154+00:00,0.001052,1790401144.202041,1790401144.195305,0,1,0,0.003762,0.000384,"[0.02959155016158781, -0.6599813810617718, -0.1485700654844654, -0.32265813056973236, -0.19254996445635972, 0.20561723917745198, -0.47343724558544825]","[0.031258846903218444, -0.6600137099341757, -0.15233233711406508, -0.3228510050339111, -0.19254472308001444, 0.20556487929989214, -0.47336819972590205]","[0.4137305476685163, -0.02238032491180405, 0.5416445537633849]","[0.413694, -0.021998999999999998, 0.5416719999999999]"
246,return,12.300000,12.300895,0.000335,0.049537,2026-09-26T05:39:04.255148+00:00,2026-09-26T05:39:04.255692+00:00,0.000560,1790401144.252396,1790401144.235295,0,1,0,0.004035,0.000348,"[0.028141945872329883, -0.659963448123335, -0.14487623744223196, -0.32257732042597087, -0.19252389894826955, 0.20561723917745195, -0.47343778341993437]","[0.029618237406343773, -0.6600137099341757, -0.1489114917801562, -0.3224670325984723, -0.19254472308001444, 0.20556487929989214, -0.47336819972590205]","[0.41377057624973346, -0.02268404938445964, 0.541591570005893]","[0.413713, -0.022359, 0.541702]"
247,return,12.350000,12.350833,0.000403,0.049939,2026-09-26T05:39:04.305237+00:00,2026-09-26T05:39:04.305627+00:00,0.000430,1790401144.302041,1790401144.295591,0,1,0,0.003746,0.000231,"[0.026809201184545085, -0.659934376991247, -0.141255496957652, -0.3224907742518039, -0.19247883400156768, 0.20561723917745198, -0.47343829026490963]","[0.028134707542148595, -0.6600137099341757, -0.1450019542556889, -0.32234485955083275, -0.19254472308001444, 0.20556487929989214, -0.47336819972590205]","[0.4138054405702772, -0.022945170656930018, 0.5415463266872563]","[0.413723, -0.022747999999999997, 0.541635]"
248,return,12.400000,12.400512,0.000215,0.049679,2026-09-26T05:39:04.355015+00:00,2026-09-26T05:39:04.355307+00:00,0.000298,1790401144.352911,1790401144.335352,0,1,0,0.003549,0.000259,"[0.025575603774380395, -0.6599005405431675, -0.13768290013803902, -0.32240222364534066, -0.1924317266155992, 0.20561723917745198, -0.47343841447906476]","[0.026808257310632903, -0.6600137099341757, -0.14123204307138115, -0.32227504638075294, -0.19254472308001444, 0.20556487929989214, -0.47336819972590205]","[0.413838408914901, -0.02316896043278325, 0.5415051111824171]","[0.4138, -0.02293, 0.541597]"
249,return,12.450000,12.450789,0.000473,0.050277,2026-09-26T05:39:04.405280+00:00,2026-09-26T05:39:04.405583+00:00,0.000316,1790401144.401993,1790401144.395712,0,1,0,0.003527,0.000140,"[0.024444194916576848, -0.6598570281965713, -0.13417957127800426, -0.3223158653546875, -0.19236518547686593, 0.20561723917745198, -0.47343828258155984]","[0.025534166956677044, -0.6600137099341757, -0.1377064779823526, -0.32227504638075294, -0.19254472308001444, 0.20556487929989214, -0.47336819972590205]","[0.4138680011628851, -0.023356141951102888, 0.5414691008081368]","[0.413844, -0.023219999999999998, 0.541488]"
250,return,12.500000,12.501374,0.000307,0.050585,2026-09-26T05:39:04.455121+00:00,2026-09-26T05:39:04.456171+00:00,0.001067,1790401144.453196,1790401144.435755,0,1,0,0.004526,0.000037,"[0.0234211597077246, -0.6597976164381189, -0.13077186426736673, -0.3222354642212471, -0.19225811979016252, 0.20561723917745195, -0.4734380866561399]","[0.02457423586808016, -0.6600137099341757, -0.1352979236146004, -0.32227504638075294, -0.19245745661741473, 0.20556487929989214, -0.47336819972590205]","[0.4138921372650378, -0.023506560693470284, 0.5414401362028478]","[0.413859, -0.023500999999999998, 0.5414559999999999]"
251,return,12.550000,12.551135,0.000311,0.049761,2026-09-26T05:39:04.505123+00:00,2026-09-26T05:39:04.505931+00:00,0.000824,1790401144.501998,1790401144.496064,0,1,0,0.003397,0.000158,"[0.022513255141750746, -0.6597164586996124, -0.1274857271101868, -0.3221646621016032, -0.19209096651755816, 0.20561723917745198, -0.4734380128959818]","[0.02361430477948328, -0.6599788033491357, -0.13088224060705478, -0.32227504638075294, -0.19245745661741473, 0.20556487929989214, -0.47336819972590205]","[0.4139088841718, -0.023619759116187463, 0.5414199321765705]","[0.41394899999999996, -0.023476999999999998, 0.541365]"
252,return,12.600000,12.601045,0.000162,0.049910,2026-09-26T05:39:04.554970+00:00,2026-09-26T05:39:04.555839+00:00,0.000883,1790401144.552441,1790401144.537280,0,1,0,0.003748,0.000086,"[0.021737526730190266, -0.659619669237157, -0.12432434624529477, -0.322102326316328, -0.1918905614485719, 0.20561723917745198, -0.4734380128959818]","[0.022497294058206906, -0.6598391770089762, -0.1280722605113439, -0.32220523321067324, -0.1923178302772552, 0.20556487929989214, -0.47336819972590205]","[0.4139206268122694, -0.02368863325723623, 0.541406712472103]","[0.41392599999999996, -0.023767999999999997, 0.5413749999999999]"
253,return,12.650000,12.650688,0.000313,0.049643,2026-09-26T05:39:04.605126+00:00,2026-09-26T05:39:04.605482+00:00,0.000375,1790401144.602045,1790401144.596400,0,1,0,0.003328,0.000047,"[0.0210794867486572, -0.6595066781510865, -0.12127120329017424, -0.32204713092413506, -0.19165099178453032, 0.20561723917745198, -0.4734380128959818]","[0.02192133540504878, -0.6596820973762968, -0.1245990552998752, -0.32208306016303356, -0.19217820393709564, 0.20556487929989214, -0.47336819972590205]","[0.41392713513380125, -0.02371784882719066, 0.5414005149081349]","[0.413915, -0.023672, 0.541399]"
254,return,12.700000,12.701169,0.000287,0.050481,2026-09-26T05:39:04.655098+00:00,2026-09-26T05:39:04.655967+00:00,0.000883,1790401144.652242,1790401144.637442,0,1,0,0.002936,0.000226,"[0.0205119361388539, -0.6593708393438229, -0.11831193038069594, -0.3219993448422675, -0.191340794207996, 0.20561723917745198, -0.4734380128959818]","[0.021031217486531674, -0.6594552045735375, -0.12124802313604607, -0.32182126077523443, -0.1919513111343364, 0.20556487929989214, -0.47336819972590205]","[0.4139259090564039, -0.02371777153748594, 0.5414031149787776]","[0.41383699999999995, -0.023912, 0.541477]"
255,return,12.750000,12.750776,0.000375,0.049607,2026-09-26T05:39:04.705187+00:00,2026-09-26T05:39:04.705571+00:00,0.000401,1790401144.702047,1790401144.697234,0,1,0,0.002866,0.000105,"[0.020007675842482878, -0.6592055067177875, -0.11543215965273147, -0.32195923698796824, -0.1909285054015315, 0.20561723917745195, -0.47343801289598175]","[0.020420352248333655, -0.6593330315258978, -0.11829841670017567, -0.3217514476051546, -0.1916371518689774, 0.20556487929989214, -0.47336819972590205]","[0.413914432310833, -0.023698753335056298, 0.5414162964800835]","[0.413856, -0.023766, 0.541472]"
256,return,12.800000,12.801469,0.000299,0.050693,2026-09-26T05:39:04.755111+00:00,2026-09-26T05:39:04.756265+00:00,0.001170,1790401144.752069,1790401144.737402,0,1,0,0.002824,0.000239,"[0.019567899544769243, -0.6590088121945321, -0.11264673554298653, -0.321928269553927, -0.1904135232978464, 0.20561723917745198, -0.4734380128959818]","[0.01986184688769547, -0.6592457650632981, -0.11547098331194486, -0.3216816344350749, -0.1909215668756597, 0.20556487929989214, -0.47336819972590205]","[0.4138918995034756, -0.02366151687740121, 0.5414407424407377]","[0.413836, -0.023889999999999998, 0.541485]"
257,return,12.850000,12.851182,0.000224,0.049713,2026-09-26T05:39:04.805033+00:00,2026-09-26T05:39:04.805978+00:00,0.000958,1790401144.802074,1790401144.797360,0,1,0,0.002524,0.000176,"[0.019219943682305025, -0.6587860181003355, -0.10997942634040507, -0.32190713957363765, -0.18982616885392953, 0.20561723917745198, -0.4734380128959818]","[0.019408061282176946, -0.6590712321380987, -0.11250392358355447, -0.3216816344350749, -0.1901885285898221, 0.20556487929989214, -0.47336819972590205]","[0.41386029619267967, -0.023596412652648144, 0.5414750937880614]","[0.41386399999999995, -0.023771999999999998, 0.541459]"
258,return,12.900000,12.900935,0.000307,0.049753,2026-09-26T05:39:04.855121+00:00,2026-09-26T05:39:04.855731+00:00,0.000627,1790401144.852091,1790401144.836758,0,1,0,0.002579,0.000282,"[0.018930980579617375, -0.6585345548669128, -0.10737701071024801, -0.3218924508015986, -0.1891334731231164, 0.20561723917745198, -0.4734380128959818]","[0.018867009214058702, -0.6588966992128993, -0.10995574287564276, -0.3216816344350749, -0.1896649298142238, 0.20556487929989214, -0.47336819972590205]","[0.41381895925372475, -0.023512885118409266, 0.5415194970737961]","[0.413834, -0.023792999999999998, 0.541488]"
259,return,12.950000,12.951542,0.000291,0.050607,2026-09-26T05:39:04.905103+00:00,2026-09-26T05:39:04.906338+00:00,0.001250,1790401144.902191,1790401144.897717,0,1,0,0.002588,0.000205,"[0.018666358329101136, -0.6582515796548372, -0.10478416853394375, -0.32188070731365026, -0.18830051528055888, 0.20561723917745198, -0.4734380128959818]","[0.0187448361664191, -0.6583207405597412, -0.10737265558269116, -0.3216816344350749, -0.1893333172563449, 0.20556487929989214, -0.47336819972590205]","[0.41376710702750064, -0.023420956960322425, 0.5415741848241381]","[0.413736, -0.023622, 0.541596]"
260,return,13.000000,13.000829,0.000177,0.049288,2026-09-26T05:39:04.954982+00:00,2026-09-26T05:39:04.955625+00:00,0.000652,1790401144.952158,1790401144.936918,0,1,0,0.002390,0.000203,"[0.018396270245980714, -0.6579344414010931, -0.10215531603378941, -0.3218689917930951, -0.18729988082683086, 0.20561723917745198, -0.4734380128959818]","[0.018657569703819384, -0.658076394464462, -0.10454522219446034, -0.3216816344350749, -0.1886526388480671, 0.20556487929989214, -0.47349037277354167]","[0.41370390406514845, -0.023329369763356065, 0.541639528944951]","[0.41362899999999997, -0.023504999999999998, 0.541708]"
261,return,13.050000,13.051393,0.000225,0.050564,2026-09-26T05:39:05.005036+00:00,2026-09-26T05:39:05.006189+00:00,0.001168,1790401145.002409,1790401144.996759,0,1,0,0.002724,0.000144,"[0.01814094740984096, -0.657583526936732, -0.09953513342555094, -0.3218599008536099, -0.18616819075842453, 0.20561723917745198, -0.4734380128959818]","[0.018465583486100008, -0.6579716747093423, -0.10225884087434776, -0.3216816344350749, -0.18762289458939044, 0.20556487929989214, -0.4735252793585816]","[0.41362889957267474, -0.0232331336062791, 0.5417163036210868]","[0.413661, -0.023368, 0.541678]"
262,return,13.100000,13.100815,0.000225,0.049421,2026-09-26T05:39:05.055037+00:00,2026-09-26T05:39:05.055611+00:00,0.000590,1790401145.052007,1790401145.036871,0,1,0,0.002670,0.000256,"[0.017905601283185336, -0.657200613881564, -0.09691880785891312, -0.32185337103072514, -0.18489348025569502, 0.20561723917745198, -0.4734380128959818]","[0.018238690683340743, -0.6577971417841428, -0.09958848711879645, -0.3216816344350749, -0.18636625752795452, 0.20556487929989214, -0.4735252793585816]","[0.4135431782000565, -0.023129723974834152, 0.5418034640447771]","[0.413632, -0.023347999999999997, 0.5417029999999999]"
263,return,13.150000,13.151132,0.000292,0.050318,2026-09-26T05:39:05.105105+00:00,2026-09-26T05:39:05.105928+00:00,0.000840,1790401145.101994,1790401145.095921,0,1,0,0.002916,0.000190,"[0.01768639019111302, -0.6567873157390473, -0.09428144528051831, -0.3218481729884728, -0.18344728250762737, 0.20561723917745198, -0.4734380128959818]","[0.018011797880581482, -0.6573084495935845, -0.09719738604356422, -0.3216816344350749, -0.1848652743712394, 0.20556487929989214, -0.4735252793585816]","[0.41344802083935156, -0.023018806788659293, 0.541899620311845]","[0.41356499999999996, -0.023104, 0.5417759999999999]"
264,return,13.200000,13.201744,0.000228,0.050611,2026-09-26T05:39:05.155040+00:00,2026-09-26T05:39:05.156541+00:00,0.001515,1790401145.152030,1790401145.137072,0,1,0,0.002702,0.000299,"[0.017479472458723246, -0.6563452460126401, -0.09159815163700989, -0.32184307739088436, -0.18180113070320686, 0.20561723917745198, -0.4734380128959818]","[0.01768018532270256, -0.6567673975254662, -0.09430013948525363, -0.3216816344350749, -0.18345155767712398, 0.20556487929989214, -0.4735252793585816]","[0.41334469829072407, -0.022900029433008895, 0.5420033941109518]","[0.413365, -0.023195999999999998, 0.54197]"
265,return,13.250000,13.251018,0.000308,0.049274,2026-09-26T05:39:05.205118+00:00,2026-09-26T05:39:05.205814+00:00,0.000710,1790401145.202008,1790401145.195314,0,1,0,0.002703,0.000175,"[0.0172813944202802, -0.6558757633746994, -0.08885705487238602, -0.3218379395348721, -0.17995851308324343, 0.20561723917745198, -0.4734380128959818]","[0.017540558982543013, -0.6561739855797882, -0.09155997255962253, -0.3216816344350749, -0.18181094818024932, 0.20556487929989214, -0.4735252793585816]","[0.4132338604896066, -0.022773752209324795, 0.5421141089126154]","[0.413251, -0.022945999999999998, 0.54209]"
266,return,13.300000,13.301828,0.000161,0.050810,2026-09-26T05:39:05.254971+00:00,2026-09-26T05:39:05.256625+00:00,0.001667,1790401145.252009,1790401145.235721,0,1,0,0.003025,0.000257,"[0.017094874701055317, -0.6553777422144788, -0.08607391737876419, -0.32183345988582607, -0.17793444291324909, 0.20561723917745198, -0.4734380128959818]","[0.01731366617978375, -0.6557551065593096, -0.08909905831431053, -0.3216816344350749, -0.18015288539085472, 0.20556487929989214, -0.4735252793585816]","[0.41311466408971487, -0.022639989347711127, 0.5422326437210961]","[0.41309599999999996, -0.022896, 0.5422469999999999]"
267,return,13.350000,13.351340,0.000318,0.049512,2026-09-26T05:39:05.305130+00:00,2026-09-26T05:39:05.306136+00:00,0.001022,1790401145.302054,1790401145.295406,0,1,0,0.002465,0.000257,"[0.016925330062658724, -0.6548490696107832, -0.08326529677496712, -0.3218296768604954, -0.17571774091926265, 0.20561723917745198, -0.4734380128959818]","[0.017174039839624202, -0.6554933071715103, -0.08573057285796147, -0.3216816344350749, -0.17802358370342164, 0.20556487929989214, -0.4735252793585816]","[0.41298613704591436, -0.02249785521229087, 0.5423599539761517]","[0.41311699999999996, -0.02267, 0.542221]"
268,return,13.400000,13.401677,0.000301,0.050337,2026-09-26T05:39:05.355112+00:00,2026-09-26T05:39:05.356474+00:00,0.001376,1790401145.352055,1790401145.335876,0,1,0,0.002874,0.000396,"[0.016778177266700542, -0.654287632642417, -0.08044775067981721, -0.32182662887562913, -0.17329722782732293, 0.20561723917745198, -0.47343801289598175]","[0.016859880574265223, -0.6549348018108722, -0.08332201849020929, -0.3216816344350749, -0.17558012275062956, 0.20556487929989214, -0.4735252793585816]","[0.412847313240911, -0.02234646716167084, 0.542496983408133]","[0.413006, -0.022667, 0.542327]"
269,return,13.450000,13.451282,0.000313,0.049605,2026-09-26T05:39:05.405125+00:00,2026-09-26T05:39:05.406080+00:00,0.000970,1790401145.402041,1790401145.395680,0,1,0,0.002580,0.000216,"[0.016658600730292884, -0.6536914792775297, -0.07762911180743623, -0.3218252712789415, -0.1706612066593589, 0.20561723917745198, -0.4734380128959818]","[0.016580627893946133, -0.6542017635250346, -0.08014551925157962, -0.3216816344350749, -0.17324138155295715, 0.20556487929989214, -0.4735252793585816]","[0.4126976319912693, -0.022184348496190966, 0.5426442273921643]","[0.412767, -0.022376, 0.542573]"
270,return,13.500000,13.500704,0.000352,0.049421,2026-09-26T05:39:05.455158+00:00,2026-09-26T05:39:05.455499+00:00,0.000352,1790401145.452101,1790401145.436141,0,1,0,0.003087,0.000246,"[0.016566144677125524, -0.6530609446638397, -0.07479003594169584, -0.32182765823961323, -0.16780838451248847, 0.20561723917745198, -0.4734380128959818]","[0.0165282680163863, -0.6535559917017966, -0.07787659122398698, -0.3216816344350749, -0.170518667919846, 0.20556487929989214, -0.4735252793585816]","[0.41253796279184485, -0.022010074436031746, 0.5428007013708019]","[0.412609, -0.022241, 0.5427569999999999]"
271,return,13.550000,13.551328,0.000294,0.050624,2026-09-26T05:39:05.505107+00:00,2026-09-26T05:39:05.506124+00:00,0.001034,1790401145.503055,1790401145.496012,0,0,0,0.003128,0.000341,"[0.016494904913876927, -0.6523980631474849, -0.07194312818139102, -0.32183023472291333, -0.16475476057967037, 0.20561723917745198, -0.4734380128959818]","[0.016545721308906244, -0.653137112681318, -0.07456046564519776, -0.3216816344350749, -0.16788322074933457, 0.20556487929989214, -0.4735252793585816]","[0.41236794894642015, -0.021826872121741628, 0.5429668689801719]","[0.412528, -0.022077, 0.5428]"
272,return,13.600000,13.601521,0.000286,0.050193,2026-09-26T05:39:05.555097+00:00,2026-09-26T05:39:05.556317+00:00,0.001234,1790401145.552177,1790401145.535316,0,1,0,0.004167,0.000333,"[0.016438773177454832, -0.6517049092329119, -0.06910486931184606, -0.3218289285534471, -0.16151731506396586, 0.20561723917745198, -0.4734380128959818]","[0.016475908138826472, -0.6523517145179206, -0.07206464481484587, -0.3216816344350749, -0.1656841058918217, 0.20556487929989214, -0.473403106310942]","[0.41218707768797397, -0.021638377640736905, 0.5431433722806666]","[0.412303, -0.021929999999999998, 0.543033]"
273,return,13.650000,13.651553,0.000339,0.050032,2026-09-26T05:39:05.605149+00:00,2026-09-26T05:39:05.606349+00:00,0.001214,1790401145.602167,1790401145.595371,0,0,0,0.003751,0.000296,"[0.01639201461556735, -0.6509832474782362, -0.06629080121303972, -0.32182010115286, -0.1581108907117442, 0.20561723917745198, -0.4734380128959818]","[0.016475908138826472, -0.6516710361096428, -0.06883578569865635, -0.3216816344350749, -0.16186183482995414, 0.20556487929989214, -0.473403106310942]","[0.41199484462869357, -0.021448039784121502, 0.5433308191506389]","[0.412115, -0.021689999999999997, 0.543211]"
274,return,13.700000,13.700651,0.000287,0.049098,2026-09-26T05:39:05.655099+00:00,2026-09-26T05:39:05.655446+00:00,0.000364,1790401145.652297,1790401145.635245,0,1,0,0.004281,0.000381,"[0.01636071444125733, -0.6502265376624395, -0.0634861810733727, -0.321812320224516, -0.1544917140961827, 0.20561723917745198, -0.4734380128959818]","[0.016423548261266643, -0.6509030912387653, -0.0662352451131848, -0.3216816344350749, -0.15877260205392416, 0.20556487929989214, -0.473403106310942]","[0.4117909408641219, -0.02125247138183424, 0.5435288790212363]","[0.41193799999999997, -0.021573, 0.543384]"
275,return,13.750000,13.750701,0.000357,0.050050,2026-09-26T05:39:05.705168+00:00,2026-09-26T05:39:05.705495+00:00,0.000344,1790401145.702001,1790401145.695371,0,0,0,0.004289,0.000354,"[0.016344258498763968, -0.6494379009671007, -0.0606915748996139, -0.32180223941346464, -0.15067897853242002, 0.20561723917745198, -0.4734380128959818]","[0.016423548261266643, -0.6503096792930871, -0.06305874587455512, -0.3216816344350749, -0.15496778428457653, 0.20556487929989214, -0.473403106310942]","[0.4115758278024549, -0.02105174036742935, 0.5437373571187756]","[0.41179299999999996, -0.021235, 0.543526]"
276,return,13.800000,13.801175,0.000296,0.050475,2026-09-26T05:39:05.755108+00:00,2026-09-26T05:39:05.755974+00:00,0.000880,1790401145.752015,1790401145.735269,0,1,0,0.004310,0.000383,"[0.01633600069050889, -0.6486261348277426, -0.05792246464161321, -0.32177883311274075, -0.14673042439421458, 0.20561723917745198, -0.4734380128959818]","[0.016423548261266643, -0.6496115475922895, -0.06091199089460211, -0.3216816344350749, -0.15104079346758928, 0.20556487929989214, -0.473403106310942]","[0.4113501312097673, -0.020849343521967847, 0.543956419445707]","[0.411622, -0.021013, 0.543742]"
277,return,13.850000,13.850865,0.000458,0.049690,2026-09-26T05:39:05.805274+00:00,2026-09-26T05:39:05.805659+00:00,0.000407,1790401145.802059,1790401145.795316,0,0,0,0.004218,0.000629,"[0.016329294918913728, -0.647800036679888, -0.055194332249221066, -0.32173107571537907, -0.14270379205532566, 0.20561723917745195, -0.47343801289598175]","[0.016423548261266643, -0.6490530422316513, -0.05773549165597243, -0.3217863541901946, -0.14692181643288268, 0.20556487929989214, -0.473403106310942]","[0.4111144842727935, -0.02064884615944019, 0.5441862306551906]","[0.41153599999999996, -0.020829, 0.543756]"
278,return,13.900000,13.901575,0.000414,0.050710,2026-09-26T05:39:05.855227+00:00,2026-09-26T05:39:05.856373+00:00,0.001162,1790401145.852015,1790401145.835416,0,1,0,0.004609,0.000439,"[0.016321933808802824, -0.6469630670018426, -0.05250688811137205, -0.32165663875661105, -0.13859565996641923, 0.20561723917745198, -0.4734380128959818]","[0.016423548261266643, -0.6477440452926555, -0.05553637679845957, -0.3217863541901946, -0.14320426512613474, 0.20556487929989214, -0.473403106310942]","[0.4108699299108313, -0.02045113308738013, 0.5444257932610375]","[0.411082, -0.020638, 0.54409]"
279,return,13.950000,13.951141,0.000214,0.049565,2026-09-26T05:39:05.905022+00:00,2026-09-26T05:39:05.905936+00:00,0.000927,1790401145.902046,1790401145.895414,0,0,0,0.004598,0.000390,"[0.016318957022978035, -0.6461089082360658, -0.0498448279172635, -0.32156475793023215, -0.1343474136958632, 0.20561723917745198, -0.4734380128959818]","[0.016423548261266643, -0.6469237405442182, -0.05242969072990966, -0.3217863541901946, -0.13894566175126857, 0.20556487929989214, -0.473403106310942]","[0.4106165283055581, -0.020253270592251252, 0.5446742547102194]","[0.410848, -0.020449, 0.5444289999999999]"
280,return,14.000000,14.001074,0.000334,0.049933,2026-09-26T05:39:05.955148+00:00,2026-09-26T05:39:05.955872+00:00,0.000740,1790401145.952020,1790401145.935332,0,1,0,0.004866,0.000450,"[0.016318651481767588, -0.6452384684520596, -0.04722585338772575, -0.3214492251920474, -0.1300309828180515, 0.20561723917745198, -0.4734380128959818]","[0.016388641676226754, -0.6461557956733407, -0.04989896331451788, -0.3217863541901946, -0.13489649788664174, 0.20556487929989214, -0.473403106310942]","[0.4103523466240741, -0.02005708066535395, 0.544934235808784]","[0.41062299999999996, -0.020222999999999998, 0.544616]"
281,return,14.050000,14.051334,0.000321,0.050260,2026-09-26T05:39:06.005135+00:00,2026-09-26T05:39:06.006131+00:00,0.001013,1790401146.002297,1790401145.995461,0,0,0,0.004881,0.000388,"[0.016319057930972092, -0.6443529385690429, -0.044668673479525384, -0.3213033176109804, -0.12572224041227442, 0.20561723917745195, -0.4734380128959818]","[0.016388641676226754, -0.6450038783670244, -0.0470017167562073, -0.3217339943126347, -0.1306029879267357, 0.20556487929989214, -0.473403106310942]","[0.41007540723400554, -0.019864616551006166, 0.5452084374548583]","[0.41031399999999996, -0.020024, 0.544948]"
282,return,14.100000,14.101519,0.000228,0.050185,2026-09-26T05:39:06.055041+00:00,2026-09-26T05:39:06.056315+00:00,0.001291,1790401146.052019,1790401146.035689,0,1,0,0.004737,0.000542,"[0.01631850068322215, -0.643453516882251, -0.0421908194455718, -0.3211205458297888, -0.12148569229790294, 0.20561723917745198, -0.4734380128959818]","[0.016336281798666925, -0.6443930131288264, -0.04473278872861467, -0.32157691467995525, -0.1262222115042299, 0.20556487929989214, -0.473403106310942]","[0.4097839456750553, -0.019677827264841456, 0.5454992635930497]","[0.41009799999999996, -0.01996, 0.54516]"
283,return,14.150000,14.151007,0.000231,0.049489,2026-09-26T05:39:06.105041+00:00,2026-09-26T05:39:06.105803+00:00,0.000777,1790401146.102626,1790401146.095274,0,0,0,0.004325,0.000541,"[0.016318183104763684, -0.6425405840760555, -0.0397902676964167, -0.3209004637019606, -0.11727234918049076, 0.20561723917745198, -0.4734380128959818]","[0.016336281798666925, -0.6434156287477096, -0.04223696789826278, -0.3214547416323156, -0.12159708898644495, 0.20556487929989214, -0.473403106310942]","[0.4094787360159598, -0.019496338252112576, 0.5458056602519065]","[0.40981599999999996, -0.019703, 0.545437]"
284,return,14.200000,14.200517,0.000218,0.049510,2026-09-26T05:39:06.155027+00:00,2026-09-26T05:39:06.155312+00:00,0.000299,1790401146.152655,1790401146.135978,0,1,0,0.004769,0.000499,"[0.016318336771759714, -0.6416128198436263, -0.037454765747798276, -0.32064871848960014, -0.11307577625457861, 0.20561723917745198, -0.4734380128959818]","[0.016336281798666925, -0.6424906042441525, -0.03968878719035106, -0.32119294224451644, -0.11784463109465712, 0.20556487929989214, -0.473403106310942]","[0.40916045686080743, -0.01931920429055313, 0.5461265400837084]","[0.40946699999999997, -0.019531, 0.545795]"
285,return,14.250000,14.251272,0.000234,0.050755,2026-09-26T05:39:06.205047+00:00,2026-09-26T05:39:06.206070+00:00,0.001038,1790401146.203890,1790401146.197229,0,1,0,0.004919,0.000581,"[0.016318654350218183, -0.640668725931752, -0.0351729038252614, -0.32037118795530556, -0.10891149388676612, 0.20561723917745198, -0.4734380128959818]","[0.016336281798666925, -0.6416004863256355, -0.037629298672997746, -0.32100095602679707, -0.11383037381507018, 0.20556487929989214, -0.473403106310942]","[0.4088294322374382, -0.01914568105124629, 0.5464612661734313]","[0.40919099999999997, -0.019358999999999998, 0.546059]"
286,return,14.300000,14.300500,0.000163,0.049228,2026-09-26T05:39:06.254971+00:00,2026-09-26T05:39:06.255295+00:00,0.000337,1790401146.252108,1790401146.235381,0,1,0,0.004969,0.000592,"[0.016318828506147017, -0.6397068040872216, -0.03293327215435049, -0.3200737498616751, -0.10479502244365205, 0.20561723917745198, -0.4734380128959818]","[0.016336281798666925, -0.6408674480397979, -0.035028758087526195, -0.32039009078859904, -0.10976375665792339, 0.20556487929989214, -0.473403106310942]","[0.40848597934005776, -0.018975012258177177, 0.5468092070971029]","[0.408861, -0.019225, 0.546426]"
287,return,14.350000,14.350804,0.000285,0.050304,2026-09-26T05:39:06.305095+00:00,2026-09-26T05:39:06.305600+00:00,0.000519,1790401146.303255,1790401146.295979,0,1,0,0.004528,0.000628,"[0.016318828506147017, -0.6387230512847883, -0.03075551962162492, -0.3197537918697762, -0.10075075015806514, 0.20561723917745198, -0.4734380128959818]","[0.016336281798666925, -0.6398551570736412, -0.03307398932529255, -0.32009338481576005, -0.10527826048029795, 0.20565214576249183, -0.473403106310942]","[0.40812732327332407, -0.018808865868465457, 0.5471732927020271]","[0.408541, -0.019004999999999998, 0.546743]"
288,return,14.400000,14.401240,0.000228,0.050436,2026-09-26T05:39:06.355040+00:00,2026-09-26T05:39:06.356038+00:00,0.001013,1790401146.352176,1790401146.335220,0,1,0,0.004865,0.000523,"[0.016318828506147017, -0.6377189965110625, -0.028642442966412468, -0.31940854797368023, -0.09676585223862824, 0.20561723917745198, -0.4734380128959818]","[0.016336281798666925, -0.638685786474805, -0.03061307507998054, -0.3197268656728412, -0.10163052234362982, 0.20565214576249183, -0.473403106310942]","[0.40775373984062335, -0.01864749535881039, 0.5475532657686719]","[0.408062, -0.018924, 0.547234]"
289,return,14.450000,14.450946,0.000292,0.049706,2026-09-26T05:39:06.405104+00:00,2026-09-26T05:39:06.405743+00:00,0.000654,1790401146.403510,1790401146.395467,0,1,0,0.004310,0.000599,"[0.016318828506147017, -0.6367014395306189, -0.02655735419341067, -0.3190436654354915, -0.09280002951563228, 0.20561723917745198, -0.4734380128959818]","[0.016336281798666925, -0.637760761971248, -0.028780479365386493, -0.3194650662850421, -0.0971101195809645, 0.20565214576249183, -0.473403106310942]","[0.40737011850552657, -0.01848798039524509, 0.5479437411025376]","[0.40777199999999997, -0.018643, 0.547527]"
290,return,14.500000,14.501440,0.000312,0.050495,2026-09-26T05:39:06.455126+00:00,2026-09-26T05:39:06.456237+00:00,0.001128,1790401146.452739,1790401146.435467,0,1,0,0.004265,0.000739,"[0.016318828506147017, -0.6356771801080315, -0.024463565307316883, -0.31866479151731414, -0.08881298281936774, 0.20561723917745198, -0.4734380128959818]","[0.016336281798666925, -0.6367659242976113, -0.026389378290154263, -0.3192730800673227, -0.0930784090088576, 0.20565214576249183, -0.473403106310942]","[0.406981351726566, -0.01832735817005081, 0.5483393648415759]","[0.40746299999999996, -0.018569, 0.547833]"
291,return,14.550000,14.551361,0.000388,0.049921,2026-09-26T05:39:06.505198+00:00,2026-09-26T05:39:06.506158+00:00,0.000973,1790401146.502632,1790401146.495384,0,0,0,0.004307,0.000570,"[0.016318828506147017, -0.6346487708057719, -0.022336121709977445, -0.31827595813378984, -0.08477499617980883, 0.20561723917745198, -0.4734380128959818]","[0.016336281798666925, -0.635596553698775, -0.024539329283040277, -0.3188018411692843, -0.08908160502179058, 0.20565214576249183, -0.473403106310942]","[0.406589973032332, -0.018163609921168247, 0.5487372708719008]","[0.40696, -0.018344, 0.548343]"
292,return,14.600000,14.601452,0.000292,0.050091,2026-09-26T05:39:06.555104+00:00,2026-09-26T05:39:06.556248+00:00,0.001160,1790401146.552028,1790401146.535380,0,1,0,0.005074,0.000607,"[0.016318828506147017, -0.633606780004624, -0.020200865785004424, -0.31787361465530856, -0.08070929272662039, 0.20561723917745198, -0.4734380128959818]","[0.016336281798666925, -0.6347413423652978, -0.02235766771804736, -0.3183480555637657, -0.0857829327355213, 0.20565214576249183, -0.473403106310942]","[0.4061907245057832, -0.017998903170470197, 0.5491428926271711]","[0.406576, -0.018247, 0.5487449999999999]"
293,return,14.650000,14.651932,0.000299,0.050480,2026-09-26T05:39:06.605111+00:00,2026-09-26T05:39:06.606729+00:00,0.001633,1790401146.603183,1790401146.595308,0,0,0,0.004514,0.000627,"[0.016318828506147017, -0.6325589242464611, -0.018058930467937228, -0.3174568572125994, -0.07662593293558789, 0.20561723917745198, -0.4734380128959818]","[0.016336281798666925, -0.6337290513991412, -0.019949113350295186, -0.3178419100806874, -0.08114035692521639, 0.20565214576249183, -0.473403106310942]","[0.40578645106518924, -0.01783327081256321, 0.5495534885859829]","[0.406203, -0.018022, 0.549124]"
294,return,14.700000,14.700735,0.000298,0.048804,2026-09-26T05:39:06.655111+00:00,2026-09-26T05:39:06.655532+00:00,0.000437,1790401146.652029,1790401146.635224,0,1,0,0.004734,0.000713,"[0.016318828506147017, -0.6315148845520328, -0.015907127168608204, -0.3170253400549215, -0.07253152448754073, 0.20561723917745198, -0.47343801289598175]","[0.016336281798666925, -0.6326469472629045, -0.01815142422074103, -0.31766737715548793, -0.07726572598578897, 0.20565214576249183, -0.473403106310942]","[0.4053810325531142, -0.01766638427028576, 0.5499652817184572]","[0.40584899999999996, -0.01783, 0.549453]"
295,return,14.750000,14.750384,0.000159,0.049649,2026-09-26T05:39:06.704963+00:00,2026-09-26T05:39:06.705178+00:00,0.000225,1790401146.703643,1790401146.695895,0,1,0,0.004838,0.000767,"[0.016318832808822906, -0.6304840213927358, -0.013741445383310458, -0.31657858281924517, -0.06843096003718828, 0.20561723917745198, -0.4734380128959818]","[0.016336281798666925, -0.6316346562967479, -0.01595230936322817, -0.31744048435272865, -0.07326892199872197, 0.20565214576249183, -0.473403106310942]","[0.404978245778355, -0.01749785314374326, 0.5503746274987957]","[0.40548799999999996, -0.017669, 0.549828]"
296,return,14.800000,14.801131,0.000339,0.050747,2026-09-26T05:39:06.755151+00:00,2026-09-26T05:39:06.755928+00:00,0.000793,1790401146.751988,1790401146.735309,0,1,0,0.004620,0.000678,"[0.016318946522399968, -0.6294633170561017, -0.011540221753611026, -0.3161131252321538, -0.06428562890777284, 0.20561723917745198, -0.4734380128959818]","[0.016336281798666925, -0.6304303791128718, -0.013439035240356337, -0.31703905862476994, -0.06890559886873612, 0.20565214576249183, -0.473403106310942]","[0.40457719191062763, -0.017325913925574567, 0.550782504863748]","[0.40502699999999997, -0.017462, 0.550294]"
297,return,14.850000,14.851934,0.000308,0.050803,2026-09-26T05:39:06.805123+00:00,2026-09-26T05:39:06.806731+00:00,0.001626,1790401146.802075,1790401146.795386,0,0,0,0.004303,0.000563,"[0.01631910121384264, -0.6284494304118582, -0.009319308259486738, -0.3156314096768822, -0.06011704796185781, 0.20561723917745198, -0.4734380128959818]","[0.016336281798666925, -0.6293831815616752, -0.011623892818282236, -0.31602676765861326, -0.0644201026911107, 0.20565214576249183, -0.473403106310942]","[0.40417629881108186, -0.017151931271397552, 0.5511903612407919]","[0.40454399999999996, -0.017346, 0.5508109999999999]"
298,return,14.900000,14.900834,0.000291,0.048900,2026-09-26T05:39:06.855102+00:00,2026-09-26T05:39:06.855630+00:00,0.000543,1790401146.852075,1790401146.835938,0,1,0,0.004933,0.000519,"[0.01631914321615489, -0.6274432066284835, -0.007111551221339358, -0.3151386224145465, -0.05597923114854832, 0.20561723917745198, -0.4734380128959818]","[0.016336281798666925, -0.6283708905955184, -0.009075712110370514, -0.3155555287605748, -0.06091199089460211, 0.20565214576249183, -0.473403106310942]","[0.40377543237759594, -0.016978671367470683, 0.551598173418916]","[0.404128, -0.017095, 0.551236]"
299,return,14.950000,14.950995,0.000236,0.050161,2026-09-26T05:39:06.905049+00:00,2026-09-26T05:39:06.905791+00:00,0.000759,1790401146.902789,1790401146.895701,0,1,0,0.004186,0.000569,"[0.016318918862340683, -0.6264454908744557, -0.004949796959570646, -0.3146399497062628, -0.05192619241694947, 0.20561723917745198, -0.4734380128959818]","[0.01630137521362704, -0.6273760529218817, -0.006719517620178169, -0.31515410303261604, -0.056112335451617694, 0.20565214576249183, -0.473403106310942]","[0.40337447557423023, -0.016808920529001584, 0.5520059039499428]","[0.40375, -0.016978, 0.5516139999999999]"
300,return,15.000000,15.001274,0.000212,0.050279,2026-09-26T05:39:06.955026+00:00,2026-09-26T05:39:06.956072+00:00,0.001062,1790401146.952033,1790401146.935385,0,1,0,0.004862,0.000536,"[0.01631847773561741, -0.6254560251941109, -0.002838612149968874, -0.314134352455804, -0.04796873865466924, 0.20561723917745198, -0.4734380128959818]","[0.01630137521362704, -0.6265557481734444, -0.005096361415823442, -0.3143861581617386, -0.05283111645786836, 0.20565214576249183, -0.473403106310942]","[0.4029729396606175, -0.016643083188297495, 0.5524141367706139]","[0.403341, -0.016825, 0.5520689999999999]"
301,return,15.050000,15.050830,0.000301,0.049556,2026-09-26T05:39:07.005111+00:00,2026-09-26T05:39:07.005625+00:00,0.000529,1790401147.002147,1790401146.996265,0,1,0,0.004180,0.000488,"[0.016318002392376352, -0.6244738152083177, -0.000748927453227328, -0.31361608566885635, -0.044061230763885455, 0.20561723917745198, -0.4734380128959818]","[0.01630137521362704, -0.6253689242820882, -0.0026354471705114374, -0.31372293304598076, -0.048240900525123274, 0.20565214576249183, -0.473403106310942]","[0.4025706144522635, -0.01647875048033071, 0.5528232886818762]","[0.402906, -0.016625, 0.5525]"
302,return,15.100000,15.101134,0.000468,0.050304,2026-09-26T05:39:07.055280+00:00,2026-09-26T05:39:07.055930+00:00,0.000666,1790401147.053205,1790401147.035389,0,1,0,0.004462,0.000630,"[0.016317199226210423, -0.6235004385136796, 0.0012947800783015535, -0.313093457300338, -0.04023559664858732, 0.20561723917745198, -0.4734380128959818]","[0.01630137521362704, -0.6246533392887705, -0.000593411945678072, -0.3135309468282613, -0.04469788214357478, 0.20565214576249183, -0.473403106310942]","[0.4021686530570403, -0.01631808277093955, 0.553231801764054]","[0.40256899999999995, -0.016585, 0.552825]"
303,return,15.150000,15.151280,0.000298,0.050146,2026-09-26T05:39:07.105108+00:00,2026-09-26T05:39:07.106076+00:00,0.000982,1790401147.102475,1790401147.096076,0,1,0,0.003599,0.000703,"[0.016315760903127568, -0.6225375470304042, 0.0032663102217943825, -0.3125751879522737, -0.036526334549383935, 0.20561723917745195, -0.4734380128959818]","[0.01630137521362704, -0.6236410483226138, 0.0011519173063162576, -0.3131295211003026, -0.040125119503349634, 0.20565214576249183, -0.473403106310942]","[0.4017682616942418, -0.0161633839926328, 0.5536380630299286]","[0.40224, -0.016354999999999998, 0.5531539999999999]"
304,return,15.200000,15.201557,0.000309,0.050277,2026-09-26T05:39:07.155121+00:00,2026-09-26T05:39:07.156355+00:00,0.001249,1790401147.152204,1790401147.135270,0,1,0,0.004127,0.000595,"[0.016313403036740462, -0.6215856920132284, 0.005144193239233604, -0.3120687672516055, -0.032961711612639985, 0.20561723917745198, -0.4734380128959818]","[0.01630137521362704, -0.6224018645536978, 0.003543018381548489, -0.31264082890974426, -0.037088246604879506, 0.20565214576249183, -0.473403106310942]","[0.40137017242603285, -0.01601656239726288, 0.5540409905513729]","[0.401762, -0.016212999999999998, 0.553639]"
305,return,15.250000,15.250656,0.000290,0.049098,2026-09-26T05:39:07.205104+00:00,2026-09-26T05:39:07.205451+00:00,0.000365,1790401147.202267,1790401147.195268,0,1,0,0.003456,0.000552,"[0.016310181152057, -0.6206385278347736, 0.006950328009334181, -0.3115690319360443, -0.029512878447743137, 0.20561723917745198, -0.4734380128959818]","[0.01630137521362704, -0.6215990130977805, 0.005375614096142535, -0.3119426972089465, -0.032969269570172884, 0.20565214576249183, -0.473403106310942]","[0.40097170110604025, -0.01587586162450056, 0.5544434286694156]","[0.40135, -0.015998, 0.55406]"
306,return,15.300000,15.301674,0.000288,0.051018,2026-09-26T05:39:07.255101+00:00,2026-09-26T05:39:07.256470+00:00,0.001385,1790401147.251993,1790401147.235393,0,1,0,0.003644,0.000632,"[0.016306272888124595, -0.6197015133614064, 0.008681652563533543, -0.3110747466766089, -0.026183882489701223, 0.20561723917745198, -0.4734380128959818]","[0.01630137521362704, -0.6205518155465839, 0.006928957130417489, -0.3117507109912272, -0.02982767691658309, 0.20565214576249183, -0.473403106310942]","[0.4005748388766657, -0.015741463668718474, 0.5548435599714168]","[0.400987, -0.015952, 0.5544129999999999]"
307,return,15.350000,15.352257,0.000292,0.050584,2026-09-26T05:39:07.305105+00:00,2026-09-26T05:39:07.307054+00:00,0.001966,1790401147.302036,1790401147.295391,0,1,0,0.003398,0.000662,"[0.01630183191193928, -0.6187829850276622, 0.010325258874164854, -0.31058698714227173, -0.022991742358325067, 0.20561723917745198, -0.4734380128959818]","[0.01630137521362704, -0.6197838706757064, 0.00874409955249159, -0.3112794720931887, -0.026389378290154263, 0.20565214576249183, -0.473403106310942]","[0.4001828227262438, -0.015614356308982585, 0.5552382805000667]","[0.400625, -0.015781, 0.554775]"
308,return,15.400000,15.400967,0.000410,0.048710,2026-09-26T05:39:07.355220+00:00,2026-09-26T05:39:07.355764+00:00,0.000557,1790401147.352036,1790401147.335339,0,1,0,0.003451,0.000673,"[0.01629701189049709, -0.617891279268075, 0.011868238913561457, -0.310106829002005, -0.019953476673425178, 0.20561723917745198, -0.4734380128959818]","[0.01630137521362704, -0.6188239395871096, 0.01043706892692609, -0.31087804636523, -0.023404865269243957, 0.20565214576249183, -0.473403106310942]","[0.3997989059919302, -0.015495529490463764, 0.5556244947126713]","[0.40024499999999996, -0.0156, 0.5551309999999999]"
309,return,15.450000,15.451520,0.000295,0.050553,2026-09-26T05:39:07.405106+00:00,2026-09-26T05:39:07.406317+00:00,0.001225,1790401147.401995,1790401147.395338,0,1,0,0.003078,0.000458,"[0.01629147987863995, -0.6170304516107822, 0.013312240760255788, -0.30963429274474136, -0.01706336390051598, 0.20561723917745198, -0.4734380128959818]","[0.01630137521362704, -0.617759288743393, 0.011693705988362009, -0.3100751949093126, -0.02014109956801456, 0.20565214576249183, -0.473403106310942]","[0.3994249402208744, -0.015384979599909676, 0.5560004531470988]","[0.399734, -0.015493, 0.55568]"
310,return,15.500000,15.500733,0.000283,0.049213,2026-09-26T05:39:07.455091+00:00,2026-09-26T05:39:07.455529+00:00,0.000450,1790401147.451993,1790401147.435437,0,1,0,0.002721,0.000516,"[0.016285210265201862, -0.6161952095083285, 0.014664060337147221, -0.30916878419142957, -0.01431307016617962, 0.20561723917745198, -0.4734380128959818]","[0.01630137521362704, -0.6170087971650354, 0.013264502315156905, -0.3097435823514337, -0.017034413499464655, 0.20565214576249183, -0.473403106310942]","[0.3990588941423447, -0.01528220992406399, 0.5563681636985052]","[0.399431, -0.015380999999999999, 0.556024]"
311,return,15.550000,15.550716,0.000373,0.049983,2026-09-26T05:39:07.505182+00:00,2026-09-26T05:39:07.505510+00:00,0.000343,1790401147.501998,1790401147.495294,0,1,0,0.002701,0.000540,"[0.016278817718166947, -0.615379867281861, 0.015918511383119956, -0.3087104570090657, -0.011715695581827255, 0.20561723917745198, -0.4734380128959818]","[0.01630137521362704, -0.6162408522941579, 0.014905111812031574, -0.30899309077307613, -0.014416419621473163, 0.20565214576249183, -0.473403106310942]","[0.398698200970382, -0.015187473509518849, 0.5567301657399257]","[0.399072, -0.015262, 0.5563469999999999]"
312,return,15.600000,15.602036,0.000373,0.051320,2026-09-26T05:39:07.555181+00:00,2026-09-26T05:39:07.556833+00:00,0.001663,1790401147.552040,1790401147.535436,0,1,0,0.002758,0.000529,"[0.01627291690551933, -0.6145787392525264, 0.01707040763705778, -0.3082594648646457, -0.009284340258870856, 0.20561723917745198, -0.4734380128959818]","[0.01630137521362704, -0.6154903607158003, 0.01598721594826806, -0.3084345854124379, -0.012042771838760876, 0.20565214576249183, -0.473403106310942]","[0.3983402841289179, -0.015101025030494361, 0.5570889891350744]","[0.39871199999999996, -0.01521, 0.556729]"
313,return,15.650000,15.650628,0.000290,0.048593,2026-09-26T05:39:07.605101+00:00,2026-09-26T05:39:07.605423+00:00,0.000339,1790401147.602041,1790401147.595321,0,1,0,0.002133,0.000387,"[0.01626790305877281, -0.61379061329506, 0.018113184444890226, -0.3078149693510392, -0.00702969834456525, 0.20561723917745198, -0.4734380128959818]","[0.01630137521362704, -0.614373349994524, 0.017191493132144145, -0.3080506129769992, -0.00916297857297023, 0.20565214576249183, -0.473403106310942]","[0.3979842763975321, -0.015023298426152307, 0.5574455657249059]","[0.398254, -0.015077, 0.557173]"
314,return,15.700000,15.701467,0.000298,0.050839,2026-09-26T05:39:07.655109+00:00,2026-09-26T05:39:07.656264+00:00,0.001169,1790401147.652001,1790401147.635661,0,0,0,0.002139,0.000381,"[0.016263292024445222, -0.6130254412939036, 0.019043692657645293, -0.30737475028748773, -0.0049465373240285705, 0.20561723917745198, -0.4734380128959818]","[0.01630137521362704, -0.613762484756326, 0.01815142422074103, -0.3074397477388012, -0.007086036763096978, 0.20565214576249183, -0.473403106310942]","[0.3976340265379488, -0.014954716659889924, 0.5577963568346457]","[0.39791099999999996, -0.015005, 0.5575399999999999]"
315,return,15.750000,15.750950,0.000170,0.049483,2026-09-26T05:39:07.704980+00:00,2026-09-26T05:39:07.705745+00:00,0.000781,1790401147.702040,1790401147.695636,0,1,0,0.001632,0.000575,"[0.01625915223557213, -0.6122732439094455, 0.019873707777228793, -0.3069424092185994, -0.0030276309555502734, 0.20561723917745198, -0.4734380128959818]","[0.01630137521362704, -0.613134166225608, 0.019128808601857852, -0.3071604950584821, -0.00466002910282486, 0.20565214576249183, -0.473403106310942]","[0.3972862675328437, -0.014894317917531819, 0.5581442587774937]","[0.397694, -0.014929, 0.5577409999999999]"
316,return,15.800000,15.800989,0.000321,0.050038,2026-09-26T05:39:07.755132+00:00,2026-09-26T05:39:07.755786+00:00,0.000668,1790401147.752029,1790401147.736239,0,0,0,0.001631,0.000541,"[0.016255637359149568, -0.6115218814489991, 0.020616099414558556, -0.30652209515326717, -0.0012662947248026093, 0.20561723917745198, -0.4734380128959818]","[0.016249015336067207, -0.6124534878173302, 0.019896753472735357, -0.30668925616044357, -0.002897246558310587, 0.20565214576249183, -0.473403106310942]","[0.396936912234376, -0.014841019704809139, 0.558492894952187]","[0.397316, -0.014922, 0.558115]"
317,return,15.850000,15.851239,0.000258,0.050251,2026-09-26T05:39:07.805066+00:00,2026-09-26T05:39:07.806034+00:00,0.000982,1790401147.802045,1790401147.795909,0,1,0,0.001670,0.000595,"[0.0162529049550708, -0.6107595359473452, 0.021282457236919846, -0.30611784277213877, 0.0003432603112887316, 0.20561723917745198, -0.4734380128959818]","[0.016249015336067207, -0.6117204495314925, 0.020577431881013145, -0.30642745677264444, -0.0013264502315156904, 0.20565214576249183, -0.473403106310942]","[0.39658194040465233, -0.014793840101053671, 0.5588458082763994]","[0.397001, -0.014829, 0.558425]"
318,return,15.900000,15.900997,0.000298,0.049757,2026-09-26T05:39:07.855111+00:00,2026-09-26T05:39:07.855794+00:00,0.000699,1790401147.852279,1790401147.835402,0,0,0,0.001695,0.000533,"[0.016251126515703394, -0.609988031585394, 0.021847912085008914, -0.3057289218496491, 0.0017824797849549032, 0.20561723917745198, -0.4734380128959818]","[0.016249015336067207, -0.6107779717354156, 0.020943951023931952, -0.306252923847445, 8.726646259971648e-05, 0.20565214576249183, -0.473403106310942]","[0.39622134044731233, -0.014754798581738202, 0.5592030546124889]","[0.39658899999999997, -0.014815, 0.5588219999999999]"
319,return,15.950000,15.951548,0.000308,0.050552,2026-09-26T05:39:07.905121+00:00,2026-09-26T05:39:07.906345+00:00,0.001240,1790401147.902139,1790401147.895909,0,1,0,0.001035,0.000538,"[0.016250106166849743, -0.6092128340933048, 0.022321602125301092, -0.30535353386727665, 0.0030597803449025516, 0.20561723917745198, -0.4734380128959818]","[0.016249015336067207, -0.6099576669869783, 0.02181661564992912, -0.3058514981194863, 0.0020245819323134223, 0.20565214576249183, -0.473403106310942]","[0.3958573749130321, -0.014723181314564564, 0.5595625768485238]","[0.396229, -0.014747999999999999, 0.559174]"
320,return,16.000000,16.000931,0.000347,0.049383,2026-09-26T05:39:07.955154+00:00,2026-09-26T05:39:07.955726+00:00,0.000584,1790401147.952718,1790401147.935277,0,0,0,0.000988,0.000573,"[0.016249536574517786, -0.6084357490582812, 0.022735144342229854, -0.3049912178240334, 0.004199825543994648, 0.20561723917745198, -0.4734380128959818]","[0.016249015336067207, -0.6092071754086208, 0.022427480888127134, -0.30524063288128833, 0.0032114058236695662, 0.20565214576249183, -0.473403106310942]","[0.3954915765709452, -0.014696443296560563, 0.5599229160011049]","[0.39589399999999997, -0.014733, 0.559516]"
321,return,16.050000,16.051540,0.000312,0.050609,2026-09-26T05:39:08.005127+00:00,2026-09-26T05:39:08.006337+00:00,0.001228,1790401148.002178,1790401147.995349,0,1,0,0.000969,0.000394,"[0.016249110404715453, -0.6076585820675261, 0.023120155720228783, -0.304641512718931, 0.005227278935094488, 0.20561723917745198, -0.4734380128959818]","[0.016249015336067207, -0.6082821509050638, 0.022671826983406338, -0.3048566604458495, 0.004258603374866164, 0.20565214576249183, -0.47349037277354167]","[0.3951254792610141, -0.01467204180991455, 0.5602826219127038]","[0.395401, -0.014697, 0.560002]"
322,return,16.100000,16.100844,0.000229,0.049304,2026-09-26T05:39:08.055042+00:00,2026-09-26T05:39:08.055642+00:00,0.000615,1790401148.052533,1790401148.035198,0,0,0,0.000862,0.000535,"[0.016248749799498103, -0.6068794523394531, 0.023480950511433764, -0.30430543767148727, 0.006143195903130704, 0.20561723917745198, -0.4734380128959818]","[0.016249015336067207, -0.6077410988369455, 0.022916173078685546, -0.30457740776553044, 0.005340707511102648, 0.20565214576249183, -0.47349037277354167]","[0.39475854538081817, -0.014649653208397548, 0.5606421422077682]","[0.395136, -0.014679999999999999, 0.560264]"
323,return,16.150000,16.151110,0.000249,0.050266,2026-09-26T05:39:08.105060+00:00,2026-09-26T05:39:08.105907+00:00,0.000862,1790401148.102004,1790401148.095490,0,1,0,0.000860,0.000632,"[0.016248703699399295, -0.6060953629066385, 0.02378949386275578, -0.3039841115311004, 0.006924191250980206, 0.20561723917745198, -0.4734380128959818]","[0.016249015336067207, -0.6069557006735481, 0.023701571242082997, -0.3044552347178908, 0.00614355896702004, 0.20565214576249183, -0.47349037277354167]","[0.3943889246311325, -0.014631545248143429, 0.5610031728693446]","[0.39483199999999996, -0.014620999999999999, 0.5605519999999999]"
324,return,16.200000,16.201576,0.000287,0.050466,2026-09-26T05:39:08.155098+00:00,2026-09-26T05:39:08.156373+00:00,0.001289,1790401148.152409,1790401148.135664,0,0,0,0.000735,0.000580,"[0.01624883175522932, -0.6053130406442783, 0.02406955247524673, -0.30367445639906215, 0.0075946360007679535, 0.20561723917745198, -0.4734380128959818]","[0.016249015336067207, -0.6058561432447916, 0.024277529895241123, -0.30428070179269145, 0.0068591439603377154, 0.20565214576249183, -0.47349037277354167]","[0.3940196649153685, -0.014615753397696921, 0.5613629976336275]","[0.39442, -0.014580999999999998, 0.560945]"
325,return,16.250000,16.251455,0.000314,0.049879,2026-09-26T05:39:08.205127+00:00,2026-09-26T05:39:08.206252+00:00,0.001141,1790401148.202008,1790401148.195289,0,1,0,0.000915,0.000674,"[0.01624898029999215, -0.6045394774006918, 0.024346558236749846, -0.3033732836852047, 0.00818038462457627, 0.20561723917745195, -0.4734380128959818]","[0.016249015336067207, -0.6054547175168329, 0.024469516112960502, -0.3038618227722128, 0.007661995416255106, 0.20565214576249183, -0.47349037277354167]","[0.3936539628216639, -0.014600181112864152, 0.5617187852559956]","[0.394126, -0.014570999999999999, 0.561238]"
326,return,16.300000,16.300766,0.000158,0.049311,2026-09-26T05:39:08.254969+00:00,2026-09-26T05:39:08.255561+00:00,0.000608,1790401148.253471,1790401148.236643,0,1,0,0.000801,0.000587,"[0.016249015336067246, -0.6037810651082463, 0.02464301557638928, -0.3030775424849892, 0.00870138012759476, 0.20561723917745198, -0.4734380128959818]","[0.016249015336067207, -0.6045820528908358, 0.024556782575560217, -0.30340803716669423, 0.008499753457212385, 0.20565214576249183, -0.47349037277354167]","[0.3932946620782328, -0.014582979851003387, 0.5620680645993046]","[0.39371, -0.014574, 0.561654]"
327,return,16.350000,16.351328,0.000295,0.050562,2026-09-26T05:39:08.305107+00:00,2026-09-26T05:39:08.306124+00:00,0.001033,1790401148.302009,1790401148.295781,0,1,0,0.000586,0.000375,"[0.016249015336067246, -0.603036058826979, 0.024947965681120756, -0.3027871876715408, 0.009128319033237603, 0.20561723917745198, -0.4734380128959818]","[0.016249015336067207, -0.6036221218022388, 0.024678955623199817, -0.30279717192849626, 0.009128071987930343, 0.20565214576249183, -0.47349037277354167]","[0.39294044175817966, -0.014565074803840703, 0.5624122084073785]","[0.393209, -0.014575, 0.562151]"
328,return,16.400000,16.400463,0.000156,0.049135,2026-09-26T05:39:08.354957+00:00,2026-09-26T05:39:08.355258+00:00,0.000308,1790401148.352708,1790401148.336111,0,1,0,0.000798,0.000502,"[0.016249015336067246, -0.6023009282113233, 0.02525345874257154, -0.302504721097222, 0.009472382766803986, 0.20561723917745198, -0.4734380128959818]","[0.016249015336067207, -0.6030985230266406, 0.024818581963359364, -0.3026749988808566, 0.009407324668249437, 0.20565214576249183, -0.47349037277354167]","[0.3925902713910219, -0.014547105628048755, 0.562751966000128]","[0.39294599999999996, -0.014568, 0.562399]"
329,return,16.450000,16.450857,0.000149,0.050394,2026-09-26T05:39:08.404957+00:00,2026-09-26T05:39:08.405652+00:00,0.000708,1790401148.402051,1790401148.396159,0,1,0,0.000653,0.000523,"[0.016249015336067246, -0.6015729072553508, 0.025556421420821006, -0.30223267826746736, 0.009757965963913937, 0.20561723917745198, -0.4734380128959818]","[0.016249015336067207, -0.6022258584006435, 0.025429447201557383, -0.30253537254069707, 0.00968657734856853, 0.20565214576249183, -0.47349037277354167]","[0.39224371401384267, -0.01452929891497528, 0.563087479917949]","[0.39261199999999996, -0.014523999999999999, 0.562716]"
330,return,16.500000,16.500926,0.000167,0.050069,2026-09-26T05:39:08.454978+00:00,2026-09-26T05:39:08.455721+00:00,0.000759,1790401148.453158,1790401148.435451,0,1,0,0.000783,0.000583,"[0.016249015336067246, -0.6008492299531328, 0.02585378037594852, -0.3019735946877114, 0.010009463260187472, 0.20561723917745198, -0.4734380128959818]","[0.016249015336067207, -0.6016324464549654, 0.025813419636996137, -0.3022910264454179, 0.009826203688728077, 0.20556487929989214, -0.47349037277354167]","[0.3919003327498354, -0.014511878125679958, 0.5634188915772791]","[0.39231299999999997, -0.014497, 0.563008]"
331,return,16.550000,16.551418,0.000306,0.050492,2026-09-26T05:39:08.505119+00:00,2026-09-26T05:39:08.506214+00:00,0.001112,1790401148.502252,1790401148.496386,0,1,0,0.000835,0.000597,"[0.016248928258102827, -0.6001343219141551, 0.02615415376531484, -0.3017244367153408, 0.010218864763456436, 0.20561723917745198, -0.4734380128959818]","[0.016249015336067207, -0.6009692213392075, 0.02605776573227534, -0.3020641336426586, 0.01022762941668677, 0.20558233259241207, -0.47349037277354167]","[0.39156152808142286, -0.014494168377752217, 0.5637451753302131]","[0.391982, -0.014485, 0.563321]"
332,return,16.600000,16.601295,0.000181,0.049877,2026-09-26T05:39:08.554988+00:00,2026-09-26T05:39:08.556091+00:00,0.001114,1790401148.553315,1790401148.535208,0,1,0,0.000842,0.000559,"[0.016248769468873596, -0.5994289207399983, 0.02645770806149901, -0.30148434765685267, 0.010374190850821875, 0.20561723917745198, -0.4734380128959818]","[0.016249015336067207, -0.6002710896384098, 0.02621484536495483, -0.30168016120721985, 0.010297442586766544, 0.20558233259241207, -0.47349037277354167]","[0.3912273130727938, -0.01447616499586989, 0.564066453357145]","[0.391625, -0.014476, 0.563674]"
333,return,16.650000,16.651740,0.000361,0.050446,2026-09-26T05:39:08.605169+00:00,2026-09-26T05:39:08.606537+00:00,0.001379,1790401148.602210,1790401148.595455,0,1,0,0.000970,0.000597,"[0.016248692635375577, -0.5987247284128772, 0.026748692397407816, -0.3012591284413471, 0.010493881561807588, 0.20561723917745198, -0.4734380128959818]","[0.016249015336067207, -0.5996951309852516, 0.026354471705114377, -0.3014183618194207, 0.010454522219446033, 0.20558233259241207, -0.47349037277354167]","[0.3908951664443795, -0.014459090217721345, 0.5643845818916651]","[0.391322, -0.014469, 0.563968]"
334,return,16.700000,16.700515,0.000245,0.048775,2026-09-26T05:39:08.655046+00:00,2026-09-26T05:39:08.655309+00:00,0.000271,1790401148.653676,1790401148.635648,0,1,0,0.001088,0.000706,"[0.01624885142460481, -0.5980134469150056, 0.027011355905947988, -0.30105457999792445, 0.010596376935937362, 0.20561723917745198, -0.47343801289598175]","[0.016249015336067207, -0.5991017190395735, 0.02647664475275398, -0.30108674926154183, 0.010454522219446033, 0.20558233259241207, -0.47349037277354167]","[0.39056256251587634, -0.014444160938443711, 0.5647014091742304]","[0.391072, -0.014471999999999999, 0.564213]"
335,return,16.750000,16.751167,0.000345,0.050652,2026-09-26T05:39:08.705160+00:00,2026-09-26T05:39:08.705964+00:00,0.000823,1790401148.702058,1790401148.695854,0,1,0,0.000714,0.000452,"[0.016249300849345873, -0.5972885931894883, 0.02723456787192898, -0.3008748418081238, 0.01069294706436715, 0.20561723917745198, -0.4734380128959818]","[0.016249015336067207, -0.5980021616108171, 0.02659881780039358, -0.3008773097513025, 0.010524335389525807, 0.20558233259241207, -0.47349037277354167]","[0.3902274313070594, -0.01443225855830832, 0.5650185000378828]","[0.390551, -0.014471999999999999, 0.5647059999999999]"
336,return,16.800000,16.800732,0.000233,0.049565,2026-09-26T05:39:08.755036+00:00,2026-09-26T05:39:08.755527+00:00,0.000499,1790401148.752057,1790401148.736252,0,1,0,0.000698,0.000453,"[0.01624982178046242, -0.5965541333302704, 0.027428488449794394, -0.3007162618221174, 0.010767752926370321, 0.20561723917745198, -0.4734380128959818]","[0.016249015336067207, -0.5972516700324596, 0.02694788365079245, -0.30082494987374264, 0.010681415022205296, 0.20558233259241207, -0.47349037277354167]","[0.38989077564844726, -0.014422647524861812, 0.565335255021422]","[0.390213, -0.014449, 0.565018]"
337,return,16.850000,16.850346,0.000162,0.049614,2026-09-26T05:39:08.804963+00:00,2026-09-26T05:39:08.805139+00:00,0.000184,1790401148.802010,1790401148.796206,0,1,0,0.000723,0.000497,"[0.01625059882323902, -0.5958135319134444, 0.027595199724895825, -0.30057791977948844, 0.0108250919731579, 0.20561723917745198, -0.4734380128959818]","[0.016249015336067207, -0.5965360850391419, 0.027314402793711258, -0.30075513670366283, 0.01075122819228507, 0.20558233259241207, -0.47349037277354167]","[0.3895540189828546, -0.014415058703333001, 0.5656504187553724]","[0.389908, -0.014424, 0.5653009999999999]"
338,return,16.900000,16.900727,0.000220,0.050381,2026-09-26T05:39:08.855024+00:00,2026-09-26T05:39:08.855522+00:00,0.000507,1790401148.852897,1790401148.836355,0,1,0,0.000559,0.000411,"[0.01625186247816972, -0.5950697470286841, 0.027735162698221336, -0.3004594699294956, 0.010872148136794359, 0.20561723917745198, -0.4734380128959818]","[0.01621410875102732, -0.5956285138281049, 0.02757620218151041, -0.3006155103635033, 0.01075122819228507, 0.20558233259241207, -0.473385653018422]","[0.3892184865681171, -0.014409334618392248, 0.5659627810774128]","[0.38950999999999997, -0.014419, 0.565673]"
339,return,16.950000,16.950644,0.000168,0.049917,2026-09-26T05:39:08.904973+00:00,2026-09-26T05:39:08.905438+00:00,0.000476,1790401148.901975,1790401148.896919,0,1,0,0.000640,0.000444,"[0.016253848009425448, -0.5943253470149386, 0.02784848432200019, -0.3003607728961738, 0.010915816199279987, 0.20561723917745198, -0.4734380128959818]","[0.01621410875102732, -0.594965288712347, 0.027628562059070237, -0.3006155103635033, 0.0108035880698449, 0.20558233259241207, -0.473385653018422]","[0.3888853660738215, -0.014405347040184986, 0.5662712524397843]","[0.38919699999999996, -0.014428, 0.565956]"
340,return,17.000000,17.000732,0.000253,0.050088,2026-09-26T05:39:08.955058+00:00,2026-09-26T05:39:08.955526+00:00,0.000479,1790401148.952012,1790401148.937097,0,1,0,0.000625,0.000543,"[0.01625678637850123, -0.5935722814119528, 0.027926744874185814, -0.3002866982329601, 0.010952604078129955, 0.20561723917745198, -0.4734380128959818]","[0.01621410875102732, -0.5941973438414695, 0.02816961412718848, -0.3005631504859435, 0.010890854532444616, 0.20558233259241207, -0.473385653018422]","[0.38855187361455173, -0.01440370769947962, 0.5665780813450276]","[0.388938, -0.014386, 0.566197]"
341,return,17.050000,17.050771,0.000344,0.050039,2026-09-26T05:39:09.005160+00:00,2026-09-26T05:39:09.005568+00:00,0.000426,1790401149.001999,1790401148.997522,0,1,0,0.000633,0.000440,"[0.01626040088235955, -0.592814170409264, 0.0279751735402085, -0.3002342650050208, 0.010980848072000565, 0.20561723917745198, -0.4734380128959818]","[0.01621410875102732, -0.593446852263112, 0.02816961412718848, -0.3004933373158637, 0.010890854532444616, 0.20558233259241207, -0.473385653018422]","[0.388219108633287, -0.014404097583945235, 0.5668824707781408]","[0.38853, -0.014395, 0.5665709999999999]"
342,return,17.100000,17.102234,0.000497,0.051463,2026-09-26T05:39:09.055310+00:00,2026-09-26T05:39:09.057032+00:00,0.001737,1790401149.051974,1790401149.036568,0,1,0,0.000757,0.000583,"[0.01626426893676133, -0.5920616938630964, 0.02800591001275474, -0.3001964813640366, 0.011003006852828325, 0.20561723917745198, -0.4734380128959818]","[0.01621410875102732, -0.592818533732394, 0.02816961412718848, -0.3004409774383039, 0.010890854532444616, 0.20558233259241207, -0.473385653018422]","[0.3878906787858304, -0.014405672850842884, 0.5671815955344935]","[0.388308, -0.014398999999999999, 0.566775]"
343,return,17.150000,17.150728,0.000327,0.048494,2026-09-26T05:39:09.105140+00:00,2026-09-26T05:39:09.105525+00:00,0.000401,1790401149.102002,1790401149.096363,0,1,0,0.000690,0.000423,"[0.01626796795746747, -0.5913255316296739, 0.028031093984511042, -0.3001663554616878, 0.011021539092549737, 0.20561723917745198, -0.4734380128959818]","[0.01621410875102732, -0.5920156822764766, 0.02816961412718848, -0.3002315379280646, 0.010890854532444616, 0.20558233259241207, -0.473385653018422]","[0.38757019992739977, -0.01440759010749415, 0.5674726413230226]","[0.38787499999999997, -0.014407999999999999, 0.567179]"
344,return,17.200000,17.201899,0.000294,0.051172,2026-09-26T05:39:09.155108+00:00,2026-09-26T05:39:09.156696+00:00,0.001605,1790401149.152020,1790401149.138731,0,1,0,0.000744,0.000497,"[0.01627160479426255, -0.5906089498497755, 0.02805390410851265, -0.30014286838334636, 0.01103681687018453, 0.20561723917745198, -0.4734380128959818]","[0.01621410875102732, -0.5913524571607187, 0.02816961412718848, -0.30017917805050476, 0.010943214410004447, 0.20558233259241207, -0.473385653018422]","[0.38725897511371565, -0.01440953244727399, 0.5677545369537942]","[0.387619, -0.014412, 0.567412]"
345,return,17.250000,17.251242,0.000157,0.049343,2026-09-26T05:39:09.204966+00:00,2026-09-26T05:39:09.206039+00:00,0.001086,1790401149.202019,1790401149.196395,0,1,0,0.001082,0.000621,"[0.016275662115181107, -0.5899036657186475, 0.028064575000828748, -0.3001321772582092, 0.01104668408411138, 0.20561723917745198, -0.4734380128959818]","[0.016231562043547264, -0.5909859380178, 0.02816961412718848, -0.30010936488042494, 0.010943214410004447, 0.20558233259241207, -0.473385653018422]","[0.3869543458029981, -0.014412114554480774, 0.5680293411295981]","[0.387409, -0.014416, 0.5676059999999999]"
346,return,17.300000,17.300398,0.000217,0.049155,2026-09-26T05:39:09.255018+00:00,2026-09-26T05:39:09.255191+00:00,0.000181,1790401149.252088,1790401149.235543,0,1,0,0.000621,0.000387,"[0.016279406979874397, -0.5892131413024883, 0.028068389784005235, -0.3001291899718063, 0.01105289658464928, 0.20561723917745198, -0.4734380128959818]","[0.016231562043547264, -0.5898340207114837, 0.02816961412718848, -0.30010936488042494, 0.011030480872604163, 0.20558233259241207, -0.473385653018422]","[0.3866570357681263, -0.014415210151453554, 0.5682967257048207]","[0.386938, -0.014416, 0.5680299999999999]"
347,return,17.350000,17.350290,0.000095,0.049892,2026-09-26T05:39:09.304896+00:00,2026-09-26T05:39:09.305084+00:00,0.000195,1790401149.302655,1790401149.295974,0,0,0,0.000507,0.000297,"[0.016282071053362258, -0.5885412566929478, 0.028071149387142297, -0.3001284513457787, 0.011057336792499614, 0.20561723917745195, -0.4734380128959818]","[0.016231562043547264, -0.5890486225480862, 0.02816961412718848, -0.30010936488042494, 0.011030480872604163, 0.20558233259241207, -0.473385653018422]","[0.386367896013544, -0.014418663879684619, 0.5685562720505285]","[0.386581, -0.014421999999999999, 0.56835]"
348,return,17.400000,17.400984,0.000155,0.050694,2026-09-26T05:39:09.354964+00:00,2026-09-26T05:39:09.355780+00:00,0.000829,1790401149.352192,1790401149.335658,0,1,0,0.000791,0.000455,"[0.01628297205418233, -0.5878913461565057, 0.028077932709348125, -0.30012536427827313, 0.011061556027209655, 0.20561723917745198, -0.4734380128959818]","[0.01621410875102732, -0.5886821034051674, 0.02816961412718848, -0.30010936488042494, 0.011030480872604163, 0.20558233259241207, -0.473385653018422]","[0.38608767649555903, -0.01442234125958788, 0.5688076051399917]","[0.38641899999999996, -0.014426999999999999, 0.568496]"
349,return,17.450000,17.451419,0.000189,0.050435,2026-09-26T05:39:09.404998+00:00,2026-09-26T05:39:09.406216+00:00,0.001230,1790401149.402263,1790401149.395465,0,0,0,0.000583,0.000328,"[0.016282426280234755, -0.5872611239990408, 0.028085904184767262, -0.30012370339415767, 0.011064035188078964, 0.20561723917745198, -0.4734380128959818]","[0.01621410875102732, -0.58784434536421, 0.02816961412718848, -0.30005700500286514, 0.011030480872604163, 0.20558233259241207, -0.473385653018422]","[0.38581599870143407, -0.014426331340639923, 0.5690508787644358]","[0.386054, -0.014433999999999999, 0.5688259999999999]"
350,return,17.500000,17.500396,0.000209,0.048977,2026-09-26T05:39:09.455010+00:00,2026-09-26T05:39:09.455190+00:00,0.000187,1790401149.452376,1790401149.435303,0,1,0,0.000775,0.000460,"[0.01628068958706794, -0.586650028260349, 0.02809360674294335, -0.30012366369685034, 0.011064936701122349, 0.20561723917745198, -0.4734380128959818]","[0.016249015336067207, -0.5874254663437316, 0.02816961412718848, -0.30005700500286514, 0.011030480872604163, 0.20558233259241207, -0.473385653018422]","[0.38555265195151284, -0.014430655858323631, 0.5692862980927801]","[0.38588999999999996, -0.014411, 0.568974]"
351,return,17.550000,17.550417,0.000233,0.050021,2026-09-26T05:39:09.505033+00:00,2026-09-26T05:39:09.505211+00:00,0.000184,1790401149.501998,1790401149.495299,0,0,0,0.000651,0.000389,"[0.016277877224928898, -0.5860585199414177, 0.028100848300131338, -0.30012374693313987, 0.011065105734817983, 0.20561723917745198, -0.4734380128959818]","[0.016283921921107097, -0.5867098813504138, 0.02816961412718848, -0.30005700500286514, 0.011030480872604163, 0.20558233259241207, -0.473385653018422]","[0.38529760046172107, -0.014435296195351477, 0.5695140073765069]","[0.385582, -0.014438999999999999, 0.569248]"
352,return,17.600000,17.600382,0.000202,0.049965,2026-09-26T05:39:09.555002+00:00,2026-09-26T05:39:09.555175+00:00,0.000180,1790401149.552063,1790401149.535421,0,1,0,0.000717,0.000384,"[0.016274104444064665, -0.5854870600432354, 0.028107436772586192, -0.3001224548498149, 0.011065387457644042, 0.20561723917745198, -0.4734380128959818]","[0.016283921921107097, -0.5862037358673355, 0.02816961412718848, -0.30005700500286514, 0.011030480872604163, 0.20558233259241207, -0.473385653018422]","[0.38505080767723765, -0.014440233930867928, 0.5697341502610217]","[0.385316, -0.014424, 0.569457]"
353,return,17.650000,17.650740,0.000321,0.050358,2026-09-26T05:39:09.605122+00:00,2026-09-26T05:39:09.605534+00:00,0.000419,1790401149.602004,1790401149.595303,0,0,0,0.000468,0.000258,"[0.016268272525453605, -0.5849330823269682, 0.028113461799388933, -0.30011955054358996, 0.011065757538992818, 0.20561723917745198, -0.4734380128959818]","[0.01621410875102732, -0.5854008844114181, 0.02816961412718848, -0.30005700500286514, 0.011030480872604163, 0.20558233259241207, -0.473385653018422]","[0.3848111221364578, -0.01444590413899753, 0.5699477776926506]","[0.384997, -0.014421, 0.569771]"
354,return,17.700000,17.700656,0.000320,0.049916,2026-09-26T05:39:09.655128+00:00,2026-09-26T05:39:09.655450+00:00,0.000336,1790401149.652027,1790401149.635869,0,1,0,0.000550,0.000327,"[0.016260512086042345, -0.5843967865597111, 0.028119013019620574, -0.30011589839131764, 0.011065756258434518, 0.20561723917745198, -0.4734380128959818]","[0.016231562043547264, -0.5849470988058996, 0.02816961412718848, -0.30005700500286514, 0.011030480872604163, 0.20558233259241207, -0.473385653018422]","[0.3845787875996283, -0.014452237966049816, 0.5701546482241446]","[0.384801, -0.014428, 0.569916]"
355,return,17.750000,17.751161,0.000159,0.050505,2026-09-26T05:39:09.704972+00:00,2026-09-26T05:39:09.705956+00:00,0.001002,1790401149.702046,1790401149.695426,0,0,0,0.000541,0.000311,"[0.016252782380030296, -0.583882782751345, 0.02812389834953608, -0.3001116520599939, 0.01106557569971418, 0.20561723917745198, -0.4734380128959818]","[0.016231562043547264, -0.5844235000303012, 0.02816961412718848, -0.30005700500286514, 0.011030480872604163, 0.20558233259241207, -0.473385653018422]","[0.3843558624612048, -0.01445846266735389, 0.5703529694264234]","[0.384582, -0.014428, 0.570141]"
356,return,17.800000,17.801080,0.000166,0.049919,2026-09-26T05:39:09.754976+00:00,2026-09-26T05:39:09.755876+00:00,0.000914,1790401149.751986,1790401149.735869,0,1,0,0.000487,0.000287,"[0.01624704266161685, -0.5833956809117508, 0.028127925705390407, -0.300106965216615, 0.011065407946576846, 0.20561723917745198, -0.4734380128959818]","[0.016231562043547264, -0.583882447962183, 0.02816961412718848, -0.30005700500286514, 0.011030480872604163, 0.20558233259241207, -0.473385653018422]","[0.384144408392246, -0.014463807280569648, 0.5705409524974933]","[0.38435199999999997, -0.014475, 0.5703429999999999]"
357,return,17.850000,17.850551,0.000136,0.049471,2026-09-26T05:39:09.804940+00:00,2026-09-26T05:39:09.805344+00:00,0.000415,1790401149.802024,1790401149.795557,0,0,0,0.000334,0.000215,"[0.01624382354293932, -0.5829380598804561, 0.028130873038374294, -0.3001018052837775, 0.011065387457644042, 0.20561723917745198, -0.4734380128959818]","[0.016266468628587154, -0.583271582723985, 0.02816961412718848, -0.30005700500286514, 0.011030480872604163, 0.20558233259241207, -0.473385653018422]","[0.38394555668470376, -0.014468069640021024, 0.570717631984634]","[0.384096, -0.014417, 0.570573]"
358,return,17.900000,17.900486,0.000150,0.049936,2026-09-26T05:39:09.854960+00:00,2026-09-26T05:39:09.855281+00:00,0.000336,1790401149.852028,1790401149.835510,0,0,0,0.000504,0.000283,"[0.016239948573522723, -0.5825054253076053, 0.028132670942227864, -0.30009575695081375, 0.011065387457644042, 0.20561723917745198, -0.4734380128959818]","[0.01614429558094755, -0.5830097833361859, 0.02816961412718848, -0.30005700500286514, 0.011030480872604163, 0.20558233259241207, -0.473385653018422]","[0.3837572563733258, -0.014472511800125955, 0.5708848399971245]","[0.383961, -0.014494, 0.5706899999999999]"
359,return,17.950000,17.951084,0.000257,0.050597,2026-09-26T05:39:09.905065+00:00,2026-09-26T05:39:09.905879+00:00,0.000826,1790401149.902559,1790401149.895871,0,0,0,0.000543,0.000340,"[0.016238424709145414, -0.5820997644147914, 0.028133674899935273, -0.30008933981705943, 0.011065387457644044, 0.20561723917745198, -0.4734380128959818]","[0.01619665545850738, -0.5826432641932671, 0.02816961412718848, -0.30005700500286514, 0.011030480872604163, 0.20558233259241207, -0.473385653018422]","[0.38358051961144357, -0.01447593136691432, 0.5710417147058924]","[0.383828, -0.014471999999999999, 0.570809]"
360,return,18.000000,18.001073,0.000269,0.049990,2026-09-26T05:39:09.955079+00:00,2026-09-26T05:39:09.955870+00:00,0.000805,1790401149.952224,1790401149.935265,0,0,0,0.000274,0.000203,"[0.016242939957712137, -0.5817239200414406, 0.028134269078986588, -0.3000831685504988, 0.01106538745764404, 0.20561723917745198, -0.47343801289598175]","[0.016266468628587154, -0.5819974923700292, 0.02816961412718848, -0.30005700500286514, 0.011082840750163993, 0.20558233259241207, -0.47345546618850176]","[0.3834167570120812, -0.014476857470809231, 0.5711870462935329]","[0.383561, -0.014456, 0.5710459999999999]"
361,return,18.050000,18.050916,0.000302,0.049843,2026-09-26T05:39:10.005115+00:00,2026-09-26T05:39:10.005713+00:00,0.000614,1790401150.003268,1790401149.996743,0,0,0,0.000128,0.000078,"[0.016257063849873733, -0.5813807543377992, 0.028134820487390685, -0.3000778346666219, 0.011065387457644042, 0.20561723917745198, -0.4734380128959818]","[0.016283921921107097, -0.5815088001794707, 0.02816961412718848, -0.30005700500286514, 0.011082840750163993, 0.20558233259241207, -0.47345546618850176]","[0.38326738239246755, -0.014473868176780164, 0.571319623616357]","[0.38331699999999996, -0.014489, 0.571261]"
362,return,18.100000,18.100784,0.000415,0.049868,2026-09-26T05:39:10.055228+00:00,2026-09-26T05:39:10.055579+00:00,0.000369,1790401150.052184,1790401150.035313,0,0,0,0.000104,0.000036,"[0.016279735622356573, -0.581072152336907, 0.028135100929658444, -0.3000730781608714, 0.011065387457644042, 0.20561723917745198, -0.4734380128959818]","[0.016266468628587154, -0.5809677481113524, 0.02816961412718848, -0.30005700500286514, 0.011082840750163993, 0.20558233259241207, -0.47345546618850176]","[0.383133161453385, -0.014467381535860328, 0.571438797540911]","[0.383108, -0.014492, 0.571446]"
363,return,18.150000,18.151029,0.000308,0.050245,2026-09-26T05:39:10.105124+00:00,2026-09-26T05:39:10.105826+00:00,0.000721,1790401150.103692,1790401150.095473,0,1,0,0.000050,0.000039,"[0.016309624621419702, -0.5807953286707942, 0.028135048426768134, -0.300068731433777, 0.011065387457644042, 0.20561723917745198, -0.4734380128959818]","[0.016283921921107097, -0.5808455750637129, 0.02816961412718848, -0.30005700500286514, 0.011082840750163993, 0.20558233259241207, -0.47345546618850176]","[0.3830128496011034, -0.014457935935520059, 0.5715456843794953]","[0.383031, -0.014440999999999999, 0.571515]"
364,return,18.200000,18.200565,0.000207,0.049536,2026-09-26T05:39:10.155019+00:00,2026-09-26T05:39:10.155359+00:00,0.000358,1790401150.152034,1790401150.135517,0,0,0,0.000125,0.000080,"[0.01634692293080816, -0.5805464800813089, 0.028134855062464794, -0.30006494815233464, 0.011065387457644042, 0.20561723917745198, -0.4734380128959818]","[0.016231562043547264, -0.5806710421385135, 0.02816961412718848, -0.30005700500286514, 0.011082840750163993, 0.20558233259241207, -0.47345546618850176]","[0.3829048405157338, -0.014445468589836719, 0.5716417161270986]","[0.38295399999999996, -0.014466, 0.5715819999999999]"
365,return,18.250000,18.250354,0.000152,0.049789,2026-09-26T05:39:10.204953+00:00,2026-09-26T05:39:10.205147+00:00,0.000202,1790401150.203127,1790401150.195228,0,1,0,0.000262,0.000160,"[0.016391822634266973, -0.5803218033102994, 0.028134712920493462, -0.30006188198354056, 0.011065387457644042, 0.20561723917745198, -0.4734380128959818]","[0.01630137521362704, -0.5805837756759137, 0.02816961412718848, -0.30005700500286514, 0.011082840750163993, 0.20558233259241207, -0.47345546618850176]","[0.38280752536376134, -0.01442991651372785, 0.5717283220309302]","[0.382917, -0.014459, 0.571615]"
366,return,18.300000,18.300586,0.000223,0.050232,2026-09-26T05:39:10.255037+00:00,2026-09-26T05:39:10.255380+00:00,0.000363,1790401150.252074,1790401150.235435,0,0,0,0.000375,0.000228,"[0.016446681085959945, -0.580121404387993, 0.028134707542148602, -0.300059719376683, 0.011065387457644042, 0.20561723917745198, -0.4734380128959818]","[0.016318828506146982, -0.580496509213314, 0.02816961412718848, -0.30005700500286514, 0.011082840750163993, 0.20558233259241207, -0.47345546618850176]","[0.38272102404170627, -0.01441036847319956, 0.5718054282409882]","[0.38288099999999997, -0.014447999999999999, 0.571647]"
367,return,18.350000,18.350432,0.000179,0.049846,2026-09-26T05:39:10.304983+00:00,2026-09-26T05:39:10.305226+00:00,0.000252,1790401150.303301,1790401150.296032,0,1,0,0.000194,0.000140,"[0.016512857777800965, -0.5799490658274968, 0.028134707542148602, -0.3000584326717029, 0.011065387457644042, 0.20561723917745198, -0.4734380128959818]","[0.016318828506146982, -0.5801299900703951, 0.02816961412718848, -0.30005700500286514, 0.011082840750163993, 0.20558233259241207, -0.47345546618850176]","[0.38264699520493517, -0.014386289005085906, 0.5718716022938021]","[0.382731, -0.01445, 0.57178]"
368,return,18.400000,18.400406,0.000220,0.049974,2026-09-26T05:39:10.355022+00:00,2026-09-26T05:39:10.355200+00:00,0.000186,1790401150.352242,1790401150.336074,0,0,0,0.000213,0.000078,"[0.01658461258159793, -0.5798003510065239, 0.0281347075421486, -0.3000577196568413, 0.011065387457644042, 0.20561723917745198, -0.4734380128959818]","[0.01637118838370681, -0.5797634709274765, 0.02816961412718848, -0.30005700500286514, 0.011082840750163993, 0.20558233259241207, -0.47345546618850176]","[0.38258338345364956, -0.014359909651260154, 0.5719286107678654]","[0.38256199999999996, -0.014435, 0.571929]"
369,return,18.450000,18.450957,0.000374,0.050551,2026-09-26T05:39:10.405188+00:00,2026-09-26T05:39:10.405753+00:00,0.000583,1790401150.402478,1790401150.395478,0,0,0,0.000250,0.000087,"[0.016656029318003626, -0.5796705730816953, 0.028134707542148602, -0.30005727299810614, 0.01106538745764404, 0.20561723917745195, -0.4734380128959818]","[0.0164060949687467, -0.5796412978798368, 0.02816961412718848, -0.30005700500286514, 0.011082840750163993, 0.20558233259241207, -0.47345546618850176]","[0.3825280202128694, -0.014333529339958266, 0.5719783148878463]","[0.38250999999999996, -0.014419, 0.5719759999999999]"
370,return,18.500000,18.501473,0.000304,0.050516,2026-09-26T05:39:10.455117+00:00,2026-09-26T05:39:10.456270+00:00,0.001169,1790401150.452125,1790401150.436379,0,0,0,0.000264,0.000099,"[0.016722395737362415, -0.5795561122732527, 0.028134707542148602, -0.3000568410914026, 0.011065387457644042, 0.20561723917745198, -0.4734380128959818]","[0.01645845484630653, -0.5795714847097571, 0.028082347664588763, -0.30005700500286514, 0.011082840750163993, 0.20558233259241207, -0.47345546618850176]","[0.3824792260947828, -0.0143089774081038, 0.5720221546093659]","[0.38247899999999996, -0.014405999999999999, 0.572004]"
371,return,18.550000,18.551346,0.000349,0.049873,2026-09-26T05:39:10.505161+00:00,2026-09-26T05:39:10.506144+00:00,0.000997,1790401150.502987,1790401150.495382,0,1,0,0.000296,0.000115,"[0.016789496736184552, -0.5794622524720766, 0.028134707542148602, -0.3000566823021734, 0.011065387457644044, 0.20561723917745198, -0.4734380128959818]","[0.016493361431346415, -0.5794842182471572, 0.028082347664588763, -0.30005700500286514, 0.011082840750163993, 0.20558233259241207, -0.47345546618850176]","[0.38243942445488766, -0.014283998230068748, 0.5720580582803083]","[0.382444, -0.014397, 0.572035]"
372,return,18.600000,18.600484,0.000115,0.049138,2026-09-26T05:39:10.554920+00:00,2026-09-26T05:39:10.555278+00:00,0.000369,1790401150.551995,1790401150.535879,0,0,0,0.000275,0.000123,"[0.016855750005411924, -0.5793869966218866, 0.0281347075421486, -0.30005675913567137, 0.01106538745764404, 0.20561723917745198, -0.4734380128959818]","[0.016580627893946133, -0.5794842182471572, 0.028082347664588763, -0.30005700500286514, 0.011082840750163993, 0.20558233259241207, -0.47345546618850176]","[0.3824077215561721, -0.014259210134980906, 0.5720867994773611]","[0.382445, -0.014364, 0.572035]"
373,return,18.650000,18.651538,0.000292,0.051053,2026-09-26T05:39:10.605105+00:00,2026-09-26T05:39:10.606335+00:00,0.001246,1790401150.602676,1790401150.595923,0,0,0,0.000249,0.000093,"[0.016916968119402662, -0.5793259652132962, 0.028134707542148602, -0.3000569179249007, 0.011065387457644042, 0.20561723917745198, -0.4734380128959818]","[0.016667894356545847, -0.5794144050770775, 0.028082347664588763, -0.30005700500286514, 0.011082840750163993, 0.20558233259241207, -0.47345546618850176]","[0.38238213166711893, -0.01423624635737952, 0.5721100859352466]","[0.382415, -0.014308999999999999, 0.572063]"
374,return,18.700000,18.701443,0.000237,0.049905,2026-09-26T05:39:10.655049+00:00,2026-09-26T05:39:10.656239+00:00,0.001206,1790401150.652111,1790401150.635279,0,0,0,0.000214,0.000113,"[0.016968963652514903, -0.579274778736918, 0.028134707542148602, -0.3000570050028651, 0.011065387457644042, 0.20561723917745198, -0.4734380128959818]","[0.016755160819145562, -0.5793969517845576, 0.028082347664588763, -0.30005700500286514, 0.011082840750163993, 0.20558233259241207, -0.47345546618850176]","[0.38236066872583224, -0.014216740324410167, 0.5721296245904293]","[0.38240799999999997, -0.0143, 0.57207]"
375,return,18.750000,18.751339,0.000266,0.049896,2026-09-26T05:39:10.705074+00:00,2026-09-26T05:39:10.706135+00:00,0.001072,1790401150.702363,1790401150.696040,0,1,0,0.000220,0.000103,"[0.01701038177406697, -0.5792358945841306, 0.028134707542148602, -0.3000570050028651, 0.011065387457644042, 0.20561723917745198, -0.4734380128959818]","[0.01679006740418545, -0.5793445919069978, 0.028082347664588763, -0.30005700500286514, 0.011082840750163993, 0.20558233259241207, -0.47345546618850176]","[0.3823443786192976, -0.014201190790849142, 0.5721444805122938]","[0.382382, -0.014282, 0.572093]"
376,return,18.800000,18.800925,0.000243,0.049586,2026-09-26T05:39:10.755057+00:00,2026-09-26T05:39:10.755722+00:00,0.000682,1790401150.752239,1790401150.735280,0,0,0,0.000052,0.000038,"[0.017043760550609976, -0.5792112835341579, 0.028134707542148602, -0.3000570050028651, 0.011065387457644042, 0.20561723917745198, -0.4734380128959818]","[0.017086773377024488, -0.579257325444398, 0.028082347664588763, -0.30005700500286514, 0.011082840750163993, 0.20558233259241207, -0.47345546618850176]","[0.3823341691093553, -0.014188610696865495, 0.5721538829711144]","[0.38235399999999997, -0.014189, 0.572121]"
377,return,18.850000,18.850949,0.000178,0.050024,2026-09-26T05:39:10.804986+00:00,2026-09-26T05:39:10.805744+00:00,0.000771,1790401150.802927,1790401150.795281,0,1,0,0.000052,0.000019,"[0.01707075190235127, -0.5791958361593816, 0.028134707542148602, -0.3000570050028651, 0.011065387457644042, 0.20561723917745198, -0.4734380128959818]","[0.01710422666954443, -0.5792049655668382, 0.028082347664588763, -0.30005700500286514, 0.011082840750163993, 0.20558233259241207, -0.47345546618850176]","[0.382327846333705, -0.014178405456516819, 0.5721597843852949]","[0.382326, -0.014164, 0.572147]"
378,return,18.900000,18.901309,0.000322,0.050360,2026-09-26T05:39:10.855135+00:00,2026-09-26T05:39:10.856106+00:00,0.000987,1790401150.852000,1790401150.835279,0,0,0,0.000052,0.000028,"[0.017093007749498193, -0.5791844430321842, 0.028134707542148602, -0.3000570050028651, 0.011065387457644042, 0.20561723917745198, -0.4734380128959818]","[0.01710422666954443, -0.5791351523967585, 0.028082347664588763, -0.30005700500286514, 0.011082840750163993, 0.20558233259241207, -0.47345546618850176]","[0.38232321605158864, -0.014169980968701801, 0.5721641368748244]","[0.382297, -0.014164, 0.572172]"
379,return,18.950000,18.950859,0.000332,0.049551,2026-09-26T05:39:10.905147+00:00,2026-09-26T05:39:10.905657+00:00,0.000527,1790401150.902044,1790401150.895239,0,1,0,0.000052,0.000022,"[0.017111036268806612, -0.5791741319255281, 0.028134707542148602, -0.3000570050028651, 0.011065387457644042, 0.20561723917745198, -0.4734380128959818]","[0.01710422666954443, -0.5791351523967585, 0.028082347664588763, -0.30005700500286514, 0.011082840750163993, 0.20558233259241207, -0.47345546618850176]","[0.38231899537555164, -0.014163164842720009, 0.5721680759540148]","[0.382297, -0.014164, 0.572172]"
380,return,19.000000,19.001164,0.000291,0.050304,2026-09-26T05:39:10.955103+00:00,2026-09-26T05:39:10.955961+00:00,0.000873,1790401150.952086,1790401150.935240,0,0,0,0.000052,0.000021,"[0.017122295449605848, -0.5791696287142095, 0.028134707542148606, -0.3000570050028651, 0.011065387457644042, 0.20561723917745198, -0.4734380128959818]","[0.01710422666954443, -0.5791351523967585, 0.028082347664588763, -0.30005700500286514, 0.011082840750163993, 0.20558233259241207, -0.47345546618850176]","[0.382317199949077, -0.014158893718227178, 0.5721697962695216]","[0.382297, -0.014164, 0.572172]"
381,return,19.050000,19.050525,0.000240,0.049361,2026-09-26T05:39:11.005045+00:00,2026-09-26T05:39:11.005318+00:00,0.000284,1790401151.001998,1790401150.995280,0,1,0,0.000052,0.000022,"[0.017129088043053763, -0.5791691669448863, 0.028134707542148602, -0.3000570050028651, 0.011065387457644042, 0.20561723917745198, -0.4734380128959818]","[0.01710422666954443, -0.5791351523967585, 0.028082347664588763, -0.30005700500286514, 0.011082840750163993, 0.20558233259241207, -0.47345546618850176]","[0.3823170956589432, -0.014156300226573288, 0.5721699726740093]","[0.382297, -0.014164, 0.572172]"
382,return,19.100000,19.101294,0.000295,0.050769,2026-09-26T05:39:11.055107+00:00,2026-09-26T05:39:11.056091+00:00,0.000999,1790401151.052003,1790401151.035713,0,0,0,0.000052,0.000023,"[0.017134256888576952, -0.5791700958618773, 0.028134707542148602, -0.3000570050028651, 0.011065387457644044, 0.20561723917745198, -0.4734380128959818]","[0.01710422666954443, -0.5791351523967585, 0.028082347664588763, -0.30005700500286514, 0.011082840750163993, 0.20558233259241207, -0.47345546618850176]","[0.3823175720740642, -0.014154317178336246, 0.5721696178103117]","[0.382297, -0.014164, 0.572172]"
383,return,19.150000,19.151569,0.000216,0.050275,2026-09-26T05:39:11.105027+00:00,2026-09-26T05:39:11.106365+00:00,0.001353,1790401151.102003,1790401151.095487,0,1,0,0.000052,0.000028,"[0.017140530753468594, -0.5791698556803625, 0.028134707542148602, -0.3000570050028651, 0.011065387457644042, 0.20561723917745198, -0.4734380128959818]","[0.017191493132144145, -0.5791351523967585, 0.028082347664588763, -0.30005700500286514, 0.011082840750163993, 0.20558233259241207, -0.47345546618850176]","[0.38231755660460426, -0.014151920356583726, 0.572169709564187]","[0.38229799999999997, -0.014131999999999999, 0.572172]"
384,return,19.200000,19.201225,0.000291,0.049656,2026-09-26T05:39:11.155102+00:00,2026-09-26T05:39:11.156022+00:00,0.000934,1790401151.152004,1790401151.136003,0,0,0,0.000052,0.000025,"[0.01714653631578517, -0.5791693508842806, 0.0281347075421486, -0.3000570050028651, 0.011065387457644042, 0.20561723917745198, -0.4734380128959818]","[0.017191493132144145, -0.5791351523967585, 0.028082347664588763, -0.30005700500286514, 0.011082840750163993, 0.20558233259241207, -0.47345546618850176]","[0.3823174224529496, -0.014149628082192129, 0.5721699024057435]","[0.38229799999999997, -0.014133999999999999, 0.572172]"
385,return,19.250000,19.252355,0.000325,0.051129,2026-09-26T05:39:11.205138+00:00,2026-09-26T05:39:11.207152+00:00,0.002029,1790401151.202069,1790401151.195243,0,1,0,0.000052,0.000024,"[0.01715160963165915, -0.5791694453894831, 0.028134707542148602, -0.3000570050028651, 0.011065387457644042, 0.20561723917745198, -0.4734380128959818]","[0.017191493132144145, -0.5791351523967585, 0.028082347664588763, -0.30005700500286514, 0.011082840750163993, 0.20558233259241207, -0.47345546618850176]","[0.3823175352588399, -0.014147687761243253, 0.5721698663029949]","[0.38229799999999997, -0.014133999999999999, 0.572172]"
386,return,19.300000,19.300581,0.000200,0.048226,2026-09-26T05:39:11.255005+00:00,2026-09-26T05:39:11.255376+00:00,0.000381,1790401151.252033,1790401151.235932,0,0,0,0.000052,0.000023,"[0.017156711119815746, -0.5791697934452291, 0.028134707542148606, -0.3000570050028651, 0.011065387457644042, 0.20561723917745198, -0.4734380128959818]","[0.017191493132144145, -0.5791351523967585, 0.028082347664588763, -0.30005700500286514, 0.011082840750163993, 0.20558233259241207, -0.47345546618850176]","[0.38231775852118005, -0.014145734780166737, 0.5721697333391794]","[0.38229799999999997, -0.014133999999999999, 0.572172]"
387,return,19.350000,19.351902,0.000222,0.051321,2026-09-26T05:39:11.305033+00:00,2026-09-26T05:39:11.306699+00:00,0.001680,1790401151.302050,1790401151.296131,0,1,0,0.000052,0.000022,"[0.01716280119898014, -0.5791700493007775, 0.0281347075421486, -0.3000570050028651, 0.011065387457644042, 0.20561723917745195, -0.4734380128959818]","[0.017191493132144145, -0.5791351523967585, 0.028082347664588763, -0.30005700500286514, 0.011082840750163993, 0.20558233259241207, -0.47345546618850176]","[0.38231795573109734, -0.014143404528057658, 0.572169635597533]","[0.38229799999999997, -0.014133999999999999, 0.572172]"
388,return,19.400000,19.401562,0.000325,0.049660,2026-09-26T05:39:11.355139+00:00,2026-09-26T05:39:11.356360+00:00,0.001237,1790401151.352205,1790401151.335391,0,0,0,0.000052,0.000021,"[0.017170528856098908, -0.5791700589817983, 0.028134707542148602, -0.3000570050028651, 0.011065387457644044, 0.20561723917745198, -0.4734380128959818]","[0.017191493132144145, -0.5791351523967585, 0.028082347664588763, -0.30005700500286514, 0.011082840750163993, 0.20558233259241207, -0.47345546618850176]","[0.38231806921764827, -0.014140450033395438, 0.5721696318992001]","[0.38229799999999997, -0.014133999999999999, 0.572172]"
389,return,19.450000,19.452238,0.000305,0.050676,2026-09-26T05:39:11.405119+00:00,2026-09-26T05:39:11.407036+00:00,0.001933,1790401151.402207,1790401151.396481,0,1,0,0.000052,0.000021,"[0.01717938238007527, -0.5791700589817983, 0.028134707542148602, -0.3000570050028651, 0.011065387457644042, 0.20561723917745198, -0.4734380128959818]","[0.017191493132144145, -0.5791351523967585, 0.028082347664588763, -0.30005700500286514, 0.011082840750163993, 0.20558233259241207, -0.47345546618850176]","[0.3823181943954778, -0.014137065170648874, 0.5721696318992001]","[0.38229799999999997, -0.014133999999999999, 0.572172]"
390,return,19.500000,19.501217,0.000179,0.048979,2026-09-26T05:39:11.454990+00:00,2026-09-26T05:39:11.456013+00:00,0.001039,1790401151.452124,1790401151.435530,0,0,0,0.000052,0.000020,"[0.01718877629965434, -0.5791700589817983, 0.0281347075421486, -0.3000570050028651, 0.011065387457644042, 0.20561723917745198, -0.4734380128959818]","[0.017191493132144145, -0.5791351523967585, 0.028082347664588763, -0.30005700500286514, 0.011082840750163993, 0.20558233259241207, -0.47345546618850176]","[0.38231832718106207, -0.014133473703653393, 0.5721696318992001]","[0.38229799999999997, -0.014133999999999999, 0.572172]"
391,return,19.550000,19.551158,0.000321,0.049940,2026-09-26T05:39:11.505132+00:00,2026-09-26T05:39:11.505955+00:00,0.000837,1790401151.502199,1790401151.495204,0,1,0,0.000052,0.000021,"[0.017198134363601004, -0.5791700589817983, 0.028134707542148602, -0.30005700500286503, 0.01106538745764404, 0.20561723917745195, -0.4734380128959818]","[0.017191493132144145, -0.5791351523967585, 0.028082347664588763, -0.30005700500286514, 0.011082840750163993, 0.20558233259241207, -0.47345546618850176]","[0.3823184594262724, -0.014129895943680843, 0.5721696318992001]","[0.38229799999999997, -0.014133999999999999, 0.572172]"
392,return,19.600000,19.601820,0.000310,0.050662,2026-09-26T05:39:11.555124+00:00,2026-09-26T05:39:11.556617+00:00,0.001509,1790401151.552008,1790401151.535291,0,0,0,0.000052,0.000022,"[0.017207019645423215, -0.5791700589817983, 0.028134707542148602, -0.3000570050028651, 0.011065387457644042, 0.20561723917745198, -0.4734380128959818]","[0.017191493132144145, -0.5791351523967585, 0.028082347664588763, -0.30005700500286514, 0.011082840750163993, 0.20558233259241207, -0.47345546618850176]","[0.3823185849592882, -0.014126498935865286, 0.5721696318992001]","[0.38229799999999997, -0.014133999999999999, 0.572172]"
393,return,19.650000,19.651328,0.000288,0.049508,2026-09-26T05:39:11.605099+00:00,2026-09-26T05:39:11.606125+00:00,0.001040,1790401151.602077,1790401151.595327,0,1,0,0.000052,0.000020,"[0.017216132098287887, -0.5791700589817983, 0.028134707542148602, -0.3000570050028651, 0.01106538745764404, 0.20561723917745198, -0.4734380128959818]","[0.017191493132144145, -0.5791351523967585, 0.02818706741970842, -0.30005700500286514, 0.011082840750163993, 0.20558233259241207, -0.47345546618850176]","[0.3823187136704707, -0.014123015075194098, 0.5721696318992001]","[0.382299, -0.014124999999999999, 0.572171]"
394,return,19.700000,19.700964,0.000238,0.049636,2026-09-26T05:39:11.655053+00:00,2026-09-26T05:39:11.655762+00:00,0.000726,1790401151.652010,1790401151.635329,0,0,0,0.000052,0.000021,"[0.01722517283988775, -0.5791700589817983, 0.0281347075421486, -0.3000570050028651, 0.011065387457644042, 0.20561723917745198, -0.4734380128959818]","[0.017191493132144145, -0.5791351523967585, 0.02818706741970842, -0.30005700500286514, 0.011082840750163993, 0.20558233259241207, -0.47345546618850176]","[0.38231884133737615, -0.014119558629917886, 0.5721696318992001]","[0.382299, -0.014124999999999999, 0.572171]"
395,return,19.750000,19.750621,0.000229,0.049657,2026-09-26T05:39:11.705041+00:00,2026-09-26T05:39:11.705416+00:00,0.000392,1790401151.701962,1790401151.695294,0,1,0,0.000052,0.000022,"[0.01723352720223867, -0.5791700589817984, 0.028134707542148606, -0.3000570050028651, 0.011065387457644042, 0.20561723917745198, -0.4734380128959818]","[0.017191493132144145, -0.5791351523967585, 0.02818706741970842, -0.30005700500286514, 0.011082840750163993, 0.20558233259241207, -0.47345546618850176]","[0.38231895928394316, -0.014116364599291067, 0.5721696318992001]","[0.382299, -0.014124999999999999, 0.572171]"
396,return,19.800000,19.801745,0.000319,0.051124,2026-09-26T05:39:11.755127+00:00,2026-09-26T05:39:11.756542+00:00,0.001426,1790401151.751960,1790401151.735337,0,0,0,0.000052,0.000023,"[0.01724058051735652, -0.5791700589817983, 0.028134707542148602, -0.3000570050028651, 0.011065387457644042, 0.20561723917745198, -0.4734380128959818]","[0.017191493132144145, -0.5791351523967585, 0.02818706741970842, -0.30005700500286514, 0.011082840750163993, 0.20558233259241207, -0.47345546618850176]","[0.38231905884160094, -0.014113667982844589, 0.5721696318992001]","[0.382299, -0.014124999999999999, 0.572171]"
397,return,19.850000,19.851274,0.000190,0.049529,2026-09-26T05:39:11.804996+00:00,2026-09-26T05:39:11.806070+00:00,0.001084,1790401151.802140,1790401151.795295,0,1,0,0.000055,0.000024,"[0.01724616247098737, -0.5791700589817983, 0.028134707542148602, -0.3000570050028651, 0.011065387457644042, 0.20561723917745198, -0.4734380128959818]","[0.017191493132144145, -0.5791351523967585, 0.02818706741970842, -0.30005700500286514, 0.011082840750163993, 0.20558233259241207, -0.47345546618850176]","[0.382319137617485, -0.014111533895366079, 0.5721696318992001]","[0.382299, -0.014124999999999999, 0.572171]"
398,return,19.900000,19.900772,0.000221,0.049497,2026-09-26T05:39:11.855032+00:00,2026-09-26T05:39:11.855568+00:00,0.000551,1790401151.851962,1790401151.835854,0,0,0,0.000052,0.000019,"[0.017250640583363393, -0.5791700589817983, 0.028134707542148606, -0.3000570050028651, 0.011065387457644042, 0.20561723917745198, -0.4734380128959818]","[0.01722639971718403, -0.5791351523967585, 0.02818706741970842, -0.30005700500286514, 0.011082840750163993, 0.20558233259241207, -0.47345546618850176]","[0.38231920080668624, -0.01410982182716284, 0.5721696318992001]","[0.3823, -0.014109, 0.572171]"
399,return,19.950000,19.950738,0.000368,0.049967,2026-09-26T05:39:11.905180+00:00,2026-09-26T05:39:11.905533+00:00,0.000371,1790401151.902058,1790401151.895401,0,1,0,0.000052,0.000019,"[0.017254206938229627, -0.5791700589817983, 0.028134707542148602, -0.3000570050028651, 0.01106538745764404, 0.20561723917745198, -0.4734380128959818]","[0.01722639971718403, -0.5791351523967585, 0.02818706741970842, -0.30005700500286514, 0.011082840750163993, 0.20558233259241207, -0.47345546618850176]","[0.38231925112488657, -0.014108458341130855, 0.5721696318992001]","[0.3823, -0.014109, 0.572171]"
400,return,20.000000,20.002008,0.000235,0.051270,2026-09-26T05:39:11.955048+00:00,2026-09-26T05:39:11.956804+00:00,0.001774,1790401151.952500,1790401151.935853,0,0,0,0.000052,0.000019,"[0.017257053619331112, -0.5791700589817983, 0.028134707542148602, -0.30005700500286514, 0.011065387457644042, 0.20561723917745198, -0.4734380128959818]","[0.01722639971718403, -0.5791351523967585, 0.02818706741970842, -0.30005700500286514, 0.011082840750163993, 0.20558233259241207, -0.47345546618850176]","[0.38231929128561926, -0.014107370000086782, 0.5721696318992001]","[0.3823, -0.014109, 0.572171]"
401,return,20.050000,20.051090,0.000156,0.049082,2026-09-26T05:39:12.004963+00:00,2026-09-26T05:39:12.005886+00:00,0.000934,1790401152.002041,1790401151.996855,0,1,0,0.000052,0.000020,"[0.017259192459026542, -0.5791700589817983, 0.028134707542148602, -0.3000570050028651, 0.011065387457644042, 0.20561723917745198, -0.4734380128959818]","[0.01722639971718403, -0.5791351523967585, 0.02818706741970842, -0.30005700500286514, 0.011082840750163993, 0.20558233259241207, -0.47345546618850176]","[0.3823193214581477, -0.014106552280377986, 0.5721696318992001]","[0.3823, -0.014109, 0.572171]"
402,return,20.100000,20.101125,0.000228,0.050034,2026-09-26T05:39:12.055040+00:00,2026-09-26T05:39:12.055922+00:00,0.000897,1790401152.052298,1790401152.036547,0,0,0,0.000052,0.000020,"[0.017260222027899955, -0.5791700589817983, 0.028134707542148606, -0.3000570050028651, 0.011065387457644042, 0.20561723917745198, -0.4734380128959818]","[0.01726130630222392, -0.5791351523967585, 0.02818706741970842, -0.30005700500286514, 0.011082840750163993, 0.20558233259241207, -0.47345546618850176]","[0.3823193359816122, -0.014106158656297432, 0.5721696318992001]","[0.3823, -0.014109, 0.572171]"
403,return,20.150000,20.150893,0.000165,0.049768,2026-09-26T05:39:12.104972+00:00,2026-09-26T05:39:12.105687+00:00,0.000728,1790401152.102055,1790401152.096382,0,1,0,0.000052,0.000021,"[0.01726059082869043, -0.5791700589817984, 0.028134707542148606, -0.30005700500286514, 0.011065387457644044, 0.20561723917745198, -0.4734380128959818]","[0.01726130630222392, -0.5791351523967585, 0.02818706741970842, -0.30005700500286514, 0.011082840750163993, 0.20558233259241207, -0.47345546618850176]","[0.38231934118394867, -0.014106017656623148, 0.5721696318992001]","[0.382301, -0.014095, 0.572171]"
404,return,20.200000,20.201451,0.000310,0.050559,2026-09-26T05:39:12.155122+00:00,2026-09-26T05:39:12.156249+00:00,0.001141,1790401152.147268,1790401152.135501,0,0,0,0.000035,0.000020,"[0.017260836695884085, -0.5791700589817983, 0.0281347075421486, -0.3000570050028651, 0.01106538745764404, 0.20561723917745198, -0.47343801289598175]","[0.01726130630222392, -0.5791351523967585, 0.028134707542148595, -0.30005700500286514, 0.011082840750163993, 0.20558233259241207, -0.47345546618850176]","[0.382319344652144, -0.014105923656839221, 0.5721696318992001]","[0.3823, -0.0141, 0.572172]"
405,return,20.250000,20.251638,0.000280,0.050187,2026-09-26T05:39:12.205092+00:00,2026-09-26T05:39:12.206436+00:00,0.001358,1790401152.202235,1790401152.196290,0,1,0,0.000035,0.000020,"[0.017261469138017415, -0.5791700589817983, 0.028134707542148602, -0.3000570050028651, 0.011065387457644042, 0.20561723917745198, -0.4734380128959818]","[0.01726130630222392, -0.5791351523967585, 0.028134707542148595, -0.30005700500286514, 0.011082840750163993, 0.20558233259241207, -0.47345546618850176]","[0.3823193535732481, -0.014105681861974457, 0.5721696318992001]","[0.3823, -0.0141, 0.572172]"
406,return,20.300000,20.300861,0.000201,0.049223,2026-09-26T05:39:12.255010+00:00,2026-09-26T05:39:12.255655+00:00,0.000660,1790401152.253989,1790401152.235699,0,1,0,0.000035,0.000020,"[0.0172620635731804, -0.5791700589817983, 0.028134707542148602, -0.3000570050028651, 0.011065387457644042, 0.20561723917745198, -0.4734380128959818]","[0.01726130630222392, -0.5791351523967585, 0.028134707542148595, -0.30005700500286514, 0.011082840750163993, 0.20558233259241207, -0.47345546618850176]","[0.3823193619580939, -0.014105454597904712, 0.5721696318992001]","[0.3823, -0.0141, 0.572172]"
407,return,20.350000,20.351140,0.000226,0.050278,2026-09-26T05:39:12.305040+00:00,2026-09-26T05:39:12.305935+00:00,0.000914,1790401152.302336,1790401152.295463,0,0,0,0.000035,0.000020,"[0.017262601663778167, -0.5791700589817983, 0.028134707542148602, -0.3000570050028651, 0.011065387457644042, 0.20561723917745198, -0.4734380128959818]","[0.01726130630222392, -0.5791351523967585, 0.028134707542148595, -0.30005700500286514, 0.011082840750163993, 0.20558233259241207, -0.47345546618850176]","[0.382319369548051, -0.014105248875448659, 0.5721696318992001]","[0.3823, -0.0141, 0.572172]"
408,return,20.400000,20.401295,0.000204,0.050156,2026-09-26T05:39:12.355014+00:00,2026-09-26T05:39:12.356093+00:00,0.001092,1790401152.352304,1790401152.335504,0,1,0,0.000052,0.000019,"[0.017263505994049813, -0.5791700589817983, 0.028134707542148602, -0.3000570050028651, 0.011065387457644042, 0.20561723917745198, -0.4734380128959818]","[0.01726130630222392, -0.5791351523967585, 0.028134707542148595, -0.30005700500286514, 0.011082840750163993, 0.2056695990550118, -0.47345546618850176]","[0.38231938230369816, -0.01410490313246357, 0.5721696318992001]","[0.382301, -0.0141, 0.5721729999999999]"
409,return,20.450000,20.450565,0.000202,0.049270,2026-09-26T05:39:12.405016+00:00,2026-09-26T05:39:12.405360+00:00,0.000363,1790401152.402138,1790401152.397260,0,0,0,0.000052,0.000019,"[0.01726519914823442, -0.5791700589817983, 0.028134707542148602, -0.3000570050028651, 0.011065387457644042, 0.20561723917745198, -0.4734380128959818]","[0.01726130630222392, -0.5791351523967585, 0.028134707542148595, -0.30005700500286514, 0.011082840750163993, 0.2056695990550118, -0.47345546618850176]","[0.38231940618492594, -0.01410425580678135, 0.5721696318992001]","[0.382301, -0.0141, 0.5721729999999999]"
410,return,20.500000,20.500833,0.000228,0.050267,2026-09-26T05:39:12.455041+00:00,2026-09-26T05:39:12.455632+00:00,0.000604,1790401152.452611,1790401152.435503,0,1,0,0.000052,0.000019,"[0.017267928325306277, -0.5791700589817983, 0.028134707542148602, -0.3000570050028651, 0.011065387457644044, 0.20561723917745198, -0.4734380128959818]","[0.01726130630222392, -0.5791351523967585, 0.028134707542148595, -0.30005700500286514, 0.011082840750163993, 0.2056695990550118, -0.47345546618850176]","[0.3823194446765137, -0.014103212389371341, 0.5721696318992001]","[0.382301, -0.0141, 0.5721729999999999]"
411,return,20.550000,20.550804,0.000441,0.049972,2026-09-26T05:39:12.505253+00:00,2026-09-26T05:39:12.505599+00:00,0.000363,1790401152.501931,1790401152.495306,0,0,0,0.000052,0.000019,"[0.017271443201728843, -0.5791700589817983, 0.028134707542148602, -0.3000570050028651, 0.011065387457644042, 0.20561723917745198, -0.4734380128959818]","[0.01726130630222392, -0.5791351523967585, 0.028134707542148595, -0.30005700500286514, 0.011082840750163993, 0.2056695990550118, -0.47345546618850176]","[0.38231949424520084, -0.014101868583682241, 0.5721696318992001]","[0.382301, -0.0141, 0.5721729999999999]"
412,return,20.600000,20.600497,0.000137,0.049693,2026-09-26T05:39:12.554944+00:00,2026-09-26T05:39:12.555291+00:00,0.000360,1790401152.552777,1790401152.536407,0,1,0,0.000052,0.000019,"[0.01727558299060193, -0.5791700589817983, 0.0281347075421486, -0.3000570050028651, 0.011065387457644042, 0.20561723917745198, -0.4734380128959818]","[0.01726130630222392, -0.5791351523967585, 0.028134707542148595, -0.30005700500286514, 0.011082840750163993, 0.2056695990550118, -0.47345546618850176]","[0.38231955262068335, -0.014100285861573168, 0.5721696318992001]","[0.382301, -0.0141, 0.5721729999999999]"
413,return,20.650000,20.651117,0.000255,0.050620,2026-09-26T05:39:12.605064+00:00,2026-09-26T05:39:12.605912+00:00,0.000862,1790401152.602025,1790401152.595705,0,0,0,0.000052,0.000019,"[0.01728019402492952, -0.5791700589817983, 0.028134707542148602, -0.30005700500286503, 0.01106538745764404, 0.20561723917745195, -0.4734380128959818]","[0.01726130630222392, -0.5791351523967585, 0.028134707542148595, -0.30005700500286514, 0.011082840750163993, 0.2056695990550118, -0.47345546618850176]","[0.3823196176335211, -0.014098522972842035, 0.5721696318992001]","[0.382301, -0.0141, 0.5721729999999999]"
414,return,20.700000,20.701556,0.000220,0.050440,2026-09-26T05:39:12.655031+00:00,2026-09-26T05:39:12.656354+00:00,0.001336,1790401152.653154,1790401152.636841,0,0,0,0.000052,0.000019,"[0.01728520787167604, -0.5791700589817983, 0.028134707542148602, -0.3000570050028651, 0.011065387457644042, 0.20561723917745198, -0.4734380128959818]","[0.01726130630222392, -0.5791351523967585, 0.028134707542148595, -0.30005700500286514, 0.011082840750163993, 0.2056695990550118, -0.47345546618850176]","[0.3823196883165491, -0.014096606080693828, 0.5721696318992001]","[0.382301, -0.0141, 0.5721729999999999]"
415,return,20.750000,20.750846,0.000154,0.049290,2026-09-26T05:39:12.704965+00:00,2026-09-26T05:39:12.705641+00:00,0.000692,1790401152.702089,1790401152.696976,0,0,0,0.000052,0.000020,"[0.017291108684323653, -0.5791700589817983, 0.028134707542148602, -0.3000570050028651, 0.01106538745764404, 0.20561723917745198, -0.4734380128959818]","[0.01726130630222392, -0.5791351523967585, 0.028134707542148595, -0.30005700500286514, 0.011082840750163993, 0.2056695990550118, -0.47345546618850176]","[0.38231977149132446, -0.014094350083596172, 0.5721696318992001]","[0.382301, -0.0141, 0.5721729999999999]"
416,return,20.800000,20.801170,0.000156,0.050324,2026-09-26T05:39:12.754965+00:00,2026-09-26T05:39:12.755965+00:00,0.001015,1790401152.753595,1790401152.736467,0,1,0,0.000105,0.000021,"[0.017297501231358568, -0.5791700589817983, 0.0281347075421486, -0.3000570050028651, 0.011065387457644042, 0.20561723917745198, -0.4734380128959818]","[0.01726130630222392, -0.5791351523967585, 0.028134707542148595, -0.30005700500286514, 0.011082840750163993, 0.2056695990550118, -0.4733332931408622]","[0.38231986158230863, -0.014091906086186575, 0.5721696318992001]","[0.382301, -0.0141, 0.5721729999999999]"
417,return,20.850000,20.851555,0.000443,0.050385,2026-09-26T05:39:12.805252+00:00,2026-09-26T05:39:12.806352+00:00,0.001112,1790401152.802051,1790401152.797068,0,0,0,0.000105,0.000022,"[0.01730377084479666, -0.5791700589817983, 0.028134707542148602, -0.3000570050028651, 0.011065387457644042, 0.20561723917745198, -0.4734380128959818]","[0.01726130630222392, -0.5791351523967585, 0.028134707542148595, -0.30005700500286514, 0.011082840750163993, 0.2056695990550118, -0.4733332931408622]","[0.3823199499255982, -0.014089509088167803, 0.5721696318992001]","[0.382301, -0.0141, 0.5721729999999999]"
418,return,20.900000,20.900547,0.000158,0.048992,2026-09-26T05:39:12.854965+00:00,2026-09-26T05:39:12.855341+00:00,0.000389,1790401152.852285,1790401152.836598,0,1,0,0.000105,0.000023,"[0.0173093028566538, -0.5791700589817983, 0.028134707542148602, -0.3000570050028651, 0.011065387457644042, 0.20561723917745198, -0.4734380128959818]","[0.01726130630222392, -0.5791351523967585, 0.028134707542148595, -0.30005700500286514, 0.011082840750163993, 0.2056695990550118, -0.4733332931408622]","[0.38232002786307945, -0.01408739408945601, 0.5721696318992001]","[0.382301, -0.0141, 0.5721729999999999]"
419,return,20.950000,20.950914,0.000169,0.050367,2026-09-26T05:39:12.904980+00:00,2026-09-26T05:39:12.905711+00:00,0.000745,1790401152.902310,1790401152.897595,0,0,0,0.000105,0.000020,"[0.01731412287809599, -0.5791700589817983, 0.028134707542148602, -0.3000570050028651, 0.011065387457644042, 0.20561723917745198, -0.4734380128959818]","[0.01731366617978375, -0.5791351523967585, 0.028134707542148595, -0.30005700500286514, 0.011082840750163993, 0.2056695990550118, -0.4733332931408622]","[0.38232009576017995, -0.014085551298560293, 0.5721696318992001]","[0.382302, -0.014079, 0.5721729999999999]"
420,return,21.000000,21.001272,0.000305,0.050358,2026-09-26T05:39:12.955119+00:00,2026-09-26T05:39:12.956069+00:00,0.000967,1790401152.952244,1790401152.936492,0,1,0,0.000105,0.000019,"[0.017318563854281304, -0.5791700589817983, 0.0281347075421486, -0.3000570050028651, 0.011065387457644042, 0.20561723917745198, -0.4734380128959818]","[0.01731366617978375, -0.5791351523967585, 0.028134707542148595, -0.30005700500286514, 0.011082840750163993, 0.2056695990550118, -0.4733332931408622]","[0.38232015831000765, -0.01408385342398096, 0.5721696318992001]","[0.382302, -0.014079, 0.5721729999999999]"
421,return,21.050000,21.051443,0.000238,0.050171,2026-09-26T05:39:13.005051+00:00,2026-09-26T05:39:13.006240+00:00,0.001205,1790401153.002231,1790401152.997114,0,0,0,0.000105,0.000019,"[0.017322472118213705, -0.5791700589817983, 0.028134707542148602, -0.3000570050028651, 0.01106538745764404, 0.20561723917745198, -0.4734380128959818]","[0.01731366617978375, -0.5791351523967585, 0.028134707542148595, -0.30005700500286514, 0.011082840750163993, 0.2056695990550118, -0.4733332931408622]","[0.38232021335050415, -0.014082359215788046, 0.5721696318992001]","[0.382302, -0.014079, 0.5721729999999999]"
422,return,21.100000,21.100904,0.000163,0.049461,2026-09-26T05:39:13.054976+00:00,2026-09-26T05:39:13.055699+00:00,0.000741,1790401153.052030,1790401153.037094,0,1,0,0.000105,0.000019,"[0.01732569400289717, -0.5791700589817983, 0.028134707542148602, -0.3000570050028651, 0.011065387457644042, 0.20561723917745198, -0.4734380128959818]","[0.01731366617978375, -0.5791351523967585, 0.028134707542148595, -0.30005700500286514, 0.011082840750163993, 0.2056695990550118, -0.4733332931408622]","[0.3823202587202574, -0.014081127424075386, 0.5721696318992001]","[0.382302, -0.014079, 0.5721729999999999]"
423,return,21.150000,21.150985,0.000208,0.050081,2026-09-26T05:39:13.105022+00:00,2026-09-26T05:39:13.105781+00:00,0.000777,1790401153.102031,1790401153.097030,0,0,0,0.000105,0.000019,"[0.01732805186928428, -0.5791700589817983, 0.028134707542148602, -0.3000570050028651, 0.011065387457644042, 0.20561723917745198, -0.4734380128959818]","[0.01731366617978375, -0.5791351523967585, 0.028134707542148595, -0.30005700500286514, 0.011082840750163993, 0.2056695990550118, -0.4733332931408622]","[0.3823202919206116, -0.0140802259639491, 0.5721696318992001]","[0.382302, -0.014079, 0.5721729999999999]"
424,return,21.200000,21.201254,0.000189,0.050270,2026-09-26T05:39:13.154999+00:00,2026-09-26T05:39:13.156052+00:00,0.001066,1790401153.152117,1790401153.137178,0,1,0,0.000105,0.000019,"[0.017329490192367136, -0.5791700589817983, 0.028134707542148606, -0.3000570050028651, 0.011065387457644042, 0.20561723917745198, -0.4734380128959818]","[0.01731366617978375, -0.5791351523967585, 0.028134707542148595, -0.30005700500286514, 0.011082840750163993, 0.2056695990550118, -0.4733332931408622]","[0.38232031217213014, -0.014079676063833617, 0.5721696318992001]","[0.382302, -0.014079, 0.5721729999999999]"
425,return,21.250000,21.251279,0.000227,0.050025,2026-09-26T05:39:13.205040+00:00,2026-09-26T05:39:13.206076+00:00,0.001052,1790401153.202033,1790401153.197370,0,0,0,0.000105,0.000019,"[0.017330293358533057, -0.5791700589817983, 0.028134707542148602, -0.3000570050028651, 0.011065387457644042, 0.20561723917745198, -0.4734380128959818]","[0.01731366617978375, -0.5791351523967585, 0.028134707542148595, -0.30005700500286514, 0.011082840750163993, 0.2056695990550118, -0.4733332931408622]","[0.38232032348032624, -0.014079368997089798, 0.5721696318992001]","[0.382302, -0.014079, 0.5721729999999999]"
426,return,21.300000,21.301361,0.000169,0.050081,2026-09-26T05:39:13.254980+00:00,2026-09-26T05:39:13.256157+00:00,0.001191,1790401153.251984,1790401153.237160,0,1,0,0.000070,0.000019,"[0.017330768701774118, -0.5791700589817983, 0.028134707542148602, -0.3000570050028651, 0.01106538745764404, 0.20561723917745198, -0.4734380128959818]","[0.01731366617978375, -0.5791351523967585, 0.028134707542148595, -0.30005700500286514, 0.011082840750163993, 0.2056695990550118, -0.47336819972590205]","[0.382320330172816, -0.014079187263706522, 0.5721696318992001]","[0.382302, -0.014079, 0.5721729999999999]"
427,return,21.350000,21.351133,0.000228,0.049772,2026-09-26T05:39:13.305042+00:00,2026-09-26T05:39:13.305929+00:00,0.000904,1790401153.302075,1790401153.298032,0,0,0,0.000070,0.000019,"[0.017331209828497392, -0.5791700589817983, 0.028134707542148602, -0.3000570050028651, 0.011065387457644042, 0.20561723917745198, -0.4734380128959818]","[0.01731366617978375, -0.5791351523967585, 0.028134707542148595, -0.30005700500286514, 0.011082840750163993, 0.2056695990550118, -0.47336819972590205]","[0.38232033638348445, -0.01407901861199066, 0.5721696318992001]","[0.382302, -0.014079, 0.5721729999999999]"
428,return,21.400000,21.401655,0.000194,0.050522,2026-09-26T05:39:13.355005+00:00,2026-09-26T05:39:13.356452+00:00,0.001461,1790401153.352035,1790401153.338790,0,1,0,0.000070,0.000019,"[0.0173314341823116, -0.5791700589817983, 0.028134707542148602, -0.3000570050028651, 0.011065387457644042, 0.20561723917745198, -0.4734380128959818]","[0.01731366617978375, -0.5791351523967585, 0.028134707542148595, -0.30005700500286514, 0.011082840750163993, 0.2056695990550118, -0.47336819972590205]","[0.38232033954215633, -0.014078932836964589, 0.5721696318992001]","[0.382302, -0.014079, 0.5721729999999999]"
429,return,21.450000,21.451299,0.000295,0.049645,2026-09-26T05:39:13.405104+00:00,2026-09-26T05:39:13.406095+00:00,0.001004,1790401153.402121,1790401153.395478,0,0,0,0.000052,0.000024,"[0.01733139217999935, -0.5791700589817983, 0.028134707542148602, -0.3000570050028651, 0.011065387457644042, 0.20561723917745198, -0.4734380128959818]","[0.01731366617978375, -0.5792049655668382, 0.028134707542148595, -0.30005700500286514, 0.011082840750163993, 0.2056695990550118, -0.4734729194810217]","[0.3823203389508083, -0.01407894889530286, 0.5721696318992001]","[0.382331, -0.014077999999999999, 0.572148]"
430,return,21.500000,21.500857,0.000296,0.049557,2026-09-26T05:39:13.455106+00:00,2026-09-26T05:39:13.455656+00:00,0.000560,1790401153.452036,1790401153.436929,0,1,0,0.000052,0.000024,"[0.017331237488556677, -0.5791700589817983, 0.028134707542148606, -0.3000570050028651, 0.011065387457644044, 0.20561723917745198, -0.4734380128959818]","[0.01731366617978375, -0.5792049655668382, 0.028134707542148595, -0.30005700500286514, 0.011082840750163993, 0.2056695990550118, -0.4734729194810217]","[0.38232033677291083, -0.014079008036987486, 0.5721696318992001]","[0.382331, -0.014077999999999999, 0.572148]"
431,return,21.550000,21.550409,0.000224,0.049553,2026-09-26T05:39:13.505025+00:00,2026-09-26T05:39:13.505203+00:00,0.000186,1790401153.503164,1790401153.496965,0,0,0,0.000052,0.000024,"[0.017331123774979616, -0.5791700589817983, 0.0281347075421486, -0.3000570050028651, 0.011065387457644042, 0.20561723917745195, -0.47343801289598175]","[0.01731366617978375, -0.5792049655668382, 0.028134707542148595, -0.30005700500286514, 0.011082840750163993, 0.2056695990550118, -0.4734729194810217]","[0.382320335171934, -0.014079051512000474, 0.5721696318992001]","[0.382331, -0.014077999999999999, 0.572148]"
432,return,21.600000,21.600262,0.000095,0.049853,2026-09-26T05:39:13.554895+00:00,2026-09-26T05:39:13.555056+00:00,0.000167,1790401153.552246,1790401153.535356,0,1,0,0.000052,0.000024,"[0.017331119472303726, -0.5791700589817983, 0.028134707542148602, -0.3000570050028651, 0.011065387457644042, 0.20561723917745198, -0.4734380128959818]","[0.01731366617978375, -0.5792049655668382, 0.028134707542148595, -0.30005700500286514, 0.011082840750163993, 0.2056695990550118, -0.4734729194810217]","[0.38232033511135644, -0.014079053157000957, 0.5721696318992001]","[0.382331, -0.014077999999999999, 0.572148]"
433,return,21.650000,21.651644,0.000293,0.051382,2026-09-26T05:39:13.605106+00:00,2026-09-26T05:39:13.606442+00:00,0.001351,1790401153.602125,1790401153.595403,0,0,0,0.000052,0.000024,"[0.017331119472303726, -0.5791700589817983, 0.028134707542148602, -0.3000570050028651, 0.011065387457644042, 0.20561723917745198, -0.4734380128959818]","[0.01731366617978375, -0.5792049655668382, 0.028134707542148595, -0.30005700500286514, 0.011082840750163993, 0.2056695990550118, -0.4734729194810217]","[0.38232033511135644, -0.014079053157000957, 0.5721696318992001]","[0.382331, -0.014077999999999999, 0.572148]"
434,return,21.700000,21.701480,0.000391,0.049836,2026-09-26T05:39:13.655203+00:00,2026-09-26T05:39:13.656277+00:00,0.001089,1790401153.652080,1790401153.635404,0,1,0,0.000052,0.000024,"[0.017331119472303726, -0.5791700589817983, 0.0281347075421486, -0.3000570050028651, 0.011065387457644042, 0.20561723917745198, -0.4734380128959818]","[0.01731366617978375, -0.5792049655668382, 0.028134707542148595, -0.30005700500286514, 0.011082840750163993, 0.2056695990550118, -0.4734729194810217]","[0.38232033511135644, -0.014079053157000957, 0.5721696318992001]","[0.382331, -0.014077999999999999, 0.572148]"
435,return,21.750000,21.750698,0.000372,0.049218,2026-09-26T05:39:13.705182+00:00,2026-09-26T05:39:13.705492+00:00,0.000326,1790401153.701984,1790401153.695277,0,0,0,0.000052,0.000024,"[0.017331119472303726, -0.5791700589817984, 0.028134707542148602, -0.3000570050028651, 0.011065387457644042, 0.20561723917745198, -0.4734380128959818]","[0.01731366617978375, -0.5792049655668382, 0.028134707542148595, -0.30005700500286514, 0.011082840750163993, 0.2056695990550118, -0.4734729194810217]","[0.38232033511135644, -0.014079053157000957, 0.5721696318992001]","[0.382331, -0.014077999999999999, 0.572148]"
436,return,21.800000,21.801544,0.000165,0.050846,2026-09-26T05:39:13.754975+00:00,2026-09-26T05:39:13.756340+00:00,0.001379,1790401153.751948,1790401153.735356,0,1,0,0.000052,0.000024,"[0.017331119472303726, -0.5791700589817983, 0.028134707542148602, -0.3000570050028651, 0.011065387457644042, 0.20561723917745198, -0.4734380128959818]","[0.01731366617978375, -0.5792049655668382, 0.028134707542148595, -0.30005700500286514, 0.011082840750163993, 0.2056695990550118, -0.4734729194810217]","[0.38232033511135644, -0.014079053157000957, 0.5721696318992001]","[0.382331, -0.014077999999999999, 0.572148]"
437,return,21.850000,21.851278,0.000297,0.049734,2026-09-26T05:39:13.805110+00:00,2026-09-26T05:39:13.806076+00:00,0.000981,1790401153.801988,1790401153.795279,0,0,0,0.000052,0.000024,"[0.017331119472303726, -0.5791700589817983, 0.028134707542148602, -0.3000570050028651, 0.011065387457644044, 0.20561723917745198, -0.4734380128959818]","[0.01731366617978375, -0.5792049655668382, 0.028134707542148595, -0.30005700500286514, 0.011082840750163993, 0.2056695990550118, -0.4734729194810217]","[0.38232033511135644, -0.014079053157000957, 0.5721696318992001]","[0.382331, -0.014077999999999999, 0.572148]"
438,return,21.900000,21.901272,0.000351,0.049993,2026-09-26T05:39:13.855158+00:00,2026-09-26T05:39:13.856067+00:00,0.000920,1790401153.852040,1790401153.835608,0,1,0,0.000052,0.000024,"[0.017331119472303726, -0.5791700589817983, 0.0281347075421486, -0.30005700500286503, 0.01106538745764404, 0.20561723917745198, -0.4734380128959818]","[0.01731366617978375, -0.5792049655668382, 0.028134707542148595, -0.30005700500286514, 0.011082840750163993, 0.2056695990550118, -0.4734729194810217]","[0.38232033511135644, -0.014079053157000957, 0.5721696318992001]","[0.382331, -0.014077999999999999, 0.572148]"
439,return,21.950000,21.950734,0.000352,0.049463,2026-09-26T05:39:13.905165+00:00,2026-09-26T05:39:13.905530+00:00,0.000383,1790401153.901994,1790401153.895323,0,0,0,0.000052,0.000024,"[0.017331119472303726, -0.5791700589817983, 0.028134707542148602, -0.3000570050028651, 0.011065387457644042, 0.20561723917745198, -0.4734380128959818]","[0.01731366617978375, -0.5792049655668382, 0.028134707542148595, -0.30005700500286514, 0.011082840750163993, 0.2056695990550118, -0.4734729194810217]","[0.38232033511135644, -0.014079053157000957, 0.5721696318992001]","[0.382331, -0.014077999999999999, 0.572148]"
440,return,22.000000,22.001178,0.000247,0.050444,2026-09-26T05:39:13.955061+00:00,2026-09-26T05:39:13.955974+00:00,0.000931,1790401153.951993,1790401153.935926,0,1,0,0.000087,0.000021,"[0.017331119472303726, -0.5791700589817983, 0.028134707542148602, -0.3000570050028651, 0.011065387457644042, 0.20561723917745198, -0.4734380128959818]","[0.01731366617978375, -0.5792049655668382, 0.028134707542148595, -0.30005700500286514, 0.010978120995044333, 0.2056695990550118, -0.4734729194810217]","[0.38232033511135644, -0.014079053157000957, 0.5721696318992001]","[0.382329, -0.014077999999999999, 0.5721499999999999]"
441,return,22.050000,22.050382,0.000196,0.049203,2026-09-26T05:39:14.004997+00:00,2026-09-26T05:39:14.005175+00:00,0.000186,1790401154.002080,1790401153.995277,0,0,0,0.000087,0.000021,"[0.017331119472303726, -0.5791700589817983, 0.028134707542148602, -0.3000570050028651, 0.011065387457644042, 0.20561723917745198, -0.4734380128959818]","[0.01731366617978375, -0.5792049655668382, 0.028134707542148595, -0.30005700500286514, 0.010978120995044333, 0.20558233259241207, -0.4734729194810217]","[0.38232033511135644, -0.014079053157000957, 0.5721696318992001]","[0.382329, -0.014077999999999999, 0.5721499999999999]"
442,return,22.100000,22.100417,0.000155,0.050035,2026-09-26T05:39:14.054957+00:00,2026-09-26T05:39:14.055211+00:00,0.000262,1790401154.051989,1790401154.035836,0,1,0,0.000087,0.000023,"[0.017331119472303726, -0.5791700589817983, 0.028134707542148602, -0.3000570050028651, 0.011065387457644042, 0.20561723917745198, -0.4734380128959818]","[0.01731366617978375, -0.5792049655668382, 0.028134707542148595, -0.30005700500286514, 0.010978120995044333, 0.20558233259241207, -0.4734729194810217]","[0.38232033511135644, -0.014079053157000957, 0.5721696318992001]","[0.382327, -0.014079, 0.572148]"
443,return,22.150000,22.150742,0.000386,0.050325,2026-09-26T05:39:14.105198+00:00,2026-09-26T05:39:14.105536+00:00,0.000356,1790401154.102323,1790401154.095481,0,0,0,0.000087,0.000023,"[0.017331119472303726, -0.5791700589817983, 0.028134707542148602, -0.3000570050028651, 0.011065387457644042, 0.20561723917745198, -0.4734380128959818]","[0.01731366617978375, -0.5792049655668382, 0.028134707542148595, -0.30005700500286514, 0.010978120995044333, 0.20558233259241207, -0.4734729194810217]","[0.38232033511135644, -0.014079053157000957, 0.5721696318992001]","[0.382327, -0.014079, 0.572148]"
444,return,22.200000,22.201430,0.000320,0.050688,2026-09-26T05:39:14.155133+00:00,2026-09-26T05:39:14.156227+00:00,0.001110,1790401154.151992,1790401154.135969,0,1,0,0.000087,0.000023,"[0.017331119472303726, -0.5791700589817983, 0.028134707542148602, -0.3000570050028651, 0.01106538745764404, 0.20561723917745198, -0.47343801289598175]","[0.01731366617978375, -0.5792049655668382, 0.028134707542148595, -0.30005700500286514, 0.010978120995044333, 0.20558233259241207, -0.4734729194810217]","[0.38232033511135644, -0.014079053157000957, 0.5721696318992001]","[0.382327, -0.014079, 0.572148]"
445,return,22.250000,22.251231,0.000328,0.049801,2026-09-26T05:39:14.205143+00:00,2026-09-26T05:39:14.206030+00:00,0.000903,1790401154.203135,1790401154.195886,0,0,0,0.000070,0.000023,"[0.017331119472303726, -0.5791700589817983, 0.028134707542148602, -0.3000570050028651, 0.011065387457644042, 0.20561723917745198, -0.4734380128959818]","[0.01731366617978375, -0.5792049655668382, 0.028134707542148595, -0.30005700500286514, 0.010995574287564275, 0.20558233259241207, -0.4734729194810217]","[0.38232033511135644, -0.014079053157000957, 0.5721696318992001]","[0.382328, -0.014079, 0.572148]"
446,return,22.300000,22.301555,0.000311,0.050324,2026-09-26T05:39:14.255127+00:00,2026-09-26T05:39:14.256352+00:00,0.001244,1790401154.252205,1790401154.235193,0,1,0,0.000070,0.000023,"[0.017331119472303726, -0.5791700589817983, 0.028134707542148606, -0.3000570050028651, 0.011065387457644042, 0.20561723917745198, -0.4734380128959818]","[0.01731366617978375, -0.5792049655668382, 0.028134707542148595, -0.30005700500286514, 0.010995574287564275, 0.20558233259241207, -0.473385653018422]","[0.38232033511135644, -0.014079053157000957, 0.5721696318992001]","[0.382328, -0.014079, 0.572148]"
447,return,22.350000,22.351615,0.000305,0.050060,2026-09-26T05:39:14.305119+00:00,2026-09-26T05:39:14.306413+00:00,0.001310,1790401154.303727,1790401154.295616,0,1,0,0.000070,0.000023,"[0.01733111947230373, -0.5791700589817984, 0.028134707542148606, -0.30005700500286514, 0.011065387457644044, 0.20561723917745198, -0.4734380128959818]","[0.01731366617978375, -0.5792049655668382, 0.028134707542148595, -0.30005700500286514, 0.010995574287564275, 0.20558233259241207, -0.473385653018422]","[0.38232033511135644, -0.014079053157000957, 0.5721696318992001]","[0.382328, -0.014079, 0.572148]"
448,return,22.400000,22.401586,0.000271,0.049970,2026-09-26T05:39:14.355081+00:00,2026-09-26T05:39:14.356383+00:00,0.001315,1790401154.352413,1790401154.335289,0,1,0,0.000070,0.000023,"[0.017331119472303726, -0.5791700589817983, 0.028134707542148602, -0.3000570050028651, 0.01106538745764404, 0.20561723917745198, -0.4734380128959818]","[0.01731366617978375, -0.5792049655668382, 0.028134707542148595, -0.30005700500286514, 0.010995574287564275, 0.20558233259241207, -0.473385653018422]","[0.38232033511135644, -0.014079053157000957, 0.5721696318992001]","[0.382328, -0.014079, 0.572148]"
449,return,22.450000,22.451049,0.000298,0.049463,2026-09-26T05:39:14.405112+00:00,2026-09-26T05:39:14.405846+00:00,0.000750,1790401154.402488,1790401154.395386,0,1,0,0.000070,0.000023,"[0.017331119472303726, -0.5791700589817983, 0.028134707542148602, -0.3000570050028651, 0.011065387457644042, 0.20561723917745198, -0.4734380128959818]","[0.01731366617978375, -0.5792049655668382, 0.028134707542148595, -0.30005700500286514, 0.010995574287564275, 0.20558233259241207, -0.473385653018422]","[0.38232033511135644, -0.014079053157000957, 0.5721696318992001]","[0.382328, -0.014079, 0.572148]"
450,return,22.500000,22.501362,0.000308,0.050313,2026-09-26T05:39:14.455121+00:00,2026-09-26T05:39:14.456159+00:00,0.001054,1790401154.452161,1790401154.437019,0,1,0,0.000052,0.000023,"[0.017331119472303726, -0.5791700589817983, 0.028134707542148602, -0.3000570050028651, 0.011065387457644042, 0.20561723917745198, -0.4734380128959818]","[0.01731366617978375, -0.5792049655668382, 0.028134707542148595, -0.30005700500286514, 0.011100294042683936, 0.20558233259241207, -0.473385653018422]","[0.38232033511135644, -0.014079053157000957, 0.5721696318992001]","[0.382328, -0.014079, 0.572148]"
451,return,22.550000,22.550756,0.000379,0.049394,2026-09-26T05:39:14.505192+00:00,2026-09-26T05:39:14.505551+00:00,0.000377,1790401154.502367,1790401154.495372,0,0,0,0.000052,0.000025,"[0.017331119472303726, -0.5791700589817983, 0.028134707542148602, -0.3000570050028651, 0.011065387457644042, 0.20561723917745198, -0.4734380128959818]","[0.01731366617978375, -0.5792049655668382, 0.028134707542148595, -0.30005700500286514, 0.011100294042683936, 0.20558233259241207, -0.473385653018422]","[0.38232033511135644, -0.014079053157000957, 0.5721696318992001]","[0.382329, -0.014079, 0.5721459999999999]"
452,return,22.600000,22.601187,0.000313,0.050431,2026-09-26T05:39:14.555126+00:00,2026-09-26T05:39:14.555984+00:00,0.000874,1790401154.552002,1790401154.535389,0,0,0,0.000052,0.000025,"[0.017331119472303726, -0.5791700589817983, 0.028134707542148602, -0.3000570050028651, 0.011065387457644042, 0.20561723917745198, -0.4734380128959818]","[0.01731366617978375, -0.5792049655668382, 0.028134707542148595, -0.30005700500286514, 0.011100294042683936, 0.20558233259241207, -0.473385653018422]","[0.38232033511135644, -0.014079053157000957, 0.5721696318992001]","[0.382329, -0.014079, 0.5721459999999999]"
453,return,22.650000,22.650814,0.000453,0.049627,2026-09-26T05:39:14.605265+00:00,2026-09-26T05:39:14.605609+00:00,0.000362,1790401154.602578,1790401154.595287,0,0,0,0.000052,0.000025,"[0.017331119472303726, -0.5791700589817983, 0.028134707542148602, -0.3000570050028651, 0.011065387457644042, 0.20561723917745198, -0.4734380128959818]","[0.01731366617978375, -0.5792049655668382, 0.028134707542148595, -0.30005700500286514, 0.011100294042683936, 0.20558233259241207, -0.473385653018422]","[0.38232033511135644, -0.014079053157000957, 0.5721696318992001]","[0.382329, -0.014079, 0.5721459999999999]"
454,return,22.700000,22.701435,0.000237,0.050621,2026-09-26T05:39:14.655051+00:00,2026-09-26T05:39:14.656232+00:00,0.001198,1790401154.651999,1790401154.635830,0,0,0,0.000052,0.000025,"[0.017331119472303726, -0.5791700589817983, 0.028134707542148602, -0.3000570050028651, 0.011065387457644044, 0.20561723917745198, -0.4734380128959818]","[0.01731366617978375, -0.5792049655668382, 0.028134707542148595, -0.30005700500286514, 0.011100294042683936, 0.20558233259241207, -0.473385653018422]","[0.38232033511135644, -0.014079053157000957, 0.5721696318992001]","[0.382329, -0.014079, 0.5721459999999999]"
455,return,22.750000,22.751569,0.000300,0.050134,2026-09-26T05:39:14.705112+00:00,2026-09-26T05:39:14.706367+00:00,0.001269,1790401154.703177,1790401154.695443,0,0,0,0.000052,0.000025,"[0.017331119472303726, -0.5791700589817983, 0.028134707542148602, -0.3000570050028651, 0.011065387457644042, 0.20561723917745198, -0.4734380128959818]","[0.01731366617978375, -0.5792049655668382, 0.028134707542148595, -0.30005700500286514, 0.011100294042683936, 0.20558233259241207, -0.473385653018422]","[0.38232033511135644, -0.014079053157000957, 0.5721696318992001]","[0.382329, -0.014079, 0.5721459999999999]"
456,return,22.800000,22.801235,0.000309,0.049666,2026-09-26T05:39:14.755123+00:00,2026-09-26T05:39:14.756033+00:00,0.000926,1790401154.752053,1790401154.735847,0,0,0,0.000052,0.000025,"[0.017331119472303726, -0.5791700589817983, 0.028134707542148602, -0.3000570050028651, 0.011065387457644042, 0.20561723917745198, -0.4734380128959818]","[0.01731366617978375, -0.5792049655668382, 0.028134707542148595, -0.30005700500286514, 0.011100294042683936, 0.20558233259241207, -0.473385653018422]","[0.38232033511135644, -0.014079053157000957, 0.5721696318992001]","[0.382329, -0.014079, 0.5721459999999999]"
457,return,22.850000,22.851096,0.000273,0.049861,2026-09-26T05:39:14.805083+00:00,2026-09-26T05:39:14.805893+00:00,0.000823,1790401154.803493,1790401154.796004,0,0,0,0.000052,0.000025,"[0.017331119472303726, -0.5791700589817983, 0.028134707542148602, -0.30005700500286503, 0.01106538745764404, 0.20561723917745195, -0.4734380128959818]","[0.01731366617978375, -0.5792049655668382, 0.028134707542148595, -0.30005700500286514, 0.011100294042683936, 0.20558233259241207, -0.473385653018422]","[0.38232033511135644, -0.014079053157000957, 0.5721696318992001]","[0.382329, -0.014079, 0.5721459999999999]"
458,return,22.900000,22.900335,0.000116,0.049239,2026-09-26T05:39:14.854922+00:00,2026-09-26T05:39:14.855129+00:00,0.000219,1790401154.852210,1790401154.835335,0,0,0,0.000052,0.000025,"[0.017331119472303726, -0.5791700589817983, 0.028134707542148602, -0.3000570050028651, 0.011065387457644042, 0.20561723917745198, -0.4734380128959818]","[0.01731366617978375, -0.5792049655668382, 0.028134707542148595, -0.30005700500286514, 0.011100294042683936, 0.20558233259241207, -0.473385653018422]","[0.38232033511135644, -0.014079053157000957, 0.5721696318992001]","[0.382329, -0.014079, 0.5721459999999999]"
459,return,22.950000,22.950909,0.000323,0.050574,2026-09-26T05:39:14.905129+00:00,2026-09-26T05:39:14.905703+00:00,0.000587,1790401154.902165,1790401154.895294,0,1,0,0.000052,0.000025,"[0.017331119472303726, -0.5791700589817983, 0.0281347075421486, -0.3000570050028651, 0.011065387457644042, 0.20561723917745198, -0.4734380128959818]","[0.01731366617978375, -0.5792049655668382, 0.028134707542148595, -0.30005700500286514, 0.011100294042683936, 0.20558233259241207, -0.473385653018422]","[0.38232033511135644, -0.014079053157000957, 0.5721696318992001]","[0.382329, -0.014079, 0.5721459999999999]"
460,return,23.000000,23.000440,0.000138,0.049531,2026-09-26T05:39:14.954946+00:00,2026-09-26T05:39:14.955234+00:00,0.000302,1790401154.952466,1790401154.935337,0,0,0,0.000052,0.000025,"[0.017331119472303726, -0.5791700589817983, 0.0281347075421486, -0.3000570050028651, 0.011065387457644042, 0.20561723917745198, -0.4734380128959818]","[0.01731366617978375, -0.5792049655668382, 0.028134707542148595, -0.30005700500286514, 0.011100294042683936, 0.20558233259241207, -0.473385653018422]","[0.38232033511135644, -0.014079053157000957, 0.5721696318992001]","[0.382329, -0.014079, 0.5721459999999999]"
461,return,23.050000,23.050629,0.000134,0.050189,2026-09-26T05:39:15.004941+00:00,2026-09-26T05:39:15.005425+00:00,0.000495,1790401155.002008,1790401154.995252,0,1,0,0.000052,0.000025,"[0.017331119472303726, -0.5791700589817984, 0.028134707542148606, -0.3000570050028651, 0.011065387457644042, 0.20561723917745198, -0.4734380128959818]","[0.01731366617978375, -0.5792049655668382, 0.028134707542148595, -0.30005700500286514, 0.011100294042683936, 0.20558233259241207, -0.473385653018422]","[0.38232033511135644, -0.014079053157000957, 0.5721696318992001]","[0.382329, -0.014079, 0.5721459999999999]"
462,return,23.100000,23.101082,0.000218,0.050453,2026-09-26T05:39:15.055028+00:00,2026-09-26T05:39:15.055879+00:00,0.000865,1790401155.052006,1790401155.035295,0,0,0,0.000052,0.000025,"[0.017331119472303726, -0.5791700589817983, 0.028134707542148602, -0.3000570050028651, 0.011065387457644042, 0.20561723917745198, -0.4734380128959818]","[0.01731366617978375, -0.5792049655668382, 0.028134707542148595, -0.30005700500286514, 0.011100294042683936, 0.20558233259241207, -0.473385653018422]","[0.38232033511135644, -0.014079053157000957, 0.5721696318992001]","[0.382329, -0.014079, 0.5721459999999999]"
463,return,23.150000,23.150963,0.000239,0.049881,2026-09-26T05:39:15.105044+00:00,2026-09-26T05:39:15.105759+00:00,0.000725,1790401155.102053,1790401155.095292,0,1,0,0.000052,0.000025,"[0.017331119472303726, -0.5791700589817983, 0.028134707542148602, -0.3000570050028651, 0.011065387457644042, 0.20561723917745198, -0.4734380128959818]","[0.01731366617978375, -0.5792049655668382, 0.028134707542148595, -0.30005700500286514, 0.011100294042683936, 0.20558233259241207, -0.473385653018422]","[0.38232033511135644, -0.014079053157000957, 0.5721696318992001]","[0.382329, -0.014079, 0.5721459999999999]"
464,return,23.200000,23.201386,0.000305,0.050422,2026-09-26T05:39:15.155118+00:00,2026-09-26T05:39:15.156182+00:00,0.001080,1790401155.152010,1790401155.135396,0,0,0,0.000052,0.000025,"[0.017331119472303726, -0.5791700589817983, 0.028134707542148606, -0.3000570050028651, 0.011065387457644042, 0.20561723917745198, -0.4734380128959818]","[0.01731366617978375, -0.5792049655668382, 0.028134707542148595, -0.30005700500286514, 0.011100294042683936, 0.20558233259241207, -0.473385653018422]","[0.38232033511135644, -0.014079053157000957, 0.5721696318992001]","[0.382329, -0.014079, 0.5721459999999999]"
465,return,23.250000,23.251028,0.000334,0.049643,2026-09-26T05:39:15.205147+00:00,2026-09-26T05:39:15.205826+00:00,0.000694,1790401155.202059,1790401155.195497,0,1,0,0.000070,0.000025,"[0.017331119472303726, -0.5791700589817983, 0.028134707542148602, -0.3000570050028651, 0.01106538745764404, 0.20561723917745198, -0.4734380128959818]","[0.01731366617978375, -0.5792049655668382, 0.028134707542148595, -0.30005700500286514, 0.010995574287564275, 0.20558233259241207, -0.473385653018422]","[0.38232033511135644, -0.014079053157000957, 0.5721696318992001]","[0.382329, -0.014079, 0.5721459999999999]"
466,return,23.300000,23.301423,0.000240,0.050394,2026-09-26T05:39:15.255054+00:00,2026-09-26T05:39:15.256219+00:00,0.001182,1790401155.252059,1790401155.235444,0,0,0,0.000070,0.000023,"[0.017331119472303726, -0.5791700589817983, 0.028134707542148602, -0.30005700500286514, 0.011065387457644042, 0.20561723917745198, -0.4734380128959818]","[0.01731366617978375, -0.5792049655668382, 0.028134707542148595, -0.30005700500286514, 0.010995574287564275, 0.20558233259241207, -0.473385653018422]","[0.38232033511135644, -0.014079053157000957, 0.5721696318992001]","[0.382328, -0.014079, 0.572148]"
467,return,23.350000,23.351925,0.000562,0.050502,2026-09-26T05:39:15.305376+00:00,2026-09-26T05:39:15.306722+00:00,0.001362,1790401155.302010,1790401155.295447,0,1,0,0.000070,0.000023,"[0.017331119472303726, -0.5791700589817983, 0.028134707542148602, -0.3000570050028651, 0.011065387457644042, 0.20561723917745198, -0.4734380128959818]","[0.01731366617978375, -0.5792049655668382, 0.028134707542148595, -0.30005700500286514, 0.010995574287564275, 0.20558233259241207, -0.473385653018422]","[0.38232033511135644, -0.014079053157000957, 0.5721696318992001]","[0.382328, -0.014079, 0.572148]"
468,return,23.400000,23.400467,0.000235,0.048542,2026-09-26T05:39:15.355038+00:00,2026-09-26T05:39:15.355260+00:00,0.000232,1790401155.352081,1790401155.336053,0,0,0,0.000070,0.000023,"[0.017331119472303726, -0.5791700589817983, 0.028134707542148606, -0.3000570050028651, 0.011065387457644042, 0.20561723917745198, -0.4734380128959818]","[0.01731366617978375, -0.5792049655668382, 0.028134707542148595, -0.30005700500286514, 0.010995574287564275, 0.20558233259241207, -0.473385653018422]","[0.38232033511135644, -0.014079053157000957, 0.5721696318992001]","[0.382328, -0.014079, 0.572148]"
469,return,23.450000,23.450539,0.000248,0.050073,2026-09-26T05:39:15.405051+00:00,2026-09-26T05:39:15.405333+00:00,0.000291,1790401155.402007,1790401155.395448,0,1,0,0.000070,0.000008,"[0.01733111947230373, -0.5791700589817984, 0.028134707542148606, -0.30005700500286514, 0.011065387457644044, 0.20561723917745198, -0.4734380128959818]","[0.01731366617978375, -0.5792049655668382, 0.028134707542148595, -0.2999871918327853, 0.010995574287564275, 0.20558233259241207, -0.473385653018422]","[0.38232033511135644, -0.014079053157000957, 0.5721696318992001]","[0.382314, -0.014079, 0.572164]"
470,return,23.500000,23.501451,0.000294,0.050912,2026-09-26T05:39:15.455107+00:00,2026-09-26T05:39:15.456248+00:00,0.001157,1790401155.452013,1790401155.436100,0,0,0,0.000070,0.000008,"[0.017331119472303726, -0.5791700589817983, 0.028134707542148602, -0.3000570050028651, 0.01106538745764404, 0.20561723917745198, -0.4734380128959818]","[0.01731366617978375, -0.5792049655668382, 0.028134707542148595, -0.2999871918327853, 0.010995574287564275, 0.20558233259241207, -0.473385653018422]","[0.38232033511135644, -0.014079053157000957, 0.5721696318992001]","[0.382314, -0.014079, 0.572164]"
471,return,23.550000,23.551736,0.000315,0.050285,2026-09-26T05:39:15.505131+00:00,2026-09-26T05:39:15.506533+00:00,0.001421,1790401155.502014,1790401155.496451,0,1,0,0.000070,0.000029,"[0.017331119472303726, -0.5791700589817983, 0.028134707542148602, -0.3000570050028651, 0.011065387457644042, 0.20561723917745198, -0.4734380128959818]","[0.01731366617978375, -0.5791526056892784, 0.028134707542148595, -0.2999871918327853, 0.010995574287564275, 0.20558233259241207, -0.473385653018422]","[0.38232033511135644, -0.014079053157000957, 0.5721696318992001]","[0.38229399999999997, -0.014079999999999999, 0.572182]"
472,return,23.600000,23.601116,0.000346,0.049380,2026-09-26T05:39:15.555158+00:00,2026-09-26T05:39:15.555913+00:00,0.000770,1790401155.552381,1790401155.535302,0,0,0,0.000070,0.000029,"[0.017331119472303726, -0.5791700589817983, 0.028134707542148602, -0.3000570050028651, 0.011065387457644042, 0.20561723917745198, -0.4734380128959818]","[0.01731366617978375, -0.5791526056892784, 0.028134707542148595, -0.2999871918327853, 0.010995574287564275, 0.20558233259241207, -0.473385653018422]","[0.38232033511135644, -0.014079053157000957, 0.5721696318992001]","[0.38229399999999997, -0.014079999999999999, 0.572182]"
473,return,23.650000,23.651493,0.000283,0.050377,2026-09-26T05:39:15.605096+00:00,2026-09-26T05:39:15.606289+00:00,0.001210,1790401155.602152,1790401155.595906,0,1,0,0.000070,0.000029,"[0.017331119472303726, -0.5791700589817983, 0.028134707542148602, -0.3000570050028651, 0.011065387457644042, 0.20561723917745198, -0.4734380128959818]","[0.01731366617978375, -0.5791526056892784, 0.028134707542148595, -0.2999871918327853, 0.010995574287564275, 0.20558233259241207, -0.473385653018422]","[0.38232033511135644, -0.014079053157000957, 0.5721696318992001]","[0.38229399999999997, -0.014079999999999999, 0.572182]"
474,return,23.700000,23.701416,0.000404,0.049923,2026-09-26T05:39:15.655217+00:00,2026-09-26T05:39:15.656212+00:00,0.001011,1790401155.652523,1790401155.635260,0,0,0,0.000070,0.000029,"[0.017331119472303726, -0.5791700589817983, 0.028134707542148602, -0.3000570050028651, 0.011065387457644042, 0.20561723917745198, -0.4734380128959818]","[0.01731366617978375, -0.5791526056892784, 0.028134707542148595, -0.2999871918327853, 0.010995574287564275, 0.20558233259241207, -0.47350782606606157]","[0.38232033511135644, -0.014079053157000957, 0.5721696318992001]","[0.38229399999999997, -0.014079999999999999, 0.572182]"
475,return,23.750000,23.752640,0.000325,0.051225,2026-09-26T05:39:15.705139+00:00,2026-09-26T05:39:15.707438+00:00,0.002315,1790401155.702159,1790401155.695345,0,1,0,0.000070,0.000029,"[0.017331119472303726, -0.5791700589817983, 0.0281347075421486, -0.3000570050028651, 0.011065387457644042, 0.20561723917745195, -0.47343801289598175]","[0.01731366617978375, -0.5791526056892784, 0.028134707542148595, -0.2999871918327853, 0.010995574287564275, 0.20558233259241207, -0.47350782606606157]","[0.38232033511135644, -0.014079053157000957, 0.5721696318992001]","[0.38229399999999997, -0.014079999999999999, 0.572182]"
476,return,23.800000,23.801149,0.000324,0.048508,2026-09-26T05:39:15.755138+00:00,2026-09-26T05:39:15.755945+00:00,0.000824,1790401155.752638,1790401155.735385,0,0,0,0.000070,0.000029,"[0.017331119472303726, -0.5791700589817983, 0.028134707542148602, -0.3000570050028651, 0.011065387457644044, 0.20561723917745198, -0.4734380128959818]","[0.01731366617978375, -0.5791526056892784, 0.028134707542148595, -0.2999871918327853, 0.010995574287564275, 0.20558233259241207, -0.47350782606606157]","[0.38232033511135644, -0.014079053157000957, 0.5721696318992001]","[0.38229399999999997, -0.014079999999999999, 0.572182]"
477,return,23.850000,23.851244,0.000337,0.050095,2026-09-26T05:39:15.805149+00:00,2026-09-26T05:39:15.806042+00:00,0.000907,1790401155.802412,1790401155.795306,0,1,0,0.000070,0.000029,"[0.017331119472303726, -0.5791700589817983, 0.028134707542148602, -0.3000570050028651, 0.011065387457644042, 0.20561723917745198, -0.4734380128959818]","[0.01731366617978375, -0.5791526056892784, 0.028134707542148595, -0.2999871918327853, 0.010995574287564275, 0.20558233259241207, -0.47350782606606157]","[0.38232033511135644, -0.014079053157000957, 0.5721696318992001]","[0.38229399999999997, -0.014079999999999999, 0.572182]"
478,return,23.900000,23.901473,0.000478,0.050229,2026-09-26T05:39:15.855292+00:00,2026-09-26T05:39:15.856270+00:00,0.000995,1790401155.852017,1790401155.835392,0,0,0,0.000070,0.000029,"[0.017331119472303726, -0.5791700589817983, 0.0281347075421486, -0.3000570050028651, 0.011065387457644042, 0.20561723917745198, -0.4734380128959818]","[0.01731366617978375, -0.5791526056892784, 0.028134707542148595, -0.2999871918327853, 0.010995574287564275, 0.20558233259241207, -0.47350782606606157]","[0.38232033511135644, -0.014079053157000957, 0.5721696318992001]","[0.38229399999999997, -0.014079999999999999, 0.572182]"
479,return,23.950000,23.950450,0.000240,0.048976,2026-09-26T05:39:15.905041+00:00,2026-09-26T05:39:15.905243+00:00,0.000209,1790401155.902013,1790401155.895302,0,1,0,0.000070,0.000029,"[0.017331119472303726, -0.5791700589817983, 0.028134707542148602, -0.30005700500286503, 0.01106538745764404, 0.20561723917745195, -0.4734380128959818]","[0.01731366617978375, -0.5791526056892784, 0.028134707542148595, -0.2999871918327853, 0.010995574287564275, 0.20558233259241207, -0.47350782606606157]","[0.38232033511135644, -0.014079053157000957, 0.5721696318992001]","[0.38229399999999997, -0.014079999999999999, 0.572182]"
480,return,24.000000,24.000871,0.000265,0.050422,2026-09-26T05:39:15.955065+00:00,2026-09-26T05:39:15.955666+00:00,0.000606,1790401155.951981,1790401155.935303,0,0,0,0.000070,0.000029,"[0.017331119472303726, -0.5791700589817983, 0.028134707542148602, -0.3000570050028651, 0.011065387457644042, 0.20561723917745198, -0.4734380128959818]","[0.01731366617978375, -0.5791526056892784, 0.028134707542148595, -0.2999871918327853, 0.010995574287564275, 0.20558233259241207, -0.47350782606606157]","[0.38232033511135644, -0.014079053157000957, 0.5721696318992001]","[0.38229399999999997, -0.014079999999999999, 0.572182]"
481,return,24.050000,24.050952,0.000227,0.050080,2026-09-26T05:39:16.005040+00:00,2026-09-26T05:39:16.005748+00:00,0.000725,1790401156.001941,1790401155.995394,0,1,0,0.000070,0.000029,"[0.017331119472303726, -0.5791700589817983, 0.028134707542148602, -0.3000570050028651, 0.011065387457644042, 0.20561723917745198, -0.4734380128959818]","[0.01731366617978375, -0.5791526056892784, 0.028134707542148595, -0.2999871918327853, 0.010995574287564275, 0.20558233259241207, -0.47350782606606157]","[0.38232033511135644, -0.014079053157000957, 0.5721696318992001]","[0.38229399999999997, -0.014079999999999999, 0.572182]"
482,return,24.100000,24.101171,0.000305,0.050219,2026-09-26T05:39:16.055118+00:00,2026-09-26T05:39:16.055968+00:00,0.000866,1790401156.052309,1790401156.035511,0,0,0,0.000070,0.000027,"[0.017331119472303726, -0.5791700589817983, 0.028134707542148602, -0.3000570050028651, 0.011065387457644042, 0.20561723917745198, -0.4734380128959818]","[0.01731366617978375, -0.5791526056892784, 0.028134707542148595, -0.2999871918327853, 0.01111774733520388, 0.20558233259241207, -0.47350782606606157]","[0.38232033511135644, -0.014079053157000957, 0.5721696318992001]","[0.382295, -0.014079999999999999, 0.57218]"
483,return,24.150000,24.150920,0.000169,0.049750,2026-09-26T05:39:16.104974+00:00,2026-09-26T05:39:16.105715+00:00,0.000752,1790401156.101956,1790401156.095353,0,1,0,0.000070,0.000027,"[0.017331119472303726, -0.5791700589817983, 0.028134707542148606, -0.3000570050028651, 0.011065387457644044, 0.20561723917745198, -0.4734380128959818]","[0.01731366617978375, -0.5791526056892784, 0.028134707542148595, -0.2999871918327853, 0.01111774733520388, 0.20558233259241207, -0.47350782606606157]","[0.38232033511135644, -0.014079053157000957, 0.5721696318992001]","[0.382295, -0.014079999999999999, 0.57218]"
484,return,24.200000,24.200293,0.000114,0.049373,2026-09-26T05:39:16.154915+00:00,2026-09-26T05:39:16.155087+00:00,0.000179,1790401156.152455,1790401156.136112,0,1,0,0.000070,0.000029,"[0.017331119472303726, -0.5791700589817983, 0.028134707542148602, -0.3000570050028651, 0.011065387457644042, 0.20561723917745198, -0.4734380128959818]","[0.01731366617978375, -0.5791526056892784, 0.028134707542148595, -0.2999871918327853, 0.01101302758008422, 0.20558233259241207, -0.47350782606606157]","[0.38232033511135644, -0.014079053157000957, 0.5721696318992001]","[0.38229399999999997, -0.014079999999999999, 0.572182]"
485,return,24.250000,24.250704,0.000151,0.050411,2026-09-26T05:39:16.204954+00:00,2026-09-26T05:39:16.205498+00:00,0.000552,1790401156.202049,1790401156.197261,0,1,0,0.000070,0.000029,"[0.017331119472303726, -0.5791700589817983, 0.028134707542148602, -0.3000570050028651, 0.011065387457644042, 0.20561723917745198, -0.4734380128959818]","[0.01731366617978375, -0.5791526056892784, 0.028134707542148595, -0.2999871918327853, 0.01101302758008422, 0.20558233259241207, -0.47350782606606157]","[0.38232033511135644, -0.014079053157000957, 0.5721696318992001]","[0.38229399999999997, -0.014079999999999999, 0.572182]"
486,return,24.300000,24.300994,0.000219,0.050290,2026-09-26T05:39:16.255031+00:00,2026-09-26T05:39:16.255790+00:00,0.000774,1790401156.253205,1790401156.235352,0,1,0,0.000070,0.000029,"[0.017331119472303726, -0.5791700589817983, 0.028134707542148606, -0.3000570050028651, 0.011065387457644042, 0.20561723917745198, -0.4734380128959818]","[0.01731366617978375, -0.5791526056892784, 0.028134707542148595, -0.2999871918327853, 0.01101302758008422, 0.20558233259241207, -0.47350782606606157]","[0.38232033511135644, -0.014079053157000957, 0.5721696318992001]","[0.38229399999999997, -0.014079999999999999, 0.572182]"
487,return,24.350000,24.350412,0.000218,0.049418,2026-09-26T05:39:16.305021+00:00,2026-09-26T05:39:16.305205+00:00,0.000193,1790401156.302746,1790401156.298551,0,1,0,0.000070,0.000029,"[0.017331119472303726, -0.5791700589817983, 0.028134707542148602, -0.3000570050028651, 0.011065387457644042, 0.20561723917745198, -0.4734380128959818]","[0.01731366617978375, -0.5791526056892784, 0.028134707542148595, -0.2999871918327853, 0.01101302758008422, 0.20558233259241207, -0.473385653018422]","[0.38232033511135644, -0.014079053157000957, 0.5721696318992001]","[0.38229399999999997, -0.014079999999999999, 0.572182]"
488,return,24.400000,24.400468,0.000214,0.050056,2026-09-26T05:39:16.355015+00:00,2026-09-26T05:39:16.355262+00:00,0.000254,1790401156.353594,1790401156.335554,0,1,0,0.000070,0.000027,"[0.01733111947230373, -0.5791700589817983, 0.028134707542148602, -0.3000570050028651, 0.011065387457644044, 0.20561723917745198, -0.4734380128959818]","[0.01731366617978375, -0.5791526056892784, 0.028134707542148595, -0.2999871918327853, 0.011135200627723822, 0.20558233259241207, -0.473385653018422]","[0.38232033511135644, -0.014079053157000957, 0.5721696318992001]","[0.382295, -0.014079999999999999, 0.57218]"
489,return,24.450000,24.451403,0.000211,0.050935,2026-09-26T05:39:16.405025+00:00,2026-09-26T05:39:16.406199+00:00,0.001191,1790401156.402232,1790401156.396645,0,1,0,0.000070,0.000027,"[0.017331119472303726, -0.5791700589817983, 0.028134707542148602, -0.3000570050028651, 0.011065387457644042, 0.20561723917745198, -0.4734380128959818]","[0.01731366617978375, -0.5791526056892784, 0.028134707542148595, -0.2999871918327853, 0.011135200627723822, 0.20558233259241207, -0.473385653018422]","[0.38232033511135644, -0.014079053157000957, 0.5721696318992001]","[0.382295, -0.014079999999999999, 0.57218]"
490,return,24.500000,24.501931,0.000304,0.050528,2026-09-26T05:39:16.455118+00:00,2026-09-26T05:39:16.456727+00:00,0.001626,1790401156.453444,1790401156.435414,0,0,0,0.000070,0.000027,"[0.017331119472303726, -0.5791700589817983, 0.028134707542148602, -0.3000570050028651, 0.011065387457644044, 0.20561723917745198, -0.4734380128959818]","[0.01731366617978375, -0.5791526056892784, 0.028134707542148595, -0.2999871918327853, 0.011082840750163993, 0.20558233259241207, -0.473385653018422]","[0.38232033511135644, -0.014079053157000957, 0.5721696318992001]","[0.382295, -0.014079999999999999, 0.57218]"
491,return,24.550000,24.551216,0.000215,0.049285,2026-09-26T05:39:16.505023+00:00,2026-09-26T05:39:16.506012+00:00,0.001000,1790401156.502777,1790401156.497415,0,1,0,0.000070,0.000028,"[0.017331119472303726, -0.5791700589817983, 0.028134707542148606, -0.3000570050028651, 0.011065387457644042, 0.20561723917745198, -0.4734380128959818]","[0.01731366617978375, -0.5791526056892784, 0.028134707542148595, -0.2999871918327853, 0.011100294042683936, 0.20558233259241207, -0.473385653018422]","[0.38232033511135644, -0.014079053157000957, 0.5721696318992001]","[0.382295, -0.014079999999999999, 0.5721809999999999]"
492,return,24.600000,24.600955,0.000279,0.049740,2026-09-26T05:39:16.555086+00:00,2026-09-26T05:39:16.555751+00:00,0.000677,1790401156.553863,1790401156.536831,0,1,0,0.000070,0.000028,"[0.017331119472303726, -0.5791700589817983, 0.028134707542148602, -0.3000570050028651, 0.011065387457644044, 0.20561723917745198, -0.4734380128959818]","[0.01731366617978375, -0.5791526056892784, 0.028134707542148595, -0.2999871918327853, 0.011100294042683936, 0.20558233259241207, -0.473385653018422]","[0.38232033511135644, -0.014079053157000957, 0.5721696318992001]","[0.382295, -0.014079999999999999, 0.5721809999999999]"
493,return,24.650000,24.650823,0.000462,0.049868,2026-09-26T05:39:16.605276+00:00,2026-09-26T05:39:16.605617+00:00,0.000361,1790401156.602027,1790401156.596272,0,1,0,0.000070,0.000028,"[0.017331119472303726, -0.5791700589817983, 0.028134707542148602, -0.3000570050028651, 0.011065387457644042, 0.20561723917745198, -0.4734380128959818]","[0.01731366617978375, -0.5791526056892784, 0.028134707542148595, -0.2999871918327853, 0.011100294042683936, 0.20558233259241207, -0.473385653018422]","[0.38232033511135644, -0.014079053157000957, 0.5721696318992001]","[0.382295, -0.014079999999999999, 0.5721809999999999]"
494,return,24.700000,24.701357,0.000389,0.050534,2026-09-26T05:39:16.655199+00:00,2026-09-26T05:39:16.656154+00:00,0.000968,1790401156.652446,1790401156.636078,0,1,0,0.000070,0.000028,"[0.017331119472303726, -0.5791700589817983, 0.028134707542148602, -0.3000570050028651, 0.011065387457644042, 0.20561723917745198, -0.4734380128959818]","[0.01731366617978375, -0.5791526056892784, 0.028134707542148595, -0.2999871918327853, 0.011100294042683936, 0.20558233259241207, -0.473385653018422]","[0.38232033511135644, -0.014079053157000957, 0.5721696318992001]","[0.382295, -0.014079999999999999, 0.5721809999999999]"
495,return,24.750000,24.750757,0.000399,0.049399,2026-09-26T05:39:16.705211+00:00,2026-09-26T05:39:16.705551+00:00,0.000358,1790401156.701952,1790401156.695982,0,1,0,0.000070,0.000028,"[0.017331119472303726, -0.5791700589817983, 0.028134707542148602, -0.3000570050028651, 0.011065387457644042, 0.20561723917745198, -0.4734380128959818]","[0.01731366617978375, -0.5791526056892784, 0.028134707542148595, -0.2999871918327853, 0.011100294042683936, 0.20558233259241207, -0.473385653018422]","[0.38232033511135644, -0.014079053157000957, 0.5721696318992001]","[0.382295, -0.014079999999999999, 0.5721809999999999]"
496,return,24.800000,24.801124,0.000306,0.050367,2026-09-26T05:39:16.755119+00:00,2026-09-26T05:39:16.755919+00:00,0.000817,1790401156.752122,1790401156.736461,0,1,0,0.000070,0.000028,"[0.017331119472303726, -0.5791700589817984, 0.028134707542148606, -0.3000570050028651, 0.011065387457644042, 0.20561723917745198, -0.47343801289598186]","[0.01731366617978375, -0.5791526056892784, 0.028134707542148595, -0.2999871918327853, 0.011100294042683936, 0.20558233259241207, -0.473385653018422]","[0.38232033511135644, -0.014079053157000957, 0.5721696318992001]","[0.382295, -0.014079999999999999, 0.5721809999999999]"
497,return,24.850000,24.850781,0.000412,0.049657,2026-09-26T05:39:16.805242+00:00,2026-09-26T05:39:16.805576+00:00,0.000369,1790401156.801986,1790401156.796835,0,1,0,0.000070,0.000028,"[0.017331119472303726, -0.5791700589817983, 0.028134707542148606, -0.3000570050028651, 0.011065387457644042, 0.205617239177452, -0.4734380128959818]","[0.01731366617978375, -0.5791526056892784, 0.028134707542148595, -0.2999871918327853, 0.011100294042683936, 0.20558233259241207, -0.473385653018422]","[0.38232033511135644, -0.014079053157000957, 0.5721696318992001]","[0.382295, -0.014079999999999999, 0.5721809999999999]"
498,return,24.900000,24.900999,0.000310,0.050219,2026-09-26T05:39:16.855125+00:00,2026-09-26T05:39:16.855797+00:00,0.000689,1790401156.852043,1790401156.838123,0,1,0,0.000070,0.000028,"[0.017331119472303726, -0.5791700589817983, 0.028134707542148602, -0.3000570050028651, 0.011065387457644042, 0.20561723917745198, -0.4734380128959818]","[0.01731366617978375, -0.5791526056892784, 0.028134707542148595, -0.2999871918327853, 0.011100294042683936, 0.20558233259241207, -0.473385653018422]","[0.38232033511135644, -0.014079053157000957, 0.5721696318992001]","[0.382295, -0.014079999999999999, 0.5721809999999999]"
499,return,24.950000,24.951108,0.000469,0.050108,2026-09-26T05:39:16.905283+00:00,2026-09-26T05:39:16.905904+00:00,0.000639,1790401156.901989,1790401156.897123,0,0,0,0.000070,0.000028,"[0.017331119472303726, -0.5791700589817983, 0.028134707542148606, -0.3000570050028651, 0.011065387457644042, 0.20561723917745198, -0.4734380128959818]","[0.01731366617978375, -0.5791526056892784, 0.028134707542148595, -0.2999871918327853, 0.011100294042683936, 0.20558233259241207, -0.473385653018422]","[0.38232033511135644, -0.014079053157000957, 0.5721696318992001]","[0.382295, -0.014079999999999999, 0.5721809999999999]"
500,return,25.000000,25.001806,0.000388,0.050698,2026-09-26T05:39:16.955197+00:00,2026-09-26T05:39:16.956603+00:00,0.001418,1790401156.952083,1790401156.936400,0,1,0,0.000070,0.000028,"[0.017331119472303726, -0.5791700589817983, 0.028134707542148606, -0.3000570050028651, 0.01106538745764404, 0.20561723917745198, -0.4734380128959818]","[0.01731366617978375, -0.5791526056892784, 0.028134707542148595, -0.2999871918327853, 0.011100294042683936, 0.20558233259241207, -0.473385653018422]","[0.38232033511135644, -0.014079053157000957, 0.5721696318992001]","[0.382295, -0.014079999999999999, 0.5721809999999999]"
501,return,25.050000,25.050662,0.000120,0.048856,2026-09-26T05:39:17.004925+00:00,2026-09-26T05:39:17.005456+00:00,0.000542,1790401157.002276,1790401156.996661,0,0,0,0.000070,0.000028,"[0.017331119472303726, -0.5791700589817983, 0.028134707542148602, -0.3000570050028651, 0.011065387457644042, 0.20561723917745195, -0.4734380128959818]","[0.01731366617978375, -0.5791526056892784, 0.028134707542148595, -0.2999871918327853, 0.011100294042683936, 0.20558233259241207, -0.473385653018422]","[0.38232033511135644, -0.014079053157000957, 0.5721696318992001]","[0.382295, -0.014079999999999999, 0.5721809999999999]"
502,return,25.100000,25.101577,0.000360,0.050916,2026-09-26T05:39:17.055174+00:00,2026-09-26T05:39:17.056374+00:00,0.001217,1790401157.051992,1790401157.035322,0,1,0,0.000070,0.000028,"[0.017331119472303726, -0.5791700589817983, 0.028134707542148602, -0.3000570050028651, 0.011065387457644042, 0.20561723917745198, -0.4734380128959818]","[0.01731366617978375, -0.5791526056892784, 0.028134707542148595, -0.2999871918327853, 0.011100294042683936, 0.20558233259241207, -0.473385653018422]","[0.38232033511135644, -0.014079053157000957, 0.5721696318992001]","[0.382295, -0.014079999999999999, 0.5721809999999999]"
503,return,25.150000,25.151655,0.000310,0.050078,2026-09-26T05:39:17.105125+00:00,2026-09-26T05:39:17.106452+00:00,0.001345,1790401157.102525,1790401157.096084,0,0,0,0.000070,0.000028,"[0.017331119472303726, -0.5791700589817983, 0.028134707542148602, -0.3000570050028651, 0.011065387457644042, 0.20561723917745198, -0.4734380128959818]","[0.01731366617978375, -0.5791526056892784, 0.028134707542148595, -0.2999871918327853, 0.011100294042683936, 0.20558233259241207, -0.473385653018422]","[0.38232033511135644, -0.014079053157000957, 0.5721696318992001]","[0.382295, -0.014079999999999999, 0.5721809999999999]"
504,return,25.200000,25.200950,0.000313,0.049295,2026-09-26T05:39:17.155124+00:00,2026-09-26T05:39:17.155747+00:00,0.000638,1790401157.152171,1790401157.135472,0,1,0,0.000070,0.000028,"[0.017331119472303726, -0.5791700589817983, 0.028134707542148602, -0.3000570050028651, 0.011065387457644042, 0.20561723917745198, -0.4734380128959818]","[0.01731366617978375, -0.5791526056892784, 0.028134707542148595, -0.2999871918327853, 0.011100294042683936, 0.20558233259241207, -0.473385653018422]","[0.38232033511135644, -0.014079053157000957, 0.5721696318992001]","[0.382295, -0.014079999999999999, 0.5721809999999999]"
505,return,25.250000,25.251958,0.000303,0.051008,2026-09-26T05:39:17.205115+00:00,2026-09-26T05:39:17.206756+00:00,0.001656,1790401157.202174,1790401157.195407,0,0,0,0.000070,0.000028,"[0.01733111947230373, -0.5791700589817983, 0.028134707542148606, -0.30005700500286514, 0.011065387457644042, 0.20561723917745198, -0.47343801289598186]","[0.01731366617978375, -0.5791526056892784, 0.028134707542148595, -0.2999871918327853, 0.011100294042683936, 0.20558233259241207, -0.473385653018422]","[0.38232033511135644, -0.014079053157000957, 0.5721696318992001]","[0.382295, -0.014079999999999999, 0.5721809999999999]"
506,return,25.300000,25.300664,0.000294,0.048706,2026-09-26T05:39:17.255107+00:00,2026-09-26T05:39:17.255459+00:00,0.000370,1790401157.251997,1790401157.235368,0,1,0,0.000070,0.000028,"[0.017331119472303726, -0.5791700589817983, 0.028134707542148602, -0.3000570050028651, 0.011065387457644042, 0.20561723917745198, -0.4734380128959818]","[0.01731366617978375, -0.5791526056892784, 0.028134707542148595, -0.2999871918327853, 0.011100294042683936, 0.20558233259241207, -0.473385653018422]","[0.38232033511135644, -0.014079053157000957, 0.5721696318992001]","[0.382295, -0.014079999999999999, 0.5721809999999999]"
507,return,25.350000,25.351422,0.000283,0.050757,2026-09-26T05:39:17.305093+00:00,2026-09-26T05:39:17.306217+00:00,0.001139,1790401157.302167,1790401157.295764,0,0,0,0.000070,0.000030,"[0.017331119472303726, -0.5791700589817983, 0.0281347075421486, -0.3000570050028651, 0.011065387457644042, 0.20561723917745198, -0.4734380128959818]","[0.01731366617978375, -0.5791526056892784, 0.028134707542148595, -0.2999871918327853, 0.010995574287564275, 0.20558233259241207, -0.473385653018422]","[0.38232033511135644, -0.014079053157000957, 0.5721696318992001]","[0.382293, -0.014079999999999999, 0.572183]"
508,return,25.400000,25.401364,0.000295,0.049942,2026-09-26T05:39:17.355109+00:00,2026-09-26T05:39:17.356161+00:00,0.001068,1790401157.352005,1790401157.335474,0,1,0,0.000070,0.000030,"[0.017331119472303726, -0.5791700589817983, 0.028134707542148602, -0.3000570050028651, 0.011065387457644042, 0.20561723917745198, -0.4734380128959818]","[0.01731366617978375, -0.5791526056892784, 0.028134707542148595, -0.2999871918327853, 0.010995574287564275, 0.20558233259241207, -0.47349037277354167]","[0.38232033511135644, -0.014079053157000957, 0.5721696318992001]","[0.382293, -0.014079999999999999, 0.572183]"
509,return,25.450000,25.451479,0.000339,0.050116,2026-09-26T05:39:17.405151+00:00,2026-09-26T05:39:17.406275+00:00,0.001140,1790401157.401973,1790401157.395236,0,0,0,0.000070,0.000030,"[0.017331119472303726, -0.5791700589817983, 0.028134707542148602, -0.3000570050028651, 0.011065387457644042, 0.20561723917745198, -0.4734380128959818]","[0.01731366617978375, -0.5791526056892784, 0.028134707542148595, -0.2999871918327853, 0.010995574287564275, 0.20558233259241207, -0.47349037277354167]","[0.38232033511135644, -0.014079053157000957, 0.5721696318992001]","[0.382293, -0.014079999999999999, 0.572183]"
510,return,25.500000,25.501196,0.000259,0.049717,2026-09-26T05:39:17.455066+00:00,2026-09-26T05:39:17.455992+00:00,0.000936,1790401157.451975,1790401157.435509,0,1,0,0.000070,0.000030,"[0.017331119472303726, -0.5791700589817983, 0.028134707542148602, -0.3000570050028651, 0.011065387457644042, 0.20561723917745198, -0.4734380128959818]","[0.01731366617978375, -0.5791526056892784, 0.028134707542148595, -0.2999871918327853, 0.010995574287564275, 0.20558233259241207, -0.47349037277354167]","[0.38232033511135644, -0.014079053157000957, 0.5721696318992001]","[0.382293, -0.014079999999999999, 0.572183]"
511,return,25.550000,25.550715,0.000370,0.049520,2026-09-26T05:39:17.505181+00:00,2026-09-26T05:39:17.505510+00:00,0.000346,1790401157.501976,1790401157.495371,0,0,0,0.000070,0.000030,"[0.017331119472303726, -0.5791700589817983, 0.028134707542148602, -0.3000570050028651, 0.011065387457644042, 0.20561723917745198, -0.4734380128959818]","[0.01731366617978375, -0.5791526056892784, 0.028134707542148595, -0.2999871918327853, 0.010995574287564275, 0.20558233259241207, -0.47349037277354167]","[0.38232033511135644, -0.014079053157000957, 0.5721696318992001]","[0.382293, -0.014079999999999999, 0.572183]"
512,return,25.600000,25.601550,0.000298,0.050835,2026-09-26T05:39:17.555112+00:00,2026-09-26T05:39:17.556347+00:00,0.001252,1790401157.551967,1790401157.536089,0,1,0,0.000070,0.000029,"[0.017331119472303726, -0.5791700589817983, 0.028134707542148602, -0.3000570050028651, 0.011065387457644044, 0.20561723917745198, -0.4734380128959818]","[0.01731366617978375, -0.5791526056892784, 0.028134707542148595, -0.2999871918327853, 0.010995574287564275, 0.2056695990550118, -0.47349037277354167]","[0.38232033511135644, -0.014079053157000957, 0.5721696318992001]","[0.382295, -0.014079, 0.572184]"
513,return,25.650000,25.651071,0.000314,0.049521,2026-09-26T05:39:17.605121+00:00,2026-09-26T05:39:17.605867+00:00,0.000758,1790401157.602042,1790401157.595846,0,0,0,0.000070,0.000029,"[0.017331119472303726, -0.5791700589817983, 0.028134707542148602, -0.3000570050028651, 0.011065387457644042, 0.20561723917745198, -0.4734380128959818]","[0.01731366617978375, -0.5791526056892784, 0.028134707542148595, -0.2999871918327853, 0.010995574287564275, 0.2056695990550118, -0.47349037277354167]","[0.38232033511135644, -0.014079053157000957, 0.5721696318992001]","[0.382295, -0.014079, 0.572184]"
514,return,25.700000,25.701444,0.000284,0.050372,2026-09-26T05:39:17.655093+00:00,2026-09-26T05:39:17.656240+00:00,0.001159,1790401157.652044,1790401157.635332,0,1,0,0.000070,0.000029,"[0.017331119472303726, -0.5791700589817983, 0.028134707542148602, -0.3000570050028651, 0.01106538745764404, 0.20561723917745198, -0.4734380128959818]","[0.01731366617978375, -0.5791526056892784, 0.028134707542148595, -0.2999871918327853, 0.010995574287564275, 0.2056695990550118, -0.47349037277354167]","[0.38232033511135644, -0.014079053157000957, 0.5721696318992001]","[0.382295, -0.014079, 0.572184]"
515,return,25.750000,25.751587,0.000364,0.050144,2026-09-26T05:39:17.705176+00:00,2026-09-26T05:39:17.706385+00:00,0.001224,1790401157.703135,1790401157.695890,0,0,0,0.000070,0.000029,"[0.017331119472303726, -0.5791700589817983, 0.028134707542148602, -0.3000570050028651, 0.011065387457644042, 0.20561723917745198, -0.4734380128959818]","[0.01731366617978375, -0.5791526056892784, 0.028134707542148595, -0.2999871918327853, 0.010995574287564275, 0.2056695990550118, -0.47349037277354167]","[0.38232033511135644, -0.014079053157000957, 0.5721696318992001]","[0.382295, -0.014079, 0.572184]"
516,return,25.800000,25.800864,0.000229,0.049277,2026-09-26T05:39:17.755042+00:00,2026-09-26T05:39:17.755661+00:00,0.000635,1790401157.752179,1790401157.735332,0,1,0,0.000070,0.000029,"[0.017331119472303726, -0.5791700589817983, 0.028134707542148602, -0.3000570050028651, 0.011065387457644042, 0.20561723917745198, -0.4734380128959818]","[0.01731366617978375, -0.5791526056892784, 0.028134707542148595, -0.2999871918327853, 0.010995574287564275, 0.2056695990550118, -0.47349037277354167]","[0.38232033511135644, -0.014079053157000957, 0.5721696318992001]","[0.382295, -0.014079, 0.572184]"
517,return,25.850000,25.851176,0.000324,0.050312,2026-09-26T05:39:17.805135+00:00,2026-09-26T05:39:17.805974+00:00,0.000852,1790401157.803180,1790401157.795333,0,0,0,0.000070,0.000029,"[0.017331119472303726, -0.5791700589817983, 0.028134707542148602, -0.3000570050028651, 0.011065387457644042, 0.20561723917745198, -0.4734380128959818]","[0.01731366617978375, -0.5791526056892784, 0.028134707542148595, -0.2999871918327853, 0.010995574287564275, 0.2056695990550118, -0.47349037277354167]","[0.38232033511135644, -0.014079053157000957, 0.5721696318992001]","[0.382295, -0.014079, 0.572184]"
518,return,25.900000,25.901822,0.000233,0.050645,2026-09-26T05:39:17.855046+00:00,2026-09-26T05:39:17.856619+00:00,0.001589,1790401157.852412,1790401157.835290,0,1,0,0.000070,0.000026,"[0.017331119472303726, -0.5791700589817983, 0.028134707542148606, -0.3000570050028651, 0.011065387457644044, 0.20561723917745198, -0.4734380128959818]","[0.01731366617978375, -0.5791526056892784, 0.028134707542148595, -0.2999871918327853, 0.01111774733520388, 0.2056695990550118, -0.47349037277354167]","[0.38232033511135644, -0.014079053157000957, 0.5721696318992001]","[0.382297, -0.014079, 0.572182]"
519,return,25.950000,25.951069,0.000316,0.049248,2026-09-26T05:39:17.905130+00:00,2026-09-26T05:39:17.905865+00:00,0.000753,1790401157.902292,1790401157.895409,0,0,0,0.000070,0.000026,"[0.017331119472303726, -0.5791700589817983, 0.0281347075421486, -0.3000570050028651, 0.011065387457644042, 0.20561723917745195, -0.47343801289598175]","[0.01731366617978375, -0.5791526056892784, 0.028134707542148595, -0.2999871918327853, 0.01111774733520388, 0.2056695990550118, -0.47349037277354167]","[0.38232033511135644, -0.014079053157000957, 0.5721696318992001]","[0.382297, -0.014079, 0.572182]"
520,return,26.000000,26.000608,0.000159,0.049539,2026-09-26T05:39:17.954972+00:00,2026-09-26T05:39:17.955402+00:00,0.000449,1790401157.952097,1790401157.935288,0,1,0,0.000070,0.000026,"[0.017331119472303726, -0.5791700589817983, 0.028134707542148602, -0.3000570050028651, 0.011065387457644042, 0.20561723917745198, -0.4734380128959818]","[0.01731366617978375, -0.5791526056892784, 0.028134707542148595, -0.2999871918327853, 0.01111774733520388, 0.2056695990550118, -0.47349037277354167]","[0.38232033511135644, -0.014079053157000957, 0.5721696318992001]","[0.382297, -0.014079, 0.572182]"
521,return,26.050000,26.050806,0.000477,0.050198,2026-09-26T05:39:18.005286+00:00,2026-09-26T05:39:18.005600+00:00,0.000329,1790401158.002415,1790401157.995292,0,0,0,0.000070,0.000026,"[0.017331119472303726, -0.5791700589817983, 0.028134707542148602, -0.3000570050028651, 0.011065387457644042, 0.20561723917745198, -0.4734380128959818]","[0.01731366617978375, -0.5791526056892784, 0.028134707542148595, -0.2999871918327853, 0.01111774733520388, 0.2056695990550118, -0.47349037277354167]","[0.38232033511135644, -0.014079053157000957, 0.5721696318992001]","[0.382297, -0.014079, 0.572182]"
522,return,26.100000,26.101367,0.000221,0.050561,2026-09-26T05:39:18.055034+00:00,2026-09-26T05:39:18.056164+00:00,0.001146,1790401158.051984,1790401158.035491,0,1,0,0.000070,0.000026,"[0.017331119472303726, -0.5791700589817983, 0.0281347075421486, -0.3000570050028651, 0.011065387457644042, 0.20561723917745198, -0.4734380128959818]","[0.01731366617978375, -0.5791526056892784, 0.028134707542148595, -0.2999871918327853, 0.01111774733520388, 0.2056695990550118, -0.47349037277354167]","[0.38232033511135644, -0.014079053157000957, 0.5721696318992001]","[0.382297, -0.014079, 0.572182]"
523,return,26.150000,26.150965,0.000414,0.049598,2026-09-26T05:39:18.105241+00:00,2026-09-26T05:39:18.105761+00:00,0.000551,1790401158.102416,1790401158.095379,0,0,0,0.000070,0.000026,"[0.017331119472303726, -0.5791700589817983, 0.028134707542148602, -0.3000570050028651, 0.011065387457644042, 0.20561723917745195, -0.4734380128959818]","[0.01731366617978375, -0.5791526056892784, 0.028134707542148595, -0.2999871918327853, 0.01111774733520388, 0.2056695990550118, -0.47349037277354167]","[0.38232033511135644, -0.014079053157000957, 0.5721696318992001]","[0.382297, -0.014079, 0.572182]"
524,return,26.200000,26.200631,0.000154,0.049666,2026-09-26T05:39:18.154965+00:00,2026-09-26T05:39:18.155426+00:00,0.000477,1790401158.152005,1790401158.135423,0,1,0,0.000070,0.000026,"[0.017331119472303726, -0.5791700589817983, 0.028134707542148602, -0.3000570050028651, 0.011065387457644042, 0.20561723917745198, -0.4734380128959818]","[0.01731366617978375, -0.5791526056892784, 0.028134707542148595, -0.2999871918327853, 0.01111774733520388, 0.2056695990550118, -0.473385653018422]","[0.38232033511135644, -0.014079053157000957, 0.5721696318992001]","[0.382297, -0.014079, 0.572182]"
525,return,26.250000,26.251069,0.000157,0.050438,2026-09-26T05:39:18.204966+00:00,2026-09-26T05:39:18.205866+00:00,0.000912,1790401158.202800,1790401158.195424,0,0,0,0.000070,0.000028,"[0.017331119472303726, -0.5791700589817983, 0.028134707542148602, -0.3000570050028651, 0.011065387457644042, 0.20561723917745198, -0.4734380128959818]","[0.01731366617978375, -0.5791526056892784, 0.028134707542148595, -0.2999871918327853, 0.011030480872604163, 0.2056695990550118, -0.473385653018422]","[0.38232033511135644, -0.014079053157000957, 0.5721696318992001]","[0.38229599999999997, -0.014079, 0.572183]"
526,return,26.300000,26.300905,0.000160,0.049836,2026-09-26T05:39:18.254971+00:00,2026-09-26T05:39:18.255699+00:00,0.000745,1790401158.251986,1790401158.236051,0,1,0,0.000070,0.000028,"[0.017331119472303726, -0.5791700589817983, 0.028134707542148602, -0.3000570050028651, 0.011065387457644042, 0.20561723917745198, -0.4734380128959818]","[0.01731366617978375, -0.5791526056892784, 0.028134707542148595, -0.2999871918327853, 0.011030480872604163, 0.2056695990550118, -0.473385653018422]","[0.38232033511135644, -0.014079053157000957, 0.5721696318992001]","[0.38229599999999997, -0.014079, 0.572183]"
527,return,26.350000,26.351212,0.000283,0.050307,2026-09-26T05:39:18.305094+00:00,2026-09-26T05:39:18.306008+00:00,0.000928,1790401158.303144,1790401158.295418,0,0,0,0.000070,0.000028,"[0.017331119472303726, -0.5791700589817983, 0.028134707542148602, -0.3000570050028651, 0.011065387457644042, 0.20561723917745198, -0.4734380128959818]","[0.01731366617978375, -0.5791526056892784, 0.028134707542148595, -0.2999871918327853, 0.011030480872604163, 0.2056695990550118, -0.473385653018422]","[0.38232033511135644, -0.014079053157000957, 0.5721696318992001]","[0.38229599999999997, -0.014079, 0.572183]"
528,return,26.400000,26.401615,0.000312,0.050403,2026-09-26T05:39:18.355125+00:00,2026-09-26T05:39:18.356411+00:00,0.001303,1790401158.352008,1790401158.336383,0,1,0,0.000070,0.000028,"[0.017331119472303726, -0.5791700589817983, 0.028134707542148602, -0.3000570050028651, 0.011065387457644042, 0.20561723917745198, -0.4734380128959818]","[0.01731366617978375, -0.5791526056892784, 0.028134707542148595, -0.2999871918327853, 0.011030480872604163, 0.2056695990550118, -0.473385653018422]","[0.38232033511135644, -0.014079053157000957, 0.5721696318992001]","[0.38229599999999997, -0.014079, 0.572183]"
529,return,26.450000,26.451639,0.000304,0.050024,2026-09-26T05:39:18.405116+00:00,2026-09-26T05:39:18.406435+00:00,0.001335,1790401158.403546,1790401158.396101,0,0,0,0.000070,0.000028,"[0.017331119472303726, -0.5791700589817983, 0.028134707542148602, -0.3000570050028651, 0.011065387457644042, 0.20561723917745198, -0.4734380128959818]","[0.01731366617978375, -0.5791526056892784, 0.028134707542148595, -0.2999871918327853, 0.011030480872604163, 0.2056695990550118, -0.473385653018422]","[0.38232033511135644, -0.014079053157000957, 0.5721696318992001]","[0.38229599999999997, -0.014079, 0.572183]"
530,return,26.500000,26.501333,0.000333,0.049695,2026-09-26T05:39:18.455147+00:00,2026-09-26T05:39:18.456130+00:00,0.001000,1790401158.452102,1790401158.435297,0,1,0,0.000070,0.000028,"[0.017331119472303726, -0.5791700589817983, 0.028134707542148606, -0.3000570050028651, 0.011065387457644042, 0.20561723917745198, -0.4734380128959818]","[0.01731366617978375, -0.5791526056892784, 0.028134707542148595, -0.2999871918327853, 0.011030480872604163, 0.2056695990550118, -0.473385653018422]","[0.38232033511135644, -0.014079053157000957, 0.5721696318992001]","[0.38229599999999997, -0.014079, 0.572183]"
531,return,26.550000,26.551557,0.000242,0.050224,2026-09-26T05:39:18.505057+00:00,2026-09-26T05:39:18.506354+00:00,0.001314,1790401158.502359,1790401158.495802,0,0,0,0.000052,0.000028,"[0.017331119472303726, -0.5791700589817983, 0.028134707542148606, -0.3000570050028651, 0.011065387457644044, 0.20561723917745198, -0.47343801289598186]","[0.01731366617978375, -0.5791526056892784, 0.028134707542148595, -0.3000744582953851, 0.011030480872604163, 0.2056695990550118, -0.473385653018422]","[0.38232033511135644, -0.014079053157000957, 0.5721696318992001]","[0.38229599999999997, -0.014079, 0.572183]"
532,return,26.600000,26.600425,0.000127,0.048868,2026-09-26T05:39:18.554935+00:00,2026-09-26T05:39:18.555219+00:00,0.000298,1790401158.552274,1790401158.535297,0,1,0,0.000052,0.000011,"[0.017331119472303726, -0.5791700589817983, 0.028134707542148602, -0.3000570050028651, 0.011065387457644042, 0.20561723917745198, -0.47343801289598175]","[0.01731366617978375, -0.5791526056892784, 0.028134707542148595, -0.3000744582953851, 0.011030480872604163, 0.2056695990550118, -0.473385653018422]","[0.38232033511135644, -0.014079053157000957, 0.5721696318992001]","[0.382312, -0.014077999999999999, 0.572163]"
533,return,26.650000,26.650711,0.000249,0.050286,2026-09-26T05:39:18.605062+00:00,2026-09-26T05:39:18.605506+00:00,0.000462,1790401158.602825,1790401158.596056,0,1,0,0.000052,0.000011,"[0.017331119472303726, -0.5791700589817983, 0.028134707542148602, -0.3000570050028651, 0.011065387457644042, 0.20561723917745198, -0.4734380128959818]","[0.01731366617978375, -0.5791526056892784, 0.028134707542148595, -0.3000744582953851, 0.011030480872604163, 0.2056695990550118, -0.473385653018422]","[0.38232033511135644, -0.014079053157000957, 0.5721696318992001]","[0.382312, -0.014077999999999999, 0.572163]"
534,return,26.700000,26.702953,0.000332,0.052243,2026-09-26T05:39:18.655146+00:00,2026-09-26T05:39:18.657753+00:00,0.002621,1790401158.652056,1790401158.635943,0,1,0,0.000052,0.000011,"[0.017331119472303726, -0.5791700589817983, 0.028134707542148602, -0.3000570050028651, 0.011065387457644042, 0.20561723917745198, -0.4734380128959818]","[0.01731366617978375, -0.5791526056892784, 0.028134707542148595, -0.3000744582953851, 0.011030480872604163, 0.2056695990550118, -0.473385653018422]","[0.38232033511135644, -0.014079053157000957, 0.5721696318992001]","[0.382312, -0.014077999999999999, 0.572163]"
535,return,26.750000,26.751444,0.000271,0.048490,2026-09-26T05:39:18.705079+00:00,2026-09-26T05:39:18.706239+00:00,0.001173,1790401158.701993,1790401158.695345,0,1,0,0.000052,0.000011,"[0.017331119472303726, -0.5791700589817983, 0.0281347075421486, -0.3000570050028651, 0.011065387457644042, 0.20561723917745198, -0.4734380128959818]","[0.01731366617978375, -0.5791526056892784, 0.028134707542148595, -0.3000744582953851, 0.011030480872604163, 0.2056695990550118, -0.473385653018422]","[0.38232033511135644, -0.014079053157000957, 0.5721696318992001]","[0.382312, -0.014077999999999999, 0.572163]"
536,return,26.800000,26.801659,0.000308,0.050215,2026-09-26T05:39:18.755121+00:00,2026-09-26T05:39:18.756455+00:00,0.001351,1790401158.751981,1790401158.735423,0,1,0,0.000052,0.000011,"[0.017331119472303726, -0.5791700589817983, 0.028134707542148602, -0.3000570050028651, 0.011065387457644042, 0.20561723917745198, -0.4734380128959818]","[0.01731366617978375, -0.5791526056892784, 0.028134707542148595, -0.3000744582953851, 0.011030480872604163, 0.2056695990550118, -0.473385653018422]","[0.38232033511135644, -0.014079053157000957, 0.5721696318992001]","[0.382312, -0.014077999999999999, 0.572163]"
537,return,26.850000,26.850392,0.000211,0.048734,2026-09-26T05:39:18.805011+00:00,2026-09-26T05:39:18.805186+00:00,0.000181,1790401158.801981,1790401158.795303,0,1,0,0.000052,0.000011,"[0.017331119472303726, -0.5791700589817983, 0.028134707542148602, -0.3000570050028651, 0.011065387457644042, 0.20561723917745198, -0.4734380128959818]","[0.01731366617978375, -0.5791526056892784, 0.028134707542148595, -0.3000744582953851, 0.011030480872604163, 0.2056695990550118, -0.473385653018422]","[0.38232033511135644, -0.014079053157000957, 0.5721696318992001]","[0.382312, -0.014077999999999999, 0.572163]"
538,return,26.900000,26.901203,0.000268,0.050810,2026-09-26T05:39:18.855077+00:00,2026-09-26T05:39:18.856000+00:00,0.000935,1790401158.851950,1790401158.835591,0,1,0,0.000052,0.000011,"[0.017331119472303726, -0.5791700589817983, 0.028134707542148602, -0.3000570050028651, 0.011065387457644042, 0.20561723917745198, -0.4734380128959818]","[0.01731366617978375, -0.5791526056892784, 0.028134707542148595, -0.3000744582953851, 0.011030480872604163, 0.2056695990550118, -0.473385653018422]","[0.38232033511135644, -0.014079053157000957, 0.5721696318992001]","[0.382312, -0.014077999999999999, 0.572163]"
539,return,26.950000,26.951634,0.000396,0.050431,2026-09-26T05:39:18.905205+00:00,2026-09-26T05:39:18.906430+00:00,0.001238,1790401158.901952,1790401158.895390,0,1,0,0.000052,0.000011,"[0.017331119472303726, -0.5791700589817983, 0.028134707542148602, -0.3000570050028651, 0.011065387457644042, 0.20561723917745198, -0.4734380128959818]","[0.01731366617978375, -0.5791526056892784, 0.028134707542148595, -0.3000744582953851, 0.011030480872604163, 0.2056695990550118, -0.473385653018422]","[0.38232033511135644, -0.014079053157000957, 0.5721696318992001]","[0.382312, -0.014077999999999999, 0.572163]"
540,return,27.000000,27.001034,0.000275,0.049400,2026-09-26T05:39:18.955084+00:00,2026-09-26T05:39:18.955831+00:00,0.000759,1790401158.951992,1790401158.935788,0,1,0,0.000052,0.000011,"[0.017331119472303726, -0.5791700589817983, 0.028134707542148606, -0.3000570050028651, 0.011065387457644044, 0.20561723917745198, -0.4734380128959818]","[0.01731366617978375, -0.5791526056892784, 0.028134707542148595, -0.3000744582953851, 0.011030480872604163, 0.2056695990550118, -0.473385653018422]","[0.38232033511135644, -0.014079053157000957, 0.5721696318992001]","[0.382312, -0.014077999999999999, 0.572163]"
541,return,27.050000,27.051774,0.000312,0.050739,2026-09-26T05:39:19.005122+00:00,2026-09-26T05:39:19.006570+00:00,0.001462,1790401159.001984,1790401158.995800,0,1,0,0.000052,0.000011,"[0.017331119472303726, -0.5791700589817983, 0.0281347075421486, -0.3000570050028651, 0.011065387457644042, 0.20561723917745195, -0.47343801289598175]","[0.01731366617978375, -0.5791526056892784, 0.028134707542148595, -0.3000744582953851, 0.011030480872604163, 0.2056695990550118, -0.473385653018422]","[0.38232033511135644, -0.014079053157000957, 0.5721696318992001]","[0.382312, -0.014077999999999999, 0.572163]"
542,return,27.100000,27.101341,0.000280,0.049567,2026-09-26T05:39:19.055090+00:00,2026-09-26T05:39:19.056138+00:00,0.001060,1790401159.051986,1790401159.035262,0,1,0,0.000052,0.000011,"[0.017331119472303726, -0.5791700589817983, 0.028134707542148602, -0.3000570050028651, 0.011065387457644044, 0.20561723917745198, -0.4734380128959818]","[0.01731366617978375, -0.5791526056892784, 0.028134707542148595, -0.3000744582953851, 0.011030480872604163, 0.2056695990550118, -0.473385653018422]","[0.38232033511135644, -0.014079053157000957, 0.5721696318992001]","[0.382312, -0.014077999999999999, 0.572163]"
543,return,27.150000,27.151589,0.000371,0.050248,2026-09-26T05:39:19.105184+00:00,2026-09-26T05:39:19.106386+00:00,0.001218,1790401159.102132,1790401159.095996,0,1,0,0.000052,0.000011,"[0.017331119472303726, -0.5791700589817983, 0.028134707542148602, -0.3000570050028651, 0.011065387457644042, 0.20561723917745198, -0.4734380128959818]","[0.01731366617978375, -0.5791526056892784, 0.028134707542148595, -0.3000744582953851, 0.011030480872604163, 0.2056695990550118, -0.473385653018422]","[0.38232033511135644, -0.014079053157000957, 0.5721696318992001]","[0.382312, -0.014077999999999999, 0.572163]"
544,return,27.200000,27.202125,0.000319,0.050536,2026-09-26T05:39:19.155135+00:00,2026-09-26T05:39:19.156923+00:00,0.001806,1790401159.152199,1790401159.135429,0,1,0,0.000052,0.000011,"[0.017331119472303726, -0.5791700589817983, 0.0281347075421486, -0.3000570050028651, 0.011065387457644042, 0.20561723917745198, -0.4734380128959818]","[0.01731366617978375, -0.5791526056892784, 0.028134707542148595, -0.3000744582953851, 0.011030480872604163, 0.2056695990550118, -0.473385653018422]","[0.38232033511135644, -0.014079053157000957, 0.5721696318992001]","[0.382312, -0.014077999999999999, 0.572163]"
545,return,27.250000,27.251669,0.000329,0.049544,2026-09-26T05:39:19.205142+00:00,2026-09-26T05:39:19.206466+00:00,0.001340,1790401159.202113,1790401159.195812,0,1,0,0.000052,0.000011,"[0.017331119472303726, -0.5791700589817983, 0.028134707542148602, -0.3000570050028651, 0.011065387457644042, 0.20561723917745195, -0.4734380128959818]","[0.01731366617978375, -0.5791526056892784, 0.028134707542148595, -0.3000744582953851, 0.011030480872604163, 0.2056695990550118, -0.473385653018422]","[0.38232033511135644, -0.014079053157000957, 0.5721696318992001]","[0.382312, -0.014077999999999999, 0.572163]"
546,return,27.300000,27.301636,0.000251,0.049967,2026-09-26T05:39:19.255066+00:00,2026-09-26T05:39:19.256434+00:00,0.001385,1790401159.252199,1790401159.235262,0,1,0,0.000052,0.000011,"[0.017331119472303726, -0.5791700589817983, 0.028134707542148602, -0.3000570050028651, 0.011065387457644042, 0.20561723917745198, -0.4734380128959818]","[0.01731366617978375, -0.5791526056892784, 0.028134707542148595, -0.3000744582953851, 0.011030480872604163, 0.2056695990550118, -0.473385653018422]","[0.38232033511135644, -0.014079053157000957, 0.5721696318992001]","[0.382312, -0.014077999999999999, 0.572163]"
547,return,27.350000,27.350969,0.000330,0.049333,2026-09-26T05:39:19.305145+00:00,2026-09-26T05:39:19.305767+00:00,0.000639,1790401159.302000,1790401159.295264,0,1,0,0.000052,0.000011,"[0.017331119472303726, -0.5791700589817983, 0.028134707542148602, -0.3000570050028651, 0.011065387457644042, 0.20561723917745198, -0.4734380128959818]","[0.01731366617978375, -0.5791526056892784, 0.028134707542148595, -0.3000744582953851, 0.011030480872604163, 0.2056695990550118, -0.473385653018422]","[0.38232033511135644, -0.014079053157000957, 0.5721696318992001]","[0.382312, -0.014077999999999999, 0.572163]"
548,return,27.400000,27.401220,0.000308,0.050251,2026-09-26T05:39:19.355124+00:00,2026-09-26T05:39:19.356017+00:00,0.000912,1790401159.351959,1790401159.335396,0,0,0,0.000052,0.000011,"[0.017331119472303726, -0.5791700589817983, 0.028134707542148602, -0.3000570050028651, 0.011065387457644042, 0.20561723917745198, -0.4734380128959818]","[0.01731366617978375, -0.5791526056892784, 0.028134707542148595, -0.3000744582953851, 0.011030480872604163, 0.2056695990550118, -0.473385653018422]","[0.38232033511135644, -0.014079053157000957, 0.5721696318992001]","[0.382312, -0.014077999999999999, 0.572163]"
549,return,27.450000,27.451366,0.000283,0.050146,2026-09-26T05:39:19.405093+00:00,2026-09-26T05:39:19.406162+00:00,0.001083,1790401159.402035,1790401159.395557,0,1,0,0.000052,0.000011,"[0.017331119472303726, -0.5791700589817983, 0.028134707542148602, -0.3000570050028651, 0.011065387457644042, 0.20561723917745198, -0.4734380128959818]","[0.01731366617978375, -0.5791526056892784, 0.028134707542148595, -0.3000744582953851, 0.011030480872604163, 0.2056695990550118, -0.473385653018422]","[0.38232033511135644, -0.014079053157000957, 0.5721696318992001]","[0.382312, -0.014077999999999999, 0.572163]"
550,return,27.500000,27.501240,0.000283,0.049874,2026-09-26T05:39:19.455091+00:00,2026-09-26T05:39:19.456036+00:00,0.000957,1790401159.451990,1790401159.435266,0,0,0,0.000052,0.000011,"[0.017331119472303726, -0.5791700589817983, 0.028134707542148602, -0.3000570050028651, 0.011065387457644042, 0.20561723917745198, -0.4734380128959818]","[0.01731366617978375, -0.5791526056892784, 0.028134707542148595, -0.3000744582953851, 0.011030480872604163, 0.2056695990550118, -0.473385653018422]","[0.38232033511135644, -0.014079053157000957, 0.5721696318992001]","[0.382312, -0.014077999999999999, 0.572163]"
551,return,27.550000,27.550577,0.000302,0.049337,2026-09-26T05:39:19.505110+00:00,2026-09-26T05:39:19.505371+00:00,0.000275,1790401159.502030,1790401159.495310,0,1,0,0.000052,0.000013,"[0.017331119472303726, -0.5791700589817983, 0.028134707542148602, -0.3000570050028651, 0.011065387457644042, 0.20561723917745198, -0.4734380128959818]","[0.01731366617978375, -0.5791526056892784, 0.028134707542148595, -0.3000744582953851, 0.011030480872604163, 0.20556487929989214, -0.473385653018422]","[0.38232033511135644, -0.014079053157000957, 0.5721696318992001]","[0.38231, -0.014079, 0.572162]"
552,return,27.600000,27.601115,0.000290,0.050538,2026-09-26T05:39:19.555102+00:00,2026-09-26T05:39:19.555911+00:00,0.000825,1790401159.551947,1790401159.535356,0,0,0,0.000052,0.000013,"[0.017331119472303726, -0.5791700589817983, 0.0281347075421486, -0.3000570050028651, 0.011065387457644042, 0.20561723917745198, -0.4734380128959818]","[0.01731366617978375, -0.5791526056892784, 0.028134707542148595, -0.3000744582953851, 0.011030480872604163, 0.20556487929989214, -0.473385653018422]","[0.38232033511135644, -0.014079053157000957, 0.5721696318992001]","[0.38231, -0.014079, 0.572162]"
553,return,27.650000,27.651310,0.000268,0.050195,2026-09-26T05:39:19.605081+00:00,2026-09-26T05:39:19.606107+00:00,0.001042,1790401159.601992,1790401159.595357,0,1,0,0.000052,0.000013,"[0.017331119472303726, -0.5791700589817983, 0.028134707542148606, -0.3000570050028651, 0.011065387457644044, 0.20561723917745198, -0.47343801289598186]","[0.01731366617978375, -0.5791526056892784, 0.028134707542148595, -0.3000744582953851, 0.011030480872604163, 0.20556487929989214, -0.4734729194810217]","[0.38232033511135644, -0.014079053157000957, 0.5721696318992001]","[0.38231, -0.014079, 0.572162]"
554,return,27.700000,27.701824,0.000449,0.050515,2026-09-26T05:39:19.655264+00:00,2026-09-26T05:39:19.656622+00:00,0.001375,1790401159.652162,1790401159.635266,0,0,0,0.000052,0.000013,"[0.017331119472303726, -0.5791700589817983, 0.028134707542148602, -0.3000570050028651, 0.011065387457644042, 0.20561723917745198, -0.47343801289598175]","[0.01731366617978375, -0.5791526056892784, 0.028134707542148595, -0.3000744582953851, 0.011030480872604163, 0.20556487929989214, -0.4734729194810217]","[0.38232033511135644, -0.014079053157000957, 0.5721696318992001]","[0.38231, -0.014079, 0.572162]"
555,return,27.750000,27.751259,0.000350,0.049435,2026-09-26T05:39:19.705162+00:00,2026-09-26T05:39:19.706057+00:00,0.000910,1790401159.702006,1790401159.695563,0,1,0,0.000052,0.000013,"[0.017331119472303726, -0.5791700589817983, 0.028134707542148602, -0.3000570050028651, 0.011065387457644042, 0.20561723917745198, -0.4734380128959818]","[0.01731366617978375, -0.5791526056892784, 0.028134707542148595, -0.3000744582953851, 0.011030480872604163, 0.20556487929989214, -0.4734729194810217]","[0.38232033511135644, -0.014079053157000957, 0.5721696318992001]","[0.38231, -0.014079, 0.572162]"
556,return,27.800000,27.801562,0.000307,0.050302,2026-09-26T05:39:19.755118+00:00,2026-09-26T05:39:19.756358+00:00,0.001255,1790401159.752404,1790401159.736874,0,0,0,0.000052,0.000013,"[0.017331119472303726, -0.5791700589817983, 0.0281347075421486, -0.3000570050028651, 0.011065387457644042, 0.20561723917745198, -0.4734380128959818]","[0.01731366617978375, -0.5791526056892784, 0.028134707542148595, -0.3000744582953851, 0.011030480872604163, 0.20556487929989214, -0.4734729194810217]","[0.38232033511135644, -0.014079053157000957, 0.5721696318992001]","[0.38231, -0.014079, 0.572162]"
557,return,27.850000,27.850646,0.000317,0.049084,2026-09-26T05:39:19.805128+00:00,2026-09-26T05:39:19.805440+00:00,0.000328,1790401159.802007,1790401159.795403,0,1,0,0.000070,0.000013,"[0.017331119472303726, -0.5791700589817983, 0.028134707542148602, -0.3000570050028651, 0.011065387457644042, 0.20561723917745198, -0.4734380128959818]","[0.01731366617978375, -0.5791526056892784, 0.02806489437206882, -0.3000744582953851, 0.011030480872604163, 0.20556487929989214, -0.4734729194810217]","[0.38232033511135644, -0.014079053157000957, 0.5721696318992001]","[0.38231, -0.014079, 0.572162]"
558,return,27.900000,27.900670,0.000298,0.050024,2026-09-26T05:39:19.855111+00:00,2026-09-26T05:39:19.855465+00:00,0.000372,1790401159.852315,1790401159.835830,0,1,0,0.000070,0.000014,"[0.017331119472303726, -0.5791700589817983, 0.028134707542148602, -0.3000570050028651, 0.011065387457644044, 0.205617239177452, -0.47343801289598186]","[0.01731366617978375, -0.5791526056892784, 0.02806489437206882, -0.3000744582953851, 0.011030480872604163, 0.20556487929989214, -0.4734729194810217]","[0.38232033511135644, -0.014079053157000957, 0.5721696318992001]","[0.38231, -0.014084, 0.572162]"
559,return,27.950000,27.950731,0.000280,0.050061,2026-09-26T05:39:19.905088+00:00,2026-09-26T05:39:19.905526+00:00,0.000451,1790401159.902008,1790401159.896315,0,1,0,0.000070,0.000014,"[0.017331119472303726, -0.5791700589817983, 0.028134707542148602, -0.3000570050028651, 0.011065387457644042, 0.20561723917745198, -0.4734380128959818]","[0.01731366617978375, -0.5791526056892784, 0.02806489437206882, -0.3000744582953851, 0.011030480872604163, 0.20556487929989214, -0.4734729194810217]","[0.38232033511135644, -0.014079053157000957, 0.5721696318992001]","[0.38231, -0.014084, 0.572162]"
560,return,28.000000,28.001066,0.000171,0.050335,2026-09-26T05:39:19.954978+00:00,2026-09-26T05:39:19.955862+00:00,0.000895,1790401159.953272,1790401159.935357,0,1,0,0.000070,0.000014,"[0.017331119472303726, -0.5791700589817983, 0.028134707542148602, -0.3000570050028651, 0.011065387457644042, 0.20561723917745198, -0.4734380128959818]","[0.01731366617978375, -0.5791526056892784, 0.02806489437206882, -0.3000744582953851, 0.011030480872604163, 0.20556487929989214, -0.4734729194810217]","[0.38232033511135644, -0.014079053157000957, 0.5721696318992001]","[0.38231, -0.014084, 0.572162]"
561,return,28.050000,28.051628,0.000331,0.050562,2026-09-26T05:39:20.005146+00:00,2026-09-26T05:39:20.006426+00:00,0.001297,1790401160.002124,1790401159.996406,0,1,0,0.000070,0.000014,"[0.017331119472303726, -0.5791700589817983, 0.028134707542148602, -0.3000570050028651, 0.011065387457644042, 0.20561723917745198, -0.4734380128959818]","[0.01731366617978375, -0.5791526056892784, 0.02806489437206882, -0.3000744582953851, 0.011030480872604163, 0.20556487929989214, -0.4734729194810217]","[0.38232033511135644, -0.014079053157000957, 0.5721696318992001]","[0.38231, -0.014084, 0.572162]"
562,return,28.100000,28.101388,0.000386,0.049759,2026-09-26T05:39:20.055195+00:00,2026-09-26T05:39:20.056185+00:00,0.001002,1790401160.054542,1790401160.035269,0,1,0,0.000070,0.000014,"[0.017331119472303726, -0.5791700589817983, 0.028134707542148606, -0.3000570050028651, 0.011065387457644044, 0.20561723917745198, -0.4734380128959818]","[0.01731366617978375, -0.5791526056892784, 0.02806489437206882, -0.3000744582953851, 0.011030480872604163, 0.20556487929989214, -0.4734729194810217]","[0.38232033511135644, -0.014079053157000957, 0.5721696318992001]","[0.38231, -0.014084, 0.572162]"
563,return,28.150000,28.151348,0.000302,0.049960,2026-09-26T05:39:20.105118+00:00,2026-09-26T05:39:20.106144+00:00,0.001046,1790401160.102169,1790401160.095319,0,1,0,0.000070,0.000014,"[0.017331119472303723, -0.5791700589817982, 0.028134707542148602, -0.3000570050028651, 0.01106538745764404, 0.20561723917745198, -0.4734380128959818]","[0.01731366617978375, -0.5791526056892784, 0.02806489437206882, -0.3000744582953851, 0.011030480872604163, 0.20556487929989214, -0.4734729194810217]","[0.38232033511135627, -0.01407905315700096, 0.5721696318992002]","[0.38231, -0.014084, 0.572162]"
564,return,28.200000,28.201552,0.000301,0.050204,2026-09-26T05:39:20.155114+00:00,2026-09-26T05:39:20.156350+00:00,0.001251,1790401160.153009,1790401160.135362,0,1,0,0.000070,0.000014,"[0.017331119472303726, -0.5791700589817983, 0.028134707542148602, -0.3000570050028651, 0.011065387457644042, 0.20561723917745198, -0.4734380128959818]","[0.01731366617978375, -0.5791526056892784, 0.02806489437206882, -0.3000744582953851, 0.011030480872604163, 0.20556487929989214, -0.4734729194810217]","[0.38232033511135644, -0.014079053157000957, 0.5721696318992001]","[0.38231, -0.014084, 0.572162]"
565,return,28.250000,28.251106,0.000290,0.049554,2026-09-26T05:39:20.205100+00:00,2026-09-26T05:39:20.205903+00:00,0.000817,1790401160.202013,1790401160.195806,0,1,0,0.000070,0.000014,"[0.017331119472303726, -0.5791700589817983, 0.0281347075421486, -0.3000570050028651, 0.011065387457644042, 0.20561723917745198, -0.4734380128959818]","[0.01731366617978375, -0.5791526056892784, 0.02806489437206882, -0.3000744582953851, 0.011030480872604163, 0.20556487929989214, -0.4734729194810217]","[0.38232033511135644, -0.014079053157000957, 0.5721696318992001]","[0.38231, -0.014084, 0.572162]"
566,return,28.300000,28.302001,0.000231,0.050894,2026-09-26T05:39:20.255043+00:00,2026-09-26T05:39:20.256798+00:00,0.001770,1790401160.253077,1790401160.235653,0,0,0,0.000070,0.000014,"[0.017331119472303726, -0.5791700589817983, 0.028134707542148602, -0.3000570050028651, 0.011065387457644042, 0.20561723917745198, -0.4734380128959818]","[0.01731366617978375, -0.5791526056892784, 0.02806489437206882, -0.3000744582953851, 0.011030480872604163, 0.20556487929989214, -0.4734729194810217]","[0.38232033511135644, -0.014079053157000957, 0.5721696318992001]","[0.38231, -0.014084, 0.572162]"
567,return,28.350000,28.350825,0.000469,0.048824,2026-09-26T05:39:20.305282+00:00,2026-09-26T05:39:20.305619+00:00,0.000356,1790401160.302035,1790401160.295807,0,1,0,0.000070,0.000014,"[0.017331119472303723, -0.5791700589817983, 0.028134707542148602, -0.30005700500286503, 0.011065387457644042, 0.20561723917745195, -0.4734380128959818]","[0.01731366617978375, -0.5791526056892784, 0.02806489437206882, -0.3000744582953851, 0.011030480872604163, 0.20556487929989214, -0.4734729194810217]","[0.38232033511135644, -0.014079053157000958, 0.5721696318992001]","[0.38231, -0.014084, 0.572162]"
568,return,28.400000,28.401390,0.000301,0.050566,2026-09-26T05:39:20.355114+00:00,2026-09-26T05:39:20.356186+00:00,0.001089,1790401160.352806,1790401160.335808,0,1,0,0.000070,0.000014,"[0.017331119472303726, -0.5791700589817983, 0.028134707542148602, -0.3000570050028651, 0.011065387457644042, 0.20561723917745198, -0.4734380128959818]","[0.01731366617978375, -0.5791526056892784, 0.02806489437206882, -0.3000744582953851, 0.011030480872604163, 0.20556487929989214, -0.4734729194810217]","[0.38232033511135644, -0.014079053157000957, 0.5721696318992001]","[0.38231, -0.014084, 0.572162]"
569,return,28.450000,28.451090,0.000298,0.049699,2026-09-26T05:39:20.405110+00:00,2026-09-26T05:39:20.405886+00:00,0.000792,1790401160.401956,1790401160.396170,0,1,0,0.000070,0.000014,"[0.017331119472303726, -0.5791700589817983, 0.028134707542148602, -0.3000570050028651, 0.01106538745764404, 0.20561723917745198, -0.4734380128959818]","[0.01731366617978375, -0.5791526056892784, 0.02806489437206882, -0.3000744582953851, 0.011030480872604163, 0.20556487929989214, -0.4734729194810217]","[0.38232033511135644, -0.014079053157000957, 0.5721696318992001]","[0.38231, -0.014084, 0.572162]"
570,return,28.500000,28.501114,0.000170,0.050024,2026-09-26T05:39:20.454981+00:00,2026-09-26T05:39:20.455908+00:00,0.000943,1790401160.452346,1790401160.436811,0,1,0,0.000070,0.000014,"[0.017331119472303726, -0.5791700589817983, 0.028134707542148602, -0.3000570050028651, 0.011065387457644042, 0.20561723917745198, -0.4734380128959818]","[0.01731366617978375, -0.5791526056892784, 0.02806489437206882, -0.3000744582953851, 0.011030480872604163, 0.20556487929989214, -0.4734729194810217]","[0.38232033511135644, -0.014079053157000957, 0.5721696318992001]","[0.38231, -0.014084, 0.572162]"
571,return,28.550000,28.551343,0.000299,0.050230,2026-09-26T05:39:20.505113+00:00,2026-09-26T05:39:20.506140+00:00,0.001044,1790401160.501971,1790401160.496807,0,1,0,0.000070,0.000014,"[0.017331119472303726, -0.5791700589817983, 0.028134707542148602, -0.3000570050028651, 0.011065387457644042, 0.20561723917745198, -0.4734380128959818]","[0.01731366617978375, -0.5791526056892784, 0.02806489437206882, -0.3000744582953851, 0.011030480872604163, 0.20556487929989214, -0.4734729194810217]","[0.38232033511135644, -0.014079053157000957, 0.5721696318992001]","[0.38231, -0.014084, 0.572162]"
572,return,28.600000,28.601140,0.000540,0.049797,2026-09-26T05:39:20.555348+00:00,2026-09-26T05:39:20.555936+00:00,0.000600,1790401160.552820,1790401160.538018,0,1,0,0.000070,0.000014,"[0.017331119472303726, -0.5791700589817983, 0.028134707542148602, -0.3000570050028651, 0.011065387457644042, 0.20561723917745198, -0.4734380128959818]","[0.01731366617978375, -0.5791526056892784, 0.02806489437206882, -0.3000744582953851, 0.011030480872604163, 0.20556487929989214, -0.4734729194810217]","[0.38232033511135644, -0.014079053157000957, 0.5721696318992001]","[0.38231, -0.014084, 0.572162]"
573,return,28.650000,28.651475,0.000327,0.050335,2026-09-26T05:39:20.605138+00:00,2026-09-26T05:39:20.606271+00:00,0.001148,1790401160.601959,1790401160.596411,0,1,0,0.000070,0.000014,"[0.017331119472303726, -0.5791700589817983, 0.0281347075421486, -0.3000570050028651, 0.011065387457644042, 0.20561723917745198, -0.4734380128959818]","[0.01731366617978375, -0.5791526056892784, 0.02806489437206882, -0.3000744582953851, 0.011030480872604163, 0.20556487929989214, -0.4734729194810217]","[0.38232033511135644, -0.014079053157000957, 0.5721696318992001]","[0.38231, -0.014084, 0.572162]"
574,return,28.700000,28.700639,0.000252,0.049164,2026-09-26T05:39:20.655059+00:00,2026-09-26T05:39:20.655434+00:00,0.000387,1790401160.652263,1790401160.639174,0,1,0,0.000070,0.000014,"[0.017331119472303726, -0.5791700589817983, 0.0281347075421486, -0.3000570050028651, 0.011065387457644042, 0.20561723917745198, -0.4734380128959818]","[0.01731366617978375, -0.5791526056892784, 0.02806489437206882, -0.3000744582953851, 0.011030480872604163, 0.20556487929989214, -0.4734729194810217]","[0.38232033511135644, -0.014079053157000957, 0.5721696318992001]","[0.38231, -0.014084, 0.572162]"
575,return,28.750000,28.751488,0.000313,0.050849,2026-09-26T05:39:20.705125+00:00,2026-09-26T05:39:20.706285+00:00,0.001176,1790401160.703372,1790401160.698015,0,1,0,0.000070,0.000014,"[0.017331119472303726, -0.5791700589817983, 0.028134707542148606, -0.3000570050028651, 0.011065387457644044, 0.20561723917745198, -0.47343801289598186]","[0.01731366617978375, -0.5791526056892784, 0.02806489437206882, -0.3000744582953851, 0.011030480872604163, 0.20556487929989214, -0.4734729194810217]","[0.38232033511135644, -0.014079053157000957, 0.5721696318992001]","[0.38231, -0.014084, 0.572162]"
576,return,28.800000,28.800943,0.000312,0.049455,2026-09-26T05:39:20.755125+00:00,2026-09-26T05:39:20.755740+00:00,0.000632,1790401160.752245,1790401160.736835,0,1,0,0.000070,0.000014,"[0.017331119472303726, -0.5791700589817983, 0.028134707542148602, -0.3000570050028651, 0.011065387457644042, 0.20561723917745198, -0.4734380128959818]","[0.01731366617978375, -0.5791526056892784, 0.02806489437206882, -0.3000744582953851, 0.011030480872604163, 0.20556487929989214, -0.4734729194810217]","[0.38232033511135644, -0.014079053157000957, 0.5721696318992001]","[0.38231, -0.014084, 0.572162]"
577,return,28.850000,28.850440,0.000202,0.049497,2026-09-26T05:39:20.805007+00:00,2026-09-26T05:39:20.805234+00:00,0.000239,1790401160.802135,1790401160.795416,0,1,0,0.000052,0.000013,"[0.017331119472303726, -0.5791700589817983, 0.028134707542148602, -0.3000570050028651, 0.011065387457644042, 0.20561723917745198, -0.4734380128959818]","[0.01731366617978375, -0.5791526056892784, 0.02816961412718848, -0.3000744582953851, 0.011030480872604163, 0.20556487929989214, -0.4734729194810217]","[0.38232033511135644, -0.014079053157000957, 0.5721696318992001]","[0.38231099999999996, -0.014076, 0.5721609999999999]"
578,return,28.900000,28.900570,0.000202,0.050129,2026-09-26T05:39:20.855016+00:00,2026-09-26T05:39:20.855364+00:00,0.000367,1790401160.852224,1790401160.837304,0,1,0,0.000052,0.000013,"[0.017331119472303726, -0.5791700589817983, 0.0281347075421486, -0.3000570050028651, 0.011065387457644042, 0.20561723917745198, -0.4734380128959818]","[0.01731366617978375, -0.5791526056892784, 0.02816961412718848, -0.3000744582953851, 0.011030480872604163, 0.20556487929989214, -0.4734729194810217]","[0.38232033511135644, -0.014079053157000957, 0.5721696318992001]","[0.38231099999999996, -0.014076, 0.5721609999999999]"
579,return,28.950000,28.951140,0.000309,0.050570,2026-09-26T05:39:20.905121+00:00,2026-09-26T05:39:20.905936+00:00,0.000831,1790401160.901977,1790401160.895374,0,1,0,0.000052,0.000013,"[0.017331119472303726, -0.5791700589817983, 0.028134707542148602, -0.3000570050028651, 0.011065387457644042, 0.20561723917745198, -0.4734380128959818]","[0.01731366617978375, -0.5791526056892784, 0.02816961412718848, -0.3000744582953851, 0.011030480872604163, 0.20556487929989214, -0.4734729194810217]","[0.38232033511135644, -0.014079053157000957, 0.5721696318992001]","[0.38231099999999996, -0.014076, 0.5721609999999999]"
580,return,29.000000,29.000935,0.000301,0.049796,2026-09-26T05:39:20.955114+00:00,2026-09-26T05:39:20.955732+00:00,0.000635,1790401160.952022,1790401160.935822,0,1,0,0.000070,0.000013,"[0.017331119472303726, -0.5791700589817983, 0.028134707542148602, -0.3000570050028651, 0.01106538745764404, 0.20561723917745198, -0.4734380128959818]","[0.01731366617978375, -0.5791526056892784, 0.02816961412718848, -0.3000744582953851, 0.011030480872604163, 0.20556487929989214, -0.47336819972590205]","[0.38232033511135644, -0.014079053157000957, 0.5721696318992001]","[0.38231099999999996, -0.014076, 0.5721609999999999]"
581,return,29.050000,29.050694,0.000325,0.049759,2026-09-26T05:39:21.005138+00:00,2026-09-26T05:39:21.005489+00:00,0.000370,1790401161.002022,1790401160.995330,0,1,0,0.000070,0.000013,"[0.017331119472303726, -0.5791700589817983, 0.028134707542148602, -0.3000570050028651, 0.011065387457644042, 0.20561723917745198, -0.4734380128959818]","[0.01731366617978375, -0.5791526056892784, 0.02816961412718848, -0.3000744582953851, 0.011030480872604163, 0.20556487929989214, -0.47336819972590205]","[0.38232033511135644, -0.014079053157000957, 0.5721696318992001]","[0.38231099999999996, -0.014076, 0.5721609999999999]"
582,return,29.100000,29.102034,0.000293,0.051339,2026-09-26T05:39:21.055107+00:00,2026-09-26T05:39:21.056832+00:00,0.001741,1790401161.051965,1790401161.035287,0,1,0,0.000070,0.000013,"[0.017331119472303726, -0.5791700589817983, 0.028134707542148602, -0.3000570050028651, 0.011065387457644042, 0.20561723917745198, -0.4734380128959818]","[0.01731366617978375, -0.5791526056892784, 0.02816961412718848, -0.3000744582953851, 0.011030480872604163, 0.20556487929989214, -0.47336819972590205]","[0.38232033511135644, -0.014079053157000957, 0.5721696318992001]","[0.38231099999999996, -0.014076, 0.5721609999999999]"
583,return,29.150000,29.150833,0.000524,0.048799,2026-09-26T05:39:21.105331+00:00,2026-09-26T05:39:21.105627+00:00,0.000309,1790401161.101936,1790401161.096137,0,1,0,0.000070,0.000013,"[0.017331119472303726, -0.5791700589817983, 0.028134707542148602, -0.3000570050028651, 0.011065387457644042, 0.20561723917745198, -0.4734380128959818]","[0.01731366617978375, -0.5791526056892784, 0.02816961412718848, -0.3000744582953851, 0.011030480872604163, 0.20556487929989214, -0.47336819972590205]","[0.38232033511135644, -0.014079053157000957, 0.5721696318992001]","[0.38231099999999996, -0.014076, 0.5721609999999999]"
584,return,29.200000,29.201162,0.000309,0.050330,2026-09-26T05:39:21.155120+00:00,2026-09-26T05:39:21.155960+00:00,0.000854,1790401161.152015,1790401161.135377,0,1,0,0.000070,0.000013,"[0.017331119472303726, -0.5791700589817983, 0.028134707542148602, -0.3000570050028651, 0.011065387457644044, 0.20561723917745198, -0.4734380128959818]","[0.01731366617978375, -0.5791526056892784, 0.02816961412718848, -0.3000744582953851, 0.011030480872604163, 0.20556487929989214, -0.47336819972590205]","[0.38232033511135644, -0.014079053157000957, 0.5721696318992001]","[0.38231099999999996, -0.014076, 0.5721609999999999]"
585,return,29.250000,29.250811,0.000467,0.049649,2026-09-26T05:39:21.205279+00:00,2026-09-26T05:39:21.205605+00:00,0.000343,1790401161.201982,1790401161.195333,0,1,0,0.000070,0.000013,"[0.017331119472303726, -0.5791700589817983, 0.0281347075421486, -0.3000570050028651, 0.011065387457644042, 0.20561723917745195, -0.47343801289598175]","[0.01731366617978375, -0.5791526056892784, 0.02816961412718848, -0.3000744582953851, 0.011030480872604163, 0.20556487929989214, -0.47336819972590205]","[0.38232033511135644, -0.014079053157000957, 0.5721696318992001]","[0.38231099999999996, -0.014076, 0.5721609999999999]"
586,return,29.300000,29.300821,0.000309,0.050010,2026-09-26T05:39:21.255121+00:00,2026-09-26T05:39:21.255618+00:00,0.000512,1790401161.251980,1790401161.235528,0,1,0,0.000070,0.000013,"[0.017331119472303726, -0.5791700589817983, 0.028134707542148602, -0.3000570050028651, 0.011065387457644042, 0.20561723917745198, -0.4734380128959818]","[0.01731366617978375, -0.5791526056892784, 0.02816961412718848, -0.3000744582953851, 0.011030480872604163, 0.20556487929989214, -0.47336819972590205]","[0.38232033511135644, -0.014079053157000957, 0.5721696318992001]","[0.38231099999999996, -0.014076, 0.5721609999999999]"
587,return,29.350000,29.350593,0.000315,0.049772,2026-09-26T05:39:21.305121+00:00,2026-09-26T05:39:21.305387+00:00,0.000278,1790401161.302058,1790401161.295221,0,1,0,0.000070,0.000013,"[0.017331119472303726, -0.5791700589817983, 0.028134707542148602, -0.3000570050028651, 0.011065387457644042, 0.20561723917745198, -0.4734380128959818]","[0.01731366617978375, -0.5791526056892784, 0.02816961412718848, -0.3000744582953851, 0.011030480872604163, 0.20556487929989214, -0.47336819972590205]","[0.38232033511135644, -0.014079053157000957, 0.5721696318992001]","[0.38231099999999996, -0.014076, 0.5721609999999999]"
588,return,29.400000,29.401465,0.000247,0.050872,2026-09-26T05:39:21.355060+00:00,2026-09-26T05:39:21.356263+00:00,0.001218,1790401161.352028,1790401161.336607,0,1,0,0.000070,0.000013,"[0.017331119472303726, -0.5791700589817983, 0.028134707542148606, -0.3000570050028651, 0.01106538745764404, 0.20561723917745198, -0.4734380128959818]","[0.01731366617978375, -0.5791526056892784, 0.02816961412718848, -0.3000744582953851, 0.011030480872604163, 0.20556487929989214, -0.47336819972590205]","[0.38232033511135644, -0.014079053157000957, 0.5721696318992001]","[0.38231099999999996, -0.014076, 0.5721609999999999]"
589,return,29.450000,29.450832,0.000490,0.049367,2026-09-26T05:39:21.405301+00:00,2026-09-26T05:39:21.405627+00:00,0.000342,1790401161.401981,1790401161.395508,0,1,0,0.000070,0.000013,"[0.017331119472303726, -0.5791700589817983, 0.028134707542148602, -0.3000570050028651, 0.011065387457644042, 0.20561723917745195, -0.4734380128959818]","[0.01731366617978375, -0.5791526056892784, 0.02816961412718848, -0.3000744582953851, 0.011030480872604163, 0.20556487929989214, -0.47336819972590205]","[0.38232033511135644, -0.014079053157000957, 0.5721696318992001]","[0.38231099999999996, -0.014076, 0.5721609999999999]"
590,return,29.500000,29.502104,0.000290,0.051272,2026-09-26T05:39:21.455102+00:00,2026-09-26T05:39:21.456901+00:00,0.001813,1790401161.452252,1790401161.437315,0,1,0,0.000070,0.000013,"[0.017331119472303726, -0.5791700589817983, 0.028134707542148602, -0.3000570050028651, 0.011065387457644042, 0.20561723917745198, -0.4734380128959818]","[0.01731366617978375, -0.5791526056892784, 0.02816961412718848, -0.3000744582953851, 0.011030480872604163, 0.20556487929989214, -0.47336819972590205]","[0.38232033511135644, -0.014079053157000957, 0.5721696318992001]","[0.38231099999999996, -0.014076, 0.5721609999999999]"
591,return,29.550000,29.550938,0.000287,0.048834,2026-09-26T05:39:21.505097+00:00,2026-09-26T05:39:21.505735+00:00,0.000651,1790401161.502850,1790401161.496469,0,0,0,0.000070,0.000013,"[0.017331119472303726, -0.5791700589817983, 0.028134707542148602, -0.3000570050028651, 0.011065387457644042, 0.20561723917745198, -0.4734380128959818]","[0.01731366617978375, -0.5791526056892784, 0.02816961412718848, -0.3000744582953851, 0.011030480872604163, 0.20556487929989214, -0.47336819972590205]","[0.38232033511135644, -0.014079053157000957, 0.5721696318992001]","[0.38231099999999996, -0.014076, 0.5721609999999999]"
592,return,29.600000,29.600849,0.000306,0.049911,2026-09-26T05:39:21.555118+00:00,2026-09-26T05:39:21.555646+00:00,0.000543,1790401161.552820,1790401161.535229,0,1,0,0.000070,0.000013,"[0.017331119472303726, -0.5791700589817983, 0.0281347075421486, -0.3000570050028651, 0.011065387457644042, 0.20561723917745198, -0.4734380128959818]","[0.01731366617978375, -0.5791526056892784, 0.02816961412718848, -0.3000744582953851, 0.011030480872604163, 0.20556487929989214, -0.47336819972590205]","[0.38232033511135644, -0.014079053157000957, 0.5721696318992001]","[0.38231099999999996, -0.014076, 0.5721609999999999]"
593,return,29.650000,29.651589,0.000146,0.050740,2026-09-26T05:39:21.604956+00:00,2026-09-26T05:39:21.606384+00:00,0.001443,1790401161.602670,1790401161.595841,0,0,0,0.000070,0.000013,"[0.017331119472303726, -0.5791700589817982, 0.028134707542148602, -0.3000570050028651, 0.011065387457644042, 0.20561723917745198, -0.47343801289598175]","[0.01731366617978375, -0.5791526056892784, 0.02816961412718848, -0.3000744582953851, 0.011030480872604163, 0.20556487929989214, -0.47336819972590205]","[0.38232033511135627, -0.01407905315700096, 0.5721696318992002]","[0.38231099999999996, -0.014076, 0.5721609999999999]"
594,return,29.700000,29.702158,0.000428,0.050569,2026-09-26T05:39:21.655237+00:00,2026-09-26T05:39:21.656954+00:00,0.001731,1790401161.652173,1790401161.635296,0,1,0,0.000070,0.000013,"[0.017331119472303726, -0.5791700589817983, 0.028134707542148602, -0.3000570050028651, 0.011065387457644042, 0.20561723917745198, -0.4734380128959818]","[0.01731366617978375, -0.5791526056892784, 0.02816961412718848, -0.3000744582953851, 0.011030480872604163, 0.20556487929989214, -0.47336819972590205]","[0.38232033511135644, -0.014079053157000957, 0.5721696318992001]","[0.38231099999999996, -0.014076, 0.5721609999999999]"
595,return,29.750000,29.751437,0.000305,0.049279,2026-09-26T05:39:21.705119+00:00,2026-09-26T05:39:21.706235+00:00,0.001133,1790401161.702235,1790401161.695188,0,0,0,0.000070,0.000013,"[0.017331119472303726, -0.5791700589817983, 0.028134707542148602, -0.3000570050028651, 0.011065387457644042, 0.20561723917745198, -0.4734380128959818]","[0.01731366617978375, -0.5791526056892784, 0.02816961412718848, -0.3000744582953851, 0.011030480872604163, 0.20556487929989214, -0.47336819972590205]","[0.38232033511135644, -0.014079053157000957, 0.5721696318992001]","[0.38231099999999996, -0.014076, 0.5721609999999999]"
596,return,29.800000,29.801645,0.000347,0.050207,2026-09-26T05:39:21.755162+00:00,2026-09-26T05:39:21.756442+00:00,0.001298,1790401161.752022,1790401161.735188,0,1,0,0.000070,0.000013,"[0.017331119472303726, -0.5791700589817983, 0.028134707542148602, -0.3000570050028651, 0.011065387457644042, 0.20561723917745198, -0.4734380128959818]","[0.01731366617978375, -0.5791526056892784, 0.028134707542148595, -0.3000744582953851, 0.011030480872604163, 0.20556487929989214, -0.47336819972590205]","[0.38232033511135644, -0.014079053157000957, 0.5721696318992001]","[0.38231, -0.014079, 0.5721609999999999]"
597,return,29.850000,29.850787,0.000339,0.049143,2026-09-26T05:39:21.805154+00:00,2026-09-26T05:39:21.805582+00:00,0.000448,1790401161.802515,1790401161.795341,0,0,0,0.000070,0.000013,"[0.017331119472303726, -0.5791700589817983, 0.0281347075421486, -0.3000570050028651, 0.011065387457644042, 0.20561723917745198, -0.4734380128959818]","[0.01731366617978375, -0.5791526056892784, 0.028134707542148595, -0.3000744582953851, 0.011030480872604163, 0.20556487929989214, -0.47336819972590205]","[0.38232033511135644, -0.014079053157000957, 0.5721696318992001]","[0.38231, -0.014079, 0.572162]"
598,return,29.900000,29.901397,0.000334,0.050609,2026-09-26T05:39:21.855150+00:00,2026-09-26T05:39:21.856194+00:00,0.001062,1790401161.851978,1790401161.835428,0,1,0,0.000070,0.000013,"[0.017331119472303726, -0.5791700589817983, 0.028134707542148602, -0.3000570050028651, 0.011065387457644042, 0.20561723917745198, -0.4734380128959818]","[0.01731366617978375, -0.5791526056892784, 0.028134707542148595, -0.3000744582953851, 0.011030480872604163, 0.20556487929989214, -0.47336819972590205]","[0.38232033511135644, -0.014079053157000957, 0.5721696318992001]","[0.38231, -0.014079, 0.572162]"
599,return,29.950000,29.951653,0.000391,0.050257,2026-09-26T05:39:21.905206+00:00,2026-09-26T05:39:21.906451+00:00,0.001263,1790401161.902301,1790401161.895487,0,0,0,0.000052,0.000013,"[0.017331119472303726, -0.5791700589817983, 0.028134707542148602, -0.3000570050028651, 0.01106538745764404, 0.20561723917745198, -0.4734380128959818]","[0.01731366617978375, -0.5791526056892784, 0.028134707542148595, -0.3000744582953851, 0.011030480872604163, 0.20556487929989214, -0.47345546618850176]","[0.38232033511135644, -0.014079053157000957, 0.5721696318992001]","[0.38231, -0.014079, 0.572162]"
600,return,30.000000,30.001383,0.000271,0.049729,2026-09-26T05:39:21.955087+00:00,2026-09-26T05:39:21.956179+00:00,0.001112,1790401161.951979,1790401161.935429,0,1,0,0.000052,0.000013,"[0.017331119472303726, -0.5791700589817983, 0.028134707542148606, -0.3000570050028651, 0.011065387457644042, 0.20561723917745198, -0.4734380128959818]","[0.01731366617978375, -0.5791526056892784, 0.028134707542148595, -0.3000744582953851, 0.011030480872604163, 0.20556487929989214, -0.47345546618850176]","[0.38232033511135644, -0.014079053157000957, 0.5721696318992001]","[0.38231, -0.014079, 0.572162]"
601,return,30.050000,30.050712,0.000336,0.049330,2026-09-26T05:39:22.005147+00:00,2026-09-26T05:39:22.005508+00:00,0.000376,1790401162.002192,1790401161.995432,0,0,0,0.000052,0.000013,"[0.017331119472303726, -0.5791700589817983, 0.0281347075421486, -0.3000570050028651, 0.011065387457644042, 0.20561723917745198, -0.4734380128959818]","[0.01731366617978375, -0.5791526056892784, 0.028134707542148595, -0.3000744582953851, 0.011030480872604163, 0.20556487929989214, -0.47345546618850176]","[0.38232033511135644, -0.014079053157000957, 0.5721696318992001]","[0.38231, -0.014079, 0.572162]"
602,return,30.100000,30.101538,0.000269,0.050825,2026-09-26T05:39:22.055082+00:00,2026-09-26T05:39:22.056335+00:00,0.001269,1790401162.051993,1790401162.035852,0,1,0,0.000052,0.000013,"[0.017331119472303726, -0.5791700589817983, 0.028134707542148602, -0.3000570050028651, 0.01106538745764404, 0.20561723917745198, -0.4734380128959818]","[0.01731366617978375, -0.5791526056892784, 0.028134707542148595, -0.3000744582953851, 0.011030480872604163, 0.20556487929989214, -0.47345546618850176]","[0.38232033511135644, -0.014079053157000957, 0.5721696318992001]","[0.38231, -0.014079, 0.572162]"
603,return,30.150000,30.151428,0.000299,0.049890,2026-09-26T05:39:22.105111+00:00,2026-09-26T05:39:22.106224+00:00,0.001129,1790401162.102596,1790401162.095390,0,0,0,0.000052,0.000038,"[0.017331119472303726, -0.5791700589817983, 0.028134707542148602, -0.3000570050028651, 0.011065387457644042, 0.20561723917745198, -0.4734380128959818]","[0.01731366617978375, -0.5792224188593581, 0.028134707542148595, -0.3000744582953851, 0.011030480872604163, 0.20556487929989214, -0.47345546618850176]","[0.38232033511135644, -0.014079053157000957, 0.5721696318992001]","[0.382339, -0.014077999999999999, 0.572136]"
604,return,30.200000,30.201431,0.000400,0.050003,2026-09-26T05:39:22.155208+00:00,2026-09-26T05:39:22.156228+00:00,0.001031,1790401162.151994,1790401162.136972,0,1,0,0.000052,0.000038,"[0.017331119472303726, -0.5791700589817983, 0.028134707542148602, -0.3000570050028651, 0.011065387457644042, 0.20561723917745198, -0.4734380128959818]","[0.01731366617978375, -0.5792224188593581, 0.028134707542148595, -0.3000744582953851, 0.011030480872604163, 0.20556487929989214, -0.47345546618850176]","[0.38232033511135644, -0.014079053157000957, 0.5721696318992001]","[0.382339, -0.014077999999999999, 0.572136]"
605,return,30.250000,30.250922,0.000295,0.049492,2026-09-26T05:39:22.205106+00:00,2026-09-26T05:39:22.205719+00:00,0.000627,1790401162.202680,1790401162.195832,0,0,0,0.000052,0.000038,"[0.017331119472303726, -0.5791700589817983, 0.028134707542148602, -0.3000570050028651, 0.011065387457644042, 0.20561723917745198, -0.4734380128959818]","[0.01731366617978375, -0.5792224188593581, 0.028134707542148595, -0.3000744582953851, 0.011030480872604163, 0.2056346924699719, -0.47345546618850176]","[0.38232033511135644, -0.014079053157000957, 0.5721696318992001]","[0.38233999999999996, -0.014077999999999999, 0.572137]"
606,return,30.300000,30.301568,0.000296,0.050646,2026-09-26T05:39:22.255109+00:00,2026-09-26T05:39:22.256364+00:00,0.001272,1790401162.252125,1790401162.235281,0,1,0,0.000052,0.000038,"[0.017331119472303726, -0.5791700589817983, 0.028134707542148602, -0.3000570050028651, 0.011065387457644044, 0.20561723917745198, -0.4734380128959818]","[0.01731366617978375, -0.5792224188593581, 0.028134707542148595, -0.3000744582953851, 0.011030480872604163, 0.2056346924699719, -0.47345546618850176]","[0.38232033511135644, -0.014079053157000957, 0.5721696318992001]","[0.38233999999999996, -0.014077999999999999, 0.572137]"
607,return,30.350000,30.351677,0.000284,0.050109,2026-09-26T05:39:22.305095+00:00,2026-09-26T05:39:22.306474+00:00,0.001393,1790401162.303573,1790401162.295834,0,0,0,0.000052,0.000038,"[0.017331119472303726, -0.5791700589817983, 0.0281347075421486, -0.3000570050028651, 0.011065387457644042, 0.20561723917745195, -0.47343801289598175]","[0.01731366617978375, -0.5792224188593581, 0.028134707542148595, -0.3000744582953851, 0.011030480872604163, 0.2056346924699719, -0.47345546618850176]","[0.38232033511135644, -0.014079053157000957, 0.5721696318992001]","[0.38233999999999996, -0.014077999999999999, 0.572137]"
608,return,30.400000,30.401294,0.000315,0.049617,2026-09-26T05:39:22.355127+00:00,2026-09-26T05:39:22.356091+00:00,0.000980,1790401162.352197,1790401162.335241,0,1,0,0.000052,0.000038,"[0.017331119472303726, -0.5791700589817983, 0.028134707542148602, -0.3000570050028651, 0.011065387457644042, 0.20561723917745198, -0.4734380128959818]","[0.01731366617978375, -0.5792224188593581, 0.028134707542148595, -0.3000744582953851, 0.011030480872604163, 0.2056346924699719, -0.47345546618850176]","[0.38232033511135644, -0.014079053157000957, 0.5721696318992001]","[0.38233999999999996, -0.014077999999999999, 0.572137]"
609,return,30.450000,30.451099,0.000242,0.049804,2026-09-26T05:39:22.405043+00:00,2026-09-26T05:39:22.405894+00:00,0.000857,1790401162.403775,1790401162.395240,0,1,0,0.000052,0.000038,"[0.017331119472303726, -0.5791700589817983, 0.028134707542148606, -0.3000570050028651, 0.011065387457644042, 0.20561723917745198, -0.4734380128959818]","[0.01731366617978375, -0.5792224188593581, 0.028134707542148595, -0.3000744582953851, 0.011030480872604163, 0.2056346924699719, -0.47345546618850176]","[0.38232033511135644, -0.014079053157000957, 0.5721696318992001]","[0.38233999999999996, -0.014077999999999999, 0.572137]"
610,return,30.500000,30.501551,0.000293,0.050452,2026-09-26T05:39:22.455106+00:00,2026-09-26T05:39:22.456348+00:00,0.001258,1790401162.451957,1790401162.435436,0,1,0,0.000052,0.000038,"[0.017331119472303726, -0.5791700589817983, 0.0281347075421486, -0.3000570050028651, 0.011065387457644042, 0.20561723917745198, -0.4734380128959818]","[0.01731366617978375, -0.5792224188593581, 0.028134707542148595, -0.3000744582953851, 0.011030480872604163, 0.2056346924699719, -0.47345546618850176]","[0.38232033511135644, -0.014079053157000957, 0.5721696318992001]","[0.38233999999999996, -0.014077999999999999, 0.572137]"
611,return,30.550000,30.553254,0.000301,0.051703,2026-09-26T05:39:22.505115+00:00,2026-09-26T05:39:22.508051+00:00,0.002952,1790401162.502221,1790401162.495241,0,0,0,0.000052,0.000038,"[0.017331119472303726, -0.5791700589817983, 0.028134707542148602, -0.3000570050028651, 0.011065387457644042, 0.20561723917745195, -0.4734380128959818]","[0.01731366617978375, -0.5792224188593581, 0.028134707542148595, -0.3000744582953851, 0.011030480872604163, 0.2056346924699719, -0.47345546618850176]","[0.38232033511135644, -0.014079053157000957, 0.5721696318992001]","[0.38233999999999996, -0.014077999999999999, 0.572137]"
612,return,30.600000,30.601464,0.000201,0.048210,2026-09-26T05:39:22.555014+00:00,2026-09-26T05:39:22.556261+00:00,0.001263,1790401162.551986,1790401162.535242,0,1,0,0.000052,0.000038,"[0.017331119472303726, -0.5791700589817983, 0.028134707542148602, -0.3000570050028651, 0.011065387457644044, 0.20561723917745198, -0.4734380128959818]","[0.01731366617978375, -0.5792224188593581, 0.028134707542148595, -0.3000744582953851, 0.011030480872604163, 0.2056346924699719, -0.47345546618850176]","[0.38232033511135644, -0.014079053157000957, 0.5721696318992001]","[0.38233999999999996, -0.014077999999999999, 0.572137]"
613,return,30.650000,30.651591,0.000452,0.050128,2026-09-26T05:39:22.605265+00:00,2026-09-26T05:39:22.606389+00:00,0.001139,1790401162.602031,1790401162.595199,0,0,0,0.000052,0.000038,"[0.017331119472303726, -0.5791700589817983, 0.028134707542148602, -0.3000570050028651, 0.011065387457644042, 0.20561723917745198, -0.4734380128959818]","[0.01731366617978375, -0.5792224188593581, 0.028134707542148595, -0.3000744582953851, 0.011030480872604163, 0.2056346924699719, -0.47345546618850176]","[0.38232033511135644, -0.014079053157000957, 0.5721696318992001]","[0.38233999999999996, -0.014077999999999999, 0.572137]"
614,return,30.700000,30.701692,0.000313,0.050101,2026-09-26T05:39:22.655124+00:00,2026-09-26T05:39:22.656488+00:00,0.001380,1790401162.651944,1790401162.635399,0,1,0,0.000052,0.000038,"[0.017331119472303726, -0.5791700589817983, 0.028134707542148602, -0.3000570050028651, 0.011065387457644042, 0.20561723917745198, -0.4734380128959818]","[0.01731366617978375, -0.5792224188593581, 0.028134707542148595, -0.3000744582953851, 0.011030480872604163, 0.2056346924699719, -0.47345546618850176]","[0.38232033511135644, -0.014079053157000957, 0.5721696318992001]","[0.38233999999999996, -0.014077999999999999, 0.572137]"
615,return,30.750000,30.751380,0.000317,0.049687,2026-09-26T05:39:22.705129+00:00,2026-09-26T05:39:22.706176+00:00,0.001062,1790401162.702112,1790401162.695839,0,1,0,0.000052,0.000038,"[0.017331119472303726, -0.5791700589817982, 0.028134707542148602, -0.3000570050028651, 0.011065387457644042, 0.20561723917745195, -0.47343801289598175]","[0.01731366617978375, -0.5792224188593581, 0.028134707542148595, -0.3000744582953851, 0.011030480872604163, 0.2056346924699719, -0.47345546618850176]","[0.38232033511135627, -0.01407905315700096, 0.5721696318992002]","[0.38233999999999996, -0.014077999999999999, 0.572137]"
616,return,30.800000,30.800839,0.000344,0.049460,2026-09-26T05:39:22.755159+00:00,2026-09-26T05:39:22.755635+00:00,0.000495,1790401162.752360,1790401162.736578,0,1,0,0.000052,0.000038,"[0.017331119472303726, -0.5791700589817983, 0.028134707542148602, -0.3000570050028651, 0.011065387457644042, 0.20561723917745198, -0.4734380128959818]","[0.01731366617978375, -0.5792224188593581, 0.028134707542148595, -0.3000744582953851, 0.011030480872604163, 0.2056346924699719, -0.47345546618850176]","[0.38232033511135644, -0.014079053157000957, 0.5721696318992001]","[0.38233999999999996, -0.014077999999999999, 0.572137]"
617,return,30.850000,30.850676,0.000287,0.049836,2026-09-26T05:39:22.805092+00:00,2026-09-26T05:39:22.805470+00:00,0.000388,1790401162.801912,1790401162.795440,0,1,0,0.000052,0.000038,"[0.017331119472303726, -0.5791700589817983, 0.028134707542148602, -0.3000570050028651, 0.011065387457644042, 0.20561723917745198, -0.4734380128959818]","[0.01731366617978375, -0.5792224188593581, 0.028134707542148595, -0.3000744582953851, 0.011030480872604163, 0.2056346924699719, -0.47345546618850176]","[0.38232033511135644, -0.014079053157000957, 0.5721696318992001]","[0.38233999999999996, -0.014077999999999999, 0.572137]"
618,return,30.900000,30.902215,0.000328,0.051539,2026-09-26T05:39:22.855140+00:00,2026-09-26T05:39:22.857013+00:00,0.001887,1790401162.851948,1790401162.836600,0,1,0,0.000052,0.000038,"[0.017331119472303726, -0.5791700589817983, 0.028134707542148602, -0.3000570050028651, 0.011065387457644042, 0.20561723917745198, -0.4734380128959818]","[0.01731366617978375, -0.5792224188593581, 0.028134707542148595, -0.3000744582953851, 0.011030480872604163, 0.2056346924699719, -0.47345546618850176]","[0.38232033511135644, -0.014079053157000957, 0.5721696318992001]","[0.38233999999999996, -0.014077999999999999, 0.572137]"
619,return,30.950000,30.951347,0.000304,0.049132,2026-09-26T05:39:22.905116+00:00,2026-09-26T05:39:22.906143+00:00,0.001043,1790401162.902046,1790401162.896110,0,1,0,0.000052,0.000038,"[0.017331119472303726, -0.5791700589817983, 0.028134707542148602, -0.3000570050028651, 0.01106538745764404, 0.20561723917745198, -0.4734380128959818]","[0.01731366617978375, -0.5792224188593581, 0.028134707542148595, -0.3000744582953851, 0.011030480872604163, 0.2056346924699719, -0.47345546618850176]","[0.38232033511135644, -0.014079053157000957, 0.5721696318992001]","[0.38233999999999996, -0.014077999999999999, 0.572137]"
620,return,31.000000,31.001017,0.000186,0.049670,2026-09-26T05:39:22.954992+00:00,2026-09-26T05:39:22.955813+00:00,0.000831,1790401162.951962,1790401162.935287,0,1,0,0.000052,0.000038,"[0.017331119472303726, -0.5791700589817983, 0.028134707542148602, -0.3000570050028651, 0.011065387457644042, 0.20561723917745198, -0.47343801289598175]","[0.01731366617978375, -0.5792224188593581, 0.028134707542148595, -0.3000744582953851, 0.011030480872604163, 0.2056346924699719, -0.47345546618850176]","[0.38232033511135644, -0.014079053157000957, 0.5721696318992001]","[0.38233999999999996, -0.014077999999999999, 0.572137]"
621,return,31.050000,31.051051,0.000207,0.050033,2026-09-26T05:39:23.005018+00:00,2026-09-26T05:39:23.005846+00:00,0.000843,1790401163.001994,1790401162.995604,0,1,0,0.000052,0.000038,"[0.017331119472303726, -0.5791700589817983, 0.028134707542148602, -0.3000570050028651, 0.011065387457644042, 0.20561723917745198, -0.4734380128959818]","[0.01731366617978375, -0.5792224188593581, 0.028134707542148595, -0.3000744582953851, 0.011030480872604163, 0.2056346924699719, -0.47345546618850176]","[0.38232033511135644, -0.014079053157000957, 0.5721696318992001]","[0.38233999999999996, -0.014077999999999999, 0.572137]"
622,return,31.100000,31.100617,0.000228,0.049566,2026-09-26T05:39:23.055031+00:00,2026-09-26T05:39:23.055411+00:00,0.000389,1790401163.052642,1790401163.035446,0,1,0,0.000087,0.000041,"[0.017331119472303726, -0.5791700589817983, 0.0281347075421486, -0.3000570050028651, 0.011065387457644042, 0.20561723917745198, -0.4734380128959818]","[0.01731366617978375, -0.5792224188593581, 0.028134707542148595, -0.3000744582953851, 0.011152653920243767, 0.2056346924699719, -0.47345546618850176]","[0.38232033511135644, -0.014079053157000957, 0.5721696318992001]","[0.38234199999999996, -0.014077999999999999, 0.572135]"
623,return,31.150000,31.150687,0.000141,0.050070,2026-09-26T05:39:23.104950+00:00,2026-09-26T05:39:23.105481+00:00,0.000545,1790401163.102096,1790401163.095487,0,1,0,0.000087,0.000041,"[0.017331119472303726, -0.5791700589817983, 0.0281347075421486, -0.3000570050028651, 0.011065387457644042, 0.20561723917745198, -0.4734380128959818]","[0.01731366617978375, -0.5792224188593581, 0.028134707542148595, -0.3000744582953851, 0.011152653920243767, 0.2056346924699719, -0.47345546618850176]","[0.38232033511135644, -0.014079053157000957, 0.5721696318992001]","[0.38234199999999996, -0.014077999999999999, 0.572135]"
624,return,31.200000,31.200942,0.000297,0.050256,2026-09-26T05:39:23.155112+00:00,2026-09-26T05:39:23.155740+00:00,0.000645,1790401163.152118,1790401163.135246,0,1,0,0.000087,0.000041,"[0.017331119472303726, -0.5791700589817983, 0.028134707542148602, -0.3000570050028651, 0.01106538745764404, 0.20561723917745198, -0.4734380128959818]","[0.01731366617978375, -0.5792224188593581, 0.028134707542148595, -0.3000744582953851, 0.011152653920243767, 0.2056346924699719, -0.47345546618850176]","[0.38232033511135644, -0.014079053157000957, 0.5721696318992001]","[0.38234199999999996, -0.014077999999999999, 0.572135]"
625,return,31.250000,31.251836,0.000298,0.050893,2026-09-26T05:39:23.205104+00:00,2026-09-26T05:39:23.206632+00:00,0.001538,1790401163.202191,1790401163.195262,0,1,0,0.000087,0.000041,"[0.017331119472303726, -0.5791700589817983, 0.028134707542148602, -0.3000570050028651, 0.011065387457644042, 0.20561723917745198, -0.4734380128959818]","[0.01731366617978375, -0.5792224188593581, 0.028134707542148595, -0.3000744582953851, 0.011152653920243767, 0.2056346924699719, -0.47345546618850176]","[0.38232033511135644, -0.014079053157000957, 0.5721696318992001]","[0.38234199999999996, -0.014077999999999999, 0.572135]"
626,return,31.300000,31.301439,0.000297,0.049603,2026-09-26T05:39:23.255109+00:00,2026-09-26T05:39:23.256235+00:00,0.001142,1790401163.251967,1790401163.235252,0,1,0,0.000087,0.000041,"[0.017331119472303726, -0.5791700589817983, 0.028134707542148602, -0.3000570050028651, 0.011065387457644042, 0.20561723917745198, -0.4734380128959818]","[0.01731366617978375, -0.5792224188593581, 0.028134707542148595, -0.3000744582953851, 0.011152653920243767, 0.2056346924699719, -0.47345546618850176]","[0.38232033511135644, -0.014079053157000957, 0.5721696318992001]","[0.38234199999999996, -0.014077999999999999, 0.572135]"
627,return,31.350000,31.351261,0.000256,0.049822,2026-09-26T05:39:23.305069+00:00,2026-09-26T05:39:23.306059+00:00,0.001005,1790401163.301965,1790401163.295609,0,1,0,0.000087,0.000041,"[0.017331119472303726, -0.5791700589817983, 0.028134707542148602, -0.3000570050028651, 0.011065387457644042, 0.20561723917745198, -0.4734380128959818]","[0.01731366617978375, -0.5792224188593581, 0.028134707542148595, -0.3000744582953851, 0.011152653920243767, 0.2056346924699719, -0.47345546618850176]","[0.38232033511135644, -0.014079053157000957, 0.5721696318992001]","[0.38234199999999996, -0.014077999999999999, 0.572135]"
628,return,31.400000,31.400453,0.000245,0.049192,2026-09-26T05:39:23.355047+00:00,2026-09-26T05:39:23.355247+00:00,0.000208,1790401163.351949,1790401163.335364,0,1,0,0.000087,0.000041,"[0.01733111947230373, -0.5791700589817984, 0.028134707542148606, -0.30005700500286514, 0.011065387457644042, 0.20561723917745198, -0.47343801289598186]","[0.01731366617978375, -0.5792224188593581, 0.028134707542148595, -0.3000744582953851, 0.011152653920243767, 0.2056346924699719, -0.47345546618850176]","[0.38232033511135644, -0.014079053157000957, 0.5721696318992001]","[0.38234199999999996, -0.014077999999999999, 0.572135]"
629,return,31.450000,31.450729,0.000412,0.050276,2026-09-26T05:39:23.405238+00:00,2026-09-26T05:39:23.405524+00:00,0.000317,1790401163.401925,1790401163.395483,0,1,0,0.000087,0.000041,"[0.017331119472303726, -0.5791700589817983, 0.028134707542148602, -0.3000570050028651, 0.011065387457644042, 0.20561723917745198, -0.4734380128959818]","[0.01731366617978375, -0.5792224188593581, 0.028134707542148595, -0.3000744582953851, 0.011152653920243767, 0.2056346924699719, -0.47345546618850176]","[0.38232033511135644, -0.014079053157000957, 0.5721696318992001]","[0.38234199999999996, -0.014077999999999999, 0.572135]"
630,return,31.500000,31.500406,0.000205,0.049676,2026-09-26T05:39:23.455007+00:00,2026-09-26T05:39:23.455200+00:00,0.000201,1790401163.451963,1790401163.435611,0,1,0,0.000087,0.000041,"[0.017331119472303726, -0.5791700589817983, 0.028134707542148602, -0.3000570050028651, 0.011065387457644044, 0.20561723917745198, -0.4734380128959818]","[0.01731366617978375, -0.5792224188593581, 0.028134707542148595, -0.3000744582953851, 0.011152653920243767, 0.2056346924699719, -0.47345546618850176]","[0.38232033511135644, -0.014079053157000957, 0.5721696318992001]","[0.38234199999999996, -0.014077999999999999, 0.572135]"
631,return,31.550000,31.550796,0.000360,0.050390,2026-09-26T05:39:23.505165+00:00,2026-09-26T05:39:23.505590+00:00,0.000436,1790401163.501969,1790401163.495208,0,1,0,0.000087,0.000041,"[0.017331119472303726, -0.5791700589817983, 0.028134707542148606, -0.3000570050028651, 0.011065387457644042, 0.20561723917745198, -0.4734380128959818]","[0.01731366617978375, -0.5792224188593581, 0.028134707542148595, -0.3000744582953851, 0.011152653920243767, 0.2056346924699719, -0.47345546618850176]","[0.38232033511135644, -0.014079053157000957, 0.5721696318992001]","[0.38234199999999996, -0.014077999999999999, 0.572135]"
632,return,31.600000,31.601061,0.000294,0.050265,2026-09-26T05:39:23.555106+00:00,2026-09-26T05:39:23.555858+00:00,0.000768,1790401163.551999,1790401163.536011,0,0,0,0.000087,0.000037,"[0.017331119472303726, -0.5791700589817983, 0.028134707542148602, -0.3000570050028651, 0.011065387457644042, 0.20561723917745198, -0.4734380128959818]","[0.01731366617978375, -0.5791875122743183, 0.028134707542148595, -0.3000744582953851, 0.011152653920243767, 0.2056346924699719, -0.47345546618850176]","[0.38232033511135644, -0.014079053157000957, 0.5721696318992001]","[0.382332, -0.014077999999999999, 0.572135]"
633,return,31.650000,31.651312,0.000217,0.050251,2026-09-26T05:39:23.605027+00:00,2026-09-26T05:39:23.606108+00:00,0.001095,1790401163.602000,1790401163.595558,0,1,0,0.000087,0.000028,"[0.017331119472303726, -0.5791700589817983, 0.028134707542148602, -0.3000570050028651, 0.011065387457644042, 0.20561723917745198, -0.4734380128959818]","[0.01731366617978375, -0.5791875122743183, 0.028134707542148595, -0.3000744582953851, 0.011152653920243767, 0.2056346924699719, -0.47345546618850176]","[0.38232033511135644, -0.014079053157000957, 0.5721696318992001]","[0.382332, -0.014077999999999999, 0.572144]"
634,return,31.700000,31.700529,0.000216,0.049217,2026-09-26T05:39:23.655017+00:00,2026-09-26T05:39:23.655323+00:00,0.000313,1790401163.651953,1790401163.635922,0,0,0,0.000087,0.000028,"[0.017331119472303726, -0.5791700589817983, 0.028134707542148602, -0.3000570050028651, 0.011065387457644042, 0.20561723917745198, -0.4734380128959818]","[0.01731366617978375, -0.5791875122743183, 0.028134707542148595, -0.3000744582953851, 0.011152653920243767, 0.2056346924699719, -0.47345546618850176]","[0.38232033511135644, -0.014079053157000957, 0.5721696318992001]","[0.382332, -0.014077999999999999, 0.572144]"
635,return,31.750000,31.750327,0.000162,0.049799,2026-09-26T05:39:23.704962+00:00,2026-09-26T05:39:23.705121+00:00,0.000165,1790401163.701967,1790401163.697010,0,1,0,0.000087,0.000028,"[0.017331119472303726, -0.5791700589817983, 0.028134707542148602, -0.3000570050028651, 0.01106538745764404, 0.20561723917745198, -0.4734380128959818]","[0.01731366617978375, -0.5791875122743183, 0.028134707542148595, -0.3000744582953851, 0.011152653920243767, 0.2056346924699719, -0.47345546618850176]","[0.38232033511135644, -0.014079053157000957, 0.5721696318992001]","[0.382332, -0.014077999999999999, 0.572144]"
636,return,31.800000,31.801688,0.000308,0.051360,2026-09-26T05:39:23.755123+00:00,2026-09-26T05:39:23.756486+00:00,0.001379,1790401163.752058,1790401163.735366,0,0,0,0.000087,0.000028,"[0.017331119472303726, -0.5791700589817983, 0.028134707542148602, -0.3000570050028651, 0.011065387457644042, 0.20561723917745198, -0.4734380128959818]","[0.01731366617978375, -0.5791875122743183, 0.028134707542148595, -0.3000744582953851, 0.011152653920243767, 0.2056346924699719, -0.47345546618850176]","[0.38232033511135644, -0.014079053157000957, 0.5721696318992001]","[0.382332, -0.014077999999999999, 0.572144]"
637,return,31.850000,31.850692,0.000347,0.049004,2026-09-26T05:39:23.805157+00:00,2026-09-26T05:39:23.805486+00:00,0.000345,1790401163.802128,1790401163.796701,0,1,0,0.000087,0.000028,"[0.017331119472303723, -0.5791700589817982, 0.028134707542148602, -0.30005700500286503, 0.011065387457644042, 0.20561723917745198, -0.47343801289598175]","[0.01731366617978375, -0.5791875122743183, 0.028134707542148595, -0.3000744582953851, 0.011152653920243767, 0.2056346924699719, -0.47345546618850176]","[0.38232033511135627, -0.01407905315700096, 0.5721696318992002]","[0.382332, -0.014077999999999999, 0.572144]"
638,return,31.900000,31.900454,0.000220,0.049763,2026-09-26T05:39:23.855023+00:00,2026-09-26T05:39:23.855249+00:00,0.000234,1790401163.854123,1790401163.835365,0,0,0,0.000087,0.000028,"[0.017331119472303726, -0.5791700589817983, 0.028134707542148602, -0.3000570050028651, 0.011065387457644042, 0.20561723917745198, -0.4734380128959818]","[0.01731366617978375, -0.5791875122743183, 0.028134707542148595, -0.3000744582953851, 0.011152653920243767, 0.2056346924699719, -0.47345546618850176]","[0.38232033511135644, -0.014079053157000957, 0.5721696318992001]","[0.382332, -0.014077999999999999, 0.572144]"
639,return,31.950000,31.950368,0.000207,0.049914,2026-09-26T05:39:23.905007+00:00,2026-09-26T05:39:23.905161+00:00,0.000161,1790401163.902131,1790401163.896741,0,1,0,0.000087,0.000028,"[0.017331119472303726, -0.5791700589817983, 0.028134707542148602, -0.3000570050028651, 0.011065387457644042, 0.20561723917745198, -0.4734380128959818]","[0.01731366617978375, -0.5791875122743183, 0.028134707542148595, -0.3000744582953851, 0.011152653920243767, 0.2056346924699719, -0.47345546618850176]","[0.38232033511135644, -0.014079053157000957, 0.5721696318992001]","[0.382332, -0.014077999999999999, 0.572144]"
640,return,32.000000,32.000391,0.000214,0.050023,2026-09-26T05:39:23.955017+00:00,2026-09-26T05:39:23.955185+00:00,0.000177,1790401163.953849,1790401163.935454,0,1,0,0.000087,0.000028,"[0.017331119472303726, -0.5791700589817983, 0.028134707542148602, -0.3000570050028651, 0.011065387457644042, 0.20561723917745198, -0.4734380128959818]","[0.01731366617978375, -0.5791875122743183, 0.028134707542148595, -0.3000744582953851, 0.011152653920243767, 0.2056346924699719, -0.47345546618850176]","[0.38232033511135644, -0.014079053157000957, 0.5721696318992001]","[0.382332, -0.014077999999999999, 0.572144]"
641,return,32.050000,32.050321,0.000151,0.049930,2026-09-26T05:39:24.004952+00:00,2026-09-26T05:39:24.005115+00:00,0.000171,1790401164.002633,1790401163.995365,0,1,0,0.000017,0.000026,"[0.017331119472303726, -0.5791700589817983, 0.0281347075421486, -0.3000570050028651, 0.011065387457644042, 0.20561723917745198, -0.4734380128959818]","[0.01731366617978375, -0.5791875122743183, 0.028134707542148595, -0.3000744582953851, 0.011047934165124106, 0.2056346924699719, -0.47345546618850176]","[0.38232033511135644, -0.014079053157000957, 0.5721696318992001]","[0.38233, -0.014077999999999999, 0.5721459999999999]"
642,return,32.100000,32.100442,0.000238,0.050120,2026-09-26T05:39:24.055039+00:00,2026-09-26T05:39:24.055235+00:00,0.000204,1790401164.052124,1790401164.035214,0,1,0,0.000035,0.000016,"[0.017331119472303726, -0.5791700589817983, 0.028134707542148602, -0.3000570050028651, 0.011065387457644042, 0.20561723917745198, -0.4734380128959818]","[0.01731366617978375, -0.5791351523967585, 0.028134707542148595, -0.3000744582953851, 0.011047934165124106, 0.2056346924699719, -0.47345546618850176]","[0.38232033511135644, -0.014079053157000957, 0.5721696318992001]","[0.382304, -0.014079, 0.5721689999999999]"
643,return,32.150000,32.150728,0.000304,0.050286,2026-09-26T05:39:24.105107+00:00,2026-09-26T05:39:24.105522+00:00,0.000423,1790401164.101973,1790401164.095259,0,1,0,0.000035,0.000016,"[0.017331119472303726, -0.5791700589817983, 0.028134707542148602, -0.3000570050028651, 0.01106538745764404, 0.20561723917745198, -0.4734380128959818]","[0.01731366617978375, -0.5791351523967585, 0.028134707542148595, -0.3000744582953851, 0.011047934165124106, 0.2056346924699719, -0.47345546618850176]","[0.38232033511135644, -0.014079053157000957, 0.5721696318992001]","[0.382304, -0.014079, 0.5721689999999999]"
644,return,32.200000,32.200386,0.000115,0.049659,2026-09-26T05:39:24.154918+00:00,2026-09-26T05:39:24.155180+00:00,0.000271,1790401164.152567,1790401164.135370,0,1,0,0.000035,0.000016,"[0.017331119472303726, -0.5791700589817983, 0.028134707542148606, -0.3000570050028651, 0.011065387457644042, 0.20561723917745198, -0.4734380128959818]","[0.01731366617978375, -0.5791351523967585, 0.028134707542148595, -0.3000744582953851, 0.011047934165124106, 0.2056346924699719, -0.47345546618850176]","[0.38232033511135644, -0.014079053157000957, 0.5721696318992001]","[0.382304, -0.014079, 0.5721689999999999]"
645,return,32.250000,32.251068,0.000242,0.050682,2026-09-26T05:39:24.205057+00:00,2026-09-26T05:39:24.205864+00:00,0.000826,1790401164.201969,1790401164.195265,0,0,0,0.000035,0.000016,"[0.017331119472303726, -0.5791700589817983, 0.0281347075421486, -0.3000570050028651, 0.011065387457644042, 0.20561723917745198, -0.4734380128959818]","[0.01731366617978375, -0.5791351523967585, 0.028134707542148595, -0.3000744582953851, 0.011047934165124106, 0.2056346924699719, -0.47345546618850176]","[0.38232033511135644, -0.014079053157000957, 0.5721696318992001]","[0.382304, -0.014079, 0.5721689999999999]"
646,return,32.300000,32.301305,0.000344,0.050236,2026-09-26T05:39:24.255155+00:00,2026-09-26T05:39:24.256100+00:00,0.000961,1790401164.252709,1790401164.235330,0,0,0,0.000035,0.000016,"[0.017331119472303726, -0.5791700589817983, 0.028134707542148602, -0.3000570050028651, 0.01106538745764404, 0.20561723917745198, -0.4734380128959818]","[0.01731366617978375, -0.5791351523967585, 0.028134707542148595, -0.3000744582953851, 0.011047934165124106, 0.2056346924699719, -0.47345546618850176]","[0.38232033511135644, -0.014079053157000957, 0.5721696318992001]","[0.382304, -0.014079, 0.5721689999999999]"
647,return,32.350000,32.350433,0.000228,0.049128,2026-09-26T05:39:24.305028+00:00,2026-09-26T05:39:24.305226+00:00,0.000205,1790401164.301961,1790401164.295979,0,1,0,0.000035,0.000016,"[0.017331119472303726, -0.5791700589817983, 0.028134707542148602, -0.3000570050028651, 0.011065387457644042, 0.20561723917745198, -0.4734380128959818]","[0.01731366617978375, -0.5791351523967585, 0.028134707542148595, -0.3000744582953851, 0.011047934165124106, 0.2056346924699719, -0.47345546618850176]","[0.38232033511135644, -0.014079053157000957, 0.5721696318992001]","[0.382304, -0.014079, 0.5721689999999999]"
648,return,32.400000,32.401651,0.000178,0.051218,2026-09-26T05:39:24.354987+00:00,2026-09-26T05:39:24.356447+00:00,0.001473,1790401164.353487,1790401164.337086,0,1,0,0.000035,0.000016,"[0.017331119472303726, -0.5791700589817983, 0.028134707542148602, -0.3000570050028651, 0.011065387457644044, 0.20561723917745198, -0.4734380128959818]","[0.01731366617978375, -0.5791351523967585, 0.028134707542148595, -0.3000744582953851, 0.011047934165124106, 0.2056346924699719, -0.47345546618850176]","[0.38232033511135644, -0.014079053157000957, 0.5721696318992001]","[0.382304, -0.014079, 0.5721689999999999]"
649,return,32.450000,32.451225,0.000177,0.049574,2026-09-26T05:39:24.404988+00:00,2026-09-26T05:39:24.406021+00:00,0.001049,1790401164.401981,1790401164.395981,0,1,0,0.000035,0.000016,"[0.017331119472303726, -0.5791700589817983, 0.028134707542148602, -0.3000570050028651, 0.011065387457644042, 0.20561723917745198, -0.4734380128959818]","[0.01731366617978375, -0.5791351523967585, 0.028134707542148595, -0.3000744582953851, 0.011047934165124106, 0.2056346924699719, -0.47345546618850176]","[0.38232033511135644, -0.014079053157000957, 0.5721696318992001]","[0.382304, -0.014079, 0.5721689999999999]"
650,return,32.500000,32.502284,0.000293,0.051059,2026-09-26T05:39:24.455105+00:00,2026-09-26T05:39:24.457081+00:00,0.001991,1790401164.452032,1790401164.437131,0,0,0,0.000035,0.000016,"[0.017331119472303726, -0.5791700589817983, 0.028134707542148602, -0.3000570050028651, 0.011065387457644044, 0.20561723917745198, -0.4734380128959818]","[0.01731366617978375, -0.5791351523967585, 0.028134707542148595, -0.3000744582953851, 0.011047934165124106, 0.2056346924699719, -0.47345546618850176]","[0.38232033511135644, -0.014079053157000957, 0.5721696318992001]","[0.382304, -0.014079, 0.5721689999999999]"
651,return,32.550000,32.550746,0.000227,0.048462,2026-09-26T05:39:24.505030+00:00,2026-09-26T05:39:24.505540+00:00,0.000519,1790401164.502022,1790401164.497224,0,0,0,0.000035,0.000016,"[0.017331119472303726, -0.5791700589817983, 0.028134707542148602, -0.3000570050028651, 0.011065387457644044, 0.205617239177452, -0.4734380128959818]","[0.01731366617978375, -0.5791351523967585, 0.028134707542148595, -0.3000744582953851, 0.011047934165124106, 0.2056346924699719, -0.47345546618850176]","[0.38232033511135644, -0.014079053157000957, 0.5721696318992001]","[0.382304, -0.014079, 0.5721689999999999]"
652,return,32.600000,32.601565,0.000280,0.050820,2026-09-26T05:39:24.555090+00:00,2026-09-26T05:39:24.556363+00:00,0.001286,1790401164.552072,1790401164.536353,0,1,0,0.000035,0.000016,"[0.017331119472303726, -0.5791700589817983, 0.028134707542148602, -0.3000570050028651, 0.011065387457644042, 0.20561723917745198, -0.4734380128959818]","[0.01731366617978375, -0.5791351523967585, 0.028134707542148595, -0.3000744582953851, 0.011047934165124106, 0.2056346924699719, -0.47345546618850176]","[0.38232033511135644, -0.014079053157000957, 0.5721696318992001]","[0.382304, -0.014079, 0.5721689999999999]"
653,return,32.650000,32.651404,0.000300,0.049839,2026-09-26T05:39:24.605114+00:00,2026-09-26T05:39:24.606200+00:00,0.001105,1790401164.602983,1790401164.598595,0,0,0,0.000035,0.000016,"[0.017331119472303726, -0.5791700589817983, 0.0281347075421486, -0.3000570050028651, 0.011065387457644042, 0.20561723917745198, -0.4734380128959818]","[0.01731366617978375, -0.5791351523967585, 0.028134707542148595, -0.3000744582953851, 0.011047934165124106, 0.2056346924699719, -0.47345546618850176]","[0.38232033511135644, -0.014079053157000957, 0.5721696318992001]","[0.382304, -0.014079, 0.5721689999999999]"
654,return,32.700000,32.701493,0.000350,0.050089,2026-09-26T05:39:24.655158+00:00,2026-09-26T05:39:24.656290+00:00,0.001143,1790401164.652968,1790401164.637028,0,1,0,0.000035,0.000016,"[0.017331119472303726, -0.5791700589817983, 0.0281347075421486, -0.3000570050028651, 0.011065387457644042, 0.20561723917745198, -0.4734380128959818]","[0.01731366617978375, -0.5791351523967585, 0.028134707542148595, -0.3000744582953851, 0.011047934165124106, 0.2056346924699719, -0.47345546618850176]","[0.38232033511135644, -0.014079053157000957, 0.5721696318992001]","[0.382304, -0.014079, 0.5721689999999999]"
655,return,32.750000,32.751671,0.000302,0.050177,2026-09-26T05:39:24.705115+00:00,2026-09-26T05:39:24.706467+00:00,0.001369,1790401164.702180,1790401164.697757,0,1,0,0.000035,0.000016,"[0.017331119472303723, -0.5791700589817983, 0.028134707542148602, -0.3000570050028651, 0.011065387457644042, 0.20561723917745198, -0.4734380128959818]","[0.01731366617978375, -0.5791351523967585, 0.028134707542148595, -0.3000744582953851, 0.011047934165124106, 0.2056346924699719, -0.47345546618850176]","[0.38232033511135644, -0.014079053157000958, 0.5721696318992001]","[0.382304, -0.014079, 0.5721689999999999]"
656,return,32.800000,32.801237,0.000295,0.049566,2026-09-26T05:39:24.755108+00:00,2026-09-26T05:39:24.756033+00:00,0.000941,1790401164.752230,1790401164.736584,0,1,0,0.000035,0.000016,"[0.017331119472303726, -0.5791700589817983, 0.028134707542148602, -0.3000570050028651, 0.011065387457644042, 0.20561723917745198, -0.4734380128959818]","[0.01731366617978375, -0.5791351523967585, 0.028134707542148595, -0.3000744582953851, 0.011047934165124106, 0.2056346924699719, -0.47345546618850176]","[0.38232033511135644, -0.014079053157000957, 0.5721696318992001]","[0.382304, -0.014079, 0.5721689999999999]"
657,return,32.850000,32.850630,0.000256,0.049394,2026-09-26T05:39:24.805064+00:00,2026-09-26T05:39:24.805425+00:00,0.000374,1790401164.803922,1790401164.797891,0,0,0,0.000035,0.000016,"[0.017331119472303726, -0.5791700589817983, 0.028134707542148606, -0.3000570050028651, 0.011065387457644042, 0.20561723917745198, -0.4734380128959818]","[0.01731366617978375, -0.5791351523967585, 0.028134707542148595, -0.3000744582953851, 0.011047934165124106, 0.2056346924699719, -0.47345546618850176]","[0.38232033511135644, -0.014079053157000957, 0.5721696318992001]","[0.382304, -0.014079, 0.5721689999999999]"
658,return,32.900000,32.900502,0.000172,0.049872,2026-09-26T05:39:24.854983+00:00,2026-09-26T05:39:24.855297+00:00,0.000330,1790401164.851930,1790401164.835471,0,1,0,0.000035,0.000016,"[0.017331119472303726, -0.5791700589817983, 0.028134707542148602, -0.3000570050028651, 0.011065387457644042, 0.20561723917745198, -0.4734380128959818]","[0.01731366617978375, -0.5791351523967585, 0.028134707542148595, -0.3000744582953851, 0.011047934165124106, 0.2056346924699719, -0.47345546618850176]","[0.38232033511135644, -0.014079053157000957, 0.5721696318992001]","[0.382304, -0.014079, 0.5721689999999999]"
659,return,32.950000,32.950897,0.000152,0.050395,2026-09-26T05:39:24.904962+00:00,2026-09-26T05:39:24.905692+00:00,0.000745,1790401164.901943,1790401164.895471,0,0,0,0.000122,0.000016,"[0.017331119472303726, -0.5791700589817983, 0.028134707542148602, -0.3000570050028651, 0.011065387457644042, 0.20561723917745198, -0.4734380128959818]","[0.01731366617978375, -0.5791351523967585, 0.028134707542148595, -0.3000744582953851, 0.011047934165124106, 0.2056346924699719, -0.47331583984834225]","[0.38232033511135644, -0.014079053157000957, 0.5721696318992001]","[0.382304, -0.014079, 0.5721689999999999]"
660,return,33.000000,33.001416,0.000404,0.050519,2026-09-26T05:39:24.955218+00:00,2026-09-26T05:39:24.956213+00:00,0.001012,1790401164.951946,1790401164.935472,0,1,0,0.000105,0.000016,"[0.017331119472303726, -0.5791700589817983, 0.028134707542148602, -0.3000570050028651, 0.011065387457644042, 0.20561723917745198, -0.4734380128959818]","[0.01731366617978375, -0.5791351523967585, 0.028134707542148595, -0.3000744582953851, 0.011047934165124106, 0.2056346924699719, -0.4733332931408622]","[0.38232033511135644, -0.014079053157000957, 0.5721696318992001]","[0.382304, -0.014079, 0.5721689999999999]"
661,return,33.050000,33.052582,0.000484,0.051166,2026-09-26T05:39:25.005298+00:00,2026-09-26T05:39:25.007379+00:00,0.002097,1790401165.002018,1790401164.996138,0,0,0,0.000105,0.000016,"[0.017331119472303726, -0.5791700589817984, 0.028134707542148602, -0.3000570050028651, 0.011065387457644042, 0.20561723917745198, -0.4734380128959818]","[0.01731366617978375, -0.5791351523967585, 0.028134707542148595, -0.3000744582953851, 0.011047934165124106, 0.2056346924699719, -0.4733332931408622]","[0.38232033511135644, -0.014079053157000957, 0.5721696318992001]","[0.382304, -0.014079, 0.5721689999999999]"
662,return,33.100000,33.101894,0.000317,0.049312,2026-09-26T05:39:25.055130+00:00,2026-09-26T05:39:25.056693+00:00,0.001577,1790401165.052033,1790401165.035384,0,1,0,0.000105,0.000016,"[0.017331119472303726, -0.5791700589817983, 0.028134707542148602, -0.3000570050028651, 0.011065387457644042, 0.20561723917745198, -0.4734380128959818]","[0.01731366617978375, -0.5791351523967585, 0.028134707542148595, -0.3000744582953851, 0.011047934165124106, 0.2056346924699719, -0.4733332931408622]","[0.38232033511135644, -0.014079053157000957, 0.5721696318992001]","[0.382304, -0.014079, 0.5721689999999999]"
663,return,33.150000,33.151004,0.000455,0.049110,2026-09-26T05:39:25.105269+00:00,2026-09-26T05:39:25.105801+00:00,0.000550,1790401165.101934,1790401165.095234,0,0,0,0.000105,0.000016,"[0.017331119472303726, -0.5791700589817983, 0.028134707542148602, -0.3000570050028651, 0.011065387457644042, 0.20561723917745198, -0.4734380128959818]","[0.01731366617978375, -0.5791351523967585, 0.028134707542148595, -0.3000744582953851, 0.011047934165124106, 0.2056346924699719, -0.4733332931408622]","[0.38232033511135644, -0.014079053157000957, 0.5721696318992001]","[0.382304, -0.014079, 0.5721689999999999]"
664,return,33.200000,33.200916,0.000542,0.049912,2026-09-26T05:39:25.155357+00:00,2026-09-26T05:39:25.155711+00:00,0.000374,1790401165.151991,1790401165.136184,0,1,0,0.000105,0.000016,"[0.017331119472303726, -0.5791700589817983, 0.028134707542148602, -0.3000570050028651, 0.011065387457644042, 0.20561723917745198, -0.4734380128959818]","[0.01731366617978375, -0.5791351523967585, 0.028134707542148595, -0.3000744582953851, 0.011047934165124106, 0.2056346924699719, -0.4733332931408622]","[0.38232033511135644, -0.014079053157000957, 0.5721696318992001]","[0.382304, -0.014079, 0.5721689999999999]"
665,return,33.250000,33.251289,0.000238,0.050373,2026-09-26T05:39:25.205049+00:00,2026-09-26T05:39:25.206085+00:00,0.001051,1790401165.201994,1790401165.195432,0,0,0,0.000105,0.000016,"[0.017331119472303726, -0.5791700589817983, 0.028134707542148602, -0.3000570050028651, 0.01106538745764404, 0.20561723917745198, -0.4734380128959818]","[0.01731366617978375, -0.5791351523967585, 0.028134707542148595, -0.3000744582953851, 0.011047934165124106, 0.2056346924699719, -0.4733332931408622]","[0.38232033511135644, -0.014079053157000957, 0.5721696318992001]","[0.382304, -0.014079, 0.5721689999999999]"
666,return,33.300000,33.300765,0.000196,0.049476,2026-09-26T05:39:25.255009+00:00,2026-09-26T05:39:25.255562+00:00,0.000569,1790401165.251951,1790401165.235901,0,1,0,0.000105,0.000016,"[0.017331119472303726, -0.5791700589817983, 0.028134707542148606, -0.3000570050028651, 0.011065387457644042, 0.20561723917745198, -0.4734380128959818]","[0.01731366617978375, -0.5791351523967585, 0.028134707542148595, -0.3000744582953851, 0.011047934165124106, 0.2056346924699719, -0.4733332931408622]","[0.38232033511135644, -0.014079053157000957, 0.5721696318992001]","[0.382304, -0.014079, 0.5721689999999999]"
667,return,33.350000,33.350799,0.000504,0.050034,2026-09-26T05:39:25.305311+00:00,2026-09-26T05:39:25.305593+00:00,0.000294,1790401165.302081,1790401165.295994,0,0,0,0.000105,0.000016,"[0.017331119472303726, -0.5791700589817983, 0.0281347075421486, -0.3000570050028651, 0.011065387457644042, 0.20561723917745198, -0.4734380128959818]","[0.01731366617978375, -0.5791351523967585, 0.028134707542148595, -0.3000744582953851, 0.011047934165124106, 0.2056346924699719, -0.4733332931408622]","[0.38232033511135644, -0.014079053157000957, 0.5721696318992001]","[0.382304, -0.014079, 0.5721689999999999]"
668,return,33.400000,33.401129,0.000303,0.050330,2026-09-26T05:39:25.355117+00:00,2026-09-26T05:39:25.355926+00:00,0.000826,1790401165.351994,1790401165.335435,0,1,0,0.000105,0.000016,"[0.017331119472303726, -0.5791700589817983, 0.0281347075421486, -0.3000570050028651, 0.011065387457644042, 0.20561723917745198, -0.4734380128959818]","[0.01731366617978375, -0.5791351523967585, 0.028134707542148595, -0.3000744582953851, 0.011047934165124106, 0.2056346924699719, -0.4733332931408622]","[0.38232033511135644, -0.014079053157000957, 0.5721696318992001]","[0.382304, -0.014079, 0.5721689999999999]"
669,return,33.450000,33.451271,0.000298,0.050142,2026-09-26T05:39:25.405111+00:00,2026-09-26T05:39:25.406067+00:00,0.000973,1790401165.402897,1790401165.396606,0,0,0,0.000105,0.000016,"[0.017331119472303726, -0.5791700589817983, 0.028134707542148602, -0.3000570050028651, 0.011065387457644042, 0.20561723917745198, -0.4734380128959818]","[0.01731366617978375, -0.5791351523967585, 0.028134707542148595, -0.3000744582953851, 0.011047934165124106, 0.2056346924699719, -0.4733332931408622]","[0.38232033511135644, -0.014079053157000957, 0.5721696318992001]","[0.382304, -0.014079, 0.5721689999999999]"
670,return,33.500000,33.501308,0.000243,0.050037,2026-09-26T05:39:25.455048+00:00,2026-09-26T05:39:25.456104+00:00,0.001065,1790401165.452124,1790401165.435239,0,1,0,0.000035,0.000016,"[0.017331119472303726, -0.5791700589817983, 0.028134707542148602, -0.3000570050028651, 0.011065387457644042, 0.20561723917745198, -0.4734380128959818]","[0.01731366617978375, -0.5791351523967585, 0.028134707542148595, -0.3000744582953851, 0.011047934165124106, 0.2056346924699719, -0.47345546618850176]","[0.38232033511135644, -0.014079053157000957, 0.5721696318992001]","[0.382304, -0.014079, 0.5721689999999999]"
671,return,33.550000,33.551261,0.000299,0.049953,2026-09-26T05:39:25.505110+00:00,2026-09-26T05:39:25.506058+00:00,0.000962,1790401165.502145,1790401165.495240,0,0,0,0.000035,0.000016,"[0.017331119472303726, -0.5791700589817983, 0.028134707542148602, -0.3000570050028651, 0.011065387457644042, 0.20561723917745198, -0.4734380128959818]","[0.01731366617978375, -0.5791351523967585, 0.028134707542148595, -0.3000744582953851, 0.011047934165124106, 0.2056346924699719, -0.47345546618850176]","[0.38232033511135644, -0.014079053157000957, 0.5721696318992001]","[0.382304, -0.014079, 0.5721689999999999]"
672,return,33.600000,33.601478,0.000236,0.050217,2026-09-26T05:39:25.555049+00:00,2026-09-26T05:39:25.556274+00:00,0.001242,1790401165.552150,1790401165.535198,0,1,0,0.000035,0.000016,"[0.017331119472303726, -0.5791700589817983, 0.0281347075421486, -0.3000570050028651, 0.011065387457644042, 0.20561723917745195, -0.47343801289598175]","[0.01731366617978375, -0.5791351523967585, 0.028134707542148595, -0.3000744582953851, 0.011047934165124106, 0.2056346924699719, -0.47345546618850176]","[0.38232033511135644, -0.014079053157000957, 0.5721696318992001]","[0.382304, -0.014079, 0.5721689999999999]"
673,return,33.650000,33.651591,0.000523,0.050113,2026-09-26T05:39:25.605335+00:00,2026-09-26T05:39:25.606388+00:00,0.001068,1790401165.602103,1790401165.595435,0,0,0,0.000035,0.000016,"[0.017331119472303726, -0.5791700589817983, 0.028134707542148602, -0.3000570050028651, 0.011065387457644042, 0.20561723917745198, -0.4734380128959818]","[0.01731366617978375, -0.5791351523967585, 0.028134707542148595, -0.3000744582953851, 0.011047934165124106, 0.2056346924699719, -0.47345546618850176]","[0.38232033511135644, -0.014079053157000957, 0.5721696318992001]","[0.382304, -0.014079, 0.5721689999999999]"
674,return,33.700000,33.700841,0.000323,0.049250,2026-09-26T05:39:25.655136+00:00,2026-09-26T05:39:25.655637+00:00,0.000518,1790401165.651943,1790401165.635392,0,1,0,0.000035,0.000016,"[0.017331119472303726, -0.5791700589817983, 0.028134707542148602, -0.3000570050028651, 0.011065387457644044, 0.20561723917745198, -0.4734380128959818]","[0.01731366617978375, -0.5791351523967585, 0.028134707542148595, -0.3000744582953851, 0.011047934165124106, 0.2056346924699719, -0.47345546618850176]","[0.38232033511135644, -0.014079053157000957, 0.5721696318992001]","[0.382304, -0.014079, 0.5721689999999999]"
675,return,33.750000,33.750800,0.000336,0.049959,2026-09-26T05:39:25.705150+00:00,2026-09-26T05:39:25.705595+00:00,0.000464,1790401165.702307,1790401165.695242,0,0,0,0.000035,0.000016,"[0.017331119472303726, -0.5791700589817983, 0.028134707542148606, -0.3000570050028651, 0.011065387457644042, 0.20561723917745198, -0.4734380128959818]","[0.01731366617978375, -0.5791351523967585, 0.028134707542148595, -0.3000744582953851, 0.011047934165124106, 0.2056346924699719, -0.47345546618850176]","[0.38232033511135644, -0.014079053157000957, 0.5721696318992001]","[0.382304, -0.014079, 0.5721689999999999]"
676,return,33.800000,33.801511,0.000328,0.050711,2026-09-26T05:39:25.755142+00:00,2026-09-26T05:39:25.756309+00:00,0.001183,1790401165.751987,1790401165.735394,0,0,0,0.000035,0.000016,"[0.017331119472303726, -0.5791700589817983, 0.028134707542148606, -0.3000570050028651, 0.011065387457644042, 0.20561723917745198, -0.4734380128959818]","[0.01731366617978375, -0.5791351523967585, 0.028134707542148595, -0.3000744582953851, 0.011047934165124106, 0.2056346924699719, -0.47345546618850176]","[0.38232033511135644, -0.014079053157000957, 0.5721696318992001]","[0.382304, -0.014079, 0.5721689999999999]"
677,return,33.850000,33.851262,0.000317,0.049751,2026-09-26T05:39:25.805130+00:00,2026-09-26T05:39:25.806060+00:00,0.000945,1790401165.802244,1790401165.795329,0,0,0,0.000035,0.000016,"[0.01733111947230373, -0.5791700589817983, 0.028134707542148602, -0.3000570050028651, 0.011065387457644042, 0.20561723917745198, -0.47343801289598186]","[0.01731366617978375, -0.5791351523967585, 0.028134707542148595, -0.3000744582953851, 0.011047934165124106, 0.2056346924699719, -0.47345546618850176]","[0.38232033511135644, -0.014079053157000957, 0.5721696318992001]","[0.382304, -0.014079, 0.5721689999999999]"
678,return,33.900000,33.902139,0.000342,0.050877,2026-09-26T05:39:25.855156+00:00,2026-09-26T05:39:25.856937+00:00,0.001797,1790401165.851945,1790401165.836286,0,0,0,0.000035,0.000016,"[0.017331115374517165, -0.5791700589817983, 0.028134707542148602, -0.3000570050028651, 0.011065387457644042, 0.20561723917745198, -0.4734380128959818]","[0.01731366617978375, -0.5791351523967585, 0.028134707542148595, -0.3000744582953851, 0.011047934165124106, 0.2056346924699719, -0.47345546618850176]","[0.3823203350536635, -0.014079054723668093, 0.5721696318992001]","[0.382304, -0.014079, 0.5721689999999999]"
679,return,33.950000,33.950942,0.000155,0.048803,2026-09-26T05:39:25.904967+00:00,2026-09-26T05:39:25.905737+00:00,0.000787,1790401165.902959,1790401165.895330,0,0,0,0.000035,0.000016,"[0.017331081823889698, -0.5791700589817983, 0.0281347075421486, -0.3000570050028651, 0.01106538745764404, 0.20561723917745198, -0.4734380128959818]","[0.01731366617978375, -0.5791351523967585, 0.028134707542148595, -0.3000744582953851, 0.011047934165124106, 0.2056346924699719, -0.47345546618850176]","[0.3823203345813021, -0.01407906755075522, 0.5721696318992001]","[0.382304, -0.014079, 0.5721689999999999]"
680,return,34.000000,34.001495,0.000414,0.050553,2026-09-26T05:39:25.955227+00:00,2026-09-26T05:39:25.956292+00:00,0.001081,1790401165.952045,1790401165.936331,0,0,0,0.000035,0.000029,"[0.017331045712145634, -0.5791700589817983, 0.028134707542148602, -0.3000570050028651, 0.011065387457644042, 0.20561723917745198, -0.4734380128959818]","[0.01731366617978375, -0.5791351523967585, 0.028134707542148595, -0.3000220984178253, 0.011047934165124106, 0.2056346924699719, -0.47345546618850176]","[0.3823203340728822, -0.014079081357009283, 0.5721696318992001]","[0.38229399999999997, -0.014079, 0.5721809999999999]"
681,return,34.050000,34.050927,0.000159,0.049432,2026-09-26T05:39:26.004969+00:00,2026-09-26T05:39:26.005722+00:00,0.000768,1790401166.002904,1790401165.996044,0,0,0,0.000035,0.000029,"[0.01733104545603397, -0.5791700589817983, 0.028134707542148602, -0.3000570050028651, 0.011065387457644042, 0.20561723917745198, -0.4734380128959818]","[0.01731366617978375, -0.5791351523967585, 0.028134707542148595, -0.3000220984178253, 0.011047934165124106, 0.2056346924699719, -0.47345546618850176]","[0.3823203340692764, -0.014079081454925983, 0.5721696318992001]","[0.38229399999999997, -0.014079, 0.5721809999999999]"
682,return,34.100000,34.100802,0.000227,0.049875,2026-09-26T05:39:26.055035+00:00,2026-09-26T05:39:26.055597+00:00,0.000576,1790401166.052089,1790401166.035155,0,0,0,0.000035,0.000030,"[0.017331119472303726, -0.5791700589817983, 0.028134707542148602, -0.3000570050028651, 0.011065387457644042, 0.20561723917745198, -0.4734380128959818]","[0.017348572764823635, -0.5791351523967585, 0.028134707542148595, -0.3000220984178253, 0.011047934165124106, 0.2056346924699719, -0.47345546618850176]","[0.38232033511135644, -0.014079053157000957, 0.5721696318992001]","[0.38229399999999997, -0.01407, 0.5721809999999999]"
683,return,34.150000,34.151386,0.000334,0.050584,2026-09-26T05:39:26.105147+00:00,2026-09-26T05:39:26.106182+00:00,0.001052,1790401166.103026,1790401166.095887,0,0,0,0.000035,0.000030,"[0.017331228063647588, -0.5791700589817984, 0.028134707542148602, -0.3000570050028651, 0.01106538745764404, 0.20561723917745198, -0.4734380128959818]","[0.017348572764823635, -0.5791351523967585, 0.028134707542148595, -0.3000220984178253, 0.011047934165124106, 0.2056346924699719, -0.47345546618850176]","[0.3823203366402174, -0.014079011640321906, 0.5721696318992001]","[0.38229399999999997, -0.01407, 0.5721809999999999]"
684,return,34.200000,34.200431,0.000203,0.049045,2026-09-26T05:39:26.155005+00:00,2026-09-26T05:39:26.155225+00:00,0.000228,1790401166.152108,1790401166.135291,0,0,0,0.000035,0.000030,"[0.017331357143924257, -0.5791700589817983, 0.028134707542148602, -0.3000570050028651, 0.011065387457644042, 0.20561723917745198, -0.4734380128959818]","[0.017348572764823635, -0.5791351523967585, 0.028134707542148595, -0.3000220984178253, 0.011047934165124106, 0.2056346924699719, -0.47345546618850176]","[0.38232033845753705, -0.014078962290306958, 0.5721696318992001]","[0.38229399999999997, -0.01407, 0.5721809999999999]"
685,return,34.250000,34.250445,0.000216,0.050014,2026-09-26T05:39:26.205018+00:00,2026-09-26T05:39:26.205239+00:00,0.000229,1790401166.202914,1790401166.195287,0,0,0,0.000035,0.000030,"[0.01733158354663174, -0.5791700589817984, 0.028134707542148602, -0.3000570050028651, 0.011065387457644044, 0.205617239177452, -0.4734380128959818]","[0.017348572764823635, -0.5791351523967585, 0.028134707542148595, -0.3000220984178253, 0.011047934165124106, 0.2056346924699719, -0.47345546618850176]","[0.38232034164504236, -0.014078875731946843, 0.5721696318992001]","[0.38229399999999997, -0.01407, 0.5721809999999999]"
686,return,34.300000,34.300544,0.000126,0.050099,2026-09-26T05:39:26.254930+00:00,2026-09-26T05:39:26.255339+00:00,0.000418,1790401166.251992,1790401166.235527,0,0,0,0.000035,0.000030,"[0.017331984105268063, -0.5791700589817983, 0.028134707542148602, -0.3000570050028651, 0.011065387457644042, 0.20561723917745198, -0.4734380128959818]","[0.017348572764823635, -0.5791351523967585, 0.028134707542148595, -0.3000220984178253, 0.011047934165124106, 0.2056346924699719, -0.47345546618850176]","[0.382320347284427, -0.014078722590231026, 0.5721696318992001]","[0.38229399999999997, -0.01407, 0.5721809999999999]"
687,return,34.350000,34.351151,0.000297,0.050607,2026-09-26T05:39:26.305108+00:00,2026-09-26T05:39:26.305947+00:00,0.000854,1790401166.303137,1790401166.295293,0,0,0,0.000035,0.000030,"[0.017332621362300602, -0.5791700589817983, 0.028134707542148602, -0.3000570050028651, 0.011065387457644042, 0.20561723917745198, -0.4734380128959818]","[0.017348572764823635, -0.5791351523967585, 0.028134707542148595, -0.3000220984178253, 0.011047934165124106, 0.2056346924699719, -0.47345546618850176]","[0.3823203562561144, -0.014078478953898176, 0.5721696318992001]","[0.38229399999999997, -0.01407, 0.5721809999999999]"
688,return,34.400000,34.401218,0.000386,0.050067,2026-09-26T05:39:26.355195+00:00,2026-09-26T05:39:26.356014+00:00,0.000832,1790401166.351918,1790401166.335336,0,0,0,0.000035,0.000030,"[0.017333464225773837, -0.5791700589817983, 0.028134707542148602, -0.3000570050028651, 0.011065387457644042, 0.20561723917745198, -0.4734380128959818]","[0.017348572764823635, -0.5791351523967585, 0.028134707542148595, -0.3000220984178253, 0.011047934165124106, 0.2056346924699719, -0.47345546618850176]","[0.3823203681222142, -0.014078156710029816, 0.5721696318992001]","[0.38229399999999997, -0.01407, 0.5721809999999999]"
689,return,34.450000,34.451510,0.000275,0.050291,2026-09-26T05:39:26.405085+00:00,2026-09-26T05:39:26.406306+00:00,0.001235,1790401166.402159,1790401166.395337,0,0,0,0.000035,0.000030,"[0.017334471000709506, -0.5791700589817983, 0.0281347075421486, -0.3000570050028651, 0.011065387457644042, 0.20561723917745198, -0.4734380128959818]","[0.017348572764823635, -0.5791351523967585, 0.028134707542148595, -0.3000220984178253, 0.011047934165124106, 0.2056346924699719, -0.47345546618850176]","[0.38232038229555565, -0.014077771799458653, 0.5721696318992001]","[0.38229399999999997, -0.01407, 0.5721809999999999]"
690,return,34.500000,34.500311,0.000142,0.048801,2026-09-26T05:39:26.454944+00:00,2026-09-26T05:39:26.455104+00:00,0.000168,1790401166.451990,1790401166.435775,0,0,0,0.000035,0.000030,"[0.0173356032703586, -0.5791700589817983, 0.028134707542148606, -0.3000570050028651, 0.011065387457644042, 0.20561723917745198, -0.4734380128959818]","[0.017348572764823635, -0.5791351523967585, 0.028134707542148595, -0.3000220984178253, 0.011047934165124106, 0.2056346924699719, -0.47345546618850176]","[0.3823203982351444, -0.01407733890968453, 0.5721696318992001]","[0.38229399999999997, -0.01407, 0.5721809999999999]"
691,return,34.550000,34.550777,0.000274,0.050466,2026-09-26T05:39:26.505082+00:00,2026-09-26T05:39:26.505572+00:00,0.000503,1790401166.504005,1790401166.495445,0,1,0,0.000035,0.000016,"[0.017336828098761633, -0.5791700589817983, 0.028134707542148602, -0.3000570050028651, 0.011065387457644042, 0.20561723917745198, -0.4734380128959818]","[0.017348572764823635, -0.5792049655668382, 0.028134707542148595, -0.3000220984178253, 0.011047934165124106, 0.2056346924699719, -0.47345546618850176]","[0.3823204154771822, -0.014076870632791151, 0.5721696318992001]","[0.38232299999999997, -0.014069, 0.572156]"
692,return,34.600000,34.601317,0.000237,0.050539,2026-09-26T05:39:26.555052+00:00,2026-09-26T05:39:26.556113+00:00,0.001079,1790401166.552012,1790401166.535912,0,0,0,0.000035,0.000016,"[0.017338260275164653, -0.5791700589817983, 0.028134707542148602, -0.3000570050028651, 0.011065387457644042, 0.20561723917745198, -0.4734380128959818]","[0.017348572764823635, -0.5792049655668382, 0.028134707542148595, -0.3000220984178253, 0.011047934165124106, 0.2056346924699719, -0.47345546618850176]","[0.382320435637352, -0.01407632308249928, 0.5721696318992001]","[0.38232299999999997, -0.014069, 0.572156]"
693,return,34.650000,34.651063,0.000302,0.049746,2026-09-26T05:39:26.605115+00:00,2026-09-26T05:39:26.605860+00:00,0.000760,1790401166.602056,1790401166.595340,0,1,0,0.000035,0.000015,"[0.017339846118563696, -0.5791700589817983, 0.028134707542148602, -0.3000570050028651, 0.011065387457644042, 0.20561723917745198, -0.4734380128959818]","[0.017348572764823635, -0.5792049655668382, 0.028134707542148595, -0.3000220984178253, 0.011047934165124106, 0.2056346924699719, -0.47345546618850176]","[0.38232045795971525, -0.014075716782142403, 0.5721696318992001]","[0.38232299999999997, -0.014069, 0.572156]"
694,return,34.700000,34.701892,0.000300,0.050829,2026-09-26T05:39:26.655113+00:00,2026-09-26T05:39:26.656690+00:00,0.001592,1790401166.651996,1790401166.636160,0,0,0,0.000035,0.000015,"[0.017341431961962746, -0.5791700589817983, 0.028134707542148602, -0.3000570050028651, 0.011065387457644042, 0.20561723917745198, -0.4734380128959818]","[0.017348572764823635, -0.5792049655668382, 0.028134707542148595, -0.3000220984178253, 0.011047934165124106, 0.2056346924699719, -0.47345546618850176]","[0.3823204802811171, -0.01407511048175013, 0.5721696318992001]","[0.38232299999999997, -0.014069, 0.572156]"
695,return,34.750000,34.750968,0.000163,0.049076,2026-09-26T05:39:26.704974+00:00,2026-09-26T05:39:26.705763+00:00,0.000805,1790401166.702042,1790401166.695915,0,1,0,0.000087,0.000015,"[0.017342864138365763, -0.5791700589817983, 0.028134707542148606, -0.3000570050028651, 0.011065387457644044, 0.20561723917745198, -0.4734380128959818]","[0.017348572764823635, -0.5792049655668382, 0.028047441079548877, -0.3000220984178253, 0.011047934165124106, 0.2056346924699719, -0.47345546618850176]","[0.38232050043876614, -0.014074562931365445, 0.5721696318992001]","[0.38232299999999997, -0.014069, 0.572156]"
696,return,34.800000,34.800602,0.000270,0.049634,2026-09-26T05:39:26.755078+00:00,2026-09-26T05:39:26.755397+00:00,0.000332,1790401166.752039,1790401166.735235,0,0,0,0.000087,0.000013,"[0.017344088966768794, -0.5791700589817983, 0.028134707542148602, -0.3000570050028651, 0.011065387457644042, 0.20561723917745198, -0.4734380128959818]","[0.017348572764823635, -0.5792049655668382, 0.028047441079548877, -0.3000220984178253, 0.011047934165124106, 0.2056346924699719, -0.47345546618850176]","[0.38232051767740377, -0.014074094654346885, 0.5721696318992001]","[0.382322, -0.014076, 0.572157]"
697,return,34.850000,34.850720,0.000268,0.050118,2026-09-26T05:39:26.805074+00:00,2026-09-26T05:39:26.805515+00:00,0.000452,1790401166.802010,1790401166.796094,0,1,0,0.000087,0.000013,"[0.017345221236417886, -0.5791700589817983, 0.028134707542148602, -0.3000570050028651, 0.011065387457644042, 0.20561723917745198, -0.4734380128959818]","[0.017348572764823635, -0.5792049655668382, 0.028047441079548877, -0.3000220984178253, 0.011047934165124106, 0.2056346924699719, -0.47345546618850176]","[0.3823205336128289, -0.01407366176441947, 0.5721696318992001]","[0.382322, -0.014076, 0.572157]"
698,return,34.900000,34.900546,0.000266,0.049826,2026-09-26T05:39:26.855073+00:00,2026-09-26T05:39:26.855341+00:00,0.000280,1790401166.854494,1790401166.835922,0,0,0,0.000087,0.000013,"[0.01734622801135356, -0.5791700589817983, 0.0281347075421486, -0.3000570050028651, 0.011065387457644042, 0.20561723917745198, -0.4734380128959818]","[0.017348572764823635, -0.5792049655668382, 0.028047441079548877, -0.3000220984178253, 0.011047934165124106, 0.2056346924699719, -0.47345546618850176]","[0.38232054778164504, -0.014073276853681704, 0.5721696318992001]","[0.382322, -0.014076, 0.572157]"
699,return,34.950000,34.951125,0.000158,0.050579,2026-09-26T05:39:26.904966+00:00,2026-09-26T05:39:26.905922+00:00,0.000967,1790401166.902167,1790401166.895914,0,1,0,0.000087,0.000013,"[0.01734707087482679, -0.5791700589817984, 0.028134707542148602, -0.3000570050028651, 0.011065387457644042, 0.205617239177452, -0.47343801289598186]","[0.017348572764823635, -0.5792049655668382, 0.028047441079548877, -0.3000220984178253, 0.011047934165124106, 0.2056346924699719, -0.47345546618850176]","[0.3823205596433603, -0.014072954609651916, 0.5721696318992001]","[0.382322, -0.014076, 0.572157]"
700,return,35.000000,35.000948,0.000202,0.049824,2026-09-26T05:39:26.955016+00:00,2026-09-26T05:39:26.955744+00:00,0.000747,1790401166.951919,1790401166.935215,0,0,0,0.000087,0.000013,"[0.017347712229645897, -0.5791700589817983, 0.028134707542148602, -0.3000570050028651, 0.011065387457644042, 0.20561723917745198, -0.4734380128959818]","[0.017348572764823635, -0.5792049655668382, 0.028047441079548877, -0.3000220984178253, 0.011047934165124106, 0.2056346924699719, -0.47345546618850176]","[0.3823205686690389, -0.01407270940651565, 0.5721696318992001]","[0.382322, -0.014076, 0.572157]"
701,return,35.050000,35.051514,0.000250,0.050566,2026-09-26T05:39:27.005062+00:00,2026-09-26T05:39:27.006311+00:00,0.001264,1790401167.001974,1790401166.995259,0,1,0,0.000087,0.000013,"[0.017348146338909683, -0.5791700589817983, 0.028134707542148606, -0.30005700500286514, 0.011065387457644042, 0.20561723917745198, -0.4734380128959818]","[0.017348572764823635, -0.5792049655668382, 0.028047441079548877, -0.3000220984178253, 0.011047934165124106, 0.2056346924699719, -0.47345546618850176]","[0.38232057477809644, -0.014072543437613733, 0.5721696318992001]","[0.382322, -0.014076, 0.572157]"
702,return,35.100000,35.101280,0.000225,0.049766,2026-09-26T05:39:27.055038+00:00,2026-09-26T05:39:27.056077+00:00,0.001055,1790401167.051930,1790401167.035260,0,0,0,0.000087,0.000013,"[0.017348408853361242, -0.5791700589817983, 0.028134707542148606, -0.30005700500286514, 0.011065387457644042, 0.20561723917745198, -0.4734380128959818]","[0.017348572764823635, -0.5792049655668382, 0.028047441079548877, -0.3000220984178253, 0.011047934165124106, 0.2056346924699719, -0.47345546618850176]","[0.38232057847232925, -0.01407244307293724, 0.5721696318992001]","[0.382322, -0.014076, 0.572157]"
703,return,35.150000,35.151490,0.000352,0.050210,2026-09-26T05:39:27.105168+00:00,2026-09-26T05:39:27.106288+00:00,0.001138,1790401167.101919,1790401167.095458,0,1,0,0.000087,0.000013,"[0.017348538189749563, -0.5791700589817983, 0.028134707542148606, -0.3000570050028651, 0.011065387457644042, 0.20561723917745198, -0.47343801289598175]","[0.017348572764823635, -0.5792049655668382, 0.028047441079548877, -0.3000220984178253, 0.011047934165124106, 0.2056346924699719, -0.47345546618850176]","[0.38232058029240495, -0.01407239362497432, 0.5721696318992001]","[0.382322, -0.014076, 0.572157]"
704,return,35.200000,35.200803,0.000161,0.049313,2026-09-26T05:39:27.154973+00:00,2026-09-26T05:39:27.155598+00:00,0.000643,1790401167.152061,1790401167.135412,0,0,0,0.000087,0.000013,"[0.017348572764823673, -0.5791700589817983, 0.028134707542148606, -0.30005700500286514, 0.011065387457644042, 0.20561723917745198, -0.47343801289598175]","[0.017348572764823635, -0.5792049655668382, 0.028047441079548877, -0.3000220984178253, 0.011047934165124106, 0.2056346924699719, -0.47345546618850176]","[0.3823205807789588, -0.014072380406211915, 0.5721696318992001]","[0.382322, -0.014076, 0.572157]"
