sample_index,captured_at_utc,elapsed_s,joint_feedback_unix_s,pose_feedback_unix_s,status_feedback_unix_s,control_mode,arm_status,teach_status,motion_status,joint_1_rad,joint_2_rad,joint_3_rad,joint_4_rad,joint_5_rad,joint_6_rad,joint_7_rad,x_m,y_m,z_m,roll_rad,pitch_rad,yaw_rad
0,2026-09-26T06:11:18.332+00:00,0.05,1790403078.3321972,1790403078.3313296,1790403078.3323984,TEACHING_MODE,NORMAL,START_RECORDING,REACH_TARGET_POS_SUCCESSFULLY,0.033108895910332434,-0.674674475650928,0.06096435077216193,-0.026040312439755398,1.5289607846245927,-0.6631203960027255,0.3377386635534227,0.372315,0.013092999999999999,0.5634739999999999,-3.061429681045694,-0.19142771235873807,-0.2978229835603124
1,2026-09-26T06:11:18.383+00:00,0.1,1790403078.3814466,1790403078.3771586,1790403078.3816433,TEACHING_MODE,NORMAL,START_RECORDING,REACH_TARGET_POS_SUCCESSFULLY,0.033108895910332434,-0.674674475650928,0.06096435077216193,-0.026040312439755398,1.5290131445021524,-0.6631203960027255,0.3377386635534227,0.372315,0.013094,0.5634739999999999,-3.061394774460654,-0.19141025906621814,-0.29778807697527254
2,2026-09-26T06:11:18.432+00:00,0.15,1790403078.430745,1790403078.4239526,1790403078.4309335,TEACHING_MODE,NORMAL,START_RECORDING,REACH_TARGET_POS_SUCCESSFULLY,0.033108895910332434,-0.674674475650928,0.06096435077216193,-0.026040312439755398,1.5290131445021524,-0.6631203960027255,0.3377386635534227,0.372315,0.013094,0.5634739999999999,-3.061394774460654,-0.19141025906621814,-0.29778807697527254
3,2026-09-26T06:11:18.482+00:00,0.2,1790403078.4787705,1790403078.4776871,1790403078.480205,TEACHING_MODE,NORMAL,START_RECORDING,REACH_TARGET_POS_SUCCESSFULLY,0.033108895910332434,-0.674674475650928,0.06096435077216193,-0.026040312439755398,1.5290131445021524,-0.6631203960027255,0.3377386635534227,0.372315,0.013094,0.5634739999999999,-3.061394774460654,-0.19141025906621814,-0.29778807697527254
4,2026-09-26T06:11:18.532+00:00,0.25,1790403078.5287268,1790403078.5177226,1790403078.5317883,TEACHING_MODE,NORMAL,START_RECORDING,REACH_TARGET_POS_SUCCESSFULLY,0.033108895910332434,-0.674674475650928,0.06096435077216193,-0.026040312439755398,1.5290131445021524,-0.6631203960027255,0.3377386635534227,0.372315,0.013094,0.5634739999999999,-3.061394774460654,-0.19141025906621814,-0.29778807697527254
5,2026-09-26T06:11:18.582+00:00,0.3,1790403078.5790825,1790403078.5781994,1790403078.58174,TEACHING_MODE,NORMAL,START_RECORDING,REACH_TARGET_POS_SUCCESSFULLY,0.033108895910332434,-0.674674475650928,0.06096435077216193,-0.026040312439755398,1.5290131445021524,-0.6631203960027255,0.3377386635534227,0.372315,0.013094,0.5634739999999999,-3.061394774460654,-0.19141025906621814,-0.29778807697527254
6,2026-09-26T06:11:18.632+00:00,0.35,1790403078.629106,1790403078.6193187,1790403078.6302214,TEACHING_MODE,NORMAL,START_RECORDING,REACH_TARGET_POS_SUCCESSFULLY,0.033108895910332434,-0.674674475650928,0.06096435077216193,-0.026040312439755398,1.5290131445021524,-0.6631203960027255,0.3377386635534227,0.372315,0.013094,0.5634739999999999,-3.061394774460654,-0.19141025906621814,-0.29778807697527254
7,2026-09-26T06:11:18.682+00:00,0.4,1790403078.6789343,1790403078.6780884,1790403078.680492,TEACHING_MODE,NORMAL,START_RECORDING,REACH_TARGET_POS_SUCCESSFULLY,0.033108895910332434,-0.674674475650928,0.06096435077216193,-0.026040312439755398,1.5290131445021524,-0.6631203960027255,0.3377386635534227,0.372315,0.013094,0.5634739999999999,-3.061394774460654,-0.19141025906621814,-0.29778807697527254
8,2026-09-26T06:11:18.732+00:00,0.45,1790403078.7292027,1790403078.717978,1790403078.7316437,TEACHING_MODE,NORMAL,START_RECORDING,REACH_TARGET_POS_SUCCESSFULLY,0.033108895910332434,-0.674674475650928,0.06096435077216193,-0.026040312439755398,1.5290131445021524,-0.6631203960027255,0.3377386635534227,0.372315,0.013094,0.5634739999999999,-3.061394774460654,-0.19141025906621814,-0.29778807697527254
9,2026-09-26T06:11:18.782+00:00,0.5,1790403078.7806022,1790403078.7797005,1790403078.7808406,TEACHING_MODE,NORMAL,START_RECORDING,REACH_TARGET_POS_SUCCESSFULLY,0.033108895910332434,-0.674674475650928,0.06096435077216193,-0.026040312439755398,1.5290131445021524,-0.6631203960027255,0.3377386635534227,0.372315,0.013094,0.5634739999999999,-3.061394774460654,-0.19141025906621814,-0.29778807697527254
10,2026-09-26T06:11:18.832+00:00,0.55,1790403078.829834,1790403078.8185503,1790403078.832519,TEACHING_MODE,NORMAL,START_RECORDING,REACH_TARGET_POS_SUCCESSFULLY,0.033108895910332434,-0.674674475650928,0.06096435077216193,-0.026040312439755398,1.5290131445021524,-0.6631203960027255,0.3377386635534227,0.372315,0.013094,0.5634739999999999,-3.061394774460654,-0.19141025906621814,-0.29778807697527254
11,2026-09-26T06:11:18.882+00:00,0.6,1790403078.881085,1790403078.8800013,1790403078.8813162,TEACHING_MODE,NORMAL,START_RECORDING,REACH_TARGET_POS_SUCCESSFULLY,0.033108895910332434,-0.674674475650928,0.06096435077216193,-0.026040312439755398,1.5290131445021524,-0.6631203960027255,0.3377386635534227,0.372315,0.013094,0.5634739999999999,-3.061394774460654,-0.19141025906621814,-0.29778807697527254
12,2026-09-26T06:11:18.932+00:00,0.65,1790403078.9289362,1790403078.9187233,1790403078.930273,TEACHING_MODE,NORMAL,START_RECORDING,REACH_TARGET_POS_SUCCESSFULLY,0.033108895910332434,-0.674674475650928,0.06096435077216193,-0.026040312439755398,1.5290131445021524,-0.6631203960027255,0.3377386635534227,0.372315,0.013094,0.5634739999999999,-3.061394774460654,-0.19141025906621814,-0.29778807697527254
13,2026-09-26T06:11:18.982+00:00,0.7,1790403078.9797971,1790403078.9789364,1790403078.9802716,TEACHING_MODE,NORMAL,START_RECORDING,REACH_TARGET_POS_SUCCESSFULLY,0.033108895910332434,-0.674674475650928,0.06096435077216193,-0.026040312439755398,1.5290131445021524,-0.6631203960027255,0.3377386635534227,0.372315,0.013094,0.5634739999999999,-3.061394774460654,-0.19141025906621814,-0.29778807697527254
14,2026-09-26T06:11:19.032+00:00,0.75,1790403079.028785,1790403079.019091,1790403079.0303597,TEACHING_MODE,NORMAL,START_RECORDING,REACH_TARGET_POS_SUCCESSFULLY,0.033108895910332434,-0.674674475650928,0.06096435077216193,-0.026040312439755398,1.5290131445021524,-0.6631203960027255,0.3377386635534227,0.372315,0.013094,0.5634739999999999,-3.061394774460654,-0.19141025906621814,-0.29778807697527254
15,2026-09-26T06:11:19.082+00:00,0.8,1790403079.080453,1790403079.0796227,1790403079.080935,TEACHING_MODE,NORMAL,START_RECORDING,REACH_TARGET_POS_SUCCESSFULLY,0.033108895910332434,-0.674674475650928,0.06096435077216193,-0.026040312439755398,1.5290131445021524,-0.6631203960027255,0.3377386635534227,0.372315,0.013094,0.5634739999999999,-3.061394774460654,-0.19141025906621814,-0.29778807697527254
16,2026-09-26T06:11:19.132+00:00,0.85,1790403079.1287274,1790403079.11996,1790403079.130338,TEACHING_MODE,NORMAL,START_RECORDING,REACH_TARGET_POS_SUCCESSFULLY,0.033108895910332434,-0.674674475650928,0.06096435077216193,-0.026040312439755398,1.5290131445021524,-0.6631203960027255,0.3377386635534227,0.372315,0.013094,0.5634739999999999,-3.061394774460654,-0.19141025906621814,-0.29778807697527254
17,2026-09-26T06:11:19.182+00:00,0.9,1790403079.1813588,1790403079.1784189,1790403079.1815608,TEACHING_MODE,NORMAL,START_RECORDING,REACH_TARGET_POS_SUCCESSFULLY,0.033108895910332434,-0.674674475650928,0.06096435077216193,-0.026040312439755398,1.5290131445021524,-0.6631203960027255,0.3377386635534227,0.372315,0.013094,0.5634739999999999,-3.061394774460654,-0.19141025906621814,-0.29778807697527254
18,2026-09-26T06:11:19.232+00:00,0.95,1790403079.2286837,1790403079.218657,1790403079.2321122,TEACHING_MODE,NORMAL,START_RECORDING,REACH_TARGET_POS_SUCCESSFULLY,0.033108895910332434,-0.674674475650928,0.06096435077216193,-0.026040312439755398,1.5290131445021524,-0.6631203960027255,0.3377386635534227,0.372315,0.013094,0.5634739999999999,-3.061394774460654,-0.19141025906621814,-0.29778807697527254
19,2026-09-26T06:11:19.282+00:00,1.0,1790403079.2811642,1790403079.278562,1790403079.2815619,TEACHING_MODE,NORMAL,START_RECORDING,REACH_TARGET_POS_SUCCESSFULLY,0.033108895910332434,-0.674674475650928,0.06096435077216193,-0.026040312439755398,1.5290131445021524,-0.6631203960027255,0.3377386635534227,0.372315,0.013094,0.5634739999999999,-3.061394774460654,-0.19141025906621814,-0.29778807697527254
20,2026-09-26T06:11:19.332+00:00,1.05,1790403079.3288734,1790403079.3181155,1790403079.3310912,TEACHING_MODE,NORMAL,START_RECORDING,REACH_TARGET_POS_SUCCESSFULLY,0.033108895910332434,-0.674674475650928,0.06096435077216193,-0.026040312439755398,1.5290131445021524,-0.6631203960027255,0.3377386635534227,0.372315,0.013094,0.5634739999999999,-3.061394774460654,-0.19141025906621814,-0.29778807697527254
21,2026-09-26T06:11:19.382+00:00,1.1,1790403079.3816478,1790403079.3785405,1790403079.3819366,TEACHING_MODE,NORMAL,START_RECORDING,REACH_TARGET_POS_SUCCESSFULLY,0.033108895910332434,-0.674674475650928,0.06096435077216193,-0.026040312439755398,1.5290131445021524,-0.6631203960027255,0.3377386635534227,0.372315,0.013094,0.5634739999999999,-3.061394774460654,-0.19141025906621814,-0.29778807697527254
22,2026-09-26T06:11:19.432+00:00,1.15,1790403079.4292114,1790403079.418178,1790403079.4302413,TEACHING_MODE,NORMAL,START_RECORDING,REACH_TARGET_POS_SUCCESSFULLY,0.033108895910332434,-0.674674475650928,0.06096435077216193,-0.026040312439755398,1.5290131445021524,-0.6631203960027255,0.3377386635534227,0.372315,0.013094,0.5634739999999999,-3.061394774460654,-0.19141025906621814,-0.29778807697527254
23,2026-09-26T06:11:19.482+00:00,1.2,1790403079.4815013,1790403079.4782526,1790403079.4822576,TEACHING_MODE,NORMAL,START_RECORDING,REACH_TARGET_POS_SUCCESSFULLY,0.033108895910332434,-0.674674475650928,0.06096435077216193,-0.026040312439755398,1.5290131445021524,-0.6631203960027255,0.3377386635534227,0.372315,0.013094,0.5634739999999999,-3.061394774460654,-0.19141025906621814,-0.29778807697527254
24,2026-09-26T06:11:19.532+00:00,1.25,1790403079.528686,1790403079.5177772,1790403079.5327466,TEACHING_MODE,NORMAL,START_RECORDING,REACH_TARGET_POS_SUCCESSFULLY,0.033108895910332434,-0.674674475650928,0.06096435077216193,-0.026040312439755398,1.5290131445021524,-0.6631203960027255,0.3377386635534227,0.372315,0.013094,0.5634739999999999,-3.061394774460654,-0.19141025906621814,-0.29778807697527254
25,2026-09-26T06:11:19.582+00:00,1.3,1790403079.5801175,1790403079.577611,1790403079.5819416,TEACHING_MODE,NORMAL,START_RECORDING,REACH_TARGET_POS_SUCCESSFULLY,0.033108895910332434,-0.674674475650928,0.06096435077216193,-0.026040312439755398,1.5290131445021524,-0.6631203960027255,0.3377386635534227,0.372315,0.013094,0.5634739999999999,-3.061394774460654,-0.19141025906621814,-0.29778807697527254
26,2026-09-26T06:11:19.632+00:00,1.35,1790403079.6287205,1790403079.617802,1790403079.6302333,TEACHING_MODE,NORMAL,START_RECORDING,REACH_TARGET_POS_SUCCESSFULLY,0.033108895910332434,-0.674674475650928,0.06096435077216193,-0.026040312439755398,1.5290131445021524,-0.6631203960027255,0.3377386635534227,0.372315,0.013094,0.5634739999999999,-3.061394774460654,-0.19141025906621814,-0.29778807697527254
27,2026-09-26T06:11:19.682+00:00,1.4,1790403079.679161,1790403079.6782472,1790403079.6809,TEACHING_MODE,NORMAL,START_RECORDING,REACH_TARGET_POS_SUCCESSFULLY,0.033108895910332434,-0.674674475650928,0.06096435077216193,-0.026040312439755398,1.5290131445021524,-0.6631203960027255,0.3377386635534227,0.372315,0.013094,0.5634739999999999,-3.061394774460654,-0.19141025906621814,-0.29778807697527254
28,2026-09-26T06:11:19.732+00:00,1.45,1790403079.7289422,1790403079.7175655,1790403079.7302375,TEACHING_MODE,NORMAL,START_RECORDING,REACH_TARGET_POS_SUCCESSFULLY,0.033108895910332434,-0.674674475650928,0.06096435077216193,-0.026040312439755398,1.5290131445021524,-0.6631203960027255,0.3377386635534227,0.372315,0.013094,0.5634739999999999,-3.061394774460654,-0.19141025906621814,-0.29778807697527254
29,2026-09-26T06:11:19.782+00:00,1.5,1790403079.7792144,1790403079.7782145,1790403079.7814412,TEACHING_MODE,NORMAL,START_RECORDING,REACH_TARGET_POS_SUCCESSFULLY,0.033108895910332434,-0.674674475650928,0.06096435077216193,-0.026040312439755398,1.5290131445021524,-0.6631203960027255,0.3377386635534227,0.372315,0.013094,0.5634739999999999,-3.061394774460654,-0.19141025906621814,-0.29778807697527254
30,2026-09-26T06:11:19.832+00:00,1.55,1790403079.8286912,1790403079.8181262,1790403079.8321154,TEACHING_MODE,NORMAL,START_RECORDING,REACH_TARGET_POS_SUCCESSFULLY,0.033108895910332434,-0.674674475650928,0.06096435077216193,-0.026040312439755398,1.5290131445021524,-0.6631203960027255,0.3377386635534227,0.372315,0.013094,0.5634739999999999,-3.061394774460654,-0.19141025906621814,-0.29778807697527254
31,2026-09-26T06:11:19.882+00:00,1.6,1790403079.879106,1790403079.8782027,1790403079.8826559,TEACHING_MODE,NORMAL,START_RECORDING,REACH_TARGET_POS_SUCCESSFULLY,0.033108895910332434,-0.674674475650928,0.06096435077216193,-0.026040312439755398,1.5290131445021524,-0.6631203960027255,0.3377386635534227,0.372315,0.013094,0.5634739999999999,-3.061394774460654,-0.19141025906621814,-0.29778807697527254
32,2026-09-26T06:11:19.932+00:00,1.65,1790403079.9291291,1790403079.9186947,1790403079.9302034,TEACHING_MODE,NORMAL,START_RECORDING,REACH_TARGET_POS_SUCCESSFULLY,0.033108895910332434,-0.674674475650928,0.06096435077216193,-0.026040312439755398,1.5290131445021524,-0.6631203960027255,0.3377386635534227,0.372315,0.013094,0.5634739999999999,-3.061394774460654,-0.19141025906621814,-0.29778807697527254
33,2026-09-26T06:11:19.982+00:00,1.7,1790403079.9796302,1790403079.9782174,1790403079.9818032,TEACHING_MODE,NORMAL,START_RECORDING,REACH_TARGET_POS_SUCCESSFULLY,0.033108895910332434,-0.674674475650928,0.06096435077216193,-0.026040312439755398,1.5290131445021524,-0.6631203960027255,0.3377386635534227,0.372315,0.013094,0.5634739999999999,-3.061394774460654,-0.19141025906621814,-0.29778807697527254
34,2026-09-26T06:11:20.032+00:00,1.75,1790403080.0293026,1790403080.0176547,1790403080.0302455,TEACHING_MODE,NORMAL,START_RECORDING,REACH_TARGET_POS_SUCCESSFULLY,0.033108895910332434,-0.674674475650928,0.06096435077216193,-0.026040312439755398,1.5290131445021524,-0.6631203960027255,0.3377386635534227,0.372315,0.013094,0.5634739999999999,-3.061394774460654,-0.19141025906621814,-0.29778807697527254
35,2026-09-26T06:11:20.082+00:00,1.8,1790403080.079217,1790403080.078303,1790403080.0802457,TEACHING_MODE,NORMAL,START_RECORDING,REACH_TARGET_POS_SUCCESSFULLY,0.033108895910332434,-0.674674475650928,0.06096435077216193,-0.026040312439755398,1.5290131445021524,-0.6631203960027255,0.3377386635534227,0.372315,0.013094,0.5634739999999999,-3.061394774460654,-0.19141025906621814,-0.29778807697527254
36,2026-09-26T06:11:20.132+00:00,1.85,1790403080.1295335,1790403080.11768,1790403080.130283,TEACHING_MODE,NORMAL,START_RECORDING,REACH_TARGET_POS_SUCCESSFULLY,0.033108895910332434,-0.674674475650928,0.06096435077216193,-0.026040312439755398,1.5290131445021524,-0.6631203960027255,0.3377386635534227,0.372315,0.013094,0.5634739999999999,-3.061394774460654,-0.19141025906621814,-0.29778807697527254
37,2026-09-26T06:11:20.182+00:00,1.9,1790403080.1789901,1790403080.178097,1790403080.1753654,TEACHING_MODE,NORMAL,START_RECORDING,REACH_TARGET_POS_SUCCESSFULLY,0.033108895910332434,-0.674674475650928,0.06096435077216193,-0.026040312439755398,1.5290131445021524,-0.6631203960027255,0.3377386635534227,0.372315,0.013094,0.5634739999999999,-3.061394774460654,-0.19141025906621814,-0.29778807697527254
38,2026-09-26T06:11:20.232+00:00,1.95,1790403080.2286887,1790403080.2177022,1790403080.2301967,TEACHING_MODE,NORMAL,START_RECORDING,REACH_TARGET_POS_SUCCESSFULLY,0.033108895910332434,-0.674674475650928,0.06096435077216193,-0.026040312439755398,1.5290131445021524,-0.6631203960027255,0.3377386635534227,0.372315,0.013094,0.5634739999999999,-3.061394774460654,-0.19141025906621814,-0.29778807697527254
39,2026-09-26T06:11:20.282+00:00,2.0,1790403080.27866,1790403080.27766,1790403080.2805936,TEACHING_MODE,NORMAL,START_RECORDING,REACH_TARGET_POS_SUCCESSFULLY,0.033108895910332434,-0.674674475650928,0.06096435077216193,-0.026040312439755398,1.5290131445021524,-0.6631203960027255,0.3377386635534227,0.372315,0.013094,0.5634739999999999,-3.061394774460654,-0.19141025906621814,-0.29778807697527254
40,2026-09-26T06:11:20.332+00:00,2.05,1790403080.328787,1790403080.317992,1790403080.3316169,TEACHING_MODE,NORMAL,START_RECORDING,REACH_TARGET_POS_SUCCESSFULLY,0.033108895910332434,-0.674674475650928,0.06096435077216193,-0.026040312439755398,1.5290131445021524,-0.6631203960027255,0.3377386635534227,0.372315,0.013094,0.5634739999999999,-3.061394774460654,-0.19141025906621814,-0.29778807697527254
41,2026-09-26T06:11:20.383+00:00,2.1,1790403080.3786604,1790403080.377421,1790403080.3816144,TEACHING_MODE,NORMAL,START_RECORDING,REACH_TARGET_POS_SUCCESSFULLY,0.033108895910332434,-0.674674475650928,0.06096435077216193,-0.026040312439755398,1.5290131445021524,-0.6631203960027255,0.3377386635534227,0.372315,0.013094,0.5634739999999999,-3.061394774460654,-0.19141025906621814,-0.29778807697527254
42,2026-09-26T06:11:20.432+00:00,2.15,1790403080.4286609,1790403080.4179454,1790403080.4316607,TEACHING_MODE,NORMAL,START_RECORDING,REACH_TARGET_POS_SUCCESSFULLY,0.033108895910332434,-0.674674475650928,0.06096435077216193,-0.026040312439755398,1.5290131445021524,-0.6631203960027255,0.3377386635534227,0.372315,0.013094,0.5634739999999999,-3.061394774460654,-0.19141025906621814,-0.29778807697527254
43,2026-09-26T06:11:20.482+00:00,2.2,1790403080.4791856,1790403080.4778864,1790403080.4801996,TEACHING_MODE,NORMAL,START_RECORDING,REACH_TARGET_POS_SUCCESSFULLY,0.033108895910332434,-0.674674475650928,0.06096435077216193,-0.026040312439755398,1.5290131445021524,-0.6631203960027255,0.3377386635534227,0.372315,0.013094,0.5634739999999999,-3.061394774460654,-0.19141025906621814,-0.29778807697527254
44,2026-09-26T06:11:20.532+00:00,2.25,1790403080.5288844,1790403080.5199897,1790403080.5311418,TEACHING_MODE,NORMAL,START_RECORDING,REACH_TARGET_POS_SUCCESSFULLY,0.033108895910332434,-0.674674475650928,0.06096435077216193,-0.026040312439755398,1.5290131445021524,-0.6631203960027255,0.3377386635534227,0.372315,0.013094,0.5634739999999999,-3.061394774460654,-0.19141025906621814,-0.29778807697527254
45,2026-09-26T06:11:20.582+00:00,2.3,1790403080.5787005,1790403080.5777006,1790403080.580228,TEACHING_MODE,NORMAL,START_RECORDING,REACH_TARGET_POS_SUCCESSFULLY,0.033108895910332434,-0.674674475650928,0.06096435077216193,-0.026040312439755398,1.5290131445021524,-0.6631203960027255,0.3377386635534227,0.372315,0.013094,0.5634739999999999,-3.061394774460654,-0.19141025906621814,-0.29778807697527254
46,2026-09-26T06:11:20.632+00:00,2.35,1790403080.6301248,1790403080.617863,1790403080.6305735,TEACHING_MODE,NORMAL,START_RECORDING,REACH_TARGET_POS_SUCCESSFULLY,0.033108895910332434,-0.674674475650928,0.06096435077216193,-0.026040312439755398,1.5290131445021524,-0.6631203960027255,0.3377386635534227,0.372315,0.013094,0.5634739999999999,-3.061394774460654,-0.19141025906621814,-0.29778807697527254
47,2026-09-26T06:11:20.682+00:00,2.4,1790403080.6793735,1790403080.6784265,1790403080.6804109,TEACHING_MODE,NORMAL,START_RECORDING,REACH_TARGET_POS_SUCCESSFULLY,0.033108895910332434,-0.674674475650928,0.06096435077216193,-0.026040312439755398,1.5290131445021524,-0.6631203960027255,0.3377386635534227,0.372315,0.013094,0.5634739999999999,-3.061394774460654,-0.19141025906621814,-0.29778807697527254
48,2026-09-26T06:11:20.732+00:00,2.45,1790403080.729952,1790403080.7175736,1790403080.7302656,TEACHING_MODE,NORMAL,START_RECORDING,REACH_TARGET_POS_SUCCESSFULLY,0.033108895910332434,-0.674674475650928,0.06096435077216193,-0.026040312439755398,1.5290131445021524,-0.6631203960027255,0.3377386635534227,0.372315,0.013094,0.5634739999999999,-3.061394774460654,-0.19141025906621814,-0.29778807697527254
49,2026-09-26T06:11:20.782+00:00,2.5,1790403080.778841,1790403080.7778022,1790403080.7804272,TEACHING_MODE,NORMAL,START_RECORDING,REACH_TARGET_POS_SUCCESSFULLY,0.033108895910332434,-0.674674475650928,0.06096435077216193,-0.026040312439755398,1.5290131445021524,-0.6631203960027255,0.3377386635534227,0.372315,0.013094,0.5634739999999999,-3.061394774460654,-0.19141025906621814,-0.29778807697527254
50,2026-09-26T06:11:20.832+00:00,2.55,1790403080.8287911,1790403080.8177078,1790403080.8305535,TEACHING_MODE,NORMAL,START_RECORDING,REACH_TARGET_POS_SUCCESSFULLY,0.033108895910332434,-0.674674475650928,0.06096435077216193,-0.026040312439755398,1.5290131445021524,-0.6631203960027255,0.3377386635534227,0.372315,0.013094,0.5634739999999999,-3.061394774460654,-0.19141025906621814,-0.29778807697527254
51,2026-09-26T06:11:20.882+00:00,2.6,1790403080.8787098,1790403080.877622,1790403080.8817506,TEACHING_MODE,NORMAL,START_RECORDING,REACH_TARGET_POS_SUCCESSFULLY,0.033108895910332434,-0.674674475650928,0.06096435077216193,-0.026040312439755398,1.5290131445021524,-0.6631203960027255,0.3377386635534227,0.372315,0.013094,0.5634739999999999,-3.061394774460654,-0.19141025906621814,-0.29778807697527254
52,2026-09-26T06:11:20.932+00:00,2.65,1790403080.929131,1790403080.9181657,1790403080.930663,TEACHING_MODE,NORMAL,START_RECORDING,REACH_TARGET_POS_SUCCESSFULLY,0.033108895910332434,-0.674674475650928,0.06096435077216193,-0.026040312439755398,1.5290131445021524,-0.6631203960027255,0.3377386635534227,0.372315,0.013094,0.5634739999999999,-3.061394774460654,-0.19141025906621814,-0.29778807697527254
53,2026-09-26T06:11:20.982+00:00,2.7,1790403080.9789085,1790403080.9782817,1790403080.9818108,TEACHING_MODE,NORMAL,START_RECORDING,REACH_TARGET_POS_SUCCESSFULLY,0.033108895910332434,-0.674674475650928,0.06096435077216193,-0.026040312439755398,1.5290131445021524,-0.6631203960027255,0.3377386635534227,0.372315,0.013094,0.5634739999999999,-3.061394774460654,-0.19141025906621814,-0.29778807697527254
54,2026-09-26T06:11:21.032+00:00,2.75,1790403081.0293782,1790403081.0177093,1790403081.030304,TEACHING_MODE,NORMAL,START_RECORDING,REACH_TARGET_POS_SUCCESSFULLY,0.033108895910332434,-0.674674475650928,0.06096435077216193,-0.026040312439755398,1.5290131445021524,-0.6631203960027255,0.3377386635534227,0.372315,0.013094,0.5634739999999999,-3.061394774460654,-0.19141025906621814,-0.29778807697527254
55,2026-09-26T06:11:21.082+00:00,2.8,1790403081.078686,1790403081.0777426,1790403081.0820878,TEACHING_MODE,NORMAL,START_RECORDING,REACH_TARGET_POS_SUCCESSFULLY,0.033108895910332434,-0.674674475650928,0.06096435077216193,-0.026040312439755398,1.5290131445021524,-0.6631203960027255,0.3377386635534227,0.372315,0.013094,0.5634739999999999,-3.061394774460654,-0.19141025906621814,-0.29778807697527254
56,2026-09-26T06:11:21.132+00:00,2.85,1790403081.129513,1790403081.1176648,1790403081.1303554,TEACHING_MODE,NORMAL,START_RECORDING,REACH_TARGET_POS_SUCCESSFULLY,0.033108895910332434,-0.674674475650928,0.06096435077216193,-0.026040312439755398,1.5290131445021524,-0.6631203960027255,0.3377386635534227,0.372315,0.013094,0.5634739999999999,-3.061394774460654,-0.19141025906621814,-0.29778807697527254
57,2026-09-26T06:11:21.182+00:00,2.9,1790403081.178758,1790403081.177877,1790403081.1821764,TEACHING_MODE,NORMAL,START_RECORDING,REACH_TARGET_POS_SUCCESSFULLY,0.033108895910332434,-0.674674475650928,0.06096435077216193,-0.026040312439755398,1.5290131445021524,-0.6631203960027255,0.3377386635534227,0.372315,0.013094,0.5634739999999999,-3.061394774460654,-0.19141025906621814,-0.29778807697527254
58,2026-09-26T06:11:21.232+00:00,2.95,1790403081.2301276,1790403081.218514,1790403081.2303767,TEACHING_MODE,NORMAL,START_RECORDING,REACH_TARGET_POS_SUCCESSFULLY,0.033108895910332434,-0.674674475650928,0.06096435077216193,-0.026040312439755398,1.5290131445021524,-0.6631203960027255,0.3377386635534227,0.372315,0.013094,0.5634739999999999,-3.061394774460654,-0.19141025906621814,-0.29778807697527254
59,2026-09-26T06:11:21.282+00:00,3.0,1790403081.2799745,1790403081.2785552,1790403081.2802544,TEACHING_MODE,NORMAL,START_RECORDING,REACH_TARGET_POS_SUCCESSFULLY,0.033108895910332434,-0.674674475650928,0.06096435077216193,-0.026040312439755398,1.5290131445021524,-0.6631203960027255,0.3377386635534227,0.372315,0.013094,0.5634739999999999,-3.061394774460654,-0.19141025906621814,-0.29778807697527254
60,2026-09-26T06:11:21.332+00:00,3.05,1790403081.3302271,1790403081.317472,1790403081.3304691,TEACHING_MODE,NORMAL,START_RECORDING,REACH_TARGET_POS_SUCCESSFULLY,0.033108895910332434,-0.674674475650928,0.06096435077216193,-0.026040312439755398,1.5290131445021524,-0.6631203960027255,0.3377386635534227,0.372315,0.013094,0.5634739999999999,-3.061394774460654,-0.19141025906621814,-0.29778807697527254
61,2026-09-26T06:11:21.382+00:00,3.1,1790403081.3794322,1790403081.3783166,1790403081.3802397,TEACHING_MODE,NORMAL,START_RECORDING,REACH_TARGET_POS_SUCCESSFULLY,0.033108895910332434,-0.674674475650928,0.06096435077216193,-0.026040312439755398,1.5290131445021524,-0.6631203960027255,0.3377386635534227,0.372315,0.013094,0.5634739999999999,-3.061394774460654,-0.19141025906621814,-0.29778807697527254
62,2026-09-26T06:11:21.432+00:00,3.15,1790403081.4305747,1790403081.4177146,1790403081.431233,TEACHING_MODE,NORMAL,START_RECORDING,REACH_TARGET_POS_SUCCESSFULLY,0.033108895910332434,-0.674674475650928,0.06096435077216193,-0.026040312439755398,1.5290131445021524,-0.6631203960027255,0.3377386635534227,0.372315,0.013094,0.5634739999999999,-3.061394774460654,-0.19141025906621814,-0.29778807697527254
63,2026-09-26T06:11:21.482+00:00,3.2,1790403081.4794624,1790403081.4781175,1790403081.4805162,TEACHING_MODE,NORMAL,START_RECORDING,REACH_TARGET_POS_SUCCESSFULLY,0.033108895910332434,-0.674674475650928,0.06096435077216193,-0.026040312439755398,1.5290131445021524,-0.6631203960027255,0.3377386635534227,0.372315,0.013094,0.5634739999999999,-3.061394774460654,-0.19141025906621814,-0.29778807697527254
64,2026-09-26T06:11:21.532+00:00,3.25,1790403081.5301344,1790403081.5176704,1790403081.5306232,TEACHING_MODE,NORMAL,START_RECORDING,REACH_TARGET_POS_SUCCESSFULLY,0.033108895910332434,-0.674674475650928,0.06096435077216193,-0.026040312439755398,1.5290131445021524,-0.6631203960027255,0.3377386635534227,0.372315,0.013094,0.5634739999999999,-3.061394774460654,-0.19141025906621814,-0.29778807697527254
65,2026-09-26T06:11:21.582+00:00,3.3,1790403081.578714,1790403081.5775821,1790403081.5806873,TEACHING_MODE,NORMAL,START_RECORDING,REACH_TARGET_POS_SUCCESSFULLY,0.033108895910332434,-0.674674475650928,0.06096435077216193,-0.026040312439755398,1.5290131445021524,-0.6631203960027255,0.3377386635534227,0.372315,0.013094,0.5634739999999999,-3.061394774460654,-0.19141025906621814,-0.29778807697527254
66,2026-09-26T06:11:21.632+00:00,3.35,1790403081.6304922,1790403081.6182857,1790403081.631517,TEACHING_MODE,NORMAL,START_RECORDING,REACH_TARGET_POS_SUCCESSFULLY,0.033108895910332434,-0.674674475650928,0.06096435077216193,-0.026040312439755398,1.5290131445021524,-0.6631203960027255,0.3377386635534227,0.372315,0.013094,0.5634739999999999,-3.061394774460654,-0.19141025906621814,-0.29778807697527254
67,2026-09-26T06:11:21.682+00:00,3.4,1790403081.6787724,1790403081.677934,1790403081.681896,TEACHING_MODE,NORMAL,START_RECORDING,REACH_TARGET_POS_SUCCESSFULLY,0.033108895910332434,-0.674674475650928,0.06096435077216193,-0.026040312439755398,1.5290131445021524,-0.6631203960027255,0.3377386635534227,0.372315,0.013094,0.5634739999999999,-3.061394774460654,-0.19141025906621814,-0.29778807697527254
68,2026-09-26T06:11:21.733+00:00,3.45,1790403081.729122,1790403081.7181873,1790403081.7314322,TEACHING_MODE,NORMAL,START_RECORDING,REACH_TARGET_POS_SUCCESSFULLY,0.033108895910332434,-0.674674475650928,0.06096435077216193,-0.026040312439755398,1.5290131445021524,-0.6631203960027255,0.3377386635534227,0.372315,0.013094,0.5634739999999999,-3.061394774460654,-0.19141025906621814,-0.29778807697527254
69,2026-09-26T06:11:21.782+00:00,3.5,1790403081.7787726,1790403081.7775838,1790403081.7803154,TEACHING_MODE,NORMAL,START_RECORDING,REACH_TARGET_POS_SUCCESSFULLY,0.033108895910332434,-0.674674475650928,0.06096435077216193,-0.026040312439755398,1.5290131445021524,-0.6631203960027255,0.3377386635534227,0.372315,0.013094,0.5634739999999999,-3.061394774460654,-0.19141025906621814,-0.29778807697527254
70,2026-09-26T06:11:21.833+00:00,3.55,1790403081.8295217,1790403081.8205876,1790403081.8328004,TEACHING_MODE,NORMAL,START_RECORDING,REACH_TARGET_POS_SUCCESSFULLY,0.033108895910332434,-0.674674475650928,0.06096435077216193,-0.026040312439755398,1.5290131445021524,-0.6631203960027255,0.3377386635534227,0.372315,0.013094,0.5634739999999999,-3.061394774460654,-0.19141025906621814,-0.29778807697527254
71,2026-09-26T06:11:21.882+00:00,3.6,1790403081.881318,1790403081.880386,1790403081.8779182,TEACHING_MODE,NORMAL,START_RECORDING,REACH_TARGET_POS_SUCCESSFULLY,0.033108895910332434,-0.674674475650928,0.06096435077216193,-0.026040312439755398,1.5290131445021524,-0.6631203960027255,0.3377386635534227,0.372315,0.013094,0.5634739999999999,-3.061394774460654,-0.19141025906621814,-0.29778807697527254
72,2026-09-26T06:11:21.932+00:00,3.65,1790403081.9289901,1790403081.917696,1790403081.9314804,TEACHING_MODE,NORMAL,START_RECORDING,REACH_TARGET_POS_SUCCESSFULLY,0.033108895910332434,-0.674674475650928,0.06096435077216193,-0.026040312439755398,1.5290131445021524,-0.6631203960027255,0.3377386635534227,0.372315,0.013094,0.5634739999999999,-3.061394774460654,-0.19141025906621814,-0.29778807697527254
73,2026-09-26T06:11:21.982+00:00,3.7,1790403081.9801955,1790403081.979029,1790403081.9806054,TEACHING_MODE,NORMAL,START_RECORDING,REACH_TARGET_POS_SUCCESSFULLY,0.033108895910332434,-0.674674475650928,0.06096435077216193,-0.026040312439755398,1.5290131445021524,-0.6631203960027255,0.3377386635534227,0.372315,0.013094,0.5634739999999999,-3.061394774460654,-0.19141025906621814,-0.29778807697527254
74,2026-09-26T06:11:22.032+00:00,3.75,1790403082.0294352,1790403082.0181315,1790403082.0309815,TEACHING_MODE,NORMAL,START_RECORDING,REACH_TARGET_POS_SUCCESSFULLY,0.033108895910332434,-0.674674475650928,0.06096435077216193,-0.026040312439755398,1.5290131445021524,-0.6631203960027255,0.3377386635534227,0.372315,0.013094,0.5634739999999999,-3.061394774460654,-0.19141025906621814,-0.29778807697527254
75,2026-09-26T06:11:22.082+00:00,3.8,1790403082.0803535,1790403082.0787184,1790403082.0809221,TEACHING_MODE,NORMAL,START_RECORDING,REACH_TARGET_POS_SUCCESSFULLY,0.033108895910332434,-0.674674475650928,0.06096435077216193,-0.026040312439755398,1.5290131445021524,-0.6631203960027255,0.3377386635534227,0.372315,0.013094,0.5634739999999999,-3.061394774460654,-0.19141025906621814,-0.29778807697527254
76,2026-09-26T06:11:22.132+00:00,3.85,1790403082.1287713,1790403082.1175442,1790403082.1304538,TEACHING_MODE,NORMAL,START_RECORDING,REACH_TARGET_POS_SUCCESSFULLY,0.033108895910332434,-0.674674475650928,0.06096435077216193,-0.026040312439755398,1.5290131445021524,-0.6631203960027255,0.3377386635534227,0.372315,0.013094,0.5634739999999999,-3.061394774460654,-0.19141025906621814,-0.29778807697527254
77,2026-09-26T06:11:22.182+00:00,3.9,1790403082.178817,1790403082.17763,1790403082.1816761,TEACHING_MODE,NORMAL,START_RECORDING,REACH_TARGET_POS_SUCCESSFULLY,0.033108895910332434,-0.674674475650928,0.06096435077216193,-0.026040312439755398,1.5290131445021524,-0.6631203960027255,0.3377386635534227,0.372315,0.013094,0.5634739999999999,-3.061394774460654,-0.19141025906621814,-0.29778807697527254
78,2026-09-26T06:11:22.232+00:00,3.95,1790403082.2286336,1790403082.2178783,1790403082.2321162,TEACHING_MODE,NORMAL,START_RECORDING,REACH_TARGET_POS_SUCCESSFULLY,0.033108895910332434,-0.674674475650928,0.06096435077216193,-0.026040312439755398,1.5290131445021524,-0.6631203960027255,0.3377386635534227,0.372315,0.013094,0.5634739999999999,-3.061394774460654,-0.19141025906621814,-0.29778807697527254
79,2026-09-26T06:11:22.282+00:00,4.0,1790403082.278882,1790403082.277993,1790403082.2808998,TEACHING_MODE,NORMAL,START_RECORDING,REACH_TARGET_POS_SUCCESSFULLY,0.033108895910332434,-0.674674475650928,0.06096435077216193,-0.026040312439755398,1.5290131445021524,-0.6631203960027255,0.3377386635534227,0.372315,0.013094,0.5634739999999999,-3.061394774460654,-0.19141025906621814,-0.29778807697527254
80,2026-09-26T06:11:22.332+00:00,4.05,1790403082.3286362,1790403082.3176987,1790403082.3317566,TEACHING_MODE,NORMAL,START_RECORDING,REACH_TARGET_POS_SUCCESSFULLY,0.033108895910332434,-0.674674475650928,0.06096435077216193,-0.026040312439755398,1.5290131445021524,-0.6631203960027255,0.3377386635534227,0.372315,0.013094,0.5634739999999999,-3.061394774460654,-0.19141025906621814,-0.29778807697527254
81,2026-09-26T06:11:22.382+00:00,4.1,1790403082.3787394,1790403082.3775895,1790403082.3820083,TEACHING_MODE,NORMAL,START_RECORDING,REACH_TARGET_POS_SUCCESSFULLY,0.033108895910332434,-0.674674475650928,0.06096435077216193,-0.026040312439755398,1.5290131445021524,-0.6631203960027255,0.3377386635534227,0.372315,0.013094,0.5634739999999999,-3.061394774460654,-0.19141025906621814,-0.29778807697527254
82,2026-09-26T06:11:22.432+00:00,4.15,1790403082.428633,1790403082.4179866,1790403082.4303007,TEACHING_MODE,NORMAL,START_RECORDING,REACH_TARGET_POS_SUCCESSFULLY,0.033108895910332434,-0.674674475650928,0.06096435077216193,-0.026040312439755398,1.5290131445021524,-0.6631203960027255,0.3377386635534227,0.372315,0.013094,0.5634739999999999,-3.061394774460654,-0.19141025906621814,-0.29778807697527254
83,2026-09-26T06:11:22.482+00:00,4.2,1790403082.4787226,1790403082.4776337,1790403082.481907,TEACHING_MODE,NORMAL,START_RECORDING,REACH_TARGET_POS_SUCCESSFULLY,0.033108895910332434,-0.674674475650928,0.06096435077216193,-0.026040312439755398,1.5290131445021524,-0.6631203960027255,0.3377386635534227,0.372315,0.013094,0.5634739999999999,-3.061394774460654,-0.19141025906621814,-0.29778807697527254
84,2026-09-26T06:11:22.532+00:00,4.25,1790403082.528703,1790403082.5193236,1790403082.5318537,TEACHING_MODE,NORMAL,START_RECORDING,REACH_TARGET_POS_SUCCESSFULLY,0.033108895910332434,-0.674674475650928,0.06096435077216193,-0.026040312439755398,1.5290131445021524,-0.6631203960027255,0.3377386635534227,0.372315,0.013094,0.5634739999999999,-3.061394774460654,-0.19141025906621814,-0.29778807697527254
85,2026-09-26T06:11:22.582+00:00,4.3,1790403082.5791829,1790403082.5776796,1790403082.5820117,TEACHING_MODE,NORMAL,START_RECORDING,REACH_TARGET_POS_SUCCESSFULLY,0.033108895910332434,-0.674674475650928,0.06096435077216193,-0.026040312439755398,1.5290131445021524,-0.6631203960027255,0.3377386635534227,0.372315,0.013094,0.5634739999999999,-3.061394774460654,-0.19141025906621814,-0.29778807697527254
86,2026-09-26T06:11:22.632+00:00,4.35,1790403082.6287243,1790403082.6186335,1790403082.6305687,TEACHING_MODE,NORMAL,START_RECORDING,REACH_TARGET_POS_SUCCESSFULLY,0.033108895910332434,-0.674674475650928,0.06096435077216193,-0.026040312439755398,1.5290131445021524,-0.6631203960027255,0.3377386635534227,0.372315,0.013094,0.5634739999999999,-3.061394774460654,-0.19141025906621814,-0.29778807697527254
87,2026-09-26T06:11:22.682+00:00,4.4,1790403082.6799283,1790403082.67899,1790403082.6803932,TEACHING_MODE,NORMAL,START_RECORDING,REACH_TARGET_POS_SUCCESSFULLY,0.033108895910332434,-0.674674475650928,0.06096435077216193,-0.026040312439755398,1.5290131445021524,-0.6631203960027255,0.3377386635534227,0.372315,0.013094,0.5634739999999999,-3.061394774460654,-0.19141025906621814,-0.29778807697527254
88,2026-09-26T06:11:22.732+00:00,4.45,1790403082.7300363,1790403082.718248,1790403082.7305853,TEACHING_MODE,NORMAL,START_RECORDING,REACH_TARGET_POS_SUCCESSFULLY,0.033108895910332434,-0.674674475650928,0.06096435077216193,-0.026040312439755398,1.5290131445021524,-0.6631203960027255,0.3377386635534227,0.372315,0.013094,0.5634739999999999,-3.061394774460654,-0.19141025906621814,-0.29778807697527254
89,2026-09-26T06:11:22.782+00:00,4.5,1790403082.7816143,1790403082.7795699,1790403082.7819283,TEACHING_MODE,NORMAL,START_RECORDING,REACH_TARGET_POS_SUCCESSFULLY,0.033108895910332434,-0.674674475650928,0.06096435077216193,-0.026040312439755398,1.5290131445021524,-0.6631203960027255,0.3377386635534227,0.372315,0.013094,0.5634739999999999,-3.061394774460654,-0.19141025906621814,-0.29778807697527254
90,2026-09-26T06:11:22.832+00:00,4.55,1790403082.8296876,1790403082.8184419,1790403082.830221,TEACHING_MODE,NORMAL,START_RECORDING,REACH_TARGET_POS_SUCCESSFULLY,0.033108895910332434,-0.674674475650928,0.06096435077216193,-0.026040312439755398,1.5290131445021524,-0.6631203960027255,0.3377386635534227,0.372315,0.013094,0.5634739999999999,-3.061394774460654,-0.19141025906621814,-0.29778807697527254
91,2026-09-26T06:11:22.882+00:00,4.6,1790403082.880183,1790403082.8786783,1790403082.8805993,TEACHING_MODE,NORMAL,START_RECORDING,REACH_TARGET_POS_SUCCESSFULLY,0.033108895910332434,-0.674674475650928,0.06096435077216193,-0.026040312439755398,1.5290131445021524,-0.6631203960027255,0.3377386635534227,0.372315,0.013094,0.5634739999999999,-3.061394774460654,-0.19141025906621814,-0.29778807697527254
92,2026-09-26T06:11:22.932+00:00,4.65,1790403082.9286375,1790403082.918927,1790403082.9302187,TEACHING_MODE,NORMAL,START_RECORDING,REACH_TARGET_POS_SUCCESSFULLY,0.033108895910332434,-0.674674475650928,0.06096435077216193,-0.026040312439755398,1.5290131445021524,-0.6631203960027255,0.3377386635534227,0.372315,0.013094,0.5634739999999999,-3.061394774460654,-0.19141025906621814,-0.29778807697527254
93,2026-09-26T06:11:22.982+00:00,4.7,1790403082.9792018,1790403082.9782865,1790403082.9817839,TEACHING_MODE,NORMAL,START_RECORDING,REACH_TARGET_POS_SUCCESSFULLY,0.033108895910332434,-0.674674475650928,0.06096435077216193,-0.026040312439755398,1.5290131445021524,-0.6631203960027255,0.3377386635534227,0.372315,0.013094,0.5634739999999999,-3.061394774460654,-0.19141025906621814,-0.29778807697527254
94,2026-09-26T06:11:23.032+00:00,4.75,1790403083.0286837,1790403083.018991,1790403083.0317264,TEACHING_MODE,NORMAL,START_RECORDING,REACH_TARGET_POS_SUCCESSFULLY,0.033108895910332434,-0.674674475650928,0.06096435077216193,-0.026040312439755398,1.5290131445021524,-0.6631203960027255,0.3377386635534227,0.372315,0.013094,0.5634739999999999,-3.061394774460654,-0.19141025906621814,-0.29778807697527254
95,2026-09-26T06:11:23.082+00:00,4.8,1790403083.0798852,1790403083.0789936,1790403083.0816855,TEACHING_MODE,NORMAL,START_RECORDING,REACH_TARGET_POS_SUCCESSFULLY,0.033108895910332434,-0.674674475650928,0.06096435077216193,-0.026040312439755398,1.5290131445021524,-0.6631203960027255,0.3377386635534227,0.372315,0.013094,0.5634739999999999,-3.061394774460654,-0.19141025906621814,-0.29778807697527254
96,2026-09-26T06:11:23.132+00:00,4.85,1790403083.1286843,1790403083.1193628,1790403083.1303794,TEACHING_MODE,NORMAL,START_RECORDING,REACH_TARGET_POS_SUCCESSFULLY,0.033108895910332434,-0.674674475650928,0.06096435077216193,-0.026040312439755398,1.5290131445021524,-0.6631203960027255,0.3377386635534227,0.372315,0.013094,0.5634739999999999,-3.061394774460654,-0.19141025906621814,-0.29778807697527254
97,2026-09-26T06:11:23.182+00:00,4.9,1790403083.1802042,1790403083.177742,1790403083.180447,TEACHING_MODE,NORMAL,START_RECORDING,REACH_TARGET_POS_SUCCESSFULLY,0.033108895910332434,-0.674674475650928,0.06096435077216193,-0.026040312439755398,1.5290131445021524,-0.6631203960027255,0.3377386635534227,0.372315,0.013094,0.5634739999999999,-3.061394774460654,-0.19141025906621814,-0.29778807697527254
98,2026-09-26T06:11:23.232+00:00,4.95,1790403083.2286851,1790403083.2199302,1790403083.2318888,TEACHING_MODE,NORMAL,START_RECORDING,REACH_TARGET_POS_SUCCESSFULLY,0.033108895910332434,-0.674674475650928,0.06096435077216193,-0.026040312439755398,1.5290131445021524,-0.6631203960027255,0.3377386635534227,0.372315,0.013094,0.5634739999999999,-3.061394774460654,-0.19141025906621814,-0.29778807697527254
99,2026-09-26T06:11:23.282+00:00,5.0,1790403083.2802887,1790403083.277766,1790403083.280728,TEACHING_MODE,NORMAL,START_RECORDING,REACH_TARGET_POS_SUCCESSFULLY,0.033108895910332434,-0.674674475650928,0.06096435077216193,-0.026040312439755398,1.5290131445021524,-0.6631203960027255,0.3377386635534227,0.372315,0.013094,0.5634739999999999,-3.061394774460654,-0.19141025906621814,-0.29778807697527254
100,2026-09-26T06:11:23.332+00:00,5.05,1790403083.3289912,1790403083.3187702,1790403083.3317852,TEACHING_MODE,NORMAL,START_RECORDING,REACH_TARGET_POS_SUCCESSFULLY,0.033108895910332434,-0.674674475650928,0.06096435077216193,-0.026040312439755398,1.5290131445021524,-0.6631203960027255,0.3377386635534227,0.372315,0.013094,0.5634739999999999,-3.061394774460654,-0.19141025906621814,-0.29778807697527254
101,2026-09-26T06:11:23.382+00:00,5.1,1790403083.3812845,1790403083.3784046,1790403083.3814847,TEACHING_MODE,NORMAL,START_RECORDING,REACH_TARGET_POS_SUCCESSFULLY,0.033108895910332434,-0.674674475650928,0.06096435077216193,-0.026040312439755398,1.5290131445021524,-0.6631203960027255,0.3377386635534227,0.372315,0.013094,0.5634739999999999,-3.061394774460654,-0.19141025906621814,-0.29778807697527254
102,2026-09-26T06:11:23.432+00:00,5.15,1790403083.428727,1790403083.4186149,1790403083.4309063,TEACHING_MODE,NORMAL,START_RECORDING,REACH_TARGET_POS_SUCCESSFULLY,0.033108895910332434,-0.674674475650928,0.06096435077216193,-0.026040312439755398,1.5290131445021524,-0.6631203960027255,0.3377386635534227,0.372315,0.013094,0.5634739999999999,-3.061394774460654,-0.19141025906621814,-0.29778807697527254
103,2026-09-26T06:11:23.482+00:00,5.2,1790403083.4826953,1790403083.4792461,1790403083.475289,TEACHING_MODE,NORMAL,START_RECORDING,REACH_TARGET_POS_SUCCESSFULLY,0.033108895910332434,-0.674674475650928,0.06096435077216193,-0.026040312439755398,1.5290131445021524,-0.6631203960027255,0.3377386635534227,0.372315,0.013094,0.5634739999999999,-3.061394774460654,-0.19141025906621814,-0.29778807697527254
104,2026-09-26T06:11:23.532+00:00,5.25,1790403083.5288901,1790403083.5179095,1790403083.5302682,TEACHING_MODE,NORMAL,START_RECORDING,REACH_TARGET_POS_SUCCESSFULLY,0.033108895910332434,-0.674674475650928,0.06096435077216193,-0.026040312439755398,1.5290131445021524,-0.6631203960027255,0.3377386635534227,0.372315,0.013094,0.5634739999999999,-3.061394774460654,-0.19141025906621814,-0.29778807697527254
105,2026-09-26T06:11:23.582+00:00,5.3,1790403083.5807664,1790403083.5776885,1790403083.581149,TEACHING_MODE,NORMAL,START_RECORDING,REACH_TARGET_POS_SUCCESSFULLY,0.033108895910332434,-0.674674475650928,0.06096435077216193,-0.026040312439755398,1.5290131445021524,-0.6631203960027255,0.3377386635534227,0.372315,0.013094,0.5634739999999999,-3.061394774460654,-0.19141025906621814,-0.29778807697527254
106,2026-09-26T06:11:23.632+00:00,5.35,1790403083.6286452,1790403083.618204,1790403083.6301603,TEACHING_MODE,NORMAL,START_RECORDING,REACH_TARGET_POS_SUCCESSFULLY,0.033108895910332434,-0.674674475650928,0.06096435077216193,-0.026040312439755398,1.5290131445021524,-0.6631203960027255,0.3377386635534227,0.372315,0.013094,0.5634739999999999,-3.061394774460654,-0.19141025906621814,-0.29778807697527254
107,2026-09-26T06:11:23.682+00:00,5.4,1790403083.6806068,1790403083.677599,1790403083.6812048,TEACHING_MODE,NORMAL,START_RECORDING,REACH_TARGET_POS_SUCCESSFULLY,0.033108895910332434,-0.674674475650928,0.06096435077216193,-0.026040312439755398,1.5290131445021524,-0.6631203960027255,0.3377386635534227,0.372315,0.013094,0.5634739999999999,-3.061394774460654,-0.19141025906621814,-0.29778807697527254
108,2026-09-26T06:11:23.732+00:00,5.45,1790403083.7286434,1790403083.7177303,1790403083.7322783,TEACHING_MODE,NORMAL,START_RECORDING,REACH_TARGET_POS_SUCCESSFULLY,0.033108895910332434,-0.674674475650928,0.06096435077216193,-0.026040312439755398,1.5290131445021524,-0.6631203960027255,0.3377386635534227,0.372315,0.013094,0.5634739999999999,-3.061394774460654,-0.19141025906621814,-0.29778807697527254
109,2026-09-26T06:11:23.782+00:00,5.5,1790403083.7797737,1790403083.7775362,1790403083.7806876,TEACHING_MODE,NORMAL,START_RECORDING,REACH_TARGET_POS_SUCCESSFULLY,0.033108895910332434,-0.674674475650928,0.06096435077216193,-0.026040312439755398,1.5290131445021524,-0.6631203960027255,0.3377386635534227,0.372315,0.013094,0.5634739999999999,-3.061394774460654,-0.19141025906621814,-0.29778807697527254
110,2026-09-26T06:11:23.832+00:00,5.55,1790403083.8287032,1790403083.8174956,1790403083.830872,TEACHING_MODE,NORMAL,START_RECORDING,REACH_TARGET_POS_SUCCESSFULLY,0.033108895910332434,-0.674674475650928,0.06096435077216193,-0.026040312439755398,1.5290131445021524,-0.6631203960027255,0.3377386635534227,0.372315,0.013094,0.5634739999999999,-3.061394774460654,-0.19141025906621814,-0.29778807697527254
111,2026-09-26T06:11:23.883+00:00,5.6,1790403083.8797333,1790403083.8786478,1790403083.8818908,TEACHING_MODE,NORMAL,START_RECORDING,REACH_TARGET_POS_SUCCESSFULLY,0.033108895910332434,-0.674674475650928,0.06096435077216193,-0.026040312439755398,1.5290131445021524,-0.6631203960027255,0.3377386635534227,0.372315,0.013094,0.5634739999999999,-3.061394774460654,-0.19141025906621814,-0.29778807697527254
112,2026-09-26T06:11:23.932+00:00,5.65,1790403083.9309535,1790403083.9188623,1790403083.931642,TEACHING_MODE,NORMAL,START_RECORDING,REACH_TARGET_POS_SUCCESSFULLY,0.033108895910332434,-0.674674475650928,0.06096435077216193,-0.026040312439755398,1.5290131445021524,-0.6631203960027255,0.3377386635534227,0.372315,0.013094,0.5634739999999999,-3.061394774460654,-0.19141025906621814,-0.29778807697527254
113,2026-09-26T06:11:23.982+00:00,5.7,1790403083.9787362,1790403083.977605,1790403083.9818075,TEACHING_MODE,NORMAL,START_RECORDING,REACH_TARGET_POS_SUCCESSFULLY,0.033108895910332434,-0.674674475650928,0.06096435077216193,-0.026040312439755398,1.5290131445021524,-0.6631203960027255,0.3377386635534227,0.372315,0.013094,0.5634739999999999,-3.061394774460654,-0.19141025906621814,-0.29778807697527254
114,2026-09-26T06:11:24.032+00:00,5.75,1790403084.0287366,1790403084.0184526,1790403084.0301728,TEACHING_MODE,NORMAL,START_RECORDING,REACH_TARGET_POS_SUCCESSFULLY,0.033108895910332434,-0.674674475650928,0.06096435077216193,-0.026040312439755398,1.5290131445021524,-0.6631203960027255,0.3377386635534227,0.372315,0.013094,0.5634739999999999,-3.061394774460654,-0.19141025906621814,-0.29778807697527254
115,2026-09-26T06:11:24.082+00:00,5.8,1790403084.0789165,1790403084.0778952,1790403084.0819378,TEACHING_MODE,NORMAL,START_RECORDING,REACH_TARGET_POS_SUCCESSFULLY,0.033108895910332434,-0.674674475650928,0.06096435077216193,-0.026040312439755398,1.5290131445021524,-0.6631203960027255,0.3377386635534227,0.372315,0.013094,0.5634739999999999,-3.061394774460654,-0.19141025906621814,-0.29778807697527254
116,2026-09-26T06:11:24.132+00:00,5.85,1790403084.1295824,1790403084.1178417,1790403084.1305199,TEACHING_MODE,NORMAL,START_RECORDING,REACH_TARGET_POS_SUCCESSFULLY,0.033108895910332434,-0.674674475650928,0.06096435077216193,-0.026040312439755398,1.5290131445021524,-0.6631203960027255,0.3377386635534227,0.372315,0.013094,0.5634739999999999,-3.061394774460654,-0.19141025906621814,-0.29778807697527254
117,2026-09-26T06:11:24.182+00:00,5.9,1790403084.1796339,1790403084.1776936,1790403084.1802092,TEACHING_MODE,NORMAL,START_RECORDING,REACH_TARGET_POS_SUCCESSFULLY,0.033108895910332434,-0.674674475650928,0.06096435077216193,-0.026040312439755398,1.5290131445021524,-0.6631203960027255,0.3377386635534227,0.372315,0.013094,0.5634739999999999,-3.061394774460654,-0.19141025906621814,-0.29778807697527254
118,2026-09-26T06:11:24.232+00:00,5.95,1790403084.2288203,1790403084.2175624,1790403084.2326047,TEACHING_MODE,NORMAL,START_RECORDING,REACH_TARGET_POS_SUCCESSFULLY,0.033108895910332434,-0.674674475650928,0.06096435077216193,-0.026040312439755398,1.5290131445021524,-0.6631203960027255,0.3377386635534227,0.372315,0.013094,0.5634739999999999,-3.061394774460654,-0.19141025906621814,-0.29778807697527254
119,2026-09-26T06:11:24.282+00:00,6.0,1790403084.2786505,1790403084.2777596,1790403084.28045,TEACHING_MODE,NORMAL,START_RECORDING,REACH_TARGET_POS_SUCCESSFULLY,0.033108895910332434,-0.674674475650928,0.06096435077216193,-0.026040312439755398,1.5290131445021524,-0.6631203960027255,0.3377386635534227,0.372315,0.013094,0.5634739999999999,-3.061394774460654,-0.19141025906621814,-0.29778807697527254
120,2026-09-26T06:11:24.332+00:00,6.05,1790403084.3286517,1790403084.317495,1790403084.3304071,TEACHING_MODE,NORMAL,START_RECORDING,REACH_TARGET_POS_SUCCESSFULLY,0.033108895910332434,-0.674674475650928,0.06096435077216193,-0.026040312439755398,1.5290131445021524,-0.6631203960027255,0.3377386635534227,0.372315,0.013094,0.5634739999999999,-3.061394774460654,-0.19141025906621814,-0.29778807697527254
121,2026-09-26T06:11:24.382+00:00,6.1,1790403084.3787842,1790403084.3779616,1790403084.3804271,TEACHING_MODE,NORMAL,START_RECORDING,REACH_TARGET_POS_SUCCESSFULLY,0.033108895910332434,-0.674674475650928,0.06096435077216193,-0.026040312439755398,1.5290131445021524,-0.6631203960027255,0.3377386635534227,0.372315,0.013094,0.5634739999999999,-3.061394774460654,-0.19141025906621814,-0.29778807697527254
122,2026-09-26T06:11:24.432+00:00,6.15,1790403084.4290018,1790403084.4176085,1790403084.4303846,TEACHING_MODE,NORMAL,START_RECORDING,REACH_TARGET_POS_SUCCESSFULLY,0.033108895910332434,-0.674674475650928,0.06096435077216193,-0.026040312439755398,1.5290131445021524,-0.6631203960027255,0.3377386635534227,0.372315,0.013094,0.5634739999999999,-3.061394774460654,-0.19141025906621814,-0.29778807697527254
123,2026-09-26T06:11:24.483+00:00,6.2,1790403084.478655,1790403084.4777386,1790403084.4829047,TEACHING_MODE,NORMAL,START_RECORDING,REACH_TARGET_POS_SUCCESSFULLY,0.033108895910332434,-0.674674475650928,0.06096435077216193,-0.026040312439755398,1.5290131445021524,-0.6631203960027255,0.3377386635534227,0.372315,0.013094,0.5634739999999999,-3.061394774460654,-0.19141025906621814,-0.29778807697527254
124,2026-09-26T06:11:24.532+00:00,6.25,1790403084.5286963,1790403084.517696,1790403084.5316963,TEACHING_MODE,NORMAL,START_RECORDING,REACH_TARGET_POS_SUCCESSFULLY,0.033108895910332434,-0.674674475650928,0.06096435077216193,-0.026040312439755398,1.5290131445021524,-0.6631203960027255,0.3377386635534227,0.372315,0.013094,0.5634739999999999,-3.061394774460654,-0.19141025906621814,-0.29778807697527254
125,2026-09-26T06:11:24.582+00:00,6.3,1790403084.5787022,1790403084.5776625,1790403084.5802386,TEACHING_MODE,NORMAL,START_RECORDING,REACH_TARGET_POS_SUCCESSFULLY,0.033108895910332434,-0.674674475650928,0.06096435077216193,-0.026040312439755398,1.5290131445021524,-0.6631203960027255,0.3377386635534227,0.372315,0.013094,0.5634739999999999,-3.061394774460654,-0.19141025906621814,-0.29778807697527254
126,2026-09-26T06:11:24.632+00:00,6.35,1790403084.6287403,1790403084.6182563,1790403084.6317968,TEACHING_MODE,NORMAL,START_RECORDING,REACH_TARGET_POS_SUCCESSFULLY,0.033108895910332434,-0.674674475650928,0.06096435077216193,-0.026040312439755398,1.5290131445021524,-0.6631203960027255,0.3377386635534227,0.372315,0.013094,0.5634739999999999,-3.061394774460654,-0.19141025906621814,-0.29778807697527254
127,2026-09-26T06:11:24.682+00:00,6.4,1790403084.6790292,1790403084.6781662,1790403084.6802306,TEACHING_MODE,NORMAL,START_RECORDING,REACH_TARGET_POS_SUCCESSFULLY,0.033108895910332434,-0.674674475650928,0.06096435077216193,-0.026040312439755398,1.5290131445021524,-0.6631203960027255,0.3377386635534227,0.372315,0.013094,0.5634739999999999,-3.061394774460654,-0.19141025906621814,-0.29778807697527254
128,2026-09-26T06:11:24.732+00:00,6.45,1790403084.7292185,1790403084.7181964,1790403084.730242,TEACHING_MODE,NORMAL,START_RECORDING,REACH_TARGET_POS_SUCCESSFULLY,0.033108895910332434,-0.674674475650928,0.06096435077216193,-0.026040312439755398,1.5290131445021524,-0.6631203960027255,0.3377386635534227,0.372315,0.013094,0.5634739999999999,-3.061394774460654,-0.19141025906621814,-0.29778807697527254
129,2026-09-26T06:11:24.782+00:00,6.5,1790403084.7792141,1790403084.7781608,1790403084.7802422,TEACHING_MODE,NORMAL,START_RECORDING,REACH_TARGET_POS_SUCCESSFULLY,0.033108895910332434,-0.674674475650928,0.06096435077216193,-0.026040312439755398,1.5290131445021524,-0.6631203960027255,0.3377386635534227,0.372315,0.013094,0.5634739999999999,-3.061394774460654,-0.19141025906621814,-0.29778807697527254
130,2026-09-26T06:11:24.832+00:00,6.55,1790403084.8289318,1790403084.817604,1790403084.830267,TEACHING_MODE,NORMAL,START_RECORDING,REACH_TARGET_POS_SUCCESSFULLY,0.033108895910332434,-0.674674475650928,0.06096435077216193,-0.026040312439755398,1.5290131445021524,-0.6631203960027255,0.3377386635534227,0.372315,0.013094,0.5634739999999999,-3.061394774460654,-0.19141025906621814,-0.29778807697527254
131,2026-09-26T06:11:24.882+00:00,6.6,1790403084.8786106,1790403084.87746,1790403084.880158,TEACHING_MODE,NORMAL,START_RECORDING,REACH_TARGET_POS_SUCCESSFULLY,0.033108895910332434,-0.674674475650928,0.06096435077216193,-0.026040312439755398,1.5290131445021524,-0.6631203960027255,0.3377386635534227,0.372315,0.013094,0.5634739999999999,-3.061394774460654,-0.19141025906621814,-0.29778807697527254
132,2026-09-26T06:11:24.932+00:00,6.65,1790403084.9286084,1790403084.9178748,1790403084.9304523,TEACHING_MODE,NORMAL,START_RECORDING,REACH_TARGET_POS_SUCCESSFULLY,0.033108895910332434,-0.674674475650928,0.06096435077216193,-0.026040312439755398,1.5290131445021524,-0.6631203960027255,0.3377386635534227,0.372315,0.013094,0.5634739999999999,-3.061394774460654,-0.19141025906621814,-0.29778807697527254
133,2026-09-26T06:11:24.982+00:00,6.7,1790403084.9786541,1790403084.97746,1790403084.9802563,TEACHING_MODE,NORMAL,START_RECORDING,REACH_TARGET_POS_SUCCESSFULLY,0.033108895910332434,-0.674674475650928,0.06096435077216193,-0.026040312439755398,1.5290131445021524,-0.6631203960027255,0.3377386635534227,0.372315,0.013094,0.5634739999999999,-3.061394774460654,-0.19141025906621814,-0.29778807697527254
134,2026-09-26T06:11:25.032+00:00,6.75,1790403085.0291414,1790403085.017658,1790403085.0321736,TEACHING_MODE,NORMAL,START_RECORDING,REACH_TARGET_POS_SUCCESSFULLY,0.033108895910332434,-0.674674475650928,0.06096435077216193,-0.026040312439755398,1.5290131445021524,-0.6631203960027255,0.3377386635534227,0.372315,0.013094,0.5634739999999999,-3.061394774460654,-0.19141025906621814,-0.29778807697527254
135,2026-09-26T06:11:25.082+00:00,6.8,1790403085.0786552,1790403085.0777788,1790403085.0816123,TEACHING_MODE,NORMAL,START_RECORDING,REACH_TARGET_POS_SUCCESSFULLY,0.033108895910332434,-0.674674475650928,0.06096435077216193,-0.026040312439755398,1.5290131445021524,-0.6631203960027255,0.3377386635534227,0.372315,0.013094,0.5634739999999999,-3.061394774460654,-0.19141025906621814,-0.29778807697527254
136,2026-09-26T06:11:25.132+00:00,6.85,1790403085.1293056,1790403085.1177022,1790403085.1316128,TEACHING_MODE,NORMAL,START_RECORDING,REACH_TARGET_POS_SUCCESSFULLY,0.033108895910332434,-0.674674475650928,0.06096435077216193,-0.026040312439755398,1.5290131445021524,-0.6631203960027255,0.3377386635534227,0.372315,0.013094,0.5634739999999999,-3.061394774460654,-0.19141025906621814,-0.29778807697527254
137,2026-09-26T06:11:25.182+00:00,6.9,1790403085.1789005,1790403085.1781497,1790403085.1817577,TEACHING_MODE,NORMAL,START_RECORDING,REACH_TARGET_POS_SUCCESSFULLY,0.033108895910332434,-0.674674475650928,0.06096435077216193,-0.026040312439755398,1.5290131445021524,-0.6631203960027255,0.3377386635534227,0.372315,0.013094,0.5634739999999999,-3.061394774460654,-0.19141025906621814,-0.29778807697527254
138,2026-09-26T06:11:25.232+00:00,6.95,1790403085.2299354,1790403085.218592,1790403085.2311733,TEACHING_MODE,NORMAL,START_RECORDING,REACH_TARGET_POS_SUCCESSFULLY,0.033108895910332434,-0.674674475650928,0.06096435077216193,-0.026040312439755398,1.5290131445021524,-0.6631203960027255,0.3377386635534227,0.372315,0.013094,0.5634739999999999,-3.061394774460654,-0.19141025906621814,-0.29778807697527254
139,2026-09-26T06:11:25.282+00:00,7.0,1790403085.2787025,1790403085.277746,1790403085.2802262,TEACHING_MODE,NORMAL,START_RECORDING,REACH_TARGET_POS_SUCCESSFULLY,0.033108895910332434,-0.674674475650928,0.06096435077216193,-0.026040312439755398,1.5290131445021524,-0.6631203960027255,0.3377386635534227,0.372315,0.013094,0.5634739999999999,-3.061394774460654,-0.19141025906621814,-0.29778807697527254
140,2026-09-26T06:11:25.332+00:00,7.05,1790403085.3303912,1790403085.3181627,1790403085.3305922,TEACHING_MODE,NORMAL,START_RECORDING,REACH_TARGET_POS_SUCCESSFULLY,0.033108895910332434,-0.674674475650928,0.06096435077216193,-0.026040312439755398,1.5290131445021524,-0.6631203960027255,0.3377386635534227,0.372315,0.013094,0.5634739999999999,-3.061394774460654,-0.19141025906621814,-0.29778807697527254
141,2026-09-26T06:11:25.382+00:00,7.1,1790403085.3793058,1790403085.3802629,1790403085.380617,TEACHING_MODE,NORMAL,START_RECORDING,REACH_TARGET_POS_SUCCESSFULLY,0.033108895910332434,-0.674674475650928,0.06096435077216193,-0.026040312439755398,1.5290131445021524,-0.6631203960027255,0.3377386635534227,0.372315,0.013094,0.5634739999999999,-3.061394774460654,-0.19141025906621814,-0.29778807697527254
142,2026-09-26T06:11:25.432+00:00,7.15,1790403085.430551,1790403085.417907,1790403085.4308321,TEACHING_MODE,NORMAL,START_RECORDING,REACH_TARGET_POS_SUCCESSFULLY,0.033108895910332434,-0.674674475650928,0.06096435077216193,-0.026040312439755398,1.5290131445021524,-0.6631203960027255,0.3377386635534227,0.372315,0.013094,0.5634739999999999,-3.061394774460654,-0.19141025906621814,-0.29778807697527254
143,2026-09-26T06:11:25.482+00:00,7.2,1790403085.4794366,1790403085.4776163,1790403085.480165,TEACHING_MODE,NORMAL,START_RECORDING,REACH_TARGET_POS_SUCCESSFULLY,0.033108895910332434,-0.674674475650928,0.06096435077216193,-0.026040312439755398,1.5290131445021524,-0.6631203960027255,0.3377386635534227,0.372315,0.013094,0.5634739999999999,-3.061394774460654,-0.19141025906621814,-0.29778807697527254
144,2026-09-26T06:11:25.532+00:00,7.25,1790403085.5291688,1790403085.5174167,1790403085.5303752,TEACHING_MODE,NORMAL,START_RECORDING,REACH_TARGET_POS_SUCCESSFULLY,0.033108895910332434,-0.674674475650928,0.06096435077216193,-0.026040312439755398,1.5290131445021524,-0.6631203960027255,0.3377386635534227,0.372315,0.013094,0.5634739999999999,-3.061394774460654,-0.19141025906621814,-0.29778807697527254
145,2026-09-26T06:11:25.582+00:00,7.3,1790403085.5786629,1790403085.5776594,1790403085.5801764,TEACHING_MODE,NORMAL,START_RECORDING,REACH_TARGET_POS_SUCCESSFULLY,0.033108895910332434,-0.674674475650928,0.06096435077216193,-0.026040312439755398,1.5290131445021524,-0.6631203960027255,0.3377386635534227,0.372315,0.013094,0.5634739999999999,-3.061394774460654,-0.19141025906621814,-0.29778807697527254
146,2026-09-26T06:11:25.632+00:00,7.35,1790403085.6296601,1790403085.6175737,1790403085.6318517,TEACHING_MODE,NORMAL,START_RECORDING,REACH_TARGET_POS_SUCCESSFULLY,0.033108895910332434,-0.674674475650928,0.06096435077216193,-0.026040312439755398,1.5290131445021524,-0.6631203960027255,0.3377386635534227,0.372315,0.013094,0.5634739999999999,-3.061394774460654,-0.19141025906621814,-0.29778807697527254
147,2026-09-26T06:11:25.682+00:00,7.4,1790403085.6789377,1790403085.6780143,1790403085.6801844,TEACHING_MODE,NORMAL,START_RECORDING,REACH_TARGET_POS_SUCCESSFULLY,0.033108895910332434,-0.674674475650928,0.06096435077216193,-0.026040312439755398,1.5290131445021524,-0.6631203960027255,0.3377386635534227,0.372315,0.013094,0.5634739999999999,-3.061394774460654,-0.19141025906621814,-0.29778807697527254
148,2026-09-26T06:11:25.732+00:00,7.45,1790403085.729467,1790403085.7181637,1790403085.73051,TEACHING_MODE,NORMAL,START_RECORDING,REACH_TARGET_POS_SUCCESSFULLY,0.033108895910332434,-0.674674475650928,0.06096435077216193,-0.026040312439755398,1.5290131445021524,-0.6631203960027255,0.3377386635534227,0.372315,0.013094,0.5634739999999999,-3.061394774460654,-0.19141025906621814,-0.29778807697527254
149,2026-09-26T06:11:25.782+00:00,7.5,1790403085.7786644,1790403085.7777069,1790403085.7816615,TEACHING_MODE,NORMAL,START_RECORDING,REACH_TARGET_POS_SUCCESSFULLY,0.033108895910332434,-0.674674475650928,0.06096435077216193,-0.026040312439755398,1.5290131445021524,-0.6631203960027255,0.3377386635534227,0.372315,0.013094,0.5634739999999999,-3.061394774460654,-0.19141025906621814,-0.29778807697527254
150,2026-09-26T06:11:25.832+00:00,7.55,1790403085.8287075,1790403085.818267,1790403085.8305109,TEACHING_MODE,NORMAL,START_RECORDING,REACH_TARGET_POS_SUCCESSFULLY,0.033108895910332434,-0.674674475650928,0.06096435077216193,-0.026040312439755398,1.5290131445021524,-0.6631203960027255,0.3377386635534227,0.372315,0.013094,0.5634739999999999,-3.061394774460654,-0.19141025906621814,-0.29778807697527254
151,2026-09-26T06:11:25.882+00:00,7.6,1790403085.8786192,1790403085.8776429,1790403085.8801672,TEACHING_MODE,NORMAL,START_RECORDING,REACH_TARGET_POS_SUCCESSFULLY,0.033108895910332434,-0.674674475650928,0.06096435077216193,-0.026040312439755398,1.5290131445021524,-0.6631203960027255,0.3377386635534227,0.372315,0.013094,0.5634739999999999,-3.061394774460654,-0.19141025906621814,-0.29778807697527254
152,2026-09-26T06:11:25.932+00:00,7.65,1790403085.9302883,1790403085.9186673,1790403085.9326532,TEACHING_MODE,NORMAL,START_RECORDING,REACH_TARGET_POS_SUCCESSFULLY,0.033108895910332434,-0.674674475650928,0.06096435077216193,-0.026040312439755398,1.5290131445021524,-0.6631203960027255,0.3377386635534227,0.372315,0.013094,0.5634739999999999,-3.061394774460654,-0.19141025906621814,-0.29778807697527254
153,2026-09-26T06:11:25.982+00:00,7.7,1790403085.981825,1790403085.9806278,1790403085.9821918,TEACHING_MODE,NORMAL,START_RECORDING,REACH_TARGET_POS_SUCCESSFULLY,0.033108895910332434,-0.674674475650928,0.06096435077216193,-0.026040312439755398,1.5290131445021524,-0.6631203960027255,0.3377386635534227,0.372315,0.013094,0.5634739999999999,-3.061394774460654,-0.19141025906621814,-0.29778807697527254
154,2026-09-26T06:11:26.032+00:00,7.75,1790403086.0287523,1790403086.0176845,1790403086.03131,TEACHING_MODE,NORMAL,START_RECORDING,REACH_TARGET_POS_SUCCESSFULLY,0.033108895910332434,-0.674674475650928,0.06096435077216193,-0.026040312439755398,1.5290131445021524,-0.6631203960027255,0.3377386635534227,0.372315,0.013094,0.5634739999999999,-3.061394774460654,-0.19141025906621814,-0.29778807697527254
155,2026-09-26T06:11:26.082+00:00,7.8,1790403086.0788667,1790403086.0779552,1790403086.0820284,TEACHING_MODE,NORMAL,START_RECORDING,REACH_TARGET_POS_SUCCESSFULLY,0.033108895910332434,-0.674674475650928,0.06096435077216193,-0.026040312439755398,1.5290131445021524,-0.6631203960027255,0.3377386635534227,0.372315,0.013094,0.5634739999999999,-3.061394774460654,-0.19141025906621814,-0.29778807697527254
156,2026-09-26T06:11:26.132+00:00,7.85,1790403086.1287222,1790403086.1176207,1790403086.131396,TEACHING_MODE,NORMAL,START_RECORDING,REACH_TARGET_POS_SUCCESSFULLY,0.033108895910332434,-0.674674475650928,0.06096435077216193,-0.026040312439755398,1.5290131445021524,-0.6631203960027255,0.3377386635534227,0.372315,0.013094,0.5634739999999999,-3.061394774460654,-0.19141025906621814,-0.29778807697527254
157,2026-09-26T06:11:26.182+00:00,7.9,1790403086.178678,1790403086.1775596,1790403086.1819615,TEACHING_MODE,NORMAL,START_RECORDING,REACH_TARGET_POS_SUCCESSFULLY,0.033108895910332434,-0.674674475650928,0.06096435077216193,-0.026040312439755398,1.5290131445021524,-0.6631203960027255,0.3377386635534227,0.372315,0.013094,0.5634739999999999,-3.061394774460654,-0.19141025906621814,-0.29778807697527254
158,2026-09-26T06:11:26.232+00:00,7.95,1790403086.2286222,1790403086.2181497,1790403086.2328086,TEACHING_MODE,NORMAL,START_RECORDING,REACH_TARGET_POS_SUCCESSFULLY,0.033108895910332434,-0.674674475650928,0.06096435077216193,-0.026040312439755398,1.5290131445021524,-0.6631203960027255,0.3377386635534227,0.372315,0.013094,0.5634739999999999,-3.061394774460654,-0.19141025906621814,-0.29778807697527254
159,2026-09-26T06:11:26.282+00:00,8.0,1790403086.2791758,1790403086.2775142,1790403086.2809951,TEACHING_MODE,NORMAL,START_RECORDING,REACH_TARGET_POS_SUCCESSFULLY,0.033108895910332434,-0.674674475650928,0.06096435077216193,-0.026040312439755398,1.5290131445021524,-0.6631203960027255,0.3377386635534227,0.372315,0.013094,0.5634739999999999,-3.061394774460654,-0.19141025906621814,-0.29778807697527254
160,2026-09-26T06:11:26.332+00:00,8.05,1790403086.3287597,1790403086.3177133,1790403086.330961,TEACHING_MODE,NORMAL,START_RECORDING,REACH_TARGET_POS_SUCCESSFULLY,0.033108895910332434,-0.674674475650928,0.06096435077216193,-0.026040312439755398,1.5290131445021524,-0.6631203960027255,0.3377386635534227,0.372315,0.013094,0.5634739999999999,-3.061394774460654,-0.19141025906621814,-0.29778807697527254
161,2026-09-26T06:11:26.382+00:00,8.1,1790403086.3791513,1790403086.3782284,1790403086.3819554,TEACHING_MODE,NORMAL,START_RECORDING,REACH_TARGET_POS_SUCCESSFULLY,0.033108895910332434,-0.674674475650928,0.06096435077216193,-0.026040312439755398,1.5290131445021524,-0.6631203960027255,0.3377386635534227,0.372315,0.013094,0.5634739999999999,-3.061394774460654,-0.19141025906621814,-0.29778807697527254
162,2026-09-26T06:11:26.432+00:00,8.15,1790403086.428602,1790403086.4196022,1790403086.4316232,TEACHING_MODE,NORMAL,START_RECORDING,REACH_TARGET_POS_SUCCESSFULLY,0.033108895910332434,-0.674674475650928,0.06096435077216193,-0.026040312439755398,1.5290131445021524,-0.6631203960027255,0.3377386635534227,0.372315,0.013094,0.5634739999999999,-3.061394774460654,-0.19141025906621814,-0.29778807697527254
163,2026-09-26T06:11:26.482+00:00,8.2,1790403086.47903,1790403086.4781835,1790403086.4816706,TEACHING_MODE,NORMAL,START_RECORDING,REACH_TARGET_POS_SUCCESSFULLY,0.033108895910332434,-0.674674475650928,0.06096435077216193,-0.026040312439755398,1.5290131445021524,-0.6631203960027255,0.3377386635534227,0.372315,0.013094,0.5634739999999999,-3.061394774460654,-0.19141025906621814,-0.29778807697527254
164,2026-09-26T06:11:26.532+00:00,8.25,1790403086.5290391,1790403086.519475,1790403086.5316675,TEACHING_MODE,NORMAL,START_RECORDING,REACH_TARGET_POS_SUCCESSFULLY,0.033108895910332434,-0.674674475650928,0.06096435077216193,-0.026040312439755398,1.5290131445021524,-0.6631203960027255,0.3377386635534227,0.372315,0.013094,0.5634739999999999,-3.061394774460654,-0.19141025906621814,-0.29778807697527254
165,2026-09-26T06:11:26.582+00:00,8.3,1790403086.5813172,1790403086.5803246,1790403086.5815704,TEACHING_MODE,NORMAL,START_RECORDING,REACH_TARGET_POS_SUCCESSFULLY,0.033108895910332434,-0.674674475650928,0.06096435077216193,-0.026040312439755398,1.5290131445021524,-0.6631203960027255,0.3377386635534227,0.372315,0.013094,0.5634739999999999,-3.061394774460654,-0.19141025906621814,-0.29778807697527254
166,2026-09-26T06:11:26.632+00:00,8.35,1790403086.628969,1790403086.6180484,1790403086.6317189,TEACHING_MODE,NORMAL,START_RECORDING,REACH_TARGET_POS_SUCCESSFULLY,0.033108895910332434,-0.674674475650928,0.06096435077216193,-0.026040312439755398,1.5290131445021524,-0.6631203960027255,0.3377386635534227,0.372315,0.013094,0.5634739999999999,-3.061394774460654,-0.19141025906621814,-0.29778807697527254
167,2026-09-26T06:11:26.682+00:00,8.4,1790403086.680357,1790403086.6792898,1790403086.6807287,TEACHING_MODE,NORMAL,START_RECORDING,REACH_TARGET_POS_SUCCESSFULLY,0.033108895910332434,-0.674674475650928,0.06096435077216193,-0.026040312439755398,1.5290131445021524,-0.6631203960027255,0.3377386635534227,0.372315,0.013094,0.5634739999999999,-3.061394774460654,-0.19141025906621814,-0.29778807697527254
168,2026-09-26T06:11:26.732+00:00,8.45,1790403086.7288423,1790403086.7179601,1790403086.7302155,TEACHING_MODE,NORMAL,START_RECORDING,REACH_TARGET_POS_SUCCESSFULLY,0.033108895910332434,-0.674674475650928,0.06096435077216193,-0.026040312439755398,1.5290131445021524,-0.6631203960027255,0.3377386635534227,0.372315,0.013094,0.5634739999999999,-3.061394774460654,-0.19141025906621814,-0.29778807697527254
169,2026-09-26T06:11:26.782+00:00,8.5,1790403086.7791681,1790403086.778328,1790403086.7810078,TEACHING_MODE,NORMAL,START_RECORDING,REACH_TARGET_POS_SUCCESSFULLY,0.033108895910332434,-0.674674475650928,0.06096435077216193,-0.026040312439755398,1.5290131445021524,-0.6631203960027255,0.3377386635534227,0.372315,0.013094,0.5634739999999999,-3.061394774460654,-0.19141025906621814,-0.29778807697527254
170,2026-09-26T06:11:26.832+00:00,8.55,1790403086.8286488,1790403086.8177948,1790403086.830273,TEACHING_MODE,NORMAL,START_RECORDING,REACH_TARGET_POS_SUCCESSFULLY,0.033108895910332434,-0.674674475650928,0.06096435077216193,-0.026040312439755398,1.5290131445021524,-0.6631203960027255,0.3377386635534227,0.372315,0.013094,0.5634739999999999,-3.061394774460654,-0.19141025906621814,-0.29778807697527254
171,2026-09-26T06:11:26.882+00:00,8.6,1790403086.8793614,1790403086.8784292,1790403086.8824773,TEACHING_MODE,NORMAL,START_RECORDING,REACH_TARGET_POS_SUCCESSFULLY,0.033108895910332434,-0.674674475650928,0.06096435077216193,-0.026040312439755398,1.5290131445021524,-0.6631203960027255,0.3377386635534227,0.372315,0.013094,0.5634739999999999,-3.061394774460654,-0.19141025906621814,-0.29778807697527254
172,2026-09-26T06:11:26.932+00:00,8.65,1790403086.9286497,1790403086.9181576,1790403086.9301753,TEACHING_MODE,NORMAL,START_RECORDING,REACH_TARGET_POS_SUCCESSFULLY,0.033108895910332434,-0.674674475650928,0.06096435077216193,-0.026040312439755398,1.5290131445021524,-0.6631203960027255,0.3377386635534227,0.372315,0.013094,0.5634739999999999,-3.061394774460654,-0.19141025906621814,-0.29778807697527254
173,2026-09-26T06:11:26.982+00:00,8.7,1790403086.9791837,1790403086.9782777,1790403086.981861,TEACHING_MODE,NORMAL,START_RECORDING,REACH_TARGET_POS_SUCCESSFULLY,0.033108895910332434,-0.674674475650928,0.06096435077216193,-0.026040312439755398,1.5290131445021524,-0.6631203960027255,0.3377386635534227,0.372315,0.013094,0.5634739999999999,-3.061394774460654,-0.19141025906621814,-0.29778807697527254
174,2026-09-26T06:11:27.032+00:00,8.75,1790403087.028819,1790403087.0188704,1790403087.0316386,TEACHING_MODE,NORMAL,START_RECORDING,REACH_TARGET_POS_SUCCESSFULLY,0.033108895910332434,-0.674674475650928,0.06096435077216193,-0.026040312439755398,1.5290131445021524,-0.6631203960027255,0.3377386635534227,0.372315,0.013094,0.5634739999999999,-3.061394774460654,-0.19141025906621814,-0.29778807697527254
175,2026-09-26T06:11:27.082+00:00,8.8,1790403087.0799634,1790403087.079178,1790403087.0801601,TEACHING_MODE,NORMAL,START_RECORDING,REACH_TARGET_POS_SUCCESSFULLY,0.033108895910332434,-0.674674475650928,0.06096435077216193,-0.026040312439755398,1.5290131445021524,-0.6631203960027255,0.3377386635534227,0.372315,0.013094,0.5634739999999999,-3.061394774460654,-0.19141025906621814,-0.29778807697527254
176,2026-09-26T06:11:27.132+00:00,8.85,1790403087.1286526,1790403087.1198468,1790403087.1320336,TEACHING_MODE,NORMAL,START_RECORDING,REACH_TARGET_POS_SUCCESSFULLY,0.033108895910332434,-0.674674475650928,0.06096435077216193,-0.026040312439755398,1.5290131445021524,-0.6631203960027255,0.3377386635534227,0.372315,0.013094,0.5634739999999999,-3.061394774460654,-0.19141025906621814,-0.29778807697527254
177,2026-09-26T06:11:27.182+00:00,8.9,1790403087.1799622,1790403087.179181,1790403087.1803007,TEACHING_MODE,NORMAL,START_RECORDING,REACH_TARGET_POS_SUCCESSFULLY,0.033108895910332434,-0.674674475650928,0.06096435077216193,-0.026040312439755398,1.5290131445021524,-0.6631203960027255,0.3377386635534227,0.372315,0.013094,0.5634739999999999,-3.061394774460654,-0.19141025906621814,-0.29778807697527254
178,2026-09-26T06:11:27.232+00:00,8.95,1790403087.2287617,1790403087.2199428,1790403087.2304075,TEACHING_MODE,NORMAL,START_RECORDING,REACH_TARGET_POS_SUCCESSFULLY,0.033108895910332434,-0.674674475650928,0.06096435077216193,-0.026040312439755398,1.5290131445021524,-0.6631203960027255,0.3377386635534227,0.372315,0.013094,0.5634739999999999,-3.061394774460654,-0.19141025906621814,-0.29778807697527254
179,2026-09-26T06:11:27.282+00:00,9.0,1790403087.2815216,1790403087.2805238,1790403087.2817202,TEACHING_MODE,NORMAL,START_RECORDING,REACH_TARGET_POS_SUCCESSFULLY,0.033108895910332434,-0.674674475650928,0.06096435077216193,-0.026040312439755398,1.5290131445021524,-0.6631203960027255,0.3377386635534227,0.372315,0.013094,0.5634739999999999,-3.061394774460654,-0.19141025906621814,-0.29778807697527254
180,2026-09-26T06:11:27.332+00:00,9.05,1790403087.3291547,1790403087.3195188,1790403087.330245,TEACHING_MODE,NORMAL,START_RECORDING,REACH_TARGET_POS_SUCCESSFULLY,0.033108895910332434,-0.674674475650928,0.06096435077216193,-0.026040312439755398,1.5290131445021524,-0.6631203960027255,0.3377386635534227,0.372315,0.013094,0.5634739999999999,-3.061394774460654,-0.19141025906621814,-0.29778807697527254
181,2026-09-26T06:11:27.382+00:00,9.1,1790403087.380181,1790403087.3776734,1790403087.3805594,TEACHING_MODE,NORMAL,START_RECORDING,REACH_TARGET_POS_SUCCESSFULLY,0.033108895910332434,-0.674674475650928,0.06096435077216193,-0.026040312439755398,1.5290131445021524,-0.6631203960027255,0.3377386635534227,0.372315,0.013094,0.5634739999999999,-3.061394774460654,-0.19141025906621814,-0.29778807697527254
182,2026-09-26T06:11:27.432+00:00,9.15,1790403087.4285958,1790403087.4176288,1790403087.4316325,TEACHING_MODE,NORMAL,START_RECORDING,REACH_TARGET_POS_SUCCESSFULLY,0.033108895910332434,-0.674674475650928,0.06096435077216193,-0.026040312439755398,1.5290131445021524,-0.6631203960027255,0.3377386635534227,0.372315,0.013094,0.5634739999999999,-3.061394774460654,-0.19141025906621814,-0.29778807697527254
183,2026-09-26T06:11:27.482+00:00,9.2,1790403087.481164,1790403087.4786906,1790403087.4764354,TEACHING_MODE,NORMAL,START_RECORDING,REACH_TARGET_POS_SUCCESSFULLY,0.033108895910332434,-0.674674475650928,0.06096435077216193,-0.026040312439755398,1.5290131445021524,-0.6631203960027255,0.3377386635534227,0.372315,0.013094,0.5634739999999999,-3.061394774460654,-0.19141025906621814,-0.29778807697527254
184,2026-09-26T06:11:27.532+00:00,9.25,1790403087.5286834,1790403087.5177648,1790403087.5301948,TEACHING_MODE,NORMAL,START_RECORDING,REACH_TARGET_POS_SUCCESSFULLY,0.033108895910332434,-0.674674475650928,0.06096435077216193,-0.026040312439755398,1.5290131445021524,-0.6631203960027255,0.3377386635534227,0.372315,0.013094,0.5634739999999999,-3.061394774460654,-0.19141025906621814,-0.29778807697527254
185,2026-09-26T06:11:27.582+00:00,9.3,1790403087.5807233,1790403087.5782104,1790403087.5813863,TEACHING_MODE,NORMAL,START_RECORDING,REACH_TARGET_POS_SUCCESSFULLY,0.033108895910332434,-0.674674475650928,0.06096435077216193,-0.026040312439755398,1.5290131445021524,-0.6631203960027255,0.3377386635534227,0.372315,0.013094,0.5634739999999999,-3.061394774460654,-0.19141025906621814,-0.29778807697527254
186,2026-09-26T06:11:27.632+00:00,9.35,1790403087.6286104,1790403087.6177232,1790403087.630368,TEACHING_MODE,NORMAL,START_RECORDING,REACH_TARGET_POS_SUCCESSFULLY,0.033108895910332434,-0.674674475650928,0.06096435077216193,-0.026040312439755398,1.5290131445021524,-0.6631203960027255,0.3377386635534227,0.372315,0.013094,0.5634739999999999,-3.061394774460654,-0.19141025906621814,-0.29778807697527254
187,2026-09-26T06:11:27.682+00:00,9.4,1790403087.6801853,1790403087.6777794,1790403087.6806343,TEACHING_MODE,NORMAL,START_RECORDING,REACH_TARGET_POS_SUCCESSFULLY,0.033108895910332434,-0.674674475650928,0.06096435077216193,-0.026040312439755398,1.5290131445021524,-0.6631203960027255,0.3377386635534227,0.372315,0.013094,0.5634739999999999,-3.061394774460654,-0.19141025906621814,-0.29778807697527254
188,2026-09-26T06:11:27.732+00:00,9.45,1790403087.7286985,1790403087.7180119,1790403087.7315698,TEACHING_MODE,NORMAL,START_RECORDING,REACH_TARGET_POS_SUCCESSFULLY,0.033108895910332434,-0.674674475650928,0.06096435077216193,-0.026040312439755398,1.5290131445021524,-0.6631203960027255,0.3377386635534227,0.372315,0.013094,0.5634739999999999,-3.061394774460654,-0.19141025906621814,-0.29778807697527254
189,2026-09-26T06:11:27.782+00:00,9.5,1790403087.7803802,1790403087.7775867,1790403087.7809415,TEACHING_MODE,NORMAL,START_RECORDING,REACH_TARGET_POS_SUCCESSFULLY,0.033108895910332434,-0.674674475650928,0.06096435077216193,-0.026040312439755398,1.5290131445021524,-0.6631203960027255,0.3377386635534227,0.372315,0.013094,0.5634739999999999,-3.061394774460654,-0.19141025906621814,-0.29778807697527254
190,2026-09-26T06:11:27.832+00:00,9.55,1790403087.8291953,1790403087.8186362,1790403087.830401,TEACHING_MODE,NORMAL,START_RECORDING,REACH_TARGET_POS_SUCCESSFULLY,0.033108895910332434,-0.674674475650928,0.06096435077216193,-0.026040312439755398,1.5290131445021524,-0.6631203960027255,0.3377386635534227,0.372315,0.013094,0.5634739999999999,-3.061394774460654,-0.19141025906621814,-0.29778807697527254
191,2026-09-26T06:11:27.882+00:00,9.6,1790403087.8804798,1790403087.8781667,1790403087.8821726,TEACHING_MODE,NORMAL,START_RECORDING,REACH_TARGET_POS_SUCCESSFULLY,0.033108895910332434,-0.674674475650928,0.06096435077216193,-0.026040312439755398,1.5290131445021524,-0.6631203960027255,0.3377386635534227,0.372315,0.013094,0.5634739999999999,-3.061394774460654,-0.19141025906621814,-0.29778807697527254
192,2026-09-26T06:11:27.932+00:00,9.65,1790403087.9288142,1790403087.9177232,1790403087.9306166,TEACHING_MODE,NORMAL,START_RECORDING,REACH_TARGET_POS_SUCCESSFULLY,0.033108895910332434,-0.674674475650928,0.06096435077216193,-0.026040312439755398,1.5290131445021524,-0.6631203960027255,0.3377386635534227,0.372315,0.013094,0.5634739999999999,-3.061394774460654,-0.19141025906621814,-0.29778807697527254
193,2026-09-26T06:11:27.982+00:00,9.7,1790403087.9804592,1790403087.978858,1790403087.9826581,TEACHING_MODE,NORMAL,START_RECORDING,REACH_TARGET_POS_SUCCESSFULLY,0.033108895910332434,-0.674674475650928,0.06096435077216193,-0.026040312439755398,1.5290131445021524,-0.6631203960027255,0.3377386635534227,0.372315,0.013094,0.5634739999999999,-3.061394774460654,-0.19141025906621814,-0.29778807697527254
194,2026-09-26T06:11:28.032+00:00,9.75,1790403088.027373,1790403088.0181642,1790403088.032496,TEACHING_MODE,NORMAL,START_RECORDING,REACH_TARGET_POS_SUCCESSFULLY,0.033108895910332434,-0.674674475650928,0.06096435077216193,-0.026040312439755398,1.5290131445021524,-0.6631203960027255,0.3377386635534227,0.372315,0.013094,0.5634739999999999,-3.061394774460654,-0.19141025906621814,-0.29778807697527254
195,2026-09-26T06:11:28.082+00:00,9.8,1790403088.077574,1790403088.0821695,1790403088.0777843,TEACHING_MODE,NORMAL,START_RECORDING,REACH_TARGET_POS_SUCCESSFULLY,0.033108895910332434,-0.674674475650928,0.06096435077216193,-0.026040312439755398,1.5290131445021524,-0.6631203960027255,0.3377386635534227,0.372315,0.013094,0.5634739999999999,-3.061394774460654,-0.19141025906621814,-0.29778807697527254
196,2026-09-26T06:11:28.132+00:00,9.85,1790403088.1286037,1790403088.1175733,1790403088.1302586,TEACHING_MODE,NORMAL,START_RECORDING,REACH_TARGET_POS_SUCCESSFULLY,0.033108895910332434,-0.674674475650928,0.06096435077216193,-0.026040312439755398,1.5290131445021524,-0.6631203960027255,0.3377386635534227,0.372315,0.013094,0.5634739999999999,-3.061394774460654,-0.19141025906621814,-0.29778807697527254
197,2026-09-26T06:11:28.182+00:00,9.9,1790403088.178709,1790403088.1775858,1790403088.1806629,TEACHING_MODE,NORMAL,START_RECORDING,REACH_TARGET_POS_SUCCESSFULLY,0.033108895910332434,-0.674674475650928,0.06096435077216193,-0.026040312439755398,1.5290131445021524,-0.6631203960027255,0.3377386635534227,0.372315,0.013094,0.5634739999999999,-3.061394774460654,-0.19141025906621814,-0.29778807697527254
198,2026-09-26T06:11:28.232+00:00,9.95,1790403088.2286036,1790403088.217639,1790403088.2300887,TEACHING_MODE,NORMAL,START_RECORDING,REACH_TARGET_POS_SUCCESSFULLY,0.033108895910332434,-0.674674475650928,0.06096435077216193,-0.026040312439755398,1.5290131445021524,-0.6631203960027255,0.3377386635534227,0.372315,0.013094,0.5634739999999999,-3.061394774460654,-0.19141025906621814,-0.29778807697527254
199,2026-09-26T06:11:28.282+00:00,10.0,1790403088.27864,1790403088.277618,1790403088.2805593,TEACHING_MODE,NORMAL,START_RECORDING,REACH_TARGET_POS_SUCCESSFULLY,0.033108895910332434,-0.674674475650928,0.06096435077216193,-0.026040312439755398,1.5290131445021524,-0.6631203960027255,0.3377386635534227,0.372315,0.013094,0.5634739999999999,-3.061394774460654,-0.19141025906621814,-0.29778807697527254
200,2026-09-26T06:11:28.332+00:00,10.05,1790403088.3286471,1790403088.318169,1790403088.3315969,TEACHING_MODE,NORMAL,START_RECORDING,REACH_TARGET_POS_SUCCESSFULLY,0.033108895910332434,-0.674674475650928,0.06096435077216193,-0.026040312439755398,1.5290131445021524,-0.6631203960027255,0.3377386635534227,0.372315,0.013094,0.5634739999999999,-3.061394774460654,-0.19141025906621814,-0.29778807697527254
201,2026-09-26T06:11:28.382+00:00,10.1,1790403088.3785732,1790403088.377638,1790403088.380374,TEACHING_MODE,NORMAL,START_RECORDING,REACH_TARGET_POS_SUCCESSFULLY,0.033108895910332434,-0.674674475650928,0.06096435077216193,-0.026040312439755398,1.5290131445021524,-0.6631203960027255,0.3377386635534227,0.372315,0.013094,0.5634739999999999,-3.061394774460654,-0.19141025906621814,-0.29778807697527254
202,2026-09-26T06:11:28.432+00:00,10.15,1790403088.428687,1790403088.4181993,1790403088.4321713,TEACHING_MODE,NORMAL,START_RECORDING,REACH_TARGET_POS_SUCCESSFULLY,0.033108895910332434,-0.674674475650928,0.06096435077216193,-0.026040312439755398,1.5290131445021524,-0.6631203960027255,0.3377386635534227,0.372315,0.013094,0.5634739999999999,-3.061394774460654,-0.19141025906621814,-0.29778807697527254
203,2026-09-26T06:11:28.482+00:00,10.2,1790403088.479316,1790403088.4782903,1790403088.4822676,TEACHING_MODE,NORMAL,START_RECORDING,REACH_TARGET_POS_SUCCESSFULLY,0.033108895910332434,-0.674674475650928,0.06096435077216193,-0.026040312439755398,1.5290131445021524,-0.6631203960027255,0.3377386635534227,0.372315,0.013094,0.5634739999999999,-3.061394774460654,-0.19141025906621814,-0.29778807697527254
204,2026-09-26T06:11:28.532+00:00,10.25,1790403088.5292668,1790403088.5174377,1790403088.5301874,TEACHING_MODE,NORMAL,START_RECORDING,REACH_TARGET_POS_SUCCESSFULLY,0.033108895910332434,-0.674674475650928,0.06096435077216193,-0.026040312439755398,1.5290131445021524,-0.6631203960027255,0.3377386635534227,0.372315,0.013094,0.5634739999999999,-3.061394774460654,-0.19141025906621814,-0.29778807697527254
205,2026-09-26T06:11:28.582+00:00,10.3,1790403088.5795274,1790403088.5784423,1790403088.580188,TEACHING_MODE,NORMAL,START_RECORDING,REACH_TARGET_POS_SUCCESSFULLY,0.033108895910332434,-0.674674475650928,0.06096435077216193,-0.026040312439755398,1.5290131445021524,-0.6631203960027255,0.3377386635534227,0.372315,0.013094,0.5634739999999999,-3.061394774460654,-0.19141025906621814,-0.29778807697527254
206,2026-09-26T06:11:28.632+00:00,10.35,1790403088.6292355,1790403088.6179771,1790403088.6302042,TEACHING_MODE,NORMAL,START_RECORDING,REACH_TARGET_POS_SUCCESSFULLY,0.033108895910332434,-0.674674475650928,0.06096435077216193,-0.026040312439755398,1.5290131445021524,-0.6631203960027255,0.3377386635534227,0.372315,0.013094,0.5634739999999999,-3.061394774460654,-0.19141025906621814,-0.29778807697527254
207,2026-09-26T06:11:28.682+00:00,10.4,1790403088.6786013,1790403088.6776433,1790403088.6820166,TEACHING_MODE,NORMAL,START_RECORDING,REACH_TARGET_POS_SUCCESSFULLY,0.033108895910332434,-0.674674475650928,0.06096435077216193,-0.026040312439755398,1.5290131445021524,-0.6631203960027255,0.3377386635534227,0.372315,0.013094,0.5634739999999999,-3.061394774460654,-0.19141025906621814,-0.29778807697527254
208,2026-09-26T06:11:28.732+00:00,10.45,1790403088.7286937,1790403088.71759,1790403088.7316217,TEACHING_MODE,NORMAL,START_RECORDING,REACH_TARGET_POS_SUCCESSFULLY,0.033108895910332434,-0.674674475650928,0.06096435077216193,-0.026040312439755398,1.5290131445021524,-0.6631203960027255,0.3377386635534227,0.372315,0.013094,0.5634739999999999,-3.061394774460654,-0.19141025906621814,-0.29778807697527254
209,2026-09-26T06:11:28.782+00:00,10.5,1790403088.778644,1790403088.77758,1790403088.7818334,TEACHING_MODE,NORMAL,START_RECORDING,REACH_TARGET_POS_SUCCESSFULLY,0.033108895910332434,-0.674674475650928,0.06096435077216193,-0.026040312439755398,1.5290131445021524,-0.6631203960027255,0.3377386635534227,0.372315,0.013094,0.5634739999999999,-3.061394774460654,-0.19141025906621814,-0.29778807697527254
210,2026-09-26T06:11:28.832+00:00,10.55,1790403088.828691,1790403088.8177338,1790403088.8316655,TEACHING_MODE,NORMAL,START_RECORDING,REACH_TARGET_POS_SUCCESSFULLY,0.033108895910332434,-0.674674475650928,0.06096435077216193,-0.026040312439755398,1.5290131445021524,-0.6631203960027255,0.3377386635534227,0.372315,0.013094,0.5634739999999999,-3.061394774460654,-0.19141025906621814,-0.29778807697527254
211,2026-09-26T06:11:28.882+00:00,10.6,1790403088.878643,1790403088.8774917,1790403088.880192,TEACHING_MODE,NORMAL,START_RECORDING,REACH_TARGET_POS_SUCCESSFULLY,0.033108895910332434,-0.674674475650928,0.06096435077216193,-0.026040312439755398,1.5290131445021524,-0.6631203960027255,0.3377386635534227,0.372315,0.013094,0.5634739999999999,-3.061394774460654,-0.19141025906621814,-0.29778807697527254
212,2026-09-26T06:11:28.932+00:00,10.65,1790403088.929173,1790403088.917732,1790403088.9302053,TEACHING_MODE,NORMAL,START_RECORDING,REACH_TARGET_POS_SUCCESSFULLY,0.033108895910332434,-0.674674475650928,0.06096435077216193,-0.026040312439755398,1.5290131445021524,-0.6631203960027255,0.3377386635534227,0.372315,0.013094,0.5634739999999999,-3.061394774460654,-0.19141025906621814,-0.29778807697527254
213,2026-09-26T06:11:28.982+00:00,10.7,1790403088.9786897,1790403088.9776473,1790403088.9822142,TEACHING_MODE,NORMAL,START_RECORDING,REACH_TARGET_POS_SUCCESSFULLY,0.033108895910332434,-0.674674475650928,0.06096435077216193,-0.026040312439755398,1.5290131445021524,-0.6631203960027255,0.3377386635534227,0.372315,0.013094,0.5634739999999999,-3.061394774460654,-0.19141025906621814,-0.29778807697527254
214,2026-09-26T06:11:29.032+00:00,10.75,1790403089.0301743,1790403089.0182517,1790403089.0319982,TEACHING_MODE,NORMAL,START_RECORDING,REACH_TARGET_POS_SUCCESSFULLY,0.033108895910332434,-0.674674475650928,0.06096435077216193,-0.026040312439755398,1.5290131445021524,-0.6631203960027255,0.3377386635534227,0.372315,0.013094,0.5634739999999999,-3.061394774460654,-0.19141025906621814,-0.29778807697527254
215,2026-09-26T06:11:29.082+00:00,10.8,1790403089.0791926,1790403089.0781717,1790403089.080377,TEACHING_MODE,NORMAL,START_RECORDING,REACH_TARGET_POS_SUCCESSFULLY,0.033108895910332434,-0.674674475650928,0.06096435077216193,-0.026040312439755398,1.5290131445021524,-0.6631203960027255,0.3377386635534227,0.372315,0.013094,0.5634739999999999,-3.061394774460654,-0.19141025906621814,-0.29778807697527254
216,2026-09-26T06:11:29.132+00:00,10.85,1790403089.1310058,1790403089.1180022,1790403089.1312904,TEACHING_MODE,NORMAL,START_RECORDING,REACH_TARGET_POS_SUCCESSFULLY,0.033108895910332434,-0.674674475650928,0.06096435077216193,-0.026040312439755398,1.5290131445021524,-0.6631203960027255,0.3377386635534227,0.372315,0.013094,0.5634739999999999,-3.061394774460654,-0.19141025906621814,-0.29778807697527254
217,2026-09-26T06:11:29.182+00:00,10.9,1790403089.179698,1790403089.1782017,1790403089.1802003,TEACHING_MODE,NORMAL,START_RECORDING,REACH_TARGET_POS_SUCCESSFULLY,0.033108895910332434,-0.674674475650928,0.06096435077216193,-0.026040312439755398,1.5290131445021524,-0.6631203960027255,0.3377386635534227,0.372315,0.013094,0.5634739999999999,-3.061394774460654,-0.19141025906621814,-0.29778807697527254
218,2026-09-26T06:11:29.232+00:00,10.95,1790403089.2299175,1790403089.2175827,1790403089.230197,TEACHING_MODE,NORMAL,START_RECORDING,REACH_TARGET_POS_SUCCESSFULLY,0.033108895910332434,-0.674674475650928,0.06096435077216193,-0.026040312439755398,1.5290131445021524,-0.6631203960027255,0.3377386635534227,0.372315,0.013094,0.5634739999999999,-3.061394774460654,-0.19141025906621814,-0.29778807697527254
219,2026-09-26T06:11:29.282+00:00,11.0,1790403089.2785833,1790403089.2775407,1790403089.2805119,TEACHING_MODE,NORMAL,START_RECORDING,REACH_TARGET_POS_SUCCESSFULLY,0.033108895910332434,-0.674674475650928,0.06096435077216193,-0.026040312439755398,1.5290131445021524,-0.6631203960027255,0.3377386635534227,0.372315,0.013094,0.5634739999999999,-3.061394774460654,-0.19141025906621814,-0.29778807697527254
220,2026-09-26T06:11:29.332+00:00,11.05,1790403089.3302567,1790403089.3176985,1790403089.3303967,TEACHING_MODE,NORMAL,START_RECORDING,REACH_TARGET_POS_SUCCESSFULLY,0.033108895910332434,-0.674674475650928,0.06096435077216193,-0.026040312439755398,1.5290131445021524,-0.6631203960027255,0.3377386635534227,0.372315,0.013094,0.5634739999999999,-3.061394774460654,-0.19141025906621814,-0.29778807697527254
221,2026-09-26T06:11:29.382+00:00,11.1,1790403089.3788922,1790403089.3780274,1790403089.3816967,TEACHING_MODE,NORMAL,START_RECORDING,REACH_TARGET_POS_SUCCESSFULLY,0.033108895910332434,-0.674674475650928,0.06096435077216193,-0.026040312439755398,1.5290131445021524,-0.6631203960027255,0.3377386635534227,0.372315,0.013094,0.5634739999999999,-3.061394774460654,-0.19141025906621814,-0.29778807697527254
222,2026-09-26T06:11:29.432+00:00,11.15,1790403089.4299839,1790403089.417499,1790403089.4302542,TEACHING_MODE,NORMAL,START_RECORDING,REACH_TARGET_POS_SUCCESSFULLY,0.033108895910332434,-0.674674475650928,0.06096435077216193,-0.026040312439755398,1.5290131445021524,-0.6631203960027255,0.3377386635534227,0.372315,0.013094,0.5634739999999999,-3.061394774460654,-0.19141025906621814,-0.29778807697527254
223,2026-09-26T06:11:29.482+00:00,11.2,1790403089.4786282,1790403089.47754,1790403089.481896,TEACHING_MODE,NORMAL,START_RECORDING,REACH_TARGET_POS_SUCCESSFULLY,0.033108895910332434,-0.674674475650928,0.06096435077216193,-0.026040312439755398,1.5290131445021524,-0.6631203960027255,0.3377386635534227,0.372315,0.013094,0.5634739999999999,-3.061394774460654,-0.19141025906621814,-0.29778807697527254
224,2026-09-26T06:11:29.532+00:00,11.25,1790403089.5296295,1790403089.5177588,1790403089.530256,TEACHING_MODE,NORMAL,START_RECORDING,REACH_TARGET_POS_SUCCESSFULLY,0.033108895910332434,-0.674674475650928,0.06096435077216193,-0.026040312439755398,1.5290131445021524,-0.6631203960027255,0.3377386635534227,0.372315,0.013094,0.5634739999999999,-3.061394774460654,-0.19141025906621814,-0.29778807697527254
225,2026-09-26T06:11:29.582+00:00,11.3,1790403089.5786293,1790403089.57774,1790403089.5803852,TEACHING_MODE,NORMAL,START_RECORDING,REACH_TARGET_POS_SUCCESSFULLY,0.033108895910332434,-0.674674475650928,0.06096435077216193,-0.026040312439755398,1.5290131445021524,-0.6631203960027255,0.3377386635534227,0.372315,0.013094,0.5634739999999999,-3.061394774460654,-0.19141025906621814,-0.29778807697527254
226,2026-09-26T06:11:29.632+00:00,11.35,1790403089.6288927,1790403089.6184287,1790403089.6309195,TEACHING_MODE,NORMAL,START_RECORDING,REACH_TARGET_POS_SUCCESSFULLY,0.033108895910332434,-0.674674475650928,0.06096435077216193,-0.026040312439755398,1.5290131445021524,-0.6631203960027255,0.3377386635534227,0.372315,0.013094,0.5634739999999999,-3.061394774460654,-0.19141025906621814,-0.29778807697527254
227,2026-09-26T06:11:29.682+00:00,11.4,1790403089.679587,1790403089.678652,1790403089.6802018,TEACHING_MODE,NORMAL,START_RECORDING,REACH_TARGET_POS_SUCCESSFULLY,0.033108895910332434,-0.674674475650928,0.06096435077216193,-0.026040312439755398,1.5290131445021524,-0.6631203960027255,0.3377386635534227,0.372315,0.013094,0.5634739999999999,-3.061394774460654,-0.19141025906621814,-0.29778807697527254
228,2026-09-26T06:11:29.732+00:00,11.45,1790403089.7291646,1790403089.7175443,1790403089.7319272,TEACHING_MODE,NORMAL,START_RECORDING,REACH_TARGET_POS_SUCCESSFULLY,0.033108895910332434,-0.674674475650928,0.06096435077216193,-0.026040312439755398,1.5290131445021524,-0.6631203960027255,0.3377386635534227,0.372315,0.013094,0.5634739999999999,-3.061394774460654,-0.19141025906621814,-0.29778807697527254
229,2026-09-26T06:11:29.782+00:00,11.5,1790403089.779914,1790403089.7789223,1790403089.7802055,TEACHING_MODE,NORMAL,START_RECORDING,REACH_TARGET_POS_SUCCESSFULLY,0.033108895910332434,-0.674674475650928,0.06096435077216193,-0.026040312439755398,1.5290131445021524,-0.6631203960027255,0.3377386635534227,0.372315,0.013094,0.5634739999999999,-3.061394774460654,-0.19141025906621814,-0.29778807697527254
230,2026-09-26T06:11:29.832+00:00,11.55,1790403089.8290515,1790403089.8176532,1790403089.831379,TEACHING_MODE,NORMAL,START_RECORDING,REACH_TARGET_POS_SUCCESSFULLY,0.033108895910332434,-0.674674475650928,0.06096435077216193,-0.026040312439755398,1.5290131445021524,-0.6631203960027255,0.3377386635534227,0.372315,0.013094,0.5634739999999999,-3.061394774460654,-0.19141025906621814,-0.29778807697527254
231,2026-09-26T06:11:29.882+00:00,11.6,1790403089.8786128,1790403089.877565,1790403089.8804865,TEACHING_MODE,NORMAL,START_RECORDING,REACH_TARGET_POS_SUCCESSFULLY,0.033108895910332434,-0.674674475650928,0.06096435077216193,-0.026040312439755398,1.5290131445021524,-0.6631203960027255,0.3377386635534227,0.372315,0.013094,0.5634739999999999,-3.061394774460654,-0.19141025906621814,-0.29778807697527254
232,2026-09-26T06:11:29.932+00:00,11.65,1790403089.9286103,1790403089.9180353,1790403089.9312239,TEACHING_MODE,NORMAL,START_RECORDING,REACH_TARGET_POS_SUCCESSFULLY,0.033108895910332434,-0.674674475650928,0.06096435077216193,-0.026040312439755398,1.5290131445021524,-0.6631203960027255,0.3377386635534227,0.372315,0.013094,0.5634739999999999,-3.061394774460654,-0.19141025906621814,-0.29778807697527254
233,2026-09-26T06:11:29.982+00:00,11.7,1790403089.978612,1790403089.97772,1790403089.9816573,TEACHING_MODE,NORMAL,START_RECORDING,REACH_TARGET_POS_SUCCESSFULLY,0.033108895910332434,-0.674674475650928,0.06096435077216193,-0.026040312439755398,1.5290131445021524,-0.6631203960027255,0.3377386635534227,0.372315,0.013094,0.5634739999999999,-3.061394774460654,-0.19141025906621814,-0.29778807697527254
234,2026-09-26T06:11:30.032+00:00,11.75,1790403090.0285912,1790403090.0176291,1790403090.0252872,TEACHING_MODE,NORMAL,START_RECORDING,REACH_TARGET_POS_SUCCESSFULLY,0.033108895910332434,-0.674674475650928,0.06096435077216193,-0.026040312439755398,1.5290131445021524,-0.6631203960027255,0.3377386635534227,0.372315,0.013094,0.5634739999999999,-3.061394774460654,-0.19141025906621814,-0.29778807697527254
235,2026-09-26T06:11:30.082+00:00,11.8,1790403090.0799668,1790403090.0790098,1790403090.080229,TEACHING_MODE,NORMAL,START_RECORDING,REACH_TARGET_POS_SUCCESSFULLY,0.033108895910332434,-0.674674475650928,0.06096435077216193,-0.026040312439755398,1.5290131445021524,-0.6631203960027255,0.3377386635534227,0.372315,0.013094,0.5634739999999999,-3.061394774460654,-0.19141025906621814,-0.29778807697527254
236,2026-09-26T06:11:30.132+00:00,11.85,1790403090.1287224,1790403090.1204543,1790403090.1258557,TEACHING_MODE,NORMAL,START_RECORDING,REACH_TARGET_POS_SUCCESSFULLY,0.033108895910332434,-0.674674475650928,0.06096435077216193,-0.026040312439755398,1.5290131445021524,-0.6631203960027255,0.3377386635534227,0.372315,0.013094,0.5634739999999999,-3.061394774460654,-0.19141025906621814,-0.29778807697527254
237,2026-09-26T06:11:30.182+00:00,11.9,1790403090.1789672,1790403090.1780758,1790403090.1802187,TEACHING_MODE,NORMAL,START_RECORDING,REACH_TARGET_POS_SUCCESSFULLY,0.033108895910332434,-0.674674475650928,0.06096435077216193,-0.026040312439755398,1.5290131445021524,-0.6631203960027255,0.3377386635534227,0.372315,0.013094,0.5634739999999999,-3.061394774460654,-0.19141025906621814,-0.29778807697527254
238,2026-09-26T06:11:30.232+00:00,11.95,1790403090.228621,1790403090.2185488,1790403090.23022,TEACHING_MODE,NORMAL,START_RECORDING,REACH_TARGET_POS_SUCCESSFULLY,0.033108895910332434,-0.674674475650928,0.06096435077216193,-0.026040312439755398,1.5290131445021524,-0.6631203960027255,0.3377386635534227,0.372315,0.013094,0.5634739999999999,-3.061394774460654,-0.19141025906621814,-0.29778807697527254
239,2026-09-26T06:11:30.282+00:00,12.0,1790403090.280434,1790403090.279305,1790403090.2826207,TEACHING_MODE,NORMAL,START_RECORDING,REACH_TARGET_POS_SUCCESSFULLY,0.033108895910332434,-0.674674475650928,0.06096435077216193,-0.026040312439755398,1.5290131445021524,-0.6631203960027255,0.3377386635534227,0.372315,0.013094,0.5634739999999999,-3.061394774460654,-0.19141025906621814,-0.29778807697527254
240,2026-09-26T06:11:30.332+00:00,12.05,1790403090.3293314,1790403090.3174803,1790403090.3304727,TEACHING_MODE,NORMAL,START_RECORDING,REACH_TARGET_POS_SUCCESSFULLY,0.033108895910332434,-0.674674475650928,0.06096435077216193,-0.026040312439755398,1.5290131445021524,-0.6631203960027255,0.3377386635534227,0.372315,0.013094,0.5634739999999999,-3.061394774460654,-0.19141025906621814,-0.29778807697527254
241,2026-09-26T06:11:30.382+00:00,12.1,1790403090.37919,1790403090.3782136,1790403090.3802438,TEACHING_MODE,NORMAL,START_RECORDING,REACH_TARGET_POS_SUCCESSFULLY,0.033108895910332434,-0.674674475650928,0.06096435077216193,-0.026040312439755398,1.5290131445021524,-0.6631203960027255,0.3377386635534227,0.372315,0.013094,0.5634739999999999,-3.061394774460654,-0.19141025906621814,-0.29778807697527254
242,2026-09-26T06:11:30.432+00:00,12.15,1790403090.4288251,1790403090.4179516,1790403090.4302087,TEACHING_MODE,NORMAL,START_RECORDING,REACH_TARGET_POS_SUCCESSFULLY,0.033108895910332434,-0.674674475650928,0.06096435077216193,-0.026040312439755398,1.5290131445021524,-0.6631203960027255,0.3377386635534227,0.372315,0.013094,0.5634739999999999,-3.061394774460654,-0.19141025906621814,-0.29778807697527254
243,2026-09-26T06:11:30.482+00:00,12.2,1790403090.4792058,1790403090.4777904,1790403090.4805777,TEACHING_MODE,NORMAL,START_RECORDING,REACH_TARGET_POS_SUCCESSFULLY,0.033108895910332434,-0.674674475650928,0.06096435077216193,-0.026040312439755398,1.5290131445021524,-0.6631203960027255,0.3377386635534227,0.372315,0.013094,0.5634739999999999,-3.061394774460654,-0.19141025906621814,-0.29778807697527254
244,2026-09-26T06:11:30.533+00:00,12.25,1790403090.528573,1790403090.5176601,1790403090.5322237,TEACHING_MODE,NORMAL,START_RECORDING,REACH_TARGET_POS_SUCCESSFULLY,0.033108895910332434,-0.674674475650928,0.06096435077216193,-0.026040312439755398,1.5290131445021524,-0.6631203960027255,0.3377386635534227,0.372315,0.013094,0.5634739999999999,-3.061394774460654,-0.19141025906621814,-0.29778807697527254
245,2026-09-26T06:11:30.582+00:00,12.3,1790403090.5786593,1790403090.5776803,1790403090.580208,TEACHING_MODE,NORMAL,START_RECORDING,REACH_TARGET_POS_SUCCESSFULLY,0.033108895910332434,-0.674674475650928,0.06096435077216193,-0.026040312439755398,1.5290131445021524,-0.6631203960027255,0.3377386635534227,0.372315,0.013094,0.5634739999999999,-3.061394774460654,-0.19141025906621814,-0.29778807697527254
246,2026-09-26T06:11:30.633+00:00,12.35,1790403090.6285813,1790403090.6180565,1790403090.6317918,TEACHING_MODE,NORMAL,START_RECORDING,REACH_TARGET_POS_SUCCESSFULLY,0.033108895910332434,-0.674674475650928,0.06096435077216193,-0.026040312439755398,1.5290131445021524,-0.6631203960027255,0.3377386635534227,0.372315,0.013094,0.5634739999999999,-3.061394774460654,-0.19141025906621814,-0.29778807697527254
247,2026-09-26T06:11:30.682+00:00,12.4,1790403090.6792903,1790403090.6783993,1790403090.6817493,TEACHING_MODE,NORMAL,START_RECORDING,REACH_TARGET_POS_SUCCESSFULLY,0.033108895910332434,-0.674674475650928,0.06096435077216193,-0.026040312439755398,1.5290131445021524,-0.6631203960027255,0.3377386635534227,0.372315,0.013094,0.5634739999999999,-3.061394774460654,-0.19141025906621814,-0.29778807697527254
248,2026-09-26T06:11:30.732+00:00,12.45,1790403090.7288399,1790403090.719265,1790403090.730229,TEACHING_MODE,NORMAL,START_RECORDING,REACH_TARGET_POS_SUCCESSFULLY,0.033108895910332434,-0.674674475650928,0.06096435077216193,-0.026040312439755398,1.5290131445021524,-0.6631203960027255,0.3377386635534227,0.372315,0.013094,0.5634739999999999,-3.061394774460654,-0.19141025906621814,-0.29778807697527254
249,2026-09-26T06:11:30.782+00:00,12.5,1790403090.7789032,1790403090.7781086,1790403090.7818987,TEACHING_MODE,NORMAL,START_RECORDING,REACH_TARGET_POS_SUCCESSFULLY,0.033108895910332434,-0.674674475650928,0.06096435077216193,-0.026040312439755398,1.5290131445021524,-0.6631203960027255,0.3377386635534227,0.372315,0.013094,0.5634739999999999,-3.061394774460654,-0.19141025906621814,-0.29778807697527254
250,2026-09-26T06:11:30.832+00:00,12.55,1790403090.8285809,1790403090.818662,1790403090.831641,TEACHING_MODE,NORMAL,START_RECORDING,REACH_TARGET_POS_SUCCESSFULLY,0.033108895910332434,-0.674674475650928,0.06096435077216193,-0.026040312439755398,1.5290131445021524,-0.6631203960027255,0.3377386635534227,0.372315,0.013094,0.5634739999999999,-3.061394774460654,-0.19141025906621814,-0.29778807697527254
251,2026-09-26T06:11:30.882+00:00,12.6,1790403090.8797953,1790403090.8789008,1790403090.8802767,TEACHING_MODE,NORMAL,START_RECORDING,REACH_TARGET_POS_SUCCESSFULLY,0.033108895910332434,-0.674674475650928,0.06096435077216193,-0.026040312439755398,1.5290131445021524,-0.6631203960027255,0.3377386635534227,0.372315,0.013094,0.5634739999999999,-3.061394774460654,-0.19141025906621814,-0.29778807697527254
252,2026-09-26T06:11:30.932+00:00,12.65,1790403090.9285831,1790403090.9202578,1790403090.9301207,TEACHING_MODE,NORMAL,START_RECORDING,REACH_TARGET_POS_SUCCESSFULLY,0.033108895910332434,-0.674674475650928,0.06096435077216193,-0.026040312439755398,1.5290131445021524,-0.6631203960027255,0.3377386635534227,0.372315,0.013094,0.5634739999999999,-3.061394774460654,-0.19141025906621814,-0.29778807697527254
253,2026-09-26T06:11:30.982+00:00,12.7,1790403090.9807267,1790403090.9795558,1790403090.980975,TEACHING_MODE,NORMAL,START_RECORDING,REACH_TARGET_POS_SUCCESSFULLY,0.033108895910332434,-0.674674475650928,0.06096435077216193,-0.026040312439755398,1.5290131445021524,-0.6631203960027255,0.3377386635534227,0.372315,0.013094,0.5634739999999999,-3.061394774460654,-0.19141025906621814,-0.29778807697527254
254,2026-09-26T06:11:31.032+00:00,12.75,1790403091.028714,1790403091.0198379,1790403091.0302327,TEACHING_MODE,NORMAL,START_RECORDING,REACH_TARGET_POS_SUCCESSFULLY,0.033108895910332434,-0.674674475650928,0.06096435077216193,-0.026040312439755398,1.5290131445021524,-0.6631203960027255,0.3377386635534227,0.372315,0.013094,0.5634739999999999,-3.061394774460654,-0.19141025906621814,-0.29778807697527254
255,2026-09-26T06:11:31.082+00:00,12.8,1790403091.0824223,1790403091.0815191,1790403091.0827475,TEACHING_MODE,NORMAL,START_RECORDING,REACH_TARGET_POS_SUCCESSFULLY,0.033108895910332434,-0.674674475650928,0.06096435077216193,-0.026040312439755398,1.5290131445021524,-0.6631203960027255,0.3377386635534227,0.372315,0.013094,0.5634739999999999,-3.061394774460654,-0.19141025906621814,-0.29778807697527254
256,2026-09-26T06:11:31.132+00:00,12.85,1790403091.1287484,1790403091.1193078,1790403091.13251,TEACHING_MODE,NORMAL,START_RECORDING,REACH_TARGET_POS_SUCCESSFULLY,0.033108895910332434,-0.674674475650928,0.06096435077216193,-0.026040312439755398,1.5290131445021524,-0.6631203960027255,0.3377386635534227,0.372315,0.013094,0.5634739999999999,-3.061394774460654,-0.19141025906621814,-0.29778807697527254
257,2026-09-26T06:11:31.182+00:00,12.9,1790403091.1812534,1790403091.1802142,1790403091.1815054,TEACHING_MODE,NORMAL,START_RECORDING,REACH_TARGET_POS_SUCCESSFULLY,0.033108895910332434,-0.674674475650928,0.06096435077216193,-0.026040312439755398,1.5290131445021524,-0.6631203960027255,0.3377386635534227,0.372315,0.013094,0.5634739999999999,-3.061394774460654,-0.19141025906621814,-0.29778807697527254
258,2026-09-26T06:11:31.232+00:00,12.95,1790403091.228605,1790403091.2196662,1790403091.2302527,TEACHING_MODE,NORMAL,START_RECORDING,REACH_TARGET_POS_SUCCESSFULLY,0.033108895910332434,-0.674674475650928,0.06096435077216193,-0.026040312439755398,1.5290131445021524,-0.6631203960027255,0.3377386635534227,0.372315,0.013094,0.5634739999999999,-3.061394774460654,-0.19141025906621814,-0.29778807697527254
259,2026-09-26T06:11:31.282+00:00,13.0,1790403091.280814,1790403091.2775965,1790403091.2810152,TEACHING_MODE,NORMAL,START_RECORDING,REACH_TARGET_POS_SUCCESSFULLY,0.033108895910332434,-0.674674475650928,0.06096435077216193,-0.026040312439755398,1.5290131445021524,-0.6631203960027255,0.3377386635534227,0.372315,0.013094,0.5634739999999999,-3.061394774460654,-0.19141025906621814,-0.29778807697527254
260,2026-09-26T06:11:31.332+00:00,13.05,1790403091.3286028,1790403091.317601,1790403091.3315978,TEACHING_MODE,NORMAL,START_RECORDING,REACH_TARGET_POS_SUCCESSFULLY,0.033108895910332434,-0.674674475650928,0.06096435077216193,-0.026040312439755398,1.5290131445021524,-0.6631203960027255,0.3377386635534227,0.372315,0.013094,0.5634739999999999,-3.061394774460654,-0.19141025906621814,-0.29778807697527254
261,2026-09-26T06:11:31.382+00:00,13.1,1790403091.3802307,1790403091.3777997,1790403091.3806887,TEACHING_MODE,NORMAL,START_RECORDING,REACH_TARGET_POS_SUCCESSFULLY,0.033108895910332434,-0.674674475650928,0.06096435077216193,-0.026040312439755398,1.5290131445021524,-0.6631203960027255,0.3377386635534227,0.372315,0.013094,0.5634739999999999,-3.061394774460654,-0.19141025906621814,-0.29778807697527254
262,2026-09-26T06:11:31.432+00:00,13.15,1790403091.4286463,1790403091.417602,1790403091.4315176,TEACHING_MODE,NORMAL,START_RECORDING,REACH_TARGET_POS_SUCCESSFULLY,0.033108895910332434,-0.674674475650928,0.06096435077216193,-0.026040312439755398,1.5290131445021524,-0.6631203960027255,0.3377386635534227,0.372315,0.013094,0.5634739999999999,-3.061394774460654,-0.19141025906621814,-0.29778807697527254
263,2026-09-26T06:11:31.482+00:00,13.2,1790403091.4802692,1790403091.477756,1790403091.480468,TEACHING_MODE,NORMAL,START_RECORDING,REACH_TARGET_POS_SUCCESSFULLY,0.033108895910332434,-0.674674475650928,0.06096435077216193,-0.026040312439755398,1.5290131445021524,-0.6631203960027255,0.3377386635534227,0.372315,0.013094,0.5634739999999999,-3.061394774460654,-0.19141025906621814,-0.29778807697527254
264,2026-09-26T06:11:31.532+00:00,13.25,1790403091.5285606,1790403091.518227,1790403091.5317092,TEACHING_MODE,NORMAL,START_RECORDING,REACH_TARGET_POS_SUCCESSFULLY,0.033108895910332434,-0.674674475650928,0.06096435077216193,-0.026040312439755398,1.5290131445021524,-0.6631203960027255,0.3377386635534227,0.372315,0.013094,0.5634739999999999,-3.061394774460654,-0.19141025906621814,-0.29778807697527254
265,2026-09-26T06:11:31.582+00:00,13.3,1790403091.5804694,1790403091.5775201,1790403091.5807092,TEACHING_MODE,NORMAL,START_RECORDING,REACH_TARGET_POS_SUCCESSFULLY,0.033108895910332434,-0.674674475650928,0.06096435077216193,-0.026040312439755398,1.5290131445021524,-0.6631203960027255,0.3377386635534227,0.372315,0.013094,0.5634739999999999,-3.061394774460654,-0.19141025906621814,-0.29778807697527254
266,2026-09-26T06:11:31.632+00:00,13.35,1790403091.6286337,1790403091.6182706,1790403091.6320648,TEACHING_MODE,NORMAL,START_RECORDING,REACH_TARGET_POS_SUCCESSFULLY,0.033108895910332434,-0.674674475650928,0.06096435077216193,-0.026040312439755398,1.5290131445021524,-0.6631203960027255,0.3377386635534227,0.372315,0.013094,0.5634739999999999,-3.061394774460654,-0.19141025906621814,-0.29778807697527254
267,2026-09-26T06:11:31.682+00:00,13.4,1790403091.6802728,1790403091.6778018,1790403091.6804695,TEACHING_MODE,NORMAL,START_RECORDING,REACH_TARGET_POS_SUCCESSFULLY,0.033108895910332434,-0.674674475650928,0.06096435077216193,-0.026040312439755398,1.5290131445021524,-0.6631203960027255,0.3377386635534227,0.372315,0.013094,0.5634739999999999,-3.061394774460654,-0.19141025906621814,-0.29778807697527254
268,2026-09-26T06:11:31.732+00:00,13.45,1790403091.7286909,1790403091.7180464,1790403091.7319145,TEACHING_MODE,NORMAL,START_RECORDING,REACH_TARGET_POS_SUCCESSFULLY,0.033108895910332434,-0.674674475650928,0.06096435077216193,-0.026040312439755398,1.5290131445021524,-0.6631203960027255,0.3377386635534227,0.372315,0.013094,0.5634739999999999,-3.061394774460654,-0.19141025906621814,-0.29778807697527254
269,2026-09-26T06:11:31.782+00:00,13.5,1790403091.7801948,1790403091.7786524,1790403091.7818363,TEACHING_MODE,NORMAL,START_RECORDING,REACH_TARGET_POS_SUCCESSFULLY,0.033108895910332434,-0.674674475650928,0.06096435077216193,-0.026040312439755398,1.5290131445021524,-0.6631203960027255,0.3377386635534227,0.372315,0.013094,0.5634739999999999,-3.061394774460654,-0.19141025906621814,-0.29778807697527254
270,2026-09-26T06:11:31.832+00:00,13.55,1790403091.8292966,1790403091.8175192,1790403091.8302178,TEACHING_MODE,NORMAL,START_RECORDING,REACH_TARGET_POS_SUCCESSFULLY,0.033108895910332434,-0.674674475650928,0.06096435077216193,-0.026040312439755398,1.5290131445021524,-0.6631203960027255,0.3377386635534227,0.372315,0.013094,0.5634739999999999,-3.061394774460654,-0.19141025906621814,-0.29778807697527254
271,2026-09-26T06:11:31.882+00:00,13.6,1790403091.8792005,1790403091.8782218,1790403091.8818474,TEACHING_MODE,NORMAL,START_RECORDING,REACH_TARGET_POS_SUCCESSFULLY,0.033108895910332434,-0.674674475650928,0.06096435077216193,-0.026040312439755398,1.5290131445021524,-0.6631203960027255,0.3377386635534227,0.372315,0.013094,0.5634739999999999,-3.061394774460654,-0.19141025906621814,-0.29778807697527254
272,2026-09-26T06:11:31.933+00:00,13.65,1790403091.9286485,1790403091.9176672,1790403091.9305217,TEACHING_MODE,NORMAL,START_RECORDING,REACH_TARGET_POS_SUCCESSFULLY,0.033108895910332434,-0.674674475650928,0.06096435077216193,-0.026040312439755398,1.5290131445021524,-0.6631203960027255,0.3377386635534227,0.372315,0.013094,0.5634739999999999,-3.061394774460654,-0.19141025906621814,-0.29778807697527254
273,2026-09-26T06:11:31.982+00:00,13.7,1790403091.9785929,1790403091.9774265,1790403091.9813645,TEACHING_MODE,NORMAL,START_RECORDING,REACH_TARGET_POS_SUCCESSFULLY,0.033108895910332434,-0.674674475650928,0.06096435077216193,-0.026040312439755398,1.5290131445021524,-0.6631203960027255,0.3377386635534227,0.372315,0.013094,0.5634739999999999,-3.061394774460654,-0.19141025906621814,-0.29778807697527254
274,2026-09-26T06:11:32.032+00:00,13.75,1790403092.028637,1790403092.0180068,1790403092.0317228,TEACHING_MODE,NORMAL,START_RECORDING,REACH_TARGET_POS_SUCCESSFULLY,0.033108895910332434,-0.674674475650928,0.06096435077216193,-0.026040312439755398,1.5290131445021524,-0.6631203960027255,0.3377386635534227,0.372315,0.013094,0.5634739999999999,-3.061394774460654,-0.19141025906621814,-0.29778807697527254
275,2026-09-26T06:11:32.082+00:00,13.8,1790403092.0788608,1790403092.0775282,1790403092.0810735,TEACHING_MODE,NORMAL,START_RECORDING,REACH_TARGET_POS_SUCCESSFULLY,0.033108895910332434,-0.674674475650928,0.06096435077216193,-0.026040312439755398,1.5290131445021524,-0.6631203960027255,0.3377386635534227,0.372315,0.013094,0.5634739999999999,-3.061394774460654,-0.19141025906621814,-0.29778807697527254
276,2026-09-26T06:11:32.132+00:00,13.85,1790403092.128591,1790403092.1177602,1790403092.1315908,TEACHING_MODE,NORMAL,START_RECORDING,REACH_TARGET_POS_SUCCESSFULLY,0.033108895910332434,-0.674674475650928,0.06096435077216193,-0.026040312439755398,1.5290131445021524,-0.6631203960027255,0.3377386635534227,0.372315,0.013094,0.5634739999999999,-3.061394774460654,-0.19141025906621814,-0.29778807697527254
277,2026-09-26T06:11:32.182+00:00,13.9,1790403092.180495,1790403092.1784096,1790403092.181508,TEACHING_MODE,NORMAL,START_RECORDING,REACH_TARGET_POS_SUCCESSFULLY,0.033108895910332434,-0.674674475650928,0.06096435077216193,-0.026040312439755398,1.5290131445021524,-0.6631203960027255,0.3377386635534227,0.372315,0.013094,0.5634739999999999,-3.061394774460654,-0.19141025906621814,-0.29778807697527254
278,2026-09-26T06:11:32.232+00:00,13.95,1790403092.2286737,1790403092.2199824,1790403092.2302785,TEACHING_MODE,NORMAL,START_RECORDING,REACH_TARGET_POS_SUCCESSFULLY,0.033108895910332434,-0.674674475650928,0.06096435077216193,-0.026040312439755398,1.5290131445021524,-0.6631203960027255,0.3377386635534227,0.372315,0.013094,0.5634739999999999,-3.061394774460654,-0.19141025906621814,-0.29778807697527254
279,2026-09-26T06:11:32.282+00:00,14.0,1790403092.2789164,1790403092.278055,1790403092.2753198,TEACHING_MODE,NORMAL,START_RECORDING,REACH_TARGET_POS_SUCCESSFULLY,0.033108895910332434,-0.674674475650928,0.06096435077216193,-0.026040312439755398,1.5290131445021524,-0.6631203960027255,0.3377386635534227,0.372315,0.013094,0.5634739999999999,-3.061394774460654,-0.19141025906621814,-0.29778807697527254
280,2026-09-26T06:11:32.332+00:00,14.05,1790403092.3291965,1790403092.3184943,1790403092.3305671,TEACHING_MODE,NORMAL,START_RECORDING,REACH_TARGET_POS_SUCCESSFULLY,0.033108895910332434,-0.674674475650928,0.06096435077216193,-0.026040312439755398,1.5290131445021524,-0.6631203960027255,0.3377386635534227,0.372315,0.013094,0.5634739999999999,-3.061394774460654,-0.19141025906621814,-0.29778807697527254
281,2026-09-26T06:11:32.382+00:00,14.1,1790403092.3795664,1790403092.378525,1790403092.3807895,TEACHING_MODE,NORMAL,START_RECORDING,REACH_TARGET_POS_SUCCESSFULLY,0.033108895910332434,-0.674674475650928,0.06096435077216193,-0.026040312439755398,1.5290131445021524,-0.6631203960027255,0.3377386635534227,0.372315,0.013094,0.5634739999999999,-3.061394774460654,-0.19141025906621814,-0.29778807697527254
282,2026-09-26T06:11:32.432+00:00,14.15,1790403092.429205,1790403092.417635,1790403092.4302402,TEACHING_MODE,NORMAL,START_RECORDING,REACH_TARGET_POS_SUCCESSFULLY,0.033108895910332434,-0.674674475650928,0.06096435077216193,-0.026040312439755398,1.5290131445021524,-0.6631203960027255,0.3377386635534227,0.372315,0.013094,0.5634739999999999,-3.061394774460654,-0.19141025906621814,-0.29778807697527254
283,2026-09-26T06:11:32.483+00:00,14.2,1790403092.479214,1790403092.478201,1790403092.4808156,TEACHING_MODE,NORMAL,START_RECORDING,REACH_TARGET_POS_SUCCESSFULLY,0.033108895910332434,-0.674674475650928,0.06096435077216193,-0.026040312439755398,1.5290131445021524,-0.6631203960027255,0.3377386635534227,0.372315,0.013094,0.5634739999999999,-3.061394774460654,-0.19141025906621814,-0.29778807697527254
284,2026-09-26T06:11:32.532+00:00,14.25,1790403092.5289187,1790403092.5178652,1790403092.5306973,TEACHING_MODE,NORMAL,START_RECORDING,REACH_TARGET_POS_SUCCESSFULLY,0.033108895910332434,-0.674674475650928,0.06096435077216193,-0.026040312439755398,1.5290131445021524,-0.6631203960027255,0.3377386635534227,0.372315,0.013094,0.5634739999999999,-3.061394774460654,-0.19141025906621814,-0.29778807697527254
285,2026-09-26T06:11:32.582+00:00,14.3,1790403092.5789673,1790403092.5780556,1790403092.5801258,TEACHING_MODE,NORMAL,START_RECORDING,REACH_TARGET_POS_SUCCESSFULLY,0.033108895910332434,-0.674674475650928,0.06096435077216193,-0.026040312439755398,1.5290131445021524,-0.6631203960027255,0.3377386635534227,0.372315,0.013094,0.5634739999999999,-3.061394774460654,-0.19141025906621814,-0.29778807697527254
286,2026-09-26T06:11:32.632+00:00,14.35,1790403092.6286771,1790403092.61761,1790403092.6315265,TEACHING_MODE,NORMAL,START_RECORDING,REACH_TARGET_POS_SUCCESSFULLY,0.033108895910332434,-0.674674475650928,0.06096435077216193,-0.026040312439755398,1.5290131445021524,-0.6631203960027255,0.3377386635534227,0.372315,0.013094,0.5634739999999999,-3.061394774460654,-0.19141025906621814,-0.29778807697527254
287,2026-09-26T06:11:32.682+00:00,14.4,1790403092.6787663,1790403092.677613,1790403092.68212,TEACHING_MODE,NORMAL,START_RECORDING,REACH_TARGET_POS_SUCCESSFULLY,0.033108895910332434,-0.674674475650928,0.06096435077216193,-0.026040312439755398,1.5290131445021524,-0.6631203960027255,0.3377386635534227,0.372315,0.013094,0.5634739999999999,-3.061394774460654,-0.19141025906621814,-0.29778807697527254
288,2026-09-26T06:11:32.732+00:00,14.45,1790403092.7286391,1790403092.7176106,1790403092.731613,TEACHING_MODE,NORMAL,START_RECORDING,REACH_TARGET_POS_SUCCESSFULLY,0.033108895910332434,-0.674674475650928,0.06096435077216193,-0.026040312439755398,1.5290131445021524,-0.6631203960027255,0.3377386635534227,0.372315,0.013094,0.5634739999999999,-3.061394774460654,-0.19141025906621814,-0.29778807697527254
289,2026-09-26T06:11:32.782+00:00,14.5,1790403092.778678,1790403092.7778602,1790403092.7817218,TEACHING_MODE,NORMAL,START_RECORDING,REACH_TARGET_POS_SUCCESSFULLY,0.033108895910332434,-0.674674475650928,0.06096435077216193,-0.026040312439755398,1.5290131445021524,-0.6631203960027255,0.3377386635534227,0.372315,0.013094,0.5634739999999999,-3.061394774460654,-0.19141025906621814,-0.29778807697527254
290,2026-09-26T06:11:32.832+00:00,14.55,1790403092.828913,1790403092.8186662,1790403092.8303263,TEACHING_MODE,NORMAL,START_RECORDING,REACH_TARGET_POS_SUCCESSFULLY,0.033108895910332434,-0.674674475650928,0.06096435077216193,-0.026040312439755398,1.5290131445021524,-0.6631203960027255,0.3377386635534227,0.372315,0.013094,0.5634739999999999,-3.061394774460654,-0.19141025906621814,-0.29778807697527254
291,2026-09-26T06:11:32.882+00:00,14.6,1790403092.880002,1790403092.8784132,1790403092.880534,TEACHING_MODE,NORMAL,START_RECORDING,REACH_TARGET_POS_SUCCESSFULLY,0.033108895910332434,-0.674674475650928,0.06096435077216193,-0.026040312439755398,1.5290131445021524,-0.6631203960027255,0.3377386635534227,0.372315,0.013094,0.5634739999999999,-3.061394774460654,-0.19141025906621814,-0.29778807697527254
292,2026-09-26T06:11:32.932+00:00,14.65,1790403092.929425,1790403092.9177377,1790403092.9302046,TEACHING_MODE,NORMAL,START_RECORDING,REACH_TARGET_POS_SUCCESSFULLY,0.033108895910332434,-0.674674475650928,0.06096435077216193,-0.026040312439755398,1.5290131445021524,-0.6631203960027255,0.3377386635534227,0.372315,0.013094,0.5634739999999999,-3.061394774460654,-0.19141025906621814,-0.29778807697527254
293,2026-09-26T06:11:32.982+00:00,14.7,1790403092.979015,1790403092.9778626,1790403092.9802403,TEACHING_MODE,NORMAL,START_RECORDING,REACH_TARGET_POS_SUCCESSFULLY,0.033108895910332434,-0.674674475650928,0.06096435077216193,-0.026040312439755398,1.5290131445021524,-0.6631203960027255,0.3377386635534227,0.372315,0.013094,0.5634739999999999,-3.061394774460654,-0.19141025906621814,-0.29778807697527254
294,2026-09-26T06:11:33.032+00:00,14.75,1790403093.0292096,1790403093.0174816,1790403093.032102,TEACHING_MODE,NORMAL,START_RECORDING,REACH_TARGET_POS_SUCCESSFULLY,0.033108895910332434,-0.674674475650928,0.06096435077216193,-0.026040312439755398,1.5290131445021524,-0.6631203960027255,0.3377386635534227,0.372315,0.013094,0.5634739999999999,-3.061394774460654,-0.19141025906621814,-0.29778807697527254
295,2026-09-26T06:11:33.082+00:00,14.8,1790403093.0788682,1790403093.078013,1790403093.081574,TEACHING_MODE,NORMAL,START_RECORDING,REACH_TARGET_POS_SUCCESSFULLY,0.033108895910332434,-0.674674475650928,0.06096435077216193,-0.026040312439755398,1.5290131445021524,-0.6631203960027255,0.3377386635534227,0.372315,0.013094,0.5634739999999999,-3.061394774460654,-0.19141025906621814,-0.29778807697527254
296,2026-09-26T06:11:33.132+00:00,14.85,1790403093.1295998,1790403093.1174846,1790403093.130127,TEACHING_MODE,NORMAL,START_RECORDING,REACH_TARGET_POS_SUCCESSFULLY,0.033108895910332434,-0.674674475650928,0.06096435077216193,-0.026040312439755398,1.5290131445021524,-0.6631203960027255,0.3377386635534227,0.372315,0.013094,0.5634739999999999,-3.061394774460654,-0.19141025906621814,-0.29778807697527254
297,2026-09-26T06:11:33.182+00:00,14.9,1790403093.1785562,1790403093.1774123,1790403093.1804874,TEACHING_MODE,NORMAL,START_RECORDING,REACH_TARGET_POS_SUCCESSFULLY,0.033108895910332434,-0.674674475650928,0.06096435077216193,-0.026040312439755398,1.5290131445021524,-0.6631203960027255,0.3377386635534227,0.372315,0.013094,0.5634739999999999,-3.061394774460654,-0.19141025906621814,-0.29778807697527254
298,2026-09-26T06:11:33.232+00:00,14.95,1790403093.2293704,1790403093.2175698,1790403093.2312467,TEACHING_MODE,NORMAL,START_RECORDING,REACH_TARGET_POS_SUCCESSFULLY,0.033108895910332434,-0.674674475650928,0.06096435077216193,-0.026040312439755398,1.5290131445021524,-0.6631203960027255,0.3377386635534227,0.372315,0.013094,0.5634739999999999,-3.061394774460654,-0.19141025906621814,-0.29778807697527254
299,2026-09-26T06:11:33.282+00:00,15.0,1790403093.2785752,1790403093.2776184,1790403093.2813756,TEACHING_MODE,NORMAL,START_RECORDING,REACH_TARGET_POS_SUCCESSFULLY,0.033108895910332434,-0.674674475650928,0.06096435077216193,-0.026040312439755398,1.5290131445021524,-0.6631203960027255,0.3377386635534227,0.372315,0.013094,0.5634739999999999,-3.061394774460654,-0.19141025906621814,-0.29778807697527254
300,2026-09-26T06:11:33.332+00:00,15.05,1790403093.3298645,1790403093.318104,1790403093.3318555,TEACHING_MODE,NORMAL,START_RECORDING,REACH_TARGET_POS_SUCCESSFULLY,0.033108895910332434,-0.674674475650928,0.06096435077216193,-0.026040312439755398,1.5290131445021524,-0.6631203960027255,0.3377386635534227,0.372315,0.013094,0.5634739999999999,-3.061394774460654,-0.19141025906621814,-0.29778807697527254
301,2026-09-26T06:11:33.382+00:00,15.1,1790403093.3790371,1790403093.3775313,1790403093.3802896,TEACHING_MODE,NORMAL,START_RECORDING,REACH_TARGET_POS_SUCCESSFULLY,0.033108895910332434,-0.674674475650928,0.06096435077216193,-0.026040312439755398,1.5290131445021524,-0.6631203960027255,0.3377386635534227,0.372315,0.013094,0.5634739999999999,-3.061394774460654,-0.19141025906621814,-0.29778807697527254
302,2026-09-26T06:11:33.432+00:00,15.15,1790403093.429619,1790403093.4182422,1790403093.430233,TEACHING_MODE,NORMAL,START_RECORDING,REACH_TARGET_POS_SUCCESSFULLY,0.033108895910332434,-0.674674475650928,0.06096435077216193,-0.026040312439755398,1.5290131445021524,-0.6631203960027255,0.3377386635534227,0.372315,0.013094,0.5634739999999999,-3.061394774460654,-0.19141025906621814,-0.29778807697527254
303,2026-09-26T06:11:33.482+00:00,15.2,1790403093.4792156,1790403093.4783318,1790403093.4802535,TEACHING_MODE,NORMAL,START_RECORDING,REACH_TARGET_POS_SUCCESSFULLY,0.033108895910332434,-0.674674475650928,0.06096435077216193,-0.026040312439755398,1.5290131445021524,-0.6631203960027255,0.3377386635534227,0.372315,0.013094,0.5634739999999999,-3.061394774460654,-0.19141025906621814,-0.29778807697527254
304,2026-09-26T06:11:33.532+00:00,15.25,1790403093.531977,1790403093.5176203,1790403093.5322719,TEACHING_MODE,NORMAL,START_RECORDING,REACH_TARGET_POS_SUCCESSFULLY,0.033108895910332434,-0.674674475650928,0.06096435077216193,-0.026040312439755398,1.5290131445021524,-0.6631203960027255,0.3377386635534227,0.372315,0.013094,0.5634739999999999,-3.061394774460654,-0.19141025906621814,-0.29778807697527254
305,2026-09-26T06:11:33.582+00:00,15.3,1790403093.5795753,1790403093.578532,1790403093.5802412,TEACHING_MODE,NORMAL,START_RECORDING,REACH_TARGET_POS_SUCCESSFULLY,0.033108895910332434,-0.674674475650928,0.06096435077216193,-0.026040312439755398,1.5290131445021524,-0.6631203960027255,0.3377386635534227,0.372315,0.013094,0.5634739999999999,-3.061394774460654,-0.19141025906621814,-0.29778807697527254
306,2026-09-26T06:11:33.632+00:00,15.35,1790403093.629244,1790403093.6179273,1790403093.6313312,TEACHING_MODE,NORMAL,START_RECORDING,REACH_TARGET_POS_SUCCESSFULLY,0.033108895910332434,-0.674674475650928,0.06096435077216193,-0.026040312439755398,1.5290131445021524,-0.6631203960027255,0.3377386635534227,0.372315,0.013094,0.5634739999999999,-3.061394774460654,-0.19141025906621814,-0.29778807697527254
307,2026-09-26T06:11:33.682+00:00,15.4,1790403093.6786642,1790403093.6776216,1790403093.6803775,TEACHING_MODE,NORMAL,START_RECORDING,REACH_TARGET_POS_SUCCESSFULLY,0.033108895910332434,-0.674674475650928,0.06096435077216193,-0.026040312439755398,1.5290131445021524,-0.6631203960027255,0.3377386635534227,0.372315,0.013094,0.5634739999999999,-3.061394774460654,-0.19141025906621814,-0.29778807697527254
308,2026-09-26T06:11:33.732+00:00,15.45,1790403093.7287776,1790403093.7173793,1790403093.7307372,TEACHING_MODE,NORMAL,START_RECORDING,REACH_TARGET_POS_SUCCESSFULLY,0.033108895910332434,-0.674674475650928,0.06096435077216193,-0.026040312439755398,1.5290131445021524,-0.6631203960027255,0.3377386635534227,0.372315,0.013094,0.5634739999999999,-3.061394774460654,-0.19141025906621814,-0.29778807697527254
309,2026-09-26T06:11:33.782+00:00,15.5,1790403093.7785366,1790403093.7776873,1790403093.7803354,TEACHING_MODE,NORMAL,START_RECORDING,REACH_TARGET_POS_SUCCESSFULLY,0.033108895910332434,-0.674674475650928,0.06096435077216193,-0.026040312439755398,1.5290131445021524,-0.6631203960027255,0.3377386635534227,0.372315,0.013094,0.5634739999999999,-3.061394774460654,-0.19141025906621814,-0.29778807697527254
310,2026-09-26T06:11:33.832+00:00,15.55,1790403093.8290663,1790403093.817878,1790403093.830841,TEACHING_MODE,NORMAL,START_RECORDING,REACH_TARGET_POS_SUCCESSFULLY,0.033108895910332434,-0.674674475650928,0.06096435077216193,-0.026040312439755398,1.5290131445021524,-0.6631203960027255,0.3377386635534227,0.372315,0.013094,0.5634739999999999,-3.061394774460654,-0.19141025906621814,-0.29778807697527254
311,2026-09-26T06:11:33.882+00:00,15.6,1790403093.8788373,1790403093.8778374,1790403093.8803537,TEACHING_MODE,NORMAL,START_RECORDING,REACH_TARGET_POS_SUCCESSFULLY,0.033108895910332434,-0.674674475650928,0.06096435077216193,-0.026040312439755398,1.5290131445021524,-0.6631203960027255,0.3377386635534227,0.372315,0.013094,0.5634739999999999,-3.061394774460654,-0.19141025906621814,-0.29778807697527254
312,2026-09-26T06:11:33.932+00:00,15.65,1790403093.9286418,1790403093.9175587,1790403093.9307947,TEACHING_MODE,NORMAL,START_RECORDING,REACH_TARGET_POS_SUCCESSFULLY,0.033108895910332434,-0.674674475650928,0.06096435077216193,-0.026040312439755398,1.5290131445021524,-0.6631203960027255,0.3377386635534227,0.372315,0.013094,0.5634739999999999,-3.061394774460654,-0.19141025906621814,-0.29778807697527254
313,2026-09-26T06:11:33.982+00:00,15.7,1790403093.9787345,1790403093.977668,1790403093.9820678,TEACHING_MODE,NORMAL,START_RECORDING,REACH_TARGET_POS_SUCCESSFULLY,0.033108895910332434,-0.674674475650928,0.06096435077216193,-0.026040312439755398,1.5290131445021524,-0.6631203960027255,0.3377386635534227,0.372315,0.013094,0.5634739999999999,-3.061394774460654,-0.19141025906621814,-0.29778807697527254
314,2026-09-26T06:11:34.032+00:00,15.75,1790403094.028562,1790403094.0182939,1790403094.0250545,TEACHING_MODE,NORMAL,START_RECORDING,REACH_TARGET_POS_SUCCESSFULLY,0.033108895910332434,-0.674674475650928,0.06096435077216193,-0.026040312439755398,1.5290131445021524,-0.6631203960027255,0.3377386635534227,0.372315,0.013094,0.5634739999999999,-3.061394774460654,-0.19141025906621814,-0.29778807697527254
315,2026-09-26T06:11:34.082+00:00,15.8,1790403094.0795796,1790403094.0786223,1790403094.0819829,TEACHING_MODE,NORMAL,START_RECORDING,REACH_TARGET_POS_SUCCESSFULLY,0.033108895910332434,-0.674674475650928,0.06096435077216193,-0.026040312439755398,1.5290131445021524,-0.6631203960027255,0.3377386635534227,0.372315,0.013094,0.5634739999999999,-3.061394774460654,-0.19141025906621814,-0.29778807697527254
316,2026-09-26T06:11:34.132+00:00,15.85,1790403094.128668,1790403094.117928,1790403094.1320317,TEACHING_MODE,NORMAL,START_RECORDING,REACH_TARGET_POS_SUCCESSFULLY,0.033108895910332434,-0.674674475650928,0.06096435077216193,-0.026040312439755398,1.5290131445021524,-0.6631203960027255,0.3377386635534227,0.372315,0.013094,0.5634739999999999,-3.061394774460654,-0.19141025906621814,-0.29778807697527254
317,2026-09-26T06:11:34.182+00:00,15.9,1790403094.1807768,1790403094.179719,1790403094.181314,TEACHING_MODE,NORMAL,START_RECORDING,REACH_TARGET_POS_SUCCESSFULLY,0.033108895910332434,-0.674674475650928,0.06096435077216193,-0.026040312439755398,1.5290131445021524,-0.6631203960027255,0.3377386635534227,0.372315,0.013094,0.5634739999999999,-3.061394774460654,-0.19141025906621814,-0.29778807697527254
318,2026-09-26T06:11:34.232+00:00,15.95,1790403094.2287624,1790403094.2177572,1790403094.2307565,TEACHING_MODE,NORMAL,START_RECORDING,REACH_TARGET_POS_SUCCESSFULLY,0.033108895910332434,-0.674674475650928,0.06096435077216193,-0.026040312439755398,1.5290131445021524,-0.6631203960027255,0.3377386635534227,0.372315,0.013094,0.5634739999999999,-3.061394774460654,-0.19141025906621814,-0.29778807697527254
319,2026-09-26T06:11:34.282+00:00,16.0,1790403094.2806234,1790403094.279477,1790403094.2809036,TEACHING_MODE,NORMAL,START_RECORDING,REACH_TARGET_POS_SUCCESSFULLY,0.033108895910332434,-0.674674475650928,0.06096435077216193,-0.026040312439755398,1.5290131445021524,-0.6631203960027255,0.3377386635534227,0.372315,0.013094,0.5634739999999999,-3.061394774460654,-0.19141025906621814,-0.29778807697527254
320,2026-09-26T06:11:34.332+00:00,16.05,1790403094.3286557,1790403094.318626,1790403094.3317144,TEACHING_MODE,NORMAL,START_RECORDING,REACH_TARGET_POS_SUCCESSFULLY,0.033108895910332434,-0.674674475650928,0.06096435077216193,-0.026040312439755398,1.5290131445021524,-0.6631203960027255,0.3377386635534227,0.372315,0.013094,0.5634739999999999,-3.061394774460654,-0.19141025906621814,-0.29778807697527254
321,2026-09-26T06:11:34.382+00:00,16.1,1790403094.378977,1790403094.3780107,1790403094.3802745,TEACHING_MODE,NORMAL,START_RECORDING,REACH_TARGET_POS_SUCCESSFULLY,0.033108895910332434,-0.674674475650928,0.06096435077216193,-0.026040312439755398,1.5290131445021524,-0.6631203960027255,0.3377386635534227,0.372315,0.013094,0.5634739999999999,-3.061394774460654,-0.19141025906621814,-0.29778807697527254
322,2026-09-26T06:11:34.432+00:00,16.15,1790403094.4290073,1790403094.4182613,1790403094.430217,TEACHING_MODE,NORMAL,START_RECORDING,REACH_TARGET_POS_SUCCESSFULLY,0.033108895910332434,-0.674674475650928,0.06096435077216193,-0.026040312439755398,1.5290131445021524,-0.6631203960027255,0.3377386635534227,0.372315,0.013094,0.5634739999999999,-3.061394774460654,-0.19141025906621814,-0.29778807697527254
323,2026-09-26T06:11:34.483+00:00,16.2,1790403094.478846,1790403094.478004,1790403094.48224,TEACHING_MODE,NORMAL,START_RECORDING,REACH_TARGET_POS_SUCCESSFULLY,0.033108895910332434,-0.674674475650928,0.06096435077216193,-0.026040312439755398,1.5290131445021524,-0.6631203960027255,0.3377386635534227,0.372315,0.013094,0.5634739999999999,-3.061394774460654,-0.19141025906621814,-0.29778807697527254
324,2026-09-26T06:11:34.532+00:00,16.25,1790403094.5285661,1790403094.5200918,1790403094.5321155,TEACHING_MODE,NORMAL,START_RECORDING,REACH_TARGET_POS_SUCCESSFULLY,0.033108895910332434,-0.674674475650928,0.06096435077216193,-0.026040312439755398,1.5290131445021524,-0.6631203960027255,0.3377386635534227,0.372315,0.013094,0.5634739999999999,-3.061394774460654,-0.19141025906621814,-0.29778807697527254
325,2026-09-26T06:11:34.582+00:00,16.3,1790403094.579735,1790403094.5788703,1790403094.580092,TEACHING_MODE,NORMAL,START_RECORDING,REACH_TARGET_POS_SUCCESSFULLY,0.033108895910332434,-0.674674475650928,0.06096435077216193,-0.026040312439755398,1.5290131445021524,-0.6631203960027255,0.3377386635534227,0.372315,0.013094,0.5634739999999999,-3.061394774460654,-0.19141025906621814,-0.29778807697527254
326,2026-09-26T06:11:34.632+00:00,16.35,1790403094.628758,1790403094.6183145,1790403094.6303327,TEACHING_MODE,NORMAL,START_RECORDING,REACH_TARGET_POS_SUCCESSFULLY,0.033108895910332434,-0.674674475650928,0.06096435077216193,-0.026040312439755398,1.5290131445021524,-0.6631203960027255,0.3377386635534227,0.372315,0.013094,0.5634739999999999,-3.061394774460654,-0.19141025906621814,-0.29778807697527254
327,2026-09-26T06:11:34.682+00:00,16.4,1790403094.6798248,1790403094.6789877,1790403094.6801152,TEACHING_MODE,NORMAL,START_RECORDING,REACH_TARGET_POS_SUCCESSFULLY,0.033108895910332434,-0.674674475650928,0.06096435077216193,-0.026040312439755398,1.5290131445021524,-0.6631203960027255,0.3377386635534227,0.372315,0.013094,0.5634739999999999,-3.061394774460654,-0.19141025906621814,-0.29778807697527254
328,2026-09-26T06:11:34.732+00:00,16.45,1790403094.7289116,1790403094.7182062,1790403094.7305548,TEACHING_MODE,NORMAL,START_RECORDING,REACH_TARGET_POS_SUCCESSFULLY,0.033108895910332434,-0.674674475650928,0.06096435077216193,-0.026040312439755398,1.5290131445021524,-0.6631203960027255,0.3377386635534227,0.372315,0.013094,0.5634739999999999,-3.061394774460654,-0.19141025906621814,-0.29778807697527254
329,2026-09-26T06:11:34.782+00:00,16.5,1790403094.7790027,1790403094.778241,1790403094.7825334,TEACHING_MODE,NORMAL,START_RECORDING,REACH_TARGET_POS_SUCCESSFULLY,0.033108895910332434,-0.674674475650928,0.06096435077216193,-0.026040312439755398,1.5290131445021524,-0.6631203960027255,0.3377386635534227,0.372315,0.013094,0.5634739999999999,-3.061394774460654,-0.19141025906621814,-0.29778807697527254
330,2026-09-26T06:11:34.832+00:00,16.55,1790403094.8286936,1790403094.8177178,1790403094.8302276,TEACHING_MODE,NORMAL,START_RECORDING,REACH_TARGET_POS_SUCCESSFULLY,0.033108895910332434,-0.674674475650928,0.06096435077216193,-0.026040312439755398,1.5290131445021524,-0.6631203960027255,0.3377386635534227,0.372315,0.013094,0.5634739999999999,-3.061394774460654,-0.19141025906621814,-0.29778807697527254
331,2026-09-26T06:11:34.882+00:00,16.6,1790403094.8790305,1790403094.8782246,1790403094.8815887,TEACHING_MODE,NORMAL,START_RECORDING,REACH_TARGET_POS_SUCCESSFULLY,0.033108895910332434,-0.674674475650928,0.06096435077216193,-0.026040312439755398,1.5290131445021524,-0.6631203960027255,0.3377386635534227,0.372315,0.013094,0.5634739999999999,-3.061394774460654,-0.19141025906621814,-0.29778807697527254
332,2026-09-26T06:11:34.932+00:00,16.65,1790403094.9285884,1790403094.9192472,1790403094.931829,TEACHING_MODE,NORMAL,START_RECORDING,REACH_TARGET_POS_SUCCESSFULLY,0.033108895910332434,-0.674674475650928,0.06096435077216193,-0.026040312439755398,1.5290131445021524,-0.6631203960027255,0.3377386635534227,0.372315,0.013094,0.5634739999999999,-3.061394774460654,-0.19141025906621814,-0.29778807697527254
333,2026-09-26T06:11:34.982+00:00,16.7,1790403094.9793975,1790403094.977988,1790403094.9802268,TEACHING_MODE,NORMAL,START_RECORDING,REACH_TARGET_POS_SUCCESSFULLY,0.033108895910332434,-0.674674475650928,0.06096435077216193,-0.026040312439755398,1.5290131445021524,-0.6631203960027255,0.3377386635534227,0.372315,0.013094,0.5634739999999999,-3.061394774460654,-0.19141025906621814,-0.29778807697527254
334,2026-09-26T06:11:35.032+00:00,16.75,1790403095.0285428,1790403095.0184486,1790403095.031268,TEACHING_MODE,NORMAL,START_RECORDING,REACH_TARGET_POS_SUCCESSFULLY,0.033108895910332434,-0.674674475650928,0.06096435077216193,-0.026040312439755398,1.5290131445021524,-0.6631203960027255,0.3377386635534227,0.372315,0.013094,0.5634739999999999,-3.061394774460654,-0.19141025906621814,-0.29778807697527254
335,2026-09-26T06:11:35.082+00:00,16.8,1790403095.0797372,1790403095.078826,1790403095.080026,TEACHING_MODE,NORMAL,START_RECORDING,REACH_TARGET_POS_SUCCESSFULLY,0.033108895910332434,-0.674674475650928,0.06096435077216193,-0.026040312439755398,1.5290131445021524,-0.6631203960027255,0.3377386635534227,0.372315,0.013094,0.5634739999999999,-3.061394774460654,-0.19141025906621814,-0.29778807697527254
336,2026-09-26T06:11:35.132+00:00,16.85,1790403095.1285262,1790403095.1192987,1790403095.1316292,TEACHING_MODE,NORMAL,START_RECORDING,REACH_TARGET_POS_SUCCESSFULLY,0.033108895910332434,-0.674674475650928,0.06096435077216193,-0.026040312439755398,1.5290131445021524,-0.6631203960027255,0.3377386635534227,0.372315,0.013094,0.5634739999999999,-3.061394774460654,-0.19141025906621814,-0.29778807697527254
337,2026-09-26T06:11:35.182+00:00,16.9,1790403095.180588,1790403095.1796744,1790403095.1810737,TEACHING_MODE,NORMAL,START_RECORDING,REACH_TARGET_POS_SUCCESSFULLY,0.033108895910332434,-0.674674475650928,0.06096435077216193,-0.026040312439755398,1.5290131445021524,-0.6631203960027255,0.3377386635534227,0.372315,0.013094,0.5634739999999999,-3.061394774460654,-0.19141025906621814,-0.29778807697527254
338,2026-09-26T06:11:35.232+00:00,16.95,1790403095.2292616,1790403095.2202208,1790403095.2300239,TEACHING_MODE,NORMAL,START_RECORDING,REACH_TARGET_POS_SUCCESSFULLY,0.033108895910332434,-0.674674475650928,0.06096435077216193,-0.026040312439755398,1.5290131445021524,-0.6631203960027255,0.3377386635534227,0.372315,0.013094,0.5634739999999999,-3.061394774460654,-0.19141025906621814,-0.29778807697527254
339,2026-09-26T06:11:35.282+00:00,17.0,1790403095.2812204,1790403095.2782254,1790403095.2816603,TEACHING_MODE,NORMAL,START_RECORDING,REACH_TARGET_POS_SUCCESSFULLY,0.033108895910332434,-0.674674475650928,0.06096435077216193,-0.026040312439755398,1.5290131445021524,-0.6631203960027255,0.3377386635534227,0.372315,0.013094,0.5634739999999999,-3.061394774460654,-0.19141025906621814,-0.29778807697527254
340,2026-09-26T06:11:35.332+00:00,17.05,1790403095.32876,1790403095.3184972,1790403095.33043,TEACHING_MODE,NORMAL,START_RECORDING,REACH_TARGET_POS_SUCCESSFULLY,0.033108895910332434,-0.674674475650928,0.06096435077216193,-0.026040312439755398,1.5290131445021524,-0.6631203960027255,0.3377386635534227,0.372315,0.013094,0.5634739999999999,-3.061394774460654,-0.19141025906621814,-0.29778807697527254
341,2026-09-26T06:11:35.382+00:00,17.1,1790403095.380848,1790403095.3776984,1790403095.3812463,TEACHING_MODE,NORMAL,START_RECORDING,REACH_TARGET_POS_SUCCESSFULLY,0.033108895910332434,-0.674674475650928,0.06096435077216193,-0.026040312439755398,1.5290131445021524,-0.6631203960027255,0.3377386635534227,0.372315,0.013094,0.5634739999999999,-3.061394774460654,-0.19141025906621814,-0.29778807697527254
342,2026-09-26T06:11:35.432+00:00,17.15,1790403095.4285893,1790403095.4191618,1790403095.430058,TEACHING_MODE,NORMAL,START_RECORDING,REACH_TARGET_POS_SUCCESSFULLY,0.033108895910332434,-0.674674475650928,0.06096435077216193,-0.026040312439755398,1.5290131445021524,-0.6631203960027255,0.3377386635534227,0.372315,0.013094,0.5634739999999999,-3.061394774460654,-0.19141025906621814,-0.29778807697527254
343,2026-09-26T06:11:35.482+00:00,17.2,1790403095.4805467,1790403095.4779022,1790403095.4807866,TEACHING_MODE,NORMAL,START_RECORDING,REACH_TARGET_POS_SUCCESSFULLY,0.033108895910332434,-0.674674475650928,0.06096435077216193,-0.026040312439755398,1.5290131445021524,-0.6631203960027255,0.3377386635534227,0.372315,0.013094,0.5634739999999999,-3.061394774460654,-0.19141025906621814,-0.29778807697527254
344,2026-09-26T06:11:35.532+00:00,17.25,1790403095.5286388,1790403095.517835,1790403095.5300357,TEACHING_MODE,NORMAL,START_RECORDING,REACH_TARGET_POS_SUCCESSFULLY,0.033108895910332434,-0.674674475650928,0.06096435077216193,-0.026040312439755398,1.5290131445021524,-0.6631203960027255,0.3377386635534227,0.372315,0.013094,0.5634739999999999,-3.061394774460654,-0.19141025906621814,-0.29778807697527254
345,2026-09-26T06:11:35.583+00:00,17.3,1790403095.5800803,1790403095.5776598,1790403095.580306,TEACHING_MODE,NORMAL,START_RECORDING,REACH_TARGET_POS_SUCCESSFULLY,0.033108895910332434,-0.674674475650928,0.06096435077216193,-0.026040312439755398,1.5290131445021524,-0.6631203960027255,0.3377386635534227,0.372315,0.013094,0.5634739999999999,-3.061394774460654,-0.19141025906621814,-0.29778807697527254
346,2026-09-26T06:11:35.632+00:00,17.35,1790403095.6285744,1790403095.61946,1790403095.6315296,TEACHING_MODE,NORMAL,START_RECORDING,REACH_TARGET_POS_SUCCESSFULLY,0.033108895910332434,-0.674674475650928,0.06096435077216193,-0.026040312439755398,1.5290131445021524,-0.6631203960027255,0.3377386635534227,0.372315,0.013094,0.5634739999999999,-3.061394774460654,-0.19141025906621814,-0.29778807697527254
347,2026-09-26T06:11:35.682+00:00,17.4,1790403095.680858,1790403095.678404,1790403095.6826184,TEACHING_MODE,NORMAL,START_RECORDING,REACH_TARGET_POS_SUCCESSFULLY,0.033108895910332434,-0.674674475650928,0.06096435077216193,-0.026040312439755398,1.5290131445021524,-0.6631203960027255,0.3377386635534227,0.372315,0.013094,0.5634739999999999,-3.061394774460654,-0.19141025906621814,-0.29778807697527254
348,2026-09-26T06:11:35.732+00:00,17.45,1790403095.728704,1790403095.718597,1790403095.7301326,TEACHING_MODE,NORMAL,START_RECORDING,REACH_TARGET_POS_SUCCESSFULLY,0.033108895910332434,-0.674674475650928,0.06096435077216193,-0.026040312439755398,1.5290131445021524,-0.6631203960027255,0.3377386635534227,0.372315,0.013094,0.5634739999999999,-3.061394774460654,-0.19141025906621814,-0.29778807697527254
349,2026-09-26T06:11:35.782+00:00,17.5,1790403095.7795243,1790403095.7784154,1790403095.7818367,TEACHING_MODE,NORMAL,START_RECORDING,REACH_TARGET_POS_SUCCESSFULLY,0.033108895910332434,-0.674674475650928,0.06096435077216193,-0.026040312439755398,1.5290131445021524,-0.6631203960027255,0.3377386635534227,0.372315,0.013094,0.5634739999999999,-3.061394774460654,-0.19141025906621814,-0.29778807697527254
350,2026-09-26T06:11:35.832+00:00,17.55,1790403095.828728,1790403095.8178601,1790403095.832579,TEACHING_MODE,NORMAL,START_RECORDING,REACH_TARGET_POS_SUCCESSFULLY,0.033108895910332434,-0.674674475650928,0.06096435077216193,-0.026040312439755398,1.5290131445021524,-0.6631203960027255,0.3377386635534227,0.372315,0.013094,0.5634739999999999,-3.061394774460654,-0.19141025906621814,-0.29778807697527254
351,2026-09-26T06:11:35.882+00:00,17.6,1790403095.8807478,1790403095.8794396,1790403095.8750858,TEACHING_MODE,NORMAL,START_RECORDING,REACH_TARGET_POS_SUCCESSFULLY,0.033108895910332434,-0.674674475650928,0.06096435077216193,-0.026040312439755398,1.5290131445021524,-0.6631203960027255,0.3377386635534227,0.372315,0.013094,0.5634739999999999,-3.061394774460654,-0.19141025906621814,-0.29778807697527254
352,2026-09-26T06:11:35.932+00:00,17.65,1790403095.9285772,1790403095.9174373,1790403095.930526,TEACHING_MODE,NORMAL,START_RECORDING,REACH_TARGET_POS_SUCCESSFULLY,0.033108895910332434,-0.674674475650928,0.06096435077216193,-0.026040312439755398,1.5290131445021524,-0.6631203960027255,0.3377386635534227,0.372315,0.013094,0.5634739999999999,-3.061394774460654,-0.19141025906621814,-0.29778807697527254
353,2026-09-26T06:11:35.982+00:00,17.7,1790403095.9789379,1790403095.9779434,1790403095.9822476,TEACHING_MODE,NORMAL,START_RECORDING,REACH_TARGET_POS_SUCCESSFULLY,0.033108895910332434,-0.674674475650928,0.06096435077216193,-0.026040312439755398,1.5290131445021524,-0.6631203960027255,0.3377386635534227,0.372315,0.013094,0.5634739999999999,-3.061394774460654,-0.19141025906621814,-0.29778807697527254
354,2026-09-26T06:11:36.032+00:00,17.75,1790403096.0286825,1790403096.017485,1790403096.0303977,TEACHING_MODE,NORMAL,START_RECORDING,REACH_TARGET_POS_SUCCESSFULLY,0.033108895910332434,-0.674674475650928,0.06096435077216193,-0.026040312439755398,1.5290131445021524,-0.6631203960027255,0.3377386635534227,0.372315,0.013094,0.5634739999999999,-3.061394774460654,-0.19141025906621814,-0.29778807697527254
355,2026-09-26T06:11:36.082+00:00,17.8,1790403096.0785823,1790403096.0774622,1790403096.08075,TEACHING_MODE,NORMAL,START_RECORDING,REACH_TARGET_POS_SUCCESSFULLY,0.033108895910332434,-0.674674475650928,0.06096435077216193,-0.026040312439755398,1.5290131445021524,-0.6631203960027255,0.3377386635534227,0.372315,0.013094,0.5634739999999999,-3.061394774460654,-0.19141025906621814,-0.29778807697527254
356,2026-09-26T06:11:36.132+00:00,17.85,1790403096.1286,1790403096.1175783,1790403096.1300175,TEACHING_MODE,NORMAL,START_RECORDING,REACH_TARGET_POS_SUCCESSFULLY,0.033108895910332434,-0.674674475650928,0.06096435077216193,-0.026040312439755398,1.5290131445021524,-0.6631203960027255,0.3377386635534227,0.372315,0.013094,0.5634739999999999,-3.061394774460654,-0.19141025906621814,-0.29778807697527254
357,2026-09-26T06:11:36.182+00:00,17.9,1790403096.178612,1790403096.1773448,1790403096.1817024,TEACHING_MODE,NORMAL,START_RECORDING,REACH_TARGET_POS_SUCCESSFULLY,0.033108895910332434,-0.674674475650928,0.06096435077216193,-0.026040312439755398,1.5290131445021524,-0.6631203960027255,0.3377386635534227,0.372315,0.013094,0.5634739999999999,-3.061394774460654,-0.19141025906621814,-0.29778807697527254
358,2026-09-26T06:11:36.232+00:00,17.95,1790403096.228557,1790403096.2178986,1790403096.2300415,TEACHING_MODE,NORMAL,START_RECORDING,REACH_TARGET_POS_SUCCESSFULLY,0.033108895910332434,-0.674674475650928,0.06096435077216193,-0.026040312439755398,1.5290131445021524,-0.6631203960027255,0.3377386635534227,0.372315,0.013094,0.5634739999999999,-3.061394774460654,-0.19141025906621814,-0.29778807697527254
359,2026-09-26T06:11:36.282+00:00,18.0,1790403096.2789826,1790403096.2775536,1790403096.2800853,TEACHING_MODE,NORMAL,START_RECORDING,REACH_TARGET_POS_SUCCESSFULLY,0.033108895910332434,-0.674674475650928,0.06096435077216193,-0.026040312439755398,1.5290131445021524,-0.6631203960027255,0.3377386635534227,0.372315,0.013094,0.5634739999999999,-3.061394774460654,-0.19141025906621814,-0.29778807697527254
360,2026-09-26T06:11:36.332+00:00,18.05,1790403096.3301067,1790403096.318645,1790403096.3304443,TEACHING_MODE,NORMAL,START_RECORDING,REACH_TARGET_POS_SUCCESSFULLY,0.033108895910332434,-0.674674475650928,0.06096435077216193,-0.026040312439755398,1.5290131445021524,-0.6631203960027255,0.3377386635534227,0.372315,0.013094,0.5634739999999999,-3.061394774460654,-0.19141025906621814,-0.29778807697527254
361,2026-09-26T06:11:36.382+00:00,18.1,1790403096.3790689,1790403096.3778753,1790403096.380443,TEACHING_MODE,NORMAL,START_RECORDING,REACH_TARGET_POS_SUCCESSFULLY,0.033108895910332434,-0.674674475650928,0.06096435077216193,-0.026040312439755398,1.5290131445021524,-0.6631203960027255,0.3377386635534227,0.372315,0.013094,0.5634739999999999,-3.061394774460654,-0.19141025906621814,-0.29778807697527254
362,2026-09-26T06:11:36.432+00:00,18.15,1790403096.429647,1790403096.417445,1790403096.430087,TEACHING_MODE,NORMAL,START_RECORDING,REACH_TARGET_POS_SUCCESSFULLY,0.033108895910332434,-0.674674475650928,0.06096435077216193,-0.026040312439755398,1.5290131445021524,-0.6631203960027255,0.3377386635534227,0.372315,0.013094,0.5634739999999999,-3.061394774460654,-0.19141025906621814,-0.29778807697527254
363,2026-09-26T06:11:36.482+00:00,18.2,1790403096.478842,1790403096.4779298,1790403096.4801083,TEACHING_MODE,NORMAL,START_RECORDING,REACH_TARGET_POS_SUCCESSFULLY,0.033108895910332434,-0.674674475650928,0.06096435077216193,-0.026040312439755398,1.5290131445021524,-0.6631203960027255,0.3377386635534227,0.372315,0.013094,0.5634739999999999,-3.061394774460654,-0.19141025906621814,-0.29778807697527254
364,2026-09-26T06:11:36.532+00:00,18.25,1790403096.5290513,1790403096.5174675,1790403096.5307775,TEACHING_MODE,NORMAL,START_RECORDING,REACH_TARGET_POS_SUCCESSFULLY,0.033108895910332434,-0.674674475650928,0.06096435077216193,-0.026040312439755398,1.5290131445021524,-0.6631203960027255,0.3377386635534227,0.372315,0.013094,0.5634739999999999,-3.061394774460654,-0.19141025906621814,-0.29778807697527254
365,2026-09-26T06:11:36.582+00:00,18.3,1790403096.5785644,1790403096.577447,1790403096.5819497,TEACHING_MODE,NORMAL,START_RECORDING,REACH_TARGET_POS_SUCCESSFULLY,0.033108895910332434,-0.674674475650928,0.06096435077216193,-0.026040312439755398,1.5290131445021524,-0.6631203960027255,0.3377386635534227,0.372315,0.013094,0.5634739999999999,-3.061394774460654,-0.19141025906621814,-0.29778807697527254
366,2026-09-26T06:11:36.632+00:00,18.35,1790403096.628605,1790403096.617662,1790403096.631467,TEACHING_MODE,NORMAL,START_RECORDING,REACH_TARGET_POS_SUCCESSFULLY,0.033108895910332434,-0.674674475650928,0.06096435077216193,-0.026040312439755398,1.5290131445021524,-0.6631203960027255,0.3377386635534227,0.372315,0.013094,0.5634739999999999,-3.061394774460654,-0.19141025906621814,-0.29778807697527254
367,2026-09-26T06:11:36.683+00:00,18.401,1790403096.6786702,1790403096.6775148,1790403096.6802647,TEACHING_MODE,NORMAL,START_RECORDING,REACH_TARGET_POS_SUCCESSFULLY,0.033108895910332434,-0.674674475650928,0.06096435077216193,-0.026040312439755398,1.5290131445021524,-0.6631203960027255,0.3377386635534227,0.372315,0.013094,0.5634739999999999,-3.061394774460654,-0.19141025906621814,-0.29778807697527254
368,2026-09-26T06:11:36.732+00:00,18.45,1790403096.7286775,1790403096.718003,1790403096.731713,TEACHING_MODE,NORMAL,START_RECORDING,REACH_TARGET_POS_SUCCESSFULLY,0.033108895910332434,-0.674674475650928,0.06096435077216193,-0.026040312439755398,1.5290131445021524,-0.6631203960027255,0.3377386635534227,0.372315,0.013094,0.5634739999999999,-3.061394774460654,-0.19141025906621814,-0.29778807697527254
369,2026-09-26T06:11:36.782+00:00,18.5,1790403096.7789834,1790403096.7781274,1790403096.7803242,TEACHING_MODE,NORMAL,START_RECORDING,REACH_TARGET_POS_SUCCESSFULLY,0.033108895910332434,-0.674674475650928,0.06096435077216193,-0.026040312439755398,1.5290131445021524,-0.6631203960027255,0.3377386635534227,0.372315,0.013094,0.5634739999999999,-3.061394774460654,-0.19141025906621814,-0.29778807697527254
370,2026-09-26T06:11:36.832+00:00,18.55,1790403096.8287992,1790403096.8182425,1790403096.8305144,TEACHING_MODE,NORMAL,START_RECORDING,REACH_TARGET_POS_SUCCESSFULLY,0.033108895910332434,-0.674674475650928,0.06096435077216193,-0.026040312439755398,1.5290131445021524,-0.6631203960027255,0.3377386635534227,0.372315,0.013094,0.5634739999999999,-3.061394774460654,-0.19141025906621814,-0.29778807697527254
371,2026-09-26T06:11:36.882+00:00,18.6,1790403096.878803,1790403096.8778803,1790403096.880318,TEACHING_MODE,NORMAL,START_RECORDING,REACH_TARGET_POS_SUCCESSFULLY,0.033108895910332434,-0.674674475650928,0.06096435077216193,-0.026040312439755398,1.5290131445021524,-0.6631203960027255,0.3377386635534227,0.372315,0.013094,0.5634739999999999,-3.061394774460654,-0.19141025906621814,-0.29778807697527254
372,2026-09-26T06:11:36.932+00:00,18.65,1790403096.9297125,1790403096.9174457,1790403096.9300892,TEACHING_MODE,NORMAL,START_RECORDING,REACH_TARGET_POS_SUCCESSFULLY,0.033108895910332434,-0.674674475650928,0.06096435077216193,-0.026040312439755398,1.5290131445021524,-0.6631203960027255,0.3377386635534227,0.372315,0.013094,0.5634739999999999,-3.061394774460654,-0.19141025906621814,-0.29778807697527254
373,2026-09-26T06:11:36.982+00:00,18.7,1790403096.9789045,1790403096.9778037,1790403096.9806442,TEACHING_MODE,NORMAL,START_RECORDING,REACH_TARGET_POS_SUCCESSFULLY,0.033108895910332434,-0.674674475650928,0.06096435077216193,-0.026040312439755398,1.5290131445021524,-0.6631203960027255,0.3377386635534227,0.372315,0.013094,0.5634739999999999,-3.061394774460654,-0.19141025906621814,-0.29778807697527254
374,2026-09-26T06:11:37.032+00:00,18.75,1790403097.0286026,1790403097.0178313,1790403097.0301127,TEACHING_MODE,NORMAL,START_RECORDING,REACH_TARGET_POS_SUCCESSFULLY,0.033108895910332434,-0.674674475650928,0.06096435077216193,-0.026040312439755398,1.5290131445021524,-0.6631203960027255,0.3377386635534227,0.372315,0.013094,0.5634739999999999,-3.061394774460654,-0.19141025906621814,-0.29778807697527254
375,2026-09-26T06:11:37.082+00:00,18.8,1790403097.078563,1790403097.0774658,1790403097.0800698,TEACHING_MODE,NORMAL,START_RECORDING,REACH_TARGET_POS_SUCCESSFULLY,0.033108895910332434,-0.674674475650928,0.06096435077216193,-0.026040312439755398,1.5290131445021524,-0.6631203960027255,0.3377386635534227,0.372315,0.013094,0.5634739999999999,-3.061394774460654,-0.19141025906621814,-0.29778807697527254
376,2026-09-26T06:11:37.132+00:00,18.85,1790403097.1285658,1790403097.1178048,1790403097.1320052,TEACHING_MODE,NORMAL,START_RECORDING,REACH_TARGET_POS_SUCCESSFULLY,0.033108895910332434,-0.674674475650928,0.06096435077216193,-0.026040312439755398,1.5290131445021524,-0.6631203960027255,0.3377386635534227,0.372315,0.013094,0.5634739999999999,-3.061394774460654,-0.19141025906621814,-0.29778807697527254
377,2026-09-26T06:11:37.182+00:00,18.9,1790403097.1785178,1790403097.1775174,1790403097.181513,TEACHING_MODE,NORMAL,START_RECORDING,REACH_TARGET_POS_SUCCESSFULLY,0.033108895910332434,-0.674674475650928,0.06096435077216193,-0.026040312439755398,1.5290131445021524,-0.6631203960027255,0.3377386635534227,0.372315,0.013094,0.5634739999999999,-3.061394774460654,-0.19141025906621814,-0.29778807697527254
378,2026-09-26T06:11:37.232+00:00,18.95,1790403097.2292511,1790403097.2174463,1790403097.2316048,TEACHING_MODE,NORMAL,START_RECORDING,REACH_TARGET_POS_SUCCESSFULLY,0.033108895910332434,-0.674674475650928,0.06096435077216193,-0.026040312439755398,1.5290131445021524,-0.6631203960027255,0.3377386635534227,0.372315,0.013094,0.5634739999999999,-3.061394774460654,-0.19141025906621814,-0.29778807697527254
379,2026-09-26T06:11:37.282+00:00,19.0,1790403097.2788453,1790403097.2779334,1790403097.2815144,TEACHING_MODE,NORMAL,START_RECORDING,REACH_TARGET_POS_SUCCESSFULLY,0.033108895910332434,-0.674674475650928,0.06096435077216193,-0.026040312439755398,1.5290131445021524,-0.6631203960027255,0.3377386635534227,0.372315,0.013094,0.5634739999999999,-3.061394774460654,-0.19141025906621814,-0.29778807697527254
380,2026-09-26T06:11:37.332+00:00,19.05,1790403097.3297565,1790403097.3174684,1790403097.3302426,TEACHING_MODE,NORMAL,START_RECORDING,REACH_TARGET_POS_SUCCESSFULLY,0.033108895910332434,-0.674674475650928,0.06096435077216193,-0.026040312439755398,1.5290131445021524,-0.6631203960027255,0.3377386635534227,0.372315,0.013094,0.5634739999999999,-3.061394774460654,-0.19141025906621814,-0.29778807697527254
381,2026-09-26T06:11:37.382+00:00,19.1,1790403097.3785148,1790403097.377405,1790403097.3819509,TEACHING_MODE,NORMAL,START_RECORDING,REACH_TARGET_POS_SUCCESSFULLY,0.033108895910332434,-0.674674475650928,0.06096435077216193,-0.026040312439755398,1.5290131445021524,-0.6631203960027255,0.3377386635534227,0.372315,0.013094,0.5634739999999999,-3.061394774460654,-0.19141025906621814,-0.29778807697527254
382,2026-09-26T06:11:37.432+00:00,19.15,1790403097.429783,1790403097.4182718,1790403097.4300835,TEACHING_MODE,NORMAL,START_RECORDING,REACH_TARGET_POS_SUCCESSFULLY,0.033108895910332434,-0.674674475650928,0.06096435077216193,-0.026040312439755398,1.5290131445021524,-0.6631203960027255,0.3377386635534227,0.372315,0.013094,0.5634739999999999,-3.061394774460654,-0.19141025906621814,-0.29778807697527254
383,2026-09-26T06:11:37.482+00:00,19.2,1790403097.4786065,1790403097.4777148,1790403097.481952,TEACHING_MODE,NORMAL,START_RECORDING,REACH_TARGET_POS_SUCCESSFULLY,0.033108895910332434,-0.674674475650928,0.06096435077216193,-0.026040312439755398,1.5290131445021524,-0.6631203960027255,0.3377386635534227,0.372315,0.013094,0.5634739999999999,-3.061394774460654,-0.19141025906621814,-0.29778807697527254
384,2026-09-26T06:11:37.532+00:00,19.25,1790403097.531068,1790403097.5183628,1790403097.5314963,TEACHING_MODE,NORMAL,START_RECORDING,REACH_TARGET_POS_SUCCESSFULLY,0.033108895910332434,-0.674674475650928,0.06096435077216193,-0.026040312439755398,1.5290131445021524,-0.6631203960027255,0.3377386635534227,0.372315,0.013094,0.5634739999999999,-3.061394774460654,-0.19141025906621814,-0.29778807697527254
385,2026-09-26T06:11:37.582+00:00,19.3,1790403097.5793633,1790403097.5783968,1790403097.5800884,TEACHING_MODE,NORMAL,START_RECORDING,REACH_TARGET_POS_SUCCESSFULLY,0.033108895910332434,-0.674674475650928,0.06096435077216193,-0.026040312439755398,1.5290131445021524,-0.6631203960027255,0.3377386635534227,0.372315,0.013094,0.5634739999999999,-3.061394774460654,-0.19141025906621814,-0.29778807697527254
386,2026-09-26T06:11:37.632+00:00,19.35,1790403097.630877,1790403097.617565,1790403097.6311343,TEACHING_MODE,NORMAL,START_RECORDING,REACH_TARGET_POS_SUCCESSFULLY,0.033108895910332434,-0.674674475650928,0.06096435077216193,-0.026040312439755398,1.5290131445021524,-0.6631203960027255,0.3377386635534227,0.372315,0.013094,0.5634739999999999,-3.061394774460654,-0.19141025906621814,-0.29778807697527254
387,2026-09-26T06:11:37.682+00:00,19.4,1790403097.6790714,1790403097.6780934,1790403097.6804082,TEACHING_MODE,NORMAL,START_RECORDING,REACH_TARGET_POS_SUCCESSFULLY,0.033108895910332434,-0.674674475650928,0.06096435077216193,-0.026040312439755398,1.5290131445021524,-0.6631203960027255,0.3377386635534227,0.372315,0.013094,0.5634739999999999,-3.061394774460654,-0.19141025906621814,-0.29778807697527254
388,2026-09-26T06:11:37.732+00:00,19.45,1790403097.7303689,1790403097.7174757,1790403097.7306108,TEACHING_MODE,NORMAL,START_RECORDING,REACH_TARGET_POS_SUCCESSFULLY,0.033108895910332434,-0.674674475650928,0.06096435077216193,-0.026040312439755398,1.5290131445021524,-0.6631203960027255,0.3377386635534227,0.372315,0.013094,0.5634739999999999,-3.061394774460654,-0.19141025906621814,-0.29778807697527254
389,2026-09-26T06:11:37.782+00:00,19.5,1790403097.7787836,1790403097.7779474,1790403097.7821143,TEACHING_MODE,NORMAL,START_RECORDING,REACH_TARGET_POS_SUCCESSFULLY,0.033108895910332434,-0.674674475650928,0.06096435077216193,-0.026040312439755398,1.5290131445021524,-0.6631203960027255,0.3377386635534227,0.372315,0.013094,0.5634739999999999,-3.061394774460654,-0.19141025906621814,-0.29778807697527254
390,2026-09-26T06:11:37.832+00:00,19.55,1790403097.8303268,1790403097.8178558,1790403097.830523,TEACHING_MODE,NORMAL,START_RECORDING,REACH_TARGET_POS_SUCCESSFULLY,0.033108895910332434,-0.674674475650928,0.06096435077216193,-0.026040312439755398,1.5290131445021524,-0.6631203960027255,0.3377386635534227,0.372315,0.013094,0.5634739999999999,-3.061394774460654,-0.19141025906621814,-0.29778807697527254
391,2026-09-26T06:11:37.882+00:00,19.6,1790403097.8785243,1790403097.8775449,1790403097.8815238,TEACHING_MODE,NORMAL,START_RECORDING,REACH_TARGET_POS_SUCCESSFULLY,0.033108895910332434,-0.674674475650928,0.06096435077216193,-0.026040312439755398,1.5290131445021524,-0.6631203960027255,0.3377386635534227,0.372315,0.013094,0.5634739999999999,-3.061394774460654,-0.19141025906621814,-0.29778807697527254
392,2026-09-26T06:11:37.932+00:00,19.65,1790403097.9286153,1790403097.917678,1790403097.9315004,TEACHING_MODE,NORMAL,START_RECORDING,REACH_TARGET_POS_SUCCESSFULLY,0.033108895910332434,-0.674674475650928,0.06096435077216193,-0.026040312439755398,1.5290131445021524,-0.6631203960027255,0.3377386635534227,0.372315,0.013094,0.5634739999999999,-3.061394774460654,-0.19141025906621814,-0.29778807697527254
393,2026-09-26T06:11:37.982+00:00,19.7,1790403097.9786155,1790403097.9777017,1790403097.98177,TEACHING_MODE,NORMAL,START_RECORDING,REACH_TARGET_POS_SUCCESSFULLY,0.033108895910332434,-0.674674475650928,0.06096435077216193,-0.026040312439755398,1.5290131445021524,-0.6631203960027255,0.3377386635534227,0.372315,0.013094,0.5634739999999999,-3.061394774460654,-0.19141025906621814,-0.29778807697527254
394,2026-09-26T06:11:38.032+00:00,19.75,1790403098.0287316,1790403098.018501,1790403098.0308135,TEACHING_MODE,NORMAL,START_RECORDING,REACH_TARGET_POS_SUCCESSFULLY,0.033108895910332434,-0.674674475650928,0.06096435077216193,-0.026040312439755398,1.5290131445021524,-0.6631203960027255,0.3377386635534227,0.372315,0.013094,0.5634739999999999,-3.061394774460654,-0.19141025906621814,-0.29778807697527254
395,2026-09-26T06:11:38.082+00:00,19.8,1790403098.078814,1790403098.0779662,1790403098.0801237,TEACHING_MODE,NORMAL,START_RECORDING,REACH_TARGET_POS_SUCCESSFULLY,0.033108895910332434,-0.674674475650928,0.06096435077216193,-0.026040312439755398,1.5290131445021524,-0.6631203960027255,0.3377386635534227,0.372315,0.013094,0.5634739999999999,-3.061394774460654,-0.19141025906621814,-0.29778807697527254
396,2026-09-26T06:11:38.132+00:00,19.85,1790403098.128545,1790403098.118297,1790403098.1250381,TEACHING_MODE,NORMAL,START_RECORDING,REACH_TARGET_POS_SUCCESSFULLY,0.033108895910332434,-0.674674475650928,0.06096435077216193,-0.026040312439755398,1.5290131445021524,-0.6631203960027255,0.3377386635534227,0.372315,0.013094,0.5634739999999999,-3.061394774460654,-0.19141025906621814,-0.29778807697527254
397,2026-09-26T06:11:38.182+00:00,19.9,1790403098.18225,1790403098.1807926,1790403098.1824927,TEACHING_MODE,NORMAL,START_RECORDING,REACH_TARGET_POS_SUCCESSFULLY,0.033108895910332434,-0.674674475650928,0.06096435077216193,-0.026040312439755398,1.5290131445021524,-0.6631203960027255,0.3377386635534227,0.372315,0.013094,0.5634739999999999,-3.061394774460654,-0.19141025906621814,-0.29778807697527254
398,2026-09-26T06:11:38.232+00:00,19.95,1790403098.2289476,1790403098.217504,1790403098.2306616,TEACHING_MODE,NORMAL,START_RECORDING,REACH_TARGET_POS_SUCCESSFULLY,0.033108895910332434,-0.674674475650928,0.06096435077216193,-0.026040312439755398,1.5290131445021524,-0.6631203960027255,0.3377386635534227,0.372315,0.013094,0.5634739999999999,-3.061394774460654,-0.19141025906621814,-0.29778807697527254
399,2026-09-26T06:11:38.282+00:00,20.0,1790403098.2796457,1790403098.2777271,1790403098.280106,TEACHING_MODE,NORMAL,START_RECORDING,REACH_TARGET_POS_SUCCESSFULLY,0.033108895910332434,-0.674674475650928,0.06096435077216193,-0.026040312439755398,1.5290131445021524,-0.6631203960027255,0.3377386635534227,0.372315,0.013094,0.5634739999999999,-3.061394774460654,-0.19141025906621814,-0.29778807697527254
400,2026-09-26T06:11:38.332+00:00,20.05,1790403098.3285236,1790403098.3179114,1790403098.331893,TEACHING_MODE,NORMAL,START_RECORDING,REACH_TARGET_POS_SUCCESSFULLY,0.033108895910332434,-0.674674475650928,0.06096435077216193,-0.026040312439755398,1.5290131445021524,-0.6631203960027255,0.3377386635534227,0.372315,0.013094,0.5634739999999999,-3.061394774460654,-0.19141025906621814,-0.29778807697527254
401,2026-09-26T06:11:38.382+00:00,20.1,1790403098.3805723,1790403098.3795145,1790403098.3808122,TEACHING_MODE,NORMAL,START_RECORDING,REACH_TARGET_POS_SUCCESSFULLY,0.033108895910332434,-0.674674475650928,0.06096435077216193,-0.026040312439755398,1.5290131445021524,-0.6631203960027255,0.3377386635534227,0.372315,0.013094,0.5634739999999999,-3.061394774460654,-0.19141025906621814,-0.29778807697527254
402,2026-09-26T06:11:38.432+00:00,20.15,1790403098.4290574,1790403098.419148,1790403098.4301822,TEACHING_MODE,NORMAL,START_RECORDING,REACH_TARGET_POS_SUCCESSFULLY,0.033108895910332434,-0.674674475650928,0.06096435077216193,-0.026040312439755398,1.5290131445021524,-0.6631203960027255,0.3377386635534227,0.372315,0.013094,0.5634739999999999,-3.061394774460654,-0.19141025906621814,-0.29778807697527254
403,2026-09-26T06:11:38.482+00:00,20.2,1790403098.4789953,1790403098.4779644,1790403098.4816027,TEACHING_MODE,NORMAL,START_RECORDING,REACH_TARGET_POS_SUCCESSFULLY,0.033108895910332434,-0.674674475650928,0.06096435077216193,-0.026040312439755398,1.5290131445021524,-0.6631203960027255,0.3377386635534227,0.372315,0.013094,0.5634739999999999,-3.061394774460654,-0.19141025906621814,-0.29778807697527254
404,2026-09-26T06:11:38.532+00:00,20.25,1790403098.5285683,1790403098.5188785,1790403098.5302773,TEACHING_MODE,NORMAL,START_RECORDING,REACH_TARGET_POS_SUCCESSFULLY,0.033108895910332434,-0.674674475650928,0.06096435077216193,-0.026040312439755398,1.5290131445021524,-0.6631203960027255,0.3377386635534227,0.372315,0.013094,0.5634739999999999,-3.061394774460654,-0.19141025906621814,-0.29778807697527254
405,2026-09-26T06:11:38.582+00:00,20.3,1790403098.5792677,1790403098.578377,1790403098.580081,TEACHING_MODE,NORMAL,START_RECORDING,REACH_TARGET_POS_SUCCESSFULLY,0.033108895910332434,-0.674674475650928,0.06096435077216193,-0.026040312439755398,1.5290131445021524,-0.6631203960027255,0.3377386635534227,0.372315,0.013094,0.5634739999999999,-3.061394774460654,-0.19141025906621814,-0.29778807697527254
406,2026-09-26T06:11:38.632+00:00,20.35,1790403098.628628,1790403098.620998,1790403098.6302543,TEACHING_MODE,NORMAL,START_RECORDING,REACH_TARGET_POS_SUCCESSFULLY,0.033108895910332434,-0.674674475650928,0.06096435077216193,-0.026040312439755398,1.5290131445021524,-0.6631203960027255,0.3377386635534227,0.372315,0.013094,0.5634739999999999,-3.061394774460654,-0.19141025906621814,-0.29778807697527254
407,2026-09-26T06:11:38.682+00:00,20.4,1790403098.6798625,1790403098.6790037,1790403098.680355,TEACHING_MODE,NORMAL,START_RECORDING,REACH_TARGET_POS_SUCCESSFULLY,0.033108895910332434,-0.674674475650928,0.06096435077216193,-0.026040312439755398,1.5290131445021524,-0.6631203960027255,0.3377386635534227,0.372315,0.013094,0.5634739999999999,-3.061394774460654,-0.19141025906621814,-0.29778807697527254
408,2026-09-26T06:11:38.733+00:00,20.45,1790403098.728782,1790403098.7190201,1790403098.7300274,TEACHING_MODE,NORMAL,START_RECORDING,REACH_TARGET_POS_SUCCESSFULLY,0.033108895910332434,-0.674674475650928,0.06096435077216193,-0.026040312439755398,1.5290131445021524,-0.6631203960027255,0.3377386635534227,0.372315,0.013094,0.5634739999999999,-3.061394774460654,-0.19141025906621814,-0.29778807697527254
409,2026-09-26T06:11:38.782+00:00,20.5,1790403098.7812788,1790403098.7800584,1790403098.7818127,TEACHING_MODE,NORMAL,START_RECORDING,REACH_TARGET_POS_SUCCESSFULLY,0.033108895910332434,-0.674674475650928,0.06096435077216193,-0.026040312439755398,1.5290131445021524,-0.6631203960027255,0.3377386635534227,0.372315,0.013094,0.5634739999999999,-3.061394774460654,-0.19141025906621814,-0.29778807697527254
410,2026-09-26T06:11:38.832+00:00,20.55,1790403098.8287363,1790403098.8194861,1790403098.8316672,TEACHING_MODE,NORMAL,START_RECORDING,REACH_TARGET_POS_SUCCESSFULLY,0.033108895910332434,-0.674674475650928,0.06096435077216193,-0.026040312439755398,1.5290131445021524,-0.6631203960027255,0.3377386635534227,0.372315,0.013094,0.5634739999999999,-3.061394774460654,-0.19141025906621814,-0.29778807697527254
411,2026-09-26T06:11:38.882+00:00,20.6,1790403098.8813605,1790403098.877336,1790403098.8779197,TEACHING_MODE,NORMAL,START_RECORDING,REACH_TARGET_POS_SUCCESSFULLY,0.033108895910332434,-0.674674475650928,0.06096435077216193,-0.026040312439755398,1.5290131445021524,-0.6631203960027255,0.3377386635534227,0.372315,0.013094,0.5634739999999999,-3.061394774460654,-0.19141025906621814,-0.29778807697527254
412,2026-09-26T06:11:38.932+00:00,20.65,1790403098.9285543,1790403098.9175806,1790403098.931969,TEACHING_MODE,NORMAL,START_RECORDING,REACH_TARGET_POS_SUCCESSFULLY,0.033108895910332434,-0.674674475650928,0.06096435077216193,-0.026040312439755398,1.5290131445021524,-0.6631203960027255,0.3377386635534227,0.372315,0.013094,0.5634739999999999,-3.061394774460654,-0.19141025906621814,-0.29778807697527254
413,2026-09-26T06:11:38.982+00:00,20.7,1790403098.9803803,1790403098.9779215,1790403098.9808216,TEACHING_MODE,NORMAL,START_RECORDING,REACH_TARGET_POS_SUCCESSFULLY,0.033108895910332434,-0.674674475650928,0.06096435077216193,-0.026040312439755398,1.5290131445021524,-0.6631203960027255,0.3377386635534227,0.372315,0.013094,0.5634739999999999,-3.061394774460654,-0.19141025906621814,-0.29778807697527254
414,2026-09-26T06:11:39.032+00:00,20.75,1790403099.0285735,1790403099.0186684,1790403099.0315354,TEACHING_MODE,NORMAL,START_RECORDING,REACH_TARGET_POS_SUCCESSFULLY,0.033108895910332434,-0.674674475650928,0.06096435077216193,-0.026040312439755398,1.5290131445021524,-0.6631203960027255,0.3377386635534227,0.372315,0.013094,0.5634739999999999,-3.061394774460654,-0.19141025906621814,-0.29778807697527254
415,2026-09-26T06:11:39.083+00:00,20.8,1790403099.0803812,1790403099.0778003,1790403099.0805821,TEACHING_MODE,NORMAL,START_RECORDING,REACH_TARGET_POS_SUCCESSFULLY,0.033108895910332434,-0.674674475650928,0.06096435077216193,-0.026040312439755398,1.5290131445021524,-0.6631203960027255,0.3377386635534227,0.372315,0.013094,0.5634739999999999,-3.061394774460654,-0.19141025906621814,-0.29778807697527254
416,2026-09-26T06:11:39.132+00:00,20.85,1790403099.128975,1790403099.118008,1790403099.1300023,TEACHING_MODE,NORMAL,START_RECORDING,REACH_TARGET_POS_SUCCESSFULLY,0.033108895910332434,-0.674674475650928,0.06096435077216193,-0.026040312439755398,1.5290131445021524,-0.6631203960027255,0.3377386635534227,0.372315,0.013094,0.5634739999999999,-3.061394774460654,-0.19141025906621814,-0.29778807697527254
417,2026-09-26T06:11:39.182+00:00,20.9,1790403099.1805797,1790403099.1776686,1790403099.1823819,TEACHING_MODE,NORMAL,START_RECORDING,REACH_TARGET_POS_SUCCESSFULLY,0.033108895910332434,-0.674674475650928,0.06096435077216193,-0.026040312439755398,1.5290131445021524,-0.6631203960027255,0.3377386635534227,0.372315,0.013094,0.5634739999999999,-3.061394774460654,-0.19141025906621814,-0.29778807697527254
418,2026-09-26T06:11:39.232+00:00,20.95,1790403099.2285337,1790403099.2180662,1790403099.2302854,TEACHING_MODE,NORMAL,START_RECORDING,REACH_TARGET_POS_SUCCESSFULLY,0.033108895910332434,-0.674674475650928,0.06096435077216193,-0.026040312439755398,1.5290131445021524,-0.6631203960027255,0.3377386635534227,0.372315,0.013094,0.5634739999999999,-3.061394774460654,-0.19141025906621814,-0.29778807697527254
419,2026-09-26T06:11:39.283+00:00,21.0,1790403099.2803407,1790403099.2776277,1790403099.2805371,TEACHING_MODE,NORMAL,START_RECORDING,REACH_TARGET_POS_SUCCESSFULLY,0.033108895910332434,-0.674674475650928,0.06096435077216193,-0.026040312439755398,1.5290131445021524,-0.6631203960027255,0.3377386635534227,0.372315,0.013094,0.5634739999999999,-3.061394774460654,-0.19141025906621814,-0.29778807697527254
420,2026-09-26T06:11:39.332+00:00,21.05,1790403099.3286273,1790403099.3180892,1790403099.331865,TEACHING_MODE,NORMAL,START_RECORDING,REACH_TARGET_POS_SUCCESSFULLY,0.033108895910332434,-0.674674475650928,0.06096435077216193,-0.026040312439755398,1.5290131445021524,-0.6631203960027255,0.3377386635534227,0.372315,0.013094,0.5634739999999999,-3.061394774460654,-0.19141025906621814,-0.29778807697527254
421,2026-09-26T06:11:39.382+00:00,21.1,1790403099.3794224,1790403099.3784096,1790403099.3815837,TEACHING_MODE,NORMAL,START_RECORDING,REACH_TARGET_POS_SUCCESSFULLY,0.033108895910332434,-0.674674475650928,0.06096435077216193,-0.026040312439755398,1.5290131445021524,-0.6631203960027255,0.3377386635534227,0.372315,0.013094,0.5634739999999999,-3.061394774460654,-0.19141025906621814,-0.29778807697527254
422,2026-09-26T06:11:39.432+00:00,21.15,1790403099.4290907,1790403099.4177096,1790403099.430099,TEACHING_MODE,NORMAL,START_RECORDING,REACH_TARGET_POS_SUCCESSFULLY,0.033108895910332434,-0.674674475650928,0.06096435077216193,-0.026040312439755398,1.5290131445021524,-0.6631203960027255,0.3377386635534227,0.372315,0.013094,0.5634739999999999,-3.061394774460654,-0.19141025906621814,-0.29778807697527254
423,2026-09-26T06:11:39.483+00:00,21.2,1790403099.4798493,1790403099.4776378,1790403099.482876,TEACHING_MODE,NORMAL,START_RECORDING,REACH_TARGET_POS_SUCCESSFULLY,0.033108895910332434,-0.674674475650928,0.06096435077216193,-0.026040312439755398,1.5290131445021524,-0.6631203960027255,0.3377386635534227,0.372315,0.013094,0.5634739999999999,-3.061394774460654,-0.19141025906621814,-0.29778807697527254
424,2026-09-26T06:11:39.532+00:00,21.25,1790403099.5286303,1790403099.5174928,1790403099.5315871,TEACHING_MODE,NORMAL,START_RECORDING,REACH_TARGET_POS_SUCCESSFULLY,0.033108895910332434,-0.674674475650928,0.06096435077216193,-0.026040312439755398,1.5290131445021524,-0.6631203960027255,0.3377386635534227,0.372315,0.013094,0.5634739999999999,-3.061394774460654,-0.19141025906621814,-0.29778807697527254
425,2026-09-26T06:11:39.582+00:00,21.3,1790403099.578539,1790403099.5774286,1790403099.5824287,TEACHING_MODE,NORMAL,START_RECORDING,REACH_TARGET_POS_SUCCESSFULLY,0.033108895910332434,-0.674674475650928,0.06096435077216193,-0.026040312439755398,1.5290131445021524,-0.6631203960027255,0.3377386635534227,0.372315,0.013094,0.5634739999999999,-3.061394774460654,-0.19141025906621814,-0.29778807697527254
426,2026-09-26T06:11:39.632+00:00,21.35,1790403099.628631,1790403099.6181123,1790403099.631588,TEACHING_MODE,NORMAL,START_RECORDING,REACH_TARGET_POS_SUCCESSFULLY,0.033108895910332434,-0.674674475650928,0.06096435077216193,-0.026040312439755398,1.5290131445021524,-0.6631203960027255,0.3377386635534227,0.372315,0.013094,0.5634739999999999,-3.061394774460654,-0.19141025906621814,-0.29778807697527254
427,2026-09-26T06:11:39.682+00:00,21.4,1790403099.6791165,1790403099.6774302,1790403099.681277,TEACHING_MODE,NORMAL,START_RECORDING,REACH_TARGET_POS_SUCCESSFULLY,0.033108895910332434,-0.674674475650928,0.06096435077216193,-0.026040312439755398,1.5290131445021524,-0.6631203960027255,0.3377386635534227,0.372315,0.013094,0.5634739999999999,-3.061394774460654,-0.19141025906621814,-0.29778807697527254
428,2026-09-26T06:11:39.732+00:00,21.45,1790403099.7285225,1790403099.7174726,1790403099.729969,TEACHING_MODE,NORMAL,START_RECORDING,REACH_TARGET_POS_SUCCESSFULLY,0.033108895910332434,-0.674674475650928,0.06096435077216193,-0.026040312439755398,1.5290131445021524,-0.6631203960027255,0.3377386635534227,0.372315,0.013094,0.5634739999999999,-3.061394774460654,-0.19141025906621814,-0.29778807697527254
429,2026-09-26T06:11:39.783+00:00,21.5,1790403099.778516,1790403099.7774947,1790403099.7817183,TEACHING_MODE,NORMAL,START_RECORDING,REACH_TARGET_POS_SUCCESSFULLY,0.033108895910332434,-0.674674475650928,0.06096435077216193,-0.026040312439755398,1.5290131445021524,-0.6631203960027255,0.3377386635534227,0.372315,0.013094,0.5634739999999999,-3.061394774460654,-0.19141025906621814,-0.29778807697527254
430,2026-09-26T06:11:39.832+00:00,21.55,1790403099.8285918,1790403099.8182924,1790403099.8301573,TEACHING_MODE,NORMAL,START_RECORDING,REACH_TARGET_POS_SUCCESSFULLY,0.033108895910332434,-0.674674475650928,0.06096435077216193,-0.026040312439755398,1.5290131445021524,-0.6631203960027255,0.3377386635534227,0.372315,0.013094,0.5634739999999999,-3.061394774460654,-0.19141025906621814,-0.29778807697527254
431,2026-09-26T06:11:39.882+00:00,21.6,1790403099.8788717,1790403099.8779771,1790403099.8819146,TEACHING_MODE,NORMAL,START_RECORDING,REACH_TARGET_POS_SUCCESSFULLY,0.033108895910332434,-0.674674475650928,0.06096435077216193,-0.026040312439755398,1.5290131445021524,-0.6631203960027255,0.3377386635534227,0.372315,0.013094,0.5634739999999999,-3.061394774460654,-0.19141025906621814,-0.29778807697527254
432,2026-09-26T06:11:39.932+00:00,21.65,1790403099.9303205,1790403099.9191012,1790403099.9304295,TEACHING_MODE,NORMAL,START_RECORDING,REACH_TARGET_POS_SUCCESSFULLY,0.033108895910332434,-0.674674475650928,0.06096435077216193,-0.026040312439755398,1.5290131445021524,-0.6631203960027255,0.3377386635534227,0.372315,0.013094,0.5634739999999999,-3.061394774460654,-0.19141025906621814,-0.29778807697527254
433,2026-09-26T06:11:39.983+00:00,21.701,1790403099.9788291,1790403099.977831,1790403099.9801395,TEACHING_MODE,NORMAL,START_RECORDING,REACH_TARGET_POS_SUCCESSFULLY,0.033108895910332434,-0.674674475650928,0.06096435077216193,-0.026040312439755398,1.5290131445021524,-0.6631203960027255,0.3377386635534227,0.372315,0.013094,0.5634739999999999,-3.061394774460654,-0.19141025906621814,-0.29778807697527254
434,2026-09-26T06:11:40.033+00:00,21.75,1790403100.0300698,1790403100.0175426,1790403100.0309641,TEACHING_MODE,NORMAL,START_RECORDING,REACH_TARGET_POS_SUCCESSFULLY,0.033108895910332434,-0.674674475650928,0.06096435077216193,-0.026040312439755398,1.5290131445021524,-0.6631203960027255,0.3377386635534227,0.372315,0.013094,0.5634739999999999,-3.061394774460654,-0.19141025906621814,-0.29778807697527254
435,2026-09-26T06:11:40.082+00:00,21.8,1790403100.0798368,1790403100.0784984,1790403100.080005,TEACHING_MODE,NORMAL,START_RECORDING,REACH_TARGET_POS_SUCCESSFULLY,0.033108895910332434,-0.674674475650928,0.06096435077216193,-0.026040312439755398,1.5290131445021524,-0.6631203960027255,0.3377386635534227,0.372315,0.013094,0.5634739999999999,-3.061394774460654,-0.19141025906621814,-0.29778807697527254
436,2026-09-26T06:11:40.132+00:00,21.85,1790403100.1286886,1790403100.1179123,1790403100.1301794,TEACHING_MODE,NORMAL,START_RECORDING,REACH_TARGET_POS_SUCCESSFULLY,0.033108895910332434,-0.674674475650928,0.06096435077216193,-0.026040312439755398,1.5290131445021524,-0.6631203960027255,0.3377386635534227,0.372315,0.013094,0.5634739999999999,-3.061394774460654,-0.19141025906621814,-0.29778807697527254
437,2026-09-26T06:11:40.182+00:00,21.9,1790403100.1788347,1790403100.1775455,1790403100.180398,TEACHING_MODE,NORMAL,START_RECORDING,REACH_TARGET_POS_SUCCESSFULLY,0.033108895910332434,-0.674674475650928,0.06096435077216193,-0.026040312439755398,1.5290131445021524,-0.6631203960027255,0.3377386635534227,0.372315,0.013094,0.5634739999999999,-3.061394774460654,-0.19141025906621814,-0.29778807697527254
438,2026-09-26T06:11:40.233+00:00,21.95,1790403100.2285988,1790403100.2177265,1790403100.2303429,TEACHING_MODE,NORMAL,START_RECORDING,REACH_TARGET_POS_SUCCESSFULLY,0.033108895910332434,-0.674674475650928,0.06096435077216193,-0.026040312439755398,1.5290131445021524,-0.6631203960027255,0.3377386635534227,0.372315,0.013094,0.5634739999999999,-3.061394774460654,-0.19141025906621814,-0.29778807697527254
439,2026-09-26T06:11:40.282+00:00,22.0,1790403100.278678,1790403100.2774785,1790403100.281988,TEACHING_MODE,NORMAL,START_RECORDING,REACH_TARGET_POS_SUCCESSFULLY,0.033108895910332434,-0.674674475650928,0.06096435077216193,-0.026040312439755398,1.5290131445021524,-0.6631203960027255,0.3377386635534227,0.372315,0.013094,0.5634739999999999,-3.061394774460654,-0.19141025906621814,-0.29778807697527254
440,2026-09-26T06:11:40.332+00:00,22.05,1790403100.3286471,1790403100.3177214,1790403100.3306072,TEACHING_MODE,NORMAL,START_RECORDING,REACH_TARGET_POS_SUCCESSFULLY,0.033108895910332434,-0.674674475650928,0.06096435077216193,-0.026040312439755398,1.5290131445021524,-0.6631203960027255,0.3377386635534227,0.372315,0.013094,0.5634739999999999,-3.061394774460654,-0.19141025906621814,-0.29778807697527254
441,2026-09-26T06:11:40.382+00:00,22.1,1790403100.3784986,1790403100.3775933,1790403100.3816793,TEACHING_MODE,NORMAL,START_RECORDING,REACH_TARGET_POS_SUCCESSFULLY,0.033108895910332434,-0.674674475650928,0.06096435077216193,-0.026040312439755398,1.5290131445021524,-0.6631203960027255,0.3377386635534227,0.372315,0.013094,0.5634739999999999,-3.061394774460654,-0.19141025906621814,-0.29778807697527254
442,2026-09-26T06:11:40.432+00:00,22.15,1790403100.4285958,1790403100.4179063,1790403100.4321654,TEACHING_MODE,NORMAL,START_RECORDING,REACH_TARGET_POS_SUCCESSFULLY,0.033108895910332434,-0.674674475650928,0.06096435077216193,-0.026040312439755398,1.5290131445021524,-0.6631203960027255,0.3377386635534227,0.372315,0.013094,0.5634739999999999,-3.061394774460654,-0.19141025906621814,-0.29778807697527254
443,2026-09-26T06:11:40.482+00:00,22.2,1790403100.4790096,1790403100.4780085,1790403100.4803529,TEACHING_MODE,NORMAL,START_RECORDING,REACH_TARGET_POS_SUCCESSFULLY,0.033108895910332434,-0.674674475650928,0.06096435077216193,-0.026040312439755398,1.5290131445021524,-0.6631203960027255,0.3377386635534227,0.372315,0.013094,0.5634739999999999,-3.061394774460654,-0.19141025906621814,-0.29778807697527254
444,2026-09-26T06:11:40.532+00:00,22.25,1790403100.52883,1790403100.5179296,1790403100.5321178,TEACHING_MODE,NORMAL,START_RECORDING,REACH_TARGET_POS_SUCCESSFULLY,0.033108895910332434,-0.674674475650928,0.06096435077216193,-0.026040312439755398,1.5290131445021524,-0.6631203960027255,0.3377386635534227,0.372315,0.013094,0.5634739999999999,-3.061394774460654,-0.19141025906621814,-0.29778807697527254
445,2026-09-26T06:11:40.582+00:00,22.3,1790403100.5786815,1790403100.5775948,1790403100.5800588,TEACHING_MODE,NORMAL,START_RECORDING,REACH_TARGET_POS_SUCCESSFULLY,0.033108895910332434,-0.674674475650928,0.06096435077216193,-0.026040312439755398,1.5290131445021524,-0.6631203960027255,0.3377386635534227,0.372315,0.013094,0.5634739999999999,-3.061394774460654,-0.19141025906621814,-0.29778807697527254
446,2026-09-26T06:11:40.632+00:00,22.35,1790403100.6292782,1790403100.6177893,1790403100.6302729,TEACHING_MODE,NORMAL,START_RECORDING,REACH_TARGET_POS_SUCCESSFULLY,0.033108895910332434,-0.674674475650928,0.06096435077216193,-0.026040312439755398,1.5290131445021524,-0.6631203960027255,0.3377386635534227,0.372315,0.013094,0.5634739999999999,-3.061394774460654,-0.19141025906621814,-0.29778807697527254
447,2026-09-26T06:11:40.682+00:00,22.4,1790403100.679315,1790403100.678384,1790403100.6801386,TEACHING_MODE,NORMAL,START_RECORDING,REACH_TARGET_POS_SUCCESSFULLY,0.033108895910332434,-0.674674475650928,0.06096435077216193,-0.026040312439755398,1.5290131445021524,-0.6631203960027255,0.3377386635534227,0.372315,0.013094,0.5634739999999999,-3.061394774460654,-0.19141025906621814,-0.29778807697527254
448,2026-09-26T06:11:40.732+00:00,22.45,1790403100.730287,1790403100.717535,1790403100.730525,TEACHING_MODE,NORMAL,START_RECORDING,REACH_TARGET_POS_SUCCESSFULLY,0.033108895910332434,-0.674674475650928,0.06096435077216193,-0.026040312439755398,1.5290131445021524,-0.6631203960027255,0.3377386635534227,0.372315,0.013094,0.5634739999999999,-3.061394774460654,-0.19141025906621814,-0.29778807697527254
449,2026-09-26T06:11:40.782+00:00,22.5,1790403100.7793026,1790403100.7781665,1790403100.7801123,TEACHING_MODE,NORMAL,START_RECORDING,REACH_TARGET_POS_SUCCESSFULLY,0.033108895910332434,-0.674674475650928,0.06096435077216193,-0.026040312439755398,1.5290131445021524,-0.6631203960027255,0.3377386635534227,0.372315,0.013094,0.5634739999999999,-3.061394774460654,-0.19141025906621814,-0.29778807697527254
450,2026-09-26T06:11:40.832+00:00,22.55,1790403100.829863,1790403100.8173983,1790403100.8301072,TEACHING_MODE,NORMAL,START_RECORDING,REACH_TARGET_POS_SUCCESSFULLY,0.033108895910332434,-0.674674475650928,0.06096435077216193,-0.026040312439755398,1.5290131445021524,-0.6631203960027255,0.3377386635534227,0.372315,0.013094,0.5634739999999999,-3.061394774460654,-0.19141025906621814,-0.29778807697527254
451,2026-09-26T06:11:40.882+00:00,22.6,1790403100.8787227,1790403100.877483,1790403100.881752,TEACHING_MODE,NORMAL,START_RECORDING,REACH_TARGET_POS_SUCCESSFULLY,0.033108895910332434,-0.674674475650928,0.06096435077216193,-0.026040312439755398,1.5290131445021524,-0.6631203960027255,0.3377386635534227,0.372315,0.013094,0.5634739999999999,-3.061394774460654,-0.19141025906621814,-0.29778807697527254
452,2026-09-26T06:11:40.932+00:00,22.65,1790403100.9301267,1790403100.9178357,1790403100.930792,TEACHING_MODE,NORMAL,START_RECORDING,REACH_TARGET_POS_SUCCESSFULLY,0.033108895910332434,-0.674674475650928,0.06096435077216193,-0.026040312439755398,1.5290131445021524,-0.6631203960027255,0.3377386635534227,0.372315,0.013094,0.5634739999999999,-3.061394774460654,-0.19141025906621814,-0.29778807697527254
453,2026-09-26T06:11:40.983+00:00,22.7,1790403100.9789162,1790403100.977486,1790403100.980386,TEACHING_MODE,NORMAL,START_RECORDING,REACH_TARGET_POS_SUCCESSFULLY,0.033108895910332434,-0.674674475650928,0.06096435077216193,-0.026040312439755398,1.5290131445021524,-0.6631203960027255,0.3377386635534227,0.372315,0.013094,0.5634739999999999,-3.061394774460654,-0.19141025906621814,-0.29778807697527254
454,2026-09-26T06:11:41.033+00:00,22.75,1790403101.0308394,1790403101.017967,1790403101.0310326,TEACHING_MODE,NORMAL,START_RECORDING,REACH_TARGET_POS_SUCCESSFULLY,0.033108895910332434,-0.674674475650928,0.06096435077216193,-0.026040312439755398,1.5290131445021524,-0.6631203960027255,0.3377386635534227,0.372315,0.013094,0.5634739999999999,-3.061394774460654,-0.19141025906621814,-0.29778807697527254
455,2026-09-26T06:11:41.082+00:00,22.8,1790403101.0784855,1790403101.0776443,1790403101.0815508,TEACHING_MODE,NORMAL,START_RECORDING,REACH_TARGET_POS_SUCCESSFULLY,0.033108895910332434,-0.674674475650928,0.06096435077216193,-0.026040312439755398,1.5290131445021524,-0.6631203960027255,0.3377386635534227,0.372315,0.013094,0.5634739999999999,-3.061394774460654,-0.19141025906621814,-0.29778807697527254
456,2026-09-26T06:11:41.133+00:00,22.85,1790403101.1301284,1790403101.1191425,1790403101.1303558,TEACHING_MODE,NORMAL,START_RECORDING,REACH_TARGET_POS_SUCCESSFULLY,0.033108895910332434,-0.674674475650928,0.06096435077216193,-0.026040312439755398,1.5290131445021524,-0.6631203960027255,0.3377386635534227,0.372315,0.013094,0.5634739999999999,-3.061394774460654,-0.19141025906621814,-0.29778807697527254
457,2026-09-26T06:11:41.183+00:00,22.9,1790403101.1790624,1790403101.1776438,1790403101.180363,TEACHING_MODE,NORMAL,START_RECORDING,REACH_TARGET_POS_SUCCESSFULLY,0.033108895910332434,-0.674674475650928,0.06096435077216193,-0.026040312439755398,1.5290131445021524,-0.6631203960027255,0.3377386635534227,0.372315,0.013094,0.5634739999999999,-3.061394774460654,-0.19141025906621814,-0.29778807697527254
458,2026-09-26T06:11:41.232+00:00,22.95,1790403101.23085,1790403101.2179072,1790403101.2313554,TEACHING_MODE,NORMAL,START_RECORDING,REACH_TARGET_POS_SUCCESSFULLY,0.033108895910332434,-0.674674475650928,0.06096435077216193,-0.026040312439755398,1.5290131445021524,-0.6631203960027255,0.3377386635534227,0.372315,0.013094,0.5634739999999999,-3.061394774460654,-0.19141025906621814,-0.29778807697527254
459,2026-09-26T06:11:41.282+00:00,23.0,1790403101.2784815,1790403101.2773957,1790403101.2817905,TEACHING_MODE,NORMAL,START_RECORDING,REACH_TARGET_POS_SUCCESSFULLY,0.033108895910332434,-0.674674475650928,0.06096435077216193,-0.026040312439755398,1.5290131445021524,-0.6631203960027255,0.3377386635534227,0.372315,0.013094,0.5634739999999999,-3.061394774460654,-0.19141025906621814,-0.29778807697527254
460,2026-09-26T06:11:41.332+00:00,23.05,1790403101.3289416,1790403101.3175538,1790403101.331968,TEACHING_MODE,NORMAL,START_RECORDING,REACH_TARGET_POS_SUCCESSFULLY,0.033108895910332434,-0.674674475650928,0.06096435077216193,-0.026040312439755398,1.5290131445021524,-0.6631203960027255,0.3377386635534227,0.372315,0.013094,0.5634739999999999,-3.061394774460654,-0.19141025906621814,-0.29778807697527254
461,2026-09-26T06:11:41.382+00:00,23.1,1790403101.3784869,1790403101.377487,1790403101.3801305,TEACHING_MODE,NORMAL,START_RECORDING,REACH_TARGET_POS_SUCCESSFULLY,0.033108895910332434,-0.674674475650928,0.06096435077216193,-0.026040312439755398,1.5290131445021524,-0.6631203960027255,0.3377386635534227,0.372315,0.013094,0.5634739999999999,-3.061394774460654,-0.19141025906621814,-0.29778807697527254
462,2026-09-26T06:11:41.432+00:00,23.15,1790403101.4286783,1790403101.4175327,1790403101.430925,TEACHING_MODE,NORMAL,START_RECORDING,REACH_TARGET_POS_SUCCESSFULLY,0.033108895910332434,-0.674674475650928,0.06096435077216193,-0.026040312439755398,1.5290131445021524,-0.6631203960027255,0.3377386635534227,0.372315,0.013094,0.5634739999999999,-3.061394774460654,-0.19141025906621814,-0.29778807697527254
463,2026-09-26T06:11:41.482+00:00,23.2,1790403101.4788437,1790403101.4779923,1790403101.4807477,TEACHING_MODE,NORMAL,START_RECORDING,REACH_TARGET_POS_SUCCESSFULLY,0.033108895910332434,-0.674674475650928,0.06096435077216193,-0.026040312439755398,1.5290131445021524,-0.6631203960027255,0.3377386635534227,0.372315,0.013094,0.5634739999999999,-3.061394774460654,-0.19141025906621814,-0.29778807697527254
464,2026-09-26T06:11:41.532+00:00,23.25,1790403101.5288002,1790403101.5180585,1790403101.5307755,TEACHING_MODE,NORMAL,START_RECORDING,REACH_TARGET_POS_SUCCESSFULLY,0.033108895910332434,-0.674674475650928,0.06096435077216193,-0.026040312439755398,1.5290131445021524,-0.6631203960027255,0.3377386635534227,0.372315,0.013094,0.5634739999999999,-3.061394774460654,-0.19141025906621814,-0.29778807697527254
465,2026-09-26T06:11:41.582+00:00,23.3,1790403101.578557,1790403101.5775552,1790403101.5805063,TEACHING_MODE,NORMAL,START_RECORDING,REACH_TARGET_POS_SUCCESSFULLY,0.033108895910332434,-0.674674475650928,0.06096435077216193,-0.026040312439755398,1.5290131445021524,-0.6631203960027255,0.3377386635534227,0.372315,0.013094,0.5634739999999999,-3.061394774460654,-0.19141025906621814,-0.29778807697527254
466,2026-09-26T06:11:41.632+00:00,23.35,1790403101.628553,1790403101.6180103,1790403101.6252854,TEACHING_MODE,NORMAL,START_RECORDING,REACH_TARGET_POS_SUCCESSFULLY,0.033108895910332434,-0.674674475650928,0.06096435077216193,-0.026040312439755398,1.5290131445021524,-0.6631203960027255,0.3377386635534227,0.372315,0.013094,0.5634739999999999,-3.061394774460654,-0.19141025906621814,-0.29778807697527254
467,2026-09-26T06:11:41.682+00:00,23.4,1790403101.6785657,1790403101.6777468,1790403101.6800773,TEACHING_MODE,NORMAL,START_RECORDING,REACH_TARGET_POS_SUCCESSFULLY,0.033108895910332434,-0.674674475650928,0.06096435077216193,-0.026040312439755398,1.5290131445021524,-0.6631203960027255,0.3377386635534227,0.372315,0.013094,0.5634739999999999,-3.061394774460654,-0.19141025906621814,-0.29778807697527254
468,2026-09-26T06:11:41.732+00:00,23.45,1790403101.728605,1790403101.7181218,1790403101.7313333,TEACHING_MODE,NORMAL,START_RECORDING,REACH_TARGET_POS_SUCCESSFULLY,0.033108895910332434,-0.674674475650928,0.06096435077216193,-0.026040312439755398,1.5290131445021524,-0.6631203960027255,0.3377386635534227,0.372315,0.013094,0.5634739999999999,-3.061394774460654,-0.19141025906621814,-0.29778807697527254
469,2026-09-26T06:11:41.782+00:00,23.5,1790403101.7795596,1790403101.7785559,1790403101.7801385,TEACHING_MODE,NORMAL,START_RECORDING,REACH_TARGET_POS_SUCCESSFULLY,0.033108895910332434,-0.674674475650928,0.06096435077216193,-0.026040312439755398,1.5290131445021524,-0.6631203960027255,0.3377386635534227,0.372315,0.013094,0.5634739999999999,-3.061394774460654,-0.19141025906621814,-0.29778807697527254
470,2026-09-26T06:11:41.832+00:00,23.55,1790403101.8288252,1790403101.8173099,1790403101.8305347,TEACHING_MODE,NORMAL,START_RECORDING,REACH_TARGET_POS_SUCCESSFULLY,0.033108895910332434,-0.674674475650928,0.06096435077216193,-0.026040312439755398,1.5290131445021524,-0.6631203960027255,0.3377386635534227,0.372315,0.013094,0.5634739999999999,-3.061394774460654,-0.19141025906621814,-0.29778807697527254
471,2026-09-26T06:11:41.882+00:00,23.6,1790403101.8790255,1790403101.8780248,1790403101.8825245,TEACHING_MODE,NORMAL,START_RECORDING,REACH_TARGET_POS_SUCCESSFULLY,0.033108895910332434,-0.674674475650928,0.06096435077216193,-0.026040312439755398,1.5290131445021524,-0.6631203960027255,0.3377386635534227,0.372315,0.013094,0.5634739999999999,-3.061394774460654,-0.19141025906621814,-0.29778807697527254
472,2026-09-26T06:11:41.932+00:00,23.65,1790403101.928847,1790403101.9179738,1790403101.9304492,TEACHING_MODE,NORMAL,START_RECORDING,REACH_TARGET_POS_SUCCESSFULLY,0.033108895910332434,-0.674674475650928,0.06096435077216193,-0.026040312439755398,1.5290131445021524,-0.6631203960027255,0.3377386635534227,0.372315,0.013094,0.5634739999999999,-3.061394774460654,-0.19141025906621814,-0.29778807697527254
473,2026-09-26T06:11:41.983+00:00,23.7,1790403101.9785142,1790403101.9775565,1790403101.9815543,TEACHING_MODE,NORMAL,START_RECORDING,REACH_TARGET_POS_SUCCESSFULLY,0.033108895910332434,-0.674674475650928,0.06096435077216193,-0.026040312439755398,1.5290131445021524,-0.6631203960027255,0.3377386635534227,0.372315,0.013094,0.5634739999999999,-3.061394774460654,-0.19141025906621814,-0.29778807697527254
474,2026-09-26T06:11:42.032+00:00,23.75,1790403102.0284932,1790403102.01788,1790403102.0316937,TEACHING_MODE,NORMAL,START_RECORDING,REACH_TARGET_POS_SUCCESSFULLY,0.033108895910332434,-0.674674475650928,0.06096435077216193,-0.026040312439755398,1.5290131445021524,-0.6631203960027255,0.3377386635534227,0.372315,0.013094,0.5634739999999999,-3.061394774460654,-0.19141025906621814,-0.29778807697527254
475,2026-09-26T06:11:42.082+00:00,23.8,1790403102.07861,1790403102.077495,1790403102.0819364,TEACHING_MODE,NORMAL,START_RECORDING,REACH_TARGET_POS_SUCCESSFULLY,0.033108895910332434,-0.674674475650928,0.06096435077216193,-0.026040312439755398,1.5290131445021524,-0.6631203960027255,0.3377386635534227,0.372315,0.013094,0.5634739999999999,-3.061394774460654,-0.19141025906621814,-0.29778807697527254
476,2026-09-26T06:11:42.132+00:00,23.85,1790403102.1285167,1790403102.1175494,1790403102.1323538,TEACHING_MODE,NORMAL,START_RECORDING,REACH_TARGET_POS_SUCCESSFULLY,0.033108895910332434,-0.674674475650928,0.06096435077216193,-0.026040312439755398,1.5290131445021524,-0.6631203960027255,0.3377386635534227,0.372315,0.013094,0.5634739999999999,-3.061394774460654,-0.19141025906621814,-0.29778807697527254
477,2026-09-26T06:11:42.182+00:00,23.9,1790403102.1786094,1790403102.1775153,1790403102.1801534,TEACHING_MODE,NORMAL,START_RECORDING,REACH_TARGET_POS_SUCCESSFULLY,0.033108895910332434,-0.674674475650928,0.06096435077216193,-0.026040312439755398,1.5290131445021524,-0.6631203960027255,0.3377386635534227,0.372315,0.013094,0.5634739999999999,-3.061394774460654,-0.19141025906621814,-0.29778807697527254
478,2026-09-26T06:11:42.232+00:00,23.95,1790403102.2286043,1790403102.217801,1790403102.2300198,TEACHING_MODE,NORMAL,START_RECORDING,REACH_TARGET_POS_SUCCESSFULLY,0.033108895910332434,-0.674674475650928,0.06096435077216193,-0.026040312439755398,1.5290131445021524,-0.6631203960027255,0.3377386635534227,0.372315,0.013094,0.5634739999999999,-3.061394774460654,-0.19141025906621814,-0.29778807697527254
479,2026-09-26T06:11:42.282+00:00,24.0,1790403102.2794905,1790403102.2785575,1790403102.2819235,TEACHING_MODE,NORMAL,START_RECORDING,REACH_TARGET_POS_SUCCESSFULLY,0.033108895910332434,-0.674674475650928,0.06096435077216193,-0.026040312439755398,1.5290131445021524,-0.6631203960027255,0.3377386635534227,0.372315,0.013094,0.5634739999999999,-3.061394774460654,-0.19141025906621814,-0.29778807697527254
480,2026-09-26T06:11:42.332+00:00,24.05,1790403102.3289788,1790403102.3190572,1790403102.3299794,TEACHING_MODE,NORMAL,START_RECORDING,REACH_TARGET_POS_SUCCESSFULLY,0.033108895910332434,-0.674674475650928,0.06096435077216193,-0.026040312439755398,1.5290131445021524,-0.6631203960027255,0.3377386635534227,0.372315,0.013094,0.5634739999999999,-3.061394774460654,-0.19141025906621814,-0.29778807697527254
481,2026-09-26T06:11:42.382+00:00,24.1,1790403102.380723,1790403102.3792927,1790403102.3809536,TEACHING_MODE,NORMAL,START_RECORDING,REACH_TARGET_POS_SUCCESSFULLY,0.033108895910332434,-0.674674475650928,0.06096435077216193,-0.026040312439755398,1.5290131445021524,-0.6631203960027255,0.3377386635534227,0.372315,0.013094,0.5634739999999999,-3.061394774460654,-0.19141025906621814,-0.29778807697527254
482,2026-09-26T06:11:42.432+00:00,24.15,1790403102.429098,1790403102.4177623,1790403102.4304802,TEACHING_MODE,NORMAL,START_RECORDING,REACH_TARGET_POS_SUCCESSFULLY,0.033108895910332434,-0.674674475650928,0.06096435077216193,-0.026040312439755398,1.5290131445021524,-0.6631203960027255,0.3377386635534227,0.372315,0.013094,0.5634739999999999,-3.061394774460654,-0.19141025906621814,-0.29778807697527254
483,2026-09-26T06:11:42.482+00:00,24.2,1790403102.4808273,1790403102.479609,1790403102.4810731,TEACHING_MODE,NORMAL,START_RECORDING,REACH_TARGET_POS_SUCCESSFULLY,0.033108895910332434,-0.674674475650928,0.06096435077216193,-0.026040312439755398,1.5290131445021524,-0.6631203960027255,0.3377386635534227,0.372315,0.013094,0.5634739999999999,-3.061394774460654,-0.19141025906621814,-0.29778807697527254
484,2026-09-26T06:11:42.532+00:00,24.25,1790403102.5288491,1790403102.5191612,1790403102.5301418,TEACHING_MODE,NORMAL,START_RECORDING,REACH_TARGET_POS_SUCCESSFULLY,0.033108895910332434,-0.674674475650928,0.06096435077216193,-0.026040312439755398,1.5290131445021524,-0.6631203960027255,0.3377386635534227,0.372315,0.013094,0.5634739999999999,-3.061394774460654,-0.19141025906621814,-0.29778807697527254
485,2026-09-26T06:11:42.582+00:00,24.3,1790403102.579743,1790403102.5787427,1790403102.580033,TEACHING_MODE,NORMAL,START_RECORDING,REACH_TARGET_POS_SUCCESSFULLY,0.033108895910332434,-0.674674475650928,0.06096435077216193,-0.026040312439755398,1.5290131445021524,-0.6631203960027255,0.3377386635534227,0.372315,0.013094,0.5634739999999999,-3.061394774460654,-0.19141025906621814,-0.29778807697527254
486,2026-09-26T06:11:42.632+00:00,24.35,1790403102.628488,1790403102.6191256,1790403102.6314986,TEACHING_MODE,NORMAL,START_RECORDING,REACH_TARGET_POS_SUCCESSFULLY,0.033108895910332434,-0.674674475650928,0.06096435077216193,-0.026040312439755398,1.5290131445021524,-0.6631203960027255,0.3377386635534227,0.372315,0.013094,0.5634739999999999,-3.061394774460654,-0.19141025906621814,-0.29778807697527254
487,2026-09-26T06:11:42.682+00:00,24.4,1790403102.679455,1790403102.6786134,1790403102.6800656,TEACHING_MODE,NORMAL,START_RECORDING,REACH_TARGET_POS_SUCCESSFULLY,0.033108895910332434,-0.674674475650928,0.06096435077216193,-0.026040312439755398,1.5290131445021524,-0.6631203960027255,0.3377386635534227,0.372315,0.013094,0.5634739999999999,-3.061394774460654,-0.19141025906621814,-0.29778807697527254
488,2026-09-26T06:11:42.732+00:00,24.45,1790403102.7285008,1790403102.717588,1790403102.7315223,TEACHING_MODE,NORMAL,START_RECORDING,REACH_TARGET_POS_SUCCESSFULLY,0.033108895910332434,-0.674674475650928,0.06096435077216193,-0.026040312439755398,1.5290131445021524,-0.6631203960027255,0.3377386635534227,0.372315,0.013094,0.5634739999999999,-3.061394774460654,-0.19141025906621814,-0.29778807697527254
489,2026-09-26T06:11:42.782+00:00,24.5,1790403102.7803192,1790403102.7793171,1790403102.782034,TEACHING_MODE,NORMAL,START_RECORDING,REACH_TARGET_POS_SUCCESSFULLY,0.033108895910332434,-0.674674475650928,0.06096435077216193,-0.026040312439755398,1.5290131445021524,-0.6631203960027255,0.3377386635534227,0.372315,0.013094,0.5634739999999999,-3.061394774460654,-0.19141025906621814,-0.29778807697527254
490,2026-09-26T06:11:42.832+00:00,24.55,1790403102.829305,1790403102.8210385,1790403102.830767,TEACHING_MODE,NORMAL,START_RECORDING,REACH_TARGET_POS_SUCCESSFULLY,0.033108895910332434,-0.674674475650928,0.06096435077216193,-0.026040312439755398,1.5290131445021524,-0.6631203960027255,0.3377386635534227,0.372315,0.013094,0.5634739999999999,-3.061394774460654,-0.19141025906621814,-0.29778807697527254
491,2026-09-26T06:11:42.882+00:00,24.6,1790403102.8809843,1790403102.8800304,1790403102.8811867,TEACHING_MODE,NORMAL,START_RECORDING,REACH_TARGET_POS_SUCCESSFULLY,0.033108895910332434,-0.674674475650928,0.06096435077216193,-0.026040312439755398,1.5290131445021524,-0.6631203960027255,0.3377386635534227,0.372315,0.013094,0.5634739999999999,-3.061394774460654,-0.19141025906621814,-0.29778807697527254
492,2026-09-26T06:11:42.932+00:00,24.65,1790403102.9286983,1790403102.9189506,1790403102.9303398,TEACHING_MODE,NORMAL,START_RECORDING,REACH_TARGET_POS_SUCCESSFULLY,0.033108895910332434,-0.674674475650928,0.06096435077216193,-0.026040312439755398,1.5290131445021524,-0.6631203960027255,0.3377386635534227,0.372315,0.013094,0.5634739999999999,-3.061394774460654,-0.19141025906621814,-0.29778807697527254
493,2026-09-26T06:11:42.982+00:00,24.7,1790403102.9812899,1790403102.978407,1790403102.9753346,TEACHING_MODE,NORMAL,START_RECORDING,REACH_TARGET_POS_SUCCESSFULLY,0.033108895910332434,-0.674674475650928,0.06096435077216193,-0.026040312439755398,1.5290131445021524,-0.6631203960027255,0.3377386635534227,0.372315,0.013094,0.5634739999999999,-3.061394774460654,-0.19141025906621814,-0.29778807697527254
494,2026-09-26T06:11:43.032+00:00,24.75,1790403103.0287676,1790403103.019789,1790403103.0301294,TEACHING_MODE,NORMAL,START_RECORDING,REACH_TARGET_POS_SUCCESSFULLY,0.033108895910332434,-0.674674475650928,0.06096435077216193,-0.026040312439755398,1.5290131445021524,-0.6631203960027255,0.3377386635534227,0.372315,0.013094,0.5634739999999999,-3.061394774460654,-0.19141025906621814,-0.29778807697527254
495,2026-09-26T06:11:43.082+00:00,24.8,1790403103.080439,1790403103.0778756,1790403103.0823398,TEACHING_MODE,NORMAL,START_RECORDING,REACH_TARGET_POS_SUCCESSFULLY,0.033108895910332434,-0.674674475650928,0.06096435077216193,-0.026040312439755398,1.5290131445021524,-0.6631203960027255,0.3377386635534227,0.372315,0.013094,0.5634739999999999,-3.061394774460654,-0.19141025906621814,-0.29778807697527254
496,2026-09-26T06:11:43.132+00:00,24.85,1790403103.128914,1790403103.117682,1790403103.1303525,TEACHING_MODE,NORMAL,START_RECORDING,REACH_TARGET_POS_SUCCESSFULLY,0.033108895910332434,-0.674674475650928,0.06096435077216193,-0.026040312439755398,1.5290131445021524,-0.6631203960027255,0.3377386635534227,0.372315,0.013094,0.5634739999999999,-3.061394774460654,-0.19141025906621814,-0.29778807697527254
497,2026-09-26T06:11:43.182+00:00,24.9,1790403103.1799843,1790403103.1775005,1790403103.1809146,TEACHING_MODE,NORMAL,START_RECORDING,REACH_TARGET_POS_SUCCESSFULLY,0.033108895910332434,-0.674674475650928,0.06096435077216193,-0.026040312439755398,1.5290131445021524,-0.6631203960027255,0.3377386635534227,0.372315,0.013094,0.5634739999999999,-3.061394774460654,-0.19141025906621814,-0.29778807697527254
498,2026-09-26T06:11:43.232+00:00,24.95,1790403103.2285042,1790403103.2175674,1790403103.2300587,TEACHING_MODE,NORMAL,START_RECORDING,REACH_TARGET_POS_SUCCESSFULLY,0.033108895910332434,-0.674674475650928,0.06096435077216193,-0.026040312439755398,1.5290131445021524,-0.6631203960027255,0.3377386635534227,0.372315,0.013094,0.5634739999999999,-3.061394774460654,-0.19141025906621814,-0.29778807697527254
499,2026-09-26T06:11:43.282+00:00,25.0,1790403103.2798152,1790403103.2773762,1790403103.2800624,TEACHING_MODE,NORMAL,START_RECORDING,REACH_TARGET_POS_SUCCESSFULLY,0.033108895910332434,-0.674674475650928,0.06096435077216193,-0.026040312439755398,1.5290131445021524,-0.6631203960027255,0.3377386635534227,0.372315,0.013094,0.5634739999999999,-3.061394774460654,-0.19141025906621814,-0.29778807697527254
500,2026-09-26T06:11:43.332+00:00,25.05,1790403103.3285525,1790403103.317748,1790403103.3301878,TEACHING_MODE,NORMAL,START_RECORDING,REACH_TARGET_POS_SUCCESSFULLY,0.033108895910332434,-0.674674475650928,0.06096435077216193,-0.026040312439755398,1.5290131445021524,-0.6631203960027255,0.3377386635534227,0.372315,0.013094,0.5634739999999999,-3.061394774460654,-0.19141025906621814,-0.29778807697527254
501,2026-09-26T06:11:43.382+00:00,25.1,1790403103.3806581,1790403103.3781433,1790403103.3808982,TEACHING_MODE,NORMAL,START_RECORDING,REACH_TARGET_POS_SUCCESSFULLY,0.033108895910332434,-0.674674475650928,0.06096435077216193,-0.026040312439755398,1.5290131445021524,-0.6631203960027255,0.3377386635534227,0.372315,0.013094,0.5634739999999999,-3.061394774460654,-0.19141025906621814,-0.29778807697527254
502,2026-09-26T06:11:43.432+00:00,25.15,1790403103.4286175,1790403103.4183538,1790403103.4303186,TEACHING_MODE,NORMAL,START_RECORDING,REACH_TARGET_POS_SUCCESSFULLY,0.033108895910332434,-0.674674475650928,0.06096435077216193,-0.026040312439755398,1.5290131445021524,-0.6631203960027255,0.3377386635534227,0.372315,0.013094,0.5634739999999999,-3.061394774460654,-0.19141025906621814,-0.29778807697527254
503,2026-09-26T06:11:43.482+00:00,25.2,1790403103.4785302,1790403103.4775045,1790403103.4805045,TEACHING_MODE,NORMAL,START_RECORDING,REACH_TARGET_POS_SUCCESSFULLY,0.033108895910332434,-0.674674475650928,0.06096435077216193,-0.026040312439755398,1.5290131445021524,-0.6631203960027255,0.3377386635534227,0.372315,0.013094,0.5634739999999999,-3.061394774460654,-0.19141025906621814,-0.29778807697527254
504,2026-09-26T06:11:43.532+00:00,25.25,1790403103.5285344,1790403103.5181649,1790403103.5304537,TEACHING_MODE,NORMAL,START_RECORDING,REACH_TARGET_POS_SUCCESSFULLY,0.033108895910332434,-0.674674475650928,0.06096435077216193,-0.026040312439755398,1.5290131445021524,-0.6631203960027255,0.3377386635534227,0.372315,0.013094,0.5634739999999999,-3.061394774460654,-0.19141025906621814,-0.29778807697527254
505,2026-09-26T06:11:43.582+00:00,25.3,1790403103.5801923,1790403103.5791814,1790403103.5821507,TEACHING_MODE,NORMAL,START_RECORDING,REACH_TARGET_POS_SUCCESSFULLY,0.033108895910332434,-0.674674475650928,0.06096435077216193,-0.026040312439755398,1.5290131445021524,-0.6631203960027255,0.3377386635534227,0.372315,0.013094,0.5634739999999999,-3.061394774460654,-0.19141025906621814,-0.29778807697527254
506,2026-09-26T06:11:43.632+00:00,25.35,1790403103.628772,1790403103.6179326,1790403103.6303205,TEACHING_MODE,NORMAL,START_RECORDING,REACH_TARGET_POS_SUCCESSFULLY,0.033108895910332434,-0.674674475650928,0.06096435077216193,-0.026040312439755398,1.5290131445021524,-0.6631203960027255,0.3377386635534227,0.372315,0.013094,0.5634739999999999,-3.061394774460654,-0.19141025906621814,-0.29778807697527254
507,2026-09-26T06:11:43.682+00:00,25.4,1790403103.6785283,1790403103.6774223,1790403103.6804636,TEACHING_MODE,NORMAL,START_RECORDING,REACH_TARGET_POS_SUCCESSFULLY,0.033108895910332434,-0.674674475650928,0.06096435077216193,-0.026040312439755398,1.5290131445021524,-0.6631203960027255,0.3377386635534227,0.372315,0.013094,0.5634739999999999,-3.061394774460654,-0.19141025906621814,-0.29778807697527254
508,2026-09-26T06:11:43.732+00:00,25.45,1790403103.728508,1790403103.7175634,1790403103.7320104,TEACHING_MODE,NORMAL,START_RECORDING,REACH_TARGET_POS_SUCCESSFULLY,0.033108895910332434,-0.674674475650928,0.06096435077216193,-0.026040312439755398,1.5290131445021524,-0.6631203960027255,0.3377386635534227,0.372315,0.013094,0.5634739999999999,-3.061394774460654,-0.19141025906621814,-0.29778807697527254
509,2026-09-26T06:11:43.782+00:00,25.5,1790403103.7788188,1790403103.7779403,1790403103.7815087,TEACHING_MODE,NORMAL,START_RECORDING,REACH_TARGET_POS_SUCCESSFULLY,0.033108895910332434,-0.674674475650928,0.06096435077216193,-0.026040312439755398,1.5290131445021524,-0.6631203960027255,0.3377386635534227,0.372315,0.013094,0.5634739999999999,-3.061394774460654,-0.19141025906621814,-0.29778807697527254
510,2026-09-26T06:11:43.832+00:00,25.55,1790403103.8284662,1790403103.8175225,1790403103.8306234,TEACHING_MODE,NORMAL,START_RECORDING,REACH_TARGET_POS_SUCCESSFULLY,0.033108895910332434,-0.674674475650928,0.06096435077216193,-0.026040312439755398,1.5290131445021524,-0.6631203960027255,0.3377386635534227,0.372315,0.013094,0.5634739999999999,-3.061394774460654,-0.19141025906621814,-0.29778807697527254
511,2026-09-26T06:11:43.882+00:00,25.6,1790403103.8787534,1790403103.8778646,1790403103.8800666,TEACHING_MODE,NORMAL,START_RECORDING,REACH_TARGET_POS_SUCCESSFULLY,0.033108895910332434,-0.674674475650928,0.06096435077216193,-0.026040312439755398,1.5290131445021524,-0.6631203960027255,0.3377386635534227,0.372315,0.013094,0.5634739999999999,-3.061394774460654,-0.19141025906621814,-0.29778807697527254
512,2026-09-26T06:11:43.932+00:00,25.65,1790403103.9285102,1790403103.9178202,1790403103.9307086,TEACHING_MODE,NORMAL,START_RECORDING,REACH_TARGET_POS_SUCCESSFULLY,0.033108895910332434,-0.674674475650928,0.06096435077216193,-0.026040312439755398,1.5290131445021524,-0.6631203960027255,0.3377386635534227,0.372315,0.013094,0.5634739999999999,-3.061394774460654,-0.19141025906621814,-0.29778807697527254
513,2026-09-26T06:11:43.982+00:00,25.7,1790403103.9786239,1790403103.9776244,1790403103.981553,TEACHING_MODE,NORMAL,START_RECORDING,REACH_TARGET_POS_SUCCESSFULLY,0.033108895910332434,-0.674674475650928,0.06096435077216193,-0.026040312439755398,1.5290131445021524,-0.6631203960027255,0.3377386635534227,0.372315,0.013094,0.5634739999999999,-3.061394774460654,-0.19141025906621814,-0.29778807697527254
514,2026-09-26T06:11:44.032+00:00,25.75,1790403104.0287104,1790403104.0183053,1790403104.030668,TEACHING_MODE,NORMAL,START_RECORDING,REACH_TARGET_POS_SUCCESSFULLY,0.033108895910332434,-0.674674475650928,0.06096435077216193,-0.026040312439755398,1.5290131445021524,-0.6631203960027255,0.3377386635534227,0.372315,0.013094,0.5634739999999999,-3.061394774460654,-0.19141025906621814,-0.29778807697527254
515,2026-09-26T06:11:44.082+00:00,25.8,1790403104.0794475,1790403104.0785303,1790403104.0817795,TEACHING_MODE,NORMAL,START_RECORDING,REACH_TARGET_POS_SUCCESSFULLY,0.033108895910332434,-0.674674475650928,0.06096435077216193,-0.026040312439755398,1.5290131445021524,-0.6631203960027255,0.3377386635534227,0.372315,0.013094,0.5634739999999999,-3.061394774460654,-0.19141025906621814,-0.29778807697527254
516,2026-09-26T06:11:44.132+00:00,25.85,1790403104.1291492,1790403104.118572,1790403104.13157,TEACHING_MODE,NORMAL,START_RECORDING,REACH_TARGET_POS_SUCCESSFULLY,0.033108895910332434,-0.674674475650928,0.06096435077216193,-0.026040312439755398,1.5290131445021524,-0.6631203960027255,0.3377386635534227,0.372315,0.013094,0.5634739999999999,-3.061394774460654,-0.19141025906621814,-0.29778807697527254
517,2026-09-26T06:11:44.183+00:00,25.9,1790403104.1793003,1790403104.1783903,1790403104.181989,TEACHING_MODE,NORMAL,START_RECORDING,REACH_TARGET_POS_SUCCESSFULLY,0.033108895910332434,-0.674674475650928,0.06096435077216193,-0.026040312439755398,1.5290131445021524,-0.6631203960027255,0.3377386635534227,0.372315,0.013094,0.5634739999999999,-3.061394774460654,-0.19141025906621814,-0.29778807697527254
518,2026-09-26T06:11:44.232+00:00,25.95,1790403104.2295501,1790403104.2175713,1790403104.231342,TEACHING_MODE,NORMAL,START_RECORDING,REACH_TARGET_POS_SUCCESSFULLY,0.033108895910332434,-0.674674475650928,0.06096435077216193,-0.026040312439755398,1.5290131445021524,-0.6631203960027255,0.3377386635534227,0.372315,0.013094,0.5634739999999999,-3.061394774460654,-0.19141025906621814,-0.29778807697527254
519,2026-09-26T06:11:44.283+00:00,26.0,1790403104.2789094,1790403104.2779062,1790403104.2828257,TEACHING_MODE,NORMAL,START_RECORDING,REACH_TARGET_POS_SUCCESSFULLY,0.033108895910332434,-0.674674475650928,0.06096435077216193,-0.026040312439755398,1.5290131445021524,-0.6631203960027255,0.3377386635534227,0.372315,0.013094,0.5634739999999999,-3.061394774460654,-0.19141025906621814,-0.29778807697527254
520,2026-09-26T06:11:44.332+00:00,26.05,1790403104.3295238,1790403104.3174493,1790403104.3300195,TEACHING_MODE,NORMAL,START_RECORDING,REACH_TARGET_POS_SUCCESSFULLY,0.033108895910332434,-0.674674475650928,0.06096435077216193,-0.026040312439755398,1.5290131445021524,-0.6631203960027255,0.3377386635534227,0.372315,0.013094,0.5634739999999999,-3.061394774460654,-0.19141025906621814,-0.29778807697527254
521,2026-09-26T06:11:44.382+00:00,26.1,1790403104.3789542,1790403104.378047,1790403104.3804274,TEACHING_MODE,NORMAL,START_RECORDING,REACH_TARGET_POS_SUCCESSFULLY,0.033108895910332434,-0.674674475650928,0.06096435077216193,-0.026040312439755398,1.5290131445021524,-0.6631203960027255,0.3377386635534227,0.372315,0.013094,0.5634739999999999,-3.061394774460654,-0.19141025906621814,-0.29778807697527254
522,2026-09-26T06:11:44.432+00:00,26.15,1790403104.428724,1790403104.4177887,1790403104.4301338,TEACHING_MODE,NORMAL,START_RECORDING,REACH_TARGET_POS_SUCCESSFULLY,0.033108895910332434,-0.674674475650928,0.06096435077216193,-0.026040312439755398,1.5290131445021524,-0.6631203960027255,0.3377386635534227,0.372315,0.013094,0.5634739999999999,-3.061394774460654,-0.19141025906621814,-0.29778807697527254
523,2026-09-26T06:11:44.483+00:00,26.2,1790403104.4785357,1790403104.4775774,1790403104.4799485,TEACHING_MODE,NORMAL,START_RECORDING,REACH_TARGET_POS_SUCCESSFULLY,0.033108895910332434,-0.674674475650928,0.06096435077216193,-0.026040312439755398,1.5290131445021524,-0.6631203960027255,0.3377386635534227,0.372315,0.013094,0.5634739999999999,-3.061394774460654,-0.19141025906621814,-0.29778807697527254
524,2026-09-26T06:11:44.532+00:00,26.25,1790403104.528557,1790403104.5174894,1790403104.5309134,TEACHING_MODE,NORMAL,START_RECORDING,REACH_TARGET_POS_SUCCESSFULLY,0.033108895910332434,-0.674674475650928,0.06096435077216193,-0.026040312439755398,1.5290131445021524,-0.6631203960027255,0.3377386635534227,0.372315,0.013094,0.5634739999999999,-3.061394774460654,-0.19141025906621814,-0.29778807697527254
525,2026-09-26T06:11:44.582+00:00,26.3,1790403104.5788867,1790403104.577902,1790403104.5800412,TEACHING_MODE,NORMAL,START_RECORDING,REACH_TARGET_POS_SUCCESSFULLY,0.033108895910332434,-0.674674475650928,0.06096435077216193,-0.026040312439755398,1.5290131445021524,-0.6631203960027255,0.3377386635534227,0.372315,0.013094,0.5634739999999999,-3.061394774460654,-0.19141025906621814,-0.29778807697527254
526,2026-09-26T06:11:44.632+00:00,26.35,1790403104.62993,1790403104.6177769,1790403104.6307132,TEACHING_MODE,NORMAL,START_RECORDING,REACH_TARGET_POS_SUCCESSFULLY,0.033108895910332434,-0.674674475650928,0.06096435077216193,-0.026040312439755398,1.5290131445021524,-0.6631203960027255,0.3377386635534227,0.372315,0.013094,0.5634739999999999,-3.061394774460654,-0.19141025906621814,-0.29778807697527254
527,2026-09-26T06:11:44.682+00:00,26.4,1790403104.678669,1790403104.67782,1790403104.6813278,TEACHING_MODE,NORMAL,START_RECORDING,REACH_TARGET_POS_SUCCESSFULLY,0.033108895910332434,-0.674674475650928,0.06096435077216193,-0.026040312439755398,1.5290131445021524,-0.6631203960027255,0.3377386635534227,0.372315,0.013094,0.5634739999999999,-3.061394774460654,-0.19141025906621814,-0.29778807697527254
528,2026-09-26T06:11:44.732+00:00,26.45,1790403104.7288241,1790403104.7176695,1790403104.7301078,TEACHING_MODE,NORMAL,START_RECORDING,REACH_TARGET_POS_SUCCESSFULLY,0.033108895910332434,-0.674674475650928,0.06096435077216193,-0.026040312439755398,1.5290131445021524,-0.6631203960027255,0.3377386635534227,0.372315,0.013094,0.5634739999999999,-3.061394774460654,-0.19141025906621814,-0.29778807697527254
529,2026-09-26T06:11:44.782+00:00,26.5,1790403104.7784686,1790403104.7774477,1790403104.7819662,TEACHING_MODE,NORMAL,START_RECORDING,REACH_TARGET_POS_SUCCESSFULLY,0.033108895910332434,-0.674674475650928,0.06096435077216193,-0.026040312439755398,1.5290131445021524,-0.6631203960027255,0.3377386635534227,0.372315,0.013094,0.5634739999999999,-3.061394774460654,-0.19141025906621814,-0.29778807697527254
530,2026-09-26T06:11:44.832+00:00,26.55,1790403104.8301122,1790403104.817848,1790403104.8320236,TEACHING_MODE,NORMAL,START_RECORDING,REACH_TARGET_POS_SUCCESSFULLY,0.033108895910332434,-0.674674475650928,0.06096435077216193,-0.026040312439755398,1.5290131445021524,-0.6631203960027255,0.3377386635534227,0.372315,0.013094,0.5634739999999999,-3.061394774460654,-0.19141025906621814,-0.29778807697527254
531,2026-09-26T06:11:44.882+00:00,26.6,1790403104.879043,1790403104.8780663,1790403104.8799865,TEACHING_MODE,NORMAL,START_RECORDING,REACH_TARGET_POS_SUCCESSFULLY,0.033108895910332434,-0.674674475650928,0.06096435077216193,-0.026040312439755398,1.5290131445021524,-0.6631203960027255,0.3377386635534227,0.372315,0.013094,0.5634739999999999,-3.061394774460654,-0.19141025906621814,-0.29778807697527254
532,2026-09-26T06:11:44.932+00:00,26.65,1790403104.9306207,1790403104.9179947,1790403104.9308653,TEACHING_MODE,NORMAL,START_RECORDING,REACH_TARGET_POS_SUCCESSFULLY,0.033108895910332434,-0.674674475650928,0.06096435077216193,-0.026040312439755398,1.5290131445021524,-0.6631203960027255,0.3377386635534227,0.372315,0.013094,0.5634739999999999,-3.061394774460654,-0.19141025906621814,-0.29778807697527254
533,2026-09-26T06:11:44.982+00:00,26.7,1790403104.9795816,1790403104.9779553,1790403104.9799879,TEACHING_MODE,NORMAL,START_RECORDING,REACH_TARGET_POS_SUCCESSFULLY,0.033108895910332434,-0.674674475650928,0.06096435077216193,-0.026040312439755398,1.5290131445021524,-0.6631203960027255,0.3377386635534227,0.372315,0.013094,0.5634739999999999,-3.061394774460654,-0.19141025906621814,-0.29778807697527254
534,2026-09-26T06:11:45.032+00:00,26.75,1790403105.0293615,1790403105.017467,1790403105.0309584,TEACHING_MODE,NORMAL,START_RECORDING,REACH_TARGET_POS_SUCCESSFULLY,0.033108895910332434,-0.674674475650928,0.06096435077216193,-0.026040312439755398,1.5290131445021524,-0.6631203960027255,0.3377386635534227,0.372315,0.013094,0.5634739999999999,-3.061394774460654,-0.19141025906621814,-0.29778807697527254
535,2026-09-26T06:11:45.082+00:00,26.8,1790403105.0784287,1790403105.0775356,1790403105.081472,TEACHING_MODE,NORMAL,START_RECORDING,REACH_TARGET_POS_SUCCESSFULLY,0.033108895910332434,-0.674674475650928,0.06096435077216193,-0.026040312439755398,1.5290131445021524,-0.6631203960027255,0.3377386635534227,0.372315,0.013094,0.5634739999999999,-3.061394774460654,-0.19141025906621814,-0.29778807697527254
536,2026-09-26T06:11:45.132+00:00,26.85,1790403105.1293933,1790403105.1174297,1790403105.130301,TEACHING_MODE,NORMAL,START_RECORDING,REACH_TARGET_POS_SUCCESSFULLY,0.033108895910332434,-0.674674475650928,0.06096435077216193,-0.026040312439755398,1.5290131445021524,-0.6631203960027255,0.3377386635534227,0.372315,0.013094,0.5634739999999999,-3.061394774460654,-0.19141025906621814,-0.29778807697527254
537,2026-09-26T06:11:45.183+00:00,26.9,1790403105.1788707,1790403105.1779802,1790403105.1816304,TEACHING_MODE,NORMAL,START_RECORDING,REACH_TARGET_POS_SUCCESSFULLY,0.033108895910332434,-0.674674475650928,0.06096435077216193,-0.026040312439755398,1.5290131445021524,-0.6631203960027255,0.3377386635534227,0.372315,0.013094,0.5634739999999999,-3.061394774460654,-0.19141025906621814,-0.29778807697527254
538,2026-09-26T06:11:45.232+00:00,26.95,1790403105.2297165,1790403105.2179515,1790403105.2299495,TEACHING_MODE,NORMAL,START_RECORDING,REACH_TARGET_POS_SUCCESSFULLY,0.033108895910332434,-0.674674475650928,0.06096435077216193,-0.026040312439755398,1.5290131445021524,-0.6631203960027255,0.3377386635534227,0.372315,0.013094,0.5634739999999999,-3.061394774460654,-0.19141025906621814,-0.29778807697527254
539,2026-09-26T06:11:45.282+00:00,27.0,1790403105.2785845,1790403105.2773905,1790403105.27997,TEACHING_MODE,NORMAL,START_RECORDING,REACH_TARGET_POS_SUCCESSFULLY,0.033108895910332434,-0.674674475650928,0.06096435077216193,-0.026040312439755398,1.5290131445021524,-0.6631203960027255,0.3377386635534227,0.372315,0.013094,0.5634739999999999,-3.061394774460654,-0.19141025906621814,-0.29778807697527254
540,2026-09-26T06:11:45.332+00:00,27.05,1790403105.3303103,1790403105.3178685,1790403105.3304732,TEACHING_MODE,NORMAL,START_RECORDING,REACH_TARGET_POS_SUCCESSFULLY,0.033108895910332434,-0.674674475650928,0.06096435077216193,-0.026040312439755398,1.5290131445021524,-0.6631203960027255,0.3377386635534227,0.372315,0.013094,0.5634739999999999,-3.061394774460654,-0.19141025906621814,-0.29778807697527254
541,2026-09-26T06:11:45.382+00:00,27.1,1790403105.3790202,1790403105.378072,1790403105.3800569,TEACHING_MODE,NORMAL,START_RECORDING,REACH_TARGET_POS_SUCCESSFULLY,0.033108895910332434,-0.674674475650928,0.06096435077216193,-0.026040312439755398,1.5290131445021524,-0.6631203960027255,0.3377386635534227,0.372315,0.013094,0.5634739999999999,-3.061394774460654,-0.19141025906621814,-0.29778807697527254
542,2026-09-26T06:11:45.432+00:00,27.15,1790403105.4287443,1790403105.417497,1790403105.4308703,TEACHING_MODE,NORMAL,START_RECORDING,REACH_TARGET_POS_SUCCESSFULLY,0.033108895910332434,-0.674674475650928,0.06096435077216193,-0.026040312439755398,1.5290131445021524,-0.6631203960027255,0.3377386635534227,0.372315,0.013094,0.5634739999999999,-3.061394774460654,-0.19141025906621814,-0.29778807697527254
543,2026-09-26T06:11:45.482+00:00,27.2,1790403105.4789994,1790403105.4780767,1790403105.4800053,TEACHING_MODE,NORMAL,START_RECORDING,REACH_TARGET_POS_SUCCESSFULLY,0.033108895910332434,-0.674674475650928,0.06096435077216193,-0.026040312439755398,1.5290131445021524,-0.6631203960027255,0.3377386635534227,0.372315,0.013094,0.5634739999999999,-3.061394774460654,-0.19141025906621814,-0.29778807697527254
544,2026-09-26T06:11:45.532+00:00,27.25,1790403105.5289912,1790403105.5173626,1790403105.5309741,TEACHING_MODE,NORMAL,START_RECORDING,REACH_TARGET_POS_SUCCESSFULLY,0.033108895910332434,-0.674674475650928,0.06096435077216193,-0.026040312439755398,1.5290131445021524,-0.6631203960027255,0.3377386635534227,0.372315,0.013094,0.5634739999999999,-3.061394774460654,-0.19141025906621814,-0.29778807697527254
545,2026-09-26T06:11:45.582+00:00,27.3,1790403105.5784981,1790403105.5774975,1790403105.5803578,TEACHING_MODE,NORMAL,START_RECORDING,REACH_TARGET_POS_SUCCESSFULLY,0.033108895910332434,-0.674674475650928,0.06096435077216193,-0.026040312439755398,1.5290131445021524,-0.6631203960027255,0.3377386635534227,0.372315,0.013094,0.5634739999999999,-3.061394774460654,-0.19141025906621814,-0.29778807697527254
546,2026-09-26T06:11:45.632+00:00,27.35,1790403105.6284819,1790403105.617477,1790403105.6305854,TEACHING_MODE,NORMAL,START_RECORDING,REACH_TARGET_POS_SUCCESSFULLY,0.033108895910332434,-0.674674475650928,0.06096435077216193,-0.026040312439755398,1.5290131445021524,-0.6631203960027255,0.3377386635534227,0.372315,0.013094,0.5634739999999999,-3.061394774460654,-0.19141025906621814,-0.29778807697527254
547,2026-09-26T06:11:45.682+00:00,27.4,1790403105.6784751,1790403105.6773925,1790403105.6800733,TEACHING_MODE,NORMAL,START_RECORDING,REACH_TARGET_POS_SUCCESSFULLY,0.033108895910332434,-0.674674475650928,0.06096435077216193,-0.026040312439755398,1.5290131445021524,-0.6631203960027255,0.3377386635534227,0.372315,0.013094,0.5634739999999999,-3.061394774460654,-0.19141025906621814,-0.29778807697527254
548,2026-09-26T06:11:45.732+00:00,27.45,1790403105.728469,1790403105.717965,1790403105.731322,TEACHING_MODE,NORMAL,START_RECORDING,REACH_TARGET_POS_SUCCESSFULLY,0.033108895910332434,-0.674674475650928,0.06096435077216193,-0.026040312439755398,1.5290131445021524,-0.663294928927925,0.3377386635534227,0.372311,0.013094,0.563473,-3.0614471343382137,-0.19125317943353864,-0.2977706236827526
549,2026-09-26T06:11:45.782+00:00,27.5,1790403105.7790327,1790403105.7777264,1790403105.780208,TEACHING_MODE,NORMAL,START_RECORDING,REACH_TARGET_POS_SUCCESSFULLY,0.033108895910332434,-0.674674475650928,0.06096435077216193,-0.026040312439755398,1.5290131445021524,-0.663294928927925,0.3377386635534227,0.372311,0.013094,0.563473,-3.0614471343382137,-0.19125317943353864,-0.2977706236827526
550,2026-09-26T06:11:45.832+00:00,27.55,1790403105.8284829,1790403105.8193192,1790403105.8316834,TEACHING_MODE,NORMAL,START_RECORDING,REACH_TARGET_POS_SUCCESSFULLY,0.033108895910332434,-0.674674475650928,0.06096435077216193,-0.026040312439755398,1.5290131445021524,-0.663294928927925,0.3377386635534227,0.372311,0.013094,0.563473,-3.0614471343382137,-0.19125317943353864,-0.2977706236827526
551,2026-09-26T06:11:45.882+00:00,27.6,1790403105.8795052,1790403105.878663,1790403105.8799486,TEACHING_MODE,NORMAL,START_RECORDING,REACH_TARGET_POS_SUCCESSFULLY,0.033108895910332434,-0.674674475650928,0.06096435077216193,-0.026040312439755398,1.5290131445021524,-0.663294928927925,0.3377386635534227,0.372311,0.013094,0.563473,-3.0614471343382137,-0.19125317943353864,-0.2977706236827526
552,2026-09-26T06:11:45.932+00:00,27.65,1790403105.928624,1790403105.9181747,1790403105.9305503,TEACHING_MODE,NORMAL,START_RECORDING,REACH_TARGET_POS_SUCCESSFULLY,0.033108895910332434,-0.674674475650928,0.06096435077216193,-0.026040312439755398,1.5290131445021524,-0.663294928927925,0.3377386635534227,0.372311,0.013094,0.563473,-3.0614471343382137,-0.19125317943353864,-0.2977706236827526
553,2026-09-26T06:11:45.982+00:00,27.7,1790403105.9798136,1790403105.9788353,1790403105.9802134,TEACHING_MODE,NORMAL,START_RECORDING,REACH_TARGET_POS_SUCCESSFULLY,0.033108895910332434,-0.674674475650928,0.06096435077216193,-0.026040312439755398,1.5290131445021524,-0.663294928927925,0.3377386635534227,0.372311,0.013094,0.563473,-3.0614471343382137,-0.19125317943353864,-0.2977706236827526
554,2026-09-26T06:11:46.032+00:00,27.75,1790403106.0288334,1790403106.0179737,1790403106.025398,TEACHING_MODE,NORMAL,START_RECORDING,REACH_TARGET_POS_SUCCESSFULLY,0.033108895910332434,-0.674674475650928,0.06096435077216193,-0.026040312439755398,1.5290131445021524,-0.663294928927925,0.3377386635534227,0.372311,0.013094,0.563473,-3.0614471343382137,-0.19125317943353864,-0.2977706236827526
555,2026-09-26T06:11:46.082+00:00,27.8,1790403106.0784419,1790403106.0773976,1790403106.0817933,TEACHING_MODE,NORMAL,START_RECORDING,REACH_TARGET_POS_SUCCESSFULLY,0.033108895910332434,-0.674674475650928,0.06096435077216193,-0.026040312439755398,1.5290131445021524,-0.663294928927925,0.3377386635534227,0.372311,0.013094,0.563473,-3.0614471343382137,-0.19125317943353864,-0.2977706236827526
556,2026-09-26T06:11:46.132+00:00,27.85,1790403106.1285498,1790403106.1174424,1790403106.1302137,TEACHING_MODE,NORMAL,START_RECORDING,REACH_TARGET_POS_SUCCESSFULLY,0.033108895910332434,-0.674674475650928,0.06096435077216193,-0.026040312439755398,1.5290131445021524,-0.663294928927925,0.3377386635534227,0.372311,0.013094,0.563473,-3.0614471343382137,-0.19125317943353864,-0.2977706236827526
557,2026-09-26T06:11:46.182+00:00,27.9,1790403106.1785934,1790403106.177687,1790403106.1816847,TEACHING_MODE,NORMAL,START_RECORDING,REACH_TARGET_POS_SUCCESSFULLY,0.033108895910332434,-0.674674475650928,0.06096435077216193,-0.026040312439755398,1.5290131445021524,-0.663294928927925,0.3377386635534227,0.372311,0.013094,0.563473,-3.0614471343382137,-0.19125317943353864,-0.2977706236827526
558,2026-09-26T06:11:46.232+00:00,27.95,1790403106.228487,1790403106.2176864,1790403106.2306447,TEACHING_MODE,NORMAL,START_RECORDING,REACH_TARGET_POS_SUCCESSFULLY,0.033108895910332434,-0.674674475650928,0.06096435077216193,-0.026040312439755398,1.5290131445021524,-0.663294928927925,0.3377386635534227,0.372311,0.013094,0.563473,-3.0614471343382137,-0.19125317943353864,-0.2977706236827526
559,2026-09-26T06:11:46.282+00:00,28.0,1790403106.2800837,1790403106.2791555,1790403106.280351,TEACHING_MODE,NORMAL,START_RECORDING,REACH_TARGET_POS_SUCCESSFULLY,0.033108895910332434,-0.674674475650928,0.06096435077216193,-0.026040312439755398,1.5290131445021524,-0.663294928927925,0.3377386635534227,0.372311,0.013094,0.563473,-3.0614471343382137,-0.19125317943353864,-0.2977706236827526
560,2026-09-26T06:11:46.332+00:00,28.05,1790403106.3285205,1790403106.3185916,1790403106.3301697,TEACHING_MODE,NORMAL,START_RECORDING,REACH_TARGET_POS_SUCCESSFULLY,0.033108895910332434,-0.674674475650928,0.06096435077216193,-0.026040312439755398,1.5290131445021524,-0.663294928927925,0.3377386635534227,0.372311,0.013094,0.563473,-3.0614471343382137,-0.19125317943353864,-0.2977706236827526
561,2026-09-26T06:11:46.382+00:00,28.1,1790403106.3804002,1790403106.3792167,1790403106.380643,TEACHING_MODE,NORMAL,START_RECORDING,REACH_TARGET_POS_SUCCESSFULLY,0.033108895910332434,-0.674674475650928,0.06096435077216193,-0.026040312439755398,1.5290131445021524,-0.663294928927925,0.3377386635534227,0.372311,0.013094,0.563473,-3.0614471343382137,-0.19125317943353864,-0.2977706236827526
562,2026-09-26T06:11:46.432+00:00,28.15,1790403106.428862,1790403106.418107,1790403106.4303467,TEACHING_MODE,NORMAL,START_RECORDING,REACH_TARGET_POS_SUCCESSFULLY,0.033108895910332434,-0.674674475650928,0.06096435077216193,-0.026040312439755398,1.5290131445021524,-0.663294928927925,0.3377386635534227,0.372311,0.013094,0.563473,-3.0614471343382137,-0.19125317943353864,-0.2977706236827526
563,2026-09-26T06:11:46.482+00:00,28.2,1790403106.479441,1790403106.4785478,1790403106.4801464,TEACHING_MODE,NORMAL,START_RECORDING,REACH_TARGET_POS_SUCCESSFULLY,0.033108895910332434,-0.674674475650928,0.06096435077216193,-0.026040312439755398,1.5290131445021524,-0.663294928927925,0.3377386635534227,0.372311,0.013094,0.563473,-3.0614471343382137,-0.19125317943353864,-0.2977706236827526
564,2026-09-26T06:11:46.532+00:00,28.25,1790403106.5284436,1790403106.5183365,1790403106.5299308,TEACHING_MODE,NORMAL,START_RECORDING,REACH_TARGET_POS_SUCCESSFULLY,0.033108895910332434,-0.674674475650928,0.06096435077216193,-0.026040312439755398,1.5290131445021524,-0.663294928927925,0.3377386635534227,0.372311,0.013094,0.563473,-3.0614471343382137,-0.19125317943353864,-0.2977706236827526
565,2026-09-26T06:11:46.582+00:00,28.3,1790403106.5793667,1790403106.5780673,1790403106.5800068,TEACHING_MODE,NORMAL,START_RECORDING,REACH_TARGET_POS_SUCCESSFULLY,0.033108895910332434,-0.674674475650928,0.06096435077216193,-0.026040312439755398,1.5290131445021524,-0.663294928927925,0.3377386635534227,0.372311,0.013094,0.563473,-3.0614471343382137,-0.19125317943353864,-0.2977706236827526
566,2026-09-26T06:11:46.632+00:00,28.35,1790403106.6284878,1790403106.6188462,1790403106.6318254,TEACHING_MODE,NORMAL,START_RECORDING,REACH_TARGET_POS_SUCCESSFULLY,0.033108895910332434,-0.674674475650928,0.06096435077216193,-0.026040312439755398,1.5290131445021524,-0.663294928927925,0.3377386635534227,0.372311,0.013094,0.563473,-3.0614471343382137,-0.19125317943353864,-0.2977706236827526
567,2026-09-26T06:11:46.682+00:00,28.4,1790403106.681885,1790403106.6814153,1790403106.6821306,TEACHING_MODE,NORMAL,START_RECORDING,REACH_TARGET_POS_SUCCESSFULLY,0.033108895910332434,-0.674674475650928,0.06096435077216193,-0.026040312439755398,1.5290131445021524,-0.663294928927925,0.3377386635534227,0.372311,0.013094,0.563473,-3.0614471343382137,-0.19125317943353864,-0.2977706236827526
568,2026-09-26T06:11:46.732+00:00,28.45,1790403106.729017,1790403106.7198534,1790403106.7304206,TEACHING_MODE,NORMAL,START_RECORDING,REACH_TARGET_POS_SUCCESSFULLY,0.033039082740252655,-0.674674475650928,0.06096435077216193,-0.026040312439755398,1.5290131445021524,-0.663294928927925,0.3377386635534227,0.372315,0.013005,0.563473,-3.0614471343382137,-0.19125317943353864,-0.29801496977803177
569,2026-09-26T06:11:46.782+00:00,28.5,1790403106.7815862,1790403106.780324,1790403106.7818203,TEACHING_MODE,NORMAL,START_RECORDING,REACH_TARGET_POS_SUCCESSFULLY,0.03324852225049198,-0.674674475650928,0.06096435077216193,-0.026040312439755398,1.5290131445021524,-0.663294928927925,0.3377386635534227,0.372311,0.013108,0.563473,-3.0614471343382137,-0.19125317943353864,-0.2977357170977127
570,2026-09-26T06:11:46.832+00:00,28.55,1790403106.82941,1790403106.8194695,1790403106.8301268,TEACHING_MODE,NORMAL,START_RECORDING,REACH_TARGET_POS_SUCCESSFULLY,0.03309144261781249,-0.674674475650928,0.06096435077216193,-0.026040312439755398,1.5290131445021524,-0.663294928927925,0.3377386635534227,0.372311,0.013101,0.563473,-3.0614471343382137,-0.19125317943353864,-0.2977531703902326
571,2026-09-26T06:11:46.883+00:00,28.6,1790403106.882405,1790403106.88136,1790403106.879066,TEACHING_MODE,NORMAL,START_RECORDING,REACH_TARGET_POS_SUCCESSFULLY,0.03309144261781249,-0.674674475650928,0.06096435077216193,-0.026040312439755398,1.5290131445021524,-0.663294928927925,0.3377386635534227,0.372312,0.013087999999999999,0.563473,-3.0614471343382137,-0.19125317943353864,-0.29778807697527254
572,2026-09-26T06:11:46.932+00:00,28.65,1790403106.928449,1790403106.919038,1790403106.9300315,TEACHING_MODE,NORMAL,START_RECORDING,REACH_TARGET_POS_SUCCESSFULLY,0.03309144261781249,-0.674674475650928,0.06096435077216193,-0.026040312439755398,1.5290131445021524,-0.663294928927925,0.3377386635534227,0.372312,0.013087999999999999,0.563473,-3.0614471343382137,-0.19125317943353864,-0.29778807697527254
573,2026-09-26T06:11:46.982+00:00,28.7,1790403106.9798021,1790403106.9773335,1790403106.981652,TEACHING_MODE,NORMAL,START_RECORDING,REACH_TARGET_POS_SUCCESSFULLY,0.03309144261781249,-0.6754424205218056,0.06096435077216193,-0.028431413514987628,1.5290131445021524,-0.663294928927925,0.3377386635534227,0.37307799999999997,0.01315,0.562755,-3.0625990516445296,-0.1883035729976682,-0.2974913710024335
574,2026-09-26T06:11:47.032+00:00,28.75,1790403107.0285563,1790403107.0180175,1790403107.0314496,TEACHING_MODE,NORMAL,START_RECORDING,REACH_TARGET_POS_SUCCESSFULLY,0.03309144261781249,-0.6755995001544851,0.06096435077216193,-0.039706240482871,1.5290131445021524,-0.663294928927925,0.3377386635534227,0.374498,0.013318,0.561345,-3.0655312047878804,-0.18104300330937179,-0.2966536129614762
575,2026-09-26T06:11:47.082+00:00,28.8,1790403107.0805595,1790403107.0775568,1790403107.0807586,TEACHING_MODE,NORMAL,START_RECORDING,REACH_TARGET_POS_SUCCESSFULLY,0.03309144261781249,-0.6755995001544851,0.06096435077216193,-0.054244833151983765,1.5290131445021524,-0.663294928927925,0.3377386635534227,0.377357,0.013656,0.558445,-3.0714129643671013,-0.16638223759261941,-0.2950304567571215
576,2026-09-26T06:11:47.132+00:00,28.85,1790403107.1284482,1790403107.1174507,1790403107.1301386,TEACHING_MODE,NORMAL,START_RECORDING,REACH_TARGET_POS_SUCCESSFULLY,0.03300417615521277,-0.6755995001544851,0.06096435077216193,-0.07522369076095561,1.5290131445021524,-0.663294928927925,0.3377386635534227,0.38032499999999997,0.014015,0.555326,-3.077661243089241,-0.1506917276171904,-0.29340730055276676
577,2026-09-26T06:11:47.182+00:00,28.9,1790403107.1801343,1790403107.1776943,1790403107.180652,TEACHING_MODE,NORMAL,START_RECORDING,REACH_TARGET_POS_SUCCESSFULLY,0.03307398932529255,-0.6755995001544851,0.06096435077216193,-0.09532988374393027,1.5290131445021524,-0.663294928927925,0.3377386635534227,0.384897,0.014572,0.550308,-3.087435086900409,-0.12594295882391082,-0.29105110606257445
578,2026-09-26T06:11:47.232+00:00,28.95,1790403107.2284958,1790403107.2178934,1790403107.2300966,TEACHING_MODE,NORMAL,START_RECORDING,REACH_TARGET_POS_SUCCESSFULLY,0.03314380249537232,-0.6756867666170847,0.06096435077216193,-0.12089895728564722,1.5290131445021524,-0.6631902091728052,0.3377386635534227,0.388107,0.015025,0.5466179999999999,-3.0943989506158665,-0.10821041362364843,-0.2893755899806599
579,2026-09-26T06:11:47.282+00:00,29.0,1790403107.2806547,1790403107.2778907,1790403107.2808511,TEACHING_MODE,NORMAL,START_RECORDING,REACH_TARGET_POS_SUCCESSFULLY,0.03307398932529255,-0.6757216732021246,0.06096435077216193,-0.1472185224057217,1.5290131445021524,-0.6631902091728052,0.3377386635534227,0.393478,0.015653999999999998,0.540122,-3.106284642821948,-0.07757988525114795,-0.287159021830627
580,2026-09-26T06:11:47.332+00:00,29.05,1790403107.3289733,1790403107.3184404,1790403107.330235,TEACHING_MODE,NORMAL,START_RECORDING,REACH_TARGET_POS_SUCCESSFULLY,0.03307398932529255,-0.6757216732021246,0.06096435077216193,-0.1721767307092406,1.5290131445021524,-0.6631902091728052,0.3377386635534227,0.396389,0.016031999999999998,0.5364019999999999,-3.1129343472720463,-0.06033603224144397,-0.2859896512317908
581,2026-09-26T06:11:47.383+00:00,29.1,1790403107.3797207,1790403107.378146,1790403107.38288,TEACHING_MODE,NORMAL,START_RECORDING,REACH_TARGET_POS_SUCCESSFULLY,0.03314380249537232,-0.6757216732021246,0.06096435077216193,-0.19430750562452873,1.5290131445021524,-0.6631902091728052,0.3377386635534227,0.400364,0.016581,0.531083,-3.1222544054776957,-0.03605850234620284,-0.2844886680750757
582,2026-09-26T06:11:47.432+00:00,29.15,1790403107.4288266,1790403107.4175012,1790403107.4311833,TEACHING_MODE,NORMAL,START_RECORDING,REACH_TARGET_POS_SUCCESSFULLY,0.034540065896967787,-0.6757740330796845,0.06096435077216193,-0.2089333647562412,1.5290131445021524,-0.6631902091728052,0.3377386635534227,0.402404,0.016961,0.528237,-3.12712387409076,-0.023317598806644243,-0.2835636435715187
583,2026-09-26T06:11:47.482+00:00,29.2,1790403107.4795098,1790403107.478108,1790403107.481453,TEACHING_MODE,NORMAL,START_RECORDING,REACH_TARGET_POS_SUCCESSFULLY,0.04324925886441949,-0.6758089396647244,0.06096435077216193,-0.21996384562884536,1.5290131445021524,-0.6631902091728052,0.3377386635534227,0.404121,0.0212,0.525501,-3.131766449901065,-0.01111774733520388,-0.27314402793711257
584,2026-09-26T06:11:47.532+00:00,29.25,1790403107.5288064,1790403107.5178418,1790403107.5303864,TEACHING_MODE,NORMAL,START_RECORDING,REACH_TARGET_POS_SUCCESSFULLY,0.0602662190713642,-0.6758089396647244,0.06096435077216193,-0.22952824992977428,1.5290131445021524,-0.6631902091728052,0.3377386635534227,0.405155,0.02599,0.5235879999999999,-3.1349778557247348,-0.0026878070480712674,-0.26143286865623067
585,2026-09-26T06:11:47.582+00:00,29.3,1790403107.5802245,1790403107.5774956,1790403107.5820267,TEACHING_MODE,NORMAL,START_RECORDING,REACH_TARGET_POS_SUCCESSFULLY,0.08669050394655836,-0.6758089396647244,0.060894537602082154,-0.2304183678482914,1.5290131445021524,-0.6631902091728052,0.3377386635534227,0.40453999999999996,0.039050999999999995,0.5229469999999999,-3.136094866446011,0.00010471975511965978,-0.22928390383449507
586,2026-09-26T06:11:47.632+00:00,29.35,1790403107.6284952,1790403107.6173337,1790403107.6317377,TEACHING_MODE,NORMAL,START_RECORDING,REACH_TARGET_POS_SUCCESSFULLY,0.12896237842986102,-0.6758089396647244,0.06084217772452233,-0.23012166187545235,1.5290131445021524,-0.6631902091728052,0.3377386635534227,0.403084,0.051635999999999994,0.52301,-3.1360250532759313,-0.00017453292519943296,-0.19814722997891623
587,2026-09-26T06:11:47.682+00:00,29.4,1790403107.6784992,1790403107.6775,1790403107.6807437,TEACHING_MODE,NORMAL,START_RECORDING,REACH_TARGET_POS_SUCCESSFULLY,0.16790067404185452,-0.6758089396647244,0.06061528492176306,-0.22999948882781276,1.5290131445021524,-0.6631902091728052,0.3377386635534227,0.40037599999999995,0.06948399999999999,0.523036,-3.136112319738531,-0.0003316125578789226,-0.15385077356330015
588,2026-09-26T06:11:47.732+00:00,29.45,1790403107.7285,1790403107.7175725,1790403107.7314558,TEACHING_MODE,NORMAL,START_RECORDING,REACH_TARGET_POS_SUCCESSFULLY,0.2014808088502254,-0.6758089396647244,0.059637900540646244,-0.22991222236521303,1.5289084247470328,-0.6631902091728052,0.3377386635534227,0.398068,0.081616,0.523054,-3.1362519460786906,-0.00047123889803846896,-0.12360421762623841
589,2026-09-26T06:11:47.783+00:00,29.5,1790403107.7806432,1790403107.7779398,1790403107.7751014,TEACHING_MODE,NORMAL,START_RECORDING,REACH_TARGET_POS_SUCCESSFULLY,0.22725932190218168,-0.6758089396647244,0.0578053048260522,-0.22991222236521303,1.5289084247470328,-0.6631902091728052,0.3377386635534227,0.395401,0.09371499999999999,0.5230469999999999,-3.1378227424054854,-0.0009773843811168245,-0.09468411192069237
590,2026-09-26T06:11:47.832+00:00,29.55,1790403107.8284576,1790403107.8181696,1790403107.83114,TEACHING_MODE,NORMAL,START_RECORDING,REACH_TARGET_POS_SUCCESSFULLY,0.24741787476271615,-0.6758089396647244,0.0578053048260522,-0.22991222236521303,1.5289084247470328,-0.6631902091728052,0.3377386635534227,0.39358699999999996,0.101061,0.5230469999999999,-3.1378227424054854,-0.0009773843811168245,-0.07606144880191287
591,2026-09-26T06:11:47.882+00:00,29.6,1790403107.8784544,1790403107.8774116,1790403107.880145,TEACHING_MODE,NORMAL,START_RECORDING,REACH_TARGET_POS_SUCCESSFULLY,0.2633178242483845,-0.6757391264946445,0.0578053048260522,-0.2297725960250535,1.5289084247470328,-0.6631902091728052,0.3378084767235025,0.39134399999999997,0.109262,0.523103,-3.137752929235406,-0.0011693705988362008,-0.05522221753310059
592,2026-09-26T06:11:47.932+00:00,29.65,1790403107.928897,1790403107.9178283,1790403107.930338,TEACHING_MODE,NORMAL,START_RECORDING,REACH_TARGET_POS_SUCCESSFULLY,0.2762332607131425,-0.6755471402769252,0.05721189288037412,-0.22766074763014035,1.5288037049919132,-0.6631902091728052,0.3378084767235025,0.39031,0.11214299999999999,0.523382,-3.1374736765550866,-0.002286381320112572,-0.047804568212124685
593,2026-09-26T06:11:47.982+00:00,29.7,1790403107.978984,1790403107.9779177,1790403107.974988,TEACHING_MODE,NORMAL,START_RECORDING,REACH_TARGET_POS_SUCCESSFULLY,0.28658306317746896,-0.674709382235968,0.04982915014443811,-0.22263419938439669,1.5286989852367936,-0.6631902091728052,0.3378084767235025,0.387708,0.116753,0.52501,-3.1397076979976393,-0.010419615634406148,-0.0398284135305106
594,2026-09-26T06:11:48.032+00:00,29.75,1790403108.028545,1790403108.0175571,1790403108.030101,TEACHING_MODE,NORMAL,START_RECORDING,REACH_TARGET_POS_SUCCESSFULLY,0.2983465823359107,-0.6739763439501303,0.031171580440618726,-0.2079559803751244,1.5285768121891539,-0.6631902091728052,0.3378084767235025,0.38536299999999996,0.11903599999999999,0.527235,3.1394284453173205,-0.022689280275926284,-0.0404741853537485
595,2026-09-26T06:11:48.083+00:00,29.8,1790403108.078987,1790403108.0779767,1790403108.0800743,TEACHING_MODE,NORMAL,START_RECORDING,REACH_TARGET_POS_SUCCESSFULLY,0.3122219498892656,-0.6699446333780233,0.007190756518216638,-0.1909564734606996,1.5285768121891539,-0.6631902091728052,0.3378084767235025,0.37967799999999996,0.12161999999999999,0.533068,3.1325169414794223,-0.05071926806295522,-0.04584979944989104
596,2026-09-26T06:11:48.132+00:00,29.85,1790403108.1284435,1790403108.1176348,1790403108.130208,TEACHING_MODE,NORMAL,START_RECORDING,REACH_TARGET_POS_SUCCESSFULLY,0.3280869927898941,-0.6577622351991029,-0.014678219009272311,-0.180676484166453,1.5285768121891539,-0.6631902091728052,0.3378084767235025,0.373592,0.124279,0.5385409999999999,3.126495555560042,-0.07314674895108235,-0.04796164784480418
597,2026-09-26T06:11:48.183+00:00,29.9,1790403108.178571,1790403108.1773498,1790403108.1828122,TEACHING_MODE,NORMAL,START_RECORDING,REACH_TARGET_POS_SUCCESSFULLY,0.35742597751591876,-0.6400820498764004,-0.040805797911627424,-0.17957692673769657,1.5285768121891539,-0.6631902091728052,0.3378084767235025,0.36256099999999997,0.131791,0.546354,3.1177689093000702,-0.09976302004399588,-0.03822271061867582
598,2026-09-26T06:11:48.232+00:00,29.95,1790403108.228589,1790403108.2174175,1790403108.2300038,TEACHING_MODE,NORMAL,START_RECORDING,REACH_TARGET_POS_SUCCESSFULLY,0.38456584738443056,-0.6218433591930597,-0.06754424205218056,-0.17957692673769657,1.5285768121891539,-0.6631902091728052,0.3378084767235025,0.35337599999999997,0.134898,0.553331,3.1147843962791604,-0.12075933094548767,-0.033492868345771185
