time_utc,can_id,data_hex
2026-09-25T16:47:07.578477+00:00,0x2A5,00000FCFFFFF7C97
2026-09-25T16:47:07.578722+00:00,0x2A6,00000630FFFFC076
2026-09-25T16:47:07.578944+00:00,0x2A7,FFFFFB28000024EE
2026-09-25T16:47:07.579125+00:00,0x2A9,FFFF949D00000000
2026-09-25T16:47:07.581224+00:00,0x2A1,0100020000000000
2026-09-25T16:47:07.583548+00:00,0x2A5,00000FCFFFFF7C97
2026-09-25T16:47:07.583851+00:00,0x2A6,00000630FFFFC076
2026-09-25T16:47:07.584015+00:00,0x2A7,FFFFFB28000024EE
2026-09-25T16:47:07.584302+00:00,0x2A9,FFFF949D00000000
2026-09-25T16:47:07.587015+00:00,0x2A1,0100020000000000
2026-09-25T16:47:07.589259+00:00,0x2A5,00000FCFFFFF7C97
2026-09-25T16:47:07.589490+00:00,0x2A6,00000630FFFFC076
2026-09-25T16:47:07.589875+00:00,0x2A7,FFFFFB28000024EE
2026-09-25T16:47:07.590015+00:00,0x2A9,FFFF949D00000000
2026-09-25T16:47:07.591327+00:00,0x2A1,0100020000000000
2026-09-25T16:47:07.594083+00:00,0x2A5,00000FCFFFFF7C97
2026-09-25T16:47:07.594301+00:00,0x2A6,00000630FFFFC076
2026-09-25T16:47:07.594538+00:00,0x2A7,FFFFFB28000024EE
2026-09-25T16:47:07.594851+00:00,0x2A9,FFFF949D00000000
2026-09-25T16:47:07.596276+00:00,0x2A1,0100020000000000
2026-09-25T16:47:07.598390+00:00,0x2A5,00000FCFFFFF7C97
2026-09-25T16:47:07.598592+00:00,0x2A6,00000630FFFFC076
2026-09-25T16:47:07.598876+00:00,0x2A7,FFFFFB28000024EE
2026-09-25T16:47:07.599078+00:00,0x2A9,FFFF949D00000000
2026-09-25T16:47:07.601264+00:00,0x2A1,0100020000000000
2026-09-25T16:47:07.603569+00:00,0x2A5,00000FCFFFFF7C97
2026-09-25T16:47:07.603852+00:00,0x2A6,00000630FFFFC076
2026-09-25T16:47:07.604014+00:00,0x2A7,FFFFFB28000024EE
2026-09-25T16:47:07.604258+00:00,0x2A9,FFFF949D00000000
2026-09-25T16:47:07.606942+00:00,0x2A1,0100020000000000
2026-09-25T16:47:07.609569+00:00,0x2A5,00000FCFFFFF7C97
2026-09-25T16:47:07.609852+00:00,0x2A6,00000630FFFFC076
2026-09-25T16:47:07.609971+00:00,0x2A7,FFFFFB28000024EE
2026-09-25T16:47:07.610215+00:00,0x2A9,FFFF949D00000000
2026-09-25T16:47:07.611263+00:00,0x2A1,0100020000000000
2026-09-25T16:47:07.613323+00:00,0x2A5,00000FCFFFFF7C97
2026-09-25T16:47:07.613569+00:00,0x2A6,00000630FFFFC076
2026-09-25T16:47:07.613853+00:00,0x2A7,FFFFFB28000024EE
2026-09-25T16:47:07.613971+00:00,0x2A9,FFFF949D00000000
2026-09-25T16:47:07.616220+00:00,0x2A1,0100020000000000
2026-09-25T16:47:07.618490+00:00,0x2A5,00000FCFFFFF7C97
2026-09-25T16:47:07.618845+00:00,0x2A6,00000630FFFFC076
2026-09-25T16:47:07.618943+00:00,0x2A7,FFFFFB28000024EE
2026-09-25T16:47:07.619172+00:00,0x2A9,FFFF949D00000000
2026-09-25T16:47:07.621220+00:00,0x2A1,0100020000000000
2026-09-25T16:47:07.623412+00:00,0x2A5,00000FCFFFFF7C97
2026-09-25T16:47:07.623656+00:00,0x2A6,00000630FFFFC076
2026-09-25T16:47:07.623875+00:00,0x2A7,FFFFFB28000024EE
2026-09-25T16:47:07.624078+00:00,0x2A9,FFFF949D00000000
2026-09-25T16:47:07.626943+00:00,0x2A1,0100020000000000
2026-09-25T16:47:07.629121+00:00,0x2A5,00000FCFFFFF7C97
2026-09-25T16:47:07.629390+00:00,0x2A6,00000630FFFFC076
2026-09-25T16:47:07.629584+00:00,0x2A7,FFFFFB28000024EE
2026-09-25T16:47:07.629932+00:00,0x2A9,FFFF949D00000000
2026-09-25T16:47:07.631279+00:00,0x2A1,0100020000000000
2026-09-25T16:47:07.633503+00:00,0x2A5,00000FCFFFFF7C97
2026-09-25T16:47:07.633699+00:00,0x2A6,00000630FFFFC076
2026-09-25T16:47:07.633967+00:00,0x2A7,FFFFFB28000024EE
2026-09-25T16:47:07.634136+00:00,0x2A9,FFFF949D00000000
2026-09-25T16:47:07.636429+00:00,0x2A1,0100020000000000
2026-09-25T16:47:07.639763+00:00,0x2A5,00000FCFFFFF7C97
2026-09-25T16:47:07.639986+00:00,0x2A6,00000630FFFFC076
2026-09-25T16:47:07.640409+00:00,0x2A7,FFFFFB28000024EE
2026-09-25T16:47:07.640531+00:00,0x2A9,FFFF949D00000000
2026-09-25T16:47:07.641347+00:00,0x2A1,0100020000000000
2026-09-25T16:47:07.643971+00:00,0x2A5,00000FCFFFFF7C97
2026-09-25T16:47:07.644258+00:00,0x2A6,00000630FFFFC076
2026-09-25T16:47:07.644509+00:00,0x2A7,FFFFFB28000024EE
2026-09-25T16:47:07.644856+00:00,0x2A9,FFFF949D00000000
2026-09-25T16:47:07.647460+00:00,0x2A1,0100020000000000
2026-09-25T16:47:07.650258+00:00,0x2A5,00000FCFFFFF7C97
2026-09-25T16:47:07.650490+00:00,0x2A6,00000630FFFFC076
2026-09-25T16:47:07.650698+00:00,0x2A7,FFFFFB28000024EE
2026-09-25T16:47:07.650944+00:00,0x2A9,FFFF949F00000000
2026-09-25T16:47:07.651258+00:00,0x2A1,0100020000000000
2026-09-25T16:47:07.653613+00:00,0x2A5,00000FCFFFFF7C97
2026-09-25T16:47:07.653965+00:00,0x2A6,00000630FFFFC076
2026-09-25T16:47:07.654124+00:00,0x2A7,FFFFFB28000024EE
2026-09-25T16:47:07.654366+00:00,0x2A9,FFFF949F00000000
2026-09-25T16:47:07.656220+00:00,0x2A1,0100020000000000
2026-09-25T16:47:07.658539+00:00,0x2A5,00000FCFFFFF7C97
2026-09-25T16:47:07.658851+00:00,0x2A6,00000630FFFFC076
2026-09-25T16:47:07.658972+00:00,0x2A7,FFFFFB28000024EE
2026-09-25T16:47:07.659215+00:00,0x2A9,FFFF949F00000000
2026-09-25T16:47:07.661220+00:00,0x2A1,0100020000000000
2026-09-25T16:47:07.663548+00:00,0x2A5,00000FCFFFFF7C97
2026-09-25T16:47:07.663851+00:00,0x2A6,00000630FFFFC076
2026-09-25T16:47:07.663972+00:00,0x2A7,FFFFFB28000024EE
2026-09-25T16:47:07.664172+00:00,0x2A9,FFFF949F00000000
2026-09-25T16:47:07.667434+00:00,0x2A1,0100020000000000
2026-09-25T16:47:07.670151+00:00,0x2A5,00000FCFFFFF7C97
2026-09-25T16:47:07.670347+00:00,0x2A6,00000630FFFFC076
2026-09-25T16:47:07.670595+00:00,0x2A7,FFFFFB28000024EE
2026-09-25T16:47:07.670841+00:00,0x2A9,FFFF949F00000000
2026-09-25T16:47:07.671242+00:00,0x2A1,0100020000000000
2026-09-25T16:47:07.673456+00:00,0x2A5,00000FCFFFFF7C97
2026-09-25T16:47:07.673656+00:00,0x2A6,00000630FFFFC076
2026-09-25T16:47:07.673907+00:00,0x2A7,FFFFFB28000024EE
2026-09-25T16:47:07.674151+00:00,0x2A9,FFFF949F00000000
2026-09-25T16:47:07.676226+00:00,0x2A1,0100020000000000
2026-09-25T16:47:07.678324+00:00,0x2A5,00000FCFFFFF7C97
2026-09-25T16:47:07.678683+00:00,0x2A6,00000630FFFFC076
2026-09-25T16:47:07.678907+00:00,0x2A7,FFFFFB28000024EE
2026-09-25T16:47:07.679152+00:00,0x2A9,FFFF949F00000000
2026-09-25T16:47:07.681224+00:00,0x2A1,0100020000000000
2026-09-25T16:47:07.683348+00:00,0x2A5,00000FCFFFFF7C97
2026-09-25T16:47:07.683595+00:00,0x2A6,00000630FFFFC076
2026-09-25T16:47:07.683841+00:00,0x2A7,FFFFFB28000024EE
2026-09-25T16:47:07.684037+00:00,0x2A9,FFFF949F00000000
2026-09-25T16:47:07.687058+00:00,0x2A1,0100020000000000
2026-09-25T16:47:07.689896+00:00,0x2A5,00000FCFFFFF7C97
2026-09-25T16:47:07.690152+00:00,0x2A6,00000630FFFFC076
2026-09-25T16:47:07.690392+00:00,0x2A7,FFFFFB28000024EE
2026-09-25T16:47:07.690637+00:00,0x2A9,FFFF949F00000000
2026-09-25T16:47:07.691850+00:00,0x2A1,0100020000000000
2026-09-25T16:47:07.694016+00:00,0x2A5,00000FCFFFFF7C97
2026-09-25T16:47:07.694303+00:00,0x2A6,00000630FFFFC076
2026-09-25T16:47:07.694548+00:00,0x2A7,FFFFFB28000024EE
2026-09-25T16:47:07.694832+00:00,0x2A9,FFFF949F00000000
2026-09-25T16:47:07.696279+00:00,0x2A1,0100020000000000
2026-09-25T16:47:07.697210+00:00,0x2A5,00000FCFFFFF7C97
2026-09-25T16:47:07.697604+00:00,0x2A6,00000630FFFFC076
2026-09-25T16:47:07.697915+00:00,0x2A7,FFFFFB28000024EE
2026-09-25T16:47:07.698200+00:00,0x2A9,FFFF949F00000000
2026-09-25T16:47:07.701265+00:00,0x2A1,0100020000000000
2026-09-25T16:47:07.703436+00:00,0x2A5,00000FCFFFFF7C97
2026-09-25T16:47:07.703681+00:00,0x2A6,00000630FFFFC076
2026-09-25T16:47:07.703952+00:00,0x2A7,FFFFFB28000024EE
2026-09-25T16:47:07.704153+00:00,0x2A9,FFFF949F00000000
2026-09-25T16:47:07.707724+00:00,0x2A1,0100020000000000
2026-09-25T16:47:07.708908+00:00,0x2A5,00000FCFFFFF7C97
2026-09-25T16:47:07.709105+00:00,0x2A6,00000630FFFFC076
2026-09-25T16:47:07.709347+00:00,0x2A7,FFFFFB28000024EE
2026-09-25T16:47:07.709541+00:00,0x2A9,FFFF949F00000000
2026-09-25T16:47:07.711393+00:00,0x2A1,0100020000000000
2026-09-25T16:47:07.713542+00:00,0x2A5,00000FCFFFFF7C97
2026-09-25T16:47:07.713832+00:00,0x2A6,00000630FFFFC076
2026-09-25T16:47:07.713995+00:00,0x2A7,FFFFFB28000024EE
2026-09-25T16:47:07.714196+00:00,0x2A9,FFFF949F00000000
2026-09-25T16:47:07.716206+00:00,0x2A1,0100020000000000
2026-09-25T16:47:07.718393+00:00,0x2A5,00000FCFFFFF7C97
2026-09-25T16:47:07.718595+00:00,0x2A6,00000630FFFFC076
2026-09-25T16:47:07.718835+00:00,0x2A7,FFFFFB28000024EE
2026-09-25T16:47:07.719038+00:00,0x2A9,FFFF949F00000000
2026-09-25T16:47:07.721270+00:00,0x2A1,0100020000000000
2026-09-25T16:47:07.723473+00:00,0x2A5,00000FCFFFFF7C97
2026-09-25T16:47:07.723724+00:00,0x2A6,00000630FFFFC076
2026-09-25T16:47:07.723952+00:00,0x2A7,FFFFFB28000024EE
2026-09-25T16:47:07.724153+00:00,0x2A9,FFFF949F00000000
2026-09-25T16:47:07.727263+00:00,0x2A1,0100020000000000
2026-09-25T16:47:07.729995+00:00,0x2A5,00000FCFFFFF7C97
2026-09-25T16:47:07.730196+00:00,0x2A6,00000630FFFFC076
2026-09-25T16:47:07.730393+00:00,0x2A7,FFFFFB28000024EE
2026-09-25T16:47:07.730638+00:00,0x2A9,FFFF949F00000000
2026-09-25T16:47:07.731278+00:00,0x2A1,0100020000000000
2026-09-25T16:47:07.733492+00:00,0x2A5,00000FCFFFFF7C97
2026-09-25T16:47:07.733705+00:00,0x2A6,00000630FFFFC076
2026-09-25T16:47:07.733952+00:00,0x2A7,FFFFFB28000024EE
2026-09-25T16:47:07.734153+00:00,0x2A9,FFFF949F00000000
2026-09-25T16:47:07.736225+00:00,0x2A1,0100020000000000
2026-09-25T16:47:07.738282+00:00,0x2A5,00000FCFFFFF7C97
2026-09-25T16:47:07.738479+00:00,0x2A6,00000630FFFFC076
2026-09-25T16:47:07.738724+00:00,0x2A7,FFFFFB28000024EE
2026-09-25T16:47:07.738951+00:00,0x2A9,FFFF949F00000000
2026-09-25T16:47:07.741283+00:00,0x2A1,0100020000000000
2026-09-25T16:47:07.742936+00:00,0x2A5,00000FCFFFFF7C97
2026-09-25T16:47:07.745045+00:00,0x2A6,00000630FFFFC076
2026-09-25T16:47:07.745520+00:00,0x2A7,FFFFFB28000024EE
2026-09-25T16:47:07.745857+00:00,0x2A9,FFFF949F00000000
2026-09-25T16:47:07.748239+00:00,0x2A1,0100020000000000
2026-09-25T16:47:07.749475+00:00,0x2A5,00000FCFFFFF7C97
2026-09-25T16:47:07.749951+00:00,0x2A6,00000630FFFFC076
2026-09-25T16:47:07.750479+00:00,0x2A7,FFFFFB28000024EE
2026-09-25T16:47:07.750952+00:00,0x2A9,FFFF949F00000000
2026-09-25T16:47:07.752852+00:00,0x2A1,0100020000000000
2026-09-25T16:47:07.754994+00:00,0x2A5,00000FCFFFFF7C97
2026-09-25T16:47:07.755179+00:00,0x2A6,00000630FFFFC076
2026-09-25T16:47:07.755436+00:00,0x2A7,FFFFFB28000024EE
2026-09-25T16:47:07.755681+00:00,0x2A9,FFFF949F00000000
2026-09-25T16:47:07.756262+00:00,0x2A1,0100020000000000
2026-09-25T16:47:07.758550+00:00,0x2A5,00000FCFFFFF7C97
2026-09-25T16:47:07.758832+00:00,0x2A6,00000630FFFFC076
2026-09-25T16:47:07.759038+00:00,0x2A7,FFFFFB28000024EE
2026-09-25T16:47:07.759239+00:00,0x2A9,FFFF949F00000000
2026-09-25T16:47:07.761933+00:00,0x2A1,0100020000000000
2026-09-25T16:47:07.763833+00:00,0x2A5,00000FCFFFFF7C97
2026-09-25T16:47:07.764039+00:00,0x2A6,00000630FFFFC076
2026-09-25T16:47:07.764240+00:00,0x2A7,FFFFFB28000024EE
2026-09-25T16:47:07.764471+00:00,0x2A9,FFFF949F00000000
2026-09-25T16:47:07.767564+00:00,0x2A1,0100020000000000
2026-09-25T16:47:07.769546+00:00,0x2A5,00000FCFFFFF7C97
2026-09-25T16:47:07.769843+00:00,0x2A6,00000630FFFFC076
2026-09-25T16:47:07.770039+00:00,0x2A7,FFFFFB28000024EE
2026-09-25T16:47:07.770239+00:00,0x2A9,FFFF949F00000000
2026-09-25T16:47:07.771307+00:00,0x2A1,0100020000000000
2026-09-25T16:47:07.773394+00:00,0x2A5,00000FCFFFFF7C97
2026-09-25T16:47:07.773595+00:00,0x2A6,00000630FFFFC076
2026-09-25T16:47:07.773834+00:00,0x2A7,FFFFFB28000024EE
2026-09-25T16:47:07.774079+00:00,0x2A9,FFFF949F00000000
2026-09-25T16:47:07.776268+00:00,0x2A1,0100020000000000
2026-09-25T16:47:07.778435+00:00,0x2A5,00000FCFFFFF7C97
2026-09-25T16:47:07.778638+00:00,0x2A6,00000630FFFFC076
2026-09-25T16:47:07.778908+00:00,0x2A7,FFFFFB28000024EE
2026-09-25T16:47:07.779104+00:00,0x2A9,FFFF949F00000000
2026-09-25T16:47:07.781242+00:00,0x2A1,0100020000000000
2026-09-25T16:47:07.783345+00:00,0x2A5,00000FCFFFFF7C97
2026-09-25T16:47:07.783541+00:00,0x2A6,00000630FFFFC076
2026-09-25T16:47:07.783830+00:00,0x2A7,FFFFFB28000024EE
2026-09-25T16:47:07.783993+00:00,0x2A9,FFFF949F00000000
2026-09-25T16:47:07.787519+00:00,0x2A1,0100020000000000
2026-09-25T16:47:07.789492+00:00,0x2A5,00000FCFFFFF7C97
2026-09-25T16:47:07.789830+00:00,0x2A6,00000630FFFFC076
2026-09-25T16:47:07.789951+00:00,0x2A7,FFFFFB28000024EE
2026-09-25T16:47:07.790153+00:00,0x2A9,FFFF949F00000000
2026-09-25T16:47:07.791224+00:00,0x2A1,0100020000000000
2026-09-25T16:47:07.793436+00:00,0x2A5,00000FCFFFFF7C97
2026-09-25T16:47:07.793638+00:00,0x2A6,00000630FFFFC076
2026-09-25T16:47:07.793882+00:00,0x2A7,FFFFFB28000024EE
2026-09-25T16:47:07.794101+00:00,0x2A9,FFFF949F00000000
2026-09-25T16:47:07.796313+00:00,0x2A1,0100020000000000
2026-09-25T16:47:07.798911+00:00,0x2A5,00000FCFFFFF7C97
2026-09-25T16:47:07.799154+00:00,0x2A6,00000630FFFFC076
2026-09-25T16:47:07.799394+00:00,0x2A7,FFFFFB28000024EE
2026-09-25T16:47:07.799596+00:00,0x2A9,FFFF949F00000000
2026-09-25T16:47:07.801301+00:00,0x2A1,0100020000000000
2026-09-25T16:47:07.803855+00:00,0x2A5,00000FCFFFFF7C97
2026-09-25T16:47:07.804102+00:00,0x2A6,00000630FFFFC076
2026-09-25T16:47:07.804347+00:00,0x2A7,FFFFFB28000024EE
2026-09-25T16:47:07.804541+00:00,0x2A9,FFFF949F00000000
2026-09-25T16:47:07.808081+00:00,0x2A1,0100020000000000
2026-09-25T16:47:07.808325+00:00,0x2A5,00000FCFFFFF7C97
2026-09-25T16:47:07.808572+00:00,0x2A6,00000630FFFFC076
2026-09-25T16:47:07.808834+00:00,0x2A7,FFFFFB28000024EE
2026-09-25T16:47:07.809039+00:00,0x2A9,FFFF949F00000000
2026-09-25T16:47:07.811857+00:00,0x2A1,0100020000000000
2026-09-25T16:47:07.813844+00:00,0x2A5,00000FCFFFFF7C97
2026-09-25T16:47:07.814039+00:00,0x2A6,00000630FFFFC076
2026-09-25T16:47:07.814240+00:00,0x2A7,FFFFFB28000024EE
2026-09-25T16:47:07.814477+00:00,0x2A9,FFFF949F00000000
2026-09-25T16:47:07.816268+00:00,0x2A1,0100020000000000
2026-09-25T16:47:07.818304+00:00,0x2A5,00000FCFFFFF7C97
2026-09-25T16:47:07.818493+00:00,0x2A6,00000630FFFFC076
2026-09-25T16:47:07.818854+00:00,0x2A7,FFFFFB28000024EE
2026-09-25T16:47:07.818952+00:00,0x2A9,FFFF949F00000000
2026-09-25T16:47:07.821208+00:00,0x2A1,0100020000000000
2026-09-25T16:47:07.823305+00:00,0x2A5,00000FCFFFFF7C97
2026-09-25T16:47:07.823493+00:00,0x2A6,00000630FFFFC076
2026-09-25T16:47:07.823855+00:00,0x2A7,FFFFFB28000024EE
2026-09-25T16:47:07.823952+00:00,0x2A9,FFFF949F00000000
2026-09-25T16:47:07.826312+00:00,0x2A1,0100020000000000
2026-09-25T16:47:07.830354+00:00,0x2A5,00000FCFFFFF7C97
2026-09-25T16:47:07.830844+00:00,0x2A6,00000630FFFFC076
2026-09-25T16:47:07.830997+00:00,0x2A7,FFFFFB28000024EE
2026-09-25T16:47:07.831240+00:00,0x2A9,FFFF949F00000000
2026-09-25T16:47:07.831476+00:00,0x2A1,0100020000000000
2026-09-25T16:47:07.833598+00:00,0x2A5,00000FCFFFFF7C97
2026-09-25T16:47:07.833843+00:00,0x2A6,00000630FFFFC076
2026-09-25T16:47:07.834039+00:00,0x2A7,FFFFFB28000024EE
2026-09-25T16:47:07.834239+00:00,0x2A9,FFFF949F00000000
2026-09-25T16:47:07.836295+00:00,0x2A1,0100020000000000
2026-09-25T16:47:07.838393+00:00,0x2A5,00000FCFFFFF7C97
2026-09-25T16:47:07.838595+00:00,0x2A6,00000630FFFFC076
2026-09-25T16:47:07.838835+00:00,0x2A7,FFFFFB28000024EE
2026-09-25T16:47:07.839038+00:00,0x2A9,FFFF949F00000000
2026-09-25T16:47:07.841251+00:00,0x2A1,0100020000000000
2026-09-25T16:47:07.843283+00:00,0x2A5,00000FCFFFFF7C97
2026-09-25T16:47:07.843471+00:00,0x2A6,00000630FFFFC076
2026-09-25T16:47:07.843725+00:00,0x2A7,FFFFFB28000024EE
2026-09-25T16:47:07.843953+00:00,0x2A9,FFFF949F00000000
2026-09-25T16:47:07.847858+00:00,0x2A1,0100020000000000
2026-09-25T16:47:07.850081+00:00,0x2A5,00000FCFFFFF7C97
2026-09-25T16:47:07.850282+00:00,0x2A6,00000630FFFFC076
2026-09-25T16:47:07.850520+00:00,0x2A7,FFFFFB28000024EE
2026-09-25T16:47:07.850833+00:00,0x2A9,FFFF949F00000000
2026-09-25T16:47:07.851909+00:00,0x2A1,0100020000000000
2026-09-25T16:47:07.853996+00:00,0x2A5,00000FCDFFFF7C97
2026-09-25T16:47:07.854240+00:00,0x2A6,00000630FFFFC076
2026-09-25T16:47:07.854480+00:00,0x2A7,FFFFFB28000024EE
2026-09-25T16:47:07.854900+00:00,0x2A9,FFFF949F00000000
2026-09-25T16:47:07.856334+00:00,0x2A1,0100020000000000
2026-09-25T16:47:07.859029+00:00,0x2A5,00000FCDFFFF7C97
2026-09-25T16:47:07.859227+00:00,0x2A6,00000630FFFFC076
2026-09-25T16:47:07.859465+00:00,0x2A7,FFFFFB28000024EE
2026-09-25T16:47:07.859830+00:00,0x2A9,FFFF949F00000000
2026-09-25T16:47:07.861284+00:00,0x2A1,0100020000000000
2026-09-25T16:47:07.863437+00:00,0x2A5,00000FCBFFFF7C97
2026-09-25T16:47:07.863953+00:00,0x2A6,00000630FFFFC076
2026-09-25T16:47:07.864154+00:00,0x2A7,FFFFFB28000024EE
2026-09-25T16:47:07.864394+00:00,0x2A9,FFFF949F00000000
2026-09-25T16:47:07.866269+00:00,0x2A1,0100020000000000
2026-09-25T16:47:07.870573+00:00,0x2A5,00000FCFFFFF7C97
2026-09-25T16:47:07.870834+00:00,0x2A6,00000630FFFFC076
2026-09-25T16:47:07.871039+00:00,0x2A7,FFFFFB28000024EE
2026-09-25T16:47:07.871283+00:00,0x2A9,FFFF949F00000000
2026-09-25T16:47:07.871521+00:00,0x2A1,0100020000000000
2026-09-25T16:47:07.873596+00:00,0x2A5,00000FCFFFFF7C97
2026-09-25T16:47:07.873836+00:00,0x2A6,00000630FFFFC076
2026-09-25T16:47:07.874039+00:00,0x2A7,FFFFFB28000024EE
2026-09-25T16:47:07.874240+00:00,0x2A9,FFFF949F00000000
2026-09-25T16:47:07.876270+00:00,0x2A1,0100020000000000
2026-09-25T16:47:07.878573+00:00,0x2A5,00000FCBFFFF7C97
2026-09-25T16:47:07.878835+00:00,0x2A6,00000630FFFFC076
2026-09-25T16:47:07.878996+00:00,0x2A7,FFFFFB28000024EE
2026-09-25T16:47:07.879197+00:00,0x2A9,FFFF949F00000000
2026-09-25T16:47:07.881238+00:00,0x2A1,0100020000000000
2026-09-25T16:47:07.883542+00:00,0x2A5,00000FD0FFFF7C97
2026-09-25T16:47:07.883833+00:00,0x2A6,00000630FFFFC076
2026-09-25T16:47:07.884039+00:00,0x2A7,FFFFFB28000024EE
2026-09-25T16:47:07.884240+00:00,0x2A9,FFFF949F00000000
2026-09-25T16:47:07.888404+00:00,0x2A1,0100020000000000
2026-09-25T16:47:07.891103+00:00,0x2A5,00000FCBFFFF7C97
2026-09-25T16:47:07.891349+00:00,0x2A6,00000630FFFFC076
2026-09-25T16:47:07.891594+00:00,0x2A7,FFFFFB28000024EE
2026-09-25T16:47:07.891856+00:00,0x2A9,FFFF949F00000000
2026-09-25T16:47:07.892061+00:00,0x2A1,0100020000000000
2026-09-25T16:47:07.894082+00:00,0x2A5,00000FCBFFFF7C97
2026-09-25T16:47:07.894283+00:00,0x2A6,00000630FFFFC076
2026-09-25T16:47:07.894521+00:00,0x2A7,FFFFFB28000024EE
2026-09-25T16:47:07.894726+00:00,0x2A9,FFFF949F00000000
2026-09-25T16:47:07.896212+00:00,0x2A1,0100020000000000
2026-09-25T16:47:07.898573+00:00,0x2A5,00000FCCFFFF7C97
2026-09-25T16:47:07.898835+00:00,0x2A6,00000630FFFFC076
2026-09-25T16:47:07.899040+00:00,0x2A7,FFFFFB28000024EE
2026-09-25T16:47:07.899240+00:00,0x2A9,FFFF949F00000000
2026-09-25T16:47:07.901643+00:00,0x2A1,0100020000000000
2026-09-25T16:47:07.903974+00:00,0x2A5,00000FCFFFFF7C97
2026-09-25T16:47:07.904218+00:00,0x2A6,00000630FFFFC076
2026-09-25T16:47:07.904458+00:00,0x2A7,FFFFFB28000024EE
2026-09-25T16:47:07.904701+00:00,0x2A9,FFFF949F00000000
2026-09-25T16:47:07.906325+00:00,0x2A1,0100020000000000
2026-09-25T16:47:07.909853+00:00,0x2A5,00000FCFFFFF7C97
2026-09-25T16:47:07.910017+00:00,0x2A6,00000630FFFFC076
2026-09-25T16:47:07.910260+00:00,0x2A7,FFFFFB28000024EE
2026-09-25T16:47:07.910541+00:00,0x2A9,FFFF949F00000000
2026-09-25T16:47:07.912973+00:00,0x2A1,0100020000000000
2026-09-25T16:47:07.913219+00:00,0x2A5,00000FCBFFFF7C97
2026-09-25T16:47:07.913488+00:00,0x2A6,00000630FFFFC076
2026-09-25T16:47:07.913838+00:00,0x2A7,FFFFFB28000024EE
2026-09-25T16:47:07.913995+00:00,0x2A9,FFFF949F00000000
2026-09-25T16:47:07.916281+00:00,0x2A1,0100020000000000
2026-09-25T16:47:07.918563+00:00,0x2A5,00000FD0FFFF7C97
2026-09-25T16:47:07.918833+00:00,0x2A6,00000630FFFFC076
2026-09-25T16:47:07.919038+00:00,0x2A7,FFFFFB28000024EE
2026-09-25T16:47:07.919238+00:00,0x2A9,FFFF949F00000000
2026-09-25T16:47:07.921222+00:00,0x2A1,0100020000000000
2026-09-25T16:47:07.923325+00:00,0x2A5,00000FCBFFFF7C97
2026-09-25T16:47:07.923520+00:00,0x2A6,00000630FFFFC076
2026-09-25T16:47:07.923832+00:00,0x2A7,FFFFFB28000024EE
2026-09-25T16:47:07.923995+00:00,0x2A9,FFFF949F00000000
2026-09-25T16:47:07.928415+00:00,0x2A1,0100020000000000
2026-09-25T16:47:07.930879+00:00,0x2A5,00000FCBFFFF7C97
2026-09-25T16:47:07.931125+00:00,0x2A6,00000630FFFFC076
2026-09-25T16:47:07.931370+00:00,0x2A7,FFFFFB28000024EE
2026-09-25T16:47:07.931616+00:00,0x2A9,FFFF949F00000000
2026-09-25T16:47:07.931878+00:00,0x2A1,0100020000000000
2026-09-25T16:47:07.933932+00:00,0x2A5,00000FCBFFFF7C97
2026-09-25T16:47:07.934128+00:00,0x2A6,00000630FFFFC076
2026-09-25T16:47:07.934370+00:00,0x2A7,FFFFFB28000024EE
2026-09-25T16:47:07.934616+00:00,0x2A9,FFFF949F00000000
2026-09-25T16:47:07.936211+00:00,0x2A1,0100020000000000
2026-09-25T16:47:07.938542+00:00,0x2A5,00000FCFFFFF7C97
2026-09-25T16:47:07.938854+00:00,0x2A6,00000630FFFFC076
2026-09-25T16:47:07.938975+00:00,0x2A7,FFFFFB28000024EE
2026-09-25T16:47:07.939219+00:00,0x2A9,FFFF949F00000000
2026-09-25T16:47:07.941227+00:00,0x2A1,0100020000000000
2026-09-25T16:47:07.943543+00:00,0x2A5,00000FCFFFFF7C97
2026-09-25T16:47:07.943855+00:00,0x2A6,00000630FFFFC076
2026-09-25T16:47:07.943976+00:00,0x2A7,FFFFFB28000024EE
2026-09-25T16:47:07.944220+00:00,0x2A9,FFFF949F00000000
2026-09-25T16:47:07.946291+00:00,0x2A1,0100020000000000
2026-09-25T16:47:07.950018+00:00,0x2A5,00000FCBFFFF7C97
2026-09-25T16:47:07.950933+00:00,0x2A6,00000630FFFFC076
2026-09-25T16:47:07.951176+00:00,0x2A7,FFFFFB28000024EE
2026-09-25T16:47:07.951414+00:00,0x2A9,FFFF949F00000000
2026-09-25T16:47:07.951659+00:00,0x2A1,0100020000000000
2026-09-25T16:47:07.953843+00:00,0x2A5,00000FCFFFFF7C97
2026-09-25T16:47:07.953996+00:00,0x2A6,00000630FFFFC076
2026-09-25T16:47:07.954239+00:00,0x2A7,FFFFFB28000024EE
2026-09-25T16:47:07.954470+00:00,0x2A9,FFFF949F00000000
2026-09-25T16:47:07.956455+00:00,0x2A1,0100020000000000
2026-09-25T16:47:07.958953+00:00,0x2A5,00000FCBFFFF7C97
2026-09-25T16:47:07.959240+00:00,0x2A6,00000630FFFFC076
2026-09-25T16:47:07.959471+00:00,0x2A7,FFFFFB28000024EE
2026-09-25T16:47:07.959724+00:00,0x2A9,FFFF949F00000000
2026-09-25T16:47:07.961343+00:00,0x2A1,0100020000000000
2026-09-25T16:47:07.963856+00:00,0x2A5,00000FCBFFFF7C97
2026-09-25T16:47:07.963995+00:00,0x2A6,00000630FFFFC076
2026-09-25T16:47:07.964239+00:00,0x2A7,FFFFFB28000024EE
2026-09-25T16:47:07.964473+00:00,0x2A9,FFFF949F00000000
2026-09-25T16:47:07.966326+00:00,0x2A1,0100020000000000
2026-09-25T16:47:07.969268+00:00,0x2A5,00000FCBFFFF7C97
2026-09-25T16:47:07.969468+00:00,0x2A6,00000630FFFFC076
2026-09-25T16:47:07.969708+00:00,0x2A7,FFFFFB28000024EE
2026-09-25T16:47:07.969952+00:00,0x2A9,FFFF949F00000000
2026-09-25T16:47:07.972952+00:00,0x2A1,0100020000000000
2026-09-25T16:47:07.974947+00:00,0x2A5,00000FCFFFFF7C97
2026-09-25T16:47:07.975127+00:00,0x2A6,00000630FFFFC076
2026-09-25T16:47:07.975369+00:00,0x2A7,FFFFFB28000024EE
2026-09-25T16:47:07.975616+00:00,0x2A9,FFFF949F00000000
2026-09-25T16:47:07.976236+00:00,0x2A1,0100020000000000
2026-09-25T16:47:07.978616+00:00,0x2A5,00000FCFFFFF7C97
2026-09-25T16:47:07.978855+00:00,0x2A6,00000630FFFFC076
2026-09-25T16:47:07.979103+00:00,0x2A7,FFFFFB28000024EE
2026-09-25T16:47:07.979305+00:00,0x2A9,FFFF949F00000000
2026-09-25T16:47:07.981226+00:00,0x2A1,0100020000000000
2026-09-25T16:47:07.983458+00:00,0x2A5,00000FCBFFFF7C97
2026-09-25T16:47:07.983702+00:00,0x2A6,00000630FFFFC076
2026-09-25T16:47:07.983957+00:00,0x2A7,FFFFFB28000024EE
2026-09-25T16:47:07.984154+00:00,0x2A9,FFFF949F00000000
2026-09-25T16:47:07.986334+00:00,0x2A1,0100020000000000
2026-09-25T16:47:07.989953+00:00,0x2A5,00000FCFFFFF7C97
2026-09-25T16:47:07.990395+00:00,0x2A6,00000630FFFFC076
2026-09-25T16:47:07.990639+00:00,0x2A7,FFFFFB28000024EE
2026-09-25T16:47:07.990879+00:00,0x2A9,FFFF949F00000000
2026-09-25T16:47:07.991859+00:00,0x2A1,0100020000000000
2026-09-25T16:47:07.993844+00:00,0x2A5,00000FCBFFFF7C97
2026-09-25T16:47:07.994040+00:00,0x2A6,00000630FFFFC076
2026-09-25T16:47:07.994240+00:00,0x2A7,FFFFFB28000024EE
2026-09-25T16:47:07.994472+00:00,0x2A9,FFFF949F00000000
2026-09-25T16:47:07.996212+00:00,0x2A1,0100020000000000
2026-09-25T16:47:07.998472+00:00,0x2A5,00000FCBFFFF7C97
2026-09-25T16:47:07.998725+00:00,0x2A6,00000630FFFFC076
2026-09-25T16:47:07.998954+00:00,0x2A7,FFFFFB28000024EE
2026-09-25T16:47:07.999155+00:00,0x2A9,FFFF949F00000000
2026-09-25T16:47:08.001205+00:00,0x2A1,0100020000000000
2026-09-25T16:47:08.003438+00:00,0x2A5,00000FCFFFFF7C97
2026-09-25T16:47:08.003640+00:00,0x2A6,00000630FFFFC076
2026-09-25T16:47:08.003910+00:00,0x2A7,FFFFFB28000024EE
2026-09-25T16:47:08.004107+00:00,0x2A9,FFFF949F00000000
2026-09-25T16:47:08.009880+00:00,0x2A1,0100020000000000
2026-09-25T16:47:08.010220+00:00,0x2A5,00000FCFFFFF7C97
2026-09-25T16:47:08.010495+00:00,0x2A6,00000630FFFFC076
2026-09-25T16:47:08.010856+00:00,0x2A7,FFFFFB28000024EE
2026-09-25T16:47:08.011040+00:00,0x2A9,FFFF949F00000000
2026-09-25T16:47:08.012105+00:00,0x2A1,0100020000000000
2026-09-25T16:47:08.014284+00:00,0x2A5,00000FCFFFFF7C97
2026-09-25T16:47:08.014522+00:00,0x2A6,00000630FFFFC076
2026-09-25T16:47:08.014859+00:00,0x2A7,FFFFFB28000024EE
2026-09-25T16:47:08.014997+00:00,0x2A9,FFFF949F00000000
2026-09-25T16:47:08.016291+00:00,0x2A1,0100020000000000
2026-09-25T16:47:08.019065+00:00,0x2A5,00000FCBFFFF7C97
2026-09-25T16:47:08.019241+00:00,0x2A6,00000636FFFFC076
2026-09-25T16:47:08.019473+00:00,0x2A7,FFFFFB28000024EE
2026-09-25T16:47:08.019833+00:00,0x2A9,FFFF949F00000000
2026-09-25T16:47:08.021388+00:00,0x2A1,0100020000000000
2026-09-25T16:47:08.023349+00:00,0x2A5,00000FD0FFFF7C97
2026-09-25T16:47:08.023543+00:00,0x2A6,00000636FFFFC076
2026-09-25T16:47:08.023914+00:00,0x2A7,FFFFFB28000024EE
2026-09-25T16:47:08.024107+00:00,0x2A9,FFFF949F00000000
2026-09-25T16:47:08.026245+00:00,0x2A1,0100020000000000
2026-09-25T16:47:08.030998+00:00,0x2A5,00000FCBFFFF7C97
2026-09-25T16:47:08.031241+00:00,0x2A6,00000636FFFFC076
2026-09-25T16:47:08.031472+00:00,0x2A7,FFFFFB28000024EE
2026-09-25T16:47:08.031726+00:00,0x2A9,FFFF949F00000000
2026-09-25T16:47:08.031997+00:00,0x2A1,0100020000000000
2026-09-25T16:47:08.034041+00:00,0x2A5,00000FCBFFFF7C97
2026-09-25T16:47:08.034283+00:00,0x2A6,00000636FFFFC076
2026-09-25T16:47:08.034481+00:00,0x2A7,FFFFFB28000024EE
2026-09-25T16:47:08.034725+00:00,0x2A9,FFFF949F00000000
2026-09-25T16:47:08.036238+00:00,0x2A1,0100020000000000
2026-09-25T16:47:08.038306+00:00,0x2A5,00000FCBFFFF7C97
2026-09-25T16:47:08.038543+00:00,0x2A6,00000636FFFFC076
2026-09-25T16:47:08.038833+00:00,0x2A7,FFFFFB28000024EE
2026-09-25T16:47:08.038996+00:00,0x2A9,FFFF949F00000000
2026-09-25T16:47:08.041300+00:00,0x2A1,0100020000000000
2026-09-25T16:47:08.043438+00:00,0x2A5,00000FCFFFFF7C97
2026-09-25T16:47:08.043683+00:00,0x2A6,00000636FFFFC076
2026-09-25T16:47:08.043910+00:00,0x2A7,FFFFFB28000024EE
2026-09-25T16:47:08.044155+00:00,0x2A9,FFFF949F00000000
2026-09-25T16:47:08.046228+00:00,0x2A1,0100020000000000
2026-09-25T16:47:08.050040+00:00,0x2A5,00000FCFFFFF7C97
2026-09-25T16:47:08.050241+00:00,0x2A6,00000636FFFFC076
2026-09-25T16:47:08.050474+00:00,0x2A7,FFFFFB28000024EE
2026-09-25T16:47:08.050726+00:00,0x2A9,FFFF949F00000000
2026-09-25T16:47:08.051912+00:00,0x2A1,0100020000000000
2026-09-25T16:47:08.053954+00:00,0x2A5,00000FCCFFFF7C97
2026-09-25T16:47:08.054198+00:00,0x2A6,00000636FFFFC076
2026-09-25T16:47:08.054395+00:00,0x2A7,FFFFFB28000024EE
2026-09-25T16:47:08.054640+00:00,0x2A9,FFFF949F00000000
2026-09-25T16:47:08.056238+00:00,0x2A1,0100020000000000
2026-09-25T16:47:08.058284+00:00,0x2A5,00000FD0FFFF7C97
2026-09-25T16:47:08.058728+00:00,0x2A6,00000636FFFFC076
2026-09-25T16:47:08.058955+00:00,0x2A7,FFFFFB28000024EE
2026-09-25T16:47:08.059156+00:00,0x2A9,FFFF949F00000000
2026-09-25T16:47:08.061248+00:00,0x2A1,0100020000000000
2026-09-25T16:47:08.063998+00:00,0x2A5,00000FCBFFFF7C97
2026-09-25T16:47:08.064241+00:00,0x2A6,00000636FFFFC076
2026-09-25T16:47:08.064523+00:00,0x2A7,FFFFFB28000024EE
2026-09-25T16:47:08.064860+00:00,0x2A9,FFFF949F00000000
2026-09-25T16:47:08.066328+00:00,0x2A1,0100020000000000
2026-09-25T16:47:08.069522+00:00,0x2A5,00000FCBFFFF7C97
2026-09-25T16:47:08.069857+00:00,0x2A6,00000636FFFFC076
2026-09-25T16:47:08.070019+00:00,0x2A7,FFFFFB28000024EE
2026-09-25T16:47:08.070263+00:00,0x2A9,FFFF949F00000000
2026-09-25T16:47:08.073198+00:00,0x2A1,0100020000000000
2026-09-25T16:47:08.075284+00:00,0x2A5,00000FCCFFFF7C97
2026-09-25T16:47:08.075522+00:00,0x2A6,00000636FFFFC076
2026-09-25T16:47:08.075860+00:00,0x2A7,FFFFFB28000024EE
2026-09-25T16:47:08.075997+00:00,0x2A9,FFFF949F00000000
2026-09-25T16:47:08.076284+00:00,0x2A1,0100020000000000
2026-09-25T16:47:08.078394+00:00,0x2A5,00000FD0FFFF7C97
2026-09-25T16:47:08.078597+00:00,0x2A6,00000636FFFFC076
2026-09-25T16:47:08.078837+00:00,0x2A7,FFFFFB28000024EE
2026-09-25T16:47:08.079107+00:00,0x2A9,FFFF949F00000000
2026-09-25T16:47:08.081296+00:00,0x2A1,0100020000000000
2026-09-25T16:47:08.083418+00:00,0x2A5,00000FD0FFFF7C97
2026-09-25T16:47:08.083661+00:00,0x2A6,00000636FFFFC076
2026-09-25T16:47:08.083911+00:00,0x2A7,FFFFFB28000024EE
2026-09-25T16:47:08.084156+00:00,0x2A9,FFFF949F00000000
2026-09-25T16:47:08.086253+00:00,0x2A1,0100020000000000
2026-09-25T16:47:08.089241+00:00,0x2A5,00000FCCFFFF7C97
2026-09-25T16:47:08.090954+00:00,0x2A6,00000636FFFFC076
2026-09-25T16:47:08.091199+00:00,0x2A7,FFFFFB28000024EE
2026-09-25T16:47:08.091439+00:00,0x2A9,FFFF949F00000000
2026-09-25T16:47:08.091684+00:00,0x2A1,0100020000000000
2026-09-25T16:47:08.093683+00:00,0x2A5,00000FD0FFFF7C97
2026-09-25T16:47:08.093911+00:00,0x2A6,00000636FFFFC076
2026-09-25T16:47:08.094108+00:00,0x2A7,FFFFFB28000024EE
2026-09-25T16:47:08.094307+00:00,0x2A9,FFFF949F00000000
2026-09-25T16:47:08.096276+00:00,0x2A1,0100020000000000
2026-09-25T16:47:08.098395+00:00,0x2A5,00000FCBFFFF7C97
2026-09-25T16:47:08.098598+00:00,0x2A6,00000636FFFFC076
2026-09-25T16:47:08.098838+00:00,0x2A7,FFFFFB28000024EE
2026-09-25T16:47:08.099041+00:00,0x2A9,FFFF949F00000000
2026-09-25T16:47:08.101335+00:00,0x2A1,0100020000000000
2026-09-25T16:47:08.103522+00:00,0x2A5,00000FCBFFFF7C97
2026-09-25T16:47:08.103859+00:00,0x2A6,00000636FFFFC076
2026-09-25T16:47:08.103955+00:00,0x2A7,FFFFFB28000024EE
2026-09-25T16:47:08.104198+00:00,0x2A9,FFFF949F00000000
2026-09-25T16:47:08.106210+00:00,0x2A1,0100020000000000
2026-09-25T16:47:08.108912+00:00,0x2A5,00000FCCFFFF7C97
2026-09-25T16:47:08.109999+00:00,0x2A6,00000636FFFFC076
2026-09-25T16:47:08.110727+00:00,0x2A7,FFFFFB28000024EE
2026-09-25T16:47:08.111199+00:00,0x2A9,FFFF949F00000000
2026-09-25T16:47:08.111961+00:00,0x2A1,0100020000000000
2026-09-25T16:47:08.113998+00:00,0x2A5,00000FD0FFFF7C97
2026-09-25T16:47:08.114199+00:00,0x2A6,00000636FFFFC076
2026-09-25T16:47:08.114439+00:00,0x2A7,FFFFFB28000024EE
2026-09-25T16:47:08.114684+00:00,0x2A9,FFFF949F00000000
2026-09-25T16:47:08.116328+00:00,0x2A1,0100020000000000
2026-09-25T16:47:08.118979+00:00,0x2A5,00000FD0FFFF7C97
2026-09-25T16:47:08.119199+00:00,0x2A6,00000636FFFFC076
2026-09-25T16:47:08.119475+00:00,0x2A7,FFFFFB28000024EE
2026-09-25T16:47:08.119684+00:00,0x2A9,FFFF949F00000000
2026-09-25T16:47:08.121296+00:00,0x2A1,0100020000000000
2026-09-25T16:47:08.124328+00:00,0x2A5,00000FCCFFFF7C97
2026-09-25T16:47:08.124523+00:00,0x2A6,00000636FFFFC076
2026-09-25T16:47:08.124860+00:00,0x2A7,FFFFFB28000024EE
2026-09-25T16:47:08.125041+00:00,0x2A9,FFFF949F00000000
2026-09-25T16:47:08.126556+00:00,0x2A1,0100020000000000
2026-09-25T16:47:08.128641+00:00,0x2A5,00000FCFFFFF7C97
2026-09-25T16:47:08.128911+00:00,0x2A6,00000636FFFFC076
2026-09-25T16:47:08.129156+00:00,0x2A7,FFFFFB28000024EE
2026-09-25T16:47:08.129354+00:00,0x2A9,FFFF949F00000000
2026-09-25T16:47:08.133955+00:00,0x2A1,0100020000000000
2026-09-25T16:47:08.134156+00:00,0x2A5,00000FCDFFFF7C97
2026-09-25T16:47:08.134396+00:00,0x2A6,00000636FFFFC076
2026-09-25T16:47:08.134598+00:00,0x2A7,FFFFFB28000024EE
2026-09-25T16:47:08.134838+00:00,0x2A9,FFFF949F00000000
2026-09-25T16:47:08.136237+00:00,0x2A1,0100020000000000
2026-09-25T16:47:08.138352+00:00,0x2A5,00000FCDFFFF7C97
2026-09-25T16:47:08.138548+00:00,0x2A6,00000636FFFFC076
2026-09-25T16:47:08.138847+00:00,0x2A7,FFFFFB28000024EE
2026-09-25T16:47:08.138999+00:00,0x2A9,FFFF949F00000000
2026-09-25T16:47:08.141273+00:00,0x2A1,0100020000000000
2026-09-25T16:47:08.143307+00:00,0x2A5,00000FCCFFFF7C97
2026-09-25T16:47:08.143544+00:00,0x2A6,00000636FFFFC076
2026-09-25T16:47:08.143835+00:00,0x2A7,FFFFFB28000024EE
2026-09-25T16:47:08.143955+00:00,0x2A9,FFFF949F00000000
2026-09-25T16:47:08.146229+00:00,0x2A1,0100020000000000
2026-09-25T16:47:08.148199+00:00,0x2A5,00000FCFFFFF7C97
2026-09-25T16:47:08.148396+00:00,0x2A6,00000636FFFFC076
2026-09-25T16:47:08.148598+00:00,0x2A7,FFFFFB28000024EE
2026-09-25T16:47:08.148838+00:00,0x2A9,FFFF949F00000000
2026-09-25T16:47:08.151482+00:00,0x2A1,0100020000000000
2026-09-25T16:47:08.153474+00:00,0x2A5,00000FCFFFFF7C97
2026-09-25T16:47:08.153684+00:00,0x2A6,00000636FFFFC076
2026-09-25T16:47:08.153911+00:00,0x2A7,FFFFFB28000024EE
2026-09-25T16:47:08.154108+00:00,0x2A9,FFFF949F00000000
2026-09-25T16:47:08.156229+00:00,0x2A1,0100020000000000
2026-09-25T16:47:08.158477+00:00,0x2A5,00000FCBFFFF7C97
2026-09-25T16:47:08.158684+00:00,0x2A6,00000636FFFFC076
2026-09-25T16:47:08.158912+00:00,0x2A7,FFFFFB28000024EE
2026-09-25T16:47:08.159156+00:00,0x2A9,FFFF949F00000000
2026-09-25T16:47:08.161273+00:00,0x2A1,0100020000000000
2026-09-25T16:47:08.163285+00:00,0x2A5,00000FD0FFFF7C97
2026-09-25T16:47:08.163482+00:00,0x2A6,00000636FFFFC076
2026-09-25T16:47:08.163684+00:00,0x2A7,FFFFFB28000024EE
2026-09-25T16:47:08.163912+00:00,0x2A9,FFFF949F00000000
2026-09-25T16:47:08.166313+00:00,0x2A1,0100020000000000
2026-09-25T16:47:08.167835+00:00,0x2A5,00000FD0FFFF7C97
2026-09-25T16:47:08.168084+00:00,0x2A6,00000636FFFFC076
2026-09-25T16:47:08.168328+00:00,0x2A7,FFFFFB28000024EE
2026-09-25T16:47:08.169290+00:00,0x2A9,FFFF949F00000000
2026-09-25T16:47:08.173860+00:00,0x2A1,0100020000000000
2026-09-25T16:47:08.175327+00:00,0x2A5,00000FCEFFFF7C97
2026-09-25T16:47:08.175836+00:00,0x2A6,00000636FFFFC076
2026-09-25T16:47:08.176530+00:00,0x2A7,FFFFFB28000024EE
2026-09-25T16:47:08.176855+00:00,0x2A9,FFFF949F00000000
2026-09-25T16:47:08.177488+00:00,0x2A1,0100020000000000
2026-09-25T16:47:08.179437+00:00,0x2A5,00000FCBFFFF7C97
2026-09-25T16:47:08.179640+00:00,0x2A6,00000636FFFFC076
2026-09-25T16:47:08.179859+00:00,0x2A7,FFFFFB28000024EE
2026-09-25T16:47:08.180104+00:00,0x2A9,FFFF949F00000000
2026-09-25T16:47:08.181248+00:00,0x2A1,0100020000000000
2026-09-25T16:47:08.183353+00:00,0x2A5,00000FCFFFFF7C97
2026-09-25T16:47:08.183600+00:00,0x2A6,00000636FFFFC076
2026-09-25T16:47:08.183846+00:00,0x2A7,FFFFFB28000024EE
2026-09-25T16:47:08.184042+00:00,0x2A9,FFFF949F00000000
2026-09-25T16:47:08.186228+00:00,0x2A1,0100020000000000
2026-09-25T16:47:08.188728+00:00,0x2A5,00000FCFFFFF7C97
2026-09-25T16:47:08.188955+00:00,0x2A6,00000636FFFFC076
2026-09-25T16:47:08.189199+00:00,0x2A7,FFFFFB28000024EE
2026-09-25T16:47:08.189397+00:00,0x2A9,FFFF949F00000000
2026-09-25T16:47:08.192285+00:00,0x2A1,0100020000000000
2026-09-25T16:47:08.194351+00:00,0x2A5,00000FCCFFFF7C97
2026-09-25T16:47:08.194545+00:00,0x2A6,00000636FFFFC076
2026-09-25T16:47:08.194836+00:00,0x2A7,FFFFFB28000024EE
2026-09-25T16:47:08.194999+00:00,0x2A9,FFFF949F00000000
2026-09-25T16:47:08.196251+00:00,0x2A1,0100020000000000
2026-09-25T16:47:08.198553+00:00,0x2A5,00000FCEFFFF7C97
2026-09-25T16:47:08.198835+00:00,0x2A6,00000636FFFFC076
2026-09-25T16:47:08.198998+00:00,0x2A7,FFFFFB28000024EE
2026-09-25T16:47:08.199199+00:00,0x2A9,FFFF949F00000000
2026-09-25T16:47:08.201237+00:00,0x2A1,0100020000000000
2026-09-25T16:47:08.203641+00:00,0x2A5,00000FCEFFFF7C97
2026-09-25T16:47:08.203860+00:00,0x2A6,00000636FFFFC076
2026-09-25T16:47:08.204062+00:00,0x2A7,FFFFFB28000024EE
2026-09-25T16:47:08.204307+00:00,0x2A9,FFFF949F00000000
2026-09-25T16:47:08.206210+00:00,0x2A1,0100020000000000
2026-09-25T16:47:08.208523+00:00,0x2A5,00000FCEFFFF7C97
2026-09-25T16:47:08.208728+00:00,0x2A6,00000636FFFFC076
2026-09-25T16:47:08.208955+00:00,0x2A7,FFFFFB28000024EE
2026-09-25T16:47:08.209199+00:00,0x2A9,FFFF949F00000000
2026-09-25T16:47:08.211956+00:00,0x2A1,0100020000000000
2026-09-25T16:47:08.213956+00:00,0x2A5,00000FCEFFFF7C97
2026-09-25T16:47:08.214157+00:00,0x2A6,00000636FFFFC076
2026-09-25T16:47:08.214354+00:00,0x2A7,FFFFFB28000024EE
2026-09-25T16:47:08.214549+00:00,0x2A9,FFFF949F00000000
2026-09-25T16:47:08.216256+00:00,0x2A1,0100020000000000
2026-09-25T16:47:08.218544+00:00,0x2A5,00000FCEFFFF7C97
2026-09-25T16:47:08.218835+00:00,0x2A6,00000636FFFFC076
2026-09-25T16:47:08.219940+00:00,0x2A7,FFFFFB28000024EE
2026-09-25T16:47:08.220199+00:00,0x2A9,FFFF949F00000000
2026-09-25T16:47:08.221289+00:00,0x2A1,0100020000000000
2026-09-25T16:47:08.224084+00:00,0x2A5,00000FCEFFFF7C97
2026-09-25T16:47:08.224329+00:00,0x2A6,00000636FFFFC076
2026-09-25T16:47:08.224567+00:00,0x2A7,FFFFFB28000024EE
2026-09-25T16:47:08.224859+00:00,0x2A9,FFFF949F00000000
2026-09-25T16:47:08.226283+00:00,0x2A1,0100020000000000
2026-09-25T16:47:08.229861+00:00,0x2A5,00000FCEFFFF7C97
2026-09-25T16:47:08.230149+00:00,0x2A6,00000636FFFFC076
2026-09-25T16:47:08.230394+00:00,0x2A7,FFFFFB28000024EE
2026-09-25T16:47:08.230640+00:00,0x2A9,FFFF949F00000000
2026-09-25T16:47:08.232690+00:00,0x2A1,0100020000000000
2026-09-25T16:47:08.234642+00:00,0x2A5,00000FCEFFFF7C97
2026-09-25T16:47:08.234913+00:00,0x2A6,00000636FFFFC076
2026-09-25T16:47:08.235109+00:00,0x2A7,FFFFFB28000024EE
2026-09-25T16:47:08.235351+00:00,0x2A9,FFFF949F00000000
2026-09-25T16:47:08.236237+00:00,0x2A1,0100020000000000
2026-09-25T16:47:08.238545+00:00,0x2A5,00000FCEFFFF7C97
2026-09-25T16:47:08.238835+00:00,0x2A6,00000636FFFFC076
2026-09-25T16:47:08.238955+00:00,0x2A7,FFFFFB28000024EE
2026-09-25T16:47:08.239157+00:00,0x2A9,FFFF949F00000000
2026-09-25T16:47:08.241248+00:00,0x2A1,0100020000000000
2026-09-25T16:47:08.243545+00:00,0x2A5,00000FCEFFFF7C97
2026-09-25T16:47:08.243836+00:00,0x2A6,00000636FFFFC076
2026-09-25T16:47:08.243999+00:00,0x2A7,FFFFFB28000024EE
2026-09-25T16:47:08.244200+00:00,0x2A9,FFFF949F00000000
2026-09-25T16:47:08.246258+00:00,0x2A1,0100020000000000
2026-09-25T16:47:08.248553+00:00,0x2A5,00000FCEFFFF7C97
2026-09-25T16:47:08.248837+00:00,0x2A6,00000636FFFFC076
2026-09-25T16:47:08.248997+00:00,0x2A7,FFFFFB28000024EE
2026-09-25T16:47:08.249199+00:00,0x2A9,FFFF949F00000000
2026-09-25T16:47:08.251641+00:00,0x2A1,0100020000000000
2026-09-25T16:47:08.253641+00:00,0x2A5,00000FCEFFFF7C97
2026-09-25T16:47:08.253916+00:00,0x2A6,00000636FFFFC076
2026-09-25T16:47:08.254062+00:00,0x2A7,FFFFFB28000024EE
2026-09-25T16:47:08.254306+00:00,0x2A9,FFFF949F00000000
2026-09-25T16:47:08.256253+00:00,0x2A1,0100020000000000
2026-09-25T16:47:08.258481+00:00,0x2A5,00000FCEFFFF7C97
2026-09-25T16:47:08.258683+00:00,0x2A6,00000636FFFFC076
2026-09-25T16:47:08.258980+00:00,0x2A7,FFFFFB28000024EE
2026-09-25T16:47:08.259155+00:00,0x2A9,FFFF949F00000000
2026-09-25T16:47:08.261258+00:00,0x2A1,0100020000000000
2026-09-25T16:47:08.263543+00:00,0x2A5,00000FCEFFFF7C97
2026-09-25T16:47:08.263834+00:00,0x2A6,00000636FFFFC076
2026-09-25T16:47:08.263954+00:00,0x2A7,FFFFFB28000024EE
2026-09-25T16:47:08.264198+00:00,0x2A9,FFFF949F00000000
2026-09-25T16:47:08.266271+00:00,0x2A1,0100020000000000
2026-09-25T16:47:08.268728+00:00,0x2A5,00000FCEFFFF7C97
2026-09-25T16:47:08.268955+00:00,0x2A6,00000636FFFFC076
2026-09-25T16:47:08.269198+00:00,0x2A7,FFFFFB28000024EE
2026-09-25T16:47:08.269395+00:00,0x2A9,FFFF949F00000000
2026-09-25T16:47:08.272997+00:00,0x2A1,0100020000000000
2026-09-25T16:47:08.276870+00:00,0x2A5,00000FCEFFFF7C97
2026-09-25T16:47:08.277127+00:00,0x2A6,00000636FFFFC076
2026-09-25T16:47:08.277414+00:00,0x2A7,FFFFFB28000024EE
2026-09-25T16:47:08.277660+00:00,0x2A9,FFFF949F00000000
2026-09-25T16:47:08.278960+00:00,0x2A1,0100020000000000
2026-09-25T16:47:08.280997+00:00,0x2A5,00000FCEFFFF7C97
2026-09-25T16:47:08.281284+00:00,0x2A6,00000636FFFFC076
2026-09-25T16:47:08.281574+00:00,0x2A7,FFFFFB28000024EE
2026-09-25T16:47:08.281936+00:00,0x2A9,FFFF949F00000000
2026-09-25T16:47:08.282473+00:00,0x2A1,0100020000000000
2026-09-25T16:47:08.285041+00:00,0x2A5,00000FCEFFFF7C97
2026-09-25T16:47:08.285327+00:00,0x2A6,00000636FFFFC076
2026-09-25T16:47:08.285600+00:00,0x2A7,FFFFFB28000024EE
2026-09-25T16:47:08.285857+00:00,0x2A9,FFFF949F00000000
2026-09-25T16:47:08.286307+00:00,0x2A1,0100020000000000
2026-09-25T16:47:08.288726+00:00,0x2A5,00000FCEFFFF7C97
2026-09-25T16:47:08.288954+00:00,0x2A6,00000636FFFFC076
2026-09-25T16:47:08.289198+00:00,0x2A7,FFFFFB28000024EE
2026-09-25T16:47:08.289438+00:00,0x2A9,FFFF949F00000000
2026-09-25T16:47:08.291997+00:00,0x2A1,0100020000000000
2026-09-25T16:47:08.294181+00:00,0x2A5,00000FCEFFFF7C97
2026-09-25T16:47:08.294352+00:00,0x2A6,00000636FFFFC076
2026-09-25T16:47:08.294599+00:00,0x2A7,FFFFFB28000024EE
2026-09-25T16:47:08.294845+00:00,0x2A9,FFFF949F00000000
2026-09-25T16:47:08.296250+00:00,0x2A1,0100020000000000
2026-09-25T16:47:08.298352+00:00,0x2A5,00000FCEFFFF7C97
2026-09-25T16:47:08.298845+00:00,0x2A6,00000636FFFFC076
2026-09-25T16:47:08.298998+00:00,0x2A7,FFFFFB28000024EE
2026-09-25T16:47:08.299241+00:00,0x2A9,FFFF949F00000000
2026-09-25T16:47:08.301271+00:00,0x2A1,0100020000000000
2026-09-25T16:47:08.303599+00:00,0x2A5,00000FCEFFFF7C97
2026-09-25T16:47:08.303844+00:00,0x2A6,00000636FFFFC076
2026-09-25T16:47:08.303998+00:00,0x2A7,FFFFFB28000024EE
2026-09-25T16:47:08.304241+00:00,0x2A9,FFFF949F00000000
2026-09-25T16:47:08.306314+00:00,0x2A1,0100020000000000
2026-09-25T16:47:08.309241+00:00,0x2A5,00000FCEFFFF7C97
2026-09-25T16:47:08.309438+00:00,0x2A6,00000636FFFFC076
2026-09-25T16:47:08.309683+00:00,0x2A7,FFFFFB28000024EE
2026-09-25T16:47:08.309911+00:00,0x2A9,FFFF949F00000000
2026-09-25T16:47:08.311640+00:00,0x2A1,0100020000000000
2026-09-25T16:47:08.313683+00:00,0x2A5,00000FCEFFFF7C97
2026-09-25T16:47:08.313911+00:00,0x2A6,00000636FFFFC076
2026-09-25T16:47:08.314107+00:00,0x2A7,FFFFFB28000024EE
2026-09-25T16:47:08.314349+00:00,0x2A9,FFFF949F00000000
2026-09-25T16:47:08.316202+00:00,0x2A1,0100020000000000
2026-09-25T16:47:08.318395+00:00,0x2A5,00000FCEFFFF7C97
2026-09-25T16:47:08.318640+00:00,0x2A6,00000636FFFFC076
2026-09-25T16:47:08.318859+00:00,0x2A7,FFFFFB28000024EE
2026-09-25T16:47:08.319104+00:00,0x2A9,FFFF949F00000000
2026-09-25T16:47:08.321254+00:00,0x2A1,0100020000000000
2026-09-25T16:47:08.323683+00:00,0x2A5,00000FCEFFFF7C97
2026-09-25T16:47:08.323911+00:00,0x2A6,00000636FFFFC076
2026-09-25T16:47:08.324156+00:00,0x2A7,FFFFFB28000024EE
2026-09-25T16:47:08.324360+00:00,0x2A9,FFFF949F00000000
2026-09-25T16:47:08.326238+00:00,0x2A1,0100020000000000
2026-09-25T16:47:08.330084+00:00,0x2A5,00000FCEFFFF7C97
2026-09-25T16:47:08.330328+00:00,0x2A6,00000636FFFFC076
2026-09-25T16:47:08.331383+00:00,0x2A7,FFFFFB28000024EE
2026-09-25T16:47:08.331711+00:00,0x2A9,FFFF949F00000000
2026-09-25T16:47:08.333836+00:00,0x2A1,0100020000000000
2026-09-25T16:47:08.335728+00:00,0x2A5,00000FCEFFFF7C97
2026-09-25T16:47:08.336041+00:00,0x2A6,00000636FFFFC076
2026-09-25T16:47:08.336329+00:00,0x2A7,FFFFFB28000024EE
2026-09-25T16:47:08.336567+00:00,0x2A9,FFFF949F00000000
2026-09-25T16:47:08.337199+00:00,0x2A1,0100020000000000
2026-09-25T16:47:08.339527+00:00,0x2A5,00000FCEFFFF7C97
2026-09-25T16:47:08.339948+00:00,0x2A6,00000636FFFFC076
2026-09-25T16:47:08.340063+00:00,0x2A7,FFFFFB28000024EE
2026-09-25T16:47:08.340302+00:00,0x2A9,FFFF949F00000000
2026-09-25T16:47:08.341367+00:00,0x2A1,0100020000000000
2026-09-25T16:47:08.343297+00:00,0x2A5,00000FCEFFFF7C97
2026-09-25T16:47:08.343439+00:00,0x2A6,00000636FFFFC076
2026-09-25T16:47:08.343683+00:00,0x2A7,FFFFFB28000024EE
2026-09-25T16:47:08.343911+00:00,0x2A9,FFFF949F00000000
2026-09-25T16:47:08.346279+00:00,0x2A1,0100020000000000
2026-09-25T16:47:08.348911+00:00,0x2A5,00000FCEFFFF7C97
2026-09-25T16:47:08.349155+00:00,0x2A6,00000636FFFFC076
2026-09-25T16:47:08.349353+00:00,0x2A7,FFFFFB28000024EE
2026-09-25T16:47:08.349599+00:00,0x2A9,FFFF949F00000000
2026-09-25T16:47:08.352181+00:00,0x2A1,0100020000000000
2026-09-25T16:47:08.354199+00:00,0x2A5,00000FCEFFFF7C97
2026-09-25T16:47:08.354395+00:00,0x2A6,00000636FFFFC076
2026-09-25T16:47:08.354598+00:00,0x2A7,FFFFFB28000024EE
2026-09-25T16:47:08.354837+00:00,0x2A9,FFFF949F00000000
2026-09-25T16:47:08.356216+00:00,0x2A1,0100020000000000
2026-09-25T16:47:08.358350+00:00,0x2A5,00000FCEFFFF7C97
2026-09-25T16:47:08.358596+00:00,0x2A6,00000636FFFFC076
2026-09-25T16:47:08.358836+00:00,0x2A7,FFFFFB28000024EE
2026-09-25T16:47:08.359041+00:00,0x2A9,FFFF949F00000000
2026-09-25T16:47:08.361205+00:00,0x2A1,0100020000000000
2026-09-25T16:47:08.363544+00:00,0x2A5,00000FCEFFFF7C97
2026-09-25T16:47:08.363835+00:00,0x2A6,00000636FFFFC076
2026-09-25T16:47:08.363998+00:00,0x2A7,FFFFFB28000024EE
2026-09-25T16:47:08.364199+00:00,0x2A9,FFFF949F00000000
2026-09-25T16:47:08.366205+00:00,0x2A1,0100020000000000
2026-09-25T16:47:08.369285+00:00,0x2A5,00000FCEFFFF7C97
2026-09-25T16:47:08.369523+00:00,0x2A6,00000636FFFFC076
2026-09-25T16:47:08.369729+00:00,0x2A7,FFFFFB28000024EE
2026-09-25T16:47:08.369956+00:00,0x2A9,FFFF949F00000000
2026-09-25T16:47:08.371836+00:00,0x2A1,0100020000000000
2026-09-25T16:47:08.373911+00:00,0x2A5,00000FCEFFFF7C97
2026-09-25T16:47:08.374108+00:00,0x2A6,00000636FFFFC076
2026-09-25T16:47:08.374350+00:00,0x2A7,FFFFFB28000024EE
2026-09-25T16:47:08.374552+00:00,0x2A9,FFFF949F00000000
2026-09-25T16:47:08.376215+00:00,0x2A1,0100020000000000
2026-09-25T16:47:08.378726+00:00,0x2A5,00000FCEFFFF7C97
2026-09-25T16:47:08.378955+00:00,0x2A6,00000636FFFFC076
2026-09-25T16:47:08.379156+00:00,0x2A7,FFFFFB28000024EE
2026-09-25T16:47:08.379396+00:00,0x2A9,FFFF949F00000000
2026-09-25T16:47:08.381274+00:00,0x2A1,0100020000000000
2026-09-25T16:47:08.383684+00:00,0x2A5,00000FCEFFFF7C97
2026-09-25T16:47:08.383998+00:00,0x2A6,00000636FFFFC076
2026-09-25T16:47:08.384199+00:00,0x2A7,FFFFFB28000024EE
2026-09-25T16:47:08.384439+00:00,0x2A9,FFFF949F00000000
2026-09-25T16:47:08.386409+00:00,0x2A1,0100020000000000
2026-09-25T16:47:08.388981+00:00,0x2A5,00000FCEFFFF7C97
2026-09-25T16:47:08.389242+00:00,0x2A6,00000636FFFFC076
2026-09-25T16:47:08.389520+00:00,0x2A7,FFFFFB28000024EE
2026-09-25T16:47:08.389782+00:00,0x2A9,FFFF949F00000000
2026-09-25T16:47:08.392856+00:00,0x2A1,0100020000000000
2026-09-25T16:47:08.392984+00:00,0x2A5,00000FCEFFFF7C97
2026-09-25T16:47:08.393268+00:00,0x2A6,00000636FFFFC076
2026-09-25T16:47:08.393505+00:00,0x2A7,FFFFFB28000024EE
2026-09-25T16:47:08.393711+00:00,0x2A9,FFFF949F00000000
2026-09-25T16:47:08.396221+00:00,0x2A1,0100020000000000
2026-09-25T16:47:08.398474+00:00,0x2A5,00000FCEFFFF7C97
2026-09-25T16:47:08.398684+00:00,0x2A6,00000636FFFFC076
2026-09-25T16:47:08.398955+00:00,0x2A7,FFFFFB28000024EE
2026-09-25T16:47:08.399156+00:00,0x2A9,FFFF949F00000000
2026-09-25T16:47:08.401248+00:00,0x2A1,0100020000000000
2026-09-25T16:47:08.403439+00:00,0x2A5,00000FCEFFFF7C97
2026-09-25T16:47:08.403640+00:00,0x2A6,00000636FFFFC076
2026-09-25T16:47:08.403911+00:00,0x2A7,FFFFFB28000024EE
2026-09-25T16:47:08.404108+00:00,0x2A9,FFFF949F00000000
2026-09-25T16:47:08.406229+00:00,0x2A1,0100020000000000
2026-09-25T16:47:08.409344+00:00,0x2A5,00000FCEFFFF7C97
2026-09-25T16:47:08.409595+00:00,0x2A6,00000636FFFFC076
2026-09-25T16:47:08.409858+00:00,0x2A7,FFFFFB28000024EE
2026-09-25T16:47:08.410062+00:00,0x2A9,FFFF949F00000000
2026-09-25T16:47:08.412003+00:00,0x2A1,0100020000000000
2026-09-25T16:47:08.414042+00:00,0x2A5,00000FCEFFFF7C97
2026-09-25T16:47:08.414242+00:00,0x2A6,00000636FFFFC076
2026-09-25T16:47:08.414439+00:00,0x2A7,FFFFFB28000024EE
2026-09-25T16:47:08.414709+00:00,0x2A9,FFFF949F00000000
2026-09-25T16:47:08.416221+00:00,0x2A1,0100020000000000
2026-09-25T16:47:08.418858+00:00,0x2A5,00000FCEFFFF7C97
2026-09-25T16:47:08.419020+00:00,0x2A6,00000636FFFFC076
2026-09-25T16:47:08.419221+00:00,0x2A7,FFFFFB28000024EE
2026-09-25T16:47:08.419461+00:00,0x2A9,FFFF949F00000000
2026-09-25T16:47:08.421225+00:00,0x2A1,0100020000000000
2026-09-25T16:47:08.423461+00:00,0x2A5,00000FCEFFFF7C97
2026-09-25T16:47:08.423704+00:00,0x2A6,00000636FFFFC076
2026-09-25T16:47:08.423950+00:00,0x2A7,FFFFFB28000024EE
2026-09-25T16:47:08.424112+00:00,0x2A9,FFFF949F00000000
2026-09-25T16:47:08.426224+00:00,0x2A1,0100020000000000
2026-09-25T16:47:08.429417+00:00,0x2A5,00000FCEFFFF7C97
2026-09-25T16:47:08.429618+00:00,0x2A6,00000636FFFFC076
2026-09-25T16:47:08.429858+00:00,0x2A7,FFFFFB28000024EE
2026-09-25T16:47:08.430063+00:00,0x2A9,FFFF949F00000000
2026-09-25T16:47:08.431977+00:00,0x2A1,0100020000000000
2026-09-25T16:47:08.434063+00:00,0x2A5,00000FCEFFFF7C97
2026-09-25T16:47:08.434290+00:00,0x2A6,00000636FFFFC076
2026-09-25T16:47:08.434496+00:00,0x2A7,FFFFFB28000024EE
2026-09-25T16:47:08.434704+00:00,0x2A9,FFFF949F00000000
2026-09-25T16:47:08.436329+00:00,0x2A1,0100020000000000
2026-09-25T16:47:08.438883+00:00,0x2A5,00000FCEFFFF7C97
2026-09-25T16:47:08.439020+00:00,0x2A6,00000636FFFFC076
2026-09-25T16:47:08.439264+00:00,0x2A7,FFFFFB28000024EE
2026-09-25T16:47:08.439496+00:00,0x2A9,FFFF949F00000000
2026-09-25T16:47:08.441270+00:00,0x2A1,0100020000000000
2026-09-25T16:47:08.443879+00:00,0x2A5,00000FCEFFFF7C97
2026-09-25T16:47:08.444410+00:00,0x2A6,00000636FFFFC076
2026-09-25T16:47:08.444659+00:00,0x2A7,FFFFFB28000024EE
2026-09-25T16:47:08.444948+00:00,0x2A9,FFFF949F00000000
2026-09-25T16:47:08.446295+00:00,0x2A1,0100020000000000
2026-09-25T16:47:08.448948+00:00,0x2A5,00000FCEFFFF7C97
2026-09-25T16:47:08.449618+00:00,0x2A6,00000636FFFFC076
2026-09-25T16:47:08.449880+00:00,0x2A7,FFFFFB28000024EE
2026-09-25T16:47:08.450084+00:00,0x2A9,FFFF949F00000000
2026-09-25T16:47:08.452020+00:00,0x2A1,0100020000000000
2026-09-25T16:47:08.454020+00:00,0x2A5,00000FCEFFFF7C97
2026-09-25T16:47:08.454264+00:00,0x2A6,00000636FFFFC076
2026-09-25T16:47:08.454496+00:00,0x2A7,FFFFFB28000024EE
2026-09-25T16:47:08.454705+00:00,0x2A9,FFFF949F00000000
2026-09-25T16:47:08.456213+00:00,0x2A1,0100020000000000
2026-09-25T16:47:08.458439+00:00,0x2A5,00000FCEFFFF7C97
2026-09-25T16:47:08.458684+00:00,0x2A6,00000636FFFFC076
2026-09-25T16:47:08.458949+00:00,0x2A7,FFFFFB28000024EE
2026-09-25T16:47:08.459177+00:00,0x2A9,FFFF949F00000000
2026-09-25T16:47:08.461226+00:00,0x2A1,0100020000000000
2026-09-25T16:47:08.463575+00:00,0x2A5,00000FCEFFFF7C97
2026-09-25T16:47:08.463858+00:00,0x2A6,00000636FFFFC076
2026-09-25T16:47:08.464020+00:00,0x2A7,FFFFFB28000024EE
2026-09-25T16:47:08.464221+00:00,0x2A9,FFFF949F00000000
2026-09-25T16:47:08.466225+00:00,0x2A1,0100020000000000
2026-09-25T16:47:08.469264+00:00,0x2A5,00000FCEFFFF7C97
2026-09-25T16:47:08.469461+00:00,0x2A6,00000636FFFFC076
2026-09-25T16:47:08.469704+00:00,0x2A7,FFFFFB28000024EE
2026-09-25T16:47:08.469949+00:00,0x2A9,FFFF949F00000000
2026-09-25T16:47:08.471865+00:00,0x2A1,0100020000000000
2026-09-25T16:47:08.473859+00:00,0x2A5,00000FCEFFFF7C97
2026-09-25T16:47:08.474020+00:00,0x2A6,00000636FFFFC076
2026-09-25T16:47:08.474264+00:00,0x2A7,FFFFFB28000024EE
2026-09-25T16:47:08.474496+00:00,0x2A9,FFFF949F00000000
2026-09-25T16:47:08.476225+00:00,0x2A1,0100020000000000
2026-09-25T16:47:08.478462+00:00,0x2A5,00000FCEFFFF7C97
2026-09-25T16:47:08.478705+00:00,0x2A6,00000636FFFFC076
2026-09-25T16:47:08.478948+00:00,0x2A7,FFFFFB28000024EE
2026-09-25T16:47:08.479131+00:00,0x2A9,FFFF949F00000000
2026-09-25T16:47:08.481225+00:00,0x2A1,0100020000000000
2026-09-25T16:47:08.483662+00:00,0x2A5,00000FCEFFFF7C97
2026-09-25T16:47:08.483881+00:00,0x2A6,00000636FFFFC076
2026-09-25T16:47:08.484084+00:00,0x2A7,FFFFFB28000024EE
2026-09-25T16:47:08.484329+00:00,0x2A9,FFFF949F00000000
2026-09-25T16:47:08.486258+00:00,0x2A1,0100020000000000
2026-09-25T16:47:08.488222+00:00,0x2A5,00000FCEFFFF7C97
2026-09-25T16:47:08.488496+00:00,0x2A6,00000636FFFFC076
2026-09-25T16:47:08.488881+00:00,0x2A7,FFFFFB28000024EE
2026-09-25T16:47:08.489021+00:00,0x2A9,FFFF949F00000000
2026-09-25T16:47:08.495553+00:00,0x2A1,0100020000000000
2026-09-25T16:47:08.495885+00:00,0x2A5,00000FCEFFFF7C97
2026-09-25T16:47:08.496107+00:00,0x2A6,00000636FFFFC076
2026-09-25T16:47:08.496394+00:00,0x2A7,FFFFFB28000024EE
2026-09-25T16:47:08.496640+00:00,0x2A9,FFFF949F00000000
2026-09-25T16:47:08.497021+00:00,0x2A1,0100020000000000
2026-09-25T16:47:08.499265+00:00,0x2A5,00000FCEFFFF7C97
2026-09-25T16:47:08.499705+00:00,0x2A6,00000636FFFFC076
2026-09-25T16:47:08.499949+00:00,0x2A7,FFFFFB28000024EE
2026-09-25T16:47:08.500179+00:00,0x2A9,FFFF949F00000000
2026-09-25T16:47:08.501226+00:00,0x2A1,0100020000000000
2026-09-25T16:47:08.503593+00:00,0x2A5,00000FCEFFFF7C97
2026-09-25T16:47:08.503859+00:00,0x2A6,00000636FFFFC076
2026-09-25T16:47:08.504020+00:00,0x2A7,FFFFFB28000024EE
2026-09-25T16:47:08.504228+00:00,0x2A9,FFFF949F00000000
2026-09-25T16:47:08.506226+00:00,0x2A1,0100020000000000
2026-09-25T16:47:08.509179+00:00,0x2A5,00000FCEFFFF7C97
2026-09-25T16:47:08.509419+00:00,0x2A6,00000636FFFFC076
2026-09-25T16:47:08.509663+00:00,0x2A7,FFFFFB28000024EE
2026-09-25T16:47:08.509951+00:00,0x2A9,FFFF949F00000000
2026-09-25T16:47:08.513840+00:00,0x2A1,0100020000000000
2026-09-25T16:47:08.514329+00:00,0x2A5,00000FCEFFFF7C97
2026-09-25T16:47:08.514576+00:00,0x2A6,00000636FFFFC076
2026-09-25T16:47:08.514859+00:00,0x2A7,FFFFFB28000024EE
2026-09-25T16:47:08.514961+00:00,0x2A9,FFFF949F00000000
2026-09-25T16:47:08.516227+00:00,0x2A1,0100020000000000
2026-09-25T16:47:08.518577+00:00,0x2A5,00000FCEFFFF7C97
2026-09-25T16:47:08.518860+00:00,0x2A6,00000636FFFFC076
2026-09-25T16:47:08.519022+00:00,0x2A7,FFFFFB28000024EE
2026-09-25T16:47:08.519223+00:00,0x2A9,FFFF949F00000000
2026-09-25T16:47:08.521271+00:00,0x2A1,0100020000000000
2026-09-25T16:47:08.523707+00:00,0x2A5,00000FCEFFFF7C97
2026-09-25T16:47:08.523936+00:00,0x2A6,00000636FFFFC076
2026-09-25T16:47:08.524180+00:00,0x2A7,FFFFFB28000024EE
2026-09-25T16:47:08.524376+00:00,0x2A9,FFFF949F00000000
2026-09-25T16:47:08.526227+00:00,0x2A1,0100020000000000
2026-09-25T16:47:08.529375+00:00,0x2A5,00000FCEFFFF7C97
2026-09-25T16:47:08.529577+00:00,0x2A6,00000636FFFFC076
2026-09-25T16:47:08.529861+00:00,0x2A7,FFFFFB28000024EE
2026-09-25T16:47:08.530066+00:00,0x2A9,FFFF949F00000000
2026-09-25T16:47:08.531883+00:00,0x2A1,0100020000000000
2026-09-25T16:47:08.533979+00:00,0x2A5,00000FCEFFFF7C97
2026-09-25T16:47:08.534181+00:00,0x2A6,00000636FFFFC076
2026-09-25T16:47:08.534419+00:00,0x2A7,FFFFFB28000024EE
2026-09-25T16:47:08.534663+00:00,0x2A9,FFFF949F00000000
2026-09-25T16:47:08.536216+00:00,0x2A1,0100020000000000
2026-09-25T16:47:08.538398+00:00,0x2A5,00000FCEFFFF7C97
2026-09-25T16:47:08.538643+00:00,0x2A6,00000636FFFFC076
2026-09-25T16:47:08.538883+00:00,0x2A7,FFFFFB28000024EE
2026-09-25T16:47:08.539129+00:00,0x2A9,FFFF949F00000000
2026-09-25T16:47:08.541271+00:00,0x2A1,0100020000000000
2026-09-25T16:47:08.543881+00:00,0x2A5,00000FCEFFFF7C97
2026-09-25T16:47:08.544130+00:00,0x2A6,00000636FFFFC076
2026-09-25T16:47:08.544417+00:00,0x2A7,FFFFFB28000024EE
2026-09-25T16:47:08.544707+00:00,0x2A9,FFFF949F00000000
2026-09-25T16:47:08.546258+00:00,0x2A1,0100020000000000
2026-09-25T16:47:08.547858+00:00,0x2A5,00000FCEFFFF7C97
2026-09-25T16:47:08.548050+00:00,0x2A6,00000636FFFFC076
2026-09-25T16:47:08.548301+00:00,0x2A7,FFFFFB28000024EE
2026-09-25T16:47:08.548597+00:00,0x2A9,FFFF949F00000000
2026-09-25T16:47:08.552881+00:00,0x2A1,0100020000000000
2026-09-25T16:47:08.554881+00:00,0x2A5,00000FCEFFFF7C97
2026-09-25T16:47:08.554978+00:00,0x2A6,00000636FFFFC076
2026-09-25T16:47:08.555179+00:00,0x2A7,FFFFFB28000024EE
2026-09-25T16:47:08.555418+00:00,0x2A9,FFFF949F00000000
2026-09-25T16:47:08.556226+00:00,0x2A1,0100020000000000
2026-09-25T16:47:08.558859+00:00,0x2A5,00000FCEFFFF7C97
2026-09-25T16:47:08.559107+00:00,0x2A6,00000636FFFFC076
2026-09-25T16:47:08.559351+00:00,0x2A7,FFFFFB28000024EE
2026-09-25T16:47:08.559546+00:00,0x2A9,FFFF949F00000000
2026-09-25T16:47:08.561309+00:00,0x2A1,0100020000000000
2026-09-25T16:47:08.563330+00:00,0x2A5,00000FCEFFFF7C97
2026-09-25T16:47:08.563577+00:00,0x2A6,00000636FFFFC076
2026-09-25T16:47:08.563860+00:00,0x2A7,FFFFFB28000024EE
2026-09-25T16:47:08.564022+00:00,0x2A9,FFFF949F00000000
2026-09-25T16:47:08.566186+00:00,0x2A1,0100020000000000
2026-09-25T16:47:08.570287+00:00,0x2A5,00000FCEFFFF7C97
2026-09-25T16:47:08.570525+00:00,0x2A6,00000636FFFFC076
2026-09-25T16:47:08.570730+00:00,0x2A7,FFFFFB28000024EE
2026-09-25T16:47:08.570941+00:00,0x2A9,FFFF949F00000000
2026-09-25T16:47:08.572882+00:00,0x2A1,0100020000000000
2026-09-25T16:47:08.574953+00:00,0x2A5,00000FCEFFFF7C97
2026-09-25T16:47:08.575133+00:00,0x2A6,00000636FFFFC076
2026-09-25T16:47:08.575375+00:00,0x2A7,FFFFFB28000024EE
2026-09-25T16:47:08.575577+00:00,0x2A9,FFFF949F00000000
2026-09-25T16:47:08.576238+00:00,0x2A1,0100020000000000
2026-09-25T16:47:08.578331+00:00,0x2A5,00000FCEFFFF7C97
2026-09-25T16:47:08.578534+00:00,0x2A6,00000636FFFFC076
2026-09-25T16:47:08.578861+00:00,0x2A7,FFFFFB28000024EE
2026-09-25T16:47:08.578982+00:00,0x2A9,FFFF949F00000000
2026-09-25T16:47:08.581320+00:00,0x2A1,0100020000000000
2026-09-25T16:47:08.583332+00:00,0x2A5,00000FCEFFFF7C97
2026-09-25T16:47:08.583525+00:00,0x2A6,00000636FFFFC076
2026-09-25T16:47:08.583861+00:00,0x2A7,FFFFFB28000024EE
2026-09-25T16:47:08.583980+00:00,0x2A9,FFFF949F00000000
2026-09-25T16:47:08.586229+00:00,0x2A1,0100020000000000
2026-09-25T16:47:08.588706+00:00,0x2A5,00000FCEFFFF7C97
2026-09-25T16:47:08.589132+00:00,0x2A6,00000636FFFFC076
2026-09-25T16:47:08.589375+00:00,0x2A7,FFFFFB28000024EE
2026-09-25T16:47:08.589882+00:00,0x2A9,FFFF949F00000000
2026-09-25T16:47:08.592108+00:00,0x2A1,0100020000000000
2026-09-25T16:47:08.594419+00:00,0x2A5,00000FCEFFFF7C97
2026-09-25T16:47:08.594663+00:00,0x2A6,00000636FFFFC076
2026-09-25T16:47:08.594979+00:00,0x2A7,FFFFFB28000024EE
2026-09-25T16:47:08.595266+00:00,0x2A9,FFFF949F00000000
2026-09-25T16:47:08.596314+00:00,0x2A1,0100020000000000
2026-09-25T16:47:08.598883+00:00,0x2A5,00000FCEFFFF7C97
2026-09-25T16:47:08.598979+00:00,0x2A6,00000636FFFFC076
2026-09-25T16:47:08.599267+00:00,0x2A7,FFFFFB28000024EE
2026-09-25T16:47:08.599497+00:00,0x2A9,FFFF949F00000000
2026-09-25T16:47:08.601379+00:00,0x2A1,0100020000000000
2026-09-25T16:47:08.604021+00:00,0x2A5,00000FCEFFFF7C97
2026-09-25T16:47:08.604222+00:00,0x2A6,00000636FFFFC076
2026-09-25T16:47:08.604462+00:00,0x2A7,FFFFFB28000024EE
2026-09-25T16:47:08.604859+00:00,0x2A9,FFFF949F00000000
2026-09-25T16:47:08.606270+00:00,0x2A1,0100020000000000
2026-09-25T16:47:08.608426+00:00,0x2A5,00000FCEFFFF7C97
2026-09-25T16:47:08.608614+00:00,0x2A6,00000636FFFFC076
2026-09-25T16:47:08.608848+00:00,0x2A7,FFFFFB28000024EE
2026-09-25T16:47:08.609043+00:00,0x2A9,FFFF949F00000000
2026-09-25T16:47:08.612273+00:00,0x2A1,0100020000000000
2026-09-25T16:47:08.614308+00:00,0x2A5,00000FCEFFFF7C97
2026-09-25T16:47:08.614546+00:00,0x2A6,00000636FFFFC076
2026-09-25T16:47:08.614836+00:00,0x2A7,FFFFFB28000024EE
2026-09-25T16:47:08.615006+00:00,0x2A9,FFFF949F00000000
2026-09-25T16:47:08.616252+00:00,0x2A1,0100020000000000
2026-09-25T16:47:08.618441+00:00,0x2A5,00000FCEFFFF7C97
2026-09-25T16:47:08.618642+00:00,0x2A6,00000636FFFFC076
2026-09-25T16:47:08.618861+00:00,0x2A7,FFFFFB28000024EE
2026-09-25T16:47:08.619106+00:00,0x2A9,FFFF949F00000000
2026-09-25T16:47:08.621273+00:00,0x2A1,0100020000000000
2026-09-25T16:47:08.623524+00:00,0x2A5,00000FCEFFFF7C97
2026-09-25T16:47:08.623730+00:00,0x2A6,00000636FFFFC076
2026-09-25T16:47:08.623957+00:00,0x2A7,FFFFFB28000024EE
2026-09-25T16:47:08.624201+00:00,0x2A9,FFFF949F00000000
2026-09-25T16:47:08.626408+00:00,0x2A1,0100020000000000
2026-09-25T16:47:08.628525+00:00,0x2A5,00000FCEFFFF7C97
2026-09-25T16:47:08.628839+00:00,0x2A6,00000636FFFFC076
2026-09-25T16:47:08.629000+00:00,0x2A7,FFFFFB28000024EE
2026-09-25T16:47:08.629201+00:00,0x2A9,FFFF949F00000000
2026-09-25T16:47:08.631914+00:00,0x2A1,0100020000000000
2026-09-25T16:47:08.633914+00:00,0x2A5,00000FCEFFFF7C97
2026-09-25T16:47:08.634111+00:00,0x2A6,00000636FFFFC076
2026-09-25T16:47:08.634310+00:00,0x2A7,FFFFFB28000024EE
2026-09-25T16:47:08.634547+00:00,0x2A9,FFFF949F00000000
2026-09-25T16:47:08.636222+00:00,0x2A1,0100020000000000
2026-09-25T16:47:08.638398+00:00,0x2A5,00000FCEFFFF7C97
2026-09-25T16:47:08.638601+00:00,0x2A6,00000636FFFFC076
2026-09-25T16:47:08.638865+00:00,0x2A7,FFFFFB28000024EE
2026-09-25T16:47:08.639044+00:00,0x2A9,FFFF949F00000000
2026-09-25T16:47:08.641292+00:00,0x2A1,0100020000000000
2026-09-25T16:47:08.643958+00:00,0x2A5,00000FCEFFFF7C97
2026-09-25T16:47:08.644245+00:00,0x2A6,00000636FFFFC076
2026-09-25T16:47:08.644580+00:00,0x2A7,FFFFFB28000024EE
2026-09-25T16:47:08.644963+00:00,0x2A9,FFFF949F00000000
2026-09-25T16:47:08.646359+00:00,0x2A1,0100020000000000
2026-09-25T16:47:08.647491+00:00,0x2A5,00000FCEFFFF7C97
2026-09-25T16:47:08.647877+00:00,0x2A6,00000636FFFFC076
2026-09-25T16:47:08.648163+00:00,0x2A7,FFFFFB28000024EE
2026-09-25T16:47:08.648505+00:00,0x2A9,FFFF949F00000000
2026-09-25T16:47:08.653921+00:00,0x2A1,0100020000000000
2026-09-25T16:47:08.654110+00:00,0x2A5,00000FCEFFFF7C97
2026-09-25T16:47:08.654352+00:00,0x2A6,00000636FFFFC076
2026-09-25T16:47:08.654642+00:00,0x2A7,FFFFFB28000024EE
2026-09-25T16:47:08.655011+00:00,0x2A9,FFFF949F00000000
2026-09-25T16:47:08.657627+00:00,0x2A1,0100020000000000
2026-09-25T16:47:08.660245+00:00,0x2A5,00000FCEFFFF7C97
2026-09-25T16:47:08.660476+00:00,0x2A6,00000636FFFFC076
2026-09-25T16:47:08.660730+00:00,0x2A7,FFFFFB28000024EE
2026-09-25T16:47:08.661001+00:00,0x2A9,FFFF949F00000000
2026-09-25T16:47:08.661288+00:00,0x2A1,0100020000000000
2026-09-25T16:47:08.664246+00:00,0x2A5,00000FCEFFFF7C97
2026-09-25T16:47:08.664477+00:00,0x2A6,00000636FFFFC076
2026-09-25T16:47:08.664863+00:00,0x2A7,FFFFFB28000024EE
2026-09-25T16:47:08.665045+00:00,0x2A9,FFFF949F00000000
2026-09-25T16:47:08.666384+00:00,0x2A1,0100020000000000
2026-09-25T16:47:08.667731+00:00,0x2A5,00000FCEFFFF7C97
2026-09-25T16:47:08.667989+00:00,0x2A6,00000636FFFFC076
2026-09-25T16:47:08.668272+00:00,0x2A7,FFFFFB28000024EE
2026-09-25T16:47:08.668513+00:00,0x2A9,FFFF949F00000000
2026-09-25T16:47:08.673959+00:00,0x2A1,0100020000000000
2026-09-25T16:47:08.674203+00:00,0x2A5,00000FCEFFFF7C97
2026-09-25T16:47:08.677289+00:00,0x2A6,00000636FFFFC076
2026-09-25T16:47:08.677579+00:00,0x2A7,FFFFFB28000024EE
2026-09-25T16:47:08.678160+00:00,0x2A9,FFFF949F00000000
2026-09-25T16:47:08.680289+00:00,0x2A1,0100020000000000
2026-09-25T16:47:08.680571+00:00,0x2A5,00000FCEFFFF7C97
2026-09-25T16:47:08.680840+00:00,0x2A6,00000636FFFFC076
2026-09-25T16:47:08.681045+00:00,0x2A7,FFFFFB28000024EE
2026-09-25T16:47:08.681375+00:00,0x2A9,FFFF949F00000000
2026-09-25T16:47:08.681959+00:00,0x2A1,0100020000000000
2026-09-25T16:47:08.684203+00:00,0x2A5,00000FCEFFFF7C97
2026-09-25T16:47:08.684486+00:00,0x2A6,00000636FFFFC076
2026-09-25T16:47:08.684691+00:00,0x2A7,FFFFFB28000024EE
2026-09-25T16:47:08.685002+00:00,0x2A9,FFFF949F00000000
2026-09-25T16:47:08.686278+00:00,0x2A1,0100020000000000
2026-09-25T16:47:08.688731+00:00,0x2A5,00000FCEFFFF7C97
2026-09-25T16:47:08.691088+00:00,0x2A6,00000636FFFFC076
2026-09-25T16:47:08.691332+00:00,0x2A7,FFFFFB28000024EE
2026-09-25T16:47:08.691622+00:00,0x2A9,FFFF949F00000000
2026-09-25T16:47:08.693865+00:00,0x2A1,0100020000000000
2026-09-25T16:47:08.696002+00:00,0x2A5,00000FCEFFFF7C97
2026-09-25T16:47:08.696246+00:00,0x2A6,00000636FFFFC076
2026-09-25T16:47:08.696527+00:00,0x2A7,FFFFFB28000024EE
2026-09-25T16:47:08.696845+00:00,0x2A9,FFFF949F00000000
2026-09-25T16:47:08.697288+00:00,0x2A1,0100020000000000
2026-09-25T16:47:08.699354+00:00,0x2A5,00000FCEFFFF7C97
2026-09-25T16:47:08.699960+00:00,0x2A6,00000636FFFFC076
2026-09-25T16:47:08.700161+00:00,0x2A7,FFFFFB28000024EE
2026-09-25T16:47:08.700444+00:00,0x2A9,FFFF949F00000000
2026-09-25T16:47:08.704581+00:00,0x2A1,0100020000000000
2026-09-25T16:47:08.705088+00:00,0x2A5,00000FCEFFFF7C97
2026-09-25T16:47:08.705333+00:00,0x2A6,00000636FFFFC076
2026-09-25T16:47:08.705622+00:00,0x2A7,FFFFFB28000024EE
2026-09-25T16:47:08.705988+00:00,0x2A9,FFFF949F00000000
2026-09-25T16:47:08.706290+00:00,0x2A1,0100020000000000
2026-09-25T16:47:08.708688+00:00,0x2A5,00000FCBFFFF7C97
2026-09-25T16:47:08.708959+00:00,0x2A6,00000636FFFFC076
2026-09-25T16:47:08.709246+00:00,0x2A7,FFFFFB28000024EE
2026-09-25T16:47:08.709480+00:00,0x2A9,FFFF949F00000000
2026-09-25T16:47:08.712864+00:00,0x2A1,0100020000000000
2026-09-25T16:47:08.713045+00:00,0x2A5,00000FCFFFFF7C97
2026-09-25T16:47:08.713290+00:00,0x2A6,00000636FFFFC076
2026-09-25T16:47:08.713478+00:00,0x2A7,FFFFFB28000024EE
2026-09-25T16:47:08.713688+00:00,0x2A9,FFFF949F00000000
2026-09-25T16:47:08.716258+00:00,0x2A1,0100020000000000
2026-09-25T16:47:08.718527+00:00,0x2A5,00000FCFFFFF7C97
2026-09-25T16:47:08.718735+00:00,0x2A6,00000636FFFFC076
2026-09-25T16:47:08.718963+00:00,0x2A7,FFFFFB28000024EE
2026-09-25T16:47:08.719204+00:00,0x2A9,FFFF949F00000000
2026-09-25T16:47:08.721271+00:00,0x2A1,0100020000000000
2026-09-25T16:47:08.723354+00:00,0x2A5,00000FCBFFFF7C97
2026-09-25T16:47:08.723600+00:00,0x2A6,00000636FFFFC076
2026-09-25T16:47:08.723840+00:00,0x2A7,FFFFFB28000024EE
2026-09-25T16:47:08.724045+00:00,0x2A9,FFFF949F00000000
2026-09-25T16:47:08.726233+00:00,0x2A1,0100020000000000
2026-09-25T16:47:08.729246+00:00,0x2A5,00000FCBFFFF7C97
2026-09-25T16:47:08.729443+00:00,0x2A6,00000636FFFFC076
2026-09-25T16:47:08.729645+00:00,0x2A7,FFFFFB28000024EE
2026-09-25T16:47:08.729916+00:00,0x2A9,FFFF949F00000000
2026-09-25T16:47:08.731959+00:00,0x2A1,0100020000000000
2026-09-25T16:47:08.734110+00:00,0x2A5,00000FCBFFFF7C97
2026-09-25T16:47:08.734312+00:00,0x2A6,00000636FFFFC076
2026-09-25T16:47:08.734549+00:00,0x2A7,FFFFFB28000024EE
2026-09-25T16:47:08.734840+00:00,0x2A9,FFFF949F00000000
2026-09-25T16:47:08.736223+00:00,0x2A1,0100020000000000
2026-09-25T16:47:08.738510+00:00,0x2A5,00000FCFFFFF7C97
2026-09-25T16:47:08.738857+00:00,0x2A6,00000636FFFFC076
2026-09-25T16:47:08.738960+00:00,0x2A7,FFFFFB28000024EE
2026-09-25T16:47:08.739203+00:00,0x2A9,FFFF949F00000000
2026-09-25T16:47:08.741254+00:00,0x2A1,0100020000000000
2026-09-25T16:47:08.743478+00:00,0x2A5,00000FCBFFFF7C97
2026-09-25T16:47:08.743731+00:00,0x2A6,00000636FFFFC076
2026-09-25T16:47:08.743959+00:00,0x2A7,FFFFFB28000024EE
2026-09-25T16:47:08.744160+00:00,0x2A9,FFFF949F00000000
2026-09-25T16:47:08.746216+00:00,0x2A1,0100020000000000
2026-09-25T16:47:08.748709+00:00,0x2A5,00000FCFFFFF7C97
2026-09-25T16:47:08.748960+00:00,0x2A6,00000636FFFFC076
2026-09-25T16:47:08.749401+00:00,0x2A7,FFFFFB28000024EE
2026-09-25T16:47:08.749645+00:00,0x2A9,FFFF949F00000000
2026-09-25T16:47:08.751851+00:00,0x2A1,0100020000000000
2026-09-25T16:47:08.753959+00:00,0x2A5,00000FCFFFFF7C97
2026-09-25T16:47:08.754203+00:00,0x2A6,00000636FFFFC076
2026-09-25T16:47:08.754400+00:00,0x2A7,FFFFFB28000024EE
2026-09-25T16:47:08.754602+00:00,0x2A9,FFFF949F00000000
2026-09-25T16:47:08.756316+00:00,0x2A1,0100020000000000
2026-09-25T16:47:08.759002+00:00,0x2A5,00000FCBFFFF7C97
2026-09-25T16:47:08.759203+00:00,0x2A6,00000636FFFFC076
2026-09-25T16:47:08.759443+00:00,0x2A7,FFFFFB28000024EE
2026-09-25T16:47:08.759689+00:00,0x2A9,FFFF949F00000000
2026-09-25T16:47:08.761350+00:00,0x2A1,0100020000000000
2026-09-25T16:47:08.762984+00:00,0x2A5,00000FCBFFFF7C97
2026-09-25T16:47:08.763203+00:00,0x2A6,00000636FFFFC076
2026-09-25T16:47:08.763443+00:00,0x2A7,FFFFFB28000024EE
2026-09-25T16:47:08.763688+00:00,0x2A9,FFFF949F00000000
2026-09-25T16:47:08.766287+00:00,0x2A1,0100020000000000
2026-09-25T16:47:08.769112+00:00,0x2A5,00000FCBFFFF7C97
2026-09-25T16:47:08.769355+00:00,0x2A6,00000636FFFFC076
2026-09-25T16:47:08.769549+00:00,0x2A7,FFFFFB28000024EE
2026-09-25T16:47:08.769840+00:00,0x2A9,FFFF949F00000000
2026-09-25T16:47:08.772443+00:00,0x2A1,0100020000000000
2026-09-25T16:47:08.774444+00:00,0x2A5,00000FCFFFFF7C97
2026-09-25T16:47:08.774688+00:00,0x2A6,00000636FFFFC076
2026-09-25T16:47:08.774960+00:00,0x2A7,FFFFFB28000024EE
2026-09-25T16:47:08.775161+00:00,0x2A9,FFFF949F00000000
2026-09-25T16:47:08.776233+00:00,0x2A1,0100020000000000
2026-09-25T16:47:08.778481+00:00,0x2A5,00000FCBFFFF7C97
2026-09-25T16:47:08.778689+00:00,0x2A6,00000636FFFFC076
2026-09-25T16:47:08.778916+00:00,0x2A7,FFFFFB28000024EE
2026-09-25T16:47:08.779161+00:00,0x2A9,FFFF949F00000000
2026-09-25T16:47:08.781224+00:00,0x2A1,0100020000000000
2026-09-25T16:47:08.783401+00:00,0x2A5,00000FCFFFFF7C97
2026-09-25T16:47:08.783602+00:00,0x2A6,00000636FFFFC076
2026-09-25T16:47:08.783843+00:00,0x2A7,FFFFFB28000024EE
2026-09-25T16:47:08.784089+00:00,0x2A9,FFFF949F00000000
2026-09-25T16:47:08.786219+00:00,0x2A1,0100020000000000
2026-09-25T16:47:08.789046+00:00,0x2A5,00000FCFFFFF7C97
2026-09-25T16:47:08.789290+00:00,0x2A6,00000636FFFFC076
2026-09-25T16:47:08.789478+00:00,0x2A7,FFFFFB28000024EE
2026-09-25T16:47:08.789732+00:00,0x2A9,FFFF949F00000000
2026-09-25T16:47:08.792444+00:00,0x2A1,0100020000000000
2026-09-25T16:47:08.794479+00:00,0x2A5,00000FCBFFFF7C97
2026-09-25T16:47:08.794732+00:00,0x2A6,00000636FFFFC076
2026-09-25T16:47:08.794960+00:00,0x2A7,FFFFFB28000024EE
2026-09-25T16:47:08.795161+00:00,0x2A9,FFFF949F00000000
2026-09-25T16:47:08.796406+00:00,0x2A1,0100020000000000
2026-09-25T16:47:08.798401+00:00,0x2A5,00000FCBFFFF7C97
2026-09-25T16:47:08.798603+00:00,0x2A6,00000636FFFFC076
2026-09-25T16:47:08.798843+00:00,0x2A7,FFFFFB28000024EE
2026-09-25T16:47:08.799046+00:00,0x2A9,FFFF949F00000000
2026-09-25T16:47:08.801239+00:00,0x2A1,0100020000000000
2026-09-25T16:47:08.803249+00:00,0x2A5,00000FCBFFFF7C97
2026-09-25T16:47:08.803444+00:00,0x2A6,00000636FFFFC076
2026-09-25T16:47:08.803689+00:00,0x2A7,FFFFFB28000024EE
2026-09-25T16:47:08.803916+00:00,0x2A9,FFFF949F00000000
2026-09-25T16:47:08.806233+00:00,0x2A1,0100020000000000
2026-09-25T16:47:08.808962+00:00,0x2A5,00000FCFFFFF7C97
2026-09-25T16:47:08.809204+00:00,0x2A6,00000636FFFFC076
2026-09-25T16:47:08.809401+00:00,0x2A7,FFFFFB28000024EE
2026-09-25T16:47:08.809966+00:00,0x2A9,FFFF949F00000000
2026-09-25T16:47:08.813247+00:00,0x2A1,0100020000000000
2026-09-25T16:47:08.815289+00:00,0x2A5,00000FC9FFFF7C97
2026-09-25T16:47:08.815536+00:00,0x2A6,00000636FFFFC076
2026-09-25T16:47:08.815846+00:00,0x2A7,FFFFFB28000024EE
2026-09-25T16:47:08.816492+00:00,0x2A9,FFFF949F00000000
2026-09-25T16:47:08.816836+00:00,0x2A1,0100020000000000
2026-09-25T16:47:08.818845+00:00,0x2A5,00000FCEFFFF7C97
2026-09-25T16:47:08.819046+00:00,0x2A6,00000636FFFFC076
2026-09-25T16:47:08.819290+00:00,0x2A7,FFFFFB28000024EE
2026-09-25T16:47:08.819528+00:00,0x2A9,FFFF949F00000000
2026-09-25T16:47:08.821288+00:00,0x2A1,0100020000000000
2026-09-25T16:47:08.823444+00:00,0x2A5,00000FCEFFFF7C97
2026-09-25T16:47:08.823646+00:00,0x2A6,00000636FFFFC076
2026-09-25T16:47:08.823916+00:00,0x2A7,FFFFFB28000024EE
2026-09-25T16:47:08.824161+00:00,0x2A9,FFFF949F00000000
2026-09-25T16:47:08.826234+00:00,0x2A1,0100020000000000
2026-09-25T16:47:08.829047+00:00,0x2A5,00000FCEFFFF7C97
2026-09-25T16:47:08.829251+00:00,0x2A6,00000636FFFFC076
2026-09-25T16:47:08.829479+00:00,0x2A7,FFFFFB28000024EE
2026-09-25T16:47:08.829689+00:00,0x2A9,FFFF949F00000000
2026-09-25T16:47:08.832916+00:00,0x2A1,0100020000000000
2026-09-25T16:47:08.834960+00:00,0x2A5,00000FCEFFFF7C97
2026-09-25T16:47:08.835204+00:00,0x2A6,00000636FFFFC076
2026-09-25T16:47:08.835424+00:00,0x2A7,FFFFFB28000024EE
2026-09-25T16:47:08.835646+00:00,0x2A9,FFFF949F00000000
2026-09-25T16:47:08.836242+00:00,0x2A1,0100020000000000
2026-09-25T16:47:08.838355+00:00,0x2A5,00000FCEFFFF7C97
2026-09-25T16:47:08.838549+00:00,0x2A6,00000636FFFFC076
2026-09-25T16:47:08.838840+00:00,0x2A7,FFFFFB28000024EE
2026-09-25T16:47:08.839003+00:00,0x2A9,FFFF949F00000000
2026-09-25T16:47:08.841247+00:00,0x2A1,0100020000000000
2026-09-25T16:47:08.843553+00:00,0x2A5,00000FCEFFFF7C97
2026-09-25T16:47:08.843852+00:00,0x2A6,00000636FFFFC076
2026-09-25T16:47:08.844004+00:00,0x2A7,FFFFFB28000024EE
2026-09-25T16:47:08.844247+00:00,0x2A9,FFFF949F00000000
2026-09-25T16:47:08.846233+00:00,0x2A1,0100020000000000
2026-09-25T16:47:08.849067+00:00,0x2A5,00000FCEFFFF7C97
2026-09-25T16:47:08.849313+00:00,0x2A6,00000636FFFFC076
2026-09-25T16:47:08.849550+00:00,0x2A7,FFFFFB28000024EE
2026-09-25T16:47:08.849840+00:00,0x2A9,FFFF949F00000000
2026-09-25T16:47:08.852644+00:00,0x2A1,0100020000000000
2026-09-25T16:47:08.854644+00:00,0x2A5,00000FCEFFFF7C97
2026-09-25T16:47:08.854864+00:00,0x2A6,00000636FFFFC076
2026-09-25T16:47:08.855109+00:00,0x2A7,FFFFFB28000024EE
2026-09-25T16:47:08.855353+00:00,0x2A9,FFFF949F00000000
2026-09-25T16:47:08.856208+00:00,0x2A1,0100020000000000
2026-09-25T16:47:08.858310+00:00,0x2A5,00000FCEFFFF7C97
2026-09-25T16:47:08.858499+00:00,0x2A6,00000636FFFFC076
2026-09-25T16:47:08.858837+00:00,0x2A7,FFFFFB28000024EE
2026-09-25T16:47:08.858958+00:00,0x2A9,FFFF949F00000000
2026-09-25T16:47:08.861256+00:00,0x2A1,0100020000000000
2026-09-25T16:47:08.863959+00:00,0x2A5,00000FCEFFFF7C97
2026-09-25T16:47:08.864203+00:00,0x2A6,00000636FFFFC076
2026-09-25T16:47:08.864480+00:00,0x2A7,FFFFFB28000024EE
2026-09-25T16:47:08.864730+00:00,0x2A9,FFFF949F00000000
2026-09-25T16:47:08.866308+00:00,0x2A1,0100020000000000
2026-09-25T16:47:08.870082+00:00,0x2A5,00000FCEFFFF7C97
2026-09-25T16:47:08.870343+00:00,0x2A6,00000636FFFFC076
2026-09-25T16:47:08.870572+00:00,0x2A7,FFFFFB28000024EE
2026-09-25T16:47:08.870911+00:00,0x2A9,FFFF949F00000000
2026-09-25T16:47:08.871430+00:00,0x2A1,0100020000000000
2026-09-25T16:47:08.874044+00:00,0x2A5,00000FCEFFFF7C97
2026-09-25T16:47:08.874245+00:00,0x2A6,00000636FFFFC076
2026-09-25T16:47:08.874486+00:00,0x2A7,FFFFFB28000024EE
2026-09-25T16:47:08.874687+00:00,0x2A9,FFFF949F00000000
2026-09-25T16:47:08.876332+00:00,0x2A1,0100020000000000
2026-09-25T16:47:08.878601+00:00,0x2A5,00000FCEFFFF7C97
2026-09-25T16:47:08.878894+00:00,0x2A6,00000636FFFFC076
2026-09-25T16:47:08.879056+00:00,0x2A7,FFFFFB28000024EE
2026-09-25T16:47:08.879300+00:00,0x2A9,FFFF949F00000000
2026-09-25T16:47:08.881340+00:00,0x2A1,0100020000000000
2026-09-25T16:47:08.883548+00:00,0x2A5,00000FCEFFFF7C97
2026-09-25T16:47:08.883964+00:00,0x2A6,00000636FFFFC076
2026-09-25T16:47:08.884098+00:00,0x2A7,FFFFFB28000024EE
2026-09-25T16:47:08.884258+00:00,0x2A9,FFFF949F00000000
2026-09-25T16:47:08.886320+00:00,0x2A1,0100020000000000
2026-09-25T16:47:08.889188+00:00,0x2A5,00000FCEFFFF7C97
2026-09-25T16:47:08.889392+00:00,0x2A6,00000636FFFFC076
2026-09-25T16:47:08.889638+00:00,0x2A7,FFFFFB28000024EE
2026-09-25T16:47:08.889943+00:00,0x2A9,FFFF949F00000000
2026-09-25T16:47:08.892958+00:00,0x2A1,0100020000000000
2026-09-25T16:47:08.895023+00:00,0x2A5,00000FCEFFFF7C97
2026-09-25T16:47:08.895267+00:00,0x2A6,00000636FFFFC076
2026-09-25T16:47:08.895464+00:00,0x2A7,FFFFFB28000024EE
2026-09-25T16:47:08.895708+00:00,0x2A9,FFFF949F00000000
2026-09-25T16:47:08.896196+00:00,0x2A1,0100020000000000
2026-09-25T16:47:08.898311+00:00,0x2A5,00000FCEFFFF7C97
2026-09-25T16:47:08.898548+00:00,0x2A6,00000636FFFFC076
2026-09-25T16:47:08.898900+00:00,0x2A7,FFFFFB28000024EE
2026-09-25T16:47:08.898981+00:00,0x2A9,FFFF949F00000000
2026-09-25T16:47:08.901229+00:00,0x2A1,0100020000000000
2026-09-25T16:47:08.903500+00:00,0x2A5,00000FCEFFFF7C97
2026-09-25T16:47:08.903708+00:00,0x2A6,00000636FFFFC076
2026-09-25T16:47:08.903954+00:00,0x2A7,FFFFFB28000024EE
2026-09-25T16:47:08.904182+00:00,0x2A9,FFFF949F00000000
2026-09-25T16:47:08.906230+00:00,0x2A1,0100020000000000
2026-09-25T16:47:08.909135+00:00,0x2A5,00000FCEFFFF7C97
2026-09-25T16:47:08.909334+00:00,0x2A6,00000636FFFFC076
2026-09-25T16:47:08.909571+00:00,0x2A7,FFFFFB28000024EE
2026-09-25T16:47:08.909863+00:00,0x2A9,FFFF949F00000000
2026-09-25T16:47:08.912940+00:00,0x2A1,0100020000000000
2026-09-25T16:47:08.914886+00:00,0x2A5,00000FCEFFFF7C97
2026-09-25T16:47:08.915026+00:00,0x2A6,00000636FFFFC076
2026-09-25T16:47:08.915270+00:00,0x2A7,FFFFFB28000024EE
2026-09-25T16:47:08.915501+00:00,0x2A9,FFFF949F00000000
2026-09-25T16:47:08.916483+00:00,0x2A1,0100020000000000
2026-09-25T16:47:08.918978+00:00,0x2A5,00000FCEFFFF7C97
2026-09-25T16:47:08.919183+00:00,0x2A6,00000636FFFFC076
2026-09-25T16:47:08.919422+00:00,0x2A7,FFFFFB28000024EE
2026-09-25T16:47:08.919667+00:00,0x2A9,FFFF949F00000000
2026-09-25T16:47:08.921263+00:00,0x2A1,0100020000000000
2026-09-25T16:47:08.923710+00:00,0x2A5,00000FCEFFFF7C97
2026-09-25T16:47:08.924026+00:00,0x2A6,00000636FFFFC076
2026-09-25T16:47:08.924269+00:00,0x2A7,FFFFFB28000024EE
2026-09-25T16:47:08.924501+00:00,0x2A9,FFFF949F00000000
2026-09-25T16:47:08.926281+00:00,0x2A1,0100020000000000
2026-09-25T16:47:08.928069+00:00,0x2A5,00000FCEFFFF7C97
2026-09-25T16:47:08.928270+00:00,0x2A6,00000636FFFFC076
2026-09-25T16:47:08.928502+00:00,0x2A7,FFFFFB28000024EE
2026-09-25T16:47:08.928863+00:00,0x2A9,FFFF949F00000000
2026-09-25T16:47:08.931299+00:00,0x2A1,0100020000000000
2026-09-25T16:47:08.934983+00:00,0x2A5,00000FCEFFFF7C97
2026-09-25T16:47:08.935184+00:00,0x2A6,00000636FFFFC076
2026-09-25T16:47:08.935422+00:00,0x2A7,FFFFFB28000024EE
2026-09-25T16:47:08.935623+00:00,0x2A9,FFFF949F00000000
2026-09-25T16:47:08.936198+00:00,0x2A1,0100020000000000
2026-09-25T16:47:08.938313+00:00,0x2A5,00000FCEFFFF7C97
2026-09-25T16:47:08.938550+00:00,0x2A6,00000636FFFFC076
2026-09-25T16:47:08.938862+00:00,0x2A7,FFFFFB28000024EE
2026-09-25T16:47:08.938983+00:00,0x2A9,FFFF949F00000000
2026-09-25T16:47:08.941188+00:00,0x2A1,0100020000000000
2026-09-25T16:47:08.943423+00:00,0x2A5,00000FCEFFFF7C97
2026-09-25T16:47:08.943624+00:00,0x2A6,00000636FFFFC076
2026-09-25T16:47:08.943864+00:00,0x2A7,FFFFFB28000024EE
2026-09-25T16:47:08.944069+00:00,0x2A9,FFFF949F00000000
2026-09-25T16:47:08.946187+00:00,0x2A1,0100020000000000
2026-09-25T16:47:08.948502+00:00,0x2A5,00000FCEFFFF7C97
2026-09-25T16:47:08.948885+00:00,0x2A6,00000636FFFFC076
2026-09-25T16:47:08.948983+00:00,0x2A7,FFFFFB28000024EE
2026-09-25T16:47:08.949184+00:00,0x2A9,FFFF949F00000000
2026-09-25T16:47:08.951498+00:00,0x2A1,0100020000000000
2026-09-25T16:47:08.955069+00:00,0x2A5,00000FCEFFFF7C97
2026-09-25T16:47:08.955313+00:00,0x2A6,00000636FFFFC076
2026-09-25T16:47:08.955501+00:00,0x2A7,FFFFFB28000024EE
2026-09-25T16:47:08.955860+00:00,0x2A9,FFFF949F00000000
2026-09-25T16:47:08.956198+00:00,0x2A1,0100020000000000
2026-09-25T16:47:08.958423+00:00,0x2A5,00000FCEFFFF7C97
2026-09-25T16:47:08.958667+00:00,0x2A6,00000636FFFFC076
2026-09-25T16:47:08.958886+00:00,0x2A7,FFFFFB28000024EE
2026-09-25T16:47:08.959090+00:00,0x2A9,FFFF949F00000000
2026-09-25T16:47:08.961188+00:00,0x2A1,0100020000000000
2026-09-25T16:47:08.963466+00:00,0x2A5,00000FCEFFFF7C97
2026-09-25T16:47:08.963667+00:00,0x2A6,00000636FFFFC076
2026-09-25T16:47:08.963948+00:00,0x2A7,FFFFFB28000024EE
2026-09-25T16:47:08.964184+00:00,0x2A9,FFFF949F00000000
2026-09-25T16:47:08.966188+00:00,0x2A1,0100020000000000
2026-09-25T16:47:08.969313+00:00,0x2A5,00000FCEFFFF7C97
2026-09-25T16:47:08.969602+00:00,0x2A6,00000636FFFFC076
2026-09-25T16:47:08.969864+00:00,0x2A7,FFFFFB28000024EE
2026-09-25T16:47:08.970069+00:00,0x2A9,FFFF949F00000000
2026-09-25T16:47:08.971498+00:00,0x2A1,0100020000000000
2026-09-25T16:47:08.975885+00:00,0x2A5,00000FCEFFFF7C97
2026-09-25T16:47:08.975983+00:00,0x2A6,00000636FFFFC076
2026-09-25T16:47:08.976227+00:00,0x2A7,FFFFFB28000024EE
2026-09-25T16:47:08.976501+00:00,0x2A9,FFFF949F00000000
2026-09-25T16:47:08.976885+00:00,0x2A1,0100020000000000
2026-09-25T16:47:08.977330+00:00,0x2A5,00000FCEFFFF7C97
2026-09-25T16:47:08.977613+00:00,0x2A6,00000636FFFFC076
2026-09-25T16:47:08.977938+00:00,0x2A7,FFFFFB28000024EE
2026-09-25T16:47:08.978209+00:00,0x2A9,FFFF949F00000000
2026-09-25T16:47:08.981232+00:00,0x2A1,0100020000000000
2026-09-25T16:47:08.983667+00:00,0x2A5,00000FCEFFFF7C97
2026-09-25T16:47:08.983886+00:00,0x2A6,00000636FFFFC076
2026-09-25T16:47:08.984133+00:00,0x2A7,FFFFFB28000024EE
2026-09-25T16:47:08.984381+00:00,0x2A9,FFFF949F00000000
2026-09-25T16:47:08.988335+00:00,0x2A1,0100020000000000
2026-09-25T16:47:08.989467+00:00,0x2A5,00000FCEFFFF7C97
2026-09-25T16:47:08.989710+00:00,0x2A6,00000636FFFFC076
2026-09-25T16:47:08.989949+00:00,0x2A7,FFFFFB28000024EE
2026-09-25T16:47:08.990183+00:00,0x2A9,FFFF949F00000000
2026-09-25T16:47:08.991469+00:00,0x2A1,0100020000000000
2026-09-25T16:47:08.995136+00:00,0x2A5,00000FCEFFFF7C97
2026-09-25T16:47:08.995421+00:00,0x2A6,00000636FFFFC076
2026-09-25T16:47:08.995624+00:00,0x2A7,FFFFFB28000024EE
2026-09-25T16:47:08.995864+00:00,0x2A9,FFFF949F00000000
2026-09-25T16:47:08.996241+00:00,0x2A1,0100020000000000
2026-09-25T16:47:08.998335+00:00,0x2A5,00000FCEFFFF7C97
2026-09-25T16:47:08.998581+00:00,0x2A6,00000636FFFFC076
2026-09-25T16:47:08.998864+00:00,0x2A7,FFFFFB28000024EE
2026-09-25T16:47:08.998983+00:00,0x2A9,FFFF949F00000000
2026-09-25T16:47:09.001245+00:00,0x2A1,0100020000000000
2026-09-25T16:47:09.003269+00:00,0x2A5,00000FCEFFFF7C97
2026-09-25T16:47:09.003466+00:00,0x2A6,00000636FFFFC076
2026-09-25T16:47:09.003666+00:00,0x2A7,FFFFFB28000024EE
2026-09-25T16:47:09.003956+00:00,0x2A9,FFFF949F00000000
2026-09-25T16:47:09.006231+00:00,0x2A1,0100020000000000
2026-09-25T16:47:09.009068+00:00,0x2A5,00000FCEFFFF7C97
2026-09-25T16:47:09.009269+00:00,0x2A6,00000636FFFFC076
2026-09-25T16:47:09.009501+00:00,0x2A7,FFFFFB28000024EE
2026-09-25T16:47:09.009709+00:00,0x2A9,FFFF949F00000000
2026-09-25T16:47:09.013689+00:00,0x2A1,0100020000000000
2026-09-25T16:47:09.015466+00:00,0x2A5,00000FCEFFFF7C97
2026-09-25T16:47:09.015666+00:00,0x2A6,00000636FFFFC076
2026-09-25T16:47:09.015886+00:00,0x2A7,FFFFFB28000024EE
2026-09-25T16:47:09.016133+00:00,0x2A9,FFFF949F00000000
2026-09-25T16:47:09.016377+00:00,0x2A1,0100020000000000
2026-09-25T16:47:09.018605+00:00,0x2A5,00000FCEFFFF7C97
2026-09-25T16:47:09.018863+00:00,0x2A6,00000636FFFFC076
2026-09-25T16:47:09.019025+00:00,0x2A7,FFFFFB28000024EE
2026-09-25T16:47:09.019269+00:00,0x2A9,FFFF949F00000000
2026-09-25T16:47:09.021247+00:00,0x2A1,0100020000000000
2026-09-25T16:47:09.023501+00:00,0x2A5,00000FCEFFFF7C97
2026-09-25T16:47:09.023885+00:00,0x2A6,00000636FFFFC076
2026-09-25T16:47:09.024015+00:00,0x2A7,FFFFFB28000024EE
2026-09-25T16:47:09.024226+00:00,0x2A9,FFFF949F00000000
2026-09-25T16:47:09.027889+00:00,0x2A1,0100020000000000
2026-09-25T16:47:09.029887+00:00,0x2A5,00000FCEFFFF7C97
2026-09-25T16:47:09.030069+00:00,0x2A6,00000636FFFFC076
2026-09-25T16:47:09.030313+00:00,0x2A7,FFFFFB28000024EE
2026-09-25T16:47:09.030550+00:00,0x2A9,FFFF949F00000000
2026-09-25T16:47:09.031550+00:00,0x2A1,0100020000000000
2026-09-25T16:47:09.035667+00:00,0x2A5,00000FCEFFFF7C97
2026-09-25T16:47:09.035886+00:00,0x2A6,00000636FFFFC076
2026-09-25T16:47:09.036180+00:00,0x2A7,FFFFFB28000024EE
2026-09-25T16:47:09.036415+00:00,0x2A9,FFFF949F00000000
2026-09-25T16:47:09.036664+00:00,0x2A1,0100020000000000
2026-09-25T16:47:09.038862+00:00,0x2A5,00000FCEFFFF7C97
2026-09-25T16:47:09.038982+00:00,0x2A6,00000636FFFFC076
2026-09-25T16:47:09.039226+00:00,0x2A7,FFFFFB28000024EE
2026-09-25T16:47:09.039423+00:00,0x2A9,FFFF949F00000000
2026-09-25T16:47:09.041529+00:00,0x2A1,0100020000000000
2026-09-25T16:47:09.043581+00:00,0x2A5,00000FCEFFFF7C97
2026-09-25T16:47:09.043864+00:00,0x2A6,00000636FFFFC076
2026-09-25T16:47:09.043982+00:00,0x2A7,FFFFFB28000024EE
2026-09-25T16:47:09.044183+00:00,0x2A9,FFFF949F00000000
2026-09-25T16:47:09.046231+00:00,0x2A1,0100020000000000
2026-09-25T16:47:09.049026+00:00,0x2A5,00000FCEFFFF7C97
2026-09-25T16:47:09.049249+00:00,0x2A6,00000636FFFFC076
2026-09-25T16:47:09.049424+00:00,0x2A7,FFFFFB28000024EE
2026-09-25T16:47:09.049625+00:00,0x2A9,FFFF949F00000000
2026-09-25T16:47:09.051220+00:00,0x2A1,0100020000000000
2026-09-25T16:47:09.054887+00:00,0x2A5,00000FCEFFFF7C97
2026-09-25T16:47:09.055090+00:00,0x2A6,00000636FFFFC076
2026-09-25T16:47:09.055291+00:00,0x2A7,FFFFFB28000024EE
2026-09-25T16:47:09.055529+00:00,0x2A9,FFFF949F00000000
2026-09-25T16:47:09.056198+00:00,0x2A1,0100020000000000
2026-09-25T16:47:09.058335+00:00,0x2A5,00000FCEFFFF7C97
2026-09-25T16:47:09.058581+00:00,0x2A6,00000636FFFFC076
2026-09-25T16:47:09.058864+00:00,0x2A7,FFFFFB28000024EE
2026-09-25T16:47:09.058983+00:00,0x2A9,FFFF949F00000000
2026-09-25T16:47:09.061235+00:00,0x2A1,0100020000000000
2026-09-25T16:47:09.063423+00:00,0x2A5,00000FCEFFFF7C97
2026-09-25T16:47:09.063666+00:00,0x2A6,00000636FFFFC076
2026-09-25T16:47:09.063885+00:00,0x2A7,FFFFFB28000024EE
2026-09-25T16:47:09.064133+00:00,0x2A9,FFFF949F00000000
2026-09-25T16:47:09.066230+00:00,0x2A1,0100020000000000
2026-09-25T16:47:09.069183+00:00,0x2A5,00000FCEFFFF7C97
2026-09-25T16:47:09.069423+00:00,0x2A6,00000636FFFFC076
2026-09-25T16:47:09.069624+00:00,0x2A7,FFFFFB28000024EE
2026-09-25T16:47:09.069864+00:00,0x2A9,FFFF949F00000000
2026-09-25T16:47:09.071218+00:00,0x2A1,0100020000000000
2026-09-25T16:47:09.075226+00:00,0x2A5,00000FCEFFFF7C97
2026-09-25T16:47:09.075423+00:00,0x2A6,00000636FFFFC076
2026-09-25T16:47:09.075709+00:00,0x2A7,FFFFFB28000024EE
2026-09-25T16:47:09.075952+00:00,0x2A9,FFFF949F00000000
2026-09-25T16:47:09.076226+00:00,0x2A1,0100020000000000
2026-09-25T16:47:09.078500+00:00,0x2A5,00000FCEFFFF7C97
2026-09-25T16:47:09.078886+00:00,0x2A6,00000636FFFFC076
2026-09-25T16:47:09.079025+00:00,0x2A7,FFFFFB28000024EE
2026-09-25T16:47:09.079311+00:00,0x2A9,FFFF949F00000000
2026-09-25T16:47:09.081274+00:00,0x2A1,0100020000000000
2026-09-25T16:47:09.083850+00:00,0x2A5,00000FCEFFFF7C97
2026-09-25T16:47:09.084025+00:00,0x2A6,00000636FFFFC076
2026-09-25T16:47:09.084269+00:00,0x2A7,FFFFFB28000024EE
2026-09-25T16:47:09.084500+00:00,0x2A9,FFFF949F00000000
2026-09-25T16:47:09.086299+00:00,0x2A1,0100020000000000
2026-09-25T16:47:09.088970+00:00,0x2A5,00000FCEFFFF7C97
2026-09-25T16:47:09.089182+00:00,0x2A6,00000636FFFFC076
2026-09-25T16:47:09.089422+00:00,0x2A7,FFFFFB28000024EE
2026-09-25T16:47:09.089622+00:00,0x2A9,FFFF949F00000000
2026-09-25T16:47:09.091230+00:00,0x2A1,0100020000000000
2026-09-25T16:47:09.093623+00:00,0x2A5,00000FCEFFFF7C97
2026-09-25T16:47:09.094025+00:00,0x2A6,00000636FFFFC076
2026-09-25T16:47:09.095405+00:00,0x2A7,FFFFFB28000024EE
2026-09-25T16:47:09.095623+00:00,0x2A9,FFFF949F00000000
2026-09-25T16:47:09.096197+00:00,0x2A1,0100020000000000
2026-09-25T16:47:09.098572+00:00,0x2A5,00000FCEFFFF7C97
2026-09-25T16:47:09.098891+00:00,0x2A6,00000636FFFFC076
2026-09-25T16:47:09.099025+00:00,0x2A7,FFFFFB28000024EE
2026-09-25T16:47:09.099269+00:00,0x2A9,FFFF949F00000000
2026-09-25T16:47:09.101189+00:00,0x2A1,0100020000000000
2026-09-25T16:47:09.103423+00:00,0x2A5,00000FCEFFFF7C97
2026-09-25T16:47:09.103624+00:00,0x2A6,00000636FFFFC076
2026-09-25T16:47:09.103886+00:00,0x2A7,FFFFFB28000024EE
2026-09-25T16:47:09.104089+00:00,0x2A9,FFFF949F00000000
2026-09-25T16:47:09.106231+00:00,0x2A1,0100020000000000
2026-09-25T16:47:09.109026+00:00,0x2A5,00000FCEFFFF7C97
2026-09-25T16:47:09.109270+00:00,0x2A6,00000636FFFFC076
2026-09-25T16:47:09.109468+00:00,0x2A7,FFFFFB28000024EE
2026-09-25T16:47:09.109710+00:00,0x2A9,FFFF949F00000000
2026-09-25T16:47:09.111219+00:00,0x2A1,0100020000000000
2026-09-25T16:47:09.115501+00:00,0x2A5,00000FCEFFFF7C97
2026-09-25T16:47:09.115889+00:00,0x2A6,00000636FFFFC076
2026-09-25T16:47:09.115945+00:00,0x2A7,FFFFFB28000024EE
2026-09-25T16:47:09.116227+00:00,0x2A9,FFFF949F00000000
2026-09-25T16:47:09.116861+00:00,0x2A1,0100020000000000
2026-09-25T16:47:09.118865+00:00,0x2A5,00000FCEFFFF7C97
2026-09-25T16:47:09.119026+00:00,0x2A6,00000636FFFFC076
2026-09-25T16:47:09.119227+00:00,0x2A7,FFFFFB28000024EE
2026-09-25T16:47:09.119424+00:00,0x2A9,FFFF949F00000000
2026-09-25T16:47:09.121232+00:00,0x2A1,0100020000000000
2026-09-25T16:47:09.123528+00:00,0x2A5,00000FCEFFFF7C97
2026-09-25T16:47:09.123733+00:00,0x2A6,00000636FFFFC076
2026-09-25T16:47:09.123982+00:00,0x2A7,FFFFFB28000024EE
2026-09-25T16:47:09.124183+00:00,0x2A9,FFFF949F00000000
2026-09-25T16:47:09.126230+00:00,0x2A1,0100020000000000
2026-09-25T16:47:09.129376+00:00,0x2A5,00000FCEFFFF7C97
2026-09-25T16:47:09.129666+00:00,0x2A6,00000636FFFFC076
2026-09-25T16:47:09.129982+00:00,0x2A7,FFFFFB28000024EE
2026-09-25T16:47:09.130226+00:00,0x2A9,FFFF949F00000000
2026-09-25T16:47:09.131273+00:00,0x2A1,0100020000000000
2026-09-25T16:47:09.133295+00:00,0x2A5,00000FCEFFFF7C97
2026-09-25T16:47:09.133532+00:00,0x2A6,00000636FFFFC076
2026-09-25T16:47:09.133852+00:00,0x2A7,FFFFFB28000024EE
2026-09-25T16:47:09.134005+00:00,0x2A9,FFFF949F00000000
2026-09-25T16:47:09.136888+00:00,0x2A1,0100020000000000
2026-09-25T16:47:09.139154+00:00,0x2A5,00000FCEFFFF7C97
2026-09-25T16:47:09.139398+00:00,0x2A6,00000636FFFFC076
2026-09-25T16:47:09.139644+00:00,0x2A7,FFFFFB28000024EE
2026-09-25T16:47:09.140183+00:00,0x2A9,FFFF949F00000000
2026-09-25T16:47:09.141231+00:00,0x2A1,0100020000000000
2026-09-25T16:47:09.143579+00:00,0x2A5,00000FCEFFFF7C97
2026-09-25T16:47:09.143862+00:00,0x2A6,00000636FFFFC076
2026-09-25T16:47:09.144026+00:00,0x2A7,FFFFFB28000024EE
2026-09-25T16:47:09.144226+00:00,0x2A9,FFFF949F00000000
2026-09-25T16:47:09.146230+00:00,0x2A1,0100020000000000
2026-09-25T16:47:09.148982+00:00,0x2A5,00000FCEFFFF7C97
2026-09-25T16:47:09.149183+00:00,0x2A6,00000636FFFFC076
2026-09-25T16:47:09.149379+00:00,0x2A7,FFFFFB28000024EE
2026-09-25T16:47:09.149623+00:00,0x2A9,FFFF949F00000000
2026-09-25T16:47:09.151246+00:00,0x2A1,0100020000000000
2026-09-25T16:47:09.153732+00:00,0x2A5,00000FCEFFFF7C97
2026-09-25T16:47:09.153960+00:00,0x2A6,00000636FFFFC076
2026-09-25T16:47:09.154204+00:00,0x2A7,FFFFFB28000024EE
2026-09-25T16:47:09.154401+00:00,0x2A9,FFFF949F00000000
2026-09-25T16:47:09.156226+00:00,0x2A1,0100020000000000
2026-09-25T16:47:09.158488+00:00,0x2A5,00000FCEFFFF7C97
2026-09-25T16:47:09.158732+00:00,0x2A6,00000636FFFFC076
2026-09-25T16:47:09.158961+00:00,0x2A7,FFFFFB28000024EE
2026-09-25T16:47:09.159162+00:00,0x2A9,FFFF949F00000000
2026-09-25T16:47:09.161247+00:00,0x2A1,0100020000000000
2026-09-25T16:47:09.163550+00:00,0x2A5,00000FCEFFFF7C97
2026-09-25T16:47:09.163841+00:00,0x2A6,00000636FFFFC076
2026-09-25T16:47:09.164003+00:00,0x2A7,FFFFFB28000024EE
2026-09-25T16:47:09.164204+00:00,0x2A9,FFFF949F00000000
2026-09-25T16:47:09.166167+00:00,0x2A1,0100020000000000
2026-09-25T16:47:09.168528+00:00,0x2A5,00000FCEFFFF7C97
2026-09-25T16:47:09.168733+00:00,0x2A6,00000636FFFFC076
2026-09-25T16:47:09.168960+00:00,0x2A7,FFFFFB28000024EE
2026-09-25T16:47:09.169204+00:00,0x2A9,FFFF949F00000000
2026-09-25T16:47:09.171252+00:00,0x2A1,0100020000000000
2026-09-25T16:47:09.174047+00:00,0x2A5,00000FCEFFFF7C97
2026-09-25T16:47:09.174291+00:00,0x2A6,00000636FFFFC076
2026-09-25T16:47:09.174481+00:00,0x2A7,FFFFFB28000024EE
2026-09-25T16:47:09.174733+00:00,0x2A9,FFFF949F00000000
2026-09-25T16:47:09.176550+00:00,0x2A1,0100020000000000
2026-09-25T16:47:09.178647+00:00,0x2A5,00000FCEFFFF7C97
2026-09-25T16:47:09.178866+00:00,0x2A6,00000636FFFFC076
2026-09-25T16:47:09.179067+00:00,0x2A7,FFFFFB28000024EE
2026-09-25T16:47:09.179312+00:00,0x2A9,FFFF949F00000000
2026-09-25T16:47:09.181576+00:00,0x2A1,0100020000000000
2026-09-25T16:47:09.183873+00:00,0x2A5,00000FCEFFFF7C97
2026-09-25T16:47:09.184163+00:00,0x2A6,00000636FFFFC076
2026-09-25T16:47:09.184402+00:00,0x2A7,FFFFFB28000024EE
2026-09-25T16:47:09.184647+00:00,0x2A9,FFFF949F00000000
2026-09-25T16:47:09.186288+00:00,0x2A1,0100020000000000
2026-09-25T16:47:09.189490+00:00,0x2A5,00000FCEFFFF7C97
2026-09-25T16:47:09.189734+00:00,0x2A6,00000636FFFFC076
2026-09-25T16:47:09.190005+00:00,0x2A7,FFFFFB28000024EE
2026-09-25T16:47:09.190206+00:00,0x2A9,FFFF949F00000000
2026-09-25T16:47:09.191366+00:00,0x2A1,0100020000000000
2026-09-25T16:47:09.194293+00:00,0x2A5,00000FCEFFFF7C97
2026-09-25T16:47:09.194530+00:00,0x2A6,00000636FFFFC076
2026-09-25T16:47:09.194868+00:00,0x2A7,FFFFFB28000024EE
2026-09-25T16:47:09.195049+00:00,0x2A9,FFFF949F00000000
2026-09-25T16:47:09.197049+00:00,0x2A1,0100020000000000
2026-09-25T16:47:09.199112+00:00,0x2A5,00000FCEFFFF7C97
2026-09-25T16:47:09.199314+00:00,0x2A6,00000636FFFFC076
2026-09-25T16:47:09.199552+00:00,0x2A7,FFFFFB28000024EE
2026-09-25T16:47:09.199843+00:00,0x2A9,FFFF949F00000000
2026-09-25T16:47:09.201294+00:00,0x2A1,0100020000000000
2026-09-25T16:47:09.203552+00:00,0x2A5,00000FCEFFFF7C97
2026-09-25T16:47:09.203843+00:00,0x2A6,00000636FFFFC076
2026-09-25T16:47:09.204006+00:00,0x2A7,FFFFFB28000024EE
2026-09-25T16:47:09.204249+00:00,0x2A9,FFFF949F00000000
2026-09-25T16:47:09.206696+00:00,0x2A1,0100020000000000
2026-09-25T16:47:09.208845+00:00,0x2A5,00000FCEFFFF7C97
2026-09-25T16:47:09.209048+00:00,0x2A6,00000636FFFFC076
2026-09-25T16:47:09.209292+00:00,0x2A7,FFFFFB28000024EE
2026-09-25T16:47:09.209530+00:00,0x2A9,FFFF949F00000000
2026-09-25T16:47:09.211218+00:00,0x2A1,0100020000000000
2026-09-25T16:47:09.214875+00:00,0x2A5,00000FCEFFFF7C97
2026-09-25T16:47:09.215115+00:00,0x2A6,00000636FFFFC076
2026-09-25T16:47:09.215358+00:00,0x2A7,FFFFFB28000024EE
2026-09-25T16:47:09.215552+00:00,0x2A9,FFFF949F00000000
2026-09-25T16:47:09.217532+00:00,0x2A1,0100020000000000
2026-09-25T16:47:09.219552+00:00,0x2A5,00000FCEFFFF7C97
2026-09-25T16:47:09.219843+00:00,0x2A6,00000636FFFFC076
2026-09-25T16:47:09.220006+00:00,0x2A7,FFFFFB28000024EE
2026-09-25T16:47:09.220207+00:00,0x2A9,FFFF949F00000000
2026-09-25T16:47:09.221210+00:00,0x2A1,0100020000000000
2026-09-25T16:47:09.223360+00:00,0x2A5,00000FCEFFFF7C97
2026-09-25T16:47:09.223607+00:00,0x2A6,00000636FFFFC076
2026-09-25T16:47:09.223853+00:00,0x2A7,FFFFFB28000024EE
2026-09-25T16:47:09.224049+00:00,0x2A9,FFFF949F00000000
2026-09-25T16:47:09.226262+00:00,0x2A1,0100020000000000
2026-09-25T16:47:09.229208+00:00,0x2A5,00000FCEFFFF7C97
2026-09-25T16:47:09.229404+00:00,0x2A6,00000636FFFFC076
2026-09-25T16:47:09.229606+00:00,0x2A7,FFFFFB28000024EE
2026-09-25T16:47:09.229868+00:00,0x2A9,FFFF949F00000000
2026-09-25T16:47:09.231204+00:00,0x2A1,0100020000000000
2026-09-25T16:47:09.235962+00:00,0x2A5,00000FCEFFFF7C97
2026-09-25T16:47:09.236206+00:00,0x2A6,00000636FFFFC076
2026-09-25T16:47:09.236490+00:00,0x2A7,FFFFFB28000024EE
2026-09-25T16:47:09.236843+00:00,0x2A9,FFFF949F00000000
2026-09-25T16:47:09.237178+00:00,0x2A1,0100020000000000
2026-09-25T16:47:09.237460+00:00,0x2A5,00000FCEFFFF7C97
2026-09-25T16:47:09.237709+00:00,0x2A6,00000636FFFFC076
2026-09-25T16:47:09.237992+00:00,0x2A7,FFFFFB28000024EE
2026-09-25T16:47:09.238189+00:00,0x2A9,FFFF94A500000000
2026-09-25T16:47:09.241296+00:00,0x2A1,0100020000000000
2026-09-25T16:47:09.242733+00:00,0x2A5,00000FCEFFFF7C97
2026-09-25T16:47:09.243140+00:00,0x2A6,00000636FFFFC076
2026-09-25T16:47:09.243421+00:00,0x2A7,FFFFFB28000024EE
2026-09-25T16:47:09.243865+00:00,0x2A9,FFFF94A500000000
2026-09-25T16:47:09.247249+00:00,0x2A1,0100020000000000
2026-09-25T16:47:09.249206+00:00,0x2A5,00000FCEFFFF7C97
2026-09-25T16:47:09.249867+00:00,0x2A6,00000636FFFFC076
2026-09-25T16:47:09.250069+00:00,0x2A7,FFFFFB28000024EE
2026-09-25T16:47:09.250314+00:00,0x2A9,FFFF94A500000000
2026-09-25T16:47:09.251215+00:00,0x2A1,0100020000000000
2026-09-25T16:47:09.253648+00:00,0x2A5,00000FCEFFFF7C97
2026-09-25T16:47:09.253867+00:00,0x2A6,00000636FFFFC076
2026-09-25T16:47:09.254112+00:00,0x2A7,FFFFFB28000024EE
2026-09-25T16:47:09.254314+00:00,0x2A9,FFFF94A500000000
2026-09-25T16:47:09.256237+00:00,0x2A1,0100020000000000
2026-09-25T16:47:09.258843+00:00,0x2A5,00000FCEFFFF7C97
2026-09-25T16:47:09.258992+00:00,0x2A6,00000636FFFFC076
2026-09-25T16:47:09.259249+00:00,0x2A7,FFFFFB28000024EE
2026-09-25T16:47:09.259446+00:00,0x2A9,FFFF94A500000000
2026-09-25T16:47:09.261245+00:00,0x2A1,0100020000000000
2026-09-25T16:47:09.263358+00:00,0x2A5,00000FCEFFFF7C97
2026-09-25T16:47:09.263603+00:00,0x2A6,00000636FFFFC076
2026-09-25T16:47:09.263844+00:00,0x2A7,FFFFFB28000024EE
2026-09-25T16:47:09.264006+00:00,0x2A9,FFFF94A500000000
2026-09-25T16:47:09.266238+00:00,0x2A1,0100020000000000
2026-09-25T16:47:09.269070+00:00,0x2A5,00000FCEFFFF7C97
2026-09-25T16:47:09.269312+00:00,0x2A6,00000636FFFFC076
2026-09-25T16:47:09.269504+00:00,0x2A7,FFFFFB28000024EE
2026-09-25T16:47:09.269866+00:00,0x2A9,FFFF94A500000000
2026-09-25T16:47:09.271204+00:00,0x2A1,0100020000000000
2026-09-25T16:47:09.273552+00:00,0x2A5,00000FCEFFFF7C97
2026-09-25T16:47:09.273843+00:00,0x2A6,00000636FFFFC076
2026-09-25T16:47:09.274006+00:00,0x2A7,FFFFFB28000024EE
2026-09-25T16:47:09.274207+00:00,0x2A9,FFFF94A500000000
2026-09-25T16:47:09.276204+00:00,0x2A1,0100020000000000
2026-09-25T16:47:09.278447+00:00,0x2A5,00000FCEFFFF7C97
2026-09-25T16:47:09.278692+00:00,0x2A6,00000636FFFFC076
2026-09-25T16:47:09.278919+00:00,0x2A7,FFFFFB28000024EE
2026-09-25T16:47:09.279164+00:00,0x2A9,FFFF94A500000000
2026-09-25T16:47:09.281231+00:00,0x2A1,0100020000000000
2026-09-25T16:47:09.283361+00:00,0x2A5,00000FCEFFFF7C97
2026-09-25T16:47:09.283608+00:00,0x2A6,00000636FFFFC076
2026-09-25T16:47:09.283855+00:00,0x2A7,FFFFFB28000024EE
2026-09-25T16:47:09.284051+00:00,0x2A9,FFFF94A500000000
2026-09-25T16:47:09.286240+00:00,0x2A1,0100020000000000
2026-09-25T16:47:09.289116+00:00,0x2A5,00000FCEFFFF7C97
2026-09-25T16:47:09.289358+00:00,0x2A6,00000636FFFFC076
2026-09-25T16:47:09.289604+00:00,0x2A7,FFFFFB28000024EE
2026-09-25T16:47:09.289844+00:00,0x2A9,FFFF94A500000000
2026-09-25T16:47:09.291290+00:00,0x2A1,0100020000000000
2026-09-25T16:47:09.293866+00:00,0x2A5,00000FCEFFFF7C97
2026-09-25T16:47:09.294114+00:00,0x2A6,00000636FFFFC076
2026-09-25T16:47:09.294358+00:00,0x2A7,FFFFFB28000024EE
2026-09-25T16:47:09.294553+00:00,0x2A9,FFFF94A500000000
2026-09-25T16:47:09.296865+00:00,0x2A1,0100020000000000
2026-09-25T16:47:09.299251+00:00,0x2A5,00000FCEFFFF7C97
2026-09-25T16:47:09.299477+00:00,0x2A6,00000636FFFFC076
2026-09-25T16:47:09.299857+00:00,0x2A7,FFFFFB28000024EE
2026-09-25T16:47:09.300007+00:00,0x2A9,FFFF94A500000000
2026-09-25T16:47:09.301239+00:00,0x2A1,0100020000000000
2026-09-25T16:47:09.303649+00:00,0x2A5,00000FCEFFFF7C97
2026-09-25T16:47:09.303920+00:00,0x2A6,00000636FFFFC076
2026-09-25T16:47:09.304116+00:00,0x2A7,FFFFFB28000024EE
2026-09-25T16:47:09.304401+00:00,0x2A9,FFFF94A500000000
2026-09-25T16:47:09.308316+00:00,0x2A1,0100020000000000
2026-09-25T16:47:09.308848+00:00,0x2A5,00000FCEFFFF7C97
2026-09-25T16:47:09.308964+00:00,0x2A6,00000636FFFFC076
2026-09-25T16:47:09.309448+00:00,0x2A7,FFFFFB28000024EE
2026-09-25T16:47:09.309869+00:00,0x2A9,FFFF94A500000000
2026-09-25T16:47:09.311259+00:00,0x2A1,0100020000000000
2026-09-25T16:47:09.315071+00:00,0x2A5,00000FCEFFFF7C97
2026-09-25T16:47:09.315273+00:00,0x2A6,00000636FFFFC076
2026-09-25T16:47:09.315470+00:00,0x2A7,FFFFFB28000024EE
2026-09-25T16:47:09.315712+00:00,0x2A9,FFFF94A500000000
2026-09-25T16:47:09.316204+00:00,0x2A1,0100020000000000
2026-09-25T16:47:09.318316+00:00,0x2A5,00000FCEFFFF7C97
2026-09-25T16:47:09.318553+00:00,0x2A6,00000636FFFFC076
2026-09-25T16:47:09.318843+00:00,0x2A7,FFFFFB28000024EE
2026-09-25T16:47:09.318963+00:00,0x2A9,FFFF94A500000000
2026-09-25T16:47:09.321249+00:00,0x2A1,0100020000000000
2026-09-25T16:47:09.323483+00:00,0x2A5,00000FCEFFFF7C97
2026-09-25T16:47:09.323692+00:00,0x2A6,00000636FFFFC076
2026-09-25T16:47:09.323920+00:00,0x2A7,FFFFFB28000024EE
2026-09-25T16:47:09.324165+00:00,0x2A9,FFFF94A500000000
2026-09-25T16:47:09.326238+00:00,0x2A1,0100020000000000
2026-09-25T16:47:09.329050+00:00,0x2A5,00000FCEFFFF7C97
2026-09-25T16:47:09.329294+00:00,0x2A6,00000636FFFFC076
2026-09-25T16:47:09.329484+00:00,0x2A7,FFFFFB28000024EE
2026-09-25T16:47:09.329736+00:00,0x2A9,FFFF94A500000000
2026-09-25T16:47:09.331246+00:00,0x2A1,0100020000000000
2026-09-25T16:47:09.334253+00:00,0x2A5,00000FCEFFFF7C97
2026-09-25T16:47:09.334433+00:00,0x2A6,00000636FFFFC076
2026-09-25T16:47:09.334692+00:00,0x2A7,FFFFFB28000024EE
2026-09-25T16:47:09.334919+00:00,0x2A9,FFFF94A500000000
2026-09-25T16:47:09.336735+00:00,0x2A1,0100020000000000
2026-09-25T16:47:09.338844+00:00,0x2A5,00000FCEFFFF7C97
2026-09-25T16:47:09.339031+00:00,0x2A6,00000636FFFFC076
2026-09-25T16:47:09.339207+00:00,0x2A7,FFFFFB28000024EE
2026-09-25T16:47:09.339447+00:00,0x2A9,FFFF94A500000000
2026-09-25T16:47:09.341303+00:00,0x2A1,0100020000000000
2026-09-25T16:47:09.344489+00:00,0x2A5,00000FCEFFFF7C97
2026-09-25T16:47:09.345073+00:00,0x2A6,00000636FFFFC076
2026-09-25T16:47:09.345292+00:00,0x2A7,FFFFFB28000024EE
2026-09-25T16:47:09.345530+00:00,0x2A9,FFFF94A500000000
2026-09-25T16:47:09.346317+00:00,0x2A1,0100020000000000
2026-09-25T16:47:09.348163+00:00,0x2A5,00000FCEFFFF7C97
2026-09-25T16:47:09.348403+00:00,0x2A6,00000636FFFFC076
2026-09-25T16:47:09.348648+00:00,0x2A7,FFFFFB28000024EE
2026-09-25T16:47:09.348988+00:00,0x2A9,FFFF94A500000000
2026-09-25T16:47:09.351323+00:00,0x2A1,0100020000000000
2026-09-25T16:47:09.354735+00:00,0x2A5,00000FCEFFFF7C97
2026-09-25T16:47:09.354984+00:00,0x2A6,00000636FFFFC076
2026-09-25T16:47:09.355185+00:00,0x2A7,FFFFFB28000024EE
2026-09-25T16:47:09.355425+00:00,0x2A9,FFFF94A500000000
2026-09-25T16:47:09.357466+00:00,0x2A1,0100020000000000
2026-09-25T16:47:09.359468+00:00,0x2A5,00000FCEFFFF7C97
2026-09-25T16:47:09.359711+00:00,0x2A6,00000636FFFFC076
2026-09-25T16:47:09.359954+00:00,0x2A7,FFFFFB28000024EE
2026-09-25T16:47:09.360185+00:00,0x2A9,FFFF94A500000000
2026-09-25T16:47:09.361275+00:00,0x2A1,0100020000000000
2026-09-25T16:47:09.363582+00:00,0x2A5,00000FCEFFFF7C97
2026-09-25T16:47:09.363865+00:00,0x2A6,00000636FFFFC076
2026-09-25T16:47:09.364027+00:00,0x2A7,FFFFFB28000024EE
2026-09-25T16:47:09.364228+00:00,0x2A9,FFFF94A500000000
2026-09-25T16:47:09.366232+00:00,0x2A1,0100020000000000
2026-09-25T16:47:09.369275+00:00,0x2A5,00000FCEFFFF7C97
2026-09-25T16:47:09.369468+00:00,0x2A6,00000636FFFFC076
2026-09-25T16:47:09.369711+00:00,0x2A7,FFFFFB28000024EE
2026-09-25T16:47:09.369956+00:00,0x2A9,FFFF94A500000000
2026-09-25T16:47:09.371232+00:00,0x2A1,0100020000000000
2026-09-25T16:47:09.373503+00:00,0x2A5,00000FCEFFFF7C97
2026-09-25T16:47:09.373712+00:00,0x2A6,00000636FFFFC076
2026-09-25T16:47:09.373957+00:00,0x2A7,FFFFFB28000024EE
2026-09-25T16:47:09.374185+00:00,0x2A9,FFFF94A500000000
2026-09-25T16:47:09.376199+00:00,0x2A1,0100020000000000
2026-09-25T16:47:09.378469+00:00,0x2A5,00000FCEFFFF7C97
2026-09-25T16:47:09.378669+00:00,0x2A6,00000636FFFFC076
2026-09-25T16:47:09.378865+00:00,0x2A7,FFFFFB28000024EE
2026-09-25T16:47:09.379112+00:00,0x2A9,FFFF94A500000000
2026-09-25T16:47:09.381191+00:00,0x2A1,0100020000000000
2026-09-25T16:47:09.383383+00:00,0x2A5,00000FCEFFFF7C97
2026-09-25T16:47:09.383626+00:00,0x2A6,00000636FFFFC076
2026-09-25T16:47:09.383867+00:00,0x2A7,FFFFFB28000024EE
2026-09-25T16:47:09.384072+00:00,0x2A9,FFFF94A500000000
2026-09-25T16:47:09.386243+00:00,0x2A1,0100020000000000
2026-09-25T16:47:09.389006+00:00,0x2A5,00000FCEFFFF7C97
2026-09-25T16:47:09.389252+00:00,0x2A6,00000636FFFFC076
2026-09-25T16:47:09.389452+00:00,0x2A7,FFFFFB28000024EE
2026-09-25T16:47:09.389692+00:00,0x2A9,FFFF94A500000000
2026-09-25T16:47:09.391291+00:00,0x2A1,0100020000000000
2026-09-25T16:47:09.393608+00:00,0x2A5,00000FCEFFFF7C97
2026-09-25T16:47:09.393854+00:00,0x2A6,00000636FFFFC076
2026-09-25T16:47:09.394051+00:00,0x2A7,FFFFFB28000024EE
2026-09-25T16:47:09.394294+00:00,0x2A9,FFFF94A500000000
2026-09-25T16:47:09.396482+00:00,0x2A1,0100020000000000
2026-09-25T16:47:09.398486+00:00,0x2A5,00000FCEFFFF7C97
2026-09-25T16:47:09.398736+00:00,0x2A6,00000636FFFFC076
2026-09-25T16:47:09.398986+00:00,0x2A7,FFFFFB28000024EE
2026-09-25T16:47:09.399230+00:00,0x2A9,FFFF94A500000000
2026-09-25T16:47:09.401278+00:00,0x2A1,0100020000000000
2026-09-25T16:47:09.403943+00:00,0x2A5,00000FCEFFFF7C97
2026-09-25T16:47:09.404187+00:00,0x2A6,00000636FFFFC076
2026-09-25T16:47:09.404425+00:00,0x2A7,FFFFFB28000024EE
2026-09-25T16:47:09.404625+00:00,0x2A9,FFFF94A500000000
2026-09-25T16:47:09.406266+00:00,0x2A1,0100020000000000
2026-09-25T16:47:09.408649+00:00,0x2A5,00000FCEFFFF7C97
2026-09-25T16:47:09.409608+00:00,0x2A6,00000636FFFFC076
2026-09-25T16:47:09.409865+00:00,0x2A7,FFFFFB28000024EE
2026-09-25T16:47:09.409984+00:00,0x2A9,FFFF94A500000000
2026-09-25T16:47:09.411302+00:00,0x2A1,0100020000000000
2026-09-25T16:47:09.413648+00:00,0x2A5,00000FCEFFFF7C97
2026-09-25T16:47:09.413888+00:00,0x2A6,00000636FFFFC076
2026-09-25T16:47:09.414135+00:00,0x2A7,FFFFFB28000024EE
2026-09-25T16:47:09.414379+00:00,0x2A9,FFFF94A500000000
2026-09-25T16:47:09.416297+00:00,0x2A1,0100020000000000
2026-09-25T16:47:09.418583+00:00,0x2A5,00000FCEFFFF7C97
2026-09-25T16:47:09.418844+00:00,0x2A6,00000636FFFFC076
2026-09-25T16:47:09.419049+00:00,0x2A7,FFFFFB28000024EE
2026-09-25T16:47:09.419250+00:00,0x2A9,FFFF94A500000000
2026-09-25T16:47:09.421190+00:00,0x2A1,0100020000000000
2026-09-25T16:47:09.423552+00:00,0x2A5,00000FCEFFFF7C97
2026-09-25T16:47:09.423893+00:00,0x2A6,00000636FFFFC076
2026-09-25T16:47:09.423985+00:00,0x2A7,FFFFFB28000024EE
2026-09-25T16:47:09.424185+00:00,0x2A9,FFFF94A500000000
2026-09-25T16:47:09.426233+00:00,0x2A1,0100020000000000
2026-09-25T16:47:09.429092+00:00,0x2A5,00000FCEFFFF7C97
2026-09-25T16:47:09.429337+00:00,0x2A6,00000636FFFFC076
2026-09-25T16:47:09.429531+00:00,0x2A7,FFFFFB28000024EE
2026-09-25T16:47:09.429851+00:00,0x2A9,FFFF94A500000000
2026-09-25T16:47:09.431222+00:00,0x2A1,0100020000000000
2026-09-25T16:47:09.433448+00:00,0x2A5,00000FCEFFFF7C97
2026-09-25T16:47:09.433650+00:00,0x2A6,00000636FFFFC076
2026-09-25T16:47:09.433890+00:00,0x2A7,FFFFFB28000024EE
2026-09-25T16:47:09.434136+00:00,0x2A9,FFFF94A500000000
2026-09-25T16:47:09.436245+00:00,0x2A1,0100020000000000
2026-09-25T16:47:09.438387+00:00,0x2A5,00000FCEFFFF7C97
2026-09-25T16:47:09.438608+00:00,0x2A6,00000636FFFFC076
2026-09-25T16:47:09.438854+00:00,0x2A7,FFFFFB28000024EE
2026-09-25T16:47:09.439051+00:00,0x2A9,FFFF94A500000000
2026-09-25T16:47:09.441191+00:00,0x2A1,0100020000000000
2026-09-25T16:47:09.443468+00:00,0x2A5,00000FCEFFFF7C97
2026-09-25T16:47:09.443713+00:00,0x2A6,00000636FFFFC076
2026-09-25T16:47:09.443952+00:00,0x2A7,FFFFFB28000024EE
2026-09-25T16:47:09.444187+00:00,0x2A9,FFFF94A500000000
2026-09-25T16:47:09.446227+00:00,0x2A1,0100020000000000
2026-09-25T16:47:09.449427+00:00,0x2A5,00000FCEFFFF7C97
2026-09-25T16:47:09.449628+00:00,0x2A6,00000636FFFFC076
2026-09-25T16:47:09.449967+00:00,0x2A7,FFFFFB28000024EE
2026-09-25T16:47:09.450139+00:00,0x2A9,FFFF94A500000000
2026-09-25T16:47:09.451302+00:00,0x2A1,0100020000000000
2026-09-25T16:47:09.452506+00:00,0x2A5,00000FCEFFFF7C97
2026-09-25T16:47:09.452868+00:00,0x2A6,00000636FFFFC076
2026-09-25T16:47:09.453073+00:00,0x2A7,FFFFFB28000024EE
2026-09-25T16:47:09.453318+00:00,0x2A9,FFFF94A500000000
2026-09-25T16:47:09.457072+00:00,0x2A1,0100020000000000
2026-09-25T16:47:09.459426+00:00,0x2A5,00000FCEFFFF7C97
2026-09-25T16:47:09.459670+00:00,0x2A6,00000636FFFFC076
2026-09-25T16:47:09.459952+00:00,0x2A7,FFFFFB28000024EE
2026-09-25T16:47:09.460230+00:00,0x2A9,FFFF94A500000000
2026-09-25T16:47:09.461277+00:00,0x2A1,0100020000000000
2026-09-25T16:47:09.463531+00:00,0x2A5,00000FCEFFFF7C97
2026-09-25T16:47:09.463737+00:00,0x2A6,00000636FFFFC076
2026-09-25T16:47:09.463959+00:00,0x2A7,FFFFFB28000024EE
2026-09-25T16:47:09.464139+00:00,0x2A9,FFFF94A500000000
2026-09-25T16:47:09.466191+00:00,0x2A1,0100020000000000
2026-09-25T16:47:09.468949+00:00,0x2A5,00000FCEFFFF7C97
2026-09-25T16:47:09.469143+00:00,0x2A6,00000636FFFFC076
2026-09-25T16:47:09.469381+00:00,0x2A7,FFFFFB28000024EE
2026-09-25T16:47:09.469584+00:00,0x2A9,FFFF94A500000000
2026-09-25T16:47:09.471222+00:00,0x2A1,0100020000000000
2026-09-25T16:47:09.473448+00:00,0x2A5,00000FCEFFFF7C97
2026-09-25T16:47:09.473649+00:00,0x2A6,00000636FFFFC076
2026-09-25T16:47:09.473889+00:00,0x2A7,FFFFFB28000024EE
2026-09-25T16:47:09.474135+00:00,0x2A9,FFFF94A500000000
2026-09-25T16:47:09.476201+00:00,0x2A1,0100020000000000
2026-09-25T16:47:09.478504+00:00,0x2A5,00000FCEFFFF7C97
2026-09-25T16:47:09.478888+00:00,0x2A6,00000636FFFFC076
2026-09-25T16:47:09.478986+00:00,0x2A7,FFFFFB28000024EE
2026-09-25T16:47:09.479187+00:00,0x2A9,FFFF94A500000000
2026-09-25T16:47:09.481192+00:00,0x2A1,0100020000000000
2026-09-25T16:47:09.483532+00:00,0x2A5,00000FCEFFFF7C97
2026-09-25T16:47:09.483738+00:00,0x2A6,00000636FFFFC076
2026-09-25T16:47:09.483944+00:00,0x2A7,FFFFFB28000024EE
2026-09-25T16:47:09.484187+00:00,0x2A9,FFFF94A500000000
2026-09-25T16:47:09.486193+00:00,0x2A1,0100020000000000
2026-09-25T16:47:09.488380+00:00,0x2A5,00000FCEFFFF7C97
2026-09-25T16:47:09.488584+00:00,0x2A6,00000636FFFFC076
2026-09-25T16:47:09.488866+00:00,0x2A7,FFFFFB28000024EE
2026-09-25T16:47:09.489028+00:00,0x2A9,FFFF94A500000000
2026-09-25T16:47:09.491246+00:00,0x2A1,0100020000000000
2026-09-25T16:47:09.493316+00:00,0x2A5,00000FCEFFFF7C97
2026-09-25T16:47:09.493553+00:00,0x2A6,00000636FFFFC076
2026-09-25T16:47:09.493890+00:00,0x2A7,FFFFFB28000024EE
2026-09-25T16:47:09.494029+00:00,0x2A9,FFFF94A500000000
2026-09-25T16:47:09.496269+00:00,0x2A1,0100020000000000
2026-09-25T16:47:09.498294+00:00,0x2A5,00000FCEFFFF7C97
2026-09-25T16:47:09.498491+00:00,0x2A6,00000636FFFFC076
2026-09-25T16:47:09.498737+00:00,0x2A7,FFFFFB28000024EE
2026-09-25T16:47:09.498960+00:00,0x2A9,FFFF94A500000000
2026-09-25T16:47:09.501192+00:00,0x2A1,0100020000000000
2026-09-25T16:47:09.503505+00:00,0x2A5,00000FCEFFFF7C97
2026-09-25T16:47:09.503889+00:00,0x2A6,00000630FFFFC076
2026-09-25T16:47:09.503986+00:00,0x2A7,FFFFFB28000024EE
2026-09-25T16:47:09.504230+00:00,0x2A9,FFFF94A500000000
2026-09-25T16:47:09.506278+00:00,0x2A1,0100020000000000
2026-09-25T16:47:09.508856+00:00,0x2A5,00000FCEFFFF7C97
2026-09-25T16:47:09.509052+00:00,0x2A6,00000630FFFFC076
2026-09-25T16:47:09.509338+00:00,0x2A7,FFFFFB28000024EE
2026-09-25T16:47:09.509584+00:00,0x2A9,FFFF94A500000000
2026-09-25T16:47:09.511291+00:00,0x2A1,0100020000000000
2026-09-25T16:47:09.513986+00:00,0x2A5,00000FCEFFFF7C97
2026-09-25T16:47:09.514230+00:00,0x2A6,00000630FFFFC076
2026-09-25T16:47:09.514506+00:00,0x2A7,FFFFFB28000024EE
2026-09-25T16:47:09.514864+00:00,0x2A9,FFFF94A500000000
2026-09-25T16:47:09.516890+00:00,0x2A1,0100020000000000
2026-09-25T16:47:09.518628+00:00,0x2A5,00000FCEFFFF7C97
2026-09-25T16:47:09.518869+00:00,0x2A6,00000630FFFFC076
2026-09-25T16:47:09.519074+00:00,0x2A7,FFFFFB28000024EE
2026-09-25T16:47:09.519278+00:00,0x2A9,FFFF94A500000000
2026-09-25T16:47:09.521236+00:00,0x2A1,0100020000000000
2026-09-25T16:47:09.523426+00:00,0x2A5,00000FCEFFFF7C97
2026-09-25T16:47:09.523627+00:00,0x2A6,00000630FFFFC076
2026-09-25T16:47:09.523889+00:00,0x2A7,FFFFFB28000024EE
2026-09-25T16:47:09.524137+00:00,0x2A9,FFFF94A500000000
2026-09-25T16:47:09.526191+00:00,0x2A1,0100020000000000
2026-09-25T16:47:09.528944+00:00,0x2A5,00000FCEFFFF7C97
2026-09-25T16:47:09.529140+00:00,0x2A6,00000630FFFFC076
2026-09-25T16:47:09.529382+00:00,0x2A7,FFFFFB28000024EE
2026-09-25T16:47:09.529576+00:00,0x2A9,FFFF94A500000000
2026-09-25T16:47:09.531223+00:00,0x2A1,0100020000000000
2026-09-25T16:47:09.533449+00:00,0x2A5,00000FCEFFFF7C97
2026-09-25T16:47:09.533650+00:00,0x2A6,00000630FFFFC076
2026-09-25T16:47:09.533944+00:00,0x2A7,FFFFFB28000024EE
2026-09-25T16:47:09.534139+00:00,0x2A9,FFFF94A500000000
2026-09-25T16:47:09.536203+00:00,0x2A1,0100020000000000
2026-09-25T16:47:09.538382+00:00,0x2A5,00000FCEFFFF7C97
2026-09-25T16:47:09.538585+00:00,0x2A6,00000630FFFFC076
2026-09-25T16:47:09.538868+00:00,0x2A7,FFFFFB28000024EE
2026-09-25T16:47:09.539030+00:00,0x2A9,FFFF94A500000000
2026-09-25T16:47:09.541239+00:00,0x2A1,0100020000000000
2026-09-25T16:47:09.543363+00:00,0x2A5,00000FCEFFFF7C97
2026-09-25T16:47:09.543558+00:00,0x2A6,00000630FFFFC076
2026-09-25T16:47:09.543856+00:00,0x2A7,FFFFFB28000024EE
2026-09-25T16:47:09.544009+00:00,0x2A9,FFFF94A500000000
2026-09-25T16:47:09.546192+00:00,0x2A1,0100020000000000
2026-09-25T16:47:09.548987+00:00,0x2A5,00000FCEFFFF7C97
2026-09-25T16:47:09.549187+00:00,0x2A6,00000630FFFFC076
2026-09-25T16:47:09.549427+00:00,0x2A7,FFFFFB28000024EE
2026-09-25T16:47:09.549628+00:00,0x2A9,FFFF94A500000000
2026-09-25T16:47:09.551223+00:00,0x2A1,0100020000000000
2026-09-25T16:47:09.553449+00:00,0x2A5,00000FCEFFFF7C97
2026-09-25T16:47:09.553650+00:00,0x2A6,00000630FFFFC076
2026-09-25T16:47:09.553890+00:00,0x2A7,FFFFFB28000024EE
2026-09-25T16:47:09.554137+00:00,0x2A9,FFFF94A500000000
2026-09-25T16:47:09.556244+00:00,0x2A1,0100020000000000
2026-09-25T16:47:09.558888+00:00,0x2A5,00000FCEFFFF7C97
2026-09-25T16:47:09.559179+00:00,0x2A6,00000630FFFFC076
2026-09-25T16:47:09.559444+00:00,0x2A7,FFFFFB28000024EE
2026-09-25T16:47:09.559711+00:00,0x2A9,FFFF94A500000000
2026-09-25T16:47:09.561355+00:00,0x2A1,0100020000000000
2026-09-25T16:47:09.563987+00:00,0x2A5,00000FCEFFFF7C97
2026-09-25T16:47:09.564230+00:00,0x2A6,00000630FFFFC076
2026-09-25T16:47:09.564523+00:00,0x2A7,FFFFFB28000024EE
2026-09-25T16:47:09.564889+00:00,0x2A9,FFFF94A500000000
2026-09-25T16:47:09.566267+00:00,0x2A1,0100020000000000
2026-09-25T16:47:09.569139+00:00,0x2A5,00000FCEFFFF7C97
2026-09-25T16:47:09.569338+00:00,0x2A6,00000630FFFFC076
2026-09-25T16:47:09.569585+00:00,0x2A7,FFFFFB28000024EE
2026-09-25T16:47:09.569868+00:00,0x2A9,FFFF94A500000000
2026-09-25T16:47:09.571191+00:00,0x2A1,0100020000000000
2026-09-25T16:47:09.573427+00:00,0x2A5,00000FCEFFFF7C97
2026-09-25T16:47:09.573627+00:00,0x2A6,00000630FFFFC076
2026-09-25T16:47:09.573867+00:00,0x2A7,FFFFFB28000024EE
2026-09-25T16:47:09.574116+00:00,0x2A9,FFFF94A500000000
2026-09-25T16:47:09.576202+00:00,0x2A1,0100020000000000
2026-09-25T16:47:09.578337+00:00,0x2A5,00000FCEFFFF7C97
2026-09-25T16:47:09.578533+00:00,0x2A6,00000630FFFFC076
2026-09-25T16:47:09.578737+00:00,0x2A7,FFFFFB28000024EE
2026-09-25T16:47:09.578960+00:00,0x2A9,FFFF94A500000000
2026-09-25T16:47:09.581192+00:00,0x2A1,0100020000000000
2026-09-25T16:47:09.583585+00:00,0x2A5,00000FCEFFFF7C97
2026-09-25T16:47:09.583868+00:00,0x2A6,00000630FFFFC076
2026-09-25T16:47:09.584030+00:00,0x2A7,FFFFFB28000024EE
2026-09-25T16:47:09.584231+00:00,0x2A9,FFFF94A500000000
2026-09-25T16:47:09.586235+00:00,0x2A1,0100020000000000
2026-09-25T16:47:09.588627+00:00,0x2A5,00000FCEFFFF7C97
2026-09-25T16:47:09.588867+00:00,0x2A6,00000630FFFFC076
2026-09-25T16:47:09.589671+00:00,0x2A7,FFFFFB28000024EE
2026-09-25T16:47:09.589890+00:00,0x2A9,FFFF94A500000000
2026-09-25T16:47:09.591180+00:00,0x2A1,0100020000000000
2026-09-25T16:47:09.593317+00:00,0x2A5,00000FCEFFFF7C97
2026-09-25T16:47:09.593554+00:00,0x2A6,00000630FFFFC076
2026-09-25T16:47:09.593891+00:00,0x2A7,FFFFFB28000024EE
2026-09-25T16:47:09.593987+00:00,0x2A9,FFFF94A500000000
2026-09-25T16:47:09.596202+00:00,0x2A1,0100020000000000
2026-09-25T16:47:09.598491+00:00,0x2A5,00000FCEFFFF7C97
2026-09-25T16:47:09.598694+00:00,0x2A6,00000630FFFFC076
2026-09-25T16:47:09.598944+00:00,0x2A7,FFFFFB28000024EE
2026-09-25T16:47:09.599140+00:00,0x2A9,FFFF94A500000000
2026-09-25T16:47:09.601193+00:00,0x2A1,0100020000000000
2026-09-25T16:47:09.603339+00:00,0x2A5,00000FCEFFFF7C97
2026-09-25T16:47:09.603585+00:00,0x2A6,00000630FFFFC076
2026-09-25T16:47:09.603868+00:00,0x2A7,FFFFFB28000024EE
2026-09-25T16:47:09.604029+00:00,0x2A9,FFFF94A500000000
2026-09-25T16:47:09.606191+00:00,0x2A1,0100020000000000
2026-09-25T16:47:09.609115+00:00,0x2A5,00000FCEFFFF7C97
2026-09-25T16:47:09.609359+00:00,0x2A6,00000630FFFFC076
2026-09-25T16:47:09.609717+00:00,0x2A7,FFFFFB28000024EE
2026-09-25T16:47:09.609986+00:00,0x2A9,FFFF94A500000000
2026-09-25T16:47:09.611584+00:00,0x2A1,0100020000000000
2026-09-25T16:47:09.614519+00:00,0x2A5,00000FCEFFFF7C97
2026-09-25T16:47:09.614961+00:00,0x2A6,00000630FFFFC076
2026-09-25T16:47:09.615256+00:00,0x2A7,FFFFFB28000024EE
2026-09-25T16:47:09.615536+00:00,0x2A9,FFFF94A500000000
2026-09-25T16:47:09.617953+00:00,0x2A1,0100020000000000
2026-09-25T16:47:09.618188+00:00,0x2A5,00000FCEFFFF7C97
2026-09-25T16:47:09.618428+00:00,0x2A6,00000630FFFFC076
2026-09-25T16:47:09.618671+00:00,0x2A7,FFFFFB28000024EE
2026-09-25T16:47:09.618945+00:00,0x2A9,FFFF94A500000000
2026-09-25T16:47:09.621446+00:00,0x2A1,0100020000000000
2026-09-25T16:47:09.623961+00:00,0x2A5,00000FCEFFFF7C97
2026-09-25T16:47:09.624231+00:00,0x2A6,00000630FFFFC076
2026-09-25T16:47:09.624470+00:00,0x2A7,FFFFFB28000024EE
2026-09-25T16:47:09.624715+00:00,0x2A9,FFFF94A500000000
2026-09-25T16:47:09.626224+00:00,0x2A1,0100020000000000
2026-09-25T16:47:09.629188+00:00,0x2A5,00000FCEFFFF7C97
2026-09-25T16:47:09.629427+00:00,0x2A6,00000630FFFFC076
2026-09-25T16:47:09.629671+00:00,0x2A7,FFFFFB28000024EE
2026-09-25T16:47:09.629945+00:00,0x2A9,FFFF94A500000000
2026-09-25T16:47:09.631192+00:00,0x2A1,0100020000000000
2026-09-25T16:47:09.633627+00:00,0x2A5,00000FCEFFFF7C97
2026-09-25T16:47:09.633868+00:00,0x2A6,00000630FFFFC076
2026-09-25T16:47:09.634072+00:00,0x2A7,FFFFFB28000024EE
2026-09-25T16:47:09.634274+00:00,0x2A9,FFFF94A500000000
2026-09-25T16:47:09.636274+00:00,0x2A1,0100020000000000
2026-09-25T16:47:09.638532+00:00,0x2A5,00000FCEFFFF7C97
2026-09-25T16:47:09.638738+00:00,0x2A6,00000630FFFFC076
2026-09-25T16:47:09.638986+00:00,0x2A7,FFFFFB28000024EE
2026-09-25T16:47:09.639187+00:00,0x2A9,FFFF94A500000000
2026-09-25T16:47:09.641192+00:00,0x2A1,0100020000000000
2026-09-25T16:47:09.643382+00:00,0x2A5,00000FCEFFFF7C97
2026-09-25T16:47:09.643585+00:00,0x2A6,00000630FFFFC076
2026-09-25T16:47:09.643867+00:00,0x2A7,FFFFFB28000024EE
2026-09-25T16:47:09.644030+00:00,0x2A9,FFFF94A500000000
2026-09-25T16:47:09.646235+00:00,0x2A1,0100020000000000
2026-09-25T16:47:09.649188+00:00,0x2A5,00000FCEFFFF7C97
2026-09-25T16:47:09.649427+00:00,0x2A6,00000630FFFFC076
2026-09-25T16:47:09.649628+00:00,0x2A7,FFFFFB28000024EE
2026-09-25T16:47:09.649868+00:00,0x2A9,FFFF94A500000000
2026-09-25T16:47:09.651180+00:00,0x2A1,0100020000000000
2026-09-25T16:47:09.653382+00:00,0x2A5,00000FCEFFFF7C97
2026-09-25T16:47:09.653629+00:00,0x2A6,00000630FFFFC076
2026-09-25T16:47:09.653868+00:00,0x2A7,FFFFFB28000024EE
2026-09-25T16:47:09.654073+00:00,0x2A9,FFFF94A500000000
2026-09-25T16:47:09.656381+00:00,0x2A1,0100020000000000
2026-09-25T16:47:09.658470+00:00,0x2A5,00000FCEFFFF7C97
2026-09-25T16:47:09.658670+00:00,0x2A6,00000630FFFFC076
2026-09-25T16:47:09.658957+00:00,0x2A7,FFFFFB28000024EE
2026-09-25T16:47:09.659139+00:00,0x2A9,FFFF94A500000000
2026-09-25T16:47:09.661191+00:00,0x2A1,0100020000000000
2026-09-25T16:47:09.663359+00:00,0x2A5,00000FCEFFFF7C97
2026-09-25T16:47:09.663554+00:00,0x2A6,00000630FFFFC076
2026-09-25T16:47:09.663866+00:00,0x2A7,FFFFFB28000024EE
2026-09-25T16:47:09.663986+00:00,0x2A9,FFFF94A500000000
2026-09-25T16:47:09.666234+00:00,0x2A1,0100020000000000
2026-09-25T16:47:09.667691+00:00,0x2A5,00000FCEFFFF7C97
2026-09-25T16:47:09.668072+00:00,0x2A6,00000630FFFFC076
2026-09-25T16:47:09.668317+00:00,0x2A7,FFFFFB28000024EE
2026-09-25T16:47:09.668562+00:00,0x2A9,FFFF94A500000000
2026-09-25T16:47:09.671244+00:00,0x2A1,0100020000000000
2026-09-25T16:47:09.673737+00:00,0x2A5,00000FCEFFFF7C97
2026-09-25T16:47:09.673987+00:00,0x2A6,00000630FFFFC076
2026-09-25T16:47:09.674275+00:00,0x2A7,FFFFFB28000024EE
2026-09-25T16:47:09.674555+00:00,0x2A9,FFFF94A500000000
2026-09-25T16:47:09.676857+00:00,0x2A1,0100020000000000
2026-09-25T16:47:09.679141+00:00,0x2A5,00000FCEFFFF7C97
2026-09-25T16:47:09.679383+00:00,0x2A6,00000630FFFFC076
2026-09-25T16:47:09.679577+00:00,0x2A7,FFFFFB28000024EE
2026-09-25T16:47:09.679869+00:00,0x2A9,FFFF94A500000000
2026-09-25T16:47:09.681266+00:00,0x2A1,0100020000000000
2026-09-25T16:47:09.683407+00:00,0x2A5,00000FCEFFFF7C97
2026-09-25T16:47:09.683609+00:00,0x2A6,00000630FFFFC076
2026-09-25T16:47:09.683871+00:00,0x2A7,FFFFFB28000024EE
2026-09-25T16:47:09.684116+00:00,0x2A9,FFFF94A500000000
2026-09-25T16:47:09.689167+00:00,0x2A1,0100020000000000
2026-09-25T16:47:09.689364+00:00,0x2A5,00000FCEFFFF7C97
2026-09-25T16:47:09.689610+00:00,0x2A6,00000630FFFFC076
2026-09-25T16:47:09.689857+00:00,0x2A7,FFFFFB28000024EE
2026-09-25T16:47:09.690011+00:00,0x2A9,FFFF94A500000000
2026-09-25T16:47:09.691236+00:00,0x2A1,0100020000000000
2026-09-25T16:47:09.693568+00:00,0x2A5,00000FCEFFFF7C97
2026-09-25T16:47:09.693857+00:00,0x2A6,00000630FFFFC076
2026-09-25T16:47:09.694010+00:00,0x2A7,FFFFFB28000024EE
2026-09-25T16:47:09.694210+00:00,0x2A9,FFFF94A500000000
2026-09-25T16:47:09.696586+00:00,0x2A1,0100020000000000
2026-09-25T16:47:09.698586+00:00,0x2A5,00000FCEFFFF7C97
2026-09-25T16:47:09.698869+00:00,0x2A6,00000630FFFFC076
2026-09-25T16:47:09.698988+00:00,0x2A7,FFFFFB28000024EE
2026-09-25T16:47:09.699233+00:00,0x2A9,FFFF94A500000000
2026-09-25T16:47:09.701300+00:00,0x2A1,0100020000000000
2026-09-25T16:47:09.703629+00:00,0x2A5,00000FCEFFFF7C97
2026-09-25T16:47:09.703847+00:00,0x2A6,00000630FFFFC076
2026-09-25T16:47:09.704052+00:00,0x2A7,FFFFFB28000024EE
2026-09-25T16:47:09.704296+00:00,0x2A9,FFFF94A500000000
2026-09-25T16:47:09.706240+00:00,0x2A1,0100020000000000
2026-09-25T16:47:09.709009+00:00,0x2A5,00000FCEFFFF7C97
2026-09-25T16:47:09.709254+00:00,0x2A6,00000630FFFFC076
2026-09-25T16:47:09.709450+00:00,0x2A7,FFFFFB28000024EE
2026-09-25T16:47:09.709695+00:00,0x2A9,FFFF94A500000000
2026-09-25T16:47:09.711183+00:00,0x2A1,0100020000000000
2026-09-25T16:47:09.713361+00:00,0x2A5,00000FCEFFFF7C97
2026-09-25T16:47:09.713555+00:00,0x2A6,00000630FFFFC076
2026-09-25T16:47:09.713846+00:00,0x2A7,FFFFFB28000024EE
2026-09-25T16:47:09.714095+00:00,0x2A9,FFFF94A500000000
2026-09-25T16:47:09.716669+00:00,0x2A1,0100020000000000
2026-09-25T16:47:09.718845+00:00,0x2A5,00000FCEFFFF7C97
2026-09-25T16:47:09.719008+00:00,0x2A6,00000630FFFFC076
2026-09-25T16:47:09.719252+00:00,0x2A7,FFFFFB28000024EE
2026-09-25T16:47:09.719483+00:00,0x2A9,FFFF94A500000000
2026-09-25T16:47:09.721266+00:00,0x2A1,0100020000000000
2026-09-25T16:47:09.723736+00:00,0x2A5,00000FCEFFFF7C97
2026-09-25T16:47:09.724007+00:00,0x2A6,00000630FFFFC076
2026-09-25T16:47:09.724256+00:00,0x2A7,FFFFFB28000024EE
2026-09-25T16:47:09.724536+00:00,0x2A9,FFFF94A500000000
2026-09-25T16:47:09.726600+00:00,0x2A1,0100020000000000
2026-09-25T16:47:09.729254+00:00,0x2A5,00000FCEFFFF7C97
2026-09-25T16:47:09.729517+00:00,0x2A6,00000630FFFFC076
2026-09-25T16:47:09.729751+00:00,0x2A7,FFFFFB28000024EE
2026-09-25T16:47:09.730021+00:00,0x2A9,FFFF94A500000000
2026-09-25T16:47:09.731251+00:00,0x2A1,0100020000000000
2026-09-25T16:47:09.733698+00:00,0x2A5,00000FCEFFFF7C97
2026-09-25T16:47:09.733965+00:00,0x2A6,00000630FFFFC076
2026-09-25T16:47:09.734208+00:00,0x2A7,FFFFFB28000024EE
2026-09-25T16:47:09.734405+00:00,0x2A9,FFFF94A500000000
2026-09-25T16:47:09.736846+00:00,0x2A1,0100020000000000
2026-09-25T16:47:09.738869+00:00,0x2A5,00000FCEFFFF7C97
2026-09-25T16:47:09.739115+00:00,0x2A6,00000630FFFFC076
2026-09-25T16:47:09.739316+00:00,0x2A7,FFFFFB28000024EE
2026-09-25T16:47:09.739554+00:00,0x2A9,FFFF94A500000000
2026-09-25T16:47:09.741534+00:00,0x2A1,0100020000000000
2026-09-25T16:47:09.743360+00:00,0x2A5,00000FCEFFFF7C97
2026-09-25T16:47:09.743606+00:00,0x2A6,00000630FFFFC076
2026-09-25T16:47:09.743846+00:00,0x2A7,FFFFFB28000024EE
2026-09-25T16:47:09.744051+00:00,0x2A9,FFFF94A500000000
2026-09-25T16:47:09.746221+00:00,0x2A1,0100020000000000
2026-09-25T16:47:09.749009+00:00,0x2A5,00000FCEFFFF7C97
2026-09-25T16:47:09.749209+00:00,0x2A6,00000630FFFFC076
2026-09-25T16:47:09.749450+00:00,0x2A7,FFFFFB28000024EE
2026-09-25T16:47:09.749651+00:00,0x2A9,FFFF94A500000000
2026-09-25T16:47:09.751188+00:00,0x2A1,0100020000000000
2026-09-25T16:47:09.753253+00:00,0x2A5,00000FCEFFFF7C97
2026-09-25T16:47:09.753493+00:00,0x2A6,00000630FFFFC076
2026-09-25T16:47:09.753695+00:00,0x2A7,FFFFFB28000024EE
2026-09-25T16:47:09.753922+00:00,0x2A9,FFFF94A500000000
2026-09-25T16:47:09.756610+00:00,0x2A1,0100020000000000
2026-09-25T16:47:09.758610+00:00,0x2A5,00000FCEFFFF7C97
2026-09-25T16:47:09.758850+00:00,0x2A6,00000630FFFFC076
2026-09-25T16:47:09.759053+00:00,0x2A7,FFFFFB28000024EE
2026-09-25T16:47:09.759254+00:00,0x2A9,FFFF94A500000000
2026-09-25T16:47:09.761262+00:00,0x2A1,0100020000000000
2026-09-25T16:47:09.763556+00:00,0x2A5,00000FCEFFFF7C97
2026-09-25T16:47:09.763847+00:00,0x2A6,00000630FFFFC076
2026-09-25T16:47:09.764010+00:00,0x2A7,FFFFFB28000024EE
2026-09-25T16:47:09.764211+00:00,0x2A9,FFFF94A500000000
2026-09-25T16:47:09.766197+00:00,0x2A1,0100020000000000
2026-09-25T16:47:09.768967+00:00,0x2A5,00000FCEFFFF7C97
2026-09-25T16:47:09.769211+00:00,0x2A6,00000630FFFFC076
2026-09-25T16:47:09.769408+00:00,0x2A7,FFFFFB28000024EE
2026-09-25T16:47:09.769610+00:00,0x2A9,FFFF94A500000000
2026-09-25T16:47:09.771206+00:00,0x2A1,0100020000000000
2026-09-25T16:47:09.773556+00:00,0x2A5,00000FCEFFFF7C97
2026-09-25T16:47:09.773847+00:00,0x2A6,00000630FFFFC076
2026-09-25T16:47:09.774053+00:00,0x2A7,FFFFFB28000024EE
2026-09-25T16:47:09.774340+00:00,0x2A9,FFFF94A500000000
2026-09-25T16:47:09.778253+00:00,0x2A1,0100020000000000
2026-09-25T16:47:09.778534+00:00,0x2A5,00000FCEFFFF7C97
2026-09-25T16:47:09.778847+00:00,0x2A6,00000630FFFFC076
2026-09-25T16:47:09.779053+00:00,0x2A7,FFFFFB28000024EE
2026-09-25T16:47:09.779297+00:00,0x2A9,FFFF94A500000000
2026-09-25T16:47:09.782527+00:00,0x2A1,0100020000000000
2026-09-25T16:47:09.784653+00:00,0x2A5,00000FCEFFFF7C97
2026-09-25T16:47:09.784967+00:00,0x2A6,00000630FFFFC076
2026-09-25T16:47:09.785211+00:00,0x2A7,FFFFFB28000024EE
2026-09-25T16:47:09.785451+00:00,0x2A9,FFFF94A500000000
2026-09-25T16:47:09.786250+00:00,0x2A1,0100020000000000
2026-09-25T16:47:09.789300+00:00,0x2A5,00000FCEFFFF7C97
2026-09-25T16:47:09.789535+00:00,0x2A6,00000630FFFFC076
2026-09-25T16:47:09.789847+00:00,0x2A7,FFFFFB28000024EE
2026-09-25T16:47:09.790010+00:00,0x2A9,FFFF94A500000000
2026-09-25T16:47:09.791237+00:00,0x2A1,0100020000000000
2026-09-25T16:47:09.793408+00:00,0x2A5,00000FCEFFFF7C97
2026-09-25T16:47:09.793610+00:00,0x2A6,00000630FFFFC076
2026-09-25T16:47:09.793850+00:00,0x2A7,FFFFFB28000024EE
2026-09-25T16:47:09.794096+00:00,0x2A9,FFFF94A500000000
2026-09-25T16:47:09.796872+00:00,0x2A1,0100020000000000
2026-09-25T16:47:09.798967+00:00,0x2A5,00000FCEFFFF7C97
2026-09-25T16:47:09.799211+00:00,0x2A6,00000630FFFFC076
2026-09-25T16:47:09.799451+00:00,0x2A7,FFFFFB28000024EE
2026-09-25T16:47:09.799653+00:00,0x2A9,FFFF94A500000000
2026-09-25T16:47:09.801226+00:00,0x2A1,0100020000000000
2026-09-25T16:47:09.803297+00:00,0x2A5,00000FCEFFFF7C97
2026-09-25T16:47:09.803535+00:00,0x2A6,00000630FFFFC076
2026-09-25T16:47:09.803740+00:00,0x2A7,FFFFFB28000024EE
2026-09-25T16:47:09.803946+00:00,0x2A9,FFFF94A500000000
2026-09-25T16:47:09.806194+00:00,0x2A1,0100020000000000
2026-09-25T16:47:09.809211+00:00,0x2A5,00000FCEFFFF7C97
2026-09-25T16:47:09.809408+00:00,0x2A6,00000630FFFFC076
2026-09-25T16:47:09.809653+00:00,0x2A7,FFFFFB28000024EE
2026-09-25T16:47:09.809893+00:00,0x2A9,FFFF94A500000000
2026-09-25T16:47:09.811181+00:00,0x2A1,0100020000000000
2026-09-25T16:47:09.813362+00:00,0x2A5,00000FCEFFFF7C97
2026-09-25T16:47:09.813556+00:00,0x2A6,00000630FFFFC076
2026-09-25T16:47:09.813847+00:00,0x2A7,FFFFFB28000024EE
2026-09-25T16:47:09.814010+00:00,0x2A9,FFFF94A500000000
2026-09-25T16:47:09.817473+00:00,0x2A1,0100020000000000
2026-09-25T16:47:09.817673+00:00,0x2A5,00000FCEFFFF7C97
2026-09-25T16:47:09.817892+00:00,0x2A6,00000630FFFFC076
2026-09-25T16:47:09.818096+00:00,0x2A7,FFFFFB28000024EE
2026-09-25T16:47:09.818340+00:00,0x2A9,FFFF94A500000000
2026-09-25T16:47:09.821242+00:00,0x2A1,0100020000000000
2026-09-25T16:47:09.823451+00:00,0x2A5,00000FCEFFFF7C97
2026-09-25T16:47:09.823653+00:00,0x2A6,00000630FFFFC076
2026-09-25T16:47:09.823893+00:00,0x2A7,FFFFFB28000024EE
2026-09-25T16:47:09.824139+00:00,0x2A9,FFFF94A500000000
2026-09-25T16:47:09.826348+00:00,0x2A1,0100020000000000
2026-09-25T16:47:09.827892+00:00,0x2A5,00000FCEFFFF7C97
2026-09-25T16:47:09.827989+00:00,0x2A6,00000630FFFFC076
2026-09-25T16:47:09.828276+00:00,0x2A7,FFFFFB28000024EE
2026-09-25T16:47:09.828507+00:00,0x2A9,FFFF94A500000000
2026-09-25T16:47:09.831283+00:00,0x2A1,0100020000000000
2026-09-25T16:47:09.833955+00:00,0x2A5,00000FCEFFFF7C97
2026-09-25T16:47:09.834190+00:00,0x2A6,00000630FFFFC076
2026-09-25T16:47:09.834430+00:00,0x2A7,FFFFFB28000024EE
2026-09-25T16:47:09.834673+00:00,0x2A9,FFFF94A500000000
2026-09-25T16:47:09.837487+00:00,0x2A1,0100020000000000
2026-09-25T16:47:09.839962+00:00,0x2A5,00000FCEFFFF7C97
2026-09-25T16:47:09.840190+00:00,0x2A6,00000630FFFFC076
2026-09-25T16:47:09.840429+00:00,0x2A7,FFFFFB28000024EE
2026-09-25T16:47:09.840673+00:00,0x2A9,FFFF94A500000000
2026-09-25T16:47:09.841294+00:00,0x2A1,0100020000000000
2026-09-25T16:47:09.843408+00:00,0x2A5,00000FCEFFFF7C97
2026-09-25T16:47:09.843610+00:00,0x2A6,00000630FFFFC076
2026-09-25T16:47:09.843850+00:00,0x2A7,FFFFFB28000024EE
2026-09-25T16:47:09.844053+00:00,0x2A9,FFFF94A500000000
2026-09-25T16:47:09.846194+00:00,0x2A1,0100020000000000
2026-09-25T16:47:09.849190+00:00,0x2A5,00000FCEFFFF7C97
2026-09-25T16:47:09.849430+00:00,0x2A6,00000630FFFFC076
2026-09-25T16:47:09.849674+00:00,0x2A7,FFFFFB28000024EE
2026-09-25T16:47:09.849893+00:00,0x2A9,FFFF94A500000000
2026-09-25T16:47:09.851183+00:00,0x2A1,0100020000000000
2026-09-25T16:47:09.853740+00:00,0x2A5,00000FCEFFFF7C97
2026-09-25T16:47:09.853967+00:00,0x2A6,00000630FFFFC076
2026-09-25T16:47:09.854212+00:00,0x2A7,FFFFFB28000024EE
2026-09-25T16:47:09.854409+00:00,0x2A9,FFFF94A500000000
2026-09-25T16:47:09.857430+00:00,0x2A1,0100020000000000
2026-09-25T16:47:09.859452+00:00,0x2A5,00000FCEFFFF7C97
2026-09-25T16:47:09.859654+00:00,0x2A6,00000630FFFFC076
2026-09-25T16:47:09.859872+00:00,0x2A7,FFFFFB28000024EE
2026-09-25T16:47:09.860117+00:00,0x2A9,FFFF94A500000000
2026-09-25T16:47:09.861270+00:00,0x2A1,0100020000000000
2026-09-25T16:47:09.863508+00:00,0x2A5,00000FCEFFFF7C97
2026-09-25T16:47:09.863716+00:00,0x2A6,00000630FFFFC076
2026-09-25T16:47:09.864032+00:00,0x2A7,FFFFFB28000024EE
2026-09-25T16:47:09.864276+00:00,0x2A9,FFFF94A500000000
2026-09-25T16:47:09.866241+00:00,0x2A1,0100020000000000
2026-09-25T16:47:09.869214+00:00,0x2A5,00000FCEFFFF7C97
2026-09-25T16:47:09.869452+00:00,0x2A6,00000630FFFFC076
2026-09-25T16:47:09.869653+00:00,0x2A7,FFFFFB28000024EE
2026-09-25T16:47:09.869872+00:00,0x2A9,FFFF94A500000000
2026-09-25T16:47:09.871182+00:00,0x2A1,0100020000000000
2026-09-25T16:47:09.873363+00:00,0x2A5,00000FCEFFFF7C97
2026-09-25T16:47:09.873557+00:00,0x2A6,00000630FFFFC076
2026-09-25T16:47:09.873904+00:00,0x2A7,FFFFFB28000024EE
2026-09-25T16:47:09.874033+00:00,0x2A9,FFFF94A500000000
2026-09-25T16:47:09.877168+00:00,0x2A1,0100020000000000
2026-09-25T16:47:09.879362+00:00,0x2A5,00000FCEFFFF7C97
2026-09-25T16:47:09.879556+00:00,0x2A6,00000630FFFFC076
2026-09-25T16:47:09.879893+00:00,0x2A7,FFFFFB28000024EE
2026-09-25T16:47:09.880032+00:00,0x2A9,FFFF94A500000000
2026-09-25T16:47:09.881219+00:00,0x2A1,0100020000000000
2026-09-25T16:47:09.885173+00:00,0x2A5,00000FCEFFFF7C97
2026-09-25T16:47:09.885419+00:00,0x2A6,00000630FFFFC076
2026-09-25T16:47:09.885659+00:00,0x2A7,FFFFFB28000024EE
2026-09-25T16:47:09.885947+00:00,0x2A9,FFFF94A500000000
2026-09-25T16:47:09.886255+00:00,0x2A1,0100020000000000
2026-09-25T16:47:09.889248+00:00,0x2A5,00000FCEFFFF7C97
2026-09-25T16:47:09.889452+00:00,0x2A6,00000630FFFFC076
2026-09-25T16:47:09.889697+00:00,0x2A7,FFFFFB28000024EE
2026-09-25T16:47:09.889989+00:00,0x2A9,FFFF94A500000000
2026-09-25T16:47:09.891248+00:00,0x2A1,0100020000000000
2026-09-25T16:47:09.892500+00:00,0x2A5,00000FCEFFFF7C97
2026-09-25T16:47:09.892975+00:00,0x2A6,00000630FFFFC076
2026-09-25T16:47:09.893496+00:00,0x2A7,FFFFFB28000024EE
2026-09-25T16:47:09.893945+00:00,0x2A9,FFFF94A500000000
2026-09-25T16:47:09.897366+00:00,0x2A1,0100020000000000
2026-09-25T16:47:09.899362+00:00,0x2A5,00000FCEFFFF7C97
2026-09-25T16:47:09.899632+00:00,0x2A6,00000630FFFFC076
2026-09-25T16:47:09.899870+00:00,0x2A7,FFFFFB28000024EE
2026-09-25T16:47:09.900075+00:00,0x2A9,FFFF94A500000000
2026-09-25T16:47:09.901194+00:00,0x2A1,0100020000000000
2026-09-25T16:47:09.903474+00:00,0x2A5,00000FCEFFFF7C97
2026-09-25T16:47:09.903674+00:00,0x2A6,00000630FFFFC076
2026-09-25T16:47:09.903964+00:00,0x2A7,FFFFFB28000024EE
2026-09-25T16:47:09.904191+00:00,0x2A9,FFFF94A500000000
2026-09-25T16:47:09.906238+00:00,0x2A1,0100020000000000
2026-09-25T16:47:09.908858+00:00,0x2A5,00000FCEFFFF7C97
2026-09-25T16:47:09.909259+00:00,0x2A6,00000630FFFFC076
2026-09-25T16:47:09.909697+00:00,0x2A7,FFFFFB28000024EE
2026-09-25T16:47:09.909924+00:00,0x2A9,FFFF94A500000000
2026-09-25T16:47:09.911237+00:00,0x2A1,0100020000000000
2026-09-25T16:47:09.913508+00:00,0x2A5,00000FCEFFFF7C97
2026-09-25T16:47:09.913876+00:00,0x2A6,00000630FFFFC076
2026-09-25T16:47:09.913990+00:00,0x2A7,FFFFFB28000024EE
2026-09-25T16:47:09.914190+00:00,0x2A9,FFFF94A500000000
2026-09-25T16:47:09.917642+00:00,0x2A1,0100020000000000
2026-09-25T16:47:09.919697+00:00,0x2A5,00000FCEFFFF7C97
2026-09-25T16:47:09.919924+00:00,0x2A6,00000630FFFFC076
2026-09-25T16:47:09.920169+00:00,0x2A7,FFFFFB28000024EE
2026-09-25T16:47:09.920366+00:00,0x2A9,FFFF94A500000000
2026-09-25T16:47:09.921204+00:00,0x2A1,0100020000000000
2026-09-25T16:47:09.923588+00:00,0x2A5,00000FCEFFFF7C97
2026-09-25T16:47:09.923849+00:00,0x2A6,00000630FFFFC076
2026-09-25T16:47:09.924054+00:00,0x2A7,FFFFFB28000024EE
2026-09-25T16:47:09.924254+00:00,0x2A9,FFFF94A500000000
2026-09-25T16:47:09.926238+00:00,0x2A1,0100020000000000
2026-09-25T16:47:09.929169+00:00,0x2A5,00000FCEFFFF7C97
2026-09-25T16:47:09.929366+00:00,0x2A6,00000630FFFFC076
2026-09-25T16:47:09.929561+00:00,0x2A7,FFFFFB28000024EE
2026-09-25T16:47:09.929858+00:00,0x2A9,FFFF94A500000000
2026-09-25T16:47:09.931263+00:00,0x2A1,0100020000000000
2026-09-25T16:47:09.933409+00:00,0x2A5,00000FCEFFFF7C97
2026-09-25T16:47:09.933654+00:00,0x2A6,00000630FFFFC076
2026-09-25T16:47:09.933924+00:00,0x2A7,FFFFFB28000024EE
2026-09-25T16:47:09.934121+00:00,0x2A9,FFFF94A500000000
2026-09-25T16:47:09.936335+00:00,0x2A1,0100020000000000
2026-09-25T16:47:09.940255+00:00,0x2A5,00000FCEFFFF7C97
2026-09-25T16:47:09.940741+00:00,0x2A6,00000630FFFFC076
2026-09-25T16:47:09.941061+00:00,0x2A7,FFFFFB28000024EE
2026-09-25T16:47:09.941299+00:00,0x2A9,FFFF94A500000000
2026-09-25T16:47:09.941579+00:00,0x2A1,0100020000000000
2026-09-25T16:47:09.944390+00:00,0x2A5,00000FCEFFFF7C97
2026-09-25T16:47:09.944656+00:00,0x2A6,00000630FFFFC076
2026-09-25T16:47:09.944950+00:00,0x2A7,FFFFFB28000024EE
2026-09-25T16:47:09.945201+00:00,0x2A9,FFFF94A500000000
2026-09-25T16:47:09.946284+00:00,0x2A1,0100020000000000
2026-09-25T16:47:09.948613+00:00,0x2A5,00000FCEFFFF7C97
2026-09-25T16:47:09.948859+00:00,0x2A6,00000630FFFFC076
2026-09-25T16:47:09.949255+00:00,0x2A7,FFFFFB28000024EE
2026-09-25T16:47:09.949924+00:00,0x2A9,FFFF949E00000000
2026-09-25T16:47:09.951262+00:00,0x2A1,0100020000000000
2026-09-25T16:47:09.953654+00:00,0x2A5,00000FCEFFFF7C97
2026-09-25T16:47:09.953873+00:00,0x2A6,00000630FFFFC076
2026-09-25T16:47:09.954075+00:00,0x2A7,FFFFFB28000024EE
2026-09-25T16:47:09.954320+00:00,0x2A9,FFFF949F00000000
2026-09-25T16:47:09.957654+00:00,0x2A1,0100020000000000
2026-09-25T16:47:09.959682+00:00,0x2A5,00000FCEFFFF7C97
2026-09-25T16:47:09.959924+00:00,0x2A6,00000630FFFFC076
2026-09-25T16:47:09.960169+00:00,0x2A7,FFFFFB28000024EE
2026-09-25T16:47:09.960366+00:00,0x2A9,FFFF949F00000000
2026-09-25T16:47:09.961359+00:00,0x2A1,0100020000000000
2026-09-25T16:47:09.963452+00:00,0x2A5,00000FCEFFFF7C97
2026-09-25T16:47:09.963654+00:00,0x2A6,00000630FFFFC076
2026-09-25T16:47:09.963873+00:00,0x2A7,FFFFFB28000024EE
2026-09-25T16:47:09.964118+00:00,0x2A9,FFFF949F00000000
2026-09-25T16:47:09.966242+00:00,0x2A1,0100020000000000
2026-09-25T16:47:09.969169+00:00,0x2A5,00000FCEFFFF7C97
2026-09-25T16:47:09.969366+00:00,0x2A6,00000630FFFFC076
2026-09-25T16:47:09.969613+00:00,0x2A7,FFFFFB28000024EE
2026-09-25T16:47:09.969859+00:00,0x2A9,FFFF949F00000000
2026-09-25T16:47:09.971221+00:00,0x2A1,0100020000000000
2026-09-25T16:47:09.973766+00:00,0x2A5,00000FCEFFFF7C97
2026-09-25T16:47:09.973968+00:00,0x2A6,00000630FFFFC076
2026-09-25T16:47:09.974169+00:00,0x2A7,FFFFFB28000024EE
2026-09-25T16:47:09.974409+00:00,0x2A9,FFFF949F00000000
2026-09-25T16:47:09.977895+00:00,0x2A1,0100020000000000
2026-09-25T16:47:09.979925+00:00,0x2A5,00000FCEFFFF7C97
2026-09-25T16:47:09.980170+00:00,0x2A6,00000630FFFFC076
2026-09-25T16:47:09.980366+00:00,0x2A7,FFFFFB28000024EE
2026-09-25T16:47:09.980562+00:00,0x2A9,FFFF949F00000000
2026-09-25T16:47:09.981208+00:00,0x2A1,0100020000000000
2026-09-25T16:47:09.983487+00:00,0x2A5,00000FCEFFFF7C97
2026-09-25T16:47:09.983697+00:00,0x2A6,00000630FFFFC076
2026-09-25T16:47:09.983925+00:00,0x2A7,FFFFFB28000024EE
2026-09-25T16:47:09.984169+00:00,0x2A9,FFFF949F00000000
2026-09-25T16:47:09.986281+00:00,0x2A1,0100020000000000
2026-09-25T16:47:09.988968+00:00,0x2A5,00000FCEFFFF7C97
2026-09-25T16:47:09.989215+00:00,0x2A6,00000630FFFFC076
2026-09-25T16:47:09.989495+00:00,0x2A7,FFFFFB28000024EE
2026-09-25T16:47:09.989740+00:00,0x2A9,FFFF949F00000000
2026-09-25T16:47:09.991327+00:00,0x2A1,0100020000000000
2026-09-25T16:47:09.993968+00:00,0x2A5,00000FCEFFFF7C97
2026-09-25T16:47:09.994391+00:00,0x2A6,00000630FFFFC076
2026-09-25T16:47:09.994969+00:00,0x2A7,FFFFFB28000024EE
2026-09-25T16:47:09.995212+00:00,0x2A9,FFFF949F00000000
2026-09-25T16:47:09.996872+00:00,0x2A1,0100020000000000
2026-09-25T16:47:10.000212+00:00,0x2A5,00000FCEFFFF7C97
2026-09-25T16:47:10.000409+00:00,0x2A6,00000630FFFFC076
2026-09-25T16:47:10.000873+00:00,0x2A7,FFFFFB28000024EE
2026-09-25T16:47:10.001118+00:00,0x2A9,FFFF949F00000000
2026-09-25T16:47:10.001364+00:00,0x2A1,0100020000000000
2026-09-25T16:47:10.003558+00:00,0x2A5,00000FCEFFFF7C97
2026-09-25T16:47:10.003849+00:00,0x2A6,00000630FFFFC076
2026-09-25T16:47:10.004011+00:00,0x2A7,FFFFFB28000024EE
2026-09-25T16:47:10.004255+00:00,0x2A9,FFFF949F00000000
2026-09-25T16:47:10.006196+00:00,0x2A1,0100020000000000
2026-09-25T16:47:10.009215+00:00,0x2A5,00000FCEFFFF7C97
2026-09-25T16:47:10.009410+00:00,0x2A6,00000630FFFFC076
2026-09-25T16:47:10.009611+00:00,0x2A7,FFFFFB28000024EE
2026-09-25T16:47:10.009851+00:00,0x2A9,FFFF949F00000000
2026-09-25T16:47:10.011226+00:00,0x2A1,0100020000000000
2026-09-25T16:47:10.013367+00:00,0x2A5,00000FCEFFFF7C97
2026-09-25T16:47:10.013613+00:00,0x2A6,00000630FFFFC076
2026-09-25T16:47:10.013859+00:00,0x2A7,FFFFFB28000024EE
2026-09-25T16:47:10.014055+00:00,0x2A9,FFFF949F00000000
2026-09-25T16:47:10.016635+00:00,0x2A1,0100020000000000
2026-09-25T16:47:10.020055+00:00,0x2A5,00000FCEFFFF7C97
2026-09-25T16:47:10.020298+00:00,0x2A6,00000630FFFFC076
2026-09-25T16:47:10.020495+00:00,0x2A7,FFFFFB28000024EE
2026-09-25T16:47:10.020697+00:00,0x2A9,FFFF949F00000000
2026-09-25T16:47:10.021253+00:00,0x2A1,0100020000000000
2026-09-25T16:47:10.023508+00:00,0x2A5,00000FCEFFFF7C97
2026-09-25T16:47:10.023716+00:00,0x2A6,00000630FFFFC076
2026-09-25T16:47:10.023967+00:00,0x2A7,FFFFFB28000024EE
2026-09-25T16:47:10.024168+00:00,0x2A9,FFFF949F00000000
2026-09-25T16:47:10.026241+00:00,0x2A1,0100020000000000
2026-09-25T16:47:10.029168+00:00,0x2A5,00000FCEFFFF7C97
2026-09-25T16:47:10.029365+00:00,0x2A6,00000630FFFFC076
2026-09-25T16:47:10.029612+00:00,0x2A7,FFFFFB28000024EE
2026-09-25T16:47:10.029858+00:00,0x2A9,FFFF949F00000000
2026-09-25T16:47:10.031202+00:00,0x2A1,0100020000000000
2026-09-25T16:47:10.033611+00:00,0x2A5,00000FCEFFFF7C97
2026-09-25T16:47:10.033874+00:00,0x2A6,00000630FFFFC076
2026-09-25T16:47:10.034075+00:00,0x2A7,FFFFFB28000024EE
2026-09-25T16:47:10.034320+00:00,0x2A9,FFFF949F00000000
2026-09-25T16:47:10.036284+00:00,0x2A1,0100020000000000
2026-09-25T16:47:10.040212+00:00,0x2A5,00000FCEFFFF7C97
2026-09-25T16:47:10.040409+00:00,0x2A6,00000630FFFFC076
2026-09-25T16:47:10.040697+00:00,0x2A7,FFFFFB28000024EE
2026-09-25T16:47:10.040968+00:00,0x2A9,FFFF949F00000000
2026-09-25T16:47:10.041495+00:00,0x2A1,0100020000000000
2026-09-25T16:47:10.043994+00:00,0x2A5,00000FCEFFFF7C97
2026-09-25T16:47:10.044213+00:00,0x2A6,00000630FFFFC076
2026-09-25T16:47:10.044410+00:00,0x2A7,FFFFFB28000024EE
2026-09-25T16:47:10.044655+00:00,0x2A9,FFFF949F00000000
2026-09-25T16:47:10.046296+00:00,0x2A1,0100020000000000
2026-09-25T16:47:10.047299+00:00,0x2A5,00000FCEFFFF7C97
2026-09-25T16:47:10.047589+00:00,0x2A6,00000630FFFFC076
2026-09-25T16:47:10.047851+00:00,0x2A7,FFFFFB28000024EE
2026-09-25T16:47:10.048098+00:00,0x2A9,FFFF949F00000000
2026-09-25T16:47:10.051241+00:00,0x2A1,0100020000000000
2026-09-25T16:47:10.053410+00:00,0x2A5,00000FCEFFFF7C97
2026-09-25T16:47:10.053612+00:00,0x2A6,00000630FFFFC076
2026-09-25T16:47:10.053874+00:00,0x2A7,FFFFFB28000024EE
2026-09-25T16:47:10.054118+00:00,0x2A9,FFFF949F00000000
2026-09-25T16:47:10.056492+00:00,0x2A1,0100020000000000
2026-09-25T16:47:10.060122+00:00,0x2A5,00000FCEFFFF7C97
2026-09-25T16:47:10.060364+00:00,0x2A6,00000630FFFFC076
2026-09-25T16:47:10.060558+00:00,0x2A7,FFFFFB28000024EE
2026-09-25T16:47:10.060849+00:00,0x2A9,FFFF949F00000000
2026-09-25T16:47:10.061208+00:00,0x2A1,0100020000000000
2026-09-25T16:47:10.063367+00:00,0x2A5,00000FCEFFFF7C97
2026-09-25T16:47:10.063657+00:00,0x2A6,00000630FFFFC076
2026-09-25T16:47:10.063881+00:00,0x2A7,FFFFFB28000024EE
2026-09-25T16:47:10.064078+00:00,0x2A9,FFFF949F00000000
2026-09-25T16:47:10.066223+00:00,0x2A1,0100020000000000
2026-09-25T16:47:10.069453+00:00,0x2A5,00000FCEFFFF7C97
2026-09-25T16:47:10.069698+00:00,0x2A6,00000630FFFFC076
2026-09-25T16:47:10.069926+00:00,0x2A7,FFFFFB28000024EE
2026-09-25T16:47:10.070122+00:00,0x2A9,FFFF949F00000000
2026-09-25T16:47:10.071222+00:00,0x2A1,0100020000000000
2026-09-25T16:47:10.073343+00:00,0x2A5,00000FCEFFFF7C97
2026-09-25T16:47:10.073589+00:00,0x2A6,00000630FFFFC076
2026-09-25T16:47:10.073851+00:00,0x2A7,FFFFFB28000024EE
2026-09-25T16:47:10.074012+00:00,0x2A9,FFFF949F00000000
2026-09-25T16:47:10.076199+00:00,0x2A1,0100020000000000
2026-09-25T16:47:10.080299+00:00,0x2A5,00000FCEFFFF7C97
2026-09-25T16:47:10.080496+00:00,0x2A6,00000630FFFFC076
2026-09-25T16:47:10.080698+00:00,0x2A7,FFFFFB28000024EE
2026-09-25T16:47:10.080969+00:00,0x2A9,FFFF949F00000000
2026-09-25T16:47:10.081218+00:00,0x2A1,0100020000000000
2026-09-25T16:47:10.083453+00:00,0x2A5,00000FCEFFFF7C97
2026-09-25T16:47:10.083655+00:00,0x2A6,00000630FFFFC076
2026-09-25T16:47:10.083925+00:00,0x2A7,FFFFFB28000024EE
2026-09-25T16:47:10.084123+00:00,0x2A9,FFFF949F00000000
2026-09-25T16:47:10.086243+00:00,0x2A1,0100020000000000
2026-09-25T16:47:10.088612+00:00,0x2A5,00000FCEFFFF7C97
2026-09-25T16:47:10.088851+00:00,0x2A6,00000630FFFFC076
2026-09-25T16:47:10.089055+00:00,0x2A7,FFFFFB28000024EE
2026-09-25T16:47:10.089299+00:00,0x2A9,FFFF949F00000000
2026-09-25T16:47:10.091744+00:00,0x2A1,0100020000000000
2026-09-25T16:47:10.093850+00:00,0x2A5,00000FCEFFFF7C97
2026-09-25T16:47:10.094256+00:00,0x2A6,00000630FFFFC076
2026-09-25T16:47:10.094488+00:00,0x2A7,FFFFFB28000024EE
2026-09-25T16:47:10.094698+00:00,0x2A9,FFFF949F00000000
2026-09-25T16:47:10.096627+00:00,0x2A1,0100020000000000
2026-09-25T16:47:10.099488+00:00,0x2A5,00000FCEFFFF7C97
2026-09-25T16:47:10.099741+00:00,0x2A6,00000630FFFFC076
2026-09-25T16:47:10.099970+00:00,0x2A7,FFFFFB28000024EE
2026-09-25T16:47:10.100256+00:00,0x2A9,FFFF949F00000000
2026-09-25T16:47:10.102141+00:00,0x2A1,0100020000000000
2026-09-25T16:47:10.104453+00:00,0x2A5,00000FCEFFFF7C97
2026-09-25T16:47:10.104655+00:00,0x2A6,00000630FFFFC076
2026-09-25T16:47:10.104874+00:00,0x2A7,FFFFFB28000024EE
2026-09-25T16:47:10.105119+00:00,0x2A9,FFFF949F00000000
2026-09-25T16:47:10.106223+00:00,0x2A1,0100020000000000
2026-09-25T16:47:10.109170+00:00,0x2A5,00000FCEFFFF7C97
2026-09-25T16:47:10.109368+00:00,0x2A6,00000630FFFFC076
2026-09-25T16:47:10.109563+00:00,0x2A7,FFFFFB28000024EE
2026-09-25T16:47:10.109860+00:00,0x2A9,FFFF949F00000000
2026-09-25T16:47:10.111222+00:00,0x2A1,0100020000000000
2026-09-25T16:47:10.113454+00:00,0x2A5,00000FCEFFFF7C97
2026-09-25T16:47:10.113656+00:00,0x2A6,00000630FFFFC076
2026-09-25T16:47:10.113874+00:00,0x2A7,FFFFFB28000024EE
2026-09-25T16:47:10.114120+00:00,0x2A9,FFFF949F00000000
2026-09-25T16:47:10.116244+00:00,0x2A1,0100020000000000
2026-09-25T16:47:10.120741+00:00,0x2A5,00000FCEFFFF7C97
2026-09-25T16:47:10.120969+00:00,0x2A6,00000630FFFFC076
2026-09-25T16:47:10.121217+00:00,0x2A7,FFFFFB28000024EE
2026-09-25T16:47:10.121488+00:00,0x2A9,FFFF949F00000000
2026-09-25T16:47:10.121698+00:00,0x2A1,0100020000000000
2026-09-25T16:47:10.123849+00:00,0x2A5,00000FCEFFFF7C97
2026-09-25T16:47:10.124055+00:00,0x2A6,00000630FFFFC076
2026-09-25T16:47:10.124256+00:00,0x2A7,FFFFFB28000024EE
2026-09-25T16:47:10.124488+00:00,0x2A9,FFFF949F00000000
2026-09-25T16:47:10.126329+00:00,0x2A1,0100020000000000
2026-09-25T16:47:10.129119+00:00,0x2A5,00000FCEFFFF7C97
2026-09-25T16:47:10.129321+00:00,0x2A6,00000630FFFFC076
2026-09-25T16:47:10.129510+00:00,0x2A7,FFFFFB28000024EE
2026-09-25T16:47:10.129848+00:00,0x2A9,FFFF949F00000000
2026-09-25T16:47:10.131253+00:00,0x2A1,0100020000000000
2026-09-25T16:47:10.133510+00:00,0x2A5,00000FCEFFFF7C97
2026-09-25T16:47:10.133847+00:00,0x2A6,00000630FFFFC076
2026-09-25T16:47:10.133969+00:00,0x2A7,FFFFFB28000024EE
2026-09-25T16:47:10.134213+00:00,0x2A9,FFFF949F00000000
2026-09-25T16:47:10.136708+00:00,0x2A1,0100020000000000
2026-09-25T16:47:10.139056+00:00,0x2A5,00000FCEFFFF7C97
2026-09-25T16:47:10.139256+00:00,0x2A6,00000630FFFFC076
2026-09-25T16:47:10.139493+00:00,0x2A7,FFFFFB28000024EE
2026-09-25T16:47:10.139698+00:00,0x2A9,FFFF949F00000000
2026-09-25T16:47:10.141217+00:00,0x2A1,0100020000000000
2026-09-25T16:47:10.143256+00:00,0x2A5,00000FCEFFFF7C97
2026-09-25T16:47:10.143490+00:00,0x2A6,00000630FFFFC076
2026-09-25T16:47:10.143698+00:00,0x2A7,FFFFFB28000024EE
2026-09-25T16:47:10.143926+00:00,0x2A9,FFFF949F00000000
2026-09-25T16:47:10.146291+00:00,0x2A1,0100020000000000
2026-09-25T16:47:10.148038+00:00,0x2A5,00000FCEFFFF7C97
2026-09-25T16:47:10.148300+00:00,0x2A6,00000630FFFFC076
2026-09-25T16:47:10.148537+00:00,0x2A7,FFFFFB28000024EE
2026-09-25T16:47:10.148874+00:00,0x2A9,FFFF949F00000000
2026-09-25T16:47:10.151276+00:00,0x2A1,0100020000000000
2026-09-25T16:47:10.153993+00:00,0x2A5,00000FCEFFFF7C97
2026-09-25T16:47:10.154342+00:00,0x2A6,00000630FFFFC076
2026-09-25T16:47:10.154589+00:00,0x2A7,FFFFFB28000024EE
2026-09-25T16:47:10.154850+00:00,0x2A9,FFFF949F00000000
2026-09-25T16:47:10.156296+00:00,0x2A1,0100020000000000
2026-09-25T16:47:10.159170+00:00,0x2A5,00000FCEFFFF7C97
2026-09-25T16:47:10.159367+00:00,0x2A6,00000630FFFFC076
2026-09-25T16:47:10.159615+00:00,0x2A7,FFFFFB28000024EE
2026-09-25T16:47:10.159861+00:00,0x2A9,FFFF949F00000000
2026-09-25T16:47:10.161970+00:00,0x2A1,0100020000000000
2026-09-25T16:47:10.163969+00:00,0x2A5,00000FCEFFFF7C97
2026-09-25T16:47:10.164213+00:00,0x2A6,00000630FFFFC076
2026-09-25T16:47:10.164454+00:00,0x2A7,FFFFFB28000024EE
2026-09-25T16:47:10.164699+00:00,0x2A9,FFFF949F00000000
2026-09-25T16:47:10.166209+00:00,0x2A1,0100020000000000
2026-09-25T16:47:10.168741+00:00,0x2A5,00000FCEFFFF7C97
2026-09-25T16:47:10.169655+00:00,0x2A6,00000630FFFFC076
2026-09-25T16:47:10.169874+00:00,0x2A7,FFFFFB28000024EE
2026-09-25T16:47:10.170076+00:00,0x2A9,FFFF949F00000000
2026-09-25T16:47:10.171208+00:00,0x2A1,0100020000000000
2026-09-25T16:47:10.173490+00:00,0x2A5,00000FCEFFFF7C97
2026-09-25T16:47:10.173698+00:00,0x2A6,00000630FFFFC076
2026-09-25T16:47:10.173970+00:00,0x2A7,FFFFFB28000024EE
2026-09-25T16:47:10.174171+00:00,0x2A9,FFFF949F00000000
2026-09-25T16:47:10.176494+00:00,0x2A1,0100020000000000
2026-09-25T16:47:10.178559+00:00,0x2A5,00000FCEFFFF7C97
2026-09-25T16:47:10.178850+00:00,0x2A6,00000630FFFFC076
2026-09-25T16:47:10.178970+00:00,0x2A7,FFFFFB28000024EE
2026-09-25T16:47:10.179214+00:00,0x2A9,FFFF949F00000000
2026-09-25T16:47:10.181258+00:00,0x2A1,0100020000000000
2026-09-25T16:47:10.183497+00:00,0x2A5,00000FCEFFFF7C97
2026-09-25T16:47:10.183699+00:00,0x2A6,00000630FFFFC076
2026-09-25T16:47:10.183927+00:00,0x2A7,FFFFFB28000024EE
2026-09-25T16:47:10.184123+00:00,0x2A9,FFFF949F00000000
2026-09-25T16:47:10.186286+00:00,0x2A1,0100020000000000
2026-09-25T16:47:10.189120+00:00,0x2A5,00000FCEFFFF7C97
2026-09-25T16:47:10.189322+00:00,0x2A6,00000630FFFFC076
2026-09-25T16:47:10.189510+00:00,0x2A7,FFFFFB28000024EE
2026-09-25T16:47:10.189872+00:00,0x2A9,FFFF949F00000000
2026-09-25T16:47:10.191210+00:00,0x2A1,0100020000000000
2026-09-25T16:47:10.193322+00:00,0x2A5,00000FCEFFFF7C97
2026-09-25T16:47:10.193559+00:00,0x2A6,00000630FFFFC076
2026-09-25T16:47:10.193850+00:00,0x2A7,FFFFFB28000024EE
2026-09-25T16:47:10.193969+00:00,0x2A9,FFFF949F00000000
2026-09-25T16:47:10.201000+00:00,0x2A1,0100020000000000
2026-09-25T16:47:10.201241+00:00,0x2A5,00000FCEFFFF7C97
2026-09-25T16:47:10.201480+00:00,0x2A6,00000630FFFFC076
2026-09-25T16:47:10.201865+00:00,0x2A7,FFFFFB28000024EE
2026-09-25T16:47:10.202057+00:00,0x2A9,FFFF949F00000000
2026-09-25T16:47:10.202301+00:00,0x2A1,0100020000000000
2026-09-25T16:47:10.204344+00:00,0x2A5,00000FCEFFFF7C97
2026-09-25T16:47:10.204582+00:00,0x2A6,00000630FFFFC076
2026-09-25T16:47:10.204936+00:00,0x2A7,FFFFFB28000024EE
2026-09-25T16:47:10.205142+00:00,0x2A9,FFFF949F00000000
2026-09-25T16:47:10.206291+00:00,0x2A1,0100020000000000
2026-09-25T16:47:10.209171+00:00,0x2A5,00000FCEFFFF7C97
2026-09-25T16:47:10.209454+00:00,0x2A6,00000630FFFFC076
2026-09-25T16:47:10.209698+00:00,0x2A7,FFFFFB28000024EE
2026-09-25T16:47:10.209969+00:00,0x2A9,FFFF949F00000000
2026-09-25T16:47:10.211194+00:00,0x2A1,0100020000000000
2026-09-25T16:47:10.213454+00:00,0x2A5,00000FCEFFFF7C97
2026-09-25T16:47:10.213656+00:00,0x2A6,00000630FFFFC076
2026-09-25T16:47:10.213926+00:00,0x2A7,FFFFFB28000024EE
2026-09-25T16:47:10.214171+00:00,0x2A9,FFFF949F00000000
2026-09-25T16:47:10.216287+00:00,0x2A1,0100020000000000
2026-09-25T16:47:10.220321+00:00,0x2A5,00000FCEFFFF7C97
2026-09-25T16:47:10.220510+00:00,0x2A6,00000630FFFFC076
2026-09-25T16:47:10.220872+00:00,0x2A7,FFFFFB28000024EE
2026-09-25T16:47:10.220969+00:00,0x2A9,FFFF949F00000000
2026-09-25T16:47:10.221217+00:00,0x2A1,0100020000000000
2026-09-25T16:47:10.223411+00:00,0x2A5,00000FCEFFFF7C97
2026-09-25T16:47:10.223613+00:00,0x2A6,00000630FFFFC076
2026-09-25T16:47:10.223853+00:00,0x2A7,FFFFFB28000024EE
2026-09-25T16:47:10.224209+00:00,0x2A9,FFFF949F00000000
2026-09-25T16:47:10.226253+00:00,0x2A1,0100020000000000
2026-09-25T16:47:10.229120+00:00,0x2A5,00000FCEFFFF7C97
2026-09-25T16:47:10.229366+00:00,0x2A6,00000630FFFFC076
2026-09-25T16:47:10.229559+00:00,0x2A7,FFFFFB28000024EE
2026-09-25T16:47:10.229850+00:00,0x2A9,FFFF949F00000000
2026-09-25T16:47:10.231254+00:00,0x2A1,0100020000000000
2026-09-25T16:47:10.233560+00:00,0x2A5,00000FCEFFFF7C97
2026-09-25T16:47:10.233850+00:00,0x2A6,00000630FFFFC076
2026-09-25T16:47:10.234016+00:00,0x2A7,FFFFFB28000024EE
2026-09-25T16:47:10.234260+00:00,0x2A9,FFFF949F00000000
2026-09-25T16:47:10.236179+00:00,0x2A1,0100020000000000
2026-09-25T16:47:10.238875+00:00,0x2A5,00000FCEFFFF7C97
2026-09-25T16:47:10.239077+00:00,0x2A6,00000630FFFFC076
2026-09-25T16:47:10.240853+00:00,0x2A7,FFFFFB28000024EE
2026-09-25T16:47:10.241099+00:00,0x2A9,FFFF949F00000000
2026-09-25T16:47:10.241343+00:00,0x2A1,0100020000000000
2026-09-25T16:47:10.243538+00:00,0x2A5,00000FCEFFFF7C97
2026-09-25T16:47:10.243743+00:00,0x2A6,00000630FFFFC076
2026-09-25T16:47:10.243970+00:00,0x2A7,FFFFFB28000024EE
2026-09-25T16:47:10.244214+00:00,0x2A9,FFFF949F00000000
2026-09-25T16:47:10.246227+00:00,0x2A1,0100020000000000
2026-09-25T16:47:10.249014+00:00,0x2A5,00000FCEFFFF7C97
2026-09-25T16:47:10.249257+00:00,0x2A6,00000630FFFFC076
2026-09-25T16:47:10.249454+00:00,0x2A7,FFFFFB28000024EE
2026-09-25T16:47:10.249699+00:00,0x2A9,FFFF949F00000000
2026-09-25T16:47:10.251324+00:00,0x2A1,0100020000000000
2026-09-25T16:47:10.252501+00:00,0x2A5,00000FCEFFFF7C97
2026-09-25T16:47:10.252748+00:00,0x2A6,00000630FFFFC076
2026-09-25T16:47:10.253013+00:00,0x2A7,FFFFFB28000024EE
2026-09-25T16:47:10.253300+00:00,0x2A9,FFFF949F00000000
2026-09-25T16:47:10.256300+00:00,0x2A1,0100020000000000
2026-09-25T16:47:10.259875+00:00,0x2A5,00000FCEFFFF7C97
2026-09-25T16:47:10.260056+00:00,0x2A6,00000630FFFFC076
2026-09-25T16:47:10.260300+00:00,0x2A7,FFFFFB28000024EE
2026-09-25T16:47:10.261852+00:00,0x2A9,FFFF949F00000000
2026-09-25T16:47:10.262100+00:00,0x2A1,0100020000000000
2026-09-25T16:47:10.264257+00:00,0x2A5,00000FCEFFFF7C97
2026-09-25T16:47:10.264455+00:00,0x2A6,00000630FFFFC076
2026-09-25T16:47:10.264656+00:00,0x2A7,FFFFFB28000024EE
2026-09-25T16:47:10.264926+00:00,0x2A9,FFFF949F00000000
2026-09-25T16:47:10.266266+00:00,0x2A1,0100020000000000
2026-09-25T16:47:10.268853+00:00,0x2A5,00000FCEFFFF7C97
2026-09-25T16:47:10.269271+00:00,0x2A6,00000630FFFFC076
2026-09-25T16:47:10.269497+00:00,0x2A7,FFFFFB28000024EE
2026-09-25T16:47:10.269927+00:00,0x2A9,FFFF949F00000000
2026-09-25T16:47:10.271197+00:00,0x2A1,0100020000000000
2026-09-25T16:47:10.273538+00:00,0x2A5,00000FCEFFFF7C97
2026-09-25T16:47:10.273744+00:00,0x2A6,00000630FFFFC076
2026-09-25T16:47:10.273970+00:00,0x2A7,FFFFFB28000024EE
2026-09-25T16:47:10.274215+00:00,0x2A9,FFFF949F00000000
2026-09-25T16:47:10.276245+00:00,0x2A1,0100020000000000
2026-09-25T16:47:10.278656+00:00,0x2A5,00000FCEFFFF7C97
2026-09-25T16:47:10.278876+00:00,0x2A6,00000630FFFFC076
2026-09-25T16:47:10.279120+00:00,0x2A7,FFFFFB28000024EE
2026-09-25T16:47:10.279323+00:00,0x2A9,FFFF949F00000000
2026-09-25T16:47:10.281198+00:00,0x2A1,0100020000000000
2026-09-25T16:47:10.283412+00:00,0x2A5,00000FCEFFFF7C97
2026-09-25T16:47:10.283614+00:00,0x2A6,00000630FFFFC076
2026-09-25T16:47:10.283854+00:00,0x2A7,FFFFFB28000024EE
2026-09-25T16:47:10.284057+00:00,0x2A9,FFFF949F00000000
2026-09-25T16:47:10.286249+00:00,0x2A1,0100020000000000
2026-09-25T16:47:10.289057+00:00,0x2A5,00000FCEFFFF7C97
2026-09-25T16:47:10.289300+00:00,0x2A6,00000630FFFFC076
2026-09-25T16:47:10.289490+00:00,0x2A7,FFFFFB28000024EE
2026-09-25T16:47:10.289743+00:00,0x2A9,FFFF949F00000000
2026-09-25T16:47:10.291212+00:00,0x2A1,0100020000000000
2026-09-25T16:47:10.293538+00:00,0x2A5,00000FCEFFFF7C97
2026-09-25T16:47:10.293875+00:00,0x2A6,00000630FFFFC076
2026-09-25T16:47:10.293970+00:00,0x2A7,FFFFFB28000024EE
2026-09-25T16:47:10.294215+00:00,0x2A9,FFFF949F00000000
2026-09-25T16:47:10.296245+00:00,0x2A1,0100020000000000
2026-09-25T16:47:10.300657+00:00,0x2A5,00000FCEFFFF7C97
2026-09-25T16:47:10.300876+00:00,0x2A6,00000630FFFFC076
2026-09-25T16:47:10.301121+00:00,0x2A7,FFFFFB28000024EE
2026-09-25T16:47:10.301366+00:00,0x2A9,FFFF949F00000000
2026-09-25T16:47:10.301612+00:00,0x2A1,0100020000000000
2026-09-25T16:47:10.303971+00:00,0x2A5,00000FCEFFFF7C97
2026-09-25T16:47:10.304214+00:00,0x2A6,00000630FFFFC076
2026-09-25T16:47:10.304454+00:00,0x2A7,FFFFFB28000024EE
2026-09-25T16:47:10.304742+00:00,0x2A9,FFFF949F00000000
2026-09-25T16:47:10.306429+00:00,0x2A1,0100020000000000
2026-09-25T16:47:10.309221+00:00,0x2A5,00000FCEFFFF7C97
2026-09-25T16:47:10.309412+00:00,0x2A6,00000630FFFFC076
2026-09-25T16:47:10.309656+00:00,0x2A7,FFFFFB28000024EE
2026-09-25T16:47:10.309994+00:00,0x2A9,FFFF949F00000000
2026-09-25T16:47:10.311297+00:00,0x2A1,0100020000000000
2026-09-25T16:47:10.314057+00:00,0x2A5,00000FCEFFFF7C97
2026-09-25T16:47:10.314301+00:00,0x2A6,00000630FFFFC076
2026-09-25T16:47:10.314539+00:00,0x2A7,FFFFFB28000024EE
2026-09-25T16:47:10.314744+00:00,0x2A9,FFFF949F00000000
2026-09-25T16:47:10.316235+00:00,0x2A1,0100020000000000
2026-09-25T16:47:10.318614+00:00,0x2A5,00000FCEFFFF7C97
2026-09-25T16:47:10.318952+00:00,0x2A6,00000630FFFFC076
2026-09-25T16:47:10.319124+00:00,0x2A7,FFFFFB28000024EE
2026-09-25T16:47:10.319323+00:00,0x2A9,FFFF949F00000000
2026-09-25T16:47:10.321233+00:00,0x2A1,0100020000000000
2026-09-25T16:47:10.323455+00:00,0x2A5,00000FCEFFFF7C97
2026-09-25T16:47:10.323657+00:00,0x2A6,00000630FFFFC076
2026-09-25T16:47:10.323927+00:00,0x2A7,FFFFFB28000024EE
2026-09-25T16:47:10.324124+00:00,0x2A9,FFFF949F00000000
2026-09-25T16:47:10.326245+00:00,0x2A1,0100020000000000
2026-09-25T16:47:10.329100+00:00,0x2A5,00000FCEFFFF7C97
2026-09-25T16:47:10.329302+00:00,0x2A6,00000630FFFFC076
2026-09-25T16:47:10.329539+00:00,0x2A7,FFFFFB28000024EE
2026-09-25T16:47:10.329744+00:00,0x2A9,FFFF949F00000000
2026-09-25T16:47:10.331229+00:00,0x2A1,0100020000000000
2026-09-25T16:47:10.333412+00:00,0x2A5,00000FCEFFFF7C97
2026-09-25T16:47:10.333614+00:00,0x2A6,00000630FFFFC076
2026-09-25T16:47:10.333854+00:00,0x2A7,FFFFFB28000024EE
2026-09-25T16:47:10.334059+00:00,0x2A9,FFFF949F00000000
2026-09-25T16:47:10.336202+00:00,0x2A1,0100020000000000
2026-09-25T16:47:10.338368+00:00,0x2A5,00000FCEFFFF7C97
2026-09-25T16:47:10.338616+00:00,0x2A6,00000630FFFFC076
2026-09-25T16:47:10.338861+00:00,0x2A7,FFFFFB28000024EE
2026-09-25T16:47:10.339058+00:00,0x2A9,FFFF949F00000000
2026-09-25T16:47:10.341230+00:00,0x2A1,0100020000000000
2026-09-25T16:47:10.343510+00:00,0x2A5,00000FCEFFFF7C97
2026-09-25T16:47:10.343848+00:00,0x2A6,00000630FFFFC076
2026-09-25T16:47:10.343970+00:00,0x2A7,FFFFFB28000024EE
2026-09-25T16:47:10.344171+00:00,0x2A9,FFFF949F00000000
2026-09-25T16:47:10.346201+00:00,0x2A1,0100020000000000
2026-09-25T16:47:10.349170+00:00,0x2A5,00000FCEFFFF7C97
2026-09-25T16:47:10.349368+00:00,0x2A6,00000630FFFFC076
2026-09-25T16:47:10.349563+00:00,0x2A7,FFFFFB28000024EE
2026-09-25T16:47:10.349860+00:00,0x2A9,FFFF949F00000000
2026-09-25T16:47:10.351273+00:00,0x2A1,0100020000000000
2026-09-25T16:47:10.353364+00:00,0x2A5,00000FCEFFFF7C97
2026-09-25T16:47:10.353567+00:00,0x2A6,00000630FFFFC076
2026-09-25T16:47:10.353873+00:00,0x2A7,FFFFFB28000024EE
2026-09-25T16:47:10.354000+00:00,0x2A9,FFFF949F00000000
2026-09-25T16:47:10.356266+00:00,0x2A1,0100020000000000
2026-09-25T16:47:10.359655+00:00,0x2A5,00000FCEFFFF7C97
2026-09-25T16:47:10.359977+00:00,0x2A6,00000630FFFFC076
2026-09-25T16:47:10.360213+00:00,0x2A7,FFFFFB28000024EE
2026-09-25T16:47:10.360410+00:00,0x2A9,FFFF949F00000000
2026-09-25T16:47:10.362537+00:00,0x2A1,0100020000000000
2026-09-25T16:47:10.364874+00:00,0x2A5,00000FCEFFFF7C97
2026-09-25T16:47:10.365055+00:00,0x2A6,00000630FFFFC076
2026-09-25T16:47:10.365299+00:00,0x2A7,FFFFFB28000024EE
2026-09-25T16:47:10.365589+00:00,0x2A9,FFFF949F00000000
2026-09-25T16:47:10.366296+00:00,0x2A1,0100020000000000
2026-09-25T16:47:10.369055+00:00,0x2A5,00000FCEFFFF7C97
2026-09-25T16:47:10.369299+00:00,0x2A6,00000630FFFFC076
2026-09-25T16:47:10.369589+00:00,0x2A7,FFFFFB28000024EE
2026-09-25T16:47:10.369851+00:00,0x2A9,FFFF949F00000000
2026-09-25T16:47:10.371228+00:00,0x2A1,0100020000000000
2026-09-25T16:47:10.373365+00:00,0x2A5,00000FCEFFFF7C97
2026-09-25T16:47:10.373610+00:00,0x2A6,00000630FFFFC076
2026-09-25T16:47:10.373851+00:00,0x2A7,FFFFFB28000024EE
2026-09-25T16:47:10.374055+00:00,0x2A9,FFFF949F00000000
2026-09-25T16:47:10.376199+00:00,0x2A1,0100020000000000
2026-09-25T16:47:10.380119+00:00,0x2A5,00000FCEFFFF7C97
2026-09-25T16:47:10.380321+00:00,0x2A6,00000630FFFFC076
2026-09-25T16:47:10.380558+00:00,0x2A7,FFFFFB28000024EE
2026-09-25T16:47:10.380875+00:00,0x2A9,FFFF949F00000000
2026-09-25T16:47:10.381299+00:00,0x2A1,0100020000000000
2026-09-25T16:47:10.383321+00:00,0x2A5,00000FCEFFFF7C97
2026-09-25T16:47:10.383559+00:00,0x2A6,00000630FFFFC076
2026-09-25T16:47:10.383850+00:00,0x2A7,FFFFFB28000024EE
2026-09-25T16:47:10.383969+00:00,0x2A9,FFFF949F00000000
2026-09-25T16:47:10.386271+00:00,0x2A1,0100020000000000
2026-09-25T16:47:10.388926+00:00,0x2A5,00000FCEFFFF7C97
2026-09-25T16:47:10.389122+00:00,0x2A6,00000630FFFFC076
2026-09-25T16:47:10.389321+00:00,0x2A7,FFFFFB28000024EE
2026-09-25T16:47:10.389559+00:00,0x2A9,FFFF949F00000000
2026-09-25T16:47:10.391192+00:00,0x2A1,0100020000000000
2026-09-25T16:47:10.393278+00:00,0x2A5,00000FCEFFFF7C97
2026-09-25T16:47:10.393510+00:00,0x2A6,00000637FFFFC076
2026-09-25T16:47:10.393718+00:00,0x2A7,FFFFFB28000024EE
2026-09-25T16:47:10.393969+00:00,0x2A9,FFFF949F00000000
2026-09-25T16:47:10.396221+00:00,0x2A1,0100020000000000
2026-09-25T16:47:10.399123+00:00,0x2A5,00000FCEFFFF7C97
2026-09-25T16:47:10.399365+00:00,0x2A6,00000636FFFFC076
2026-09-25T16:47:10.399559+00:00,0x2A7,FFFFFB28000024EE
2026-09-25T16:47:10.399851+00:00,0x2A9,FFFF949F00000000
2026-09-25T16:47:10.401559+00:00,0x2A1,0100020000000000
2026-09-25T16:47:10.403560+00:00,0x2A5,00000FCEFFFF7C97
2026-09-25T16:47:10.403850+00:00,0x2A6,00000636FFFFC076
2026-09-25T16:47:10.404012+00:00,0x2A7,FFFFFB28000024EE
2026-09-25T16:47:10.404214+00:00,0x2A9,FFFF949F00000000
2026-09-25T16:47:10.406314+00:00,0x2A1,0100020000000000
2026-09-25T16:47:10.409013+00:00,0x2A5,00000FCEFFFF7C97
2026-09-25T16:47:10.409216+00:00,0x2A6,00000636FFFFC076
2026-09-25T16:47:10.409503+00:00,0x2A7,FFFFFB28000024EE
2026-09-25T16:47:10.409717+00:00,0x2A9,FFFF949F00000000
2026-09-25T16:47:10.411380+00:00,0x2A1,0100020000000000
2026-09-25T16:47:10.413804+00:00,0x2A5,00000FCEFFFF7C97
2026-09-25T16:47:10.414023+00:00,0x2A6,00000636FFFFC076
2026-09-25T16:47:10.414257+00:00,0x2A7,FFFFFB28000024EE
2026-09-25T16:47:10.414537+00:00,0x2A9,FFFF949F00000000
2026-09-25T16:47:10.416278+00:00,0x2A1,0100020000000000
2026-09-25T16:47:10.419724+00:00,0x2A5,00000FCEFFFF7C97
2026-09-25T16:47:10.420012+00:00,0x2A6,00000636FFFFC076
2026-09-25T16:47:10.420256+00:00,0x2A7,FFFFFB28000024EE
2026-09-25T16:47:10.420496+00:00,0x2A9,FFFF949F00000000
2026-09-25T16:47:10.422633+00:00,0x2A1,0100020000000000
2026-09-25T16:47:10.424850+00:00,0x2A5,00000FCEFFFF7C97
2026-09-25T16:47:10.425013+00:00,0x2A6,00000636FFFFC076
2026-09-25T16:47:10.425257+00:00,0x2A7,FFFFFB28000024EE
2026-09-25T16:47:10.425454+00:00,0x2A9,FFFF949F00000000
2026-09-25T16:47:10.428257+00:00,0x2A1,0100020000000000
2026-09-25T16:47:10.429368+00:00,0x2A5,00000FCEFFFF7C97
2026-09-25T16:47:10.429658+00:00,0x2A6,00000636FFFFC076
2026-09-25T16:47:10.429927+00:00,0x2A7,FFFFFB28000024EE
2026-09-25T16:47:10.430172+00:00,0x2A9,FFFF949F00000000
2026-09-25T16:47:10.433369+00:00,0x2A1,0100020000000000
2026-09-25T16:47:10.433619+00:00,0x2A5,00000FCEFFFF7C97
2026-09-25T16:47:10.433862+00:00,0x2A6,00000636FFFFC076
2026-09-25T16:47:10.434058+00:00,0x2A7,FFFFFB28000024EE
2026-09-25T16:47:10.434258+00:00,0x2A9,FFFF949F00000000
2026-09-25T16:47:10.436182+00:00,0x2A1,0100020000000000
2026-09-25T16:47:10.438560+00:00,0x2A5,00000FCEFFFF7C97
2026-09-25T16:47:10.438851+00:00,0x2A6,00000636FFFFC076
2026-09-25T16:47:10.439014+00:00,0x2A7,FFFFFB28000024EE
2026-09-25T16:47:10.439215+00:00,0x2A9,FFFF949F00000000
2026-09-25T16:47:10.441223+00:00,0x2A1,0100020000000000
2026-09-25T16:47:10.443459+00:00,0x2A5,00000FCEFFFF7C97
2026-09-25T16:47:10.443701+00:00,0x2A6,00000636FFFFC076
2026-09-25T16:47:10.443928+00:00,0x2A7,FFFFFB28000024EE
2026-09-25T16:47:10.444172+00:00,0x2A9,FFFF949F00000000
2026-09-25T16:47:10.446288+00:00,0x2A1,0100020000000000
2026-09-25T16:47:10.449058+00:00,0x2A5,00000FCEFFFF7C97
2026-09-25T16:47:10.449302+00:00,0x2A6,00000636FFFFC076
2026-09-25T16:47:10.449496+00:00,0x2A7,FFFFFB28000024EE
2026-09-25T16:47:10.449744+00:00,0x2A9,FFFF949F00000000
2026-09-25T16:47:10.451187+00:00,0x2A1,0100020000000000
2026-09-25T16:47:10.453412+00:00,0x2A5,00000FCEFFFF7C97
2026-09-25T16:47:10.453614+00:00,0x2A6,00000636FFFFC076
2026-09-25T16:47:10.453854+00:00,0x2A7,FFFFFB28000024EE
2026-09-25T16:47:10.454058+00:00,0x2A9,FFFF949F00000000
2026-09-25T16:47:10.456228+00:00,0x2A1,0100020000000000
2026-09-25T16:47:10.459367+00:00,0x2A5,00000FCEFFFF7C97
2026-09-25T16:47:10.459564+00:00,0x2A6,00000636FFFFC076
2026-09-25T16:47:10.459852+00:00,0x2A7,FFFFFB28000024EE
2026-09-25T16:47:10.460014+00:00,0x2A9,FFFF949F00000000
2026-09-25T16:47:10.461972+00:00,0x2A1,0100020000000000
2026-09-25T16:47:10.464409+00:00,0x2A5,00000FCEFFFF7C97
2026-09-25T16:47:10.464698+00:00,0x2A6,00000636FFFFC076
2026-09-25T16:47:10.464971+00:00,0x2A7,FFFFFB28000024EE
2026-09-25T16:47:10.465222+00:00,0x2A9,FFFF949F00000000
2026-09-25T16:47:10.467072+00:00,0x2A1,0100020000000000
2026-09-25T16:47:10.469456+00:00,0x2A5,00000FCEFFFF7C97
2026-09-25T16:47:10.469701+00:00,0x2A6,00000636FFFFC076
2026-09-25T16:47:10.469972+00:00,0x2A7,FFFFFB28000024EE
2026-09-25T16:47:10.470216+00:00,0x2A9,FFFF949F00000000
2026-09-25T16:47:10.471747+00:00,0x2A1,0100020000000000
2026-09-25T16:47:10.474240+00:00,0x2A5,00000FCEFFFF7C97
2026-09-25T16:47:10.474456+00:00,0x2A6,00000636FFFFC076
2026-09-25T16:47:10.474743+00:00,0x2A7,FFFFFB28000024EE
2026-09-25T16:47:10.474951+00:00,0x2A9,FFFF949F00000000
2026-09-25T16:47:10.476310+00:00,0x2A1,0100020000000000
2026-09-25T16:47:10.478972+00:00,0x2A5,00000FCEFFFF7C97
2026-09-25T16:47:10.479173+00:00,0x2A6,00000636FFFFC076
2026-09-25T16:47:10.479413+00:00,0x2A7,FFFFFB28000024EE
2026-09-25T16:47:10.479658+00:00,0x2A9,FFFF949F00000000
2026-09-25T16:47:10.481513+00:00,0x2A1,0100020000000000
2026-09-25T16:47:10.483592+00:00,0x2A5,00000FCEFFFF7C97
2026-09-25T16:47:10.483875+00:00,0x2A6,00000636FFFFC076
2026-09-25T16:47:10.484079+00:00,0x2A7,FFFFFB28000024EE
2026-09-25T16:47:10.484280+00:00,0x2A9,FFFF949F00000000
2026-09-25T16:47:10.486198+00:00,0x2A1,0100020000000000
2026-09-25T16:47:10.489143+00:00,0x2A5,00000FCEFFFF7C97
2026-09-25T16:47:10.489345+00:00,0x2A6,00000636FFFFC076
2026-09-25T16:47:10.489582+00:00,0x2A7,FFFFFB28000024EE
2026-09-25T16:47:10.489874+00:00,0x2A9,FFFF949F00000000
2026-09-25T16:47:10.491297+00:00,0x2A1,0100020000000000
2026-09-25T16:47:10.493582+00:00,0x2A5,00000FCEFFFF7C97
2026-09-25T16:47:10.493874+00:00,0x2A6,00000636FFFFC076
2026-09-25T16:47:10.493993+00:00,0x2A7,FFFFFB28000024EE
2026-09-25T16:47:10.494237+00:00,0x2A9,FFFF949F00000000
2026-09-25T16:47:10.496198+00:00,0x2A1,0100020000000000
2026-09-25T16:47:10.499324+00:00,0x2A5,00000FCEFFFF7C97
2026-09-25T16:47:10.499512+00:00,0x2A6,00000636FFFFC076
2026-09-25T16:47:10.499850+00:00,0x2A7,FFFFFB28000024EE
2026-09-25T16:47:10.499971+00:00,0x2A9,FFFF949F00000000
2026-09-25T16:47:10.501878+00:00,0x2A1,0100020000000000
2026-09-25T16:47:10.503899+00:00,0x2A5,00000FCEFFFF7C97
2026-09-25T16:47:10.504100+00:00,0x2A6,00000636FFFFC076
2026-09-25T16:47:10.504344+00:00,0x2A7,FFFFFB28000024EE
2026-09-25T16:47:10.504539+00:00,0x2A9,FFFF949F00000000
2026-09-25T16:47:10.506189+00:00,0x2A1,0100020000000000
2026-09-25T16:47:10.509237+00:00,0x2A5,00000FCEFFFF7C97
2026-09-25T16:47:10.509434+00:00,0x2A6,00000636FFFFC076
2026-09-25T16:47:10.509634+00:00,0x2A7,FFFFFB28000024EE
2026-09-25T16:47:10.509896+00:00,0x2A9,FFFF949F00000000
2026-09-25T16:47:10.511190+00:00,0x2A1,0100020000000000
2026-09-25T16:47:10.513366+00:00,0x2A5,00000FCEFFFF7C97
2026-09-25T16:47:10.513560+00:00,0x2A6,00000636FFFFC076
2026-09-25T16:47:10.513899+00:00,0x2A7,FFFFFB28000024EE
2026-09-25T16:47:10.513993+00:00,0x2A9,FFFF949F00000000
2026-09-25T16:47:10.516198+00:00,0x2A1,0100020000000000
2026-09-25T16:47:10.518513+00:00,0x2A5,00000FCEFFFF7C97
2026-09-25T16:47:10.518871+00:00,0x2A6,00000636FFFFC076
2026-09-25T16:47:10.518993+00:00,0x2A7,FFFFFB28000024EE
2026-09-25T16:47:10.519280+00:00,0x2A9,FFFF949F00000000
2026-09-25T16:47:10.521512+00:00,0x2A1,0100020000000000
2026-09-25T16:47:10.523993+00:00,0x2A5,00000FCEFFFF7C97
2026-09-25T16:47:10.524236+00:00,0x2A6,00000636FFFFC076
2026-09-25T16:47:10.524511+00:00,0x2A7,FFFFFB28000024EE
2026-09-25T16:47:10.524898+00:00,0x2A9,FFFF949F00000000
2026-09-25T16:47:10.526228+00:00,0x2A1,0100020000000000
2026-09-25T16:47:10.529744+00:00,0x2A5,00000FCEFFFF7C97
2026-09-25T16:47:10.529993+00:00,0x2A6,00000636FFFFC076
2026-09-25T16:47:10.530280+00:00,0x2A7,FFFFFB28000024EE
2026-09-25T16:47:10.531279+00:00,0x2A9,FFFF949F00000000
2026-09-25T16:47:10.531511+00:00,0x2A1,0100020000000000
2026-09-25T16:47:10.533896+00:00,0x2A5,00000FCEFFFF7C97
2026-09-25T16:47:10.534100+00:00,0x2A6,00000636FFFFC076
2026-09-25T16:47:10.534301+00:00,0x2A7,FFFFFB28000024EE
2026-09-25T16:47:10.534539+00:00,0x2A9,FFFF949F00000000
2026-09-25T16:47:10.539280+00:00,0x2A1,0100020000000000
2026-09-25T16:47:10.539721+00:00,0x2A5,00000FCEFFFF7C97
2026-09-25T16:47:10.539950+00:00,0x2A6,00000636FFFFC076
2026-09-25T16:47:10.540146+00:00,0x2A7,FFFFFB28000024EE
2026-09-25T16:47:10.540388+00:00,0x2A9,FFFF949F00000000
2026-09-25T16:47:10.542279+00:00,0x2A1,0100020000000000
2026-09-25T16:47:10.544322+00:00,0x2A5,00000FCEFFFF7C97
2026-09-25T16:47:10.544530+00:00,0x2A6,00000636FFFFC076
2026-09-25T16:47:10.544878+00:00,0x2A7,FFFFFB28000024EE
2026-09-25T16:47:10.544992+00:00,0x2A9,FFFF949F00000000
2026-09-25T16:47:10.546197+00:00,0x2A1,0100020000000000
2026-09-25T16:47:10.549079+00:00,0x2A5,00000FCEFFFF7C97
2026-09-25T16:47:10.549280+00:00,0x2A6,00000636FFFFC076
2026-09-25T16:47:10.549477+00:00,0x2A7,FFFFFB28000024EE
2026-09-25T16:47:10.549720+00:00,0x2A9,FFFF949F00000000
2026-09-25T16:47:10.551189+00:00,0x2A1,0100020000000000
2026-09-25T16:47:10.553368+00:00,0x2A5,00000FCEFFFF7C97
2026-09-25T16:47:10.553616+00:00,0x2A6,00000636FFFFC076
2026-09-25T16:47:10.553862+00:00,0x2A7,FFFFFB28000024EE
2026-09-25T16:47:10.554058+00:00,0x2A9,FFFF949F00000000
2026-09-25T16:47:10.556198+00:00,0x2A1,0100020000000000
2026-09-25T16:47:10.558411+00:00,0x2A5,00000FCEFFFF7C97
2026-09-25T16:47:10.558614+00:00,0x2A6,00000636FFFFC076
2026-09-25T16:47:10.558897+00:00,0x2A7,FFFFFB28000024EE
2026-09-25T16:47:10.559143+00:00,0x2A9,FFFF949F00000000
2026-09-25T16:47:10.561208+00:00,0x2A1,0100020000000000
2026-09-25T16:47:10.563412+00:00,0x2A5,00000FCEFFFF7C97
2026-09-25T16:47:10.563614+00:00,0x2A6,00000636FFFFC076
2026-09-25T16:47:10.563854+00:00,0x2A7,FFFFFB28000024EE
2026-09-25T16:47:10.564057+00:00,0x2A9,FFFF949F00000000
2026-09-25T16:47:10.566198+00:00,0x2A1,0100020000000000
2026-09-25T16:47:10.569014+00:00,0x2A5,00000FCEFFFF7C97
2026-09-25T16:47:10.569240+00:00,0x2A6,00000636FFFFC076
2026-09-25T16:47:10.569455+00:00,0x2A7,FFFFFB28000024EE
2026-09-25T16:47:10.569657+00:00,0x2A9,FFFF949F00000000
2026-09-25T16:47:10.571212+00:00,0x2A1,0100020000000000
2026-09-25T16:47:10.575013+00:00,0x2A5,00000FCEFFFF7C97
2026-09-25T16:47:10.575257+00:00,0x2A6,00000636FFFFC076
2026-09-25T16:47:10.575497+00:00,0x2A7,FFFFFB28000024EE
2026-09-25T16:47:10.575699+00:00,0x2A9,FFFF949F00000000
2026-09-25T16:47:10.576257+00:00,0x2A1,0100020000000000
2026-09-25T16:47:10.579400+00:00,0x2A5,00000FCEFFFF7C97
2026-09-25T16:47:10.579657+00:00,0x2A6,00000636FFFFC076
2026-09-25T16:47:10.579993+00:00,0x2A7,FFFFFB28000024EE
2026-09-25T16:47:10.580194+00:00,0x2A9,FFFF949F00000000
2026-09-25T16:47:10.582993+00:00,0x2A1,0100020000000000
2026-09-25T16:47:10.585172+00:00,0x2A5,00000FCEFFFF7C97
2026-09-25T16:47:10.585370+00:00,0x2A6,00000636FFFFC076
2026-09-25T16:47:10.585617+00:00,0x2A7,FFFFFB28000024EE
2026-09-25T16:47:10.585862+00:00,0x2A9,FFFF949F00000000
2026-09-25T16:47:10.586195+00:00,0x2A1,0100020000000000
2026-09-25T16:47:10.588280+00:00,0x2A5,00000FCEFFFF7C97
2026-09-25T16:47:10.588484+00:00,0x2A6,00000636FFFFC076
2026-09-25T16:47:10.588720+00:00,0x2A7,FFFFFB28000024EE
2026-09-25T16:47:10.588927+00:00,0x2A9,FFFF949F00000000
2026-09-25T16:47:10.591198+00:00,0x2A1,0100020000000000
2026-09-25T16:47:10.593345+00:00,0x2A5,00000FCEFFFF7C97
2026-09-25T16:47:10.593591+00:00,0x2A6,00000636FFFFC076
2026-09-25T16:47:10.593874+00:00,0x2A7,FFFFFB28000024EE
2026-09-25T16:47:10.594080+00:00,0x2A9,FFFF949F00000000
2026-09-25T16:47:10.596176+00:00,0x2A1,0100020000000000
2026-09-25T16:47:10.598513+00:00,0x2A5,00000FCEFFFF7C97
2026-09-25T16:47:10.598871+00:00,0x2A6,00000636FFFFC076
2026-09-25T16:47:10.598950+00:00,0x2A7,FFFFFB28000024EE
2026-09-25T16:47:10.599238+00:00,0x2A9,FFFF949F00000000
2026-09-25T16:47:10.601209+00:00,0x2A1,0100020000000000
2026-09-25T16:47:10.603366+00:00,0x2A5,00000FCEFFFF7C97
2026-09-25T16:47:10.603560+00:00,0x2A6,00000636FFFFC076
2026-09-25T16:47:10.603873+00:00,0x2A7,FFFFFB28000024EE
2026-09-25T16:47:10.604036+00:00,0x2A9,FFFF949F00000000
2026-09-25T16:47:10.606203+00:00,0x2A1,0100020000000000
2026-09-25T16:47:10.608454+00:00,0x2A5,00000FCEFFFF7C97
2026-09-25T16:47:10.608656+00:00,0x2A6,00000636FFFFC076
2026-09-25T16:47:10.608964+00:00,0x2A7,FFFFFB28000024EE
2026-09-25T16:47:10.609146+00:00,0x2A9,FFFF949F00000000
2026-09-25T16:47:10.611186+00:00,0x2A1,0100020000000000
2026-09-25T16:47:10.613539+00:00,0x2A5,00000FCEFFFF7C97
2026-09-25T16:47:10.613899+00:00,0x2A6,00000636FFFFC076
2026-09-25T16:47:10.613993+00:00,0x2A7,FFFFFB28000024EE
2026-09-25T16:47:10.614194+00:00,0x2A9,FFFF949F00000000
2026-09-25T16:47:10.616203+00:00,0x2A1,0100020000000000
2026-09-25T16:47:10.618412+00:00,0x2A5,00000FCEFFFF7C97
2026-09-25T16:47:10.618614+00:00,0x2A6,00000636FFFFC076
2026-09-25T16:47:10.618897+00:00,0x2A7,FFFFFB28000024EE
2026-09-25T16:47:10.619142+00:00,0x2A9,FFFF949F00000000
2026-09-25T16:47:10.621208+00:00,0x2A1,0100020000000000
2026-09-25T16:47:10.623852+00:00,0x2A5,00000FCEFFFF7C97
2026-09-25T16:47:10.624014+00:00,0x2A6,00000636FFFFC076
2026-09-25T16:47:10.624258+00:00,0x2A7,FFFFFB28000024EE
2026-09-25T16:47:10.624490+00:00,0x2A9,FFFF949F00000000
2026-09-25T16:47:10.626301+00:00,0x2A1,0100020000000000
2026-09-25T16:47:10.628702+00:00,0x2A5,00000FCEFFFF7C97
2026-09-25T16:47:10.628993+00:00,0x2A6,00000636FFFFC076
2026-09-25T16:47:10.629193+00:00,0x2A7,FFFFFB28000024EE
2026-09-25T16:47:10.629433+00:00,0x2A9,FFFF949F00000000
2026-09-25T16:47:10.631287+00:00,0x2A1,0100020000000000
2026-09-25T16:47:10.634366+00:00,0x2A5,00000FCEFFFF7C97
2026-09-25T16:47:10.634657+00:00,0x2A6,00000636FFFFC076
2026-09-25T16:47:10.634896+00:00,0x2A7,FFFFFB28000024EE
2026-09-25T16:47:10.635186+00:00,0x2A9,FFFF949F00000000
2026-09-25T16:47:10.636231+00:00,0x2A1,0100020000000000
2026-09-25T16:47:10.638700+00:00,0x2A5,00000FCEFFFF7C97
2026-09-25T16:47:10.638993+00:00,0x2A6,00000636FFFFC076
2026-09-25T16:47:10.639237+00:00,0x2A7,FFFFFB28000024EE
2026-09-25T16:47:10.639477+00:00,0x2A9,FFFF949F00000000
2026-09-25T16:47:10.641344+00:00,0x2A1,0100020000000000
2026-09-25T16:47:10.643539+00:00,0x2A5,00000FCEFFFF7C97
2026-09-25T16:47:10.643873+00:00,0x2A6,00000636FFFFC076
2026-09-25T16:47:10.643979+00:00,0x2A7,FFFFFB28000024EE
2026-09-25T16:47:10.644194+00:00,0x2A9,FFFF949F00000000
2026-09-25T16:47:10.646198+00:00,0x2A1,0100020000000000
2026-09-25T16:47:10.649267+00:00,0x2A5,00000FCEFFFF7C97
2026-09-25T16:47:10.649434+00:00,0x2A6,00000636FFFFC076
2026-09-25T16:47:10.649634+00:00,0x2A7,FFFFFB28000024EE
2026-09-25T16:47:10.649874+00:00,0x2A9,FFFF949F00000000
2026-09-25T16:47:10.651231+00:00,0x2A1,0100020000000000
2026-09-25T16:47:10.653323+00:00,0x2A5,00000FCEFFFF7C97
2026-09-25T16:47:10.653561+00:00,0x2A6,00000636FFFFC076
2026-09-25T16:47:10.653900+00:00,0x2A7,FFFFFB28000024EE
2026-09-25T16:47:10.653993+00:00,0x2A9,FFFF949F00000000
2026-09-25T16:47:10.656198+00:00,0x2A1,0100020000000000
2026-09-25T16:47:10.658511+00:00,0x2A5,00000FCEFFFF7C97
2026-09-25T16:47:10.658746+00:00,0x2A6,00000636FFFFC076
2026-09-25T16:47:10.658971+00:00,0x2A7,FFFFFB28000024EE
2026-09-25T16:47:10.659215+00:00,0x2A9,FFFF949F00000000
2026-09-25T16:47:10.661229+00:00,0x2A1,0100020000000000
2026-09-25T16:47:10.663301+00:00,0x2A5,00000FCEFFFF7C97
2026-09-25T16:47:10.663490+00:00,0x2A6,00000636FFFFC076
2026-09-25T16:47:10.663743+00:00,0x2A7,FFFFFB28000024EE
2026-09-25T16:47:10.663996+00:00,0x2A9,FFFF949F00000000
2026-09-25T16:47:10.666156+00:00,0x2A1,0100020000000000
2026-09-25T16:47:10.669173+00:00,0x2A5,00000FCEFFFF7C97
2026-09-25T16:47:10.669413+00:00,0x2A6,00000636FFFFC076
2026-09-25T16:47:10.669615+00:00,0x2A7,FFFFFB28000024EE
2026-09-25T16:47:10.669854+00:00,0x2A9,FFFF949F00000000
2026-09-25T16:47:10.671231+00:00,0x2A1,0100020000000000
2026-09-25T16:47:10.673324+00:00,0x2A5,00000FCEFFFF7C97
2026-09-25T16:47:10.673561+00:00,0x2A6,00000636FFFFC076
2026-09-25T16:47:10.673899+00:00,0x2A7,FFFFFB28000024EE
2026-09-25T16:47:10.673999+00:00,0x2A9,FFFF949F00000000
2026-09-25T16:47:10.676199+00:00,0x2A1,0100020000000000
2026-09-25T16:47:10.678435+00:00,0x2A5,00000FCEFFFF7C97
2026-09-25T16:47:10.678722+00:00,0x2A6,00000636FFFFC076
2026-09-25T16:47:10.679016+00:00,0x2A7,FFFFFB28000024EE
2026-09-25T16:47:10.679303+00:00,0x2A9,FFFF949F00000000
2026-09-25T16:47:10.682004+00:00,0x2A1,0100020000000000
2026-09-25T16:47:10.684261+00:00,0x2A5,00000FCEFFFF7C97
2026-09-25T16:47:10.684492+00:00,0x2A6,00000636FFFFC076
2026-09-25T16:47:10.684875+00:00,0x2A7,FFFFFB28000024EE
2026-09-25T16:47:10.685039+00:00,0x2A9,FFFF949F00000000
2026-09-25T16:47:10.686423+00:00,0x2A1,0100020000000000
2026-09-25T16:47:10.689178+00:00,0x2A5,00000FCEFFFF7C97
2026-09-25T16:47:10.689424+00:00,0x2A6,00000636FFFFC076
2026-09-25T16:47:10.690368+00:00,0x2A7,FFFFFB28000024EE
2026-09-25T16:47:10.690614+00:00,0x2A9,FFFF949F00000000
2026-09-25T16:47:10.691210+00:00,0x2A1,0100020000000000
2026-09-25T16:47:10.693745+00:00,0x2A5,00000FCEFFFF7C97
2026-09-25T16:47:10.693974+00:00,0x2A6,00000636FFFFC076
2026-09-25T16:47:10.694218+00:00,0x2A7,FFFFFB28000024EE
2026-09-25T16:47:10.694415+00:00,0x2A9,FFFF949F00000000
2026-09-25T16:47:10.696257+00:00,0x2A1,0100020000000000
2026-09-25T16:47:10.698372+00:00,0x2A5,00000FCEFFFF7C97
2026-09-25T16:47:10.698619+00:00,0x2A6,00000636FFFFC076
2026-09-25T16:47:10.698931+00:00,0x2A7,FFFFFB28000024EE
2026-09-25T16:47:10.699127+00:00,0x2A9,FFFF949F00000000
2026-09-25T16:47:10.701264+00:00,0x2A1,0100020000000000
2026-09-25T16:47:10.703593+00:00,0x2A5,00000FCEFFFF7C97
2026-09-25T16:47:10.703855+00:00,0x2A6,00000636FFFFC076
2026-09-25T16:47:10.704059+00:00,0x2A7,FFFFFB28000024EE
2026-09-25T16:47:10.704285+00:00,0x2A9,FFFF949F00000000
2026-09-25T16:47:10.706375+00:00,0x2A1,0100020000000000
2026-09-25T16:47:10.709389+00:00,0x2A5,00000FCEFFFF7C97
2026-09-25T16:47:10.710458+00:00,0x2A6,00000636FFFFC076
2026-09-25T16:47:10.710702+00:00,0x2A7,FFFFFB28000024EE
2026-09-25T16:47:10.710953+00:00,0x2A9,FFFF949F00000000
2026-09-25T16:47:10.712295+00:00,0x2A5,00000FCEFFFF7C97
2026-09-25T16:47:10.712685+00:00,0x2A1,0100020000000000
2026-09-25T16:47:10.712974+00:00,0x2A6,00000636FFFFC076
2026-09-25T16:47:10.713246+00:00,0x2A7,FFFFFB28000024EE
2026-09-25T16:47:10.713457+00:00,0x2A9,FFFF949F00000000
2026-09-25T16:47:10.716333+00:00,0x2A1,0100020000000000
2026-09-25T16:47:10.718858+00:00,0x2A5,00000FCEFFFF7C97
2026-09-25T16:47:10.719896+00:00,0x2A6,00000636FFFFC076
2026-09-25T16:47:10.720989+00:00,0x2A7,FFFFFB28000024EE
2026-09-25T16:47:10.721480+00:00,0x2A9,FFFF949F00000000
2026-09-25T16:47:10.723458+00:00,0x2A1,0100020000000000
2026-09-25T16:47:10.725879+00:00,0x2A5,00000FCEFFFF7C97
2026-09-25T16:47:10.726060+00:00,0x2A6,00000636FFFFC076
2026-09-25T16:47:10.726304+00:00,0x2A7,FFFFFB28000024EE
2026-09-25T16:47:10.726899+00:00,0x2A9,FFFF949F00000000
2026-09-25T16:47:10.728103+00:00,0x2A1,0100020000000000
2026-09-25T16:47:10.730261+00:00,0x2A5,00000FCEFFFF7C97
2026-09-25T16:47:10.730881+00:00,0x2A6,00000636FFFFC076
2026-09-25T16:47:10.731911+00:00,0x2A7,FFFFFB28000024EE
2026-09-25T16:47:10.732529+00:00,0x2A9,FFFF949F00000000
2026-09-25T16:47:10.736064+00:00,0x2A1,0100020000000000
2026-09-25T16:47:10.736305+00:00,0x2A5,00000FCEFFFF7C97
2026-09-25T16:47:10.736595+00:00,0x2A6,00000636FFFFC076
2026-09-25T16:47:10.737107+00:00,0x2A7,FFFFFB28000024EE
2026-09-25T16:47:10.737378+00:00,0x2A9,FFFF949F00000000
2026-09-25T16:47:10.740703+00:00,0x2A1,0100020000000000
2026-09-25T16:47:10.742043+00:00,0x2A5,00000FCEFFFF7C97
2026-09-25T16:47:10.742304+00:00,0x2A6,00000636FFFFC076
2026-09-25T16:47:10.742585+00:00,0x2A7,FFFFFB28000024EE
2026-09-25T16:47:10.742998+00:00,0x2A9,FFFF949F00000000
2026-09-25T16:47:10.746107+00:00,0x2A1,0100020000000000
2026-09-25T16:47:10.748663+00:00,0x2A5,00000FCEFFFF7C97
2026-09-25T16:47:10.748974+00:00,0x2A6,00000636FFFFC076
2026-09-25T16:47:10.749175+00:00,0x2A7,FFFFFB28000024EE
2026-09-25T16:47:10.749458+00:00,0x2A9,FFFF949F00000000
2026-09-25T16:47:10.749703+00:00,0x2A1,0100020000000000
2026-09-25T16:47:10.752218+00:00,0x2A5,00000FCEFFFF7C97
2026-09-25T16:47:10.752505+00:00,0x2A6,00000636FFFFC076
2026-09-25T16:47:10.752747+00:00,0x2A7,FFFFFB28000024EE
2026-09-25T16:47:10.752974+00:00,0x2A9,FFFF949F00000000
2026-09-25T16:47:10.754017+00:00,0x2A1,0100020000000000
2026-09-25T16:47:10.756017+00:00,0x2A5,00000FCEFFFF7C97
2026-09-25T16:47:10.756371+00:00,0x2A6,00000636FFFFC076
2026-09-25T16:47:10.756637+00:00,0x2A7,FFFFFB28000024EE
2026-09-25T16:47:10.757241+00:00,0x2A9,FFFF949F00000000
2026-09-25T16:47:10.757458+00:00,0x2A1,0100020000000000
2026-09-25T16:47:10.759658+00:00,0x2A5,00000FCEFFFF7C97
2026-09-25T16:47:10.759929+00:00,0x2A6,00000636FFFFC076
2026-09-25T16:47:10.760198+00:00,0x2A7,FFFFFB28000024EE
2026-09-25T16:47:10.760457+00:00,0x2A9,FFFF949F00000000
2026-09-25T16:47:10.762509+00:00,0x2A1,0100020000000000
2026-09-25T16:47:10.763457+00:00,0x2A5,00000FCEFFFF7C97
2026-09-25T16:47:10.763701+00:00,0x2A6,00000636FFFFC076
2026-09-25T16:47:10.763972+00:00,0x2A7,FFFFFB28000024EE
2026-09-25T16:47:10.764216+00:00,0x2A9,FFFF949F00000000
2026-09-25T16:47:10.766289+00:00,0x2A1,0100020000000000
2026-09-25T16:47:10.768217+00:00,0x2A5,00000FCEFFFF7C97
2026-09-25T16:47:10.768457+00:00,0x2A6,00000636FFFFC076
2026-09-25T16:47:10.768703+00:00,0x2A7,FFFFFB28000024EE
2026-09-25T16:47:10.768975+00:00,0x2A9,FFFF949F00000000
2026-09-25T16:47:10.771309+00:00,0x2A1,0100020000000000
2026-09-25T16:47:10.773702+00:00,0x2A5,00000FCEFFFF7C97
2026-09-25T16:47:10.773973+00:00,0x2A6,00000636FFFFC076
2026-09-25T16:47:10.774174+00:00,0x2A7,FFFFFB28000024EE
2026-09-25T16:47:10.774370+00:00,0x2A9,FFFF949F00000000
2026-09-25T16:47:10.776194+00:00,0x2A1,0100020000000000
2026-09-25T16:47:10.778614+00:00,0x2A5,00000FCEFFFF7C97
2026-09-25T16:47:10.778854+00:00,0x2A6,00000636FFFFC076
2026-09-25T16:47:10.779058+00:00,0x2A7,FFFFFB28000024EE
2026-09-25T16:47:10.779259+00:00,0x2A9,FFFF949F00000000
2026-09-25T16:47:10.781973+00:00,0x2A1,0100020000000000
2026-09-25T16:47:10.783929+00:00,0x2A5,00000FCEFFFF7C97
2026-09-25T16:47:10.784174+00:00,0x2A6,00000636FFFFC076
2026-09-25T16:47:10.784371+00:00,0x2A7,FFFFFB28000024EE
2026-09-25T16:47:10.784618+00:00,0x2A9,FFFF949F00000000
2026-09-25T16:47:10.786369+00:00,0x2A1,0100020000000000
2026-09-25T16:47:10.788998+00:00,0x2A5,00000FCEFFFF7C97
2026-09-25T16:47:10.789229+00:00,0x2A6,00000636FFFFC076
2026-09-25T16:47:10.789495+00:00,0x2A7,FFFFFB28000024EE
2026-09-25T16:47:10.789702+00:00,0x2A9,FFFF949F00000000
2026-09-25T16:47:10.792501+00:00,0x2A1,0100020000000000
2026-09-25T16:47:10.793973+00:00,0x2A5,00000FCEFFFF7C97
2026-09-25T16:47:10.794261+00:00,0x2A6,00000636FFFFC076
2026-09-25T16:47:10.794602+00:00,0x2A7,FFFFFB28000024EE
2026-09-25T16:47:10.794855+00:00,0x2A9,FFFF949F00000000
2026-09-25T16:47:10.796301+00:00,0x2A1,0100020000000000
2026-09-25T16:47:10.798703+00:00,0x2A5,00000FCEFFFF7C97
2026-09-25T16:47:10.798931+00:00,0x2A6,00000636FFFFC076
2026-09-25T16:47:10.799127+00:00,0x2A7,FFFFFB28000024EE
2026-09-25T16:47:10.799370+00:00,0x2A9,FFFF949F00000000
2026-09-25T16:47:10.802083+00:00,0x2A1,0100020000000000
2026-09-25T16:47:10.803856+00:00,0x2A5,00000FCEFFFF7C97
2026-09-25T16:47:10.804061+00:00,0x2A6,00000636FFFFC076
2026-09-25T16:47:10.804261+00:00,0x2A7,FFFFFB28000024EE
2026-09-25T16:47:10.804493+00:00,0x2A9,FFFF949F00000000
2026-09-25T16:47:10.806348+00:00,0x2A1,0100020000000000
2026-09-25T16:47:10.809062+00:00,0x2A5,00000FCEFFFF7C97
2026-09-25T16:47:10.809261+00:00,0x2A6,00000636FFFFC076
2026-09-25T16:47:10.809458+00:00,0x2A7,FFFFFB28000024EE
2026-09-25T16:47:10.809747+00:00,0x2A9,FFFF949F00000000
2026-09-25T16:47:10.811214+00:00,0x2A1,0100020000000000
2026-09-25T16:47:10.813595+00:00,0x2A5,00000FCEFFFF7C97
2026-09-25T16:47:10.813748+00:00,0x2A6,00000636FFFFC076
2026-09-25T16:47:10.813974+00:00,0x2A7,FFFFFB28000024EE
2026-09-25T16:47:10.814218+00:00,0x2A9,FFFF949F00000000
2026-09-25T16:47:10.816201+00:00,0x2A1,0100020000000000
2026-09-25T16:47:10.818348+00:00,0x2A5,00000FCEFFFF7C97
2026-09-25T16:47:10.818594+00:00,0x2A6,00000636FFFFC076
2026-09-25T16:47:10.818877+00:00,0x2A7,FFFFFB28000024EE
2026-09-25T16:47:10.819039+00:00,0x2A9,FFFF949F00000000
2026-09-25T16:47:10.823660+00:00,0x2A1,0100020000000000
2026-09-25T16:47:10.824104+00:00,0x2A5,00000FCEFFFF7C97
2026-09-25T16:47:10.824304+00:00,0x2A6,00000636FFFFC076
2026-09-25T16:47:10.824502+00:00,0x2A7,FFFFFB28000024EE
2026-09-25T16:47:10.824747+00:00,0x2A9,FFFF949F00000000
2026-09-25T16:47:10.826190+00:00,0x2A1,0100020000000000
2026-09-25T16:47:10.828974+00:00,0x2A5,00000FCEFFFF7C97
2026-09-25T16:47:10.829228+00:00,0x2A6,00000636FFFFC076
2026-09-25T16:47:10.829415+00:00,0x2A7,FFFFFB28000024EE
2026-09-25T16:47:10.829617+00:00,0x2A9,FFFF949F00000000
2026-09-25T16:47:10.831189+00:00,0x2A1,0100020000000000
2026-09-25T16:47:10.833373+00:00,0x2A5,00000FCEFFFF7C97
2026-09-25T16:47:10.833619+00:00,0x2A6,00000636FFFFC076
2026-09-25T16:47:10.833865+00:00,0x2A7,FFFFFB28000024EE
2026-09-25T16:47:10.834018+00:00,0x2A9,FFFF949F00000000
2026-09-25T16:47:10.836201+00:00,0x2A1,0100020000000000
2026-09-25T16:47:10.838391+00:00,0x2A5,00000FCEFFFF7C97
2026-09-25T16:47:10.838680+00:00,0x2A6,00000636FFFFC076
2026-09-25T16:47:10.838954+00:00,0x2A7,FFFFFB28000024EE
2026-09-25T16:47:10.839149+00:00,0x2A9,FFFF949F00000000
2026-09-25T16:47:10.843750+00:00,0x2A1,0100020000000000
2026-09-25T16:47:10.845953+00:00,0x2A5,00000FCEFFFF7C97
2026-09-25T16:47:10.846196+00:00,0x2A6,00000636FFFFC076
2026-09-25T16:47:10.846434+00:00,0x2A7,FFFFFB28000024EE
2026-09-25T16:47:10.846710+00:00,0x2A9,FFFF949F00000000
2026-09-25T16:47:10.848980+00:00,0x2A1,0100020000000000
2026-09-25T16:47:10.849723+00:00,0x2A5,00000FCEFFFF7C97
2026-09-25T16:47:10.850196+00:00,0x2A6,00000636FFFFC076
2026-09-25T16:47:10.850722+00:00,0x2A7,FFFFFB28000024EE
2026-09-25T16:47:10.850968+00:00,0x2A9,FFFF949F00000000
2026-09-25T16:47:10.851532+00:00,0x2A1,0100020000000000
2026-09-25T16:47:10.853900+00:00,0x2A5,00000FCEFFFF7C97
2026-09-25T16:47:10.853979+00:00,0x2A6,00000636FFFFC076
2026-09-25T16:47:10.854196+00:00,0x2A7,FFFFFB28000024EE
2026-09-25T16:47:10.854436+00:00,0x2A9,FFFF949F00000000
2026-09-25T16:47:10.856202+00:00,0x2A1,0100020000000000
2026-09-25T16:47:10.858349+00:00,0x2A5,00000FCEFFFF7C97
2026-09-25T16:47:10.858594+00:00,0x2A6,00000636FFFFC076
2026-09-25T16:47:10.858878+00:00,0x2A7,FFFFFB28000024EE
2026-09-25T16:47:10.858997+00:00,0x2A9,FFFF949F00000000
2026-09-25T16:47:10.862242+00:00,0x2A1,0100020000000000
2026-09-25T16:47:10.864284+00:00,0x2A5,00000FCEFFFF7C97
2026-09-25T16:47:10.864478+00:00,0x2A6,00000636FFFFC076
2026-09-25T16:47:10.864724+00:00,0x2A7,FFFFFB28000024EE
2026-09-25T16:47:10.864971+00:00,0x2A9,FFFF949F00000000
2026-09-25T16:47:10.866245+00:00,0x2A1,0100020000000000
2026-09-25T16:47:10.869103+00:00,0x2A5,00000FCEFFFF7C97
2026-09-25T16:47:10.869305+00:00,0x2A6,00000636FFFFC076
2026-09-25T16:47:10.869546+00:00,0x2A7,FFFFFB28000024EE
2026-09-25T16:47:10.869748+00:00,0x2A9,FFFF949F00000000
2026-09-25T16:47:10.871409+00:00,0x2A1,0100020000000000
2026-09-25T16:47:10.873437+00:00,0x2A5,00000FCEFFFF7C97
2026-09-25T16:47:10.873638+00:00,0x2A6,00000636FFFFC076
2026-09-25T16:47:10.873878+00:00,0x2A7,FFFFFB28000024EE
2026-09-25T16:47:10.874082+00:00,0x2A9,FFFF949F00000000
2026-09-25T16:47:10.876159+00:00,0x2A1,0100020000000000
2026-09-25T16:47:10.878438+00:00,0x2A5,00000FCEFFFF7C97
2026-09-25T16:47:10.878681+00:00,0x2A6,00000636FFFFC076
2026-09-25T16:47:10.878904+00:00,0x2A7,FFFFFB28000024EE
2026-09-25T16:47:10.879107+00:00,0x2A9,FFFF949F00000000
2026-09-25T16:47:10.882348+00:00,0x2A1,0100020000000000
2026-09-25T16:47:10.884392+00:00,0x2A5,00000FCEFFFF7C97
2026-09-25T16:47:10.884586+00:00,0x2A6,00000636FFFFC076
2026-09-25T16:47:10.884878+00:00,0x2A7,FFFFFB28000024EE
2026-09-25T16:47:10.885039+00:00,0x2A9,FFFF949F00000000
2026-09-25T16:47:10.886203+00:00,0x2A1,0100020000000000
2026-09-25T16:47:10.889146+00:00,0x2A5,00000FCEFFFF7C97
2026-09-25T16:47:10.889349+00:00,0x2A6,00000636FFFFC076
2026-09-25T16:47:10.889542+00:00,0x2A7,FFFFFB28000024EE
2026-09-25T16:47:10.889747+00:00,0x2A9,FFFF949F00000000
2026-09-25T16:47:10.891276+00:00,0x2A1,0100020000000000
2026-09-25T16:47:10.893723+00:00,0x2A5,00000FCEFFFF7C97
2026-09-25T16:47:10.893954+00:00,0x2A6,00000636FFFFC076
2026-09-25T16:47:10.894197+00:00,0x2A7,FFFFFB28000024EE
2026-09-25T16:47:10.894437+00:00,0x2A9,FFFF949F00000000
2026-09-25T16:47:10.896244+00:00,0x2A1,0100020000000000
2026-09-25T16:47:10.897954+00:00,0x2A5,00000FCEFFFF7C97
2026-09-25T16:47:10.898149+00:00,0x2A6,00000636FFFFC076
2026-09-25T16:47:10.898435+00:00,0x2A7,FFFFFB28000024EE
2026-09-25T16:47:10.898680+00:00,0x2A9,FFFF949F00000000
2026-09-25T16:47:10.902899+00:00,0x2A1,0100020000000000
2026-09-25T16:47:10.904901+00:00,0x2A5,00000FCEFFFF7C97
2026-09-25T16:47:10.904996+00:00,0x2A6,00000636FFFFC076
2026-09-25T16:47:10.905293+00:00,0x2A7,FFFFFB28000024EE
2026-09-25T16:47:10.905437+00:00,0x2A9,FFFF949F00000000
2026-09-25T16:47:10.906211+00:00,0x2A1,0100020000000000
2026-09-25T16:47:10.909083+00:00,0x2A5,00000FCEFFFF7C97
2026-09-25T16:47:10.909284+00:00,0x2A6,00000636FFFFC076
2026-09-25T16:47:10.909515+00:00,0x2A7,FFFFFB28000024EE
2026-09-25T16:47:10.909724+00:00,0x2A9,FFFF949F00000000
2026-09-25T16:47:10.911190+00:00,0x2A1,0100020000000000
2026-09-25T16:47:10.913262+00:00,0x2A5,00000FCEFFFF7C97
2026-09-25T16:47:10.913494+00:00,0x2A6,00000636FFFFC076
2026-09-25T16:47:10.913704+00:00,0x2A7,FFFFFB28000024EE
2026-09-25T16:47:10.913901+00:00,0x2A9,FFFF949F00000000
2026-09-25T16:47:10.916246+00:00,0x2A1,0100020000000000
2026-09-25T16:47:10.918595+00:00,0x2A5,00000FCEFFFF7C97
2026-09-25T16:47:10.918878+00:00,0x2A6,00000636FFFFC076
2026-09-25T16:47:10.918996+00:00,0x2A7,FFFFFB28000024EE
2026-09-25T16:47:10.919241+00:00,0x2A9,FFFF949F00000000
2026-09-25T16:47:10.922953+00:00,0x2A1,0100020000000000
2026-09-25T16:47:10.924971+00:00,0x2A5,00000FCEFFFF7C97
2026-09-25T16:47:10.925150+00:00,0x2A6,00000636FFFFC076
2026-09-25T16:47:10.925392+00:00,0x2A7,FFFFFB28000024EE
2026-09-25T16:47:10.925596+00:00,0x2A9,FFFF949F00000000
2026-09-25T16:47:10.926212+00:00,0x2A1,0100020000000000
2026-09-25T16:47:10.929147+00:00,0x2A5,00000FCEFFFF7C97
2026-09-25T16:47:10.929391+00:00,0x2A6,00000636FFFFC076
2026-09-25T16:47:10.929637+00:00,0x2A7,FFFFFB28000024EE
2026-09-25T16:47:10.929877+00:00,0x2A9,FFFF949F00000000
2026-09-25T16:47:10.931190+00:00,0x2A1,0100020000000000
2026-09-25T16:47:10.933348+00:00,0x2A5,00000FCEFFFF7C97
2026-09-25T16:47:10.933543+00:00,0x2A6,00000636FFFFC076
2026-09-25T16:47:10.933879+00:00,0x2A7,FFFFFB28000024EE
2026-09-25T16:47:10.933997+00:00,0x2A9,FFFF949F00000000
2026-09-25T16:47:10.936361+00:00,0x2A1,0100020000000000
2026-09-25T16:47:10.938394+00:00,0x2A5,00000FCEFFFF7C97
2026-09-25T16:47:10.938595+00:00,0x2A6,00000636FFFFC076
2026-09-25T16:47:10.938878+00:00,0x2A7,FFFFFB28000024EE
2026-09-25T16:47:10.939040+00:00,0x2A9,FFFF949F00000000
2026-09-25T16:47:10.942516+00:00,0x2A1,0100020000000000
2026-09-25T16:47:10.944661+00:00,0x2A5,00000FCEFFFF7C97
2026-09-25T16:47:10.944970+00:00,0x2A6,00000636FFFFC076
2026-09-25T16:47:10.945245+00:00,0x2A7,FFFFFB28000024EE
2026-09-25T16:47:10.945482+00:00,0x2A9,FFFF949F00000000
2026-09-25T16:47:10.946245+00:00,0x2A1,0100020000000000
2026-09-25T16:47:10.949126+00:00,0x2A5,00000FCEFFFF7C97
2026-09-25T16:47:10.949370+00:00,0x2A6,00000636FFFFC076
2026-09-25T16:47:10.949565+00:00,0x2A7,FFFFFB28000024EE
2026-09-25T16:47:10.949877+00:00,0x2A9,FFFF949F00000000
2026-09-25T16:47:10.951259+00:00,0x2A1,0100020000000000
2026-09-25T16:47:10.954018+00:00,0x2A5,00000FCEFFFF7C97
2026-09-25T16:47:10.954262+00:00,0x2A6,00000636FFFFC076
2026-09-25T16:47:10.954503+00:00,0x2A7,FFFFFB28000024EE
2026-09-25T16:47:10.954747+00:00,0x2A9,FFFF949F00000000
2026-09-25T16:47:10.956234+00:00,0x2A1,0100020000000000
2026-09-25T16:47:10.958125+00:00,0x2A5,00000FCEFFFF7C97
2026-09-25T16:47:10.958370+00:00,0x2A6,00000636FFFFC076
2026-09-25T16:47:10.958616+00:00,0x2A7,FFFFFB28000024EE
2026-09-25T16:47:10.958982+00:00,0x2A9,FFFF949F00000000
2026-09-25T16:47:10.962932+00:00,0x2A1,0100020000000000
2026-09-25T16:47:10.964976+00:00,0x2A5,00000FCEFFFF7C97
2026-09-25T16:47:10.965220+00:00,0x2A6,00000636FFFFC076
2026-09-25T16:47:10.965417+00:00,0x2A7,FFFFFB28000024EE
2026-09-25T16:47:10.965619+00:00,0x2A9,FFFF949F00000000
2026-09-25T16:47:10.966260+00:00,0x2A1,0100020000000000
2026-09-25T16:47:10.969129+00:00,0x2A5,00000FCEFFFF7C97
2026-09-25T16:47:10.969374+00:00,0x2A6,00000636FFFFC076
2026-09-25T16:47:10.969565+00:00,0x2A7,FFFFFB28000024EE
2026-09-25T16:47:10.969856+00:00,0x2A9,FFFF949F00000000
2026-09-25T16:47:10.971216+00:00,0x2A1,0100020000000000
2026-09-25T16:47:10.973373+00:00,0x2A5,00000FCEFFFF7C97
2026-09-25T16:47:10.973577+00:00,0x2A6,00000636FFFFC076
2026-09-25T16:47:10.973872+00:00,0x2A7,FFFFFB28000024EE
2026-09-25T16:47:10.974019+00:00,0x2A9,FFFF949F00000000
2026-09-25T16:47:10.976207+00:00,0x2A1,0100020000000000
2026-09-25T16:47:10.978263+00:00,0x2A5,00000FCEFFFF7C97
2026-09-25T16:47:10.978460+00:00,0x2A6,00000636FFFFC076
2026-09-25T16:47:10.978662+00:00,0x2A7,FFFFFB28000024EE
2026-09-25T16:47:10.978880+00:00,0x2A9,FFFF949F00000000
2026-09-25T16:47:10.981261+00:00,0x2A1,0100020000000000
2026-09-25T16:47:10.984865+00:00,0x2A5,00000FCEFFFF7C97
2026-09-25T16:47:10.985062+00:00,0x2A6,00000636FFFFC076
2026-09-25T16:47:10.985262+00:00,0x2A7,FFFFFB28000024EE
2026-09-25T16:47:10.985459+00:00,0x2A9,FFFF949F00000000
2026-09-25T16:47:10.986248+00:00,0x2A1,0100020000000000
2026-09-25T16:47:10.989129+00:00,0x2A5,00000FCEFFFF7C97
2026-09-25T16:47:10.989371+00:00,0x2A6,00000636FFFFC076
2026-09-25T16:47:10.989573+00:00,0x2A7,FFFFFB28000024EE
2026-09-25T16:47:10.989856+00:00,0x2A9,FFFF949F00000000
2026-09-25T16:47:10.991197+00:00,0x2A1,0100020000000000
2026-09-25T16:47:10.993460+00:00,0x2A5,00000FCEFFFF7C97
2026-09-25T16:47:10.993705+00:00,0x2A6,00000636FFFFC076
2026-09-25T16:47:10.993932+00:00,0x2A7,FFFFFB28000024EE
2026-09-25T16:47:10.994129+00:00,0x2A9,FFFF949F00000000
2026-09-25T16:47:10.996206+00:00,0x2A1,0100020000000000
2026-09-25T16:47:10.998494+00:00,0x2A5,00000FCEFFFF7C97
2026-09-25T16:47:10.998705+00:00,0x2A6,00000636FFFFC076
2026-09-25T16:47:10.998932+00:00,0x2A7,FFFFFB28000024EE
2026-09-25T16:47:10.999177+00:00,0x2A9,FFFF949F00000000
2026-09-25T16:47:11.002349+00:00,0x2A1,0100020000000000
2026-09-25T16:47:11.005128+00:00,0x2A5,00000FCEFFFF7C97
2026-09-25T16:47:11.005371+00:00,0x2A6,00000636FFFFC076
2026-09-25T16:47:11.005617+00:00,0x2A7,FFFFFB28000024EE
2026-09-25T16:47:11.005878+00:00,0x2A9,FFFF949F00000000
2026-09-25T16:47:11.007219+00:00,0x2A1,0100020000000000
2026-09-25T16:47:11.009565+00:00,0x2A5,00000FCEFFFF7C97
2026-09-25T16:47:11.009883+00:00,0x2A6,00000636FFFFC076
2026-09-25T16:47:11.010939+00:00,0x2A7,FFFFFB28000024EE
2026-09-25T16:47:11.011177+00:00,0x2A9,FFFF949F00000000
2026-09-25T16:47:11.011460+00:00,0x2A1,0100020000000000
2026-09-25T16:47:11.013705+00:00,0x2A5,00000FCEFFFF7C97
2026-09-25T16:47:11.013976+00:00,0x2A6,00000636FFFFC076
2026-09-25T16:47:11.014177+00:00,0x2A7,FFFFFB28000024EE
2026-09-25T16:47:11.014374+00:00,0x2A9,FFFF949F00000000
2026-09-25T16:47:11.016260+00:00,0x2A1,0100020000000000
2026-09-25T16:47:11.018747+00:00,0x2A5,00000FCEFFFF7C97
2026-09-25T16:47:11.018975+00:00,0x2A6,00000636FFFFC076
2026-09-25T16:47:11.019177+00:00,0x2A7,FFFFFB28000024EE
2026-09-25T16:47:11.019417+00:00,0x2A9,FFFF949F00000000
2026-09-25T16:47:11.021285+00:00,0x2A1,0100020000000000
2026-09-25T16:47:11.024975+00:00,0x2A5,00000FCEFFFF7C97
2026-09-25T16:47:11.025177+00:00,0x2A6,00000636FFFFC076
2026-09-25T16:47:11.025417+00:00,0x2A7,FFFFFB28000024EE
2026-09-25T16:47:11.025619+00:00,0x2A9,FFFF949F00000000
2026-09-25T16:47:11.026196+00:00,0x2A1,0100020000000000
2026-09-25T16:47:11.028617+00:00,0x2A5,00000FCEFFFF7C97
2026-09-25T16:47:11.028857+00:00,0x2A6,00000636FFFFC076
2026-09-25T16:47:11.029062+00:00,0x2A7,FFFFFB28000024EE
2026-09-25T16:47:11.029305+00:00,0x2A9,FFFF949F00000000
2026-09-25T16:47:11.031211+00:00,0x2A1,0100020000000000
2026-09-25T16:47:11.033374+00:00,0x2A5,00000FCEFFFF7C97
2026-09-25T16:47:11.033621+00:00,0x2A6,00000636FFFFC076
2026-09-25T16:47:11.033867+00:00,0x2A7,FFFFFB28000024EE
2026-09-25T16:47:11.034063+00:00,0x2A9,FFFF949F00000000
2026-09-25T16:47:11.036206+00:00,0x2A1,0100020000000000
2026-09-25T16:47:11.038285+00:00,0x2A5,00000FCEFFFF7C97
2026-09-25T16:47:11.038482+00:00,0x2A6,00000636FFFFC076
2026-09-25T16:47:11.038858+00:00,0x2A7,FFFFFB28000024EE
2026-09-25T16:47:11.039019+00:00,0x2A9,FFFF949F00000000
2026-09-25T16:47:11.043019+00:00,0x2A1,0100020000000000
2026-09-25T16:47:11.045126+00:00,0x2A5,00000FCEFFFF7C97
2026-09-25T16:47:11.045328+00:00,0x2A6,00000636FFFFC076
2026-09-25T16:47:11.045565+00:00,0x2A7,FFFFFB28000024EE
2026-09-25T16:47:11.045856+00:00,0x2A9,FFFF949F00000000
2026-09-25T16:47:11.046215+00:00,0x2A1,0100020000000000
2026-09-25T16:47:11.049128+00:00,0x2A5,00000FCEFFFF7C97
2026-09-25T16:47:11.049371+00:00,0x2A6,00000636FFFFC076
2026-09-25T16:47:11.049565+00:00,0x2A7,FFFFFB28000024EE
2026-09-25T16:47:11.049855+00:00,0x2A9,FFFF949F00000000
2026-09-25T16:47:11.051238+00:00,0x2A1,0100020000000000
2026-09-25T16:47:11.053328+00:00,0x2A5,00000FCEFFFF7C97
2026-09-25T16:47:11.053874+00:00,0x2A6,00000636FFFFC076
2026-09-25T16:47:11.054125+00:00,0x2A7,FFFFFB28000024EE
2026-09-25T16:47:11.054370+00:00,0x2A9,FFFF949F00000000
2026-09-25T16:47:11.056293+00:00,0x2A1,0100020000000000
2026-09-25T16:47:11.059020+00:00,0x2A5,00000FCEFFFF7C97
2026-09-25T16:47:11.059263+00:00,0x2A6,00000636FFFFC076
2026-09-25T16:47:11.059544+00:00,0x2A7,FFFFFB28000024EE
2026-09-25T16:47:11.059881+00:00,0x2A9,FFFF949F00000000
2026-09-25T16:47:11.061267+00:00,0x2A1,0100020000000000
2026-09-25T16:47:11.064220+00:00,0x2A5,00000FCEFFFF7C97
2026-09-25T16:47:11.064461+00:00,0x2A6,00000636FFFFC076
2026-09-25T16:47:11.066448+00:00,0x2A7,FFFFFB28000024EE
2026-09-25T16:47:11.067062+00:00,0x2A9,FFFF949F00000000
2026-09-25T16:47:11.067307+00:00,0x2A1,0100020000000000
2026-09-25T16:47:11.070020+00:00,0x2A5,00000FCEFFFF7C97
2026-09-25T16:47:11.070220+00:00,0x2A6,00000636FFFFC076
2026-09-25T16:47:11.070460+00:00,0x2A7,FFFFFB28000024EE
2026-09-25T16:47:11.070665+00:00,0x2A9,FFFF949F00000000
2026-09-25T16:47:11.071216+00:00,0x2A1,0100020000000000
2026-09-25T16:47:11.073370+00:00,0x2A5,00000FCEFFFF7C97
2026-09-25T16:47:11.073617+00:00,0x2A6,00000636FFFFC076
2026-09-25T16:47:11.073857+00:00,0x2A7,FFFFFB28000024EE
2026-09-25T16:47:11.074062+00:00,0x2A9,FFFF949F00000000
2026-09-25T16:47:11.076251+00:00,0x2A1,0100020000000000
2026-09-25T16:47:11.078374+00:00,0x2A5,00000FCEFFFF7C97
2026-09-25T16:47:11.078621+00:00,0x2A6,00000636FFFFC076
2026-09-25T16:47:11.078867+00:00,0x2A7,FFFFFB28000024EE
2026-09-25T16:47:11.079063+00:00,0x2A9,FFFF949F00000000
2026-09-25T16:47:11.081252+00:00,0x2A1,0100020000000000
2026-09-25T16:47:11.085018+00:00,0x2A5,00000FCEFFFF7C97
2026-09-25T16:47:11.085221+00:00,0x2A6,00000636FFFFC076
2026-09-25T16:47:11.085417+00:00,0x2A7,FFFFFB28000024EE
2026-09-25T16:47:11.085662+00:00,0x2A9,FFFF949F00000000
2026-09-25T16:47:11.086191+00:00,0x2A1,0100020000000000
2026-09-25T16:47:11.088856+00:00,0x2A5,00000FCEFFFF7C97
2026-09-25T16:47:11.089460+00:00,0x2A6,00000636FFFFC076
2026-09-25T16:47:11.089662+00:00,0x2A7,FFFFFB28000024EE
2026-09-25T16:47:11.089932+00:00,0x2A9,FFFF949F00000000
2026-09-25T16:47:11.091228+00:00,0x2A1,0100020000000000
2026-09-25T16:47:11.093460+00:00,0x2A5,00000FCEFFFF7C97
2026-09-25T16:47:11.093661+00:00,0x2A6,00000636FFFFC076
2026-09-25T16:47:11.093880+00:00,0x2A7,FFFFFB28000024EE
2026-09-25T16:47:11.094125+00:00,0x2A9,FFFF949F00000000
2026-09-25T16:47:11.096230+00:00,0x2A1,0100020000000000
2026-09-25T16:47:11.098459+00:00,0x2A5,00000FCEFFFF7C97
2026-09-25T16:47:11.098704+00:00,0x2A6,00000636FFFFC076
2026-09-25T16:47:11.098931+00:00,0x2A7,FFFFFB28000024EE
2026-09-25T16:47:11.099128+00:00,0x2A9,FFFF949F00000000
2026-09-25T16:47:11.101206+00:00,0x2A1,0100020000000000
2026-09-25T16:47:11.103932+00:00,0x2A5,00000FCEFFFF7C97
2026-09-25T16:47:11.104620+00:00,0x2A6,00000636FFFFC076
2026-09-25T16:47:11.104866+00:00,0x2A7,FFFFFB28000024EE
2026-09-25T16:47:11.105062+00:00,0x2A9,FFFF949F00000000
2026-09-25T16:47:11.106261+00:00,0x2A1,0100020000000000
2026-09-25T16:47:11.108662+00:00,0x2A5,00000FCEFFFF7C97
2026-09-25T16:47:11.108957+00:00,0x2A6,00000636FFFFC076
2026-09-25T16:47:11.109129+00:00,0x2A7,FFFFFB28000024EE
2026-09-25T16:47:11.109371+00:00,0x2A9,FFFF949F00000000
2026-09-25T16:47:11.111293+00:00,0x2A1,0100020000000000
2026-09-25T16:47:11.113749+00:00,0x2A5,00000FCEFFFF7C97
2026-09-25T16:47:11.114020+00:00,0x2A6,00000636FFFFC076
2026-09-25T16:47:11.114264+00:00,0x2A7,FFFFFB28000024EE
2026-09-25T16:47:11.114495+00:00,0x2A9,FFFF949F00000000
2026-09-25T16:47:11.116293+00:00,0x2A1,0100020000000000
2026-09-25T16:47:11.117703+00:00,0x2A5,00000FCEFFFF7C97
2026-09-25T16:47:11.117967+00:00,0x2A6,00000636FFFFC076
2026-09-25T16:47:11.118199+00:00,0x2A7,FFFFFB28000024EE
2026-09-25T16:47:11.118396+00:00,0x2A9,FFFF949F00000000
2026-09-25T16:47:11.121232+00:00,0x2A1,0100020000000000
2026-09-25T16:47:11.125264+00:00,0x2A5,00000FCEFFFF7C97
2026-09-25T16:47:11.125460+00:00,0x2A6,00000636FFFFC076
2026-09-25T16:47:11.125705+00:00,0x2A7,FFFFFB28000024EE
2026-09-25T16:47:11.125977+00:00,0x2A9,FFFF949F00000000
2026-09-25T16:47:11.126263+00:00,0x2A1,0100020000000000
2026-09-25T16:47:11.129224+00:00,0x2A5,00000FCEFFFF7C97
2026-09-25T16:47:11.129417+00:00,0x2A6,00000636FFFFC076
2026-09-25T16:47:11.129619+00:00,0x2A7,FFFFFB28000024EE
2026-09-25T16:47:11.129860+00:00,0x2A9,FFFF949F00000000
2026-09-25T16:47:11.131217+00:00,0x2A1,0100020000000000
2026-09-25T16:47:11.133307+00:00,0x2A5,00000FCEFFFF7C97
2026-09-25T16:47:11.133496+00:00,0x2A6,00000636FFFFC076
2026-09-25T16:47:11.133749+00:00,0x2A7,FFFFFB28000024EE
2026-09-25T16:47:11.134179+00:00,0x2A9,FFFF949F00000000
2026-09-25T16:47:11.136250+00:00,0x2A1,0100020000000000
2026-09-25T16:47:11.138500+00:00,0x2A5,00000FCEFFFF7C97
2026-09-25T16:47:11.138748+00:00,0x2A6,00000636FFFFC076
2026-09-25T16:47:11.138977+00:00,0x2A7,FFFFFB28000024EE
2026-09-25T16:47:11.139178+00:00,0x2A9,FFFF949F00000000
2026-09-25T16:47:11.142001+00:00,0x2A1,0100020000000000
2026-09-25T16:47:11.145130+00:00,0x2A5,00000FCEFFFF7C97
2026-09-25T16:47:11.145372+00:00,0x2A6,00000636FFFFC076
2026-09-25T16:47:11.145566+00:00,0x2A7,FFFFFB28000024EE
2026-09-25T16:47:11.145857+00:00,0x2A9,FFFF949F00000000
2026-09-25T16:47:11.146216+00:00,0x2A1,0100020000000000
2026-09-25T16:47:11.148933+00:00,0x2A5,00000FCEFFFF7C97
2026-09-25T16:47:11.149130+00:00,0x2A6,00000636FFFFC076
2026-09-25T16:47:11.149566+00:00,0x2A7,FFFFFB28000024EE
2026-09-25T16:47:11.149857+00:00,0x2A9,FFFF949F00000000
2026-09-25T16:47:11.151259+00:00,0x2A1,0100020000000000
2026-09-25T16:47:11.153286+00:00,0x2A5,00000FCEFFFF7C97
2026-09-25T16:47:11.153517+00:00,0x2A6,00000636FFFFC076
2026-09-25T16:47:11.153729+00:00,0x2A7,FFFFFB28000024EE
2026-09-25T16:47:11.153978+00:00,0x2A9,FFFF949F00000000
2026-09-25T16:47:11.156214+00:00,0x2A1,0100020000000000
2026-09-25T16:47:11.158461+00:00,0x2A5,00000FCEFFFF7C97
2026-09-25T16:47:11.158662+00:00,0x2A6,00000636FFFFC076
2026-09-25T16:47:11.158933+00:00,0x2A7,FFFFFB28000024EE
2026-09-25T16:47:11.159130+00:00,0x2A9,FFFF949F00000000
2026-09-25T16:47:11.161295+00:00,0x2A1,0100020000000000
2026-09-25T16:47:11.164179+00:00,0x2A5,00000FCEFFFF7C97
2026-09-25T16:47:11.164418+00:00,0x2A6,00000636FFFFC076
2026-09-25T16:47:11.164663+00:00,0x2A7,FFFFFB28000024EE
2026-09-25T16:47:11.165000+00:00,0x2A9,FFFF949F00000000
2026-09-25T16:47:11.167437+00:00,0x2A1,0100020000000000
2026-09-25T16:47:11.169418+00:00,0x2A5,00000FCEFFFF7C97
2026-09-25T16:47:11.169620+00:00,0x2A6,00000636FFFFC076
2026-09-25T16:47:11.169935+00:00,0x2A7,FFFFFB28000024EE
2026-09-25T16:47:11.170130+00:00,0x2A9,FFFF949F00000000
2026-09-25T16:47:11.171544+00:00,0x2A1,0100020000000000
2026-09-25T16:47:11.173705+00:00,0x2A5,00000FCEFFFF7C97
2026-09-25T16:47:11.173991+00:00,0x2A6,00000636FFFFC076
2026-09-25T16:47:11.174228+00:00,0x2A7,FFFFFB28000024EE
2026-09-25T16:47:11.174480+00:00,0x2A9,FFFF949F00000000
2026-09-25T16:47:11.176218+00:00,0x2A1,0100020000000000
2026-09-25T16:47:11.178372+00:00,0x2A5,00000FCEFFFF7C97
2026-09-25T16:47:11.178566+00:00,0x2A6,00000636FFFFC076
2026-09-25T16:47:11.178856+00:00,0x2A7,FFFFFB28000024EE
2026-09-25T16:47:11.179019+00:00,0x2A9,FFFF949F00000000
2026-09-25T16:47:11.184859+00:00,0x2A1,0100020000000000
2026-09-25T16:47:11.185250+00:00,0x2A5,00000FCEFFFF7C97
2026-09-25T16:47:11.185461+00:00,0x2A6,00000636FFFFC076
2026-09-25T16:47:11.185663+00:00,0x2A7,FFFFFB28000024EE
2026-09-25T16:47:11.185903+00:00,0x2A9,FFFF949F00000000
2026-09-25T16:47:11.186192+00:00,0x2A1,0100020000000000
2026-09-25T16:47:11.188495+00:00,0x2A5,00000FCEFFFF7C97
2026-09-25T16:47:11.188748+00:00,0x2A6,00000636FFFFC076
2026-09-25T16:47:11.188977+00:00,0x2A7,FFFFFB28000024EE
2026-09-25T16:47:11.189178+00:00,0x2A9,FFFF949F00000000
2026-09-25T16:47:11.191229+00:00,0x2A1,0100020000000000
2026-09-25T16:47:11.193375+00:00,0x2A5,00000FCEFFFF7C97
2026-09-25T16:47:11.193567+00:00,0x2A6,00000636FFFFC076
2026-09-25T16:47:11.193857+00:00,0x2A7,FFFFFB28000024EE
2026-09-25T16:47:11.193977+00:00,0x2A9,FFFF949F00000000
2026-09-25T16:47:11.196207+00:00,0x2A1,0100020000000000
2026-09-25T16:47:11.198221+00:00,0x2A5,00000FCEFFFF7C97
2026-09-25T16:47:11.198419+00:00,0x2A6,00000636FFFFC076
2026-09-25T16:47:11.198664+00:00,0x2A7,FFFFFB28000024EE
2026-09-25T16:47:11.198860+00:00,0x2A9,FFFF949F00000000
2026-09-25T16:47:11.201532+00:00,0x2A1,0100020000000000
2026-09-25T16:47:11.203706+00:00,0x2A5,00000FCEFFFF7C97
2026-09-25T16:47:11.204178+00:00,0x2A6,00000636FFFFC076
2026-09-25T16:47:11.204418+00:00,0x2A7,FFFFFB28000024EE
2026-09-25T16:47:11.204620+00:00,0x2A9,FFFF949F00000000
2026-09-25T16:47:11.206221+00:00,0x2A1,0100020000000000
2026-09-25T16:47:11.209130+00:00,0x2A5,00000FCEFFFF7C97
2026-09-25T16:47:11.209373+00:00,0x2A6,00000636FFFFC076
2026-09-25T16:47:11.209566+00:00,0x2A7,FFFFFB28000024EE
2026-09-25T16:47:11.209857+00:00,0x2A9,FFFF949F00000000
2026-09-25T16:47:11.211200+00:00,0x2A1,0100020000000000
2026-09-25T16:47:11.213286+00:00,0x2A5,00000FCEFFFF7C97
2026-09-25T16:47:11.213518+00:00,0x2A6,00000636FFFFC076
2026-09-25T16:47:11.213726+00:00,0x2A7,FFFFFB28000024EE
2026-09-25T16:47:11.213964+00:00,0x2A9,FFFF949F00000000
2026-09-25T16:47:11.216251+00:00,0x2A1,0100020000000000
2026-09-25T16:47:11.218749+00:00,0x2A5,00000FCEFFFF7C97
2026-09-25T16:47:11.219020+00:00,0x2A6,00000636FFFFC076
2026-09-25T16:47:11.219264+00:00,0x2A7,FFFFFB28000024EE
2026-09-25T16:47:11.219545+00:00,0x2A9,FFFF949F00000000
2026-09-25T16:47:11.221262+00:00,0x2A1,0100020000000000
2026-09-25T16:47:11.225504+00:00,0x2A5,00000FCEFFFF7C97
2026-09-25T16:47:11.225881+00:00,0x2A6,00000636FFFFC076
2026-09-25T16:47:11.226020+00:00,0x2A7,FFFFFB28000024EE
2026-09-25T16:47:11.226307+00:00,0x2A9,FFFF949F00000000
2026-09-25T16:47:11.227683+00:00,0x2A1,0100020000000000
2026-09-25T16:47:11.229879+00:00,0x2A5,00000FCEFFFF7C97
2026-09-25T16:47:11.229977+00:00,0x2A6,00000636FFFFC076
2026-09-25T16:47:11.230221+00:00,0x2A7,FFFFFB28000024EE
2026-09-25T16:47:11.230461+00:00,0x2A9,FFFF949F00000000
2026-09-25T16:47:11.231418+00:00,0x2A1,0100020000000000
2026-09-25T16:47:11.233461+00:00,0x2A5,00000FCEFFFF7C97
2026-09-25T16:47:11.233706+00:00,0x2A6,00000636FFFFC076
2026-09-25T16:47:11.233903+00:00,0x2A7,FFFFFB28000024EE
2026-09-25T16:47:11.234149+00:00,0x2A9,FFFF949F00000000
2026-09-25T16:47:11.236206+00:00,0x2A1,0100020000000000
2026-09-25T16:47:11.238504+00:00,0x2A5,00000FCEFFFF7C97
2026-09-25T16:47:11.238749+00:00,0x2A6,00000636FFFFC076
2026-09-25T16:47:11.238999+00:00,0x2A7,FFFFFB28000024EE
2026-09-25T16:47:11.239200+00:00,0x2A9,FFFF949F00000000
2026-09-25T16:47:11.241230+00:00,0x2A1,0100020000000000
2026-09-25T16:47:11.243882+00:00,0x2A5,00000FCEFFFF7C97
2026-09-25T16:47:11.244566+00:00,0x2A6,00000636FFFFC076
2026-09-25T16:47:11.245003+00:00,0x2A7,FFFFFB28000024EE
2026-09-25T16:47:11.245441+00:00,0x2A9,FFFF949F00000000
2026-09-25T16:47:11.246193+00:00,0x2A1,0100020000000000
2026-09-25T16:47:11.248496+00:00,0x2A5,00000FCEFFFF7C97
2026-09-25T16:47:11.248749+00:00,0x2A6,00000636FFFFC076
2026-09-25T16:47:11.248957+00:00,0x2A7,FFFFFB28000024EE
2026-09-25T16:47:11.249200+00:00,0x2A9,FFFF949F00000000
2026-09-25T16:47:11.251194+00:00,0x2A1,0100020000000000
2026-09-25T16:47:11.253376+00:00,0x2A5,00000FCEFFFF7C97
2026-09-25T16:47:11.253571+00:00,0x2A6,00000636FFFFC076
2026-09-25T16:47:11.253868+00:00,0x2A7,FFFFFB28000024EE
2026-09-25T16:47:11.254022+00:00,0x2A9,FFFF949F00000000
2026-09-25T16:47:11.256161+00:00,0x2A1,0100020000000000
2026-09-25T16:47:11.258307+00:00,0x2A5,00000FCEFFFF7C97
2026-09-25T16:47:11.258545+00:00,0x2A6,00000636FFFFC076
2026-09-25T16:47:11.258751+00:00,0x2A7,FFFFFB28000024EE
2026-09-25T16:47:11.259021+00:00,0x2A9,FFFF949F00000000
2026-09-25T16:47:11.261209+00:00,0x2A1,0100020000000000
2026-09-25T16:47:11.263706+00:00,0x2A5,00000FCEFFFF7C97
2026-09-25T16:47:11.263934+00:00,0x2A6,00000636FFFFC076
2026-09-25T16:47:11.264179+00:00,0x2A7,FFFFFB28000024EE
2026-09-25T16:47:11.264376+00:00,0x2A9,FFFF949F00000000
2026-09-25T16:47:11.266217+00:00,0x2A1,0100020000000000
2026-09-25T16:47:11.269462+00:00,0x2A5,00000FCEFFFF7C97
2026-09-25T16:47:11.269663+00:00,0x2A6,00000636FFFFC076
2026-09-25T16:47:11.269980+00:00,0x2A7,FFFFFB28000024EE
2026-09-25T16:47:11.270221+00:00,0x2A9,FFFF949F00000000
2026-09-25T16:47:11.271301+00:00,0x2A1,0100020000000000
2026-09-25T16:47:11.272517+00:00,0x2A5,00000FCEFFFF7C97
2026-09-25T16:47:11.272725+00:00,0x2A6,00000636FFFFC076
2026-09-25T16:47:11.273019+00:00,0x2A7,FFFFFB28000024EE
2026-09-25T16:47:11.273263+00:00,0x2A9,FFFF949F00000000
2026-09-25T16:47:11.276235+00:00,0x2A1,0100020000000000
2026-09-25T16:47:11.279020+00:00,0x2A5,00000FCEFFFF7C97
2026-09-25T16:47:11.279221+00:00,0x2A6,00000636FFFFC076
2026-09-25T16:47:11.279461+00:00,0x2A7,FFFFFB28000024EE
2026-09-25T16:47:11.279663+00:00,0x2A9,FFFF949F00000000
2026-09-25T16:47:11.281150+00:00,0x2A1,0100020000000000
2026-09-25T16:47:11.283955+00:00,0x2A5,00000FCEFFFF7C97
2026-09-25T16:47:11.284131+00:00,0x2A6,00000636FFFFC076
2026-09-25T16:47:11.284372+00:00,0x2A7,FFFFFB28000024EE
2026-09-25T16:47:11.284618+00:00,0x2A9,FFFF949F00000000
2026-09-25T16:47:11.286486+00:00,0x2A1,0100020000000000
2026-09-25T16:47:11.288597+00:00,0x2A5,00000FCEFFFF7C97
2026-09-25T16:47:11.288880+00:00,0x2A6,00000636FFFFC076
2026-09-25T16:47:11.289042+00:00,0x2A7,FFFFFB28000024EE
2026-09-25T16:47:11.289287+00:00,0x2A9,FFFF949F00000000
2026-09-25T16:47:11.291274+00:00,0x2A1,0100020000000000
2026-09-25T16:47:11.293501+00:00,0x2A5,00000FCEFFFF7C97
2026-09-25T16:47:11.293750+00:00,0x2A6,00000636FFFFC076
2026-09-25T16:47:11.293978+00:00,0x2A7,FFFFFB28000024EE
2026-09-25T16:47:11.294179+00:00,0x2A9,FFFF949F00000000
2026-09-25T16:47:11.296162+00:00,0x2A1,0100020000000000
2026-09-25T16:47:11.298563+00:00,0x2A5,00000FCEFFFF7C97
2026-09-25T16:47:11.298751+00:00,0x2A6,00000636FFFFC076
2026-09-25T16:47:11.299000+00:00,0x2A7,FFFFFB28000024EE
2026-09-25T16:47:11.299200+00:00,0x2A9,FFFF949F00000000
2026-09-25T16:47:11.301205+00:00,0x2A1,0100020000000000
2026-09-25T16:47:11.303566+00:00,0x2A5,00000FCEFFFF7C97
2026-09-25T16:47:11.303858+00:00,0x2A6,00000636FFFFC076
2026-09-25T16:47:11.304020+00:00,0x2A7,FFFFFB28000024EE
2026-09-25T16:47:11.304264+00:00,0x2A9,FFFF949F00000000
2026-09-25T16:47:11.306263+00:00,0x2A1,0100020000000000
2026-09-25T16:47:11.308749+00:00,0x2A5,00000FCEFFFF7C97
2026-09-25T16:47:11.309397+00:00,0x2A6,00000636FFFFC076
2026-09-25T16:47:11.309597+00:00,0x2A7,FFFFFB28000024EE
2026-09-25T16:47:11.309881+00:00,0x2A9,FFFF949F00000000
2026-09-25T16:47:11.311262+00:00,0x2A1,0100020000000000
2026-09-25T16:47:11.313308+00:00,0x2A5,00000FCEFFFF7C97
2026-09-25T16:47:11.313546+00:00,0x2A6,00000636FFFFC076
2026-09-25T16:47:11.313751+00:00,0x2A7,FFFFFB28000024EE
2026-09-25T16:47:11.313974+00:00,0x2A9,FFFF949F00000000
2026-09-25T16:47:11.316191+00:00,0x2A1,0100020000000000
2026-09-25T16:47:11.318353+00:00,0x2A5,00000FCEFFFF7C97
2026-09-25T16:47:11.318546+00:00,0x2A6,00000636FFFFC076
2026-09-25T16:47:11.318859+00:00,0x2A7,FFFFFB28000024EE
2026-09-25T16:47:11.318978+00:00,0x2A9,FFFF949F00000000
2026-09-25T16:47:11.321292+00:00,0x2A1,0100020000000000
2026-09-25T16:47:11.323030+00:00,0x2A5,00000FCEFFFF7C97
2026-09-25T16:47:11.323291+00:00,0x2A6,00000636FFFFC076
2026-09-25T16:47:11.323528+00:00,0x2A7,FFFFFB28000024EE
2026-09-25T16:47:11.323893+00:00,0x2A9,FFFF949F00000000
2026-09-25T16:47:11.327308+00:00,0x2A1,0100020000000000
2026-09-25T16:47:11.329664+00:00,0x2A5,00000FCEFFFF7C97
2026-09-25T16:47:11.329957+00:00,0x2A6,00000636FFFFC076
2026-09-25T16:47:11.330244+00:00,0x2A7,FFFFFB28000024EE
2026-09-25T16:47:11.330484+00:00,0x2A9,FFFF949F00000000
2026-09-25T16:47:11.331598+00:00,0x2A1,0100020000000000
2026-09-25T16:47:11.333934+00:00,0x2A5,00000FCEFFFF7C97
2026-09-25T16:47:11.334179+00:00,0x2A6,00000636FFFFC076
2026-09-25T16:47:11.334419+00:00,0x2A7,FFFFFB28000024EE
2026-09-25T16:47:11.334707+00:00,0x2A9,FFFF949F00000000
2026-09-25T16:47:11.336217+00:00,0x2A1,0100020000000000
2026-09-25T16:47:11.338496+00:00,0x2A5,00000FCEFFFF7C97
2026-09-25T16:47:11.338749+00:00,0x2A6,00000636FFFFC076
2026-09-25T16:47:11.338977+00:00,0x2A7,FFFFFB28000024EE
2026-09-25T16:47:11.339179+00:00,0x2A9,FFFF949F00000000
2026-09-25T16:47:11.341205+00:00,0x2A1,0100020000000000
2026-09-25T16:47:11.343567+00:00,0x2A5,00000FCEFFFF7C97
2026-09-25T16:47:11.343858+00:00,0x2A6,00000636FFFFC076
2026-09-25T16:47:11.344021+00:00,0x2A7,FFFFFB28000024EE
2026-09-25T16:47:11.344222+00:00,0x2A9,FFFF949F00000000
2026-09-25T16:47:11.346172+00:00,0x2A1,0100020000000000
2026-09-25T16:47:11.348307+00:00,0x2A5,00000FCEFFFF7C97
2026-09-25T16:47:11.348496+00:00,0x2A6,00000636FFFFC076
2026-09-25T16:47:11.348750+00:00,0x2A7,FFFFFB28000024EE
2026-09-25T16:47:11.349201+00:00,0x2A9,FFFF949F00000000
2026-09-25T16:47:11.351218+00:00,0x2A1,0100020000000000
2026-09-25T16:47:11.353707+00:00,0x2A5,00000FCEFFFF7C97
2026-09-25T16:47:11.353978+00:00,0x2A6,00000636FFFFC076
2026-09-25T16:47:11.354179+00:00,0x2A7,FFFFFB28000024EE
2026-09-25T16:47:11.354376+00:00,0x2A9,FFFF949F00000000
2026-09-25T16:47:11.356219+00:00,0x2A1,0100020000000000
2026-09-25T16:47:11.358372+00:00,0x2A5,00000FCEFFFF7C97
2026-09-25T16:47:11.358567+00:00,0x2A6,00000636FFFFC076
2026-09-25T16:47:11.358886+00:00,0x2A7,FFFFFB28000024EE
2026-09-25T16:47:11.359043+00:00,0x2A9,FFFF949F00000000
2026-09-25T16:47:11.361208+00:00,0x2A1,0100020000000000
2026-09-25T16:47:11.363397+00:00,0x2A5,00000FCEFFFF7C97
2026-09-25T16:47:11.363642+00:00,0x2A6,00000636FFFFC076
2026-09-25T16:47:11.363881+00:00,0x2A7,FFFFFB28000024EE
2026-09-25T16:47:11.364128+00:00,0x2A9,FFFF949F00000000
2026-09-25T16:47:11.366220+00:00,0x2A1,0100020000000000
2026-09-25T16:47:11.369000+00:00,0x2A5,00000FCEFFFF7C97
2026-09-25T16:47:11.369201+00:00,0x2A6,00000636FFFFC076
2026-09-25T16:47:11.369440+00:00,0x2A7,FFFFFB28000024EE
2026-09-25T16:47:11.369641+00:00,0x2A9,FFFF949F00000000
2026-09-25T16:47:11.371195+00:00,0x2A1,0100020000000000
2026-09-25T16:47:11.373253+00:00,0x2A5,00000FCEFFFF7C97
2026-09-25T16:47:11.373484+00:00,0x2A6,00000636FFFFC076
2026-09-25T16:47:11.373684+00:00,0x2A7,FFFFFB28000024EE
2026-09-25T16:47:11.373935+00:00,0x2A9,FFFF949F00000000
2026-09-25T16:47:11.376294+00:00,0x2A1,0100020000000000
2026-09-25T16:47:11.379000+00:00,0x2A5,00000FCEFFFF7C97
2026-09-25T16:47:11.379244+00:00,0x2A6,00000636FFFFC076
2026-09-25T16:47:11.379484+00:00,0x2A7,FFFFFB28000024EE
2026-09-25T16:47:11.379727+00:00,0x2A9,FFFF949F00000000
2026-09-25T16:47:11.381242+00:00,0x2A1,0100020000000000
2026-09-25T16:47:11.383880+00:00,0x2A5,00000FCEFFFF7C97
2026-09-25T16:47:11.383999+00:00,0x2A6,00000636FFFFC076
2026-09-25T16:47:11.384244+00:00,0x2A7,FFFFFB28000024EE
2026-09-25T16:47:11.384484+00:00,0x2A9,FFFF949F00000000
2026-09-25T16:47:11.386519+00:00,0x2A1,0100020000000000
2026-09-25T16:47:11.389087+00:00,0x2A5,00000FCEFFFF7C97
2026-09-25T16:47:11.389331+00:00,0x2A6,00000636FFFFC076
2026-09-25T16:47:11.389568+00:00,0x2A7,FFFFFB28000024EE
2026-09-25T16:47:11.389880+00:00,0x2A9,FFFF949F00000000
2026-09-25T16:47:11.391191+00:00,0x2A1,0100020000000000
2026-09-25T16:47:11.393506+00:00,0x2A5,00000FCEFFFF7C97
2026-09-25T16:47:11.393751+00:00,0x2A6,00000636FFFFC076
2026-09-25T16:47:11.393974+00:00,0x2A7,FFFFFB28000024EE
2026-09-25T16:47:11.394201+00:00,0x2A9,FFFF949F00000000
2026-09-25T16:47:11.396208+00:00,0x2A1,0100020000000000
2026-09-25T16:47:11.398373+00:00,0x2A5,00000FCEFFFF7C97
2026-09-25T16:47:11.398619+00:00,0x2A6,00000636FFFFC076
2026-09-25T16:47:11.398881+00:00,0x2A7,FFFFFB28000024EE
2026-09-25T16:47:11.399086+00:00,0x2A9,FFFF949F00000000
2026-09-25T16:47:11.401248+00:00,0x2A1,0100020000000000
2026-09-25T16:47:11.403623+00:00,0x2A5,00000FCEFFFF7C97
2026-09-25T16:47:11.403869+00:00,0x2A6,00000636FFFFC076
2026-09-25T16:47:11.404065+00:00,0x2A7,FFFFFB28000024EE
2026-09-25T16:47:11.404308+00:00,0x2A9,FFFF949F00000000
2026-09-25T16:47:11.406193+00:00,0x2A1,0100020000000000
2026-09-25T16:47:11.409023+00:00,0x2A5,00000FCEFFFF7C97
2026-09-25T16:47:11.409266+00:00,0x2A6,00000636FFFFC076
2026-09-25T16:47:11.409462+00:00,0x2A7,FFFFFB28000024EE
2026-09-25T16:47:11.409708+00:00,0x2A9,FFFF949F00000000
2026-09-25T16:47:11.411220+00:00,0x2A1,0100020000000000
2026-09-25T16:47:11.413519+00:00,0x2A5,00000FCEFFFF7C97
2026-09-25T16:47:11.413728+00:00,0x2A6,00000636FFFFC076
2026-09-25T16:47:11.413966+00:00,0x2A7,FFFFFB28000024EE
2026-09-25T16:47:11.414202+00:00,0x2A9,FFFF949F00000000
2026-09-25T16:47:11.416206+00:00,0x2A1,0100020000000000
2026-09-25T16:47:11.418353+00:00,0x2A5,00000FCEFFFF7C97
2026-09-25T16:47:11.418591+00:00,0x2A6,00000636FFFFC076
2026-09-25T16:47:11.418882+00:00,0x2A7,FFFFFB28000024EE
2026-09-25T16:47:11.419001+00:00,0x2A9,FFFF949F00000000
2026-09-25T16:47:11.421163+00:00,0x2A1,0100020000000000
2026-09-25T16:47:11.423590+00:00,0x2A5,00000FCEFFFF7C97
2026-09-25T16:47:11.423882+00:00,0x2A6,00000636FFFFC076
2026-09-25T16:47:11.424001+00:00,0x2A7,FFFFFB28000024EE
2026-09-25T16:47:11.424244+00:00,0x2A9,FFFF949F00000000
2026-09-25T16:47:11.426172+00:00,0x2A1,0100020000000000
2026-09-25T16:47:11.429044+00:00,0x2A5,00000FCEFFFF7C97
2026-09-25T16:47:11.429245+00:00,0x2A6,00000636FFFFC076
2026-09-25T16:47:11.429485+00:00,0x2A7,FFFFFB28000024EE
2026-09-25T16:47:11.429685+00:00,0x2A9,FFFF949F00000000
2026-09-25T16:47:11.431280+00:00,0x2A1,0100020000000000
2026-09-25T16:47:11.432463+00:00,0x2A5,00000FCEFFFF7C97
2026-09-25T16:47:11.432708+00:00,0x2A6,00000636FFFFC076
2026-09-25T16:47:11.432979+00:00,0x2A7,FFFFFB28000024EE
2026-09-25T16:47:11.433231+00:00,0x2A9,FFFF949F00000000
2026-09-25T16:47:11.436237+00:00,0x2A1,0100020000000000
2026-09-25T16:47:11.438685+00:00,0x2A5,00000FCEFFFF7C97
2026-09-25T16:47:11.438959+00:00,0x2A6,00000636FFFFC076
2026-09-25T16:47:11.439201+00:00,0x2A7,FFFFFB28000024EE
2026-09-25T16:47:11.439397+00:00,0x2A9,FFFF949F00000000
2026-09-25T16:47:11.441252+00:00,0x2A1,0100020000000000
2026-09-25T16:47:11.443663+00:00,0x2A5,00000FCEFFFF7C97
2026-09-25T16:47:11.443975+00:00,0x2A6,00000636FFFFC076
2026-09-25T16:47:11.444154+00:00,0x2A7,FFFFFB28000024EE
2026-09-25T16:47:11.444396+00:00,0x2A9,FFFF949F00000000
2026-09-25T16:47:11.446194+00:00,0x2A1,0100020000000000
2026-09-25T16:47:11.448377+00:00,0x2A5,00000FCEFFFF7C97
2026-09-25T16:47:11.448572+00:00,0x2A6,00000636FFFFC076
2026-09-25T16:47:11.448870+00:00,0x2A7,FFFFFB28000024EE
2026-09-25T16:47:11.449066+00:00,0x2A9,FFFF949F00000000
2026-09-25T16:47:11.451211+00:00,0x2A1,0100020000000000
2026-09-25T16:47:11.453420+00:00,0x2A5,00000FCEFFFF7C97
2026-09-25T16:47:11.453665+00:00,0x2A6,00000636FFFFC076
2026-09-25T16:47:11.453905+00:00,0x2A7,FFFFFB28000024EE
2026-09-25T16:47:11.454151+00:00,0x2A9,FFFF949F00000000
2026-09-25T16:47:11.456184+00:00,0x2A1,0100020000000000
2026-09-25T16:47:11.458485+00:00,0x2A5,00000FCEFFFF7C97
2026-09-25T16:47:11.458882+00:00,0x2A6,00000636FFFFC076
2026-09-25T16:47:11.459129+00:00,0x2A7,FFFFFB28000024EE
2026-09-25T16:47:11.459331+00:00,0x2A9,FFFF949F00000000
2026-09-25T16:47:11.461205+00:00,0x2A1,0100020000000000
2026-09-25T16:47:11.463374+00:00,0x2A5,00000FCEFFFF7C97
2026-09-25T16:47:11.463577+00:00,0x2A6,00000636FFFFC076
2026-09-25T16:47:11.463881+00:00,0x2A7,FFFFFB28000024EE
2026-09-25T16:47:11.464044+00:00,0x2A9,FFFF949F00000000
2026-09-25T16:47:11.466173+00:00,0x2A1,0100020000000000
2026-09-25T16:47:11.469108+00:00,0x2A5,00000FCEFFFF7C97
2026-09-25T16:47:11.469309+00:00,0x2A6,00000636FFFFC076
2026-09-25T16:47:11.469499+00:00,0x2A7,FFFFFB28000024EE
2026-09-25T16:47:11.469751+00:00,0x2A9,FFFF949F00000000
2026-09-25T16:47:11.471198+00:00,0x2A1,0100020000000000
2026-09-25T16:47:11.473419+00:00,0x2A5,00000FCEFFFF7C97
2026-09-25T16:47:11.473664+00:00,0x2A6,00000636FFFFC076
2026-09-25T16:47:11.473934+00:00,0x2A7,FFFFFB28000024EE
2026-09-25T16:47:11.474131+00:00,0x2A9,FFFF949F00000000
2026-09-25T16:47:11.476206+00:00,0x2A1,0100020000000000
2026-09-25T16:47:11.478331+00:00,0x2A5,00000FCEFFFF7C97
2026-09-25T16:47:11.478519+00:00,0x2A6,00000636FFFFC076
2026-09-25T16:47:11.478903+00:00,0x2A7,FFFFFB28000024EE
2026-09-25T16:47:11.479001+00:00,0x2A9,FFFF949F00000000
2026-09-25T16:47:11.481205+00:00,0x2A1,0100020000000000
2026-09-25T16:47:11.483309+00:00,0x2A5,00000FCEFFFF7C97
2026-09-25T16:47:11.483547+00:00,0x2A6,00000636FFFFC076
2026-09-25T16:47:11.483881+00:00,0x2A7,FFFFFB28000024EE
2026-09-25T16:47:11.484087+00:00,0x2A9,FFFF949F00000000
2026-09-25T16:47:11.486439+00:00,0x2A1,0100020000000000
2026-09-25T16:47:11.488958+00:00,0x2A5,00000FCEFFFF7C97
2026-09-25T16:47:11.489245+00:00,0x2A6,00000636FFFFC076
2026-09-25T16:47:11.489520+00:00,0x2A7,FFFFFB28000024EE
2026-09-25T16:47:11.489885+00:00,0x2A9,FFFF949F00000000
2026-09-25T16:47:11.491227+00:00,0x2A1,0100020000000000
2026-09-25T16:47:11.494707+00:00,0x2A5,00000FCEFFFF7C97
2026-09-25T16:47:11.495022+00:00,0x2A6,00000636FFFFC076
2026-09-25T16:47:11.495266+00:00,0x2A7,FFFFFB28000024EE
2026-09-25T16:47:11.495501+00:00,0x2A9,FFFF949F00000000
2026-09-25T16:47:11.496209+00:00,0x2A1,0100020000000000
2026-09-25T16:47:11.498331+00:00,0x2A5,00000FCEFFFF7C97
2026-09-25T16:47:11.498568+00:00,0x2A6,00000636FFFFC076
2026-09-25T16:47:11.498859+00:00,0x2A7,FFFFFB28000024EE
2026-09-25T16:47:11.498979+00:00,0x2A9,FFFF949F00000000
2026-09-25T16:47:11.501207+00:00,0x2A1,0100020000000000
2026-09-25T16:47:11.503396+00:00,0x2A5,00000FCEFFFF7C97
2026-09-25T16:47:11.503642+00:00,0x2A6,00000636FFFFC076
2026-09-25T16:47:11.503936+00:00,0x2A7,FFFFFB28000024EE
2026-09-25T16:47:11.504132+00:00,0x2A9,FFFF949F00000000
2026-09-25T16:47:11.506220+00:00,0x2A1,0100020000000000
2026-09-25T16:47:11.508378+00:00,0x2A5,00000FCEFFFF7C97
2026-09-25T16:47:11.508582+00:00,0x2A6,00000636FFFFC076
2026-09-25T16:47:11.508891+00:00,0x2A7,FFFFFB28000024EE
2026-09-25T16:47:11.509132+00:00,0x2A9,FFFF949F00000000
2026-09-25T16:47:11.511206+00:00,0x2A1,0100020000000000
2026-09-25T16:47:11.513331+00:00,0x2A5,00000FCEFFFF7C97
2026-09-25T16:47:11.513569+00:00,0x2A6,00000636FFFFC076
2026-09-25T16:47:11.513881+00:00,0x2A7,FFFFFB28000024EE
2026-09-25T16:47:11.514045+00:00,0x2A9,FFFF949F00000000
2026-09-25T16:47:11.516209+00:00,0x2A1,0100020000000000
2026-09-25T16:47:11.518507+00:00,0x2A5,00000FCEFFFF7C97
2026-09-25T16:47:11.518751+00:00,0x2A6,00000636FFFFC076
2026-09-25T16:47:11.518980+00:00,0x2A7,FFFFFB28000024EE
2026-09-25T16:47:11.519181+00:00,0x2A9,FFFF949F00000000
2026-09-25T16:47:11.521255+00:00,0x2A1,0100020000000000
2026-09-25T16:47:11.523374+00:00,0x2A5,00000FCEFFFF7C97
2026-09-25T16:47:11.523620+00:00,0x2A6,00000636FFFFC076
2026-09-25T16:47:11.523882+00:00,0x2A7,FFFFFB28000024EE
2026-09-25T16:47:11.524129+00:00,0x2A9,FFFF949F00000000
2026-09-25T16:47:11.526195+00:00,0x2A1,0100020000000000
2026-09-25T16:47:11.528521+00:00,0x2A5,00000FCEFFFF7C97
2026-09-25T16:47:11.528883+00:00,0x2A6,00000636FFFFC076
2026-09-25T16:47:11.528980+00:00,0x2A7,FFFFFB28000024EE
2026-09-25T16:47:11.529226+00:00,0x2A9,FFFF949F00000000
2026-09-25T16:47:11.531204+00:00,0x2A1,0100020000000000
2026-09-25T16:47:11.533666+00:00,0x2A5,00000FCEFFFF7C97
2026-09-25T16:47:11.533937+00:00,0x2A6,00000636FFFFC076
2026-09-25T16:47:11.534133+00:00,0x2A7,FFFFFB28000024EE
2026-09-25T16:47:11.534332+00:00,0x2A9,FFFF949F00000000
2026-09-25T16:47:11.536256+00:00,0x2A1,0100020000000000
2026-09-25T16:47:11.537942+00:00,0x2A5,00000FCEFFFF7C97
2026-09-25T16:47:11.538431+00:00,0x2A6,00000636FFFFC076
2026-09-25T16:47:11.539223+00:00,0x2A7,FFFFFB28000024EE
2026-09-25T16:47:11.539708+00:00,0x2A9,FFFF949F00000000
2026-09-25T16:47:11.541274+00:00,0x2A1,0100020000000000
2026-09-25T16:47:11.544418+00:00,0x2A5,00000FCEFFFF7C97
2026-09-25T16:47:11.544664+00:00,0x2A6,00000636FFFFC076
2026-09-25T16:47:11.544980+00:00,0x2A7,FFFFFB28000024EE
2026-09-25T16:47:11.545267+00:00,0x2A9,FFFF949F00000000
2026-09-25T16:47:11.547440+00:00,0x2A1,0100020000000000
2026-09-25T16:47:11.549625+00:00,0x2A5,00000FCEFFFF7C97
2026-09-25T16:47:11.549870+00:00,0x2A6,00000636FFFFC076
2026-09-25T16:47:11.550066+00:00,0x2A7,FFFFFB28000024EE
2026-09-25T16:47:11.550309+00:00,0x2A9,FFFF949F00000000
2026-09-25T16:47:11.551224+00:00,0x2A1,0100020000000000
2026-09-25T16:47:11.553569+00:00,0x2A5,00000FCEFFFF7C97
2026-09-25T16:47:11.553860+00:00,0x2A6,00000636FFFFC076
2026-09-25T16:47:11.554023+00:00,0x2A7,FFFFFB28000024EE
2026-09-25T16:47:11.554223+00:00,0x2A9,FFFF949F00000000
2026-09-25T16:47:11.556211+00:00,0x2A1,0100020000000000
2026-09-25T16:47:11.558569+00:00,0x2A5,00000FCEFFFF7C97
2026-09-25T16:47:11.558860+00:00,0x2A6,00000636FFFFC076
2026-09-25T16:47:11.559066+00:00,0x2A7,FFFFFB28000024EE
2026-09-25T16:47:11.559267+00:00,0x2A9,FFFF949F00000000
2026-09-25T16:47:11.561193+00:00,0x2A1,0100020000000000
2026-09-25T16:47:11.563464+00:00,0x2A5,00000FCEFFFF7C97
2026-09-25T16:47:11.563752+00:00,0x2A6,00000636FFFFC076
2026-09-25T16:47:11.563980+00:00,0x2A7,FFFFFB28000024EE
2026-09-25T16:47:11.564181+00:00,0x2A9,FFFF949F00000000
2026-09-25T16:47:11.566152+00:00,0x2A1,0100020000000000
2026-09-25T16:47:11.569181+00:00,0x2A5,00000FCEFFFF7C97
2026-09-25T16:47:11.569421+00:00,0x2A6,00000636FFFFC076
2026-09-25T16:47:11.569626+00:00,0x2A7,FFFFFB28000024EE
2026-09-25T16:47:11.569885+00:00,0x2A9,FFFF949F00000000
2026-09-25T16:47:11.571219+00:00,0x2A1,0100020000000000
2026-09-25T16:47:11.573375+00:00,0x2A5,00000FCEFFFF7C97
2026-09-25T16:47:11.573569+00:00,0x2A6,00000636FFFFC076
2026-09-25T16:47:11.573860+00:00,0x2A7,FFFFFB28000024EE
2026-09-25T16:47:11.574023+00:00,0x2A9,FFFF949F00000000
2026-09-25T16:47:11.576211+00:00,0x2A1,0100020000000000
2026-09-25T16:47:11.578267+00:00,0x2A5,00000FCEFFFF7C97
2026-09-25T16:47:11.578513+00:00,0x2A6,00000636FFFFC076
2026-09-25T16:47:11.578708+00:00,0x2A7,FFFFFB28000024EE
2026-09-25T16:47:11.578936+00:00,0x2A9,FFFF949F00000000
2026-09-25T16:47:11.581211+00:00,0x2A1,0100020000000000
2026-09-25T16:47:11.583404+00:00,0x2A5,00000FCEFFFF7C97
2026-09-25T16:47:11.583626+00:00,0x2A6,00000636FFFFC076
2026-09-25T16:47:11.583882+00:00,0x2A7,FFFFFB28000024EE
2026-09-25T16:47:11.584130+00:00,0x2A9,FFFF949F00000000
2026-09-25T16:47:11.586177+00:00,0x2A1,0100020000000000
2026-09-25T16:47:11.588860+00:00,0x2A5,00000FCEFFFF7C97
2026-09-25T16:47:11.589499+00:00,0x2A6,00000636FFFFC076
2026-09-25T16:47:11.589709+00:00,0x2A7,FFFFFB28000024EE
2026-09-25T16:47:11.590023+00:00,0x2A9,FFFF949F00000000
2026-09-25T16:47:11.592023+00:00,0x2A1,0100020000000000
2026-09-25T16:47:11.594023+00:00,0x2A5,00000FCEFFFF7C97
2026-09-25T16:47:11.594267+00:00,0x2A6,00000636FFFFC076
2026-09-25T16:47:11.594501+00:00,0x2A7,FFFFFB28000024EE
2026-09-25T16:47:11.594752+00:00,0x2A9,FFFF949F00000000
2026-09-25T16:47:11.596464+00:00,0x2A1,0100020000000000
2026-09-25T16:47:11.597282+00:00,0x2A5,00000FCEFFFF7C97
2026-09-25T16:47:11.597531+00:00,0x2A6,00000636FFFFC076
2026-09-25T16:47:11.597895+00:00,0x2A7,FFFFFB28000024EE
2026-09-25T16:47:11.598397+00:00,0x2A9,FFFF949F00000000
2026-09-25T16:47:11.601210+00:00,0x2A1,0100020000000000
2026-09-25T16:47:11.603503+00:00,0x2A5,00000FCEFFFF7C97
2026-09-25T16:47:11.603709+00:00,0x2A6,00000636FFFFC076
2026-09-25T16:47:11.603980+00:00,0x2A7,FFFFFB28000024EE
2026-09-25T16:47:11.604378+00:00,0x2A9,FFFF949F00000000
2026-09-25T16:47:11.606283+00:00,0x2A1,0100020000000000
2026-09-25T16:47:11.608402+00:00,0x2A5,00000FCEFFFF7C97
2026-09-25T16:47:11.608871+00:00,0x2A6,00000636FFFFC076
2026-09-25T16:47:11.609066+00:00,0x2A7,FFFFFB28000024EE
2026-09-25T16:47:11.609310+00:00,0x2A9,FFFF949F00000000
2026-09-25T16:47:11.611221+00:00,0x2A1,0100020000000000
2026-09-25T16:47:11.613421+00:00,0x2A5,00000FCEFFFF7C97
2026-09-25T16:47:11.613666+00:00,0x2A6,00000636FFFFC076
2026-09-25T16:47:11.613885+00:00,0x2A7,FFFFFB28000024EE
2026-09-25T16:47:11.614087+00:00,0x2A9,FFFF949F00000000
2026-09-25T16:47:11.616253+00:00,0x2A1,0100020000000000
2026-09-25T16:47:11.618443+00:00,0x2A5,00000FCEFFFF7C97
2026-09-25T16:47:11.618690+00:00,0x2A6,00000636FFFFC076
2026-09-25T16:47:11.618937+00:00,0x2A7,FFFFFB28000024EE
2026-09-25T16:47:11.619181+00:00,0x2A9,FFFF949F00000000
2026-09-25T16:47:11.621210+00:00,0x2A1,0100020000000000
2026-09-25T16:47:11.623548+00:00,0x2A5,00000FCEFFFF7C97
2026-09-25T16:47:11.623752+00:00,0x2A6,00000636FFFFC076
2026-09-25T16:47:11.623979+00:00,0x2A7,FFFFFB28000024EE
2026-09-25T16:47:11.624266+00:00,0x2A9,FFFF949F00000000
2026-09-25T16:47:11.626240+00:00,0x2A1,0100020000000000
2026-09-25T16:47:11.628620+00:00,0x2A5,00000FCEFFFF7C97
2026-09-25T16:47:11.628860+00:00,0x2A6,00000636FFFFC076
2026-09-25T16:47:11.629023+00:00,0x2A7,FFFFFB28000024EE
2026-09-25T16:47:11.629267+00:00,0x2A9,FFFF949F00000000
2026-09-25T16:47:11.631190+00:00,0x2A1,0100020000000000
2026-09-25T16:47:11.633465+00:00,0x2A5,00000FCEFFFF7C97
2026-09-25T16:47:11.633667+00:00,0x2A6,00000636FFFFC076
2026-09-25T16:47:11.633937+00:00,0x2A7,FFFFFB28000024EE
2026-09-25T16:47:11.634134+00:00,0x2A9,FFFF949F00000000
2026-09-25T16:47:11.636235+00:00,0x2A1,0100020000000000
2026-09-25T16:47:11.638420+00:00,0x2A5,00000FCEFFFF7C97
2026-09-25T16:47:11.638664+00:00,0x2A6,00000636FFFFC076
2026-09-25T16:47:11.638883+00:00,0x2A7,FFFFFB28000024EE
2026-09-25T16:47:11.639129+00:00,0x2A9,FFFF949F00000000
2026-09-25T16:47:11.641237+00:00,0x2A1,0100020000000000
2026-09-25T16:47:11.644266+00:00,0x2A5,00000FCEFFFF7C97
2026-09-25T16:47:11.644547+00:00,0x2A6,00000636FFFFC076
2026-09-25T16:47:11.644867+00:00,0x2A7,FFFFFB28000024EE
2026-09-25T16:47:11.645108+00:00,0x2A9,FFFF949F00000000
2026-09-25T16:47:11.647220+00:00,0x2A1,0100020000000000
2026-09-25T16:47:11.649377+00:00,0x2A5,00000FCEFFFF7C97
2026-09-25T16:47:11.649625+00:00,0x2A6,00000636FFFFC076
2026-09-25T16:47:11.649892+00:00,0x2A7,FFFFFB28000024EE
2026-09-25T16:47:11.650132+00:00,0x2A9,FFFF949F00000000
2026-09-25T16:47:11.651331+00:00,0x2A1,0100020000000000
2026-09-25T16:47:11.653980+00:00,0x2A5,00000FCEFFFF7C97
2026-09-25T16:47:11.654224+00:00,0x2A6,00000636FFFFC076
2026-09-25T16:47:11.654463+00:00,0x2A7,FFFFFB28000024EE
2026-09-25T16:47:11.654665+00:00,0x2A9,FFFF949F00000000
2026-09-25T16:47:11.656220+00:00,0x2A1,0100020000000000
2026-09-25T16:47:11.658861+00:00,0x2A5,00000FCEFFFF7C97
2026-09-25T16:47:11.659066+00:00,0x2A6,00000636FFFFC076
2026-09-25T16:47:11.659267+00:00,0x2A7,FFFFFB28000024EE
2026-09-25T16:47:11.659504+00:00,0x2A9,FFFF949F00000000
2026-09-25T16:47:11.661255+00:00,0x2A1,0100020000000000
2026-09-25T16:47:11.663464+00:00,0x2A5,00000FCEFFFF7C97
2026-09-25T16:47:11.663666+00:00,0x2A6,00000636FFFFC076
2026-09-25T16:47:11.663885+00:00,0x2A7,FFFFFB28000024EE
2026-09-25T16:47:11.664130+00:00,0x2A9,FFFF949F00000000
2026-09-25T16:47:11.666203+00:00,0x2A1,0100020000000000
2026-09-25T16:47:11.668862+00:00,0x2A5,00000FCEFFFF7C97
2026-09-25T16:47:11.668980+00:00,0x2A6,00000636FFFFC076
2026-09-25T16:47:11.669229+00:00,0x2A7,FFFFFB28000024EE
2026-09-25T16:47:11.669422+00:00,0x2A9,FFFF949F00000000
2026-09-25T16:47:11.671233+00:00,0x2A1,0100020000000000
2026-09-25T16:47:11.673464+00:00,0x2A5,00000FCEFFFF7C97
2026-09-25T16:47:11.673666+00:00,0x2A6,00000636FFFFC076
2026-09-25T16:47:11.673937+00:00,0x2A7,FFFFFB28000024EE
2026-09-25T16:47:11.674134+00:00,0x2A9,FFFF949F00000000
2026-09-25T16:47:11.676236+00:00,0x2A1,0100020000000000
2026-09-25T16:47:11.678224+00:00,0x2A5,00000FCEFFFF7C97
2026-09-25T16:47:11.678421+00:00,0x2A6,00000636FFFFC076
2026-09-25T16:47:11.678666+00:00,0x2A7,FFFFFB28000024EE
2026-09-25T16:47:11.678885+00:00,0x2A9,FFFF949F00000000
2026-09-25T16:47:11.681227+00:00,0x2A1,0100020000000000
2026-09-25T16:47:11.683331+00:00,0x2A5,00000FCEFFFF7C97
2026-09-25T16:47:11.683522+00:00,0x2A6,00000636FFFFC076
2026-09-25T16:47:11.683729+00:00,0x2A7,FFFFFB28000024EE
2026-09-25T16:47:11.683981+00:00,0x2A9,FFFF949F00000000
2026-09-25T16:47:11.686173+00:00,0x2A1,0100020000000000
2026-09-25T16:47:11.688666+00:00,0x2A5,00000FCEFFFF7C97
2026-09-25T16:47:11.688889+00:00,0x2A6,00000636FFFFC076
2026-09-25T16:47:11.689131+00:00,0x2A7,FFFFFB28000024EE
2026-09-25T16:47:11.689333+00:00,0x2A9,FFFF949F00000000
2026-09-25T16:47:11.691229+00:00,0x2A1,0100020000000000
2026-09-25T16:47:11.693465+00:00,0x2A5,00000FCEFFFF7C97
2026-09-25T16:47:11.693711+00:00,0x2A6,00000636FFFFC076
2026-09-25T16:47:11.693885+00:00,0x2A7,FFFFFB28000024EE
2026-09-25T16:47:11.694130+00:00,0x2A9,FFFF949F00000000
2026-09-25T16:47:11.696298+00:00,0x2A1,0100020000000000
2026-09-25T16:47:11.697311+00:00,0x2A5,00000FCEFFFF7C97
2026-09-25T16:47:11.697601+00:00,0x2A6,00000636FFFFC076
2026-09-25T16:47:11.697884+00:00,0x2A7,FFFFFB28000024EE
2026-09-25T16:47:11.698131+00:00,0x2A9,FFFF949F00000000
2026-09-25T16:47:11.701252+00:00,0x2A1,0100020000000000
2026-09-25T16:47:11.704980+00:00,0x2A5,00000FCEFFFF7C97
2026-09-25T16:47:11.705518+00:00,0x2A6,00000636FFFFC076
2026-09-25T16:47:11.705859+00:00,0x2A7,FFFFFB28000024EE
2026-09-25T16:47:11.706110+00:00,0x2A9,FFFF949F00000000
2026-09-25T16:47:11.708267+00:00,0x2A1,0100020000000000
2026-09-25T16:47:11.710375+00:00,0x2A5,00000FCEFFFF7C97
2026-09-25T16:47:11.710570+00:00,0x2A6,00000636FFFFC076
2026-09-25T16:47:11.710860+00:00,0x2A7,FFFFFB28000024EE
2026-09-25T16:47:11.711066+00:00,0x2A9,FFFF949F00000000
2026-09-25T16:47:11.712023+00:00,0x2A1,0100020000000000
2026-09-25T16:47:11.714158+00:00,0x2A5,00000FCEFFFF7C97
2026-09-25T16:47:11.714376+00:00,0x2A6,00000636FFFFC076
2026-09-25T16:47:11.714570+00:00,0x2A7,FFFFFB28000024EE
2026-09-25T16:47:11.714861+00:00,0x2A9,FFFF949F00000000
2026-09-25T16:47:11.716220+00:00,0x2A1,0100020000000000
2026-09-25T16:47:11.718754+00:00,0x2A5,00000FCEFFFF7C97
2026-09-25T16:47:11.718986+00:00,0x2A6,00000636FFFFC076
2026-09-25T16:47:11.719226+00:00,0x2A7,FFFFFB28000024EE
2026-09-25T16:47:11.719423+00:00,0x2A9,FFFF949F00000000
2026-09-25T16:47:11.721320+00:00,0x2A1,0100020000000000
2026-09-25T16:47:11.723667+00:00,0x2A5,00000FCEFFFF7C97
2026-09-25T16:47:11.723887+00:00,0x2A6,00000636FFFFC076
2026-09-25T16:47:11.724131+00:00,0x2A7,FFFFFB28000024EE
2026-09-25T16:47:11.724337+00:00,0x2A9,FFFF949F00000000
2026-09-25T16:47:11.726224+00:00,0x2A1,0100020000000000
2026-09-25T16:47:11.729332+00:00,0x2A5,00000FCEFFFF7C97
2026-09-25T16:47:11.729570+00:00,0x2A6,00000636FFFFC076
2026-09-25T16:47:11.729861+00:00,0x2A7,FFFFFB28000024EE
2026-09-25T16:47:11.730023+00:00,0x2A9,FFFF949F00000000
2026-09-25T16:47:11.731190+00:00,0x2A1,0100020000000000
2026-09-25T16:47:11.733377+00:00,0x2A5,00000FCEFFFF7C97
2026-09-25T16:47:11.733623+00:00,0x2A6,00000636FFFFC076
2026-09-25T16:47:11.733862+00:00,0x2A7,FFFFFB28000024EE
2026-09-25T16:47:11.734067+00:00,0x2A9,FFFF949F00000000
2026-09-25T16:47:11.736284+00:00,0x2A1,0100020000000000
2026-09-25T16:47:11.738465+00:00,0x2A5,00000FCEFFFF7C97
2026-09-25T16:47:11.738753+00:00,0x2A6,00000635FFFFC076
2026-09-25T16:47:11.738981+00:00,0x2A7,FFFFFB28000024EE
2026-09-25T16:47:11.739182+00:00,0x2A9,FFFF949F00000000
2026-09-25T16:47:11.741246+00:00,0x2A1,0100020000000000
2026-09-25T16:47:11.743422+00:00,0x2A5,00000FCEFFFF7C97
2026-09-25T16:47:11.743624+00:00,0x2A6,00000635FFFFC076
2026-09-25T16:47:11.743885+00:00,0x2A7,FFFFFB28000024EE
2026-09-25T16:47:11.744087+00:00,0x2A9,FFFF949F00000000
2026-09-25T16:47:11.746152+00:00,0x2A1,0100020000000000
2026-09-25T16:47:11.748570+00:00,0x2A5,00000FCEFFFF7C97
2026-09-25T16:47:11.748861+00:00,0x2A6,00000635FFFFC076
2026-09-25T16:47:11.749068+00:00,0x2A7,FFFFFB28000024EE
2026-09-25T16:47:11.749333+00:00,0x2A9,FFFF949F00000000
2026-09-25T16:47:11.751222+00:00,0x2A1,0100020000000000
2026-09-25T16:47:11.753863+00:00,0x2A5,00000FCEFFFF7C97
2026-09-25T16:47:11.754110+00:00,0x2A6,00000635FFFFC076
2026-09-25T16:47:11.754354+00:00,0x2A7,FFFFFB28000024EE
2026-09-25T16:47:11.754593+00:00,0x2A9,FFFF949F00000000
2026-09-25T16:47:11.756264+00:00,0x2A1,0100020000000000
2026-09-25T16:47:11.758928+00:00,0x2A5,00000FCEFFFF7C97
2026-09-25T16:47:11.759216+00:00,0x2A6,00000635FFFFC076
2026-09-25T16:47:11.759457+00:00,0x2A7,FFFFFB28000024EE
2026-09-25T16:47:11.759706+00:00,0x2A9,FFFF949F00000000
2026-09-25T16:47:11.761258+00:00,0x2A1,0100020000000000
2026-09-25T16:47:11.763885+00:00,0x2A5,00000FCEFFFF7C97
2026-09-25T16:47:11.763981+00:00,0x2A6,00000635FFFFC076
2026-09-25T16:47:11.764225+00:00,0x2A7,FFFFFB28000024EE
2026-09-25T16:47:11.764422+00:00,0x2A9,FFFF949F00000000
2026-09-25T16:47:11.766549+00:00,0x2A1,0100020000000000
2026-09-25T16:47:11.768668+00:00,0x2A5,00000FCEFFFF7C93
2026-09-25T16:47:11.768886+00:00,0x2A6,00000635FFFFC076
2026-09-25T16:47:11.769131+00:00,0x2A7,FFFFFB28000024EE
2026-09-25T16:47:11.769377+00:00,0x2A9,FFFF949F00000000
2026-09-25T16:47:11.771233+00:00,0x2A1,0100020000000000
2026-09-25T16:47:11.773500+00:00,0x2A5,00000FCEFFFF7C93
2026-09-25T16:47:11.773710+00:00,0x2A6,00000635FFFFC076
2026-09-25T16:47:11.773938+00:00,0x2A7,FFFFFB28000024EE
2026-09-25T16:47:11.774183+00:00,0x2A9,FFFF949F00000000
2026-09-25T16:47:11.776212+00:00,0x2A1,0100020000000000
2026-09-25T16:47:11.778500+00:00,0x2A5,00000FCEFFFF7C93
2026-09-25T16:47:11.778753+00:00,0x2A6,00000635FFFFC076
2026-09-25T16:47:11.778981+00:00,0x2A7,FFFFFB28000024EE
2026-09-25T16:47:11.779182+00:00,0x2A9,FFFF949F00000000
2026-09-25T16:47:11.781219+00:00,0x2A1,0100020000000000
2026-09-25T16:47:11.783422+00:00,0x2A5,00000FCEFFFF7C93
2026-09-25T16:47:11.783628+00:00,0x2A6,00000635FFFFC076
2026-09-25T16:47:11.783886+00:00,0x2A7,FFFFFB28000024EE
2026-09-25T16:47:11.784134+00:00,0x2A9,FFFF949F00000000
2026-09-25T16:47:11.786311+00:00,0x2A1,0100020000000000
2026-09-25T16:47:11.788522+00:00,0x2A5,00000FCEFFFF7C93
2026-09-25T16:47:11.788981+00:00,0x2A6,00000635FFFFC076
2026-09-25T16:47:11.789667+00:00,0x2A7,FFFFFB28000024EE
2026-09-25T16:47:11.789886+00:00,0x2A9,FFFF949F00000000
2026-09-25T16:47:11.791221+00:00,0x2A1,0100020000000000
2026-09-25T16:47:11.793375+00:00,0x2A5,00000FCEFFFF7C93
2026-09-25T16:47:11.793570+00:00,0x2A6,00000635FFFFC076
2026-09-25T16:47:11.793860+00:00,0x2A7,FFFFFB28000024EE
2026-09-25T16:47:11.794066+00:00,0x2A9,FFFF949F00000000
2026-09-25T16:47:11.796213+00:00,0x2A1,0100020000000000
2026-09-25T16:47:11.798333+00:00,0x2A5,00000FCEFFFF7C93
2026-09-25T16:47:11.798522+00:00,0x2A6,00000635FFFFC076
2026-09-25T16:47:11.798884+00:00,0x2A7,FFFFFB28000024EE
2026-09-25T16:47:11.798981+00:00,0x2A9,FFFF949F00000000
2026-09-25T16:47:11.801288+00:00,0x2A1,0100020000000000
2026-09-25T16:47:11.804110+00:00,0x2A5,00000FCEFFFF7C93
2026-09-25T16:47:11.804354+00:00,0x2A6,00000635FFFFC076
2026-09-25T16:47:11.804625+00:00,0x2A7,FFFFFB28000024EE
2026-09-25T16:47:11.804961+00:00,0x2A9,FFFF949F00000000
2026-09-25T16:47:11.807354+00:00,0x2A1,0100020000000000
2026-09-25T16:47:11.809667+00:00,0x2A5,00000FCEFFFF7C93
2026-09-25T16:47:11.809937+00:00,0x2A6,00000635FFFFC076
2026-09-25T16:47:11.810225+00:00,0x2A7,FFFFFB28000024EE
2026-09-25T16:47:11.810421+00:00,0x2A9,FFFF949F00000000
2026-09-25T16:47:11.811549+00:00,0x2A1,0100020000000000
2026-09-25T16:47:11.814252+00:00,0x2A5,00000FCEFFFF7C93
2026-09-25T16:47:11.814498+00:00,0x2A6,00000635FFFFC076
2026-09-25T16:47:11.814897+00:00,0x2A7,FFFFFB28000024EE
2026-09-25T16:47:11.815025+00:00,0x2A9,FFFF949F00000000
2026-09-25T16:47:11.816275+00:00,0x2A1,0100020000000000
2026-09-25T16:47:11.818571+00:00,0x2A5,00000FCEFFFF7C93
2026-09-25T16:47:11.818862+00:00,0x2A6,00000635FFFFC076
2026-09-25T16:47:11.819068+00:00,0x2A7,FFFFFB28000024EE
2026-09-25T16:47:11.819269+00:00,0x2A9,FFFF949F00000000
2026-09-25T16:47:11.821219+00:00,0x2A1,0100020000000000
2026-09-25T16:47:11.823570+00:00,0x2A5,00000FCEFFFF7C93
2026-09-25T16:47:11.823861+00:00,0x2A6,00000635FFFFC076
2026-09-25T16:47:11.824024+00:00,0x2A7,FFFFFB28000024EE
2026-09-25T16:47:11.824225+00:00,0x2A9,FFFF949F00000000
2026-09-25T16:47:11.826710+00:00,0x2A1,0100020000000000
2026-09-25T16:47:11.829466+00:00,0x2A5,00000FCEFFFF7C93
2026-09-25T16:47:11.829667+00:00,0x2A6,00000635FFFFC076
2026-09-25T16:47:11.829886+00:00,0x2A7,FFFFFB28000024EE
2026-09-25T16:47:11.830132+00:00,0x2A9,FFFF949F00000000
2026-09-25T16:47:11.831190+00:00,0x2A1,0100020000000000
2026-09-25T16:47:11.833500+00:00,0x2A5,00000FCEFFFF7C93
2026-09-25T16:47:11.833710+00:00,0x2A6,00000635FFFFC076
2026-09-25T16:47:11.833938+00:00,0x2A7,FFFFFB28000024EE
2026-09-25T16:47:11.834184+00:00,0x2A9,FFFF949F00000000
2026-09-25T16:47:11.836212+00:00,0x2A1,0100020000000000
2026-09-25T16:47:11.838422+00:00,0x2A5,00000FCEFFFF7C93
2026-09-25T16:47:11.838624+00:00,0x2A6,00000635FFFFC076
2026-09-25T16:47:11.838864+00:00,0x2A7,FFFFFB28000024EE
2026-09-25T16:47:11.839110+00:00,0x2A9,FFFF949F00000000
2026-09-25T16:47:11.841194+00:00,0x2A1,0100020000000000
2026-09-25T16:47:11.843465+00:00,0x2A5,00000FCEFFFF7C93
2026-09-25T16:47:11.843710+00:00,0x2A6,00000635FFFFC076
2026-09-25T16:47:11.843938+00:00,0x2A7,FFFFFB28000024EE
2026-09-25T16:47:11.844134+00:00,0x2A9,FFFF949F00000000
2026-09-25T16:47:11.847132+00:00,0x2A1,0100020000000000
2026-09-25T16:47:11.849872+00:00,0x2A5,00000FCEFFFF7C93
2026-09-25T16:47:11.850026+00:00,0x2A6,00000635FFFFC076
2026-09-25T16:47:11.850269+00:00,0x2A7,FFFFFB28000024EE
2026-09-25T16:47:11.850470+00:00,0x2A9,FFFF949F00000000
2026-09-25T16:47:11.851194+00:00,0x2A1,0100020000000000
2026-09-25T16:47:11.853466+00:00,0x2A5,00000FCEFFFF7C93
2026-09-25T16:47:11.853668+00:00,0x2A6,00000635FFFFC076
2026-09-25T16:47:11.853887+00:00,0x2A7,FFFFFB28000024EE
2026-09-25T16:47:11.854131+00:00,0x2A9,FFFF949F00000000
2026-09-25T16:47:11.856212+00:00,0x2A1,0100020000000000
2026-09-25T16:47:11.858753+00:00,0x2A5,00000FCEFFFF7C93
2026-09-25T16:47:11.858982+00:00,0x2A6,00000635FFFFC076
2026-09-25T16:47:11.859226+00:00,0x2A7,FFFFFB28000024EE
2026-09-25T16:47:11.859423+00:00,0x2A9,FFFF949F00000000
2026-09-25T16:47:11.861295+00:00,0x2A1,0100020000000000
2026-09-25T16:47:11.863963+00:00,0x2A5,00000FCEFFFF7C93
2026-09-25T16:47:11.864184+00:00,0x2A6,00000635FFFFC076
2026-09-25T16:47:11.864423+00:00,0x2A7,FFFFFB28000024EE
2026-09-25T16:47:11.864711+00:00,0x2A9,FFFF949F00000000
2026-09-25T16:47:11.867338+00:00,0x2A1,0100020000000000
2026-09-25T16:47:11.867589+00:00,0x2A5,00000FCEFFFF7C93
2026-09-25T16:47:11.867902+00:00,0x2A6,00000635FFFFC076
2026-09-25T16:47:11.868154+00:00,0x2A7,FFFFFB28000024EE
2026-09-25T16:47:11.868442+00:00,0x2A9,FFFF949F00000000
2026-09-25T16:47:11.871269+00:00,0x2A1,0100020000000000
2026-09-25T16:47:11.873312+00:00,0x2A5,00000FCEFFFF7C93
2026-09-25T16:47:11.873501+00:00,0x2A6,00000635FFFFC076
2026-09-25T16:47:11.873711+00:00,0x2A7,FFFFFB28000024EE
2026-09-25T16:47:11.873938+00:00,0x2A9,FFFF949F00000000
2026-09-25T16:47:11.876298+00:00,0x2A1,0100020000000000
2026-09-25T16:47:11.878423+00:00,0x2A5,00000FCEFFFF7C93
2026-09-25T16:47:11.878668+00:00,0x2A6,00000635FFFFC076
2026-09-25T16:47:11.878887+00:00,0x2A7,FFFFFB28000024EE
2026-09-25T16:47:11.879089+00:00,0x2A9,FFFF949F00000000
2026-09-25T16:47:11.881193+00:00,0x2A1,0100020000000000
2026-09-25T16:47:11.883423+00:00,0x2A5,00000FCEFFFF7C93
2026-09-25T16:47:11.883668+00:00,0x2A6,00000635FFFFC076
2026-09-25T16:47:11.883887+00:00,0x2A7,FFFFFB28000024EE
2026-09-25T16:47:11.884089+00:00,0x2A9,FFFF949F00000000
2026-09-25T16:47:11.886982+00:00,0x2A1,0100020000000000
2026-09-25T16:47:11.888985+00:00,0x2A5,00000FCEFFFF7C93
2026-09-25T16:47:11.889251+00:00,0x2A6,00000635FFFFC076
2026-09-25T16:47:11.889424+00:00,0x2A7,FFFFFB28000024EE
2026-09-25T16:47:11.889625+00:00,0x2A9,FFFF949F00000000
2026-09-25T16:47:11.891214+00:00,0x2A1,0100020000000000
2026-09-25T16:47:11.893509+00:00,0x2A5,00000FCEFFFF7C93
2026-09-25T16:47:11.893754+00:00,0x2A6,00000635FFFFC076
2026-09-25T16:47:11.893981+00:00,0x2A7,FFFFFB28000024EE
2026-09-25T16:47:11.894183+00:00,0x2A9,FFFF949F00000000
2026-09-25T16:47:11.896213+00:00,0x2A1,0100020000000000
2026-09-25T16:47:11.898269+00:00,0x2A5,00000FCEFFFF7C93
2026-09-25T16:47:11.898466+00:00,0x2A6,00000635FFFFC076
2026-09-25T16:47:11.898669+00:00,0x2A7,FFFFFB28000024EE
2026-09-25T16:47:11.898887+00:00,0x2A9,FFFF949F00000000
2026-09-25T16:47:11.901203+00:00,0x2A1,0100020000000000
2026-09-25T16:47:11.903380+00:00,0x2A5,00000FCEFFFF7C93
2026-09-25T16:47:11.903627+00:00,0x2A6,00000635FFFFC076
2026-09-25T16:47:11.903873+00:00,0x2A7,FFFFFB28000024EE
2026-09-25T16:47:11.904069+00:00,0x2A9,FFFF949F00000000
2026-09-25T16:47:11.906982+00:00,0x2A1,0100020000000000
2026-09-25T16:47:11.909668+00:00,0x2A5,00000FCEFFFF7C93
2026-09-25T16:47:11.909939+00:00,0x2A6,00000635FFFFC076
2026-09-25T16:47:11.910183+00:00,0x2A7,FFFFFB28000024EE
2026-09-25T16:47:11.910423+00:00,0x2A9,FFFF949F00000000
2026-09-25T16:47:11.911256+00:00,0x2A1,0100020000000000
2026-09-25T16:47:11.913427+00:00,0x2A5,00000FCEFFFF7C93
2026-09-25T16:47:11.913669+00:00,0x2A6,00000635FFFFC076
2026-09-25T16:47:11.913939+00:00,0x2A7,FFFFFB28000024EE
2026-09-25T16:47:11.914184+00:00,0x2A9,FFFF949F00000000
2026-09-25T16:47:11.916298+00:00,0x2A1,0100020000000000
2026-09-25T16:47:11.918887+00:00,0x2A5,00000FCEFFFF7C93
2026-09-25T16:47:11.919111+00:00,0x2A6,00000635FFFFC076
2026-09-25T16:47:11.919355+00:00,0x2A7,FFFFFB28000024EE
2026-09-25T16:47:11.919602+00:00,0x2A9,FFFF949F00000000
2026-09-25T16:47:11.921266+00:00,0x2A1,0100020000000000
2026-09-25T16:47:11.922198+00:00,0x2A5,00000FCEFFFF7C93
2026-09-25T16:47:11.922480+00:00,0x2A6,00000635FFFFC076
2026-09-25T16:47:11.922858+00:00,0x2A7,FFFFFB28000024EE
2026-09-25T16:47:11.923012+00:00,0x2A9,FFFF949F00000000
2026-09-25T16:47:11.927466+00:00,0x2A1,0100020000000000
2026-09-25T16:47:11.929571+00:00,0x2A5,00000FCEFFFF7C93
2026-09-25T16:47:11.929862+00:00,0x2A6,00000635FFFFC076
2026-09-25T16:47:11.930025+00:00,0x2A7,FFFFFB28000024EE
2026-09-25T16:47:11.930226+00:00,0x2A9,FFFF949F00000000
2026-09-25T16:47:11.931175+00:00,0x2A1,0100020000000000
2026-09-25T16:47:11.933378+00:00,0x2A5,00000FCEFFFF7C93
2026-09-25T16:47:11.933572+00:00,0x2A6,00000635FFFFC076
2026-09-25T16:47:11.933863+00:00,0x2A7,FFFFFB28000024EE
2026-09-25T16:47:11.934068+00:00,0x2A9,FFFF949F00000000
2026-09-25T16:47:11.936191+00:00,0x2A1,0100020000000000
2026-09-25T16:47:11.938501+00:00,0x2A5,00000FCEFFFF7C93
2026-09-25T16:47:11.938711+00:00,0x2A6,00000635FFFFC076
2026-09-25T16:47:11.938982+00:00,0x2A7,FFFFFB28000024EE
2026-09-25T16:47:11.939183+00:00,0x2A9,FFFF949F00000000
2026-09-25T16:47:11.941264+00:00,0x2A1,0100020000000000
2026-09-25T16:47:11.943424+00:00,0x2A5,00000FCEFFFF7C93
2026-09-25T16:47:11.943669+00:00,0x2A6,00000635FFFFC076
2026-09-25T16:47:11.943888+00:00,0x2A7,FFFFFB28000024EE
2026-09-25T16:47:11.944133+00:00,0x2A9,FFFF949F00000000
2026-09-25T16:47:11.947184+00:00,0x2A1,0100020000000000
2026-09-25T16:47:11.949228+00:00,0x2A5,00000FCEFFFF7C93
2026-09-25T16:47:11.949466+00:00,0x2A6,00000635FFFFC076
2026-09-25T16:47:11.949672+00:00,0x2A7,FFFFFB28000024EE
2026-09-25T16:47:11.949939+00:00,0x2A9,FFFF949F00000000
2026-09-25T16:47:11.951201+00:00,0x2A1,0100020000000000
2026-09-25T16:47:11.953551+00:00,0x2A5,00000FCEFFFF7C93
2026-09-25T16:47:11.953972+00:00,0x2A6,00000635FFFFC076
2026-09-25T16:47:11.954136+00:00,0x2A7,FFFFFB28000024EE
2026-09-25T16:47:11.954378+00:00,0x2A9,FFFF949F00000000
2026-09-25T16:47:11.956189+00:00,0x2A1,0100020000000000
2026-09-25T16:47:11.958501+00:00,0x2A5,00000FCEFFFF7C93
2026-09-25T16:47:11.958755+00:00,0x2A6,00000635FFFFC076
2026-09-25T16:47:11.959005+00:00,0x2A7,FFFFFB28000024EE
2026-09-25T16:47:11.959206+00:00,0x2A9,FFFF949F00000000
2026-09-25T16:47:11.961167+00:00,0x2A1,0100020000000000
2026-09-25T16:47:11.963444+00:00,0x2A5,00000FCEFFFF7C93
2026-09-25T16:47:11.963689+00:00,0x2A6,00000635FFFFC076
2026-09-25T16:47:11.964682+00:00,0x2A7,FFFFFB28000024EE
2026-09-25T16:47:11.964946+00:00,0x2A9,FFFF949F00000000
2026-09-25T16:47:11.968026+00:00,0x2A1,0100020000000000
2026-09-25T16:47:11.970550+00:00,0x2A5,00000FCEFFFF7C93
2026-09-25T16:47:11.970755+00:00,0x2A6,00000635FFFFC076
2026-09-25T16:47:11.971068+00:00,0x2A7,FFFFFB28000024EE
2026-09-25T16:47:11.971312+00:00,0x2A9,FFFF949F00000000
2026-09-25T16:47:11.972523+00:00,0x2A1,0100020000000000
2026-09-25T16:47:11.974688+00:00,0x2A5,00000FCEFFFF7C93
2026-09-25T16:47:11.974983+00:00,0x2A6,00000635FFFFC076
2026-09-25T16:47:11.975227+00:00,0x2A7,FFFFFB28000024EE
2026-09-25T16:47:11.975424+00:00,0x2A9,FFFF949F00000000
2026-09-25T16:47:11.976266+00:00,0x2A1,0100020000000000
2026-09-25T16:47:11.978378+00:00,0x2A5,00000FCEFFFF7C93
2026-09-25T16:47:11.978572+00:00,0x2A6,00000635FFFFC076
2026-09-25T16:47:11.978884+00:00,0x2A7,FFFFFB28000024EE
2026-09-25T16:47:11.979091+00:00,0x2A9,FFFF949F00000000
2026-09-25T16:47:11.981210+00:00,0x2A1,0100020000000000
2026-09-25T16:47:11.983551+00:00,0x2A5,00000FCEFFFF7C93
2026-09-25T16:47:11.983864+00:00,0x2A6,00000635FFFFC076
2026-09-25T16:47:11.984026+00:00,0x2A7,FFFFFB28000024EE
2026-09-25T16:47:11.984227+00:00,0x2A9,FFFF949F00000000
2026-09-25T16:47:11.987421+00:00,0x2A1,0100020000000000
2026-09-25T16:47:11.989489+00:00,0x2A5,00000FCEFFFF7C93
2026-09-25T16:47:11.989689+00:00,0x2A6,00000635FFFFC076
2026-09-25T16:47:11.989908+00:00,0x2A7,FFFFFB28000024EE
2026-09-25T16:47:11.990155+00:00,0x2A9,FFFF949F00000000
2026-09-25T16:47:11.991205+00:00,0x2A1,0100020000000000
2026-09-25T16:47:11.993498+00:00,0x2A5,00000FCEFFFF7C93
2026-09-25T16:47:11.993754+00:00,0x2A6,00000635FFFFC076
2026-09-25T16:47:11.993970+00:00,0x2A7,FFFFFB28000024EE
2026-09-25T16:47:11.994206+00:00,0x2A9,FFFF949F00000000
2026-09-25T16:47:11.996210+00:00,0x2A1,0100020000000000
2026-09-25T16:47:11.998467+00:00,0x2A5,00000FCEFFFF7C93
2026-09-25T16:47:11.998712+00:00,0x2A6,00000635FFFFC076
2026-09-25T16:47:11.998978+00:00,0x2A7,FFFFFB28000024EE
2026-09-25T16:47:11.999158+00:00,0x2A9,FFFF949F00000000
2026-09-25T16:47:12.001169+00:00,0x2A1,0100020000000000
2026-09-25T16:47:12.003249+00:00,0x2A5,00000FCEFFFF7C93
2026-09-25T16:47:12.003489+00:00,0x2A6,00000635FFFFC076
2026-09-25T16:47:12.003689+00:00,0x2A7,FFFFFB28000024EE
2026-09-25T16:47:12.003939+00:00,0x2A9,FFFF949F00000000
2026-09-25T16:47:12.006511+00:00,0x2A1,0100020000000000
2026-09-25T16:47:12.009689+00:00,0x2A5,00000FCEFFFF7C93
2026-09-25T16:47:12.010136+00:00,0x2A6,00000635FFFFC076
2026-09-25T16:47:12.010378+00:00,0x2A7,FFFFFB28000024EE
2026-09-25T16:47:12.010572+00:00,0x2A9,FFFF949F00000000
2026-09-25T16:47:12.011501+00:00,0x2A1,0100020000000000
2026-09-25T16:47:12.013594+00:00,0x2A5,00000FCEFFFF7C93
2026-09-25T16:47:12.013865+00:00,0x2A6,00000635FFFFC076
2026-09-25T16:47:12.014069+00:00,0x2A7,FFFFFB28000024EE
2026-09-25T16:47:12.014272+00:00,0x2A9,FFFF949F00000000
2026-09-25T16:47:12.016210+00:00,0x2A1,0100020000000000
2026-09-25T16:47:12.018960+00:00,0x2A5,00000FCEFFFF7C93
2026-09-25T16:47:12.019190+00:00,0x2A6,00000635FFFFC076
2026-09-25T16:47:12.019477+00:00,0x2A7,FFFFFB28000024EE
2026-09-25T16:47:12.019717+00:00,0x2A9,FFFF949F00000000
2026-09-25T16:47:12.021284+00:00,0x2A1,0100020000000000
2026-09-25T16:47:12.023007+00:00,0x2A5,00000FCEFFFF7C93
2026-09-25T16:47:12.023226+00:00,0x2A6,00000635FFFFC076
2026-09-25T16:47:12.023466+00:00,0x2A7,FFFFFB28000024EE
2026-09-25T16:47:12.023710+00:00,0x2A9,FFFF949F00000000
2026-09-25T16:47:12.028047+00:00,0x2A1,0100020000000000
2026-09-25T16:47:12.030446+00:00,0x2A5,00000FCEFFFF7C93
2026-09-25T16:47:12.030623+00:00,0x2A6,00000635FFFFC076
2026-09-25T16:47:12.030964+00:00,0x2A7,FFFFFB28000024EE
2026-09-25T16:47:12.031136+00:00,0x2A9,FFFF949F00000000
2026-09-25T16:47:12.032205+00:00,0x2A1,0100020000000000
2026-09-25T16:47:12.034271+00:00,0x2A5,00000FCEFFFF7C93
2026-09-25T16:47:12.034467+00:00,0x2A6,00000635FFFFC076
2026-09-25T16:47:12.034712+00:00,0x2A7,FFFFFB28000024EE
2026-09-25T16:47:12.034966+00:00,0x2A9,FFFF949F00000000
2026-09-25T16:47:12.036245+00:00,0x2A1,0100020000000000
2026-09-25T16:47:12.038378+00:00,0x2A5,00000FCEFFFF7C93
2026-09-25T16:47:12.038572+00:00,0x2A6,00000635FFFFC076
2026-09-25T16:47:12.038862+00:00,0x2A7,FFFFFB28000024EE
2026-09-25T16:47:12.039025+00:00,0x2A9,FFFF949F00000000
2026-09-25T16:47:12.041167+00:00,0x2A1,0100020000000000
2026-09-25T16:47:12.043313+00:00,0x2A5,00000FCEFFFF7C93
2026-09-25T16:47:12.043510+00:00,0x2A6,00000635FFFFC076
2026-09-25T16:47:12.043755+00:00,0x2A7,FFFFFB28000024EE
2026-09-25T16:47:12.044005+00:00,0x2A9,FFFF949F00000000
2026-09-25T16:47:12.047669+00:00,0x2A1,0100020000000000
2026-09-25T16:47:12.050357+00:00,0x2A5,00000FCEFFFF7C93
2026-09-25T16:47:12.050551+00:00,0x2A6,00000635FFFFC076
2026-09-25T16:47:12.050886+00:00,0x2A7,FFFFFB28000024EE
2026-09-25T16:47:12.051048+00:00,0x2A9,FFFF949F00000000
2026-09-25T16:47:12.051292+00:00,0x2A1,0100020000000000
2026-09-25T16:47:12.053489+00:00,0x2A5,00000FCEFFFF7C93
2026-09-25T16:47:12.053732+00:00,0x2A6,00000635FFFFC076
2026-09-25T16:47:12.053939+00:00,0x2A7,FFFFFB28000024EE
2026-09-25T16:47:12.054184+00:00,0x2A9,FFFF949F00000000
2026-09-25T16:47:12.056168+00:00,0x2A1,0100020000000000
2026-09-25T16:47:12.058249+00:00,0x2A5,00000FCEFFFF7C93
2026-09-25T16:47:12.058490+00:00,0x2A6,00000635FFFFC076
2026-09-25T16:47:12.058689+00:00,0x2A7,FFFFFB28000024EE
2026-09-25T16:47:12.058908+00:00,0x2A9,FFFF949F00000000
2026-09-25T16:47:12.061155+00:00,0x2A1,0100020000000000
2026-09-25T16:47:12.063424+00:00,0x2A5,00000FCEFFFF7C93
2026-09-25T16:47:12.063626+00:00,0x2A6,00000635FFFFC076
2026-09-25T16:47:12.063866+00:00,0x2A7,FFFFFB28000024EE
2026-09-25T16:47:12.064069+00:00,0x2A9,FFFF949F00000000
2026-09-25T16:47:12.067886+00:00,0x2A1,0100020000000000
2026-09-25T16:47:12.069864+00:00,0x2A5,00000FCEFFFF7C93
2026-09-25T16:47:12.070068+00:00,0x2A6,00000635FFFFC076
2026-09-25T16:47:12.070269+00:00,0x2A7,FFFFFB28000024EE
2026-09-25T16:47:12.070501+00:00,0x2A9,FFFF949F00000000
2026-09-25T16:47:12.072356+00:00,0x2A1,0100020000000000
2026-09-25T16:47:12.075377+00:00,0x2A5,00000FCEFFFF7C93
2026-09-25T16:47:12.075667+00:00,0x2A6,00000635FFFFC076
2026-09-25T16:47:12.075962+00:00,0x2A7,FFFFFB28000024EE
2026-09-25T16:47:12.076248+00:00,0x2A9,FFFF949F00000000
2026-09-25T16:47:12.076524+00:00,0x2A1,0100020000000000
2026-09-25T16:47:12.077232+00:00,0x2A5,00000FCEFFFF7C93
2026-09-25T16:47:12.080468+00:00,0x2A6,00000635FFFFC076
2026-09-25T16:47:12.080669+00:00,0x2A7,FFFFFB28000024EE
2026-09-25T16:47:12.080973+00:00,0x2A9,FFFF949F00000000
2026-09-25T16:47:12.081421+00:00,0x2A1,0100020000000000
2026-09-25T16:47:12.084249+00:00,0x2A5,00000FCEFFFF7C93
2026-09-25T16:47:12.084489+00:00,0x2A6,00000635FFFFC076
2026-09-25T16:47:12.084689+00:00,0x2A7,FFFFFB28000024EE
2026-09-25T16:47:12.084908+00:00,0x2A9,FFFF949F00000000
2026-09-25T16:47:12.086230+00:00,0x2A1,0100020000000000
2026-09-25T16:47:12.090886+00:00,0x2A5,00000FCEFFFF7C93
2026-09-25T16:47:12.091048+00:00,0x2A6,00000635FFFFC076
2026-09-25T16:47:12.091292+00:00,0x2A7,FFFFFB28000024EE
2026-09-25T16:47:12.091524+00:00,0x2A9,FFFF949F00000000
2026-09-25T16:47:12.091882+00:00,0x2A1,0100020000000000
2026-09-25T16:47:12.093885+00:00,0x2A5,00000FCEFFFF7C93
2026-09-25T16:47:12.094090+00:00,0x2A6,00000635FFFFC076
2026-09-25T16:47:12.094334+00:00,0x2A7,FFFFFB28000024EE
2026-09-25T16:47:12.094580+00:00,0x2A9,FFFF949F00000000
2026-09-25T16:47:12.096198+00:00,0x2A1,0100020000000000
2026-09-25T16:47:12.098551+00:00,0x2A5,00000FCEFFFF7C93
2026-09-25T16:47:12.098756+00:00,0x2A6,00000635FFFFC076
2026-09-25T16:47:12.099005+00:00,0x2A7,FFFFFB28000024EE
2026-09-25T16:47:12.099206+00:00,0x2A9,FFFF949F00000000
2026-09-25T16:47:12.101168+00:00,0x2A1,0100020000000000
2026-09-25T16:47:12.103424+00:00,0x2A5,00000FCEFFFF7C93
2026-09-25T16:47:12.103626+00:00,0x2A6,00000635FFFFC076
2026-09-25T16:47:12.103866+00:00,0x2A7,FFFFFB28000024EE
2026-09-25T16:47:12.104069+00:00,0x2A9,FFFF949F00000000
2026-09-25T16:47:12.106407+00:00,0x2A1,0100020000000000
2026-09-25T16:47:12.109909+00:00,0x2A5,00000FCEFFFF7C93
2026-09-25T16:47:12.110885+00:00,0x2A6,00000635FFFFC076
2026-09-25T16:47:12.111048+00:00,0x2A7,FFFFFB28000024EE
2026-09-25T16:47:12.111292+00:00,0x2A9,FFFF949F00000000
2026-09-25T16:47:12.111524+00:00,0x2A1,0100020000000000
2026-09-25T16:47:12.113559+00:00,0x2A5,00000FCEFFFF7C93
2026-09-25T16:47:12.113864+00:00,0x2A6,00000635FFFFC076
2026-09-25T16:47:12.114027+00:00,0x2A7,FFFFFB28000024EE
2026-09-25T16:47:12.114270+00:00,0x2A9,FFFF949F00000000
2026-09-25T16:47:12.116168+00:00,0x2A1,0100020000000000
2026-09-25T16:47:12.118318+00:00,0x2A5,00000FCEFFFF7C93
2026-09-25T16:47:12.118504+00:00,0x2A6,00000635FFFFC076
2026-09-25T16:47:12.118756+00:00,0x2A7,FFFFFB28000024EE
2026-09-25T16:47:12.118984+00:00,0x2A9,FFFF949F00000000
2026-09-25T16:47:12.121168+00:00,0x2A1,0100020000000000
2026-09-25T16:47:12.123445+00:00,0x2A5,00000FCEFFFF7C93
2026-09-25T16:47:12.123647+00:00,0x2A6,00000635FFFFC076
2026-09-25T16:47:12.123962+00:00,0x2A7,FFFFFB28000024EE
2026-09-25T16:47:12.124206+00:00,0x2A9,FFFF949F00000000
2026-09-25T16:47:12.126253+00:00,0x2A1,0100020000000000
2026-09-25T16:47:12.129669+00:00,0x2A5,00000FCEFFFF7C93
2026-09-25T16:47:12.129971+00:00,0x2A6,00000635FFFFC076
2026-09-25T16:47:12.130206+00:00,0x2A7,FFFFFB28000024EE
2026-09-25T16:47:12.130446+00:00,0x2A9,FFFF949F00000000
2026-09-25T16:47:12.132573+00:00,0x2A1,0100020000000000
2026-09-25T16:47:12.134967+00:00,0x2A5,00000FCEFFFF7C93
2026-09-25T16:47:12.135207+00:00,0x2A6,00000635FFFFC076
2026-09-25T16:47:12.135447+00:00,0x2A7,FFFFFB28000024EE
2026-09-25T16:47:12.135691+00:00,0x2A9,FFFF949F00000000
2026-09-25T16:47:12.136223+00:00,0x2A1,0100020000000000
2026-09-25T16:47:12.138712+00:00,0x2A5,00000FCEFFFF7C93
2026-09-25T16:47:12.138939+00:00,0x2A6,00000635FFFFC076
2026-09-25T16:47:12.139135+00:00,0x2A7,FFFFFB28000024EE
2026-09-25T16:47:12.139378+00:00,0x2A9,FFFF949F00000000
2026-09-25T16:47:12.141166+00:00,0x2A1,0100020000000000
2026-09-25T16:47:12.143312+00:00,0x2A5,00000FCEFFFF7C93
2026-09-25T16:47:12.143550+00:00,0x2A6,00000635FFFFC076
2026-09-25T16:47:12.143755+00:00,0x2A7,FFFFFB28000024EE
2026-09-25T16:47:12.143975+00:00,0x2A9,FFFF949F00000000
2026-09-25T16:47:12.148380+00:00,0x2A1,0100020000000000
2026-09-25T16:47:12.150733+00:00,0x2A5,00000FCEFFFF7C93
2026-09-25T16:47:12.150940+00:00,0x2A6,00000635FFFFC076
2026-09-25T16:47:12.151186+00:00,0x2A7,FFFFFB28000024EE
2026-09-25T16:47:12.151426+00:00,0x2A9,FFFF949F00000000
2026-09-25T16:47:12.151670+00:00,0x2A1,0100020000000000
2026-09-25T16:47:12.153646+00:00,0x2A5,00000FCEFFFF7C93
2026-09-25T16:47:12.153908+00:00,0x2A6,00000635FFFFC076
2026-09-25T16:47:12.154112+00:00,0x2A7,FFFFFB28000024EE
2026-09-25T16:47:12.154313+00:00,0x2A9,FFFF949F00000000
2026-09-25T16:47:12.156167+00:00,0x2A1,0100020000000000
2026-09-25T16:47:12.158446+00:00,0x2A5,00000FCEFFFF7C93
2026-09-25T16:47:12.158647+00:00,0x2A6,00000635FFFFC076
2026-09-25T16:47:12.158887+00:00,0x2A7,FFFFFB28000024EE
2026-09-25T16:47:12.159091+00:00,0x2A9,FFFF949F00000000
2026-09-25T16:47:12.161211+00:00,0x2A1,0100020000000000
2026-09-25T16:47:12.163293+00:00,0x2A5,00000FCEFFFF7C93
2026-09-25T16:47:12.163490+00:00,0x2A6,00000635FFFFC076
2026-09-25T16:47:12.163733+00:00,0x2A7,FFFFFB28000024EE
2026-09-25T16:47:12.163972+00:00,0x2A9,FFFF949F00000000
2026-09-25T16:47:12.166717+00:00,0x2A1,0100020000000000
2026-09-25T16:47:12.170027+00:00,0x2A5,00000FCEFFFF7C93
2026-09-25T16:47:12.170227+00:00,0x2A6,00000635FFFFC076
2026-09-25T16:47:12.170467+00:00,0x2A7,FFFFFB28000024EE
2026-09-25T16:47:12.170669+00:00,0x2A9,FFFF949F00000000
2026-09-25T16:47:12.171732+00:00,0x2A1,0100020000000000
2026-09-25T16:47:12.173887+00:00,0x2A5,00000FCEFFFF7C93
2026-09-25T16:47:12.174092+00:00,0x2A6,00000635FFFFC076
2026-09-25T16:47:12.174293+00:00,0x2A7,FFFFFB28000024EE
2026-09-25T16:47:12.174524+00:00,0x2A9,FFFF949F00000000
2026-09-25T16:47:12.176168+00:00,0x2A1,0100020000000000
2026-09-25T16:47:12.178490+00:00,0x2A5,00000FCEFFFF7C93
2026-09-25T16:47:12.178733+00:00,0x2A6,00000635FFFFC076
2026-09-25T16:47:12.179028+00:00,0x2A7,FFFFFB28000024EE
2026-09-25T16:47:12.179228+00:00,0x2A9,FFFF949F00000000
2026-09-25T16:47:12.181253+00:00,0x2A1,0100020000000000
2026-09-25T16:47:12.183199+00:00,0x2A5,00000FCEFFFF7C93
2026-09-25T16:47:12.183443+00:00,0x2A6,00000635FFFFC076
2026-09-25T16:47:12.183693+00:00,0x2A7,FFFFFB28000024EE
2026-09-25T16:47:12.183971+00:00,0x2A9,FFFF949F00000000
2026-09-25T16:47:12.186331+00:00,0x2A1,0100020000000000
2026-09-25T16:47:12.189887+00:00,0x2A5,00000FCEFFFF7C93
2026-09-25T16:47:12.190134+00:00,0x2A6,00000635FFFFC076
2026-09-25T16:47:12.190379+00:00,0x2A7,FFFFFB28000024EE
2026-09-25T16:47:12.190668+00:00,0x2A9,FFFF949F00000000
2026-09-25T16:47:12.192647+00:00,0x2A1,0100020000000000
2026-09-25T16:47:12.194647+00:00,0x2A5,00000FCEFFFF7C93
2026-09-25T16:47:12.194909+00:00,0x2A6,00000635FFFFC076
2026-09-25T16:47:12.195156+00:00,0x2A7,FFFFFB28000024EE
2026-09-25T16:47:12.195358+00:00,0x2A9,FFFF949F00000000
2026-09-25T16:47:12.196211+00:00,0x2A1,0100020000000000
2026-09-25T16:47:12.198407+00:00,0x2A5,00000FCEFFFF7C93
2026-09-25T16:47:12.198647+00:00,0x2A6,00000635FFFFC076
2026-09-25T16:47:12.198887+00:00,0x2A7,FFFFFB28000024EE
2026-09-25T16:47:12.199092+00:00,0x2A9,FFFF949F00000000
2026-09-25T16:47:12.201194+00:00,0x2A1,0100020000000000
2026-09-25T16:47:12.203525+00:00,0x2A5,00000FCEFFFF7C93
2026-09-25T16:47:12.203733+00:00,0x2A6,00000635FFFFC076
2026-09-25T16:47:12.203964+00:00,0x2A7,FFFFFB28000024EE
2026-09-25T16:47:12.204159+00:00,0x2A9,FFFF949F00000000
2026-09-25T16:47:12.206509+00:00,0x2A1,0100020000000000
2026-09-25T16:47:12.209296+00:00,0x2A5,00000FCEFFFF7C93
2026-09-25T16:47:12.209490+00:00,0x2A6,00000635FFFFC076
2026-09-25T16:47:12.209733+00:00,0x2A7,FFFFFB28000024EE
2026-09-25T16:47:12.209964+00:00,0x2A9,FFFF949F00000000
2026-09-25T16:47:12.211733+00:00,0x2A1,0100020000000000
2026-09-25T16:47:12.213713+00:00,0x2A5,00000FCEFFFF7C93
2026-09-25T16:47:12.213964+00:00,0x2A6,00000635FFFFC076
2026-09-25T16:47:12.214159+00:00,0x2A7,FFFFFB28000024EE
2026-09-25T16:47:12.214358+00:00,0x2A9,FFFF949F00000000
2026-09-25T16:47:12.216168+00:00,0x2A1,0100020000000000
2026-09-25T16:47:12.218272+00:00,0x2A5,00000FCEFFFF7C93
2026-09-25T16:47:12.218504+00:00,0x2A6,00000635FFFFC076
2026-09-25T16:47:12.218715+00:00,0x2A7,FFFFFB28000024EE
2026-09-25T16:47:12.218944+00:00,0x2A9,FFFF949F00000000
2026-09-25T16:47:12.221170+00:00,0x2A1,0100020000000000
2026-09-25T16:47:12.223207+00:00,0x2A5,00000FCEFFFF7C93
2026-09-25T16:47:12.223447+00:00,0x2A6,00000635FFFFC076
2026-09-25T16:47:12.223647+00:00,0x2A7,FFFFFB28000024EE
2026-09-25T16:47:12.223887+00:00,0x2A9,FFFF949F00000000
2026-09-25T16:47:12.226207+00:00,0x2A1,0100020000000000
2026-09-25T16:47:12.229114+00:00,0x2A5,00000FCEFFFF7C93
2026-09-25T16:47:12.229315+00:00,0x2A6,00000635FFFFC076
2026-09-25T16:47:12.229553+00:00,0x2A7,FFFFFB28000024EE
2026-09-25T16:47:12.229758+00:00,0x2A9,FFFF949F00000000
2026-09-25T16:47:12.231604+00:00,0x2A1,0100020000000000
2026-09-25T16:47:12.233956+00:00,0x2A5,00000FCEFFFF7C93
2026-09-25T16:47:12.234157+00:00,0x2A6,00000635FFFFC076
2026-09-25T16:47:12.234359+00:00,0x2A7,FFFFFB28000024EE
2026-09-25T16:47:12.234648+00:00,0x2A9,FFFF949F00000000
2026-09-25T16:47:12.236297+00:00,0x2A1,0100020000000000
2026-09-25T16:47:12.237276+00:00,0x2A5,00000FCEFFFF7C93
2026-09-25T16:47:12.237512+00:00,0x2A6,00000635FFFFC076
2026-09-25T16:47:12.237867+00:00,0x2A7,FFFFFB28000024EE
2026-09-25T16:47:12.238028+00:00,0x2A9,FFFF949F00000000
2026-09-25T16:47:12.241243+00:00,0x2A1,0100020000000000
2026-09-25T16:47:12.243989+00:00,0x2A5,00000FCEFFFF7C93
2026-09-25T16:47:12.244206+00:00,0x2A6,00000635FFFFC076
2026-09-25T16:47:12.244446+00:00,0x2A7,FFFFFB28000024EE
2026-09-25T16:47:12.244646+00:00,0x2A9,FFFF949F00000000
2026-09-25T16:47:12.246198+00:00,0x2A1,0100020000000000
2026-09-25T16:47:12.249185+00:00,0x2A5,00000FCEFFFF7C93
2026-09-25T16:47:12.249424+00:00,0x2A6,00000635FFFFC076
2026-09-25T16:47:12.249627+00:00,0x2A7,FFFFFB28000024EE
2026-09-25T16:47:12.249867+00:00,0x2A9,FFFF949F00000000
2026-09-25T16:47:12.251646+00:00,0x2A1,0100020000000000
2026-09-25T16:47:12.253646+00:00,0x2A5,00000FCEFFFF7C93
2026-09-25T16:47:12.253886+00:00,0x2A6,00000635FFFFC076
2026-09-25T16:47:12.254090+00:00,0x2A7,FFFFFB28000024EE
2026-09-25T16:47:12.254335+00:00,0x2A9,FFFF94A300000000
2026-09-25T16:47:12.256189+00:00,0x2A1,0100020000000000
2026-09-25T16:47:12.258402+00:00,0x2A5,00000FCEFFFF7C93
2026-09-25T16:47:12.258594+00:00,0x2A6,00000635FFFFC076
2026-09-25T16:47:12.258885+00:00,0x2A7,FFFFFB28000024EE
2026-09-25T16:47:12.259048+00:00,0x2A9,FFFF94A300000000
2026-09-25T16:47:12.261189+00:00,0x2A1,0100020000000000
2026-09-25T16:47:12.263378+00:00,0x2A5,00000FCEFFFF7C93
2026-09-25T16:47:12.263572+00:00,0x2A6,00000635FFFFC076
2026-09-25T16:47:12.263885+00:00,0x2A7,FFFFFB28000024EE
2026-09-25T16:47:12.264048+00:00,0x2A9,FFFF94A300000000
2026-09-25T16:47:12.266222+00:00,0x2A1,0100020000000000
2026-09-25T16:47:12.268863+00:00,0x2A5,00000FCEFFFF7C93
2026-09-25T16:47:12.269277+00:00,0x2A6,00000635FFFFC076
2026-09-25T16:47:12.269486+00:00,0x2A7,FFFFFB28000024EE
2026-09-25T16:47:12.269920+00:00,0x2A9,FFFF94A300000000
2026-09-25T16:47:12.271890+00:00,0x2A1,0100020000000000
2026-09-25T16:47:12.273927+00:00,0x2A5,00000FCEFFFF7C93
2026-09-25T16:47:12.274083+00:00,0x2A6,00000635FFFFC076
2026-09-25T16:47:12.274334+00:00,0x2A7,FFFFFB28000024EE
2026-09-25T16:47:12.274467+00:00,0x2A9,FFFF94A300000000
2026-09-25T16:47:12.276198+00:00,0x2A1,0100020000000000
2026-09-25T16:47:12.278467+00:00,0x2A5,00000FCEFFFF7C93
2026-09-25T16:47:12.278669+00:00,0x2A6,00000635FFFFC076
2026-09-25T16:47:12.278888+00:00,0x2A7,FFFFFB28000024EE
2026-09-25T16:47:12.279133+00:00,0x2A9,FFFF94A300000000
2026-09-25T16:47:12.281230+00:00,0x2A1,0100020000000000
2026-09-25T16:47:12.283572+00:00,0x2A5,00000FCEFFFF7C93
2026-09-25T16:47:12.283864+00:00,0x2A6,00000635FFFFC076
2026-09-25T16:47:12.283983+00:00,0x2A7,FFFFFB28000024EE
2026-09-25T16:47:12.284227+00:00,0x2A9,FFFF94A300000000
2026-09-25T16:47:12.286304+00:00,0x2A1,0100020000000000
2026-09-25T16:47:12.287503+00:00,0x2A5,00000FCEFFFF7C93
2026-09-25T16:47:12.287910+00:00,0x2A6,00000635FFFFC076
2026-09-25T16:47:12.288135+00:00,0x2A7,FFFFFB28000024EE
2026-09-25T16:47:12.288386+00:00,0x2A9,FFFF94A300000000
2026-09-25T16:47:12.293380+00:00,0x2A1,0100020000000000
2026-09-25T16:47:12.295783+00:00,0x2A5,00000FCEFFFF7C93
2026-09-25T16:47:12.296136+00:00,0x2A6,00000635FFFFC076
2026-09-25T16:47:12.296380+00:00,0x2A7,FFFFFB28000024EE
2026-09-25T16:47:12.296736+00:00,0x2A9,FFFF94A300000000
2026-09-25T16:47:12.296984+00:00,0x2A1,0100020000000000
2026-09-25T16:47:12.298985+00:00,0x2A5,00000FCEFFFF7C93
2026-09-25T16:47:12.299186+00:00,0x2A6,00000635FFFFC076
2026-09-25T16:47:12.299469+00:00,0x2A7,FFFFFB28000024EE
2026-09-25T16:47:12.299757+00:00,0x2A9,FFFF94A300000000
2026-09-25T16:47:12.301295+00:00,0x2A1,0100020000000000
2026-09-25T16:47:12.303893+00:00,0x2A5,00000FCEFFFF7C93
2026-09-25T16:47:12.304007+00:00,0x2A6,00000635FFFFC076
2026-09-25T16:47:12.304251+00:00,0x2A7,FFFFFB28000024EE
2026-09-25T16:47:12.304449+00:00,0x2A9,FFFF94A300000000
2026-09-25T16:47:12.306262+00:00,0x2A1,0100020000000000
2026-09-25T16:47:12.309092+00:00,0x2A5,00000FCEFFFF7C93
2026-09-25T16:47:12.309337+00:00,0x2A6,00000635FFFFC076
2026-09-25T16:47:12.309574+00:00,0x2A7,FFFFFB28000024EE
2026-09-25T16:47:12.309865+00:00,0x2A9,FFFF94A300000000
2026-09-25T16:47:12.312714+00:00,0x2A1,0100020000000000
2026-09-25T16:47:12.314512+00:00,0x2A5,00000FCEFFFF7C93
2026-09-25T16:47:12.314757+00:00,0x2A6,00000635FFFFC076
2026-09-25T16:47:12.314965+00:00,0x2A7,FFFFFB28000024EE
2026-09-25T16:47:12.315207+00:00,0x2A9,FFFF94A300000000
2026-09-25T16:47:12.316191+00:00,0x2A1,0100020000000000
2026-09-25T16:47:12.318491+00:00,0x2A5,00000FCEFFFF7C93
2026-09-25T16:47:12.318734+00:00,0x2A6,00000635FFFFC076
2026-09-25T16:47:12.318942+00:00,0x2A7,FFFFFB28000024EE
2026-09-25T16:47:12.319186+00:00,0x2A9,FFFF94A300000000
2026-09-25T16:47:12.321169+00:00,0x2A1,0100020000000000
2026-09-25T16:47:12.323426+00:00,0x2A5,00000FCEFFFF7C93
2026-09-25T16:47:12.323628+00:00,0x2A6,00000635FFFFC076
2026-09-25T16:47:12.323868+00:00,0x2A7,FFFFFB28000024EE
2026-09-25T16:47:12.324071+00:00,0x2A9,FFFF94A300000000
2026-09-25T16:47:12.326169+00:00,0x2A1,0100020000000000
2026-09-25T16:47:12.328714+00:00,0x2A5,00000FCEFFFF7C93
2026-09-25T16:47:12.328942+00:00,0x2A6,00000635FFFFC076
2026-09-25T16:47:12.329138+00:00,0x2A7,FFFFFB28000024EE
2026-09-25T16:47:12.329381+00:00,0x2A9,FFFF94A300000000
2026-09-25T16:47:12.331889+00:00,0x2A1,0100020000000000
2026-09-25T16:47:12.333876+00:00,0x2A5,00000FCEFFFF7C93
2026-09-25T16:47:12.334029+00:00,0x2A6,00000635FFFFC076
2026-09-25T16:47:12.334272+00:00,0x2A7,FFFFFB28000024EE
2026-09-25T16:47:12.334470+00:00,0x2A9,FFFF94A300000000
2026-09-25T16:47:12.336220+00:00,0x2A1,0100020000000000
2026-09-25T16:47:12.338426+00:00,0x2A5,00000FCEFFFF7C93
2026-09-25T16:47:12.338671+00:00,0x2A6,00000635FFFFC076
2026-09-25T16:47:12.338911+00:00,0x2A7,FFFFFB28000024EE
2026-09-25T16:47:12.339114+00:00,0x2A9,FFFF94A300000000
2026-09-25T16:47:12.341169+00:00,0x2A1,0100020000000000
2026-09-25T16:47:12.343505+00:00,0x2A5,00000FCEFFFF7C93
2026-09-25T16:47:12.343757+00:00,0x2A6,00000635FFFFC076
2026-09-25T16:47:12.344028+00:00,0x2A7,FFFFFB28000024EE
2026-09-25T16:47:12.344315+00:00,0x2A9,FFFF94A300000000
2026-09-25T16:47:12.346304+00:00,0x2A1,0100020000000000
2026-09-25T16:47:12.349028+00:00,0x2A5,00000FCEFFFF7C93
2026-09-25T16:47:12.349273+00:00,0x2A6,00000635FFFFC076
2026-09-25T16:47:12.349513+00:00,0x2A7,FFFFFB28000024EE
2026-09-25T16:47:12.349715+00:00,0x2A9,FFFF94A300000000
2026-09-25T16:47:12.352605+00:00,0x2A1,0100020000000000
2026-09-25T16:47:12.354985+00:00,0x2A5,00000FCEFFFF7C93
2026-09-25T16:47:12.355187+00:00,0x2A6,00000635FFFFC076
2026-09-25T16:47:12.355470+00:00,0x2A7,FFFFFB28000024EE
2026-09-25T16:47:12.355671+00:00,0x2A9,FFFF94A300000000
2026-09-25T16:47:12.356205+00:00,0x2A1,0100020000000000
2026-09-25T16:47:12.358512+00:00,0x2A5,00000FCEFFFF7C93
2026-09-25T16:47:12.358714+00:00,0x2A6,00000635FFFFC076
2026-09-25T16:47:12.358985+00:00,0x2A7,FFFFFB28000024EE
2026-09-25T16:47:12.359186+00:00,0x2A9,FFFF94A300000000
2026-09-25T16:47:12.361226+00:00,0x2A1,0100020000000000
2026-09-25T16:47:12.363384+00:00,0x2A5,00000FCEFFFF7C93
2026-09-25T16:47:12.363631+00:00,0x2A6,00000635FFFFC076
2026-09-25T16:47:12.363898+00:00,0x2A7,FFFFFB28000024EE
2026-09-25T16:47:12.364094+00:00,0x2A9,FFFF94A300000000
2026-09-25T16:47:12.366216+00:00,0x2A1,0100020000000000
2026-09-25T16:47:12.369868+00:00,0x2A5,00000FCEFFFF7C93
2026-09-25T16:47:12.370114+00:00,0x2A6,00000635FFFFC076
2026-09-25T16:47:12.370315+00:00,0x2A7,FFFFFB28000024EE
2026-09-25T16:47:12.370553+00:00,0x2A9,FFFF94A300000000
2026-09-25T16:47:12.372427+00:00,0x2A1,0100020000000000
2026-09-25T16:47:12.374470+00:00,0x2A5,00000FCEFFFF7C93
2026-09-25T16:47:12.374715+00:00,0x2A6,00000635FFFFC076
2026-09-25T16:47:12.374942+00:00,0x2A7,FFFFFB28000024EE
2026-09-25T16:47:12.375139+00:00,0x2A9,FFFF94A300000000
2026-09-25T16:47:12.376675+00:00,0x2A1,0100020000000000
2026-09-25T16:47:12.378629+00:00,0x2A5,00000FCEFFFF7C93
2026-09-25T16:47:12.378869+00:00,0x2A6,00000635FFFFC076
2026-09-25T16:47:12.379072+00:00,0x2A7,FFFFFB28000024EE
2026-09-25T16:47:12.379316+00:00,0x2A9,FFFF94A300000000
2026-09-25T16:47:12.381198+00:00,0x2A1,0100020000000000
2026-09-25T16:47:12.383273+00:00,0x2A5,00000FCEFFFF7C93
2026-09-25T16:47:12.383494+00:00,0x2A6,00000635FFFFC076
2026-09-25T16:47:12.383715+00:00,0x2A7,FFFFFB28000024EE
2026-09-25T16:47:12.383891+00:00,0x2A9,FFFF94A300000000
2026-09-25T16:47:12.386182+00:00,0x2A1,0100020000000000
2026-09-25T16:47:12.389888+00:00,0x2A5,00000FCEFFFF7C93
2026-09-25T16:47:12.389986+00:00,0x2A6,0000062FFFFFC076
2026-09-25T16:47:12.390230+00:00,0x2A7,FFFFFB28000024EE
2026-09-25T16:47:12.390470+00:00,0x2A9,FFFF94A300000000
2026-09-25T16:47:12.392440+00:00,0x2A1,0100020000000000
2026-09-25T16:47:12.394469+00:00,0x2A5,00000FCEFFFF7C93
2026-09-25T16:47:12.394672+00:00,0x2A6,0000062FFFFFC076
2026-09-25T16:47:12.394942+00:00,0x2A7,FFFFFB28000024EE
2026-09-25T16:47:12.395139+00:00,0x2A9,FFFF94A300000000
2026-09-25T16:47:12.396239+00:00,0x2A1,0100020000000000
2026-09-25T16:47:12.398891+00:00,0x2A5,00000FCEFFFF7C93
2026-09-25T16:47:12.399115+00:00,0x2A6,0000062FFFFFC076
2026-09-25T16:47:12.399316+00:00,0x2A7,FFFFFB28000024EE
2026-09-25T16:47:12.399606+00:00,0x2A9,FFFF94A300000000
2026-09-25T16:47:12.401334+00:00,0x2A1,0100020000000000
2026-09-25T16:47:12.403949+00:00,0x2A5,00000FCEFFFF7C93
2026-09-25T16:47:12.404187+00:00,0x2A6,0000062FFFFFC076
2026-09-25T16:47:12.404469+00:00,0x2A7,FFFFFB28000024EE
2026-09-25T16:47:12.404714+00:00,0x2A9,FFFF94A300000000
2026-09-25T16:47:12.406250+00:00,0x2A1,0100020000000000
2026-09-25T16:47:12.408986+00:00,0x2A5,00000FCEFFFF7C93
2026-09-25T16:47:12.409273+00:00,0x2A6,0000062FFFFFC076
2026-09-25T16:47:12.409513+00:00,0x2A7,FFFFFB28000024EE
2026-09-25T16:47:12.409715+00:00,0x2A9,FFFF94A300000000
2026-09-25T16:47:12.412273+00:00,0x2A1,0100020000000000
2026-09-25T16:47:12.414381+00:00,0x2A5,00000FCEFFFF7C93
2026-09-25T16:47:12.414575+00:00,0x2A6,0000062FFFFFC076
2026-09-25T16:47:12.414868+00:00,0x2A7,FFFFFB28000024EE
2026-09-25T16:47:12.415029+00:00,0x2A9,FFFF94A300000000
2026-09-25T16:47:12.416178+00:00,0x2A1,0100020000000000
2026-09-25T16:47:12.418384+00:00,0x2A5,00000FCEFFFF7C93
2026-09-25T16:47:12.418579+00:00,0x2A6,0000062FFFFFC076
2026-09-25T16:47:12.418901+00:00,0x2A7,FFFFFB28000024EE
2026-09-25T16:47:12.419073+00:00,0x2A9,FFFF94A300000000
2026-09-25T16:47:12.421221+00:00,0x2A1,0100020000000000
2026-09-25T16:47:12.423758+00:00,0x2A5,00000FCEFFFF7C93
2026-09-25T16:47:12.423986+00:00,0x2A6,0000062FFFFFC076
2026-09-25T16:47:12.424187+00:00,0x2A7,FFFFFB28000024EE
2026-09-25T16:47:12.424427+00:00,0x2A9,FFFF94A300000000
2026-09-25T16:47:12.426215+00:00,0x2A1,0100020000000000
2026-09-25T16:47:12.429230+00:00,0x2A5,00000FCEFFFF7C93
2026-09-25T16:47:12.429570+00:00,0x2A6,0000062FFFFFC076
2026-09-25T16:47:12.429760+00:00,0x2A7,FFFFFB28000024EE
2026-09-25T16:47:12.429986+00:00,0x2A9,FFFF94A300000000
2026-09-25T16:47:12.431868+00:00,0x2A1,0100020000000000
2026-09-25T16:47:12.433892+00:00,0x2A5,00000FCEFFFF7C93
2026-09-25T16:47:12.434093+00:00,0x2A6,0000062FFFFFC076
2026-09-25T16:47:12.434296+00:00,0x2A7,FFFFFB28000024EE
2026-09-25T16:47:12.434527+00:00,0x2A9,FFFF94A300000000
2026-09-25T16:47:12.436215+00:00,0x2A1,0100020000000000
2026-09-25T16:47:12.438575+00:00,0x2A5,00000FCEFFFF7C93
2026-09-25T16:47:12.438867+00:00,0x2A6,0000062FFFFFC076
2026-09-25T16:47:12.439029+00:00,0x2A7,FFFFFB28000024EE
2026-09-25T16:47:12.439230+00:00,0x2A9,FFFF94A300000000
2026-09-25T16:47:12.441222+00:00,0x2A1,0100020000000000
2026-09-25T16:47:12.443512+00:00,0x2A5,00000FCEFFFF7C93
2026-09-25T16:47:12.443715+00:00,0x2A6,0000062FFFFFC076
2026-09-25T16:47:12.443943+00:00,0x2A7,FFFFFB28000024EE
2026-09-25T16:47:12.444187+00:00,0x2A9,FFFF94A300000000
2026-09-25T16:47:12.446513+00:00,0x2A1,0100020000000000
2026-09-25T16:47:12.449338+00:00,0x2A5,00000FCEFFFF7C93
2026-09-25T16:47:12.449584+00:00,0x2A6,0000062FFFFFC076
2026-09-25T16:47:12.449867+00:00,0x2A7,FFFFFB28000024EE
2026-09-25T16:47:12.450073+00:00,0x2A9,FFFF94A300000000
2026-09-25T16:47:12.452273+00:00,0x2A1,0100020000000000
2026-09-25T16:47:12.454629+00:00,0x2A5,00000FCEFFFF7C93
2026-09-25T16:47:12.455099+00:00,0x2A6,0000062FFFFFC076
2026-09-25T16:47:12.455316+00:00,0x2A7,FFFFFB28000024EE
2026-09-25T16:47:12.455606+00:00,0x2A9,FFFF94A300000000
2026-09-25T16:47:12.456252+00:00,0x2A1,0100020000000000
2026-09-25T16:47:12.459672+00:00,0x2A5,00000FCEFFFF7C93
2026-09-25T16:47:12.459986+00:00,0x2A6,0000062FFFFFC076
2026-09-25T16:47:12.460212+00:00,0x2A7,FFFFFB28000024EE
2026-09-25T16:47:12.460470+00:00,0x2A9,FFFF94A300000000
2026-09-25T16:47:12.461242+00:00,0x2A1,0100020000000000
2026-09-25T16:47:12.462943+00:00,0x2A5,00000FCEFFFF7C93
2026-09-25T16:47:12.463187+00:00,0x2A6,0000062FFFFFC076
2026-09-25T16:47:12.463427+00:00,0x2A7,FFFFFB28000024EE
2026-09-25T16:47:12.463629+00:00,0x2A9,FFFF94A300000000
2026-09-25T16:47:12.466202+00:00,0x2A1,0100020000000000
2026-09-25T16:47:12.469139+00:00,0x2A5,00000FCEFFFF7C93
2026-09-25T16:47:12.469382+00:00,0x2A6,0000062FFFFFC076
2026-09-25T16:47:12.469575+00:00,0x2A7,FFFFFB28000024EE
2026-09-25T16:47:12.469887+00:00,0x2A9,FFFF94A300000000
2026-09-25T16:47:12.471672+00:00,0x2A1,0100020000000000
2026-09-25T16:47:12.473715+00:00,0x2A5,00000FCEFFFF7C93
2026-09-25T16:47:12.473974+00:00,0x2A6,0000062FFFFFC076
2026-09-25T16:47:12.474161+00:00,0x2A7,FFFFFB28000024EE
2026-09-25T16:47:12.474403+00:00,0x2A9,FFFF94A300000000
2026-09-25T16:47:12.476217+00:00,0x2A1,0100020000000000
2026-09-25T16:47:12.478427+00:00,0x2A5,00000FCEFFFF7C93
2026-09-25T16:47:12.478672+00:00,0x2A6,0000062FFFFFC076
2026-09-25T16:47:12.478891+00:00,0x2A7,FFFFFB28000024EE
2026-09-25T16:47:12.479136+00:00,0x2A9,FFFF94A300000000
2026-09-25T16:47:12.481169+00:00,0x2A1,0100020000000000
2026-09-25T16:47:12.483649+00:00,0x2A5,00000FCEFFFF7C93
2026-09-25T16:47:12.483868+00:00,0x2A6,0000062FFFFFC076
2026-09-25T16:47:12.484116+00:00,0x2A7,FFFFFB28000024EE
2026-09-25T16:47:12.484317+00:00,0x2A9,FFFF94A300000000
2026-09-25T16:47:12.486219+00:00,0x2A1,0100020000000000
2026-09-25T16:47:12.489158+00:00,0x2A5,00000FCEFFFF7C93
2026-09-25T16:47:12.489360+00:00,0x2A6,0000062FFFFFC076
2026-09-25T16:47:12.489606+00:00,0x2A7,FFFFFB28000024EE
2026-09-25T16:47:12.489868+00:00,0x2A9,FFFF94A300000000
2026-09-25T16:47:12.491894+00:00,0x2A1,0100020000000000
2026-09-25T16:47:12.494136+00:00,0x2A5,00000FCEFFFF7C93
2026-09-25T16:47:12.494381+00:00,0x2A6,0000062FFFFFC076
2026-09-25T16:47:12.494576+00:00,0x2A7,FFFFFB28000024EE
2026-09-25T16:47:12.494867+00:00,0x2A9,FFFF94A300000000
2026-09-25T16:47:12.496228+00:00,0x2A1,0100020000000000
2026-09-25T16:47:12.498428+00:00,0x2A5,00000FCEFFFF7C93
2026-09-25T16:47:12.498672+00:00,0x2A6,0000062FFFFFC076
2026-09-25T16:47:12.498912+00:00,0x2A7,FFFFFB28000024EE
2026-09-25T16:47:12.499115+00:00,0x2A9,FFFF94A300000000
2026-09-25T16:47:12.501198+00:00,0x2A1,0100020000000000
2026-09-25T16:47:12.503359+00:00,0x2A5,00000FCEFFFF7C93
2026-09-25T16:47:12.503650+00:00,0x2A6,0000062FFFFFC076
2026-09-25T16:47:12.504011+00:00,0x2A7,FFFFFB28000024EE
2026-09-25T16:47:12.504230+00:00,0x2A9,FFFF94A300000000
2026-09-25T16:47:12.506260+00:00,0x2A1,0100020000000000
2026-09-25T16:47:12.509029+00:00,0x2A5,00000FCEFFFF7C93
2026-09-25T16:47:12.509274+00:00,0x2A6,0000062FFFFFC076
2026-09-25T16:47:12.509505+00:00,0x2A7,FFFFFB28000024EE
2026-09-25T16:47:12.509758+00:00,0x2A9,FFFF94A300000000
2026-09-25T16:47:12.512716+00:00,0x2A1,0100020000000000
2026-09-25T16:47:12.514892+00:00,0x2A5,00000FCEFFFF7C93
2026-09-25T16:47:12.515137+00:00,0x2A6,0000062FFFFFC076
2026-09-25T16:47:12.515492+00:00,0x2A7,FFFFFB28000024EE
2026-09-25T16:47:12.515713+00:00,0x2A9,FFFF94A300000000
2026-09-25T16:47:12.516181+00:00,0x2A1,0100020000000000
2026-09-25T16:47:12.518527+00:00,0x2A5,00000FCEFFFF7C93
2026-09-25T16:47:12.518890+00:00,0x2A6,0000062FFFFFC076
2026-09-25T16:47:12.519009+00:00,0x2A7,FFFFFB28000024EE
2026-09-25T16:47:12.519209+00:00,0x2A9,FFFF94A300000000
2026-09-25T16:47:12.521226+00:00,0x2A1,0100020000000000
2026-09-25T16:47:12.523317+00:00,0x2A5,00000FCEFFFF7C93
2026-09-25T16:47:12.523554+00:00,0x2A6,0000062FFFFFC076
2026-09-25T16:47:12.523784+00:00,0x2A7,FFFFFB28000024EE
2026-09-25T16:47:12.523987+00:00,0x2A9,FFFF94A300000000
2026-09-25T16:47:12.526260+00:00,0x2A1,0100020000000000
2026-09-25T16:47:12.529234+00:00,0x2A5,00000FCEFFFF7C93
2026-09-25T16:47:12.529471+00:00,0x2A6,0000062FFFFFC076
2026-09-25T16:47:12.529716+00:00,0x2A7,FFFFFB28000024EE
2026-09-25T16:47:12.529959+00:00,0x2A9,FFFF94A300000000
2026-09-25T16:47:12.531889+00:00,0x2A1,0100020000000000
2026-09-25T16:47:12.534073+00:00,0x2A5,00000FCEFFFF7C93
2026-09-25T16:47:12.534317+00:00,0x2A6,0000062FFFFFC076
2026-09-25T16:47:12.534513+00:00,0x2A7,FFFFFB28000024EE
2026-09-25T16:47:12.534759+00:00,0x2A9,FFFF94A300000000
2026-09-25T16:47:12.536159+00:00,0x2A1,0100020000000000
2026-09-25T16:47:12.538385+00:00,0x2A5,00000FCEFFFF7C93
2026-09-25T16:47:12.538631+00:00,0x2A6,0000062FFFFFC076
2026-09-25T16:47:12.538877+00:00,0x2A7,FFFFFB28000024EE
2026-09-25T16:47:12.539073+00:00,0x2A9,FFFF94A300000000
2026-09-25T16:47:12.541174+00:00,0x2A1,0100020000000000
2026-09-25T16:47:12.543471+00:00,0x2A5,00000FCEFFFF7C93
2026-09-25T16:47:12.543673+00:00,0x2A6,0000062FFFFFC076
2026-09-25T16:47:12.543892+00:00,0x2A7,FFFFFB28000024EE
2026-09-25T16:47:12.544137+00:00,0x2A9,FFFF94A300000000
2026-09-25T16:47:12.546171+00:00,0x2A1,0100020000000000
2026-09-25T16:47:12.549231+00:00,0x2A5,00000FCEFFFF7C93
2026-09-25T16:47:12.549428+00:00,0x2A6,0000062FFFFFC076
2026-09-25T16:47:12.549630+00:00,0x2A7,FFFFFB28000024EE
2026-09-25T16:47:12.549892+00:00,0x2A9,FFFF94A300000000
2026-09-25T16:47:12.551911+00:00,0x2A1,0100020000000000
2026-09-25T16:47:12.553895+00:00,0x2A5,00000FCEFFFF7C93
2026-09-25T16:47:12.553995+00:00,0x2A6,0000062FFFFFC076
2026-09-25T16:47:12.554253+00:00,0x2A7,FFFFFB28000024EE
2026-09-25T16:47:12.554493+00:00,0x2A9,FFFF94A300000000
2026-09-25T16:47:12.556242+00:00,0x2A1,0100020000000000
2026-09-25T16:47:12.558735+00:00,0x2A5,00000FCEFFFF7C93
2026-09-25T16:47:12.558987+00:00,0x2A6,0000062FFFFFC076
2026-09-25T16:47:12.559231+00:00,0x2A7,FFFFFB28000024EE
2026-09-25T16:47:12.559511+00:00,0x2A9,FFFF94A300000000
2026-09-25T16:47:12.561301+00:00,0x2A1,0100020000000000
2026-09-25T16:47:12.564382+00:00,0x2A5,00000FCEFFFF7C93
2026-09-25T16:47:12.564628+00:00,0x2A6,0000062FFFFFC076
2026-09-25T16:47:12.564890+00:00,0x2A7,FFFFFB28000024EE
2026-09-25T16:47:12.565137+00:00,0x2A9,FFFF94A300000000
2026-09-25T16:47:12.566241+00:00,0x2A1,0100020000000000
2026-09-25T16:47:12.568296+00:00,0x2A5,00000FCEFFFF7C93
2026-09-25T16:47:12.568528+00:00,0x2A6,0000062FFFFFC076
2026-09-25T16:47:12.568736+00:00,0x2A7,FFFFFB28000024EE
2026-09-25T16:47:12.568986+00:00,0x2A9,FFFF94A300000000
2026-09-25T16:47:12.572052+00:00,0x2A1,0100020000000000
2026-09-25T16:47:12.574074+00:00,0x2A5,00000FCEFFFF7C93
2026-09-25T16:47:12.574317+00:00,0x2A6,0000062FFFFFC076
2026-09-25T16:47:12.574505+00:00,0x2A7,FFFFFB28000024EE
2026-09-25T16:47:12.574716+00:00,0x2A9,FFFF94A300000000
2026-09-25T16:47:12.576166+00:00,0x2A1,0100020000000000
2026-09-25T16:47:12.578317+00:00,0x2A5,00000FCEFFFF7C93
2026-09-25T16:47:12.578563+00:00,0x2A6,0000062FFFFFC076
2026-09-25T16:47:12.578760+00:00,0x2A7,FFFFFB28000024EE
2026-09-25T16:47:12.578987+00:00,0x2A9,FFFF94A300000000
2026-09-25T16:47:12.581217+00:00,0x2A1,0100020000000000
2026-09-25T16:47:12.583406+00:00,0x2A5,00000FCEFFFF7C93
2026-09-25T16:47:12.583650+00:00,0x2A6,0000062FFFFFC076
2026-09-25T16:47:12.583869+00:00,0x2A7,FFFFFB28000024EE
2026-09-25T16:47:12.584073+00:00,0x2A9,FFFF94A300000000
2026-09-25T16:47:12.586225+00:00,0x2A1,0100020000000000
2026-09-25T16:47:12.587008+00:00,0x151,01FF050000000000
2026-09-25T16:47:12.587257+00:00,0x151,0102050000000000
2026-09-25T16:47:12.587324+00:00,0x152,0005D41B00003E1D
2026-09-25T16:47:12.587410+00:00,0x153,0008BC4200014704
2026-09-25T16:47:12.587618+00:00,0x154,FFFFD09700003364
2026-09-25T16:47:12.589116+00:00,0x2A5,00000FCEFFFF7C93
2026-09-25T16:47:12.589402+00:00,0x2A6,0000062FFFFFC076
2026-09-25T16:47:12.589649+00:00,0x2A7,FFFFFB28000024EE
2026-09-25T16:47:12.589911+00:00,0x2A9,FFFF94A300000000
2026-09-25T16:47:12.593339+00:00,0x2A1,0100020001000000
2026-09-25T16:47:12.595231+00:00,0x2A5,00000FCEFFFF7C93
2026-09-25T16:47:12.595471+00:00,0x2A6,0000062FFFFFC076
2026-09-25T16:47:12.595716+00:00,0x2A7,FFFFFB28000024EE
2026-09-25T16:47:12.595944+00:00,0x2A9,FFFF94A300000000
2026-09-25T16:47:12.596385+00:00,0x2A1,0100020001000000
2026-09-25T16:47:12.598673+00:00,0x2A5,00000FCEFFFF7C93
2026-09-25T16:47:12.598892+00:00,0x2A6,0000062FFFFFC076
2026-09-25T16:47:12.599093+00:00,0x2A7,FFFFFB28000024EE
2026-09-25T16:47:12.599339+00:00,0x2A9,FFFF94A300000000
2026-09-25T16:47:12.601506+00:00,0x2A1,0100020001000000
2026-09-25T16:47:12.603585+00:00,0x2A5,00000FCEFFFF7C93
2026-09-25T16:47:12.603867+00:00,0x2A6,0000062FFFFFC076
2026-09-25T16:47:12.604030+00:00,0x2A7,FFFFFB28000024EE
2026-09-25T16:47:12.604274+00:00,0x2A9,FFFF94A300000000
2026-09-25T16:47:12.606199+00:00,0x2A1,0100020001000000
2026-09-25T16:47:12.608994+00:00,0x2A5,00000FCEFFFF7C93
2026-09-25T16:47:12.609317+00:00,0x2A6,0000062FFFFFC076
2026-09-25T16:47:12.609607+00:00,0x2A7,FFFFFB28000024EE
2026-09-25T16:47:12.609890+00:00,0x2A9,FFFF94A300000000
2026-09-25T16:47:12.613106+00:00,0x2A1,0100020001000000
2026-09-25T16:47:12.614382+00:00,0x2A5,00000FCEFFFF7C93
2026-09-25T16:47:12.614628+00:00,0x2A6,0000062FFFFFC076
2026-09-25T16:47:12.614890+00:00,0x2A7,FFFFFB28000024EE
2026-09-25T16:47:12.615180+00:00,0x2A9,FFFF94A300000000
2026-09-25T16:47:12.617718+00:00,0x2A1,0100020001000000
2026-09-25T16:47:12.620189+00:00,0x2A5,00000FCEFFFF7C93
2026-09-25T16:47:12.620428+00:00,0x2A6,0000062FFFFFC076
2026-09-25T16:47:12.620630+00:00,0x2A7,FFFFFB28000024EE
2026-09-25T16:47:12.620894+00:00,0x2A9,FFFF94A300000000
2026-09-25T16:47:12.621246+00:00,0x2A1,0100020001000000
2026-09-25T16:47:12.623577+00:00,0x2A5,00000FCEFFFF7C93
2026-09-25T16:47:12.623869+00:00,0x2A6,0000062FFFFFC076
2026-09-25T16:47:12.624074+00:00,0x2A7,FFFFFB28000024EE
2026-09-25T16:47:12.624316+00:00,0x2A9,FFFF94A300000000
2026-09-25T16:47:12.626197+00:00,0x2A1,0100020001000000
2026-09-25T16:47:12.629140+00:00,0x2A5,00000FCEFFFF7C93
2026-09-25T16:47:12.629382+00:00,0x2A6,0000062FFFFFC076
2026-09-25T16:47:12.629628+00:00,0x2A7,FFFFFB28000024EE
2026-09-25T16:47:12.629890+00:00,0x2A9,FFFF94A300000000
2026-09-25T16:47:12.631760+00:00,0x2A1,0100020001000000
2026-09-25T16:47:12.633912+00:00,0x2A5,00000FCEFFFF7C93
2026-09-25T16:47:12.634160+00:00,0x2A6,0000062FFFFFC076
2026-09-25T16:47:12.634362+00:00,0x2A7,FFFFFB28000024EE
2026-09-25T16:47:12.634608+00:00,0x2A9,FFFF94A300000000
2026-09-25T16:47:12.636217+00:00,0x2A1,0100020001000000
2026-09-25T16:47:12.638471+00:00,0x2A5,00000FCEFFFF7C93
2026-09-25T16:47:12.638673+00:00,0x2A6,0000062FFFFFC076
2026-09-25T16:47:12.638892+00:00,0x2A7,FFFFFB28000024EE
2026-09-25T16:47:12.639094+00:00,0x2A9,FFFF94A300000000
2026-09-25T16:47:12.641150+00:00,0x2A1,0100020001000000
2026-09-25T16:47:12.643471+00:00,0x2A5,00000FCEFFFF7C93
2026-09-25T16:47:12.643674+00:00,0x2A6,0000062FFFFFC076
2026-09-25T16:47:12.643893+00:00,0x2A7,FFFFFB28000024EE
2026-09-25T16:47:12.644137+00:00,0x2A9,FFFF94A300000000
2026-09-25T16:47:12.646172+00:00,0x2A1,0100020001000000
2026-09-25T16:47:12.649030+00:00,0x2A5,00000FCEFFFF7C93
2026-09-25T16:47:12.649275+00:00,0x2A6,0000062FFFFFC076
2026-09-25T16:47:12.649509+00:00,0x2A7,FFFFFB28000024EE
2026-09-25T16:47:12.649987+00:00,0x2A9,FFFF94A300000000
2026-09-25T16:47:12.651868+00:00,0x2A1,0100020001000000
2026-09-25T16:47:12.653944+00:00,0x2A5,00000FCEFFFF7C93
2026-09-25T16:47:12.654141+00:00,0x2A6,0000062FFFFFC076
2026-09-25T16:47:12.654382+00:00,0x2A7,FFFFFB28000024EE
2026-09-25T16:47:12.654629+00:00,0x2A9,FFFF94A300000000
2026-09-25T16:47:12.656289+00:00,0x2A1,0100020001000000
2026-09-25T16:47:12.658674+00:00,0x2A5,00000FCEFFFF7C93
2026-09-25T16:47:12.658893+00:00,0x2A6,0000062FFFFFC076
2026-09-25T16:47:12.659137+00:00,0x2A7,FFFFFB28000024EE
2026-09-25T16:47:12.659339+00:00,0x2A9,FFFF94A300000000
2026-09-25T16:47:12.661271+00:00,0x2A1,0100020001000000
2026-09-25T16:47:12.663760+00:00,0x2A5,00000FCEFFFF7C93
2026-09-25T16:47:12.664031+00:00,0x2A6,0000062FFFFFC076
2026-09-25T16:47:12.664318+00:00,0x2A7,FFFFFB28000024EE
2026-09-25T16:47:12.664556+00:00,0x2A9,FFFF94A300000000
2026-09-25T16:47:12.666314+00:00,0x2A1,0100020001000000
2026-09-25T16:47:12.667633+00:00,0x2A5,00000FCEFFFF7C93
2026-09-25T16:47:12.668379+00:00,0x2A6,0000062FFFFFC076
2026-09-25T16:47:12.668888+00:00,0x2A7,FFFFFB28000024EE
2026-09-25T16:47:12.669106+00:00,0x2A9,FFFF94A300000000
2026-09-25T16:47:12.674274+00:00,0x2A1,0100020001000000
2026-09-25T16:47:12.676074+00:00,0x2A5,00000FCEFFFF7C93
2026-09-25T16:47:12.676318+00:00,0x2A6,0000062FFFFFC076
2026-09-25T16:47:12.676600+00:00,0x2A7,FFFFFB28000024EE
2026-09-25T16:47:12.676869+00:00,0x2A9,FFFF94A300000000
2026-09-25T16:47:12.677404+00:00,0x2A1,0100020001000000
2026-09-25T16:47:12.679508+00:00,0x2A5,00000FCEFFFF7C93
2026-09-25T16:47:12.679759+00:00,0x2A6,0000062FFFFFC076
2026-09-25T16:47:12.679987+00:00,0x2A7,FFFFFB28000024EE
2026-09-25T16:47:12.680231+00:00,0x2A9,FFFF94A300000000
2026-09-25T16:47:12.681382+00:00,0x2A1,0100020001000000
2026-09-25T16:47:12.683472+00:00,0x2A5,00000FCEFFFF7C93
2026-09-25T16:47:12.683674+00:00,0x2A6,0000062FFFFFC076
2026-09-25T16:47:12.683945+00:00,0x2A7,FFFFFB28000024EE
2026-09-25T16:47:12.684141+00:00,0x2A9,FFFF94A300000000
2026-09-25T16:47:12.686224+00:00,0x2A1,0100020001000000
2026-09-25T16:47:12.689232+00:00,0x2A5,00000FCEFFFF7C93
2026-09-25T16:47:12.689472+00:00,0x2A6,0000062FFFFFC076
2026-09-25T16:47:12.689716+00:00,0x2A7,FFFFFB28000024EE
2026-09-25T16:47:12.689945+00:00,0x2A9,FFFF94A300000000
2026-09-25T16:47:12.692674+00:00,0x2A1,0100020001000000
2026-09-25T16:47:12.694674+00:00,0x2A5,00000FCEFFFF7C93
2026-09-25T16:47:12.694945+00:00,0x2A6,0000062FFFFFC076
2026-09-25T16:47:12.695141+00:00,0x2A7,FFFFFB28000024EE
2026-09-25T16:47:12.695383+00:00,0x2A9,FFFF94A300000000
2026-09-25T16:47:12.696201+00:00,0x2A1,0100020001000000
2026-09-25T16:47:12.698340+00:00,0x2A5,00000FCEFFFF7C93
2026-09-25T16:47:12.698577+00:00,0x2A6,0000062FFFFFC076
2026-09-25T16:47:12.698868+00:00,0x2A7,FFFFFB28000024EE
2026-09-25T16:47:12.699031+00:00,0x2A9,FFFF94A300000000
2026-09-25T16:47:12.701208+00:00,0x2A1,0100020001000000
2026-09-25T16:47:12.703472+00:00,0x2A5,00000FCEFFFF7C93
2026-09-25T16:47:12.703717+00:00,0x2A6,0000062FFFFFC076
2026-09-25T16:47:12.703944+00:00,0x2A7,FFFFFB28000024EE
2026-09-25T16:47:12.704141+00:00,0x2A9,FFFF94A300000000
2026-09-25T16:47:12.706219+00:00,0x2A1,0100020001000000
2026-09-25T16:47:12.709232+00:00,0x2A5,00000FCEFFFF7C93
2026-09-25T16:47:12.709473+00:00,0x2A6,0000062FFFFFC076
2026-09-25T16:47:12.709717+00:00,0x2A7,FFFFFB28000024EE
2026-09-25T16:47:12.709988+00:00,0x2A9,FFFF94A300000000
2026-09-25T16:47:12.712902+00:00,0x2A1,0100020001000000
2026-09-25T16:47:12.714760+00:00,0x2A5,00000FCEFFFF7C93
2026-09-25T16:47:12.715031+00:00,0x2A6,0000062FFFFFC076
2026-09-25T16:47:12.715275+00:00,0x2A7,FFFFFB28000024EE
2026-09-25T16:47:12.715515+00:00,0x2A9,FFFF94A300000000
2026-09-25T16:47:12.716262+00:00,0x2A1,0100020001000000
2026-09-25T16:47:12.718896+00:00,0x2A5,00000FCEFFFF7C93
2026-09-25T16:47:12.719074+00:00,0x2A6,0000062FFFFFC076
2026-09-25T16:47:12.719318+00:00,0x2A7,FFFFFB28000024EE
2026-09-25T16:47:12.719556+00:00,0x2A9,FFFF94A300000000
2026-09-25T16:47:12.721521+00:00,0x2A1,0100020001000000
2026-09-25T16:47:12.724428+00:00,0x2A5,00000FCEFFFF7C93
2026-09-25T16:47:12.724891+00:00,0x2A6,0000062FFFFFC076
2026-09-25T16:47:12.725116+00:00,0x2A7,FFFFFB28000024EE
2026-09-25T16:47:12.726326+00:00,0x2A9,FFFF94A300000000
2026-09-25T16:47:12.726581+00:00,0x2A1,0100020001000000
2026-09-25T16:47:12.728322+00:00,0x2A5,00000FCEFFFF7C93
2026-09-25T16:47:12.728560+00:00,0x2A6,0000062FFFFFC076
2026-09-25T16:47:12.729686+00:00,0x2A7,FFFFFB28000024EE
2026-09-25T16:47:12.730040+00:00,0x2A9,FFFF94A300000000
2026-09-25T16:47:12.734382+00:00,0x2A1,0100020001000000
2026-09-25T16:47:12.737385+00:00,0x2A5,00000FCEFFFF7C93
2026-09-25T16:47:12.737632+00:00,0x2A6,0000062FFFFFC076
2026-09-25T16:47:12.737878+00:00,0x2A7,FFFFFB28000024EE
2026-09-25T16:47:12.738077+00:00,0x2A9,FFFF94A300000000
2026-09-25T16:47:12.738317+00:00,0x2A1,0100020001000000
2026-09-25T16:47:12.740381+00:00,0x2A5,00000FCEFFFF7C93
2026-09-25T16:47:12.740576+00:00,0x2A6,0000062FFFFFC076
2026-09-25T16:47:12.740866+00:00,0x2A7,FFFFFB28000024EE
2026-09-25T16:47:12.741072+00:00,0x2A9,FFFF94A300000000
2026-09-25T16:47:12.741316+00:00,0x2A1,0100020001000000
2026-09-25T16:47:12.743554+00:00,0x2A5,00000FCEFFFF7C93
2026-09-25T16:47:12.743875+00:00,0x2A6,0000062FFFFFC076
2026-09-25T16:47:12.744030+00:00,0x2A7,FFFFFB28000024EE
2026-09-25T16:47:12.744231+00:00,0x2A9,FFFF94A300000000
2026-09-25T16:47:12.746337+00:00,0x2A1,0100020001000000
2026-09-25T16:47:12.748470+00:00,0x2A5,00000FCEFFFF7C93
2026-09-25T16:47:12.749471+00:00,0x2A6,0000062FFFFFC076
2026-09-25T16:47:12.749688+00:00,0x2A7,FFFFFB28000024EE
2026-09-25T16:47:12.749899+00:00,0x2A9,FFFF94A300000000
2026-09-25T16:47:12.751893+00:00,0x2A1,0100020001000000
2026-09-25T16:47:12.753892+00:00,0x2A5,00000FCEFFFF7C93
2026-09-25T16:47:12.754137+00:00,0x2A6,0000062FFFFFC076
2026-09-25T16:47:12.754382+00:00,0x2A7,FFFFFB28000024EE
2026-09-25T16:47:12.754628+00:00,0x2A9,FFFF94A300000000
2026-09-25T16:47:12.756260+00:00,0x2A1,0100020001000000
2026-09-25T16:47:12.758514+00:00,0x2A5,00000FD1FFFF7C93
2026-09-25T16:47:12.758759+00:00,0x2A6,0000062FFFFFC076
2026-09-25T16:47:12.758988+00:00,0x2A7,FFFFFB28000024EE
2026-09-25T16:47:12.759189+00:00,0x2A9,FFFF94A300000000
2026-09-25T16:47:12.761202+00:00,0x2A1,0100020001000000
2026-09-25T16:47:12.763472+00:00,0x2A5,00000FCDFFFF7C93
2026-09-25T16:47:12.763717+00:00,0x2A6,0000062FFFFFC076
2026-09-25T16:47:12.763993+00:00,0x2A7,FFFFFB28000024EE
2026-09-25T16:47:12.764189+00:00,0x2A9,FFFF94A300000000
2026-09-25T16:47:12.766301+00:00,0x2A1,0100020001000000
2026-09-25T16:47:12.767440+00:00,0x2A5,00000FCDFFFF7C93
2026-09-25T16:47:12.767637+00:00,0x2A6,0000062FFFFFC076
2026-09-25T16:47:12.767912+00:00,0x2A7,FFFFFB28000024EE
2026-09-25T16:47:12.768161+00:00,0x2A9,FFFF94A300000000
2026-09-25T16:47:12.772988+00:00,0x2A1,0100020001000000
2026-09-25T16:47:12.775625+00:00,0x2A5,00000FD2FFFF7C93
2026-09-25T16:47:12.775969+00:00,0x2A6,0000062FFFFFC076
2026-09-25T16:47:12.776343+00:00,0x2A7,FFFFFB28000024EE
2026-09-25T16:47:12.776608+00:00,0x2A9,FFFF94A300000000
2026-09-25T16:47:12.776970+00:00,0x2A1,0100020001000000
2026-09-25T16:47:12.778404+00:00,0x2A5,00000FD2FFFF7C93
2026-09-25T16:47:12.778694+00:00,0x2A6,0000062FFFFFC076
2026-09-25T16:47:12.778988+00:00,0x2A7,FFFFFB28000024EE
2026-09-25T16:47:12.779275+00:00,0x2A9,FFFF94A300000000
2026-09-25T16:47:12.781870+00:00,0x2A1,0100020001000000
2026-09-25T16:47:12.782255+00:00,0x2A5,00000FD2FFFF7C93
2026-09-25T16:47:12.782521+00:00,0x2A6,0000062FFFFFC076
2026-09-25T16:47:12.782889+00:00,0x2A7,FFFFFB28000024EE
2026-09-25T16:47:12.783108+00:00,0x2A9,FFFF94A300000000
2026-09-25T16:47:12.786330+00:00,0x2A1,0100020001000000
2026-09-25T16:47:12.789608+00:00,0x2A5,00000FD2FFFF7C93
2026-09-25T16:47:12.789969+00:00,0x2A6,0000062FFFFFC076
2026-09-25T16:47:12.790988+00:00,0x2A7,FFFFFB28000024EE
2026-09-25T16:47:12.791275+00:00,0x2A9,FFFF94A300000000
2026-09-25T16:47:12.793529+00:00,0x2A1,0100020001000000
2026-09-25T16:47:12.795430+00:00,0x2A5,00000FD2FFFF7C93
2026-09-25T16:47:12.796001+00:00,0x2A6,0000062FFFFFC076
2026-09-25T16:47:12.796259+00:00,0x2A7,FFFFFB28000024EE
2026-09-25T16:47:12.796504+00:00,0x2A9,FFFF94A300000000
2026-09-25T16:47:12.796886+00:00,0x2A1,0100020001000000
2026-09-25T16:47:12.798032+00:00,0x2A5,00000FD2FFFF7C93
2026-09-25T16:47:12.799276+00:00,0x2A6,0000062FFFFFC076
2026-09-25T16:47:12.799507+00:00,0x2A7,FFFFFB28000024EE
2026-09-25T16:47:12.799718+00:00,0x2A9,FFFF94A300000000
2026-09-25T16:47:12.801275+00:00,0x2A1,0100020001000000
2026-09-25T16:47:12.803946+00:00,0x2A5,00000FD2FFFF7C93
2026-09-25T16:47:12.804190+00:00,0x2A6,0000062FFFFFC076
2026-09-25T16:47:12.804387+00:00,0x2A7,FFFFFB28000024EE
2026-09-25T16:47:12.804658+00:00,0x2A9,FFFF94A300000000
2026-09-25T16:47:12.806228+00:00,0x2A1,0100020001000000
2026-09-25T16:47:12.810259+00:00,0x2A5,00000FD2FFFF7C93
2026-09-25T16:47:12.810505+00:00,0x2A6,0000062FFFFFC076
2026-09-25T16:47:12.810886+00:00,0x2A7,FFFFFB28000024EE
2026-09-25T16:47:12.812112+00:00,0x2A9,FFFF94A300000000
2026-09-25T16:47:12.815233+00:00,0x2A1,0100020001000000
2026-09-25T16:47:12.817989+00:00,0x2A5,00000FD2FFFF7C93
2026-09-25T16:47:12.818233+00:00,0x2A6,0000062FFFFFC076
2026-09-25T16:47:12.818473+00:00,0x2A7,FFFFFB28000024EE
2026-09-25T16:47:12.818718+00:00,0x2A9,FFFF94A300000000
2026-09-25T16:47:12.818989+00:00,0x2A1,0100020001000000
2026-09-25T16:47:12.819190+00:00,0x2A5,00000FD2FFFF7C93
2026-09-25T16:47:12.819430+00:00,0x2A6,0000062FFFFFC076
2026-09-25T16:47:12.821473+00:00,0x2A7,FFFFFB28000024EE
2026-09-25T16:47:12.822075+00:00,0x2A9,FFFF94A300000000
2026-09-25T16:47:12.823384+00:00,0x2A1,0100020001000000
2026-09-25T16:47:12.826513+00:00,0x2A5,00000FD2FFFF7C93
2026-09-25T16:47:12.826893+00:00,0x2A6,0000062FFFFFC076
2026-09-25T16:47:12.827271+00:00,0x2A7,FFFFFB28000024EE
2026-09-25T16:47:12.827632+00:00,0x2A9,FFFF94A300000000
2026-09-25T16:47:12.827994+00:00,0x2A1,0100020001000000
2026-09-25T16:47:12.830563+00:00,0x2A5,00000FD6FFFF7C93
2026-09-25T16:47:12.830870+00:00,0x2A6,0000062FFFFFC076
2026-09-25T16:47:12.831229+00:00,0x2A7,FFFFFB28000024EE
2026-09-25T16:47:12.831522+00:00,0x2A9,FFFF94A300000000
2026-09-25T16:47:12.834109+00:00,0x2A1,0100020001000000
2026-09-25T16:47:12.837363+00:00,0x2A5,00000FD6FFFF7C93
2026-09-25T16:47:12.837652+00:00,0x2A6,0000062FFFFFC076
2026-09-25T16:47:12.837970+00:00,0x2A7,FFFFFB28000024EE
2026-09-25T16:47:12.838277+00:00,0x2A9,FFFF94A300000000
2026-09-25T16:47:12.843058+00:00,0x2A1,0100020001000000
2026-09-25T16:47:12.843276+00:00,0x2A5,00000FD6FFFF7C93
2026-09-25T16:47:12.843557+00:00,0x2A6,0000062FFFFFC076
2026-09-25T16:47:12.843894+00:00,0x2A7,FFFFFB28000024EA
2026-09-25T16:47:12.844276+00:00,0x2A9,FFFF94A300000000
2026-09-25T16:47:12.844516+00:00,0x2A1,0100020001000000
2026-09-25T16:47:12.847151+00:00,0x2A5,00000FD6FFFF7C93
2026-09-25T16:47:12.847440+00:00,0x2A6,0000062FFFFFC076
2026-09-25T16:47:12.847768+00:00,0x2A7,FFFFFB28000024EA
2026-09-25T16:47:12.848032+00:00,0x2A9,FFFF94A300000000
2026-09-25T16:47:12.850873+00:00,0x2A1,0100020001000000
2026-09-25T16:47:12.851946+00:00,0x2A5,00000FD6FFFF7C93
2026-09-25T16:47:12.852238+00:00,0x2A6,0000062FFFFFC076
2026-09-25T16:47:12.852564+00:00,0x2A7,FFFFFB28000024EA
2026-09-25T16:47:12.852767+00:00,0x2A9,FFFF94A300000000
2026-09-25T16:47:12.856574+00:00,0x2A1,0100020001000000
2026-09-25T16:47:12.858430+00:00,0x2A5,00000FD6FFFF7C93
2026-09-25T16:47:12.858632+00:00,0x2A6,0000062FFFFFC076
2026-09-25T16:47:12.858872+00:00,0x2A7,FFFFFB27000024EA
2026-09-25T16:47:12.859118+00:00,0x2A9,FFFF94A300000000
2026-09-25T16:47:12.860635+00:00,0x2A1,0100020001000000
2026-09-25T16:47:12.862895+00:00,0x2A5,00000FD6FFFF7C93
2026-09-25T16:47:12.863096+00:00,0x2A6,00000633FFFFC076
2026-09-25T16:47:12.863298+00:00,0x2A7,FFFFFB21000024EA
2026-09-25T16:47:12.863530+00:00,0x2A9,FFFF94A300000000
2026-09-25T16:47:12.863873+00:00,0x2A1,0100020001000000
2026-09-25T16:47:12.865880+00:00,0x2A5,00000FDAFFFF7C93
2026-09-25T16:47:12.866120+00:00,0x2A6,00000633FFFFC076
2026-09-25T16:47:12.866320+00:00,0x2A7,FFFFFB21000024EA
2026-09-25T16:47:12.866562+00:00,0x2A9,FFFF94A300000000
2026-09-25T16:47:12.867763+00:00,0x2A1,0100020001000000
2026-09-25T16:47:12.869871+00:00,0x2A5,00000FDAFFFF7C93
2026-09-25T16:47:12.870033+00:00,0x2A6,00000633FFFFC076
2026-09-25T16:47:12.870868+00:00,0x2A7,FFFFFB21000024EA
2026-09-25T16:47:12.871068+00:00,0x2A9,FFFF94A300000000
2026-09-25T16:47:12.873718+00:00,0x2A1,0100020001000000
2026-09-25T16:47:12.875896+00:00,0x2A5,00000FDAFFFF7C93
2026-09-25T16:47:12.876118+00:00,0x2A6,00000633FFFFC076
2026-09-25T16:47:12.876405+00:00,0x2A7,FFFFFB21000024E2
2026-09-25T16:47:12.876652+00:00,0x2A9,FFFF94A300000000
2026-09-25T16:47:12.877738+00:00,0x2A1,0100020001000000
2026-09-25T16:47:12.879557+00:00,0x2A5,00000FDAFFFF7C93
2026-09-25T16:47:12.879891+00:00,0x2A6,00000633FFFFC076
2026-09-25T16:47:12.880008+00:00,0x2A7,FFFFFB21000024E2
2026-09-25T16:47:12.880256+00:00,0x2A9,FFFF94A300000000
2026-09-25T16:47:12.881276+00:00,0x2A1,0100020001000000
2026-09-25T16:47:12.884866+00:00,0x2A5,00000FDDFFFF7C93
2026-09-25T16:47:12.885020+00:00,0x2A6,00000633FFFFC076
2026-09-25T16:47:12.885304+00:00,0x2A7,FFFFFB21000024E2
2026-09-25T16:47:12.885544+00:00,0x2A9,FFFF94A300000000
2026-09-25T16:47:12.886252+00:00,0x2A1,0100020001000000
2026-09-25T16:47:12.887209+00:00,0x2A5,00000FDDFFFF7C93
2026-09-25T16:47:12.887487+00:00,0x2A6,00000633FFFFC076
2026-09-25T16:47:12.887911+00:00,0x2A7,FFFFFB21000024E2
2026-09-25T16:47:12.888087+00:00,0x2A9,FFFF94A300000000
2026-09-25T16:47:12.894191+00:00,0x2A1,0100020001000000
2026-09-25T16:47:12.895761+00:00,0x2A5,00000FDDFFFF7C93
2026-09-25T16:47:12.895989+00:00,0x2A6,00000633FFFFC076
2026-09-25T16:47:12.896234+00:00,0x2A7,FFFFFB21000024DE
2026-09-25T16:47:12.896431+00:00,0x2A9,FFFF94A300000000
2026-09-25T16:47:12.898609+00:00,0x2A1,0100020001000000
2026-09-25T16:47:12.898871+00:00,0x2A5,00000FDDFFFF7C93
2026-09-25T16:47:12.899119+00:00,0x2A6,00000633FFFFC076
2026-09-25T16:47:12.899363+00:00,0x2A7,FFFFFB21000024DE
2026-09-25T16:47:12.899609+00:00,0x2A9,FFFF94A300000000
2026-09-25T16:47:12.901184+00:00,0x2A1,0100020001000000
2026-09-25T16:47:12.903557+00:00,0x2A5,00000FE2FFFF7C93
2026-09-25T16:47:12.903874+00:00,0x2A6,00000633FFFFC076
2026-09-25T16:47:12.903989+00:00,0x2A7,FFFFFB21000024DE
2026-09-25T16:47:12.904234+00:00,0x2A9,FFFF94A300000000
2026-09-25T16:47:12.906230+00:00,0x2A1,0100020001000000
2026-09-25T16:47:12.908387+00:00,0x2A5,00000FE2FFFF7C93
2026-09-25T16:47:12.908634+00:00,0x2A6,00000633FFFFC076
2026-09-25T16:47:12.908880+00:00,0x2A7,FFFFFB1A000024DB
2026-09-25T16:47:12.909076+00:00,0x2A9,FFFF94A300000000
2026-09-25T16:47:12.913474+00:00,0x2A1,0100020001000000
2026-09-25T16:47:12.916184+00:00,0x2A5,00000FE2FFFF7C93
2026-09-25T16:47:12.916431+00:00,0x2A6,00000633FFFFC076
2026-09-25T16:47:12.916676+00:00,0x2A7,FFFFFB1A000024DB
2026-09-25T16:47:12.916916+00:00,0x2A9,FFFF94A300000000
2026-09-25T16:47:12.917119+00:00,0x2A1,0100020001000000
2026-09-25T16:47:12.919141+00:00,0x2A5,00000FE2FFFF7C93
2026-09-25T16:47:12.919389+00:00,0x2A6,00000633FFFFC076
2026-09-25T16:47:12.919580+00:00,0x2A7,FFFFFB1A000024DB
2026-09-25T16:47:12.919874+00:00,0x2A9,FFFF94A300000000
2026-09-25T16:47:12.921742+00:00,0x2A1,0100020001000000
2026-09-25T16:47:12.923869+00:00,0x2A5,00000FE2FFFF7C93
2026-09-25T16:47:12.924076+00:00,0x2A6,00000633FFFFC076
2026-09-25T16:47:12.924276+00:00,0x2A7,FFFFFB1A000024DB
2026-09-25T16:47:12.924474+00:00,0x2A9,FFFF94A300000000
2026-09-25T16:47:12.926263+00:00,0x2A1,0100020001000000
2026-09-25T16:47:12.928633+00:00,0x2A5,00000FE5FFFF7C93
2026-09-25T16:47:12.928895+00:00,0x2A6,00000633FFFFC076
2026-09-25T16:47:12.929140+00:00,0x2A7,FFFFFB1A000024D7
2026-09-25T16:47:12.929342+00:00,0x2A9,FFFF94A300000000
2026-09-25T16:47:12.932610+00:00,0x2A1,0100020001000000
2026-09-25T16:47:12.934430+00:00,0x2A5,00000FE5FFFF7C93
2026-09-25T16:47:12.935191+00:00,0x2A6,00000633FFFFC076
2026-09-25T16:47:12.935430+00:00,0x2A7,FFFFFB1A000024D7
2026-09-25T16:47:12.935719+00:00,0x2A9,FFFF94A300000000
2026-09-25T16:47:12.938506+00:00,0x2A1,0100020001000000
2026-09-25T16:47:12.940719+00:00,0x2A5,00000FE7FFFF7C8F
2026-09-25T16:47:12.940990+00:00,0x2A6,00000633FFFFC076
2026-09-25T16:47:12.941277+00:00,0x2A7,FFFFFB17000024D7
2026-09-25T16:47:12.942644+00:00,0x2A9,FFFF94A300000000
2026-09-25T16:47:12.942946+00:00,0x2A1,0100020001000000
2026-09-25T16:47:12.946033+00:00,0x2A5,00000FEAFFFF7C8F
2026-09-25T16:47:12.946280+00:00,0x2A6,00000633FFFFC076
2026-09-25T16:47:12.946510+00:00,0x2A7,FFFFFB17000024D7
2026-09-25T16:47:12.946762+00:00,0x2A9,FFFF94A300000000
2026-09-25T16:47:12.946990+00:00,0x2A1,0100020001000000
2026-09-25T16:47:12.949076+00:00,0x2A5,00000FEAFFFF7C8F
2026-09-25T16:47:12.949277+00:00,0x2A6,00000633FFFFC076
2026-09-25T16:47:12.949508+00:00,0x2A7,FFFFFB17000024D4
2026-09-25T16:47:12.949719+00:00,0x2A9,FFFF94A300000000
2026-09-25T16:47:12.953342+00:00,0x2A1,0100020001000000
2026-09-25T16:47:12.956077+00:00,0x2A5,00000FEAFFFF7C8F
2026-09-25T16:47:12.956320+00:00,0x2A6,00000633FFFFC076
2026-09-25T16:47:12.956558+00:00,0x2A7,FFFFFB11000024D4
2026-09-25T16:47:12.956894+00:00,0x2A9,FFFF94A300000000
2026-09-25T16:47:12.957895+00:00,0x2A1,0100020001000000
2026-09-25T16:47:12.959873+00:00,0x2A5,00000FEAFFFF7C8F
2026-09-25T16:47:12.960076+00:00,0x2A6,00000633FFFFC076
2026-09-25T16:47:12.960277+00:00,0x2A7,FFFFFB11000024D4
2026-09-25T16:47:12.960517+00:00,0x2A9,FFFF94A300000000
2026-09-25T16:47:12.961232+00:00,0x2A1,0100020001000000
2026-09-25T16:47:12.963431+00:00,0x2A5,00000FEFFFFF7C8B
2026-09-25T16:47:12.963675+00:00,0x2A6,00000633FFFFC076
2026-09-25T16:47:12.963895+00:00,0x2A7,FFFFFB11000024D0
2026-09-25T16:47:12.964097+00:00,0x2A9,FFFF94A300000000
2026-09-25T16:47:12.966393+00:00,0x2A1,0100020001000000
2026-09-25T16:47:12.968513+00:00,0x2A5,00000FF0FFFF7C8B
2026-09-25T16:47:12.968719+00:00,0x2A6,00000633FFFFC076
2026-09-25T16:47:12.968947+00:00,0x2A7,FFFFFB11000024CC
2026-09-25T16:47:12.969146+00:00,0x2A9,FFFF94A300000000
2026-09-25T16:47:12.972140+00:00,0x2A1,0100020001000000
2026-09-25T16:47:12.975234+00:00,0x2A5,00000FF7FFFF7C88
2026-09-25T16:47:12.975474+00:00,0x2A6,00000633FFFFC076
2026-09-25T16:47:12.975719+00:00,0x2A7,FFFFFB11000024CC
2026-09-25T16:47:12.975947+00:00,0x2A9,FFFF94A300000000
2026-09-25T16:47:12.977097+00:00,0x2A1,0100020001000000
2026-09-25T16:47:12.979215+00:00,0x2A5,00000FF7FFFF7C88
2026-09-25T16:47:12.979388+00:00,0x2A6,00000633FFFFC076
2026-09-25T16:47:12.979635+00:00,0x2A7,FFFFFB11000024CC
2026-09-25T16:47:12.979881+00:00,0x2A9,FFFF94A300000000
2026-09-25T16:47:12.981199+00:00,0x2A1,0100020001000000
2026-09-25T16:47:12.983342+00:00,0x2A5,00000FF7FFFF7C88
2026-09-25T16:47:12.983531+00:00,0x2A6,00000633FFFFC076
2026-09-25T16:47:12.983875+00:00,0x2A7,FFFFFB11000024CB
2026-09-25T16:47:12.983990+00:00,0x2A9,FFFF94A300000000
2026-09-25T16:47:12.986333+00:00,0x2A1,0100020001000000
2026-09-25T16:47:12.987762+00:00,0x2A5,00000FFEFFFF7C82
2026-09-25T16:47:12.988033+00:00,0x2A6,00000633FFFFC076
2026-09-25T16:47:12.988234+00:00,0x2A7,FFFFFB0F000024CB
2026-09-25T16:47:12.988474+00:00,0x2A9,FFFF94A300000000
2026-09-25T16:47:12.991265+00:00,0x2A1,0100020001000000
2026-09-25T16:47:12.995720+00:00,0x2A5,00000FFEFFFF7C82
2026-09-25T16:47:12.995991+00:00,0x2A6,00000633FFFFC076
2026-09-25T16:47:12.996234+00:00,0x2A7,FFFFFB09000024C9
2026-09-25T16:47:12.996509+00:00,0x2A9,FFFF94A300000000
2026-09-25T16:47:12.997653+00:00,0x2A1,0100020001000000
2026-09-25T16:47:12.999874+00:00,0x2A5,00001008FFFF7C7F
2026-09-25T16:47:13.000076+00:00,0x2A6,00000633FFFFC076
2026-09-25T16:47:13.000277+00:00,0x2A7,FFFFFB09000024C9
2026-09-25T16:47:13.000510+00:00,0x2A9,FFFF94A300000000
2026-09-25T16:47:13.001584+00:00,0x2A1,0100020001000000
2026-09-25T16:47:13.003579+00:00,0x2A5,00001010FFFF7C7A
2026-09-25T16:47:13.003870+00:00,0x2A6,00000633FFFFC079
2026-09-25T16:47:13.004033+00:00,0x2A7,FFFFFB09000024C5
2026-09-25T16:47:13.004234+00:00,0x2A9,FFFF94A300000000
2026-09-25T16:47:13.006221+00:00,0x2A1,0100020001000000
2026-09-25T16:47:13.008321+00:00,0x2A5,00001012FFFF7C75
2026-09-25T16:47:13.008518+00:00,0x2A6,00000633FFFFC079
2026-09-25T16:47:13.008762+00:00,0x2A7,FFFFFB09000024C5
2026-09-25T16:47:13.008990+00:00,0x2A9,FFFF949A00000000
2026-09-25T16:47:13.011393+00:00,0x2A1,0100020001000000
2026-09-25T16:47:13.014895+00:00,0x2A5,00001012FFFF7C75
2026-09-25T16:47:13.015097+00:00,0x2A6,00000633FFFFC079
2026-09-25T16:47:13.015530+00:00,0x2A7,FFFFFB09000024BB
2026-09-25T16:47:13.015893+00:00,0x2A9,FFFF949A00000000
2026-09-25T16:47:13.016518+00:00,0x2A1,0100020001000000
2026-09-25T16:47:13.018631+00:00,0x2A5,0000101AFFFF7C76
2026-09-25T16:47:13.018871+00:00,0x2A6,00000633FFFFC079
2026-09-25T16:47:13.019076+00:00,0x2A7,FFFFFB09000024B9
2026-09-25T16:47:13.019321+00:00,0x2A9,FFFF949B00000000
2026-09-25T16:47:13.021496+00:00,0x2A1,0100020001000000
2026-09-25T16:47:13.023746+00:00,0x2A5,0000101CFFFF7C71
2026-09-25T16:47:13.023990+00:00,0x2A6,00000633FFFFC07D
2026-09-25T16:47:13.024195+00:00,0x2A7,FFFFFB06000024B9
2026-09-25T16:47:13.024431+00:00,0x2A9,FFFF949B00000000
2026-09-25T16:47:13.026221+00:00,0x2A1,0100020001000000
2026-09-25T16:47:13.028431+00:00,0x2A5,0000101CFFFF7C71
2026-09-25T16:47:13.028677+00:00,0x2A6,00000633FFFFC081
2026-09-25T16:47:13.028896+00:00,0x2A7,FFFFFB01000024B4
2026-09-25T16:47:13.029097+00:00,0x2A9,FFFF949B00000000
2026-09-25T16:47:13.031265+00:00,0x2A1,0100020001000000
2026-09-25T16:47:13.034097+00:00,0x2A5,0000101CFFFF7C71
2026-09-25T16:47:13.034299+00:00,0x2A6,00000633FFFFC081
2026-09-25T16:47:13.034531+00:00,0x2A7,FFFFFB00000024B4
2026-09-25T16:47:13.034739+00:00,0x2A9,FFFF949B00000000
2026-09-25T16:47:13.037558+00:00,0x2A1,0100020001000000
2026-09-25T16:47:13.039580+00:00,0x2A5,00001024FFFF7C71
2026-09-25T16:47:13.039871+00:00,0x2A6,00000633FFFFC089
2026-09-25T16:47:13.040076+00:00,0x2A7,FFFFFB00000024AF
2026-09-25T16:47:13.040320+00:00,0x2A9,FFFF949B00000000
2026-09-25T16:47:13.041278+00:00,0x2A1,0100020001000000
2026-09-25T16:47:13.044034+00:00,0x2A5,00001023FFFF7C6C
2026-09-25T16:47:13.044234+00:00,0x2A6,00000633FFFFC091
2026-09-25T16:47:13.044474+00:00,0x2A7,FFFFFB00000024AF
2026-09-25T16:47:13.044763+00:00,0x2A9,FFFF949B00000000
2026-09-25T16:47:13.046230+00:00,0x2A1,0100020001000000
2026-09-25T16:47:13.048763+00:00,0x2A5,00001023FFFF7C6C
2026-09-25T16:47:13.049144+00:00,0x2A6,00000633FFFFC091
2026-09-25T16:47:13.049364+00:00,0x2A7,FFFFFAFE000024AF
2026-09-25T16:47:13.049611+00:00,0x2A9,FFFF949B00000000
2026-09-25T16:47:13.051231+00:00,0x2A1,0100020001000000
2026-09-25T16:47:13.053722+00:00,0x2A5,00001028FFFF7C6C
2026-09-25T16:47:13.053991+00:00,0x2A6,00000633FFFFC096
2026-09-25T16:47:13.054235+00:00,0x2A7,FFFFFAFE000024AF
2026-09-25T16:47:13.054475+00:00,0x2A9,FFFF949B00000000
2026-09-25T16:47:13.058077+00:00,0x2A1,0100020001000000
2026-09-25T16:47:13.060141+00:00,0x2A5,00001028FFFF7C6C
2026-09-25T16:47:13.060343+00:00,0x2A6,00000633FFFFC09A
2026-09-25T16:47:13.060531+00:00,0x2A7,FFFFFAF8000024AF
2026-09-25T16:47:13.060893+00:00,0x2A9,FFFF949B00000000
2026-09-25T16:47:13.061163+00:00,0x2A1,0100020001000000
2026-09-25T16:47:13.063516+00:00,0x2A5,00001028FFFF7C6C
2026-09-25T16:47:13.063720+00:00,0x2A6,00000633FFFFC09A
2026-09-25T16:47:13.063991+00:00,0x2A7,FFFFFAF8000024A8
2026-09-25T16:47:13.064192+00:00,0x2A9,FFFF949300000000
2026-09-25T16:47:13.066221+00:00,0x2A1,0100020001000000
2026-09-25T16:47:13.068898+00:00,0x2A5,0000102BFFFF7C6C
2026-09-25T16:47:13.069059+00:00,0x2A6,00000633FFFFC0A0
2026-09-25T16:47:13.069257+00:00,0x2A7,FFFFFAF8000024A8
2026-09-25T16:47:13.069497+00:00,0x2A9,FFFF949300000000
2026-09-25T16:47:13.071448+00:00,0x2A1,0100020001000000
2026-09-25T16:47:13.075990+00:00,0x2A5,0000102EFFFF7C6C
2026-09-25T16:47:13.076235+00:00,0x2A6,00000633FFFFC0A4
2026-09-25T16:47:13.076517+00:00,0x2A7,FFFFFAF8000024A8
2026-09-25T16:47:13.076763+00:00,0x2A9,FFFF949300000000
2026-09-25T16:47:13.077896+00:00,0x2A1,0100020001000000
2026-09-25T16:47:13.079896+00:00,0x2A5,00001032FFFF7C6C
2026-09-25T16:47:13.080141+00:00,0x2A6,00000633FFFFC0A4
2026-09-25T16:47:13.080343+00:00,0x2A7,FFFFFAF0000024A8
2026-09-25T16:47:13.080531+00:00,0x2A9,FFFF949300000000
2026-09-25T16:47:13.081178+00:00,0x2A1,0100020001000000
2026-09-25T16:47:13.083386+00:00,0x2A5,00001032FFFF7C6C
2026-09-25T16:47:13.083580+00:00,0x2A6,00000633FFFFC0A4
2026-09-25T16:47:13.083871+00:00,0x2A7,FFFFFAF000002495
2026-09-25T16:47:13.084034+00:00,0x2A9,FFFF949300000000
2026-09-25T16:47:13.086160+00:00,0x2A1,0100020001000000
2026-09-25T16:47:13.087720+00:00,0x2A5,00001035FFFF7C6C
2026-09-25T16:47:13.087947+00:00,0x2A6,00000633FFFFC0A8
2026-09-25T16:47:13.088192+00:00,0x2A7,FFFFFAF000002496
2026-09-25T16:47:13.088388+00:00,0x2A9,FFFF949300000000
2026-09-25T16:47:13.091220+00:00,0x2A1,0100020001000000
2026-09-25T16:47:13.096498+00:00,0x2A5,0000103BFFFF7C6C
2026-09-25T16:47:13.096894+00:00,0x2A6,00000633FFFFC0AC
2026-09-25T16:47:13.097118+00:00,0x2A7,FFFFFAEF00002496
2026-09-25T16:47:13.097362+00:00,0x2A9,FFFF949300000000
2026-09-25T16:47:13.097609+00:00,0x2A1,0100020001000000
2026-09-25T16:47:13.099869+00:00,0x2A5,0000103BFFFF7C6C
2026-09-25T16:47:13.100126+00:00,0x2A6,00000633FFFFC0AC
2026-09-25T16:47:13.100406+00:00,0x2A7,FFFFFAE800002493
2026-09-25T16:47:13.100610+00:00,0x2A9,FFFF949200000000
2026-09-25T16:47:13.102017+00:00,0x2A1,0100020001000000
2026-09-25T16:47:13.104284+00:00,0x2A5,0000103EFFFF7C6C
2026-09-25T16:47:13.104557+00:00,0x2A6,00000633FFFFC0B0
2026-09-25T16:47:13.104896+00:00,0x2A7,FFFFFAE800002490
2026-09-25T16:47:13.105119+00:00,0x2A9,FFFF949200000000
2026-09-25T16:47:13.106288+00:00,0x2A1,0100020001000000
2026-09-25T16:47:13.108895+00:00,0x2A5,00001042FFFF7C6C
2026-09-25T16:47:13.109033+00:00,0x2A6,00000633FFFFC0B0
2026-09-25T16:47:13.109277+00:00,0x2A7,FFFFFAE80000248E
2026-09-25T16:47:13.109508+00:00,0x2A9,FFFF949000000000
2026-09-25T16:47:13.111231+00:00,0x2A1,0100020001000000
2026-09-25T16:47:13.115277+00:00,0x2A5,0000104BFFFF7C6C
2026-09-25T16:47:13.115517+00:00,0x2A6,00000633FFFFC0B4
2026-09-25T16:47:13.115762+00:00,0x2A7,FFFFFAE80000248E
2026-09-25T16:47:13.116676+00:00,0x2A9,FFFF948C00000000
2026-09-25T16:47:13.116947+00:00,0x2A1,0100020001000000
2026-09-25T16:47:13.118948+00:00,0x2A5,00001054FFFF7C6C
2026-09-25T16:47:13.119192+00:00,0x2A6,00000633FFFFC0B4
2026-09-25T16:47:13.119389+00:00,0x2A7,FFFFFAE800002489
2026-09-25T16:47:13.119636+00:00,0x2A9,FFFF948C00000000
2026-09-25T16:47:13.121178+00:00,0x2A1,0100020001000000
2026-09-25T16:47:13.123610+00:00,0x2A5,00001054FFFF7C6A
2026-09-25T16:47:13.123873+00:00,0x2A6,00000633FFFFC0B4
2026-09-25T16:47:13.124077+00:00,0x2A7,FFFFFAE800002489
2026-09-25T16:47:13.124278+00:00,0x2A9,FFFF948B00000000
2026-09-25T16:47:13.126177+00:00,0x2A1,0100020001000000
2026-09-25T16:47:13.128432+00:00,0x2A5,0000105CFFFF7C6A
2026-09-25T16:47:13.128634+00:00,0x2A6,00000633FFFFC0B8
2026-09-25T16:47:13.128896+00:00,0x2A7,FFFFFADF00002489
2026-09-25T16:47:13.129098+00:00,0x2A9,FFFF948B00000000
2026-09-25T16:47:13.132394+00:00,0x2A1,0100020001000000
2026-09-25T16:47:13.136078+00:00,0x2A5,00001064FFFF7C6A
2026-09-25T16:47:13.136321+00:00,0x2A6,00000633FFFFC0B8
2026-09-25T16:47:13.137321+00:00,0x2A7,FFFFFADD00002480
2026-09-25T16:47:13.137559+00:00,0x2A9,FFFF948B00000000
2026-09-25T16:47:13.137896+00:00,0x2A1,0100020001000000
2026-09-25T16:47:13.139871+00:00,0x2A5,00001064FFFF7C68
2026-09-25T16:47:13.140034+00:00,0x2A6,00000633FFFFC0BC
2026-09-25T16:47:13.140278+00:00,0x2A7,FFFFFADD0000247C
2026-09-25T16:47:13.140475+00:00,0x2A9,FFFF948B00000000
2026-09-25T16:47:13.141309+00:00,0x2A1,0100020001000000
2026-09-25T16:47:13.144145+00:00,0x2A5,00001068FFFF7C65
2026-09-25T16:47:13.144343+00:00,0x2A6,00000633FFFFC0BC
2026-09-25T16:47:13.144532+00:00,0x2A7,FFFFFAD70000247A
2026-09-25T16:47:13.144876+00:00,0x2A9,FFFF948B00000000
2026-09-25T16:47:13.146207+00:00,0x2A1,0100020001000000
2026-09-25T16:47:13.148343+00:00,0x2A5,0000106DFFFF7C65
2026-09-25T16:47:13.148632+00:00,0x2A6,00000633FFFFC0C4
2026-09-25T16:47:13.148895+00:00,0x2A7,FFFFFAD70000247A
2026-09-25T16:47:13.149185+00:00,0x2A9,FFFF948800000000
2026-09-25T16:47:13.151246+00:00,0x2A1,0100020001000000
2026-09-25T16:47:13.153763+00:00,0x2A5,00001072FFFF7C65
2026-09-25T16:47:13.153991+00:00,0x2A6,00000633FFFFC0C4
2026-09-25T16:47:13.154235+00:00,0x2A7,FFFFFAD700002475
2026-09-25T16:47:13.154475+00:00,0x2A9,FFFF948800000000
2026-09-25T16:47:13.158343+00:00,0x2A1,0100020001000000
2026-09-25T16:47:13.160580+00:00,0x2A5,00001072FFFF7C63
2026-09-25T16:47:13.160871+00:00,0x2A6,00000633FFFFC0C7
2026-09-25T16:47:13.161034+00:00,0x2A7,FFFFFAD70000246F
2026-09-25T16:47:13.161279+00:00,0x2A9,FFFF948800000000
2026-09-25T16:47:13.161510+00:00,0x2A1,0100020001000000
2026-09-25T16:47:13.163532+00:00,0x2A5,00001074FFFF7C60
2026-09-25T16:47:13.163876+00:00,0x2A6,00000633FFFFC0CF
2026-09-25T16:47:13.164034+00:00,0x2A7,FFFFFACE0000246F
2026-09-25T16:47:13.164278+00:00,0x2A9,FFFF948300000000
2026-09-25T16:47:13.166157+00:00,0x2A1,0100020001000000
2026-09-25T16:47:13.168510+00:00,0x2A5,0000107EFFFF7C60
2026-09-25T16:47:13.168720+00:00,0x2A6,00000633FFFFC0CF
2026-09-25T16:47:13.168952+00:00,0x2A7,FFFFFACE0000246D
2026-09-25T16:47:13.169144+00:00,0x2A9,FFFF948300000000
2026-09-25T16:47:13.175589+00:00,0x2A1,0100020001000000
2026-09-25T16:47:13.175992+00:00,0x2A5,0000107EFFFF7C60
2026-09-25T16:47:13.176236+00:00,0x2A6,00000633FFFFC0D3
2026-09-25T16:47:13.176476+00:00,0x2A7,FFFFFACE0000246C
2026-09-25T16:47:13.176677+00:00,0x2A9,FFFF948300000000
2026-09-25T16:47:13.177908+00:00,0x2A1,0100020001000000
2026-09-25T16:47:13.179872+00:00,0x2A5,00001086FFFF7C60
2026-09-25T16:47:13.180035+00:00,0x2A6,00000633FFFFC0D6
2026-09-25T16:47:13.180236+00:00,0x2A7,FFFFFAC900002467
2026-09-25T16:47:13.180476+00:00,0x2A9,FFFF948300000000
2026-09-25T16:47:13.181204+00:00,0x2A1,0100020001000000
2026-09-25T16:47:13.183514+00:00,0x2A5,0000108AFFFF7C60
2026-09-25T16:47:13.183764+00:00,0x2A6,00000633FFFFC0D7
2026-09-25T16:47:13.183992+00:00,0x2A7,FFFFFAC000002467
2026-09-25T16:47:13.184236+00:00,0x2A9,FFFF947E00000000
2026-09-25T16:47:13.186763+00:00,0x2A1,0100020001000000
2026-09-25T16:47:13.188948+00:00,0x2A5,0000109CFFFF7C60
2026-09-25T16:47:13.189144+00:00,0x2A6,00000633FFFFC0D7
2026-09-25T16:47:13.189343+00:00,0x2A7,FFFFFAC000002465
2026-09-25T16:47:13.189580+00:00,0x2A9,FFFF947E00000000
2026-09-25T16:47:13.191231+00:00,0x2A1,0100020001000000
2026-09-25T16:47:13.194236+00:00,0x2A5,0000109CFFFF7C5D
2026-09-25T16:47:13.194475+00:00,0x2A6,00000633FFFFC0DB
2026-09-25T16:47:13.194877+00:00,0x2A7,FFFFFABC00002460
2026-09-25T16:47:13.195078+00:00,0x2A9,FFFF947A00000000
2026-09-25T16:47:13.197949+00:00,0x2A1,0100020001000000
2026-09-25T16:47:13.198193+00:00,0x2A5,0000109AFFFF7C5D
2026-09-25T16:47:13.198390+00:00,0x2A6,00000633FFFFC0DB
2026-09-25T16:47:13.198637+00:00,0x2A7,FFFFFABC00002460
2026-09-25T16:47:13.198883+00:00,0x2A9,FFFF947A00000000
2026-09-25T16:47:13.203991+00:00,0x2A1,0100020001000000
2026-09-25T16:47:13.204235+00:00,0x2A5,000010A3FFFF7C5D
2026-09-25T16:47:13.204475+00:00,0x2A6,00000633FFFFC0DB
2026-09-25T16:47:13.204763+00:00,0x2A7,FFFFFAB200002459
2026-09-25T16:47:13.204991+00:00,0x2A9,FFFF947A00000000
2026-09-25T16:47:13.206329+00:00,0x2A1,0100020001000000
2026-09-25T16:47:13.210033+00:00,0x2A5,000010A3FFFF7C5D
2026-09-25T16:47:13.210259+00:00,0x2A6,00000633FFFFC0DF
2026-09-25T16:47:13.210474+00:00,0x2A7,FFFFFAAE00002457
2026-09-25T16:47:13.210720+00:00,0x2A9,FFFF947A00000000
2026-09-25T16:47:13.211257+00:00,0x2A1,0100020001000000
2026-09-25T16:47:13.213162+00:00,0x2A5,000010A7FFFF7C5D
2026-09-25T16:47:13.213407+00:00,0x2A6,00000633FFFFC0DF
2026-09-25T16:47:13.213654+00:00,0x2A7,FFFFFAAE00002457
2026-09-25T16:47:13.213898+00:00,0x2A9,FFFF947A00000000
2026-09-25T16:47:13.217589+00:00,0x2A1,0100020001000000
2026-09-25T16:47:13.219720+00:00,0x2A5,000010A7FFFF7C5B
2026-09-25T16:47:13.219991+00:00,0x2A6,00000633FFFFC0DF
2026-09-25T16:47:13.220192+00:00,0x2A7,FFFFFAAE00002452
2026-09-25T16:47:13.220390+00:00,0x2A9,FFFF947500000000
2026-09-25T16:47:13.221636+00:00,0x2A1,0100020001000000
2026-09-25T16:47:13.223872+00:00,0x2A5,000010B1FFFF7C5B
2026-09-25T16:47:13.224035+00:00,0x2A6,00000633FFFFC0DF
2026-09-25T16:47:13.224279+00:00,0x2A7,FFFFFAA500002452
2026-09-25T16:47:13.224476+00:00,0x2A9,FFFF947500000000
2026-09-25T16:47:13.226178+00:00,0x2A1,0100020001000000
2026-09-25T16:47:13.228279+00:00,0x2A5,000010B1FFFF7C5B
2026-09-25T16:47:13.228476+00:00,0x2A6,00000633FFFFC0E2
2026-09-25T16:47:13.228720+00:00,0x2A7,FFFFFAA10000244A
2026-09-25T16:47:13.228949+00:00,0x2A9,FFFF947500000000
2026-09-25T16:47:13.231200+00:00,0x2A1,0100020001000000
2026-09-25T16:47:13.233888+00:00,0x2A5,000010B1FFFF7C56
2026-09-25T16:47:13.234079+00:00,0x2A6,00000633FFFFC0E2
2026-09-25T16:47:13.234322+00:00,0x2A7,FFFFFAA10000244A
2026-09-25T16:47:13.234560+00:00,0x2A9,FFFF947100000000
2026-09-25T16:47:13.237078+00:00,0x2A1,0100020001000000
2026-09-25T16:47:13.239036+00:00,0x2A5,000010B7FFFF7C56
2026-09-25T16:47:13.239279+00:00,0x2A6,00000633FFFFC0E2
2026-09-25T16:47:13.239476+00:00,0x2A7,FFFFFA9D00002445
2026-09-25T16:47:13.239678+00:00,0x2A9,FFFF947100000000
2026-09-25T16:47:13.242142+00:00,0x2A1,0100020001000000
2026-09-25T16:47:13.244099+00:00,0x2A5,000010B7FFFF7C56
2026-09-25T16:47:13.244344+00:00,0x2A6,00000633FFFFC0E6
2026-09-25T16:47:13.244533+00:00,0x2A7,FFFFFA980000243E
2026-09-25T16:47:13.244894+00:00,0x2A9,FFFF947100000000
2026-09-25T16:47:13.246165+00:00,0x2A1,0100020001000000
2026-09-25T16:47:13.248390+00:00,0x2A5,000010B7FFFF7C51
2026-09-25T16:47:13.248637+00:00,0x2A6,00000633FFFFC0E6
2026-09-25T16:47:13.248883+00:00,0x2A7,FFFFFA980000243E
2026-09-25T16:47:13.249079+00:00,0x2A9,FFFF947100000000
2026-09-25T16:47:13.251223+00:00,0x2A1,0100020001000000
2026-09-25T16:47:13.255387+00:00,0x2A5,000010BEFFFF7C4A
2026-09-25T16:47:13.256264+00:00,0x2A6,00000633FFFFC0EA
2026-09-25T16:47:13.256521+00:00,0x2A7,FFFFFA940000243E
2026-09-25T16:47:13.256889+00:00,0x2A9,FFFF946D00000000
2026-09-25T16:47:13.259998+00:00,0x2A1,0100020001000000
2026-09-25T16:47:13.262035+00:00,0x2A5,000010BEFFFF7C4A
2026-09-25T16:47:13.262389+00:00,0x2A6,00000633FFFFC0EA
2026-09-25T16:47:13.262656+00:00,0x2A7,FFFFFA8C00002438
2026-09-25T16:47:13.263017+00:00,0x2A9,FFFF946D00000000
2026-09-25T16:47:13.263511+00:00,0x2A1,0100020001000000
2026-09-25T16:47:13.265895+00:00,0x2A5,000010BEFFFF7C4A
2026-09-25T16:47:13.266185+00:00,0x2A6,00000633FFFFC0EA
2026-09-25T16:47:13.266473+00:00,0x2A7,FFFFFA8B00002431
2026-09-25T16:47:13.266676+00:00,0x2A9,FFFF946800000000
2026-09-25T16:47:13.267873+00:00,0x2A1,0100020001000000
2026-09-25T16:47:13.269877+00:00,0x2A5,000010C8FFFF7C45
2026-09-25T16:47:13.270079+00:00,0x2A6,00000633FFFFC0F2
2026-09-25T16:47:13.270323+00:00,0x2A7,FFFFFA8B00002431
2026-09-25T16:47:13.270519+00:00,0x2A9,FFFF946800000000
2026-09-25T16:47:13.271223+00:00,0x2A1,0100020001000000
2026-09-25T16:47:13.273908+00:00,0x2A5,000010C8FFFF7C45
2026-09-25T16:47:13.274079+00:00,0x2A6,00000633FFFFC0F2
2026-09-25T16:47:13.274322+00:00,0x2A7,FFFFFA8700002428
2026-09-25T16:47:13.274792+00:00,0x2A9,FFFF946800000000
2026-09-25T16:47:13.278193+00:00,0x2A1,0100020001000000
2026-09-25T16:47:13.280193+00:00,0x2A5,000010C8FFFF7C3E
2026-09-25T16:47:13.280433+00:00,0x2A6,00000633FFFFC0FD
2026-09-25T16:47:13.280635+00:00,0x2A7,FFFFFA8200002422
2026-09-25T16:47:13.280875+00:00,0x2A9,FFFF946800000000
2026-09-25T16:47:13.281164+00:00,0x2A1,0100020001000000
2026-09-25T16:47:13.283581+00:00,0x2A5,000010DCFFFF7C3B
2026-09-25T16:47:13.283872+00:00,0x2A6,00000633FFFFC102
2026-09-25T16:47:13.284035+00:00,0x2A7,FFFFFA8200002422
2026-09-25T16:47:13.284279+00:00,0x2A9,FFFF945F00000000
2026-09-25T16:47:13.286161+00:00,0x2A1,0100020001000000
2026-09-25T16:47:13.288476+00:00,0x2A5,000010E0FFFF7C3B
2026-09-25T16:47:13.288678+00:00,0x2A6,00000633FFFFC109
2026-09-25T16:47:13.288897+00:00,0x2A7,FFFFFA7E0000241C
2026-09-25T16:47:13.289142+00:00,0x2A9,FFFF945F00000000
2026-09-25T16:47:13.291226+00:00,0x2A1,0100020001000000
2026-09-25T16:47:13.295722+00:00,0x2A5,000010EAFFFF7C34
2026-09-25T16:47:13.295992+00:00,0x2A6,00000633FFFFC10D
2026-09-25T16:47:13.296261+00:00,0x2A7,FFFFFA7A0000241B
2026-09-25T16:47:13.296519+00:00,0x2A9,FFFF945F00000000
2026-09-25T16:47:13.297765+00:00,0x2A1,0100020001000000
2026-09-25T16:47:13.297992+00:00,0x2A5,000010EAFFFF7C33
2026-09-25T16:47:13.298194+00:00,0x2A6,00000633FFFFC10D
2026-09-25T16:47:13.298434+00:00,0x2A7,FFFFFA7A00002416
2026-09-25T16:47:13.298635+00:00,0x2A9,FFFF945F00000000
2026-09-25T16:47:13.301232+00:00,0x2A1,0100020001000000
2026-09-25T16:47:13.303327+00:00,0x2A5,000010F4FFFF7C31
2026-09-25T16:47:13.303565+00:00,0x2A6,00000633FFFFC111
2026-09-25T16:47:13.303769+00:00,0x2A7,FFFFFA7800002416
2026-09-25T16:47:13.303993+00:00,0x2A9,FFFF945F00000000
2026-09-25T16:47:13.306180+00:00,0x2A1,0100020001000000
2026-09-25T16:47:13.308993+00:00,0x2A5,000010F8FFFF7C31
2026-09-25T16:47:13.309194+00:00,0x2A6,00000633FFFFC119
2026-09-25T16:47:13.309434+00:00,0x2A7,FFFFFA7100002407
2026-09-25T16:47:13.309679+00:00,0x2A9,FFFF945F00000000
2026-09-25T16:47:13.312234+00:00,0x2A1,0100020001000000
2026-09-25T16:47:13.314477+00:00,0x2A5,000010F8FFFF7C2F
2026-09-25T16:47:13.314722+00:00,0x2A6,00000633FFFFC119
2026-09-25T16:47:13.314993+00:00,0x2A7,FFFFFA6E00002402
2026-09-25T16:47:13.315237+00:00,0x2A9,FFFF945B00000000
2026-09-25T16:47:13.318237+00:00,0x2A1,0100020001000000
2026-09-25T16:47:13.320241+00:00,0x2A5,000010FFFFFF7C2F
2026-09-25T16:47:13.320438+00:00,0x2A6,00000633FFFFC11D
2026-09-25T16:47:13.320640+00:00,0x2A7,FFFFFA6E00002402
2026-09-25T16:47:13.320898+00:00,0x2A9,FFFF945B00000000
2026-09-25T16:47:13.322322+00:00,0x2A1,0100020001000000
2026-09-25T16:47:13.324344+00:00,0x2A5,00001109FFFF7C2F
2026-09-25T16:47:13.324582+00:00,0x2A6,00000633FFFFC11D
2026-09-25T16:47:13.324872+00:00,0x2A7,FFFFFA6900002400
2026-09-25T16:47:13.325035+00:00,0x2A9,FFFF945700000000
2026-09-25T16:47:13.326203+00:00,0x2A1,0100020001000000
2026-09-25T16:47:13.328345+00:00,0x2A5,00001112FFFF7C2D
2026-09-25T16:47:13.328533+00:00,0x2A6,00000633FFFFC121
2026-09-25T16:47:13.328877+00:00,0x2A7,FFFFFA65000023F3
2026-09-25T16:47:13.328993+00:00,0x2A9,FFFF945700000000
2026-09-25T16:47:13.331202+00:00,0x2A1,0100020001000000
2026-09-25T16:47:13.334279+00:00,0x2A5,00001112FFFF7C2D
2026-09-25T16:47:13.334516+00:00,0x2A6,00000633FFFFC121
2026-09-25T16:47:13.334766+00:00,0x2A7,FFFFFA60000023F3
2026-09-25T16:47:13.334997+00:00,0x2A9,FFFF945700000000
2026-09-25T16:47:13.336872+00:00,0x2A1,0100020001000000
2026-09-25T16:47:13.338948+00:00,0x2A5,0000111EFFFF7C2D
2026-09-25T16:47:13.339145+00:00,0x2A6,00000633FFFFC125
2026-09-25T16:47:13.339387+00:00,0x2A7,FFFFFA60000023F3
2026-09-25T16:47:13.339590+00:00,0x2A9,FFFF945200000000
2026-09-25T16:47:13.341185+00:00,0x2A1,0100020001000000
2026-09-25T16:47:13.343721+00:00,0x2A5,0000112DFFFF7C2D
2026-09-25T16:47:13.343949+00:00,0x2A6,00000633FFFFC12C
2026-09-25T16:47:13.344145+00:00,0x2A7,FFFFFA5C000023DF
2026-09-25T16:47:13.344387+00:00,0x2A9,FFFF945200000000
2026-09-25T16:47:13.346178+00:00,0x2A1,0100020001000000
2026-09-25T16:47:13.348323+00:00,0x2A5,0000112DFFFF7C2D
2026-09-25T16:47:13.348560+00:00,0x2A6,00000633FFFFC12C
2026-09-25T16:47:13.348766+00:00,0x2A7,FFFFFA56000023D5
2026-09-25T16:47:13.348993+00:00,0x2A9,FFFF945200000000
2026-09-25T16:47:13.351955+00:00,0x2A1,0100020001000000
2026-09-25T16:47:13.352392+00:00,0x2A5,00001128FFFF7C2C
2026-09-25T16:47:13.353095+00:00,0x2A6,00000633FFFFC12E
2026-09-25T16:47:13.353313+00:00,0x2A7,FFFFFA56000023DB
2026-09-25T16:47:13.353544+00:00,0x2A9,FFFF944E00000000
2026-09-25T16:47:13.357876+00:00,0x2A1,0100020001000000
2026-09-25T16:47:13.360394+00:00,0x2A5,00001136FFFF7C2C
2026-09-25T16:47:13.360638+00:00,0x2A6,00000633FFFFC130
2026-09-25T16:47:13.360974+00:00,0x2A7,FFFFFA53000023DB
2026-09-25T16:47:13.361240+00:00,0x2A9,FFFF944E00000000
2026-09-25T16:47:13.361683+00:00,0x2A1,0100020001000000
2026-09-25T16:47:13.365638+00:00,0x2A5,00001138FFFF7C28
2026-09-25T16:47:13.365905+00:00,0x2A6,00000633FFFFC138
2026-09-25T16:47:13.366280+00:00,0x2A7,FFFFFA4F000023CF
2026-09-25T16:47:13.366561+00:00,0x2A9,FFFF944E00000000
2026-09-25T16:47:13.366919+00:00,0x2A1,0100020001000000
2026-09-25T16:47:13.369263+00:00,0x2A5,00001138FFFF7C28
2026-09-25T16:47:13.369477+00:00,0x2A6,00000633FFFFC138
2026-09-25T16:47:13.369722+00:00,0x2A7,FFFFFA46000023B5
2026-09-25T16:47:13.369993+00:00,0x2A9,FFFF944E00000000
2026-09-25T16:47:13.371246+00:00,0x2A1,0100020001000000
2026-09-25T16:47:13.374366+00:00,0x2A5,0000113DFFFF7C28
2026-09-25T16:47:13.374561+00:00,0x2A6,00000633FFFFC13C
2026-09-25T16:47:13.374898+00:00,0x2A7,FFFFFA46000023B5
2026-09-25T16:47:13.375036+00:00,0x2A9,FFFF944900000000
2026-09-25T16:47:13.377883+00:00,0x2A1,0100020001000000
2026-09-25T16:47:13.379874+00:00,0x2A5,0000114BFFFF7C28
2026-09-25T16:47:13.380079+00:00,0x2A6,00000633FFFFC13C
2026-09-25T16:47:13.380323+00:00,0x2A7,FFFFFA46000023B5
2026-09-25T16:47:13.380512+00:00,0x2A9,FFFF944900000000
2026-09-25T16:47:13.381232+00:00,0x2A1,0100020001000000
2026-09-25T16:47:13.383323+00:00,0x2A5,0000114BFFFF7C25
2026-09-25T16:47:13.383561+00:00,0x2A6,00000633FFFFC13C
2026-09-25T16:47:13.383766+00:00,0x2A7,FFFFFA3D000023B5
2026-09-25T16:47:13.383993+00:00,0x2A9,FFFF944900000000
2026-09-25T16:47:13.386171+00:00,0x2A1,0100020001000000
2026-09-25T16:47:13.388721+00:00,0x2A5,0000114AFFFF7C23
2026-09-25T16:47:13.388949+00:00,0x2A6,00000633FFFFC140
2026-09-25T16:47:13.389194+00:00,0x2A7,FFFFFA3D000023B5
2026-09-25T16:47:13.389390+00:00,0x2A9,FFFF944500000000
2026-09-25T16:47:13.391191+00:00,0x2A1,0100020001000000
2026-09-25T16:47:13.394280+00:00,0x2A5,0000115FFFFF7C23
2026-09-25T16:47:13.394477+00:00,0x2A6,00000633FFFFC144
2026-09-25T16:47:13.394722+00:00,0x2A7,FFFFFA39000023A9
2026-09-25T16:47:13.394950+00:00,0x2A9,FFFF944000000000
2026-09-25T16:47:13.397765+00:00,0x2A1,0100020001000000
2026-09-25T16:47:13.399874+00:00,0x2A5,0000116BFFFF7C23
2026-09-25T16:47:13.400122+00:00,0x2A6,00000633FFFFC144
2026-09-25T16:47:13.400366+00:00,0x2A7,FFFFFA340000239E
2026-09-25T16:47:13.400561+00:00,0x2A9,FFFF944000000000
2026-09-25T16:47:13.401247+00:00,0x2A1,0100020001000000
2026-09-25T16:47:13.403323+00:00,0x2A5,0000116BFFFF7C23
2026-09-25T16:47:13.403561+00:00,0x2A6,00000633FFFFC144
2026-09-25T16:47:13.403880+00:00,0x2A7,FFFFFA300000239E
2026-09-25T16:47:13.404036+00:00,0x2A9,FFFF944000000000
2026-09-25T16:47:13.406266+00:00,0x2A1,0100020001000000
2026-09-25T16:47:13.407561+00:00,0x2A5,00001176FFFF7C20
2026-09-25T16:47:13.407773+00:00,0x2A6,00000633FFFFC147
2026-09-25T16:47:13.407993+00:00,0x2A7,FFFFFA300000239E
2026-09-25T16:47:13.408237+00:00,0x2A9,FFFF944000000000
2026-09-25T16:47:13.411244+00:00,0x2A1,0100020001000000
2026-09-25T16:47:13.415634+00:00,0x2A5,00001186FFFF7C20
2026-09-25T16:47:13.415956+00:00,0x2A6,00000633FFFFC14B
2026-09-25T16:47:13.416237+00:00,0x2A7,FFFFFA2B00002398
2026-09-25T16:47:13.416518+00:00,0x2A9,FFFF944000000000
2026-09-25T16:47:13.418765+00:00,0x2A1,0100020001000000
2026-09-25T16:47:13.420679+00:00,0x2A5,00001186FFFF7C20
2026-09-25T16:47:13.420949+00:00,0x2A6,00000633FFFFC14B
2026-09-25T16:47:13.421280+00:00,0x2A7,FFFFFA2700002394
2026-09-25T16:47:13.421629+00:00,0x2A9,FFFF943C00000000
2026-09-25T16:47:13.423166+00:00,0x2A1,0100020001000000
2026-09-25T16:47:13.425345+00:00,0x2A5,0000118BFFFF7C1B
2026-09-25T16:47:13.425583+00:00,0x2A6,00000633FFFFC14B
2026-09-25T16:47:13.425874+00:00,0x2A7,FFFFFA2700002394
2026-09-25T16:47:13.426122+00:00,0x2A9,FFFF943800000000
2026-09-25T16:47:13.426362+00:00,0x2A1,0100020001000000
2026-09-25T16:47:13.428720+00:00,0x2A5,00001198FFFF7C1B
2026-09-25T16:47:13.428994+00:00,0x2A6,00000633FFFFC14F
2026-09-25T16:47:13.429195+00:00,0x2A7,FFFFFA1C00002390
2026-09-25T16:47:13.429435+00:00,0x2A9,FFFF943800000000
2026-09-25T16:47:13.431181+00:00,0x2A1,0100020001000000
2026-09-25T16:47:13.434144+00:00,0x2A5,000011A7FFFF7C1B
2026-09-25T16:47:13.434346+00:00,0x2A6,00000633FFFFC153
2026-09-25T16:47:13.434535+00:00,0x2A7,FFFFFA1500002389
2026-09-25T16:47:13.434872+00:00,0x2A9,FFFF943800000000
2026-09-25T16:47:13.436656+00:00,0x2A1,0100020001000000
2026-09-25T16:47:13.438767+00:00,0x2A5,000011A7FFFF7C1B
2026-09-25T16:47:13.438993+00:00,0x2A6,00000633FFFFC153
2026-09-25T16:47:13.439237+00:00,0x2A7,FFFFFA1500002382
2026-09-25T16:47:13.439477+00:00,0x2A9,FFFF943300000000
2026-09-25T16:47:13.441181+00:00,0x2A1,0100020001000000
2026-09-25T16:47:13.443478+00:00,0x2A5,000011B5FFFF7C19
2026-09-25T16:47:13.443679+00:00,0x2A6,00000633FFFFC153
2026-09-25T16:47:13.443898+00:00,0x2A7,FFFFFA1500002382
2026-09-25T16:47:13.444143+00:00,0x2A9,FFFF943100000000
2026-09-25T16:47:13.446285+00:00,0x2A1,0100020001000000
2026-09-25T16:47:13.448346+00:00,0x2A5,000011BDFFFF7C19
2026-09-25T16:47:13.448534+00:00,0x2A6,00000633FFFFC157
2026-09-25T16:47:13.448895+00:00,0x2A7,FFFFFA080000237B
2026-09-25T16:47:13.448994+00:00,0x2A9,FFFF943100000000
2026-09-25T16:47:13.451950+00:00,0x2A1,0100020001000000
2026-09-25T16:47:13.454884+00:00,0x2A5,000011BDFFFF7C19
2026-09-25T16:47:13.455037+00:00,0x2A6,00000633FFFFC157
2026-09-25T16:47:13.455280+00:00,0x2A7,FFFFFA0400002378
2026-09-25T16:47:13.455477+00:00,0x2A9,FFFF943000000000
2026-09-25T16:47:13.457993+00:00,0x2A1,0100020001000000
2026-09-25T16:47:13.460080+00:00,0x2A5,000011C5FFFF7C16
2026-09-25T16:47:13.460281+00:00,0x2A6,00000633FFFFC15B
2026-09-25T16:47:13.460521+00:00,0x2A7,FFFFFA0400002378
2026-09-25T16:47:13.460726+00:00,0x2A9,FFFF942B00000000
2026-09-25T16:47:13.461175+00:00,0x2A1,0100020001000000
2026-09-25T16:47:13.464391+00:00,0x2A5,000011C9FFFF7C16
2026-09-25T16:47:13.464638+00:00,0x2A6,00000633FFFFC163
2026-09-25T16:47:13.464906+00:00,0x2A7,FFFFF9FF00002372
2026-09-25T16:47:13.465194+00:00,0x2A9,FFFF942B00000000
2026-09-25T16:47:13.466268+00:00,0x2A1,0100020001000000
2026-09-25T16:47:13.468080+00:00,0x2A5,000011D9FFFF7C12
2026-09-25T16:47:13.468367+00:00,0x2A6,00000633FFFFC16F
2026-09-25T16:47:13.468605+00:00,0x2A7,FFFFF9FB0000236D
2026-09-25T16:47:13.468896+00:00,0x2A9,FFFF942B00000000
2026-09-25T16:47:13.471281+00:00,0x2A1,0100020001000000
2026-09-25T16:47:13.475238+00:00,0x2A5,000011D9FFFF7C11
2026-09-25T16:47:13.475478+00:00,0x2A6,00000633FFFFC16F
2026-09-25T16:47:13.475723+00:00,0x2A7,FFFFF9EE0000236A
2026-09-25T16:47:13.476898+00:00,0x2A9,FFFF942700000000
2026-09-25T16:47:13.479723+00:00,0x2A1,0100020001000000
2026-09-25T16:47:13.481875+00:00,0x2A5,000011DCFFFF7C0A
2026-09-25T16:47:13.482123+00:00,0x2A6,00000633FFFFC176
2026-09-25T16:47:13.482324+00:00,0x2A7,FFFFF9EE0000236A
2026-09-25T16:47:13.482562+00:00,0x2A9,FFFF942700000000
2026-09-25T16:47:13.482898+00:00,0x2A1,0100020001000000
2026-09-25T16:47:13.484884+00:00,0x2A5,000011F6FFFF7C0A
2026-09-25T16:47:13.485124+00:00,0x2A6,00000633FFFFC17A
2026-09-25T16:47:13.485324+00:00,0x2A7,FFFFF9EE0000235F
2026-09-25T16:47:13.485561+00:00,0x2A9,FFFF942700000000
2026-09-25T16:47:13.486680+00:00,0x2A1,0100020001000000
2026-09-25T16:47:13.488722+00:00,0x2A5,000011F6FFFF7C07
2026-09-25T16:47:13.488950+00:00,0x2A6,00000633FFFFC17A
2026-09-25T16:47:13.489195+00:00,0x2A7,FFFFF9E00000235F
2026-09-25T16:47:13.489392+00:00,0x2A9,FFFF942500000000
2026-09-25T16:47:13.491260+00:00,0x2A1,0100020001000000
2026-09-25T16:47:13.493478+00:00,0x2A5,000011FFFFFF7C05
2026-09-25T16:47:13.493924+00:00,0x2A6,00000633FFFFC182
2026-09-25T16:47:13.494144+00:00,0x2A7,FFFFF9E00000235F
2026-09-25T16:47:13.494346+00:00,0x2A9,FFFF942200000000
2026-09-25T16:47:13.497884+00:00,0x2A1,0100020001000000
2026-09-25T16:47:13.499898+00:00,0x2A5,00001202FFFF7C05
2026-09-25T16:47:13.500101+00:00,0x2A6,00000633FFFFC18E
2026-09-25T16:47:13.500303+00:00,0x2A7,FFFFF9DD00002352
2026-09-25T16:47:13.500535+00:00,0x2A9,FFFF942300000000
2026-09-25T16:47:13.501204+00:00,0x2A1,0100020001000000
2026-09-25T16:47:13.503635+00:00,0x2A5,00001209FFFF7C00
2026-09-25T16:47:13.503875+00:00,0x2A6,00000633FFFFC192
2026-09-25T16:47:13.504080+00:00,0x2A7,FFFFF9D80000234F
2026-09-25T16:47:13.504281+00:00,0x2A9,FFFF942300000000
2026-09-25T16:47:13.506995+00:00,0x2A1,0100020001000000
2026-09-25T16:47:13.509037+00:00,0x2A5,00001209FFFF7BFE
2026-09-25T16:47:13.509281+00:00,0x2A6,00000633FFFFC192
2026-09-25T16:47:13.509478+00:00,0x2A7,FFFFF9CF0000234A
2026-09-25T16:47:13.509723+00:00,0x2A9,FFFF941E00000000
2026-09-25T16:47:13.511191+00:00,0x2A1,0100020001000000
2026-09-25T16:47:13.514147+00:00,0x2A5,00001214FFFF7BF9
2026-09-25T16:47:13.514389+00:00,0x2A6,00000633FFFFC195
2026-09-25T16:47:13.514592+00:00,0x2A7,FFFFF9CF0000234A
2026-09-25T16:47:13.514874+00:00,0x2A9,FFFF941E00000000
2026-09-25T16:47:13.516680+00:00,0x2A1,0100020001000000
2026-09-25T16:47:13.517906+00:00,0x2A5,00001217FFFF7BF9
2026-09-25T16:47:13.518103+00:00,0x2A6,00000633FFFFC19D
2026-09-25T16:47:13.518741+00:00,0x2A7,FFFFF9B300002343
2026-09-25T16:47:13.519398+00:00,0x2A9,FFFF941A00000000
2026-09-25T16:47:13.522512+00:00,0x2A1,0100020001000000
2026-09-25T16:47:13.524881+00:00,0x2A5,00001217FFFF7BEF
2026-09-25T16:47:13.525123+00:00,0x2A6,00000633FFFFC19D
2026-09-25T16:47:13.525367+00:00,0x2A7,FFFFF9B400002335
2026-09-25T16:47:13.525605+00:00,0x2A9,FFFF941A00000000
2026-09-25T16:47:13.526393+00:00,0x2A1,0100020001000000
2026-09-25T16:47:13.529562+00:00,0x2A5,0000121FFFFF7BEF
2026-09-25T16:47:13.529899+00:00,0x2A6,00000633FFFFC1A1
2026-09-25T16:47:13.530123+00:00,0x2A7,FFFFF9B40000232E
2026-09-25T16:47:13.530367+00:00,0x2A9,FFFF941100000000
2026-09-25T16:47:13.531562+00:00,0x2A1,0100020001000000
2026-09-25T16:47:13.533723+00:00,0x2A5,00001236FFFF7BEF
2026-09-25T16:47:13.533994+00:00,0x2A6,00000633FFFFC1A5
2026-09-25T16:47:13.534239+00:00,0x2A7,FFFFF9B40000232E
2026-09-25T16:47:13.534435+00:00,0x2A9,FFFF941100000000
2026-09-25T16:47:13.537037+00:00,0x2A1,0100020001000000
2026-09-25T16:47:13.539123+00:00,0x2A5,00001239FFFF7BE7
2026-09-25T16:47:13.539367+00:00,0x2A6,00000633FFFFC1A5
2026-09-25T16:47:13.539614+00:00,0x2A7,FFFFF9AE0000232A
2026-09-25T16:47:13.539875+00:00,0x2A9,FFFF941100000000
2026-09-25T16:47:13.541192+00:00,0x2A1,0100020001000000
2026-09-25T16:47:13.543281+00:00,0x2A5,00001239FFFF7BE0
2026-09-25T16:47:13.543513+00:00,0x2A6,00000633FFFFC1A5
2026-09-25T16:47:13.543747+00:00,0x2A7,FFFFF98900002323
2026-09-25T16:47:13.543994+00:00,0x2A9,FFFF940C00000000
2026-09-25T16:47:13.546223+00:00,0x2A1,0100020001000000
2026-09-25T16:47:13.548303+00:00,0x2A5,00001247FFFF7BDD
2026-09-25T16:47:13.548535+00:00,0x2A6,00000633FFFFC1A9
2026-09-25T16:47:13.548743+00:00,0x2A7,FFFFF9890000231B
2026-09-25T16:47:13.548994+00:00,0x2A9,FFFF940C00000000
2026-09-25T16:47:13.551168+00:00,0x2A1,0100020001000000
2026-09-25T16:47:13.553514+00:00,0x2A5,0000124DFFFF7BDD
2026-09-25T16:47:13.553766+00:00,0x2A6,00000633FFFFC1A9
2026-09-25T16:47:13.554037+00:00,0x2A7,FFFFF98A0000231B
2026-09-25T16:47:13.554238+00:00,0x2A9,FFFF940C00000000
2026-09-25T16:47:13.556767+00:00,0x2A1,0100020001000000
2026-09-25T16:47:13.558875+00:00,0x2A5,0000124DFFFF7BD5
2026-09-25T16:47:13.559037+00:00,0x2A6,00000633FFFFC1A9
2026-09-25T16:47:13.559238+00:00,0x2A7,FFFFF98A00002306
2026-09-25T16:47:13.559435+00:00,0x2A9,FFFF940400000000
2026-09-25T16:47:13.561236+00:00,0x2A1,0100020001000000
2026-09-25T16:47:13.562390+00:00,0x2A5,00001258FFFF7BD3
2026-09-25T16:47:13.562584+00:00,0x2A6,00000633FFFFC1AC
2026-09-25T16:47:13.562875+00:00,0x2A7,FFFFF98A00002307
2026-09-25T16:47:13.563081+00:00,0x2A9,FFFF940400000000
2026-09-25T16:47:13.566174+00:00,0x2A1,0100020001000000
2026-09-25T16:47:13.568436+00:00,0x2A5,00001265FFFF7BD3
2026-09-25T16:47:13.568638+00:00,0x2A6,00000633FFFFC1B0
2026-09-25T16:47:13.568877+00:00,0x2A7,FFFFF98700002307
2026-09-25T16:47:13.569080+00:00,0x2A9,FFFF940400000000
2026-09-25T16:47:13.572050+00:00,0x2A1,0100020001000000
2026-09-25T16:47:13.573562+00:00,0x2A5,00001273FFFF7BD1
2026-09-25T16:47:13.573899+00:00,0x2A6,00000633FFFFC1B0
2026-09-25T16:47:13.574080+00:00,0x2A7,FFFFF98700002300
2026-09-25T16:47:13.574325+00:00,0x2A9,FFFF940400000000
2026-09-25T16:47:13.580196+00:00,0x2A1,0100020001000000
2026-09-25T16:47:13.583195+00:00,0x2A5,00001273FFFF7BCE
2026-09-25T16:47:13.583478+00:00,0x2A6,00000633FFFFC1B0
2026-09-25T16:47:13.583723+00:00,0x2A7,FFFFF969000022ED
2026-09-25T16:47:13.584037+00:00,0x2A9,FFFF93FF00000000
2026-09-25T16:47:13.584282+00:00,0x2A1,0100020001000000
2026-09-25T16:47:13.586938+00:00,0x2A5,00001280FFFF7BCC
2026-09-25T16:47:13.587187+00:00,0x2A6,00000633FFFFC1B4
2026-09-25T16:47:13.587432+00:00,0x2A7,FFFFF969000022F0
2026-09-25T16:47:13.587635+00:00,0x2A9,FFFF93FF00000000
2026-09-25T16:47:13.588683+00:00,0x2A1,0100020001000000
2026-09-25T16:47:13.590637+00:00,0x2A5,00001285FFFF7BCC
2026-09-25T16:47:13.590878+00:00,0x2A6,00000633FFFFC1BC
2026-09-25T16:47:13.591124+00:00,0x2A7,FFFFF96A000022F0
2026-09-25T16:47:13.591324+00:00,0x2A9,FFFF93FF00000000
2026-09-25T16:47:13.591614+00:00,0x2A1,0100020001000000
2026-09-25T16:47:13.594513+00:00,0x2A5,00001285FFFF7BCC
2026-09-25T16:47:13.594767+00:00,0x2A6,00000633FFFFC1BC
2026-09-25T16:47:13.594995+00:00,0x2A7,FFFFF96A000022E2
2026-09-25T16:47:13.595196+00:00,0x2A9,FFFF93FC00000000
2026-09-25T16:47:13.598346+00:00,0x2A1,0100020001000000
2026-09-25T16:47:13.600396+00:00,0x2A5,0000128CFFFF7BC7
2026-09-25T16:47:13.600584+00:00,0x2A6,00000633FFFFC1BC
2026-09-25T16:47:13.600876+00:00,0x2A7,FFFFF96A000022E3
2026-09-25T16:47:13.601429+00:00,0x2A9,FFFF93FC00000000
2026-09-25T16:47:13.601720+00:00,0x2A1,0100020001000000
2026-09-25T16:47:13.603723+00:00,0x2A5,00001291FFFF7BC7
2026-09-25T16:47:13.603951+00:00,0x2A6,00000633FFFFC1BF
2026-09-25T16:47:13.604195+00:00,0x2A7,FFFFF96A000022E3
2026-09-25T16:47:13.604392+00:00,0x2A9,FFFF93F700000000
2026-09-25T16:47:13.606951+00:00,0x2A1,0100020001000000
2026-09-25T16:47:13.608994+00:00,0x2A5,0000129AFFFF7BC7
2026-09-25T16:47:13.609195+00:00,0x2A6,00000633FFFFC1C7
2026-09-25T16:47:13.609436+00:00,0x2A7,FFFFF961000022E0
2026-09-25T16:47:13.609638+00:00,0x2A9,FFFF93F700000000
2026-09-25T16:47:13.611191+00:00,0x2A1,0100020001000000
2026-09-25T16:47:13.613994+00:00,0x2A5,0000129AFFFF7BC2
2026-09-25T16:47:13.614196+00:00,0x2A6,00000633FFFFC1C7
2026-09-25T16:47:13.614435+00:00,0x2A7,FFFFF95D000022D0
2026-09-25T16:47:13.614637+00:00,0x2A9,FFFF93F700000000
2026-09-25T16:47:13.616478+00:00,0x2A1,0100020001000000
2026-09-25T16:47:13.617588+00:00,0x2A5,0000129AFFFF7BBE
2026-09-25T16:47:13.617885+00:00,0x2A6,00000633FFFFC1C7
2026-09-25T16:47:13.618082+00:00,0x2A7,FFFFF95D000022D0
2026-09-25T16:47:13.618325+00:00,0x2A9,FFFF93F400000000
2026-09-25T16:47:13.621203+00:00,0x2A1,0100020001000000
2026-09-25T16:47:13.623392+00:00,0x2A5,000012A9FFFF7BBD
2026-09-25T16:47:13.623588+00:00,0x2A6,00000633FFFFC1E0
2026-09-25T16:47:13.623887+00:00,0x2A7,FFFFF95D000022CD
2026-09-25T16:47:13.624081+00:00,0x2A9,FFFF93D000000000
2026-09-25T16:47:13.626268+00:00,0x2A1,0100020001000000
2026-09-25T16:47:13.630237+00:00,0x2A5,000012A9FFFF7BBD
2026-09-25T16:47:13.630477+00:00,0x2A6,00000633FFFFC1E0
2026-09-25T16:47:13.630765+00:00,0x2A7,FFFFF950000022C7
2026-09-25T16:47:13.631366+00:00,0x2A9,FFFF93D000000000
2026-09-25T16:47:13.631620+00:00,0x2A1,0100020001000000
2026-09-25T16:47:13.634122+00:00,0x2A5,000012AFFFFF7BB3
2026-09-25T16:47:13.634366+00:00,0x2A6,00000633FFFFC1E7
2026-09-25T16:47:13.634613+00:00,0x2A7,FFFFF950000022C7
2026-09-25T16:47:13.634994+00:00,0x2A9,FFFF93DF00000000
2026-09-25T16:47:13.637993+00:00,0x2A1,0100020001000000
2026-09-25T16:47:13.640280+00:00,0x2A5,000012C2FFFF7BB1
2026-09-25T16:47:13.640518+00:00,0x2A6,00000633FFFFC1EB
2026-09-25T16:47:13.640791+00:00,0x2A7,FFFFF941000022BF
2026-09-25T16:47:13.641079+00:00,0x2A9,FFFF93D700000000
2026-09-25T16:47:13.642366+00:00,0x2A1,0100020001000000
2026-09-25T16:47:13.644388+00:00,0x2A5,000012C2FFFF7BB1
2026-09-25T16:47:13.644582+00:00,0x2A6,00000633FFFFC1F7
2026-09-25T16:47:13.644873+00:00,0x2A7,FFFFF941000022BC
2026-09-25T16:47:13.645079+00:00,0x2A9,FFFF93D700000000
2026-09-25T16:47:13.646222+00:00,0x2A1,0100020001000000
2026-09-25T16:47:13.648391+00:00,0x2A5,000012C4FFFF7BAC
2026-09-25T16:47:13.648638+00:00,0x2A6,00000633FFFFC1F7
2026-09-25T16:47:13.648884+00:00,0x2A7,FFFFF941000022AD
2026-09-25T16:47:13.649080+00:00,0x2A9,FFFF93D300000000
2026-09-25T16:47:13.651179+00:00,0x2A1,0100020001000000
2026-09-25T16:47:13.653520+00:00,0x2A5,000012D8FFFF7BA7
2026-09-25T16:47:13.653765+00:00,0x2A6,0000062DFFFFC208
2026-09-25T16:47:13.654636+00:00,0x2A7,FFFFF941000022AD
2026-09-25T16:47:13.654876+00:00,0x2A9,FFFF93D300000000
2026-09-25T16:47:13.656679+00:00,0x2A1,0100020001000000
2026-09-25T16:47:13.658636+00:00,0x2A5,000012D2FFFF7BA7
2026-09-25T16:47:13.658898+00:00,0x2A6,0000062DFFFFC20F
2026-09-25T16:47:13.659108+00:00,0x2A7,FFFFF941000022AA
2026-09-25T16:47:13.659302+00:00,0x2A9,FFFF93D300000000
2026-09-25T16:47:13.661766+00:00,0x2A1,0100020001000000
2026-09-25T16:47:13.663742+00:00,0x2A5,000012D2FFFF7BA7
2026-09-25T16:47:13.663993+00:00,0x2A6,0000062DFFFFC20F
2026-09-25T16:47:13.664194+00:00,0x2A7,FFFFF93D000022A0
2026-09-25T16:47:13.664391+00:00,0x2A9,FFFF93D300000000
2026-09-25T16:47:13.666173+00:00,0x2A1,0100020001000000
2026-09-25T16:47:13.668280+00:00,0x2A5,000012E5FFFF7BA5
2026-09-25T16:47:13.668477+00:00,0x2A6,0000062DFFFFC212
2026-09-25T16:47:13.668722+00:00,0x2A7,FFFFF93D00002294
2026-09-25T16:47:13.668898+00:00,0x2A9,FFFF93D300000000
2026-09-25T16:47:13.671167+00:00,0x2A1,0100020001000000
2026-09-25T16:47:13.672587+00:00,0x2A5,000012F0FFFF7BA2
2026-09-25T16:47:13.672910+00:00,0x2A6,0000062DFFFFC222
2026-09-25T16:47:13.673037+00:00,0x2A7,FFFFF93400002294
2026-09-25T16:47:13.673280+00:00,0x2A9,FFFF93D300000000
2026-09-25T16:47:13.677679+00:00,0x2A1,0100020001000000
2026-09-25T16:47:13.679722+00:00,0x2A5,000012F0FFFF7BA2
2026-09-25T16:47:13.679975+00:00,0x2A6,0000062DFFFFC222
2026-09-25T16:47:13.680194+00:00,0x2A7,FFFFF9340000228D
2026-09-25T16:47:13.680391+00:00,0x2A9,FFFF93D000000000
2026-09-25T16:47:13.681193+00:00,0x2A1,0100020001000000
2026-09-25T16:47:13.683634+00:00,0x2A5,00001301FFFF7BA2
2026-09-25T16:47:13.683896+00:00,0x2A6,0000062DFFFFC222
2026-09-25T16:47:13.684143+00:00,0x2A7,FFFFF93000002283
2026-09-25T16:47:13.684345+00:00,0x2A9,FFFF93D000000000
2026-09-25T16:47:13.686270+00:00,0x2A1,0100020001000000
2026-09-25T16:47:13.688875+00:00,0x2A5,00001309FFFF7BA2
2026-09-25T16:47:13.689122+00:00,0x2A6,0000062DFFFFC222
2026-09-25T16:47:13.689366+00:00,0x2A7,FFFFF9300000227C
2026-09-25T16:47:13.689613+00:00,0x2A9,FFFF93D000000000
2026-09-25T16:47:13.691618+00:00,0x2A1,0100020001000000
2026-09-25T16:47:13.693874+00:00,0x2A5,00001313FFFF7BA0
2026-09-25T16:47:13.694122+00:00,0x2A6,0000062DFFFFC226
2026-09-25T16:47:13.694366+00:00,0x2A7,FFFFF91D0000227C
2026-09-25T16:47:13.694656+00:00,0x2A9,FFFF93D000000000
2026-09-25T16:47:13.699679+00:00,0x2A1,0100020001000000
2026-09-25T16:47:13.701875+00:00,0x2A5,00001313FFFF7BA0
2026-09-25T16:47:13.702080+00:00,0x2A6,0000062DFFFFC226
2026-09-25T16:47:13.702324+00:00,0x2A7,FFFFF91E00002273
2026-09-25T16:47:13.702562+00:00,0x2A9,FFFF93D000000000
2026-09-25T16:47:13.702767+00:00,0x2A1,0100020001000000
2026-09-25T16:47:13.704886+00:00,0x2A5,00001317FFFF7BA0
2026-09-25T16:47:13.705038+00:00,0x2A6,0000062DFFFFC22E
2026-09-25T16:47:13.705281+00:00,0x2A7,FFFFF91E00002266
2026-09-25T16:47:13.705522+00:00,0x2A9,FFFF93B200000000
2026-09-25T16:47:13.706883+00:00,0x2A1,0100020001000000
2026-09-25T16:47:13.708876+00:00,0x2A5,00001322FFFF7B9D
2026-09-25T16:47:13.709038+00:00,0x2A6,0000062DFFFFC22E
2026-09-25T16:47:13.709282+00:00,0x2A7,FFFFF91E00002266
2026-09-25T16:47:13.709522+00:00,0x2A9,FFFF93B800000000
2026-09-25T16:47:13.711183+00:00,0x2A1,0100020001000000
2026-09-25T16:47:13.714125+00:00,0x2A5,00001326FFFF7B9D
2026-09-25T16:47:13.714326+00:00,0x2A6,0000062DFFFFC231
2026-09-25T16:47:13.714563+00:00,0x2A7,FFFFF91900002254
2026-09-25T16:47:13.714876+00:00,0x2A9,FFFF93B800000000
2026-09-25T16:47:13.718391+00:00,0x2A1,0100020001000000
2026-09-25T16:47:13.720563+00:00,0x2A5,00001326FFFF7B9D
2026-09-25T16:47:13.720901+00:00,0x2A6,0000062DFFFFC231
2026-09-25T16:47:13.720995+00:00,0x2A7,FFFFF91400002254
2026-09-25T16:47:13.721282+00:00,0x2A9,FFFF93B800000000
2026-09-25T16:47:13.721478+00:00,0x2A1,0100020001000000
2026-09-25T16:47:13.723638+00:00,0x2A5,00001338FFFF7B9B
2026-09-25T16:47:13.723879+00:00,0x2A6,0000062DFFFFC231
2026-09-25T16:47:13.724082+00:00,0x2A7,FFFFF9140000224D
2026-09-25T16:47:13.724325+00:00,0x2A9,FFFF93B100000000
2026-09-25T16:47:13.726183+00:00,0x2A1,0100020001000000
2026-09-25T16:47:13.728514+00:00,0x2A5,00001346FFFF7B98
2026-09-25T16:47:13.728725+00:00,0x2A6,0000062DFFFFC238
2026-09-25T16:47:13.728952+00:00,0x2A7,FFFFF9100000224D
2026-09-25T16:47:13.729197+00:00,0x2A9,FFFF93B100000000
2026-09-25T16:47:13.731162+00:00,0x2A1,0100020001000000
2026-09-25T16:47:13.733952+00:00,0x2A5,00001346FFFF7B98
2026-09-25T16:47:13.734149+00:00,0x2A6,0000062DFFFFC238
2026-09-25T16:47:13.734348+00:00,0x2A7,FFFFF91000002236
2026-09-25T16:47:13.734585+00:00,0x2A9,FFFF93B100000000
2026-09-25T16:47:13.736563+00:00,0x2A1,0100020001000000
2026-09-25T16:47:13.739047+00:00,0x2A5,00001356FFFF7B96
2026-09-25T16:47:13.739282+00:00,0x2A6,0000062DFFFFC24E
2026-09-25T16:47:13.739563+00:00,0x2A7,FFFFF91000002231
2026-09-25T16:47:13.739900+00:00,0x2A9,FFFF93B100000000
2026-09-25T16:47:13.741279+00:00,0x2A1,0100020001000000
2026-09-25T16:47:13.743900+00:00,0x2A5,00001363FFFF7B93
2026-09-25T16:47:13.744081+00:00,0x2A6,0000062DFFFFC256
2026-09-25T16:47:13.744282+00:00,0x2A7,FFFFF90B00002231
2026-09-25T16:47:13.744564+00:00,0x2A9,FFFF93B100000000
2026-09-25T16:47:13.746236+00:00,0x2A1,0100020001000000
2026-09-25T16:47:13.749239+00:00,0x2A5,00001363FFFF7B93
2026-09-25T16:47:13.749480+00:00,0x2A6,0000062DFFFFC256
2026-09-25T16:47:13.749725+00:00,0x2A7,FFFFF8F900002231
2026-09-25T16:47:13.749996+00:00,0x2A9,FFFF93B100000000
2026-09-25T16:47:13.751196+00:00,0x2A1,0100020001000000
2026-09-25T16:47:13.753725+00:00,0x2A5,00001367FFFF7B93
2026-09-25T16:47:13.753952+00:00,0x2A6,0000062DFFFFC256
2026-09-25T16:47:13.754197+00:00,0x2A7,FFFFF8F900002231
2026-09-25T16:47:13.754393+00:00,0x2A9,FFFF93B100000000
2026-09-25T16:47:13.757146+00:00,0x2A1,0100020001000000
2026-09-25T16:47:13.759082+00:00,0x2A5,00001377FFFF7B93
2026-09-25T16:47:13.759282+00:00,0x2A6,0000062DFFFFC259
2026-09-25T16:47:13.759514+00:00,0x2A7,FFFFF8FA00002226
2026-09-25T16:47:13.759725+00:00,0x2A9,FFFF93B100000000
2026-09-25T16:47:13.761902+00:00,0x2A1,0100020001000000
2026-09-25T16:47:13.763952+00:00,0x2A5,00001381FFFF7B91
2026-09-25T16:47:13.764197+00:00,0x2A6,0000062DFFFFC276
2026-09-25T16:47:13.764394+00:00,0x2A7,FFFFF8F600002226
2026-09-25T16:47:13.764589+00:00,0x2A9,FFFF93B100000000
2026-09-25T16:47:13.766167+00:00,0x2A1,0100020001000000
2026-09-25T16:47:13.768348+00:00,0x2A5,00001381FFFF7B91
2026-09-25T16:47:13.768594+00:00,0x2A6,0000062DFFFFC276
2026-09-25T16:47:13.768876+00:00,0x2A7,FFFFF8F10000221B
2026-09-25T16:47:13.769039+00:00,0x2A9,FFFF93B100000000
2026-09-25T16:47:13.771165+00:00,0x2A1,0100020001000000
2026-09-25T16:47:13.774282+00:00,0x2A5,00001394FFFF7B91
2026-09-25T16:47:13.774523+00:00,0x2A6,0000062DFFFFC278
2026-09-25T16:47:13.774725+00:00,0x2A7,FFFFF8F10000221B
2026-09-25T16:47:13.774996+00:00,0x2A9,FFFF93AD00000000
2026-09-25T16:47:13.777876+00:00,0x2A1,0100020001000000
2026-09-25T16:47:13.779880+00:00,0x2A5,00001396FFFF7B8F
2026-09-25T16:47:13.780082+00:00,0x2A6,0000062DFFFFC27C
2026-09-25T16:47:13.780283+00:00,0x2A7,FFFFF8ED0000221B
2026-09-25T16:47:13.780515+00:00,0x2A9,FFFF93AA00000000
2026-09-25T16:47:13.781210+00:00,0x2A1,0100020001000000
2026-09-25T16:47:13.784585+00:00,0x2A5,00001396FFFF7B8F
2026-09-25T16:47:13.784876+00:00,0x2A6,0000062DFFFFC292
2026-09-25T16:47:13.785039+00:00,0x2A7,FFFFF8E800002213
2026-09-25T16:47:13.785283+00:00,0x2A9,FFFF93A900000000
2026-09-25T16:47:13.786394+00:00,0x2A1,0100020001000000
2026-09-25T16:47:13.788479+00:00,0x2A5,000013A3FFFF7B8C
2026-09-25T16:47:13.788682+00:00,0x2A6,0000062DFFFFC292
2026-09-25T16:47:13.788901+00:00,0x2A7,FFFFF8E800002210
2026-09-25T16:47:13.789146+00:00,0x2A9,FFFF93A900000000
2026-09-25T16:47:13.791227+00:00,0x2A1,0100020001000000
2026-09-25T16:47:13.793999+00:00,0x2A5,000013A8FFFF7B8A
2026-09-25T16:47:13.794240+00:00,0x2A6,0000062DFFFFC295
2026-09-25T16:47:13.794515+00:00,0x2A7,FFFFF8E40000220C
2026-09-25T16:47:13.794725+00:00,0x2A9,FFFF93A900000000
2026-09-25T16:47:13.798480+00:00,0x2A1,0100020001000000
2026-09-25T16:47:13.800680+00:00,0x2A5,000013B2FFFF7B8A
2026-09-25T16:47:13.800953+00:00,0x2A6,0000062DFFFFC295
2026-09-25T16:47:13.801197+00:00,0x2A7,FFFFF8D60000220C
2026-09-25T16:47:13.801437+00:00,0x2A9,FFFF93A900000000
2026-09-25T16:47:13.801725+00:00,0x2A1,0100020001000000
2026-09-25T16:47:13.802193+00:00,0x2A5,000013B2FFFF7B8A
2026-09-25T16:47:13.802456+00:00,0x2A6,0000062DFFFFC295
2026-09-25T16:47:13.802745+00:00,0x2A7,FFFFF8CD00002201
2026-09-25T16:47:13.802996+00:00,0x2A9,FFFF93A900000000
2026-09-25T16:47:13.806237+00:00,0x2A1,0100020001000000
2026-09-25T16:47:13.808769+00:00,0x2A5,000013C0FFFF7B85
2026-09-25T16:47:13.808996+00:00,0x2A6,0000062DFFFFC295
2026-09-25T16:47:13.809240+00:00,0x2A7,FFFFF8CD00002201
2026-09-25T16:47:13.809438+00:00,0x2A9,FFFF93A400000000
2026-09-25T16:47:13.811228+00:00,0x2A1,0100020001000000
2026-09-25T16:47:13.813996+00:00,0x2A5,000013C8FFFF7B82
2026-09-25T16:47:13.814240+00:00,0x2A6,0000062DFFFFC299
2026-09-25T16:47:13.814438+00:00,0x2A7,FFFFF8C900002201
2026-09-25T16:47:13.814682+00:00,0x2A9,FFFF93A400000000
2026-09-25T16:47:13.816877+00:00,0x2A1,0100020001000000
2026-09-25T16:47:13.817215+00:00,0x2A5,000013D9FFFF7B82
2026-09-25T16:47:13.817451+00:00,0x2A6,0000062DFFFFC299
2026-09-25T16:47:13.817940+00:00,0x2A7,FFFFF8C5000021FA
2026-09-25T16:47:13.818147+00:00,0x2A9,FFFF93A100000000
2026-09-25T16:47:13.821522+00:00,0x2A1,0100020001000000
2026-09-25T16:47:13.823641+00:00,0x2A5,000013D9FFFF7B7B
2026-09-25T16:47:13.823887+00:00,0x2A6,0000062DFFFFC299
2026-09-25T16:47:13.824083+00:00,0x2A7,FFFFF8C5000021F3
2026-09-25T16:47:13.824326+00:00,0x2A9,FFFF93A100000000
2026-09-25T16:47:13.826184+00:00,0x2A1,0100020001000000
2026-09-25T16:47:13.828902+00:00,0x2A5,000013D8FFFF7B79
2026-09-25T16:47:13.829351+00:00,0x2A6,0000062DFFFFC29B
2026-09-25T16:47:13.829745+00:00,0x2A7,FFFFF8C5000021F3
2026-09-25T16:47:13.829996+00:00,0x2A9,FFFF939200000000
2026-09-25T16:47:13.831206+00:00,0x2A1,0100020001000000
2026-09-25T16:47:13.834002+00:00,0x2A5,000013E8FFFF7B74
2026-09-25T16:47:13.834241+00:00,0x2A6,0000062DFFFFC29C
2026-09-25T16:47:13.834438+00:00,0x2A7,FFFFF8BC000021F3
2026-09-25T16:47:13.834683+00:00,0x2A9,FFFF939200000000
2026-09-25T16:47:13.837481+00:00,0x2A1,0100020001000000
2026-09-25T16:47:13.839586+00:00,0x2A5,000013E8FFFF7B74
2026-09-25T16:47:13.839877+00:00,0x2A6,0000062DFFFFC29C
2026-09-25T16:47:13.839996+00:00,0x2A7,FFFFF8B8000021EC
2026-09-25T16:47:13.840240+00:00,0x2A9,FFFF939200000000
2026-09-25T16:47:13.841306+00:00,0x2A1,0100020001000000
2026-09-25T16:47:13.843326+00:00,0x2A5,000013E4FFFF7B6C
2026-09-25T16:47:13.843523+00:00,0x2A6,0000062DFFFFC29C
2026-09-25T16:47:13.843768+00:00,0x2A7,FFFFF8B8000021E5
2026-09-25T16:47:13.843997+00:00,0x2A9,FFFF939200000000
2026-09-25T16:47:13.846167+00:00,0x2A1,0100020001000000
2026-09-25T16:47:13.848395+00:00,0x2A5,000013EEFFFF7B69
2026-09-25T16:47:13.848642+00:00,0x2A6,0000062DFFFFC2A0
2026-09-25T16:47:13.848909+00:00,0x2A7,FFFFF8AE000021E5
2026-09-25T16:47:13.849198+00:00,0x2A9,FFFF939200000000
2026-09-25T16:47:13.851269+00:00,0x2A1,0100020001000000
2026-09-25T16:47:13.852564+00:00,0x2A5,000013EEFFFF7B69
2026-09-25T16:47:13.852877+00:00,0x2A6,0000062DFFFFC2A0
2026-09-25T16:47:13.853125+00:00,0x2A7,FFFFF8AF000021DF
2026-09-25T16:47:13.853412+00:00,0x2A9,FFFF939200000000
2026-09-25T16:47:13.858515+00:00,0x2A1,0100020001000000
2026-09-25T16:47:13.860608+00:00,0x2A5,000013F6FFFF7B65
2026-09-25T16:47:13.860900+00:00,0x2A6,0000062DFFFFC2B0
2026-09-25T16:47:13.861147+00:00,0x2A7,FFFFF8AF000021D6
2026-09-25T16:47:13.861392+00:00,0x2A9,FFFF939200000000
2026-09-25T16:47:13.862887+00:00,0x2A1,0100020001000000
2026-09-25T16:47:13.864880+00:00,0x2A5,00001400FFFF7B60
2026-09-25T16:47:13.865125+00:00,0x2A6,0000062DFFFFC2B1
2026-09-25T16:47:13.865327+00:00,0x2A7,FFFFF8A6000021D7
2026-09-25T16:47:13.865524+00:00,0x2A9,FFFF939200000000
2026-09-25T16:47:13.866226+00:00,0x2A1,0100020001000000
2026-09-25T16:47:13.868349+00:00,0x2A5,0000140EFFFF7B60
2026-09-25T16:47:13.868537+00:00,0x2A6,0000062DFFFFC2B5
2026-09-25T16:47:13.868875+00:00,0x2A7,FFFFF8A6000021D7
2026-09-25T16:47:13.869000+00:00,0x2A9,FFFF938E00000000
2026-09-25T16:47:13.872437+00:00,0x2A1,0100020001000000
2026-09-25T16:47:13.872639+00:00,0x2A5,0000140EFFFF7B60
2026-09-25T16:47:13.872901+00:00,0x2A6,0000062DFFFFC2B5
2026-09-25T16:47:13.873103+00:00,0x2A7,FFFFF89D000021CF
2026-09-25T16:47:13.873349+00:00,0x2A9,FFFF938E00000000
2026-09-25T16:47:13.877640+00:00,0x2A1,0100020001000000
2026-09-25T16:47:13.879586+00:00,0x2A5,0000141FFFFF7B5B
2026-09-25T16:47:13.879877+00:00,0x2A6,0000062DFFFFC2B9
2026-09-25T16:47:13.880040+00:00,0x2A7,FFFFF89D000021C5
2026-09-25T16:47:13.880241+00:00,0x2A9,FFFF938E00000000
2026-09-25T16:47:13.881184+00:00,0x2A1,0100020001000000
2026-09-25T16:47:13.883392+00:00,0x2A5,00001423FFFF7B5B
2026-09-25T16:47:13.883586+00:00,0x2A6,0000062DFFFFC2BC
2026-09-25T16:47:13.883877+00:00,0x2A7,FFFFF89D000021C5
2026-09-25T16:47:13.884040+00:00,0x2A9,FFFF938E00000000
2026-09-25T16:47:13.886261+00:00,0x2A1,0100020001000000
2026-09-25T16:47:13.888598+00:00,0x2A5,00001423FFFF7B5B
2026-09-25T16:47:13.888887+00:00,0x2A6,0000062DFFFFC2BC
2026-09-25T16:47:13.889041+00:00,0x2A7,FFFFF899000021BF
2026-09-25T16:47:13.889284+00:00,0x2A9,FFFF938E00000000
2026-09-25T16:47:13.891185+00:00,0x2A1,0100020001000000
2026-09-25T16:47:13.894104+00:00,0x2A5,0000142FFFFF7B56
2026-09-25T16:47:13.894349+00:00,0x2A6,00000627FFFFC2C0
2026-09-25T16:47:13.894537+00:00,0x2A7,FFFFF899000021B6
2026-09-25T16:47:13.894900+00:00,0x2A9,FFFF938900000000
2026-09-25T16:47:13.897585+00:00,0x2A1,0100020001000000
2026-09-25T16:47:13.899585+00:00,0x2A5,00001438FFFF7B54
2026-09-25T16:47:13.899877+00:00,0x2A6,00000627FFFFC2C3
2026-09-25T16:47:13.900039+00:00,0x2A7,FFFFF894000021B6
2026-09-25T16:47:13.900283+00:00,0x2A9,FFFF938900000000
2026-09-25T16:47:13.901183+00:00,0x2A1,0100020001000000
2026-09-25T16:47:13.903240+00:00,0x2A5,00001440FFFF7B52
2026-09-25T16:47:13.903481+00:00,0x2A6,00000628FFFFC2C8
2026-09-25T16:47:13.903725+00:00,0x2A7,FFFFF890000021AF
2026-09-25T16:47:13.903997+00:00,0x2A9,FFFF938500000000
2026-09-25T16:47:13.906280+00:00,0x2A1,0100020001000000
2026-09-25T16:47:13.907177+00:00,0x2A5,00001440FFFF7B52
2026-09-25T16:47:13.907457+00:00,0x2A6,00000628FFFFC2C8
2026-09-25T16:47:13.907703+00:00,0x2A7,FFFFF887000021A8
2026-09-25T16:47:13.907997+00:00,0x2A9,FFFF938500000000
2026-09-25T16:47:13.911231+00:00,0x2A1,0100020001000000
2026-09-25T16:47:13.916005+00:00,0x2A5,00001453FFFF7B4F
2026-09-25T16:47:13.916284+00:00,0x2A6,00000628FFFFC2CE
2026-09-25T16:47:13.916524+00:00,0x2A7,FFFFF887000021A1
2026-09-25T16:47:13.916769+00:00,0x2A9,FFFF938500000000
2026-09-25T16:47:13.919637+00:00,0x2A1,0100020001000000
2026-09-25T16:47:13.921900+00:00,0x2A5,00001454FFFF7B4F
2026-09-25T16:47:13.922147+00:00,0x2A6,00000628FFFFC2D3
2026-09-25T16:47:13.922391+00:00,0x2A7,FFFFF887000021A1
2026-09-25T16:47:13.922586+00:00,0x2A9,FFFF938100000000
2026-09-25T16:47:13.922878+00:00,0x2A1,0100020001000000
2026-09-25T16:47:13.924683+00:00,0x2A5,00001462FFFF7B4F
2026-09-25T16:47:13.925147+00:00,0x2A6,00000628FFFFC2DB
2026-09-25T16:47:13.925349+00:00,0x2A7,FFFFF87E00002197
2026-09-25T16:47:13.925586+00:00,0x2A9,FFFF938100000000
2026-09-25T16:47:13.926238+00:00,0x2A1,0100020001000000
2026-09-25T16:47:13.929392+00:00,0x2A5,00001462FFFF7B4D
2026-09-25T16:47:13.929586+00:00,0x2A6,00000628FFFFC2DB
2026-09-25T16:47:13.929877+00:00,0x2A7,FFFFF87E0000218B
2026-09-25T16:47:13.930083+00:00,0x2A9,FFFF938100000000
2026-09-25T16:47:13.931206+00:00,0x2A1,0100020001000000
2026-09-25T16:47:13.933683+00:00,0x2A5,00001462FFFF7B4D
2026-09-25T16:47:13.933903+00:00,0x2A6,00000628FFFFC2E4
2026-09-25T16:47:13.934307+00:00,0x2A7,FFFFF87A0000218B
2026-09-25T16:47:13.934538+00:00,0x2A9,FFFF937C00000000
2026-09-25T16:47:13.938327+00:00,0x2A1,0100020001000000
2026-09-25T16:47:13.940327+00:00,0x2A5,00001467FFFF7B4A
2026-09-25T16:47:13.940565+00:00,0x2A6,00000628FFFFC2EF
2026-09-25T16:47:13.940884+00:00,0x2A7,FFFFF87500002189
2026-09-25T16:47:13.941083+00:00,0x2A9,FFFF937C00000000
2026-09-25T16:47:13.942241+00:00,0x2A1,0100020001000000
2026-09-25T16:47:13.944284+00:00,0x2A5,00001467FFFF7B4A
2026-09-25T16:47:13.944516+00:00,0x2A6,00000628FFFFC2EF
2026-09-25T16:47:13.944726+00:00,0x2A7,FFFFF86D00002181
2026-09-25T16:47:13.944954+00:00,0x2A9,FFFF937C00000000
2026-09-25T16:47:13.946206+00:00,0x2A1,0100020001000000
2026-09-25T16:47:13.948285+00:00,0x2A5,0000146BFFFF7B4A
2026-09-25T16:47:13.948641+00:00,0x2A6,00000628FFFFC2F2
2026-09-25T16:47:13.948900+00:00,0x2A7,FFFFF86D0000217E
2026-09-25T16:47:13.949147+00:00,0x2A9,FFFF937C00000000
2026-09-25T16:47:13.951189+00:00,0x2A1,0100020001000000
2026-09-25T16:47:13.954083+00:00,0x2A5,00001475FFFF7B48
2026-09-25T16:47:13.954283+00:00,0x2A6,00000628FFFFC2F6
2026-09-25T16:47:13.954520+00:00,0x2A7,FFFFF8680000217E
2026-09-25T16:47:13.954768+00:00,0x2A9,FFFF937900000000
2026-09-25T16:47:13.956177+00:00,0x2A1,0100020001000000
2026-09-25T16:47:13.959643+00:00,0x2A5,00001475FFFF7B48
2026-09-25T16:47:13.959910+00:00,0x2A6,00000628FFFFC2F6
2026-09-25T16:47:13.960150+00:00,0x2A7,FFFFF85F00002176
2026-09-25T16:47:13.960769+00:00,0x2A9,FFFF936900000000
2026-09-25T16:47:13.963902+00:00,0x2A1,0100020001000000
2026-09-25T16:47:13.966023+00:00,0x2A5,00001474FFFF7B48
2026-09-25T16:47:13.966284+00:00,0x2A6,00000628FFFFC2F6
2026-09-25T16:47:13.966516+00:00,0x2A7,FFFFF85F0000216B
2026-09-25T16:47:13.966878+00:00,0x2A9,FFFF936900000000
2026-09-25T16:47:13.967499+00:00,0x2A1,0100020001000000
2026-09-25T16:47:13.969954+00:00,0x2A5,0000147DFFFF7B45
2026-09-25T16:47:13.970198+00:00,0x2A6,00000628FFFFC2FA
2026-09-25T16:47:13.970481+00:00,0x2A7,FFFFF8600000216B
2026-09-25T16:47:13.970769+00:00,0x2A9,FFFF936A00000000
2026-09-25T16:47:13.972241+00:00,0x2A1,0100020001000000
2026-09-25T16:47:13.972572+00:00,0x2A5,00001482FFFF7B40
2026-09-25T16:47:13.972878+00:00,0x2A6,00000628FFFFC2FD
2026-09-25T16:47:13.973083+00:00,0x2A7,FFFFF85B0000216B
2026-09-25T16:47:13.973327+00:00,0x2A9,FFFF936A00000000
2026-09-25T16:47:13.976327+00:00,0x2A1,0100020001000000
2026-09-25T16:47:13.980104+00:00,0x2A5,00001482FFFF7B40
2026-09-25T16:47:13.980350+00:00,0x2A6,00000628FFFFC2FD
2026-09-25T16:47:13.980587+00:00,0x2A7,FFFFF85200002160
2026-09-25T16:47:13.980878+00:00,0x2A9,FFFF936A00000000
2026-09-25T16:47:13.981170+00:00,0x2A1,0100020001000000
2026-09-25T16:47:13.983587+00:00,0x2A5,0000148AFFFF7B3B
2026-09-25T16:47:13.983877+00:00,0x2A6,00000628FFFFC2FD
2026-09-25T16:47:13.984084+00:00,0x2A7,FFFFF85200002160
2026-09-25T16:47:13.984284+00:00,0x2A9,FFFF936A00000000
2026-09-25T16:47:13.986211+00:00,0x2A1,0100020001000000
2026-09-25T16:47:13.988327+00:00,0x2A5,00001495FFFF7B39
2026-09-25T16:47:13.988518+00:00,0x2A6,00000628FFFFC301
2026-09-25T16:47:13.988770+00:00,0x2A7,FFFFF84E00002160
2026-09-25T16:47:13.988997+00:00,0x2A9,FFFF936A00000000
2026-09-25T16:47:13.991229+00:00,0x2A1,0100020001000000
2026-09-25T16:47:13.993641+00:00,0x2A5,00001495FFFF7B39
2026-09-25T16:47:13.993903+00:00,0x2A6,00000628FFFFC301
2026-09-25T16:47:13.994104+00:00,0x2A7,FFFFF84A0000215D
2026-09-25T16:47:13.994349+00:00,0x2A9,FFFF936A00000000
2026-09-25T16:47:13.996191+00:00,0x2A1,0100020001000000
2026-09-25T16:47:13.999957+00:00,0x2A5,000014AAFFFF7B33
2026-09-25T16:47:14.000199+00:00,0x2A6,00000628FFFFC301
2026-09-25T16:47:14.000396+00:00,0x2A7,FFFFF84A0000214C
2026-09-25T16:47:14.000643+00:00,0x2A9,FFFF936A00000000
2026-09-25T16:47:14.001194+00:00,0x2A1,0100020001000000
2026-09-25T16:47:14.003726+00:00,0x2A5,000014A5FFFF7B2F
2026-09-25T16:47:14.003997+00:00,0x2A6,00000628FFFFC309
2026-09-25T16:47:14.004198+00:00,0x2A7,FFFFF8400000214C
2026-09-25T16:47:14.004438+00:00,0x2A9,FFFF936A00000000
2026-09-25T16:47:14.006228+00:00,0x2A1,0100020001000000
2026-09-25T16:47:14.008438+00:00,0x2A5,000014B9FFFF7B27
2026-09-25T16:47:14.008683+00:00,0x2A6,00000628FFFFC311
2026-09-25T16:47:14.008902+00:00,0x2A7,FFFFF83C0000214A
2026-09-25T16:47:14.009104+00:00,0x2A9,FFFF936600000000
2026-09-25T16:47:14.011184+00:00,0x2A1,0100020001000000
2026-09-25T16:47:14.014041+00:00,0x2A5,000014B9FFFF7B27
2026-09-25T16:47:14.014285+00:00,0x2A6,00000628FFFFC311
2026-09-25T16:47:14.014520+00:00,0x2A7,FFFFF8380000213F
2026-09-25T16:47:14.014770+00:00,0x2A9,FFFF936600000000
2026-09-25T16:47:14.016195+00:00,0x2A1,0100020001000000
2026-09-25T16:47:14.020998+00:00,0x2A5,000014B2FFFF7B22
2026-09-25T16:47:14.021285+00:00,0x2A6,00000628FFFFC312
2026-09-25T16:47:14.021516+00:00,0x2A7,FFFFF8380000213D
2026-09-25T16:47:14.021901+00:00,0x2A9,FFFF936600000000
2026-09-25T16:47:14.022083+00:00,0x2A1,0100020001000000
2026-09-25T16:47:14.024438+00:00,0x2A5,000014C2FFFF7B20
2026-09-25T16:47:14.024683+00:00,0x2A6,00000628FFFFC319
2026-09-25T16:47:14.024954+00:00,0x2A7,FFFFF8380000213D
2026-09-25T16:47:14.025198+00:00,0x2A9,FFFF936100000000
2026-09-25T16:47:14.026638+00:00,0x2A1,0100020001000000
2026-09-25T16:47:14.028998+00:00,0x2A5,000014C2FFFF7B20
2026-09-25T16:47:14.029242+00:00,0x2A6,00000628FFFFC319
2026-09-25T16:47:14.029439+00:00,0x2A7,FFFFF82F0000213D
2026-09-25T16:47:14.029727+00:00,0x2A9,FFFF936100000000
2026-09-25T16:47:14.031238+00:00,0x2A1,0100020001000000
2026-09-25T16:47:14.033644+00:00,0x2A5,000014D5FFFF7B1E
2026-09-25T16:47:14.033911+00:00,0x2A6,00000628FFFFC31C
2026-09-25T16:47:14.034110+00:00,0x2A7,FFFFF82F00002138
2026-09-25T16:47:14.034353+00:00,0x2A9,FFFF936100000000
2026-09-25T16:47:14.036206+00:00,0x2A1,0100020001000000
2026-09-25T16:47:14.039482+00:00,0x2A5,000014D6FFFF7B1D
2026-09-25T16:47:14.039684+00:00,0x2A6,00000628FFFFC31C
2026-09-25T16:47:14.039903+00:00,0x2A7,FFFFF82B00002128
2026-09-25T16:47:14.040148+00:00,0x2A9,FFFF936100000000
2026-09-25T16:47:14.041954+00:00,0x2A1,0100020001000000
2026-09-25T16:47:14.043903+00:00,0x2A5,000014DFFFFF7B1D
2026-09-25T16:47:14.044147+00:00,0x2A6,00000628FFFFC324
2026-09-25T16:47:14.044350+00:00,0x2A7,FFFFF82B00002128
2026-09-25T16:47:14.044538+00:00,0x2A9,FFFF935D00000000
2026-09-25T16:47:14.046185+00:00,0x2A1,0100020001000000
2026-09-25T16:47:14.048391+00:00,0x2A5,000014E8FFFF7B19
2026-09-25T16:47:14.048582+00:00,0x2A6,00000628FFFFC32C
2026-09-25T16:47:14.048876+00:00,0x2A7,FFFFF82100002129
2026-09-25T16:47:14.049027+00:00,0x2A9,FFFF935D00000000
2026-09-25T16:47:14.051172+00:00,0x2A1,0100020001000000
2026-09-25T16:47:14.053901+00:00,0x2A5,000014E8FFFF7B17
2026-09-25T16:47:14.054146+00:00,0x2A6,00000628FFFFC32C
2026-09-25T16:47:14.054348+00:00,0x2A7,FFFFF8210000211D
2026-09-25T16:47:14.054586+00:00,0x2A9,FFFF935D00000000
2026-09-25T16:47:14.056197+00:00,0x2A1,0100020001000000
2026-09-25T16:47:14.058350+00:00,0x2A5,000014EAFFFF7B17
2026-09-25T16:47:14.058587+00:00,0x2A6,00000628FFFFC32C
2026-09-25T16:47:14.058878+00:00,0x2A7,FFFFF81E0000211D
2026-09-25T16:47:14.059084+00:00,0x2A9,FFFF935D00000000
2026-09-25T16:47:14.062041+00:00,0x2A1,0100020001000000
2026-09-25T16:47:14.064085+00:00,0x2A5,000014EEFFFF7B17
2026-09-25T16:47:14.064328+00:00,0x2A6,00000628FFFFC32C
2026-09-25T16:47:14.064517+00:00,0x2A7,FFFFF8190000211D
2026-09-25T16:47:14.064770+00:00,0x2A9,FFFF935800000000
2026-09-25T16:47:14.066196+00:00,0x2A1,0100020001000000
2026-09-25T16:47:14.068393+00:00,0x2A5,000014EEFFFF7B17
2026-09-25T16:47:14.068587+00:00,0x2A6,00000628FFFFC330
2026-09-25T16:47:14.068879+00:00,0x2A7,FFFFF81900002116
2026-09-25T16:47:14.069041+00:00,0x2A9,FFFF935800000000
2026-09-25T16:47:14.071194+00:00,0x2A1,0100020001000000
2026-09-25T16:47:14.073565+00:00,0x2A5,000014F0FFFF7B17
2026-09-25T16:47:14.073984+00:00,0x2A6,00000628FFFFC334
2026-09-25T16:47:14.074242+00:00,0x2A7,FFFFF81500002108
2026-09-25T16:47:14.074482+00:00,0x2A9,FFFF935800000000
2026-09-25T16:47:14.076227+00:00,0x2A1,0100020001000000
2026-09-25T16:47:14.079242+00:00,0x2A5,000014F5FFFF7B17
2026-09-25T16:47:14.079482+00:00,0x2A6,00000628FFFFC338
2026-09-25T16:47:14.079727+00:00,0x2A7,FFFFF80C00002108
2026-09-25T16:47:14.079998+00:00,0x2A9,FFFF935800000000
2026-09-25T16:47:14.083106+00:00,0x2A1,0100020001000000
2026-09-25T16:47:14.085394+00:00,0x2A5,000014FDFFFF7B17
2026-09-25T16:47:14.085639+00:00,0x2A6,00000628FFFFC33C
2026-09-25T16:47:14.085958+00:00,0x2A7,FFFFF80800002108
2026-09-25T16:47:14.086242+00:00,0x2A9,FFFF935800000000
2026-09-25T16:47:14.086519+00:00,0x2A1,0100020001000000
2026-09-25T16:47:14.088878+00:00,0x2A5,000014FDFFFF7B15
2026-09-25T16:47:14.089084+00:00,0x2A6,00000628FFFFC33C
2026-09-25T16:47:14.089328+00:00,0x2A7,FFFFF80300002101
2026-09-25T16:47:14.089566+00:00,0x2A9,FFFF935400000000
2026-09-25T16:47:14.091221+00:00,0x2A1,0100020001000000
2026-09-25T16:47:14.095084+00:00,0x2A5,000014FBFFFF7B15
2026-09-25T16:47:14.095285+00:00,0x2A6,00000628FFFFC340
2026-09-25T16:47:14.095517+00:00,0x2A7,FFFFF80300002101
2026-09-25T16:47:14.095727+00:00,0x2A9,FFFF935400000000
2026-09-25T16:47:14.096176+00:00,0x2A1,0100020001000000
2026-09-25T16:47:14.100200+00:00,0x2A5,00001503FFFF7B15
2026-09-25T16:47:14.100397+00:00,0x2A6,00000628FFFFC348
2026-09-25T16:47:14.100643+00:00,0x2A7,FFFFF7FC000020FE
2026-09-25T16:47:14.100889+00:00,0x2A9,FFFF935400000000
2026-09-25T16:47:14.101238+00:00,0x2A1,0100020001000000
2026-09-25T16:47:14.103539+00:00,0x2A5,00001503FFFF7B15
2026-09-25T16:47:14.104641+00:00,0x2A6,00000628FFFFC348
2026-09-25T16:47:14.104882+00:00,0x2A7,FFFFF7FC000020FA
2026-09-25T16:47:14.105084+00:00,0x2A9,FFFF935400000000
2026-09-25T16:47:14.106166+00:00,0x2A1,0100020001000000
2026-09-25T16:47:14.108396+00:00,0x2A5,0000150EFFFF7B10
2026-09-25T16:47:14.108592+00:00,0x2A6,00000628FFFFC35E
2026-09-25T16:47:14.108889+00:00,0x2A7,FFFFF7F6000020FA
2026-09-25T16:47:14.109042+00:00,0x2A9,FFFF935400000000
2026-09-25T16:47:14.111187+00:00,0x2A1,0100020001000000
2026-09-25T16:47:14.114173+00:00,0x2A5,00001512FFFF7B10
2026-09-25T16:47:14.114373+00:00,0x2A6,00000628FFFFC35D
2026-09-25T16:47:14.114619+00:00,0x2A7,FFFFF7ED000020EF
2026-09-25T16:47:14.114880+00:00,0x2A9,FFFF935000000000
2026-09-25T16:47:14.116239+00:00,0x2A1,0100020001000000
2026-09-25T16:47:14.118588+00:00,0x2A5,0000151DFFFF7B0D
2026-09-25T16:47:14.118883+00:00,0x2A6,00000628FFFFC35D
2026-09-25T16:47:14.119042+00:00,0x2A7,FFFFF7E9000020EC
2026-09-25T16:47:14.119242+00:00,0x2A9,FFFF935000000000
2026-09-25T16:47:14.121170+00:00,0x2A1,0100020001000000
2026-09-25T16:47:14.123221+00:00,0x2A5,0000151DFFFF7B0D
2026-09-25T16:47:14.123417+00:00,0x2A6,00000628FFFFC35D
2026-09-25T16:47:14.123610+00:00,0x2A7,FFFFF7E5000020E9
2026-09-25T16:47:14.123926+00:00,0x2A9,FFFF935000000000
2026-09-25T16:47:14.126187+00:00,0x2A1,0100020001000000
2026-09-25T16:47:14.128441+00:00,0x2A5,0000152DFFFF7B0B
2026-09-25T16:47:14.128661+00:00,0x2A6,00000628FFFFC361
2026-09-25T16:47:14.128901+00:00,0x2A7,FFFFF7E5000020E9
2026-09-25T16:47:14.129192+00:00,0x2A9,FFFF934A00000000
2026-09-25T16:47:14.131227+00:00,0x2A1,0100020001000000
2026-09-25T16:47:14.133482+00:00,0x2A5,0000152DFFFF7B0B
2026-09-25T16:47:14.133728+00:00,0x2A6,00000628FFFFC361
2026-09-25T16:47:14.134023+00:00,0x2A7,FFFFF7DC000020E5
2026-09-25T16:47:14.134200+00:00,0x2A9,FFFF934B00000000
2026-09-25T16:47:14.136684+00:00,0x2A1,0100020001000000
2026-09-25T16:47:14.140770+00:00,0x2A5,0000152EFFFF7B0B
2026-09-25T16:47:14.140998+00:00,0x2A6,00000628FFFFC361
2026-09-25T16:47:14.141285+00:00,0x2A7,FFFFF7DC000020DD
2026-09-25T16:47:14.141516+00:00,0x2A9,FFFF934B00000000
2026-09-25T16:47:14.141924+00:00,0x2A1,0100020001000000
2026-09-25T16:47:14.143748+00:00,0x2A5,0000153AFFFF7B08
2026-09-25T16:47:14.143986+00:00,0x2A6,00000628FFFFC361
2026-09-25T16:47:14.144173+00:00,0x2A7,FFFFF7D8000020DD
2026-09-25T16:47:14.144415+00:00,0x2A9,FFFF934B00000000
2026-09-25T16:47:14.146196+00:00,0x2A1,0100020001000000
2026-09-25T16:47:14.149149+00:00,0x2A5,00001539FFFF7B08
2026-09-25T16:47:14.149354+00:00,0x2A6,00000628FFFFC361
2026-09-25T16:47:14.149539+00:00,0x2A7,FFFFF7D4000020DB
2026-09-25T16:47:14.149901+00:00,0x2A9,FFFF934B00000000
2026-09-25T16:47:14.151187+00:00,0x2A1,0100020001000000
2026-09-25T16:47:14.153525+00:00,0x2A5,00001541FFFF7B06
2026-09-25T16:47:14.153727+00:00,0x2A6,00000628FFFFC361
2026-09-25T16:47:14.154588+00:00,0x2A7,FFFFF7D4000020D7
2026-09-25T16:47:14.154925+00:00,0x2A9,FFFF934B00000000
2026-09-25T16:47:14.156204+00:00,0x2A1,0100020001000000
2026-09-25T16:47:14.158396+00:00,0x2A5,00001541FFFF7B06
2026-09-25T16:47:14.158600+00:00,0x2A6,00000628FFFFC365
2026-09-25T16:47:14.158889+00:00,0x2A7,FFFFF7CB000020D0
2026-09-25T16:47:14.159086+00:00,0x2A9,FFFF934600000000
2026-09-25T16:47:14.161772+00:00,0x2A1,0100020001000000
2026-09-25T16:47:14.163748+00:00,0x2A5,00001541FFFF7B01
2026-09-25T16:47:14.163996+00:00,0x2A6,00000628FFFFC365
2026-09-25T16:47:14.164173+00:00,0x2A7,FFFFF7CB000020D0
2026-09-25T16:47:14.164415+00:00,0x2A9,FFFF934600000000
2026-09-25T16:47:14.166169+00:00,0x2A1,0100020001000000
2026-09-25T16:47:14.168483+00:00,0x2A5,0000154BFFFF7B01
2026-09-25T16:47:14.168728+00:00,0x2A6,00000628FFFFC365
2026-09-25T16:47:14.168955+00:00,0x2A7,FFFFF7C6000020D0
2026-09-25T16:47:14.169152+00:00,0x2A9,FFFF934600000000
2026-09-25T16:47:14.171166+00:00,0x2A1,0100020001000000
2026-09-25T16:47:14.174042+00:00,0x2A5,0000154BFFFF7B01
2026-09-25T16:47:14.174286+00:00,0x2A6,00000622FFFFC365
2026-09-25T16:47:14.174483+00:00,0x2A7,FFFFF7C6000020CD
2026-09-25T16:47:14.174685+00:00,0x2A9,FFFF934600000000
2026-09-25T16:47:14.176196+00:00,0x2A1,0100020001000000
2026-09-25T16:47:14.178248+00:00,0x2A5,00001550FFFF7AFC
2026-09-25T16:47:14.178493+00:00,0x2A6,00000622FFFFC369
2026-09-25T16:47:14.178690+00:00,0x2A7,FFFFF7C6000020CD
2026-09-25T16:47:14.178911+00:00,0x2A9,FFFF934200000000
2026-09-25T16:47:14.181904+00:00,0x2A1,0100020001000000
2026-09-25T16:47:14.184128+00:00,0x2A5,00001556FFFF7AFC
2026-09-25T16:47:14.184372+00:00,0x2A6,00000622FFFFC36D
2026-09-25T16:47:14.184619+00:00,0x2A7,FFFFF7C6000020C6
2026-09-25T16:47:14.184924+00:00,0x2A9,FFFF934200000000
2026-09-25T16:47:14.186281+00:00,0x2A1,0100020001000000
2026-09-25T16:47:14.188483+00:00,0x2A5,0000155CFFFF7AFA
2026-09-25T16:47:14.188728+00:00,0x2A6,00000622FFFFC371
2026-09-25T16:47:14.189000+00:00,0x2A7,FFFFF7C2000020C2
2026-09-25T16:47:14.189234+00:00,0x2A9,FFFF934200000000
2026-09-25T16:47:14.191662+00:00,0x2A1,0100020001000000
2026-09-25T16:47:14.193201+00:00,0x2A5,0000155CFFFF7AF4
2026-09-25T16:47:14.193484+00:00,0x2A6,00000622FFFFC371
2026-09-25T16:47:14.193729+00:00,0x2A7,FFFFF7C1000020C2
2026-09-25T16:47:14.193999+00:00,0x2A9,FFFF934000000000
2026-09-25T16:47:14.196169+00:00,0x2A1,0100020001000000
2026-09-25T16:47:14.199043+00:00,0x2A5,00001560FFFF7AF4
2026-09-25T16:47:14.199244+00:00,0x2A6,00000622FFFFC374
2026-09-25T16:47:14.199483+00:00,0x2A7,FFFFF7C1000020C2
2026-09-25T16:47:14.199728+00:00,0x2A9,FFFF933D00000000
2026-09-25T16:47:14.204397+00:00,0x2A5,00001564FFFF7AF4
2026-09-25T16:47:14.204644+00:00,0x2A6,00000622FFFFC37D
2026-09-25T16:47:14.204920+00:00,0x2A7,FFFFF7BE000020C2
2026-09-25T16:47:14.205129+00:00,0x2A9,FFFF933D00000000
2026-09-25T16:47:14.205329+00:00,0x2A1,0100020001000000
2026-09-25T16:47:14.206234+00:00,0x2A1,0100020001000000
2026-09-25T16:47:14.208439+00:00,0x2A5,00001564FFFF7AF2
2026-09-25T16:47:14.208641+00:00,0x2A6,00000622FFFFC37D
2026-09-25T16:47:14.208881+00:00,0x2A7,FFFFF7BE000020BA
2026-09-25T16:47:14.209127+00:00,0x2A9,FFFF933D00000000
2026-09-25T16:47:14.211248+00:00,0x2A1,0100020001000000
2026-09-25T16:47:14.213466+00:00,0x2A5,0000156AFFFF7AF0
2026-09-25T16:47:14.213589+00:00,0x2A6,00000622FFFFC37D
2026-09-25T16:47:14.213907+00:00,0x2A7,FFFFF7BE000020BA
2026-09-25T16:47:14.214064+00:00,0x2A9,FFFF933D00000000
2026-09-25T16:47:14.216172+00:00,0x2A1,0100020001000000
2026-09-25T16:47:14.219149+00:00,0x2A5,0000156CFFFF7AF0
2026-09-25T16:47:14.219351+00:00,0x2A6,00000622FFFFC385
2026-09-25T16:47:14.219539+00:00,0x2A7,FFFFF7B9000020B8
2026-09-25T16:47:14.219901+00:00,0x2A9,FFFF933900000000
2026-09-25T16:47:14.221728+00:00,0x2A1,0100020001000000
2026-09-25T16:47:14.223905+00:00,0x2A5,00001571FFFF7AF0
2026-09-25T16:47:14.224043+00:00,0x2A6,00000622FFFFC384
2026-09-25T16:47:14.224243+00:00,0x2A7,FFFFF7B9000020B8
2026-09-25T16:47:14.224483+00:00,0x2A9,FFFF933900000000
2026-09-25T16:47:14.226187+00:00,0x2A1,0100020001000000
2026-09-25T16:47:14.228329+00:00,0x2A5,00001571FFFF7AEA
2026-09-25T16:47:14.228518+00:00,0x2A6,00000622FFFFC384
2026-09-25T16:47:14.228771+00:00,0x2A7,FFFFF7B5000020B4
2026-09-25T16:47:14.228999+00:00,0x2A9,FFFF933900000000
2026-09-25T16:47:14.231188+00:00,0x2A1,0100020001000000
2026-09-25T16:47:14.233999+00:00,0x2A5,00001573FFFF7AE6
2026-09-25T16:47:14.234243+00:00,0x2A6,00000622FFFFC38C
2026-09-25T16:47:14.234483+00:00,0x2A7,FFFFF7B5000020B4
2026-09-25T16:47:14.234685+00:00,0x2A9,FFFF933500000000
2026-09-25T16:47:14.236210+00:00,0x2A1,0100020001000000
2026-09-25T16:47:14.239980+00:00,0x2A5,00001576FFFF7AE6
2026-09-25T16:47:14.240200+00:00,0x2A6,00000622FFFFC39C
2026-09-25T16:47:14.240440+00:00,0x2A7,FFFFF7B5000020B4
2026-09-25T16:47:14.240691+00:00,0x2A9,FFFF933500000000
2026-09-25T16:47:14.242884+00:00,0x2A1,0100020001000000
2026-09-25T16:47:14.244962+00:00,0x2A5,00001576FFFF7AE1
2026-09-25T16:47:14.245243+00:00,0x2A6,00000622FFFFC39C
2026-09-25T16:47:14.245517+00:00,0x2A7,FFFFF7B5000020B1
2026-09-25T16:47:14.245903+00:00,0x2A9,FFFF933500000000
2026-09-25T16:47:14.247394+00:00,0x2A1,0100020001000000
2026-09-25T16:47:14.250025+00:00,0x2A5,00001577FFFF7ADC
2026-09-25T16:47:14.250243+00:00,0x2A6,00000622FFFFC39C
2026-09-25T16:47:14.250518+00:00,0x2A7,FFFFF7B5000020B1
2026-09-25T16:47:14.250882+00:00,0x2A9,FFFF933500000000
2026-09-25T16:47:14.251239+00:00,0x2A1,0100020001000000
2026-09-25T16:47:14.253904+00:00,0x2A5,0000157AFFFF7ADC
2026-09-25T16:47:14.254149+00:00,0x2A6,00000622FFFFC39C
2026-09-25T16:47:14.254351+00:00,0x2A7,FFFFF7B0000020AF
2026-09-25T16:47:14.254540+00:00,0x2A9,FFFF933500000000
2026-09-25T16:47:14.257128+00:00,0x2A1,0100020001000000
2026-09-25T16:47:14.257371+00:00,0x2A5,0000157CFFFF7ADC
2026-09-25T16:47:14.257610+00:00,0x2A6,00000622FFFFC39C
2026-09-25T16:47:14.257880+00:00,0x2A7,FFFFF7B0000020AD
2026-09-25T16:47:14.258084+00:00,0x2A9,FFFF933500000000
2026-09-25T16:47:14.262043+00:00,0x2A1,0100020001000000
2026-09-25T16:47:14.264085+00:00,0x2A5,0000157CFFFF7ADA
2026-09-25T16:47:14.264286+00:00,0x2A6,00000622FFFFC39C
2026-09-25T16:47:14.264522+00:00,0x2A7,FFFFF7AE000020AD
2026-09-25T16:47:14.264771+00:00,0x2A9,FFFF933100000000
2026-09-25T16:47:14.266154+00:00,0x2A1,0100020001000000
2026-09-25T16:47:14.269329+00:00,0x2A5,0000157FFFFF7AD7
2026-09-25T16:47:14.269526+00:00,0x2A6,00000622FFFFC3A0
2026-09-25T16:47:14.269771+00:00,0x2A7,FFFFF7AE000020AA
2026-09-25T16:47:14.270000+00:00,0x2A9,FFFF933100000000
2026-09-25T16:47:14.271165+00:00,0x2A1,0100020001000000
2026-09-25T16:47:14.274243+00:00,0x2A5,0000157FFFFF7AD7
2026-09-25T16:47:14.274440+00:00,0x2A6,00000622FFFFC3A0
2026-09-25T16:47:14.274685+00:00,0x2A7,FFFFF7AC000020AA
2026-09-25T16:47:14.274904+00:00,0x2A9,FFFF933100000000
2026-09-25T16:47:14.276197+00:00,0x2A1,0100020001000000
2026-09-25T16:47:14.278484+00:00,0x2A5,0000157FFFFF7AD7
2026-09-25T16:47:14.278729+00:00,0x2A6,00000622FFFFC3A0
2026-09-25T16:47:14.278956+00:00,0x2A7,FFFFF7AC000020A6
2026-09-25T16:47:14.279201+00:00,0x2A9,FFFF933100000000
2026-09-25T16:47:14.281956+00:00,0x2A1,0100020001000000
2026-09-25T16:47:14.283956+00:00,0x2A5,00001586FFFF7AD7
2026-09-25T16:47:14.284201+00:00,0x2A6,00000622FFFFC3A0
2026-09-25T16:47:14.284398+00:00,0x2A7,FFFFF7AC000020A6
2026-09-25T16:47:14.284645+00:00,0x2A9,FFFF932F00000000
2026-09-25T16:47:14.286196+00:00,0x2A1,0100020001000000
2026-09-25T16:47:14.288329+00:00,0x2A5,00001586FFFF7AD7
2026-09-25T16:47:14.288567+00:00,0x2A6,00000622FFFFC3A0
2026-09-25T16:47:14.288772+00:00,0x2A7,FFFFF7AC000020A6
2026-09-25T16:47:14.288999+00:00,0x2A9,FFFF932C00000000
2026-09-25T16:47:14.291166+00:00,0x2A1,0100020001000000
2026-09-25T16:47:14.293884+00:00,0x2A5,00001588FFFF7AD5
2026-09-25T16:47:14.294043+00:00,0x2A6,00000622FFFFC3A4
2026-09-25T16:47:14.294244+00:00,0x2A7,FFFFF7AC000020A6
2026-09-25T16:47:14.294523+00:00,0x2A9,FFFF932C00000000
2026-09-25T16:47:14.296272+00:00,0x2A1,0100020001000000
2026-09-25T16:47:14.297418+00:00,0x2A5,00001588FFFF7AD5
2026-09-25T16:47:14.297705+00:00,0x2A6,00000622FFFFC3A4
2026-09-25T16:47:14.298418+00:00,0x2A7,FFFFF7A8000020A4
2026-09-25T16:47:14.298674+00:00,0x2A9,FFFF932C00000000
2026-09-25T16:47:14.303589+00:00,0x2A1,0100020001000000
2026-09-25T16:47:14.305589+00:00,0x2A5,0000158DFFFF7AD5
2026-09-25T16:47:14.305880+00:00,0x2A6,00000622FFFFC3A4
2026-09-25T16:47:14.306329+00:00,0x2A7,FFFFF7A8000020A4
2026-09-25T16:47:14.306518+00:00,0x2A9,FFFF932C00000000
2026-09-25T16:47:14.306771+00:00,0x2A1,0100020001000000
2026-09-25T16:47:14.308903+00:00,0x2A5,0000158DFFFF7AD5
2026-09-25T16:47:14.309042+00:00,0x2A6,00000622FFFFC3A4
2026-09-25T16:47:14.309244+00:00,0x2A7,FFFFF7A30000209E
2026-09-25T16:47:14.309441+00:00,0x2A9,FFFF932C00000000
2026-09-25T16:47:14.311231+00:00,0x2A1,0100020001000000
2026-09-25T16:47:14.315000+00:00,0x2A5,0000158DFFFF7AD5
2026-09-25T16:47:14.315201+00:00,0x2A6,00000622FFFFC3A4
2026-09-25T16:47:14.315398+00:00,0x2A7,FFFFF7A30000209F
2026-09-25T16:47:14.315645+00:00,0x2A9,FFFF932C00000000
2026-09-25T16:47:14.316201+00:00,0x2A1,0100020001000000
2026-09-25T16:47:14.318568+00:00,0x2A5,00001593FFFF7AD5
2026-09-25T16:47:14.318773+00:00,0x2A6,00000622FFFFC3A4
2026-09-25T16:47:14.319000+00:00,0x2A7,FFFFF7A30000209F
2026-09-25T16:47:14.319201+00:00,0x2A9,FFFF932C00000000
2026-09-25T16:47:14.321246+00:00,0x2A1,0100020001000000
2026-09-25T16:47:14.323729+00:00,0x2A5,00001598FFFF7AD5
2026-09-25T16:47:14.324000+00:00,0x2A6,00000622FFFFC3A7
2026-09-25T16:47:14.324201+00:00,0x2A7,FFFFF7A30000209F
2026-09-25T16:47:14.324441+00:00,0x2A9,FFFF932C00000000
2026-09-25T16:47:14.326187+00:00,0x2A1,0100020001000000
2026-09-25T16:47:14.328287+00:00,0x2A5,000015A3FFFF7AD5
2026-09-25T16:47:14.328520+00:00,0x2A6,00000622FFFFC3A7
2026-09-25T16:47:14.328729+00:00,0x2A7,FFFFF7A30000209F
2026-09-25T16:47:14.328957+00:00,0x2A9,FFFF932C00000000
2026-09-25T16:47:14.331170+00:00,0x2A1,0100020001000000
2026-09-25T16:47:14.333330+00:00,0x2A5,000015A3FFFF7AD5
2026-09-25T16:47:14.334244+00:00,0x2A6,00000622FFFFC3A7
2026-09-25T16:47:14.334441+00:00,0x2A7,FFFFF7A30000209C
2026-09-25T16:47:14.334686+00:00,0x2A9,FFFF932800000000
2026-09-25T16:47:14.336169+00:00,0x2A1,0100020001000000
2026-09-25T16:47:14.338484+00:00,0x2A5,000015A6FFFF7AD5
2026-09-25T16:47:14.338688+00:00,0x2A6,00000622FFFFC3AB
2026-09-25T16:47:14.338905+00:00,0x2A7,FFFFF7A30000209C
2026-09-25T16:47:14.339150+00:00,0x2A9,FFFF932800000000
2026-09-25T16:47:14.341137+00:00,0x2A1,0100020001000000
2026-09-25T16:47:14.343568+00:00,0x2A5,000015ABFFFF7AD5
2026-09-25T16:47:14.343773+00:00,0x2A6,00000622FFFFC3AB
2026-09-25T16:47:14.344000+00:00,0x2A7,FFFFF79F00002097
2026-09-25T16:47:14.344244+00:00,0x2A9,FFFF932800000000
2026-09-25T16:47:14.346187+00:00,0x2A1,0100020001000000
2026-09-25T16:47:14.349484+00:00,0x2A5,000015ABFFFF7AD5
2026-09-25T16:47:14.349729+00:00,0x2A6,00000622FFFFC3AB
2026-09-25T16:47:14.350001+00:00,0x2A7,FFFFF79F00002098
2026-09-25T16:47:14.350201+00:00,0x2A9,FFFF932800000000
2026-09-25T16:47:14.351272+00:00,0x2A1,0100020001000000
2026-09-25T16:47:14.354568+00:00,0x2A5,000015AFFFFF7AD5
2026-09-25T16:47:14.354882+00:00,0x2A6,00000622FFFFC3B8
2026-09-25T16:47:14.355086+00:00,0x2A7,FFFFF79F00002098
2026-09-25T16:47:14.355330+00:00,0x2A9,FFFF932300000000
2026-09-25T16:47:14.357001+00:00,0x2A1,0100020001000000
2026-09-25T16:47:14.359244+00:00,0x2A5,000015AFFFFF7AD5
2026-09-25T16:47:14.359483+00:00,0x2A6,00000622FFFFC3B7
2026-09-25T16:47:14.359729+00:00,0x2A7,FFFFF79F00002098
2026-09-25T16:47:14.359956+00:00,0x2A9,FFFF932300000000
2026-09-25T16:47:14.361881+00:00,0x2A1,0100020001000000
2026-09-25T16:47:14.363956+00:00,0x2A5,000015B1FFFF7AD2
2026-09-25T16:47:14.364152+00:00,0x2A6,00000622FFFFC3BB
2026-09-25T16:47:14.364351+00:00,0x2A7,FFFFF79F00002098
2026-09-25T16:47:14.364597+00:00,0x2A9,FFFF932300000000
2026-09-25T16:47:14.366196+00:00,0x2A1,0100020001000000
2026-09-25T16:47:14.368352+00:00,0x2A5,000015B1FFFF7AD2
2026-09-25T16:47:14.368598+00:00,0x2A6,00000622FFFFC3BB
2026-09-25T16:47:14.369287+00:00,0x2A7,FFFFF79F00002095
2026-09-25T16:47:14.369905+00:00,0x2A9,FFFF932300000000
2026-09-25T16:47:14.371180+00:00,0x2A1,0100020001000000
2026-09-25T16:47:14.373352+00:00,0x2A5,000015B4FFFF7AD2
2026-09-25T16:47:14.373589+00:00,0x2A6,00000622FFFFC3BB
2026-09-25T16:47:14.373880+00:00,0x2A7,FFFFF79F00002095
2026-09-25T16:47:14.374043+00:00,0x2A9,FFFF932300000000
2026-09-25T16:47:14.376137+00:00,0x2A1,0100020001000000
2026-09-25T16:47:14.378519+00:00,0x2A5,000015B4FFFF7AD2
2026-09-25T16:47:14.378772+00:00,0x2A6,00000622FFFFC3BF
2026-09-25T16:47:14.379000+00:00,0x2A7,FFFFF79F00002095
2026-09-25T16:47:14.379202+00:00,0x2A9,FFFF932300000000
2026-09-25T16:47:14.381957+00:00,0x2A1,0100020001000000
2026-09-25T16:47:14.384001+00:00,0x2A5,000015B4FFFF7AD2
2026-09-25T16:47:14.384245+00:00,0x2A6,00000622FFFFC3BF
2026-09-25T16:47:14.384442+00:00,0x2A7,FFFFF79A00002095
2026-09-25T16:47:14.384644+00:00,0x2A9,FFFF932300000000
2026-09-25T16:47:14.386240+00:00,0x2A1,0100020001000000
2026-09-25T16:47:14.388287+00:00,0x2A5,000015B4FFFF7AD2
2026-09-25T16:47:14.388519+00:00,0x2A6,00000622FFFFC3BF
2026-09-25T16:47:14.388772+00:00,0x2A7,FFFFF79A00002095
2026-09-25T16:47:14.389043+00:00,0x2A9,FFFF932300000000
2026-09-25T16:47:14.391155+00:00,0x2A1,0100020001000000
2026-09-25T16:47:14.393245+00:00,0x2A5,000015B6FFFF7AD2
2026-09-25T16:47:14.393485+00:00,0x2A6,00000622FFFFC3BF
2026-09-25T16:47:14.393686+00:00,0x2A7,FFFFF79A00002091
2026-09-25T16:47:14.393957+00:00,0x2A9,FFFF931F00000000
2026-09-25T16:47:14.396200+00:00,0x2A1,0100020001000000
2026-09-25T16:47:14.398352+00:00,0x2A5,000015B6FFFF7AD2
2026-09-25T16:47:14.398590+00:00,0x2A6,00000622FFFFC3BF
2026-09-25T16:47:14.398880+00:00,0x2A7,FFFFF79A00002091
2026-09-25T16:47:14.399086+00:00,0x2A9,FFFF931F00000000
2026-09-25T16:47:14.402172+00:00,0x2A1,0100020001000000
2026-09-25T16:47:14.402460+00:00,0x2A5,000015B6FFFF7AD2
2026-09-25T16:47:14.402749+00:00,0x2A6,00000622FFFFC3BF
2026-09-25T16:47:14.403043+00:00,0x2A7,FFFFF79A00002091
2026-09-25T16:47:14.403288+00:00,0x2A9,FFFF931F00000000
2026-09-25T16:47:14.406233+00:00,0x2A1,0100020001000000
2026-09-25T16:47:14.408882+00:00,0x2A5,000015B6FFFF7AD2
2026-09-25T16:47:14.409129+00:00,0x2A6,00000622FFFFC3BF
2026-09-25T16:47:14.409417+00:00,0x2A7,FFFFF79A00002091
2026-09-25T16:47:14.409620+00:00,0x2A9,FFFF931F00000000
2026-09-25T16:47:14.414353+00:00,0x2A5,000015B6FFFF7AD2
2026-09-25T16:47:14.414541+00:00,0x2A6,00000622FFFFC3BF
2026-09-25T16:47:14.414879+00:00,0x2A7,FFFFF79A00002091
2026-09-25T16:47:14.415044+00:00,0x2A9,FFFF931F00000000
2026-09-25T16:47:14.416202+00:00,0x2A1,0100020001000000
2026-09-25T16:47:14.416441+00:00,0x2A1,0100020001000000
2026-09-25T16:47:14.418642+00:00,0x2A5,000015B6FFFF7AD2
2026-09-25T16:47:14.418903+00:00,0x2A6,00000622FFFFC3BF
2026-09-25T16:47:14.419150+00:00,0x2A7,FFFFF79A0000208E
2026-09-25T16:47:14.419352+00:00,0x2A9,FFFF931F00000000
2026-09-25T16:47:14.421201+00:00,0x2A1,0100020001000000
2026-09-25T16:47:14.424508+00:00,0x2A5,000015B6FFFF7AD2
2026-09-25T16:47:14.424727+00:00,0x2A6,00000622FFFFC3C3
2026-09-25T16:47:14.424957+00:00,0x2A7,FFFFF79A0000208E
2026-09-25T16:47:14.425153+00:00,0x2A9,FFFF931F00000000
2026-09-25T16:47:14.426167+00:00,0x2A1,0100020001000000
2026-09-25T16:47:14.428442+00:00,0x2A5,000015B9FFFF7AD0
2026-09-25T16:47:14.428687+00:00,0x2A6,00000622FFFFC3C3
2026-09-25T16:47:14.428884+00:00,0x2A7,FFFFF79A0000208E
2026-09-25T16:47:14.429129+00:00,0x2A9,FFFF931F00000000
2026-09-25T16:47:14.431188+00:00,0x2A1,0100020001000000
2026-09-25T16:47:14.434108+00:00,0x2A5,000015B9FFFF7AD0
2026-09-25T16:47:14.434353+00:00,0x2A6,00000622FFFFC3C3
2026-09-25T16:47:14.434541+00:00,0x2A7,FFFFF7960000208E
2026-09-25T16:47:14.434879+00:00,0x2A9,FFFF931F00000000
2026-09-25T16:47:14.436197+00:00,0x2A1,0100020001000000
2026-09-25T16:47:14.438484+00:00,0x2A5,000015B9FFFF7AD0
2026-09-25T16:47:14.438729+00:00,0x2A6,00000622FFFFC3C3
2026-09-25T16:47:14.438957+00:00,0x2A7,FFFFF7960000208E
2026-09-25T16:47:14.439244+00:00,0x2A9,FFFF931A00000000
2026-09-25T16:47:14.441171+00:00,0x2A1,0100020001000000
2026-09-25T16:47:14.443287+00:00,0x2A5,000015B9FFFF7AD0
2026-09-25T16:47:14.443519+00:00,0x2A6,00000622FFFFC3C3
2026-09-25T16:47:14.443730+00:00,0x2A7,FFFFF7960000208A
2026-09-25T16:47:14.443957+00:00,0x2A9,FFFF931A00000000
2026-09-25T16:47:14.446225+00:00,0x2A1,0100020001000000
2026-09-25T16:47:14.448485+00:00,0x2A5,000015BBFFFF7AD0
2026-09-25T16:47:14.448730+00:00,0x2A6,00000622FFFFC3C3
2026-09-25T16:47:14.448957+00:00,0x2A7,FFFFF7960000208A
2026-09-25T16:47:14.449154+00:00,0x2A9,FFFF931A00000000
2026-09-25T16:47:14.451175+00:00,0x2A1,0100020001000000
2026-09-25T16:47:14.454129+00:00,0x2A5,000015BBFFFF7AD0
2026-09-25T16:47:14.454331+00:00,0x2A6,00000622FFFFC3C3
2026-09-25T16:47:14.454568+00:00,0x2A7,FFFFF7960000208A
2026-09-25T16:47:14.454882+00:00,0x2A9,FFFF931A00000000
2026-09-25T16:47:14.456216+00:00,0x2A1,0100020001000000
2026-09-25T16:47:14.458286+00:00,0x2A5,000015BBFFFF7AD0
2026-09-25T16:47:14.458523+00:00,0x2A6,00000622FFFFC3C3
2026-09-25T16:47:14.458879+00:00,0x2A7,FFFFF7960000208A
2026-09-25T16:47:14.459085+00:00,0x2A9,FFFF931A00000000
2026-09-25T16:47:14.461748+00:00,0x2A1,0100020001000000
2026-09-25T16:47:14.463372+00:00,0x2A5,000015BBFFFF7AD0
2026-09-25T16:47:14.463611+00:00,0x2A6,00000622FFFFC3C3
2026-09-25T16:47:14.463902+00:00,0x2A7,FFFFF7960000208A
2026-09-25T16:47:14.464149+00:00,0x2A9,FFFF931600000000
2026-09-25T16:47:14.468956+00:00,0x2A1,0100020001000000
2026-09-25T16:47:14.469200+00:00,0x2A5,000015BDFFFF7AD0
2026-09-25T16:47:14.469440+00:00,0x2A6,00000622FFFFC3C3
2026-09-25T16:47:14.469685+00:00,0x2A7,FFFFF7960000208A
2026-09-25T16:47:14.469904+00:00,0x2A9,FFFF931600000000
2026-09-25T16:47:14.471172+00:00,0x2A1,0100020001000000
2026-09-25T16:47:14.474129+00:00,0x2A5,000015BDFFFF7AD0
2026-09-25T16:47:14.474329+00:00,0x2A6,00000622FFFFC3C3
2026-09-25T16:47:14.474566+00:00,0x2A7,FFFFF7960000208A
2026-09-25T16:47:14.474905+00:00,0x2A9,FFFF931600000000
2026-09-25T16:47:14.476179+00:00,0x2A1,0100020001000000
2026-09-25T16:47:14.478483+00:00,0x2A5,000015BDFFFF7AD0
2026-09-25T16:47:14.478685+00:00,0x2A6,00000622FFFFC3C3
2026-09-25T16:47:14.478956+00:00,0x2A7,FFFFF7960000208A
2026-09-25T16:47:14.479152+00:00,0x2A9,FFFF931600000000
2026-09-25T16:47:14.481902+00:00,0x2A1,0100020001000000
2026-09-25T16:47:14.483955+00:00,0x2A5,000015BDFFFF7AD0
2026-09-25T16:47:14.484152+00:00,0x2A6,00000622FFFFC3C3
2026-09-25T16:47:14.484394+00:00,0x2A7,FFFFF7960000208A
2026-09-25T16:47:14.484588+00:00,0x2A9,FFFF931600000000
2026-09-25T16:47:14.486197+00:00,0x2A1,0100020001000000
2026-09-25T16:47:14.488394+00:00,0x2A5,000015BDFFFF7AD0
2026-09-25T16:47:14.488640+00:00,0x2A6,00000622FFFFC3C3
2026-09-25T16:47:14.488880+00:00,0x2A7,FFFFF7960000208A
2026-09-25T16:47:14.489085+00:00,0x2A9,FFFF931600000000
2026-09-25T16:47:14.491184+00:00,0x2A1,0100020001000000
2026-09-25T16:47:14.494003+00:00,0x2A5,000015BDFFFF7AD0
2026-09-25T16:47:14.494200+00:00,0x2A6,00000622FFFFC3C3
2026-09-25T16:47:14.494397+00:00,0x2A7,FFFFF79600002088
2026-09-25T16:47:14.494644+00:00,0x2A9,FFFF931600000000
2026-09-25T16:47:14.496197+00:00,0x2A1,0100020001000000
2026-09-25T16:47:14.498329+00:00,0x2A5,000015BDFFFF7ACE
2026-09-25T16:47:14.498567+00:00,0x2A6,00000622FFFFC3C3
2026-09-25T16:47:14.498906+00:00,0x2A7,FFFFF79600002088
2026-09-25T16:47:14.499042+00:00,0x2A9,FFFF931600000000
2026-09-25T16:47:14.501880+00:00,0x2A1,0100020001000000
2026-09-25T16:47:14.503890+00:00,0x2A5,000015BDFFFF7ACE
2026-09-25T16:47:14.504086+00:00,0x2A6,00000622FFFFC3C3
2026-09-25T16:47:14.504286+00:00,0x2A7,FFFFF79600002088
2026-09-25T16:47:14.504518+00:00,0x2A9,FFFF931600000000
2026-09-25T16:47:14.506188+00:00,0x2A1,0100020001000000
2026-09-25T16:47:14.508243+00:00,0x2A5,000015BDFFFF7ACE
2026-09-25T16:47:14.508483+00:00,0x2A6,00000622FFFFC3C3
2026-09-25T16:47:14.508685+00:00,0x2A7,FFFFF79600002088
2026-09-25T16:47:14.508904+00:00,0x2A9,FFFF931600000000
2026-09-25T16:47:14.511270+00:00,0x2A1,0100020001000000
2026-09-25T16:47:14.513620+00:00,0x2A5,000015BDFFFF7ACE
2026-09-25T16:47:14.513882+00:00,0x2A6,00000622FFFFC3C3
2026-09-25T16:47:14.514086+00:00,0x2A7,FFFFF79600002088
2026-09-25T16:47:14.514331+00:00,0x2A9,FFFF931600000000
2026-09-25T16:47:14.518881+00:00,0x2A1,0100020001000000
2026-09-25T16:47:14.519086+00:00,0x2A5,000015BDFFFF7ACE
2026-09-25T16:47:14.519330+00:00,0x2A6,00000622FFFFC3C3
2026-09-25T16:47:14.519612+00:00,0x2A7,FFFFF79600002088
2026-09-25T16:47:14.519904+00:00,0x2A9,FFFF931600000000
2026-09-25T16:47:14.524956+00:00,0x2A1,0100020001000000
2026-09-25T16:47:14.525201+00:00,0x2A5,000015BDFFFF7ACE
2026-09-25T16:47:14.525398+00:00,0x2A6,00000622FFFFC3C3
2026-09-25T16:47:14.525645+00:00,0x2A7,FFFFF79600002088
2026-09-25T16:47:14.525912+00:00,0x2A9,FFFF931600000000
2026-09-25T16:47:14.526487+00:00,0x2A1,0100020001000000
2026-09-25T16:47:14.528527+00:00,0x2A5,000015BDFFFF7ACE
2026-09-25T16:47:14.528772+00:00,0x2A6,00000622FFFFC3C3
2026-09-25T16:47:14.529000+00:00,0x2A7,FFFFF79600002088
2026-09-25T16:47:14.529201+00:00,0x2A9,FFFF931200000000
2026-09-25T16:47:14.534245+00:00,0x2A1,0100020001000000
2026-09-25T16:47:14.535310+00:00,0x2A5,000015BDFFFF7ACE
2026-09-25T16:47:14.535542+00:00,0x2A6,00000622FFFFC3C3
2026-09-25T16:47:14.535750+00:00,0x2A7,FFFFF79600002088
2026-09-25T16:47:14.536001+00:00,0x2A9,FFFF931200000000
2026-09-25T16:47:14.536245+00:00,0x2A1,0100020001000000
2026-09-25T16:47:14.538802+00:00,0x2A5,000015BDFFFF7ACE
2026-09-25T16:47:14.539044+00:00,0x2A6,00000622FFFFC3C3
2026-09-25T16:47:14.539288+00:00,0x2A7,FFFFF79600002084
2026-09-25T16:47:14.539521+00:00,0x2A9,FFFF931200000000
2026-09-25T16:47:14.541396+00:00,0x2A1,0100020001000000
2026-09-25T16:47:14.543520+00:00,0x2A5,000015BDFFFF7ACE
2026-09-25T16:47:14.543774+00:00,0x2A6,00000622FFFFC3C3
2026-09-25T16:47:14.544002+00:00,0x2A7,FFFFF79600002084
2026-09-25T16:47:14.544246+00:00,0x2A9,FFFF931200000000
2026-09-25T16:47:14.546168+00:00,0x2A1,0100020001000000
2026-09-25T16:47:14.548525+00:00,0x2A5,000015BDFFFF7ACE
2026-09-25T16:47:14.548731+00:00,0x2A6,00000622FFFFC3C3
2026-09-25T16:47:14.548958+00:00,0x2A7,FFFFF79600002084
2026-09-25T16:47:14.549203+00:00,0x2A9,FFFF931200000000
2026-09-25T16:47:14.551130+00:00,0x2A1,0100020001000000
2026-09-25T16:47:14.553573+00:00,0x2A5,000015BFFFFF7ACE
2026-09-25T16:47:14.553886+00:00,0x2A6,00000622FFFFC3C3
2026-09-25T16:47:14.554087+00:00,0x2A7,FFFFF79600002084
2026-09-25T16:47:14.554288+00:00,0x2A9,FFFF931200000000
2026-09-25T16:47:14.556130+00:00,0x2A1,0100020001000000
2026-09-25T16:47:14.558353+00:00,0x2A5,000015BFFFFF7ACE
2026-09-25T16:47:14.558590+00:00,0x2A6,00000622FFFFC3C3
2026-09-25T16:47:14.558882+00:00,0x2A7,FFFFF79600002084
2026-09-25T16:47:14.559044+00:00,0x2A9,FFFF931200000000
2026-09-25T16:47:14.561130+00:00,0x2A1,0100020001000000
2026-09-25T16:47:14.563396+00:00,0x2A5,000015BFFFFF7ACE
2026-09-25T16:47:14.563642+00:00,0x2A6,00000622FFFFC3C3
2026-09-25T16:47:14.563882+00:00,0x2A7,FFFFF79600002084
2026-09-25T16:47:14.564087+00:00,0x2A9,FFFF931200000000
2026-09-25T16:47:14.566242+00:00,0x2A1,0100020001000000
2026-09-25T16:47:14.569938+00:00,0x2A5,000015BFFFFF7ACE
2026-09-25T16:47:14.570203+00:00,0x2A6,00000622FFFFC3C3
2026-09-25T16:47:14.570442+00:00,0x2A7,FFFFF79600002084
2026-09-25T16:47:14.570687+00:00,0x2A9,FFFF931200000000
2026-09-25T16:47:14.571203+00:00,0x2A1,0100020001000000
2026-09-25T16:47:14.573520+00:00,0x2A5,000015BFFFFF7ACE
2026-09-25T16:47:14.573773+00:00,0x2A6,00000622FFFFC3C3
2026-09-25T16:47:14.574001+00:00,0x2A7,FFFFF79600002084
2026-09-25T16:47:14.574288+00:00,0x2A9,FFFF931200000000
2026-09-25T16:47:14.579203+00:00,0x2A1,0100020001000000
2026-09-25T16:47:14.579443+00:00,0x2A5,000015BFFFFF7ACE
2026-09-25T16:47:14.579688+00:00,0x2A6,00000622FFFFC3C3
2026-09-25T16:47:14.579958+00:00,0x2A7,FFFFF79600002084
2026-09-25T16:47:14.580203+00:00,0x2A9,FFFF931200000000
2026-09-25T16:47:14.582131+00:00,0x2A1,0100020001000000
2026-09-25T16:47:14.584155+00:00,0x2A5,000015BFFFFF7ACE
2026-09-25T16:47:14.584397+00:00,0x2A6,00000622FFFFC3C3
2026-09-25T16:47:14.584591+00:00,0x2A7,FFFFF79600002084
2026-09-25T16:47:14.584882+00:00,0x2A9,FFFF931200000000
2026-09-25T16:47:14.587692+00:00,0x2A1,0100020001000000
2026-09-25T16:47:14.588881+00:00,0x2A5,000015BFFFFF7ACE
2026-09-25T16:47:14.589087+00:00,0x2A6,00000622FFFFC3C3
2026-09-25T16:47:14.589292+00:00,0x2A7,FFFFF79100002084
2026-09-25T16:47:14.589520+00:00,0x2A9,FFFF931200000000
2026-09-25T16:47:14.591491+00:00,0x2A1,0100020001000000
2026-09-25T16:47:14.593591+00:00,0x2A5,000015BFFFFF7ACE
2026-09-25T16:47:14.593882+00:00,0x2A6,00000622FFFFC3C3
2026-09-25T16:47:14.594045+00:00,0x2A7,FFFFF79200002084
2026-09-25T16:47:14.594289+00:00,0x2A9,FFFF931200000000
2026-09-25T16:47:14.596198+00:00,0x2A1,0100020001000000
2026-09-25T16:47:14.598289+00:00,0x2A5,000015BFFFFF7ACE
2026-09-25T16:47:14.598520+00:00,0x2A6,00000622FFFFC3C3
2026-09-25T16:47:14.598774+00:00,0x2A7,FFFFF79200002084
2026-09-25T16:47:14.599002+00:00,0x2A9,FFFF931200000000
2026-09-25T16:47:14.602622+00:00,0x2A1,0100020001000000
2026-09-25T16:47:14.604645+00:00,0x2A5,000015BFFFFF7ACE
2026-09-25T16:47:14.604885+00:00,0x2A6,00000622FFFFC3C3
2026-09-25T16:47:14.605088+00:00,0x2A7,FFFFF79200002084
2026-09-25T16:47:14.605332+00:00,0x2A9,FFFF931200000000
2026-09-25T16:47:14.606146+00:00,0x2A1,0100020001000000
2026-09-25T16:47:14.608687+00:00,0x2A5,000015BFFFFF7ACE
2026-09-25T16:47:14.608958+00:00,0x2A6,00000622FFFFC3C3
2026-09-25T16:47:14.609203+00:00,0x2A7,FFFFF79200002084
2026-09-25T16:47:14.609443+00:00,0x2A9,FFFF931200000000
2026-09-25T16:47:14.611190+00:00,0x2A1,0100020001000000
2026-09-25T16:47:14.613526+00:00,0x2A5,000015BFFFFF7ACE
2026-09-25T16:47:14.613731+00:00,0x2A6,00000622FFFFC3C3
2026-09-25T16:47:14.613959+00:00,0x2A7,FFFFF79200002084
2026-09-25T16:47:14.614203+00:00,0x2A9,FFFF931200000000
2026-09-25T16:47:14.616212+00:00,0x2A1,0100020001000000
2026-09-25T16:47:14.618892+00:00,0x2A5,000015BFFFFF7ACE
2026-09-25T16:47:14.619088+00:00,0x2A6,00000622FFFFC3C3
2026-09-25T16:47:14.619903+00:00,0x2A7,FFFFF79200002084
2026-09-25T16:47:14.620164+00:00,0x2A9,FFFF931200000000
2026-09-25T16:47:14.623967+00:00,0x2A1,0100020001000000
2026-09-25T16:47:14.624688+00:00,0x2A5,000015BFFFFF7ACE
2026-09-25T16:47:14.624907+00:00,0x2A6,00000622FFFFC3C3
2026-09-25T16:47:14.625195+00:00,0x2A7,FFFFF79200002084
2026-09-25T16:47:14.625397+00:00,0x2A9,FFFF931200000000
2026-09-25T16:47:14.627332+00:00,0x2A1,0100020001000000
2026-09-25T16:47:14.630443+00:00,0x2A5,000015BFFFFF7ACE
2026-09-25T16:47:14.630688+00:00,0x2A6,00000622FFFFC3C3
2026-09-25T16:47:14.630907+00:00,0x2A7,FFFFF79200002084
2026-09-25T16:47:14.631196+00:00,0x2A9,FFFF931200000000
2026-09-25T16:47:14.631483+00:00,0x2A1,0100020001000000
2026-09-25T16:47:14.634644+00:00,0x2A5,000015BFFFFF7ACE
2026-09-25T16:47:14.634959+00:00,0x2A6,00000622FFFFC3C3
2026-09-25T16:47:14.635203+00:00,0x2A7,FFFFF79200002084
2026-09-25T16:47:14.635443+00:00,0x2A9,FFFF931200000000
2026-09-25T16:47:14.636375+00:00,0x2A1,0100020001000000
2026-09-25T16:47:14.638486+00:00,0x2A5,000015BFFFFF7ACE
2026-09-25T16:47:14.638736+00:00,0x2A6,00000622FFFFC3C3
2026-09-25T16:47:14.638958+00:00,0x2A7,FFFFF79200002084
2026-09-25T16:47:14.639155+00:00,0x2A9,FFFF931200000000
2026-09-25T16:47:14.642026+00:00,0x2A1,0100020001000000
2026-09-25T16:47:14.645089+00:00,0x2A5,000015BFFFFF7ACE
2026-09-25T16:47:14.645290+00:00,0x2A6,00000622FFFFC3C3
2026-09-25T16:47:14.645486+00:00,0x2A7,FFFFF79200002084
2026-09-25T16:47:14.645732+00:00,0x2A9,FFFF931200000000
2026-09-25T16:47:14.646200+00:00,0x2A1,0100020001000000
2026-09-25T16:47:14.648443+00:00,0x2A5,000015BFFFFF7ACE
2026-09-25T16:47:14.648688+00:00,0x2A6,00000622FFFFC3C3
2026-09-25T16:47:14.648907+00:00,0x2A7,FFFFF79200002084
2026-09-25T16:47:14.649109+00:00,0x2A9,FFFF931200000000
2026-09-25T16:47:14.651171+00:00,0x2A1,0100020001000000
2026-09-25T16:47:14.653529+00:00,0x2A5,000015BFFFFF7ACE
2026-09-25T16:47:14.653906+00:00,0x2A6,00000622FFFFC3C3
2026-09-25T16:47:14.654088+00:00,0x2A7,FFFFF79200002084
2026-09-25T16:47:14.654332+00:00,0x2A9,FFFF931200000000
2026-09-25T16:47:14.656175+00:00,0x2A1,0100020001000000
2026-09-25T16:47:14.658398+00:00,0x2A5,000015BFFFFF7ACE
2026-09-25T16:47:14.658600+00:00,0x2A6,00000622FFFFC3C3
2026-09-25T16:47:14.658883+00:00,0x2A7,FFFFF79200002084
2026-09-25T16:47:14.659088+00:00,0x2A9,FFFF931200000000
2026-09-25T16:47:14.661595+00:00,0x2A1,0100020001000000
2026-09-25T16:47:14.663644+00:00,0x2A5,000015BFFFFF7ACE
2026-09-25T16:47:14.663885+00:00,0x2A6,00000622FFFFC3C3
2026-09-25T16:47:14.664131+00:00,0x2A7,FFFFF79200002084
2026-09-25T16:47:14.664375+00:00,0x2A9,FFFF931200000000
2026-09-25T16:47:14.666283+00:00,0x2A1,0100020001000000
2026-09-25T16:47:14.668520+00:00,0x2A5,000015BFFFFF7ACE
2026-09-25T16:47:14.668773+00:00,0x2A6,00000622FFFFC3C3
2026-09-25T16:47:14.669001+00:00,0x2A7,FFFFF79200002082
2026-09-25T16:47:14.669203+00:00,0x2A9,FFFF931200000000
2026-09-25T16:47:14.671189+00:00,0x2A1,0100020001000000
2026-09-25T16:47:14.674001+00:00,0x2A5,000015BFFFFF7ACE
2026-09-25T16:47:14.674245+00:00,0x2A6,00000622FFFFC3C3
2026-09-25T16:47:14.674485+00:00,0x2A7,FFFFF79200002082
2026-09-25T16:47:14.674687+00:00,0x2A9,FFFF931200000000
2026-09-25T16:47:14.676286+00:00,0x2A1,0100020001000000
2026-09-25T16:47:14.678775+00:00,0x2A5,000015BFFFFF7ACE
2026-09-25T16:47:14.679045+00:00,0x2A6,00000622FFFFC3C3
2026-09-25T16:47:14.679290+00:00,0x2A7,FFFFF79200002082
2026-09-25T16:47:14.679530+00:00,0x2A9,FFFF931200000000
2026-09-25T16:47:14.682046+00:00,0x2A1,0100020000000000
2026-09-25T16:47:14.684156+00:00,0x2A5,000015BFFFFF7ACE
2026-09-25T16:47:14.685315+00:00,0x2A6,00000622FFFFC3C3
2026-09-25T16:47:14.685553+00:00,0x2A7,FFFFF79200002082
2026-09-25T16:47:14.685917+00:00,0x2A9,FFFF931200000000
2026-09-25T16:47:14.686375+00:00,0x2A1,0100020000000000
2026-09-25T16:47:14.688886+00:00,0x2A5,000015BFFFFF7ACE
2026-09-25T16:47:14.689089+00:00,0x2A6,00000622FFFFC3C3
2026-09-25T16:47:14.689290+00:00,0x2A7,FFFFF79200002082
2026-09-25T16:47:14.689521+00:00,0x2A9,FFFF931200000000
2026-09-25T16:47:14.691183+00:00,0x2A1,0100020000000000
2026-09-25T16:47:14.694003+00:00,0x2A5,000015BFFFFF7ACE
2026-09-25T16:47:14.694204+00:00,0x2A6,00000622FFFFC3C3
2026-09-25T16:47:14.694444+00:00,0x2A7,FFFFF79200002082
2026-09-25T16:47:14.694646+00:00,0x2A9,FFFF931200000000
2026-09-25T16:47:14.696200+00:00,0x2A1,0100020000000000
2026-09-25T16:47:14.698355+00:00,0x2A5,000015BFFFFF7ACE
2026-09-25T16:47:14.698543+00:00,0x2A6,00000622FFFFC3C3
2026-09-25T16:47:14.698887+00:00,0x2A7,FFFFF79200002082
2026-09-25T16:47:14.699003+00:00,0x2A9,FFFF931200000000
2026-09-25T16:47:14.701692+00:00,0x2A1,0100020000000000
2026-09-25T16:47:14.703689+00:00,0x2A5,000015BFFFFF7ACE
2026-09-25T16:47:14.703886+00:00,0x2A6,00000622FFFFC3C3
2026-09-25T16:47:14.704131+00:00,0x2A7,FFFFF79200002082
2026-09-25T16:47:14.704333+00:00,0x2A9,FFFF931200000000
2026-09-25T16:47:14.706208+00:00,0x2A1,0100020000000000
2026-09-25T16:47:14.708333+00:00,0x2A5,000015BFFFFF7ACE
2026-09-25T16:47:14.708529+00:00,0x2A6,00000622FFFFC3C3
2026-09-25T16:47:14.708775+00:00,0x2A7,FFFFF79200002082
2026-09-25T16:47:14.709003+00:00,0x2A9,FFFF931200000000
2026-09-25T16:47:14.711190+00:00,0x2A1,0100020000000000
2026-09-25T16:47:14.713447+00:00,0x2A5,000015BFFFFF7ACE
2026-09-25T16:47:14.713886+00:00,0x2A6,00000622FFFFC3C3
2026-09-25T16:47:14.714132+00:00,0x2A7,FFFFF79200002082
2026-09-25T16:47:14.714333+00:00,0x2A9,FFFF931200000000
2026-09-25T16:47:14.716169+00:00,0x2A1,0100020000000000
2026-09-25T16:47:14.718443+00:00,0x2A5,000015BFFFFF7ACE
2026-09-25T16:47:14.718645+00:00,0x2A6,00000622FFFFC3C3
2026-09-25T16:47:14.718887+00:00,0x2A7,FFFFF79200002082
2026-09-25T16:47:14.719089+00:00,0x2A9,FFFF931200000000
2026-09-25T16:47:14.722330+00:00,0x2A1,0100020000000000
2026-09-25T16:47:14.724290+00:00,0x2A5,000015BFFFFF7ACE
2026-09-25T16:47:14.724487+00:00,0x2A6,00000622FFFFC3C3
2026-09-25T16:47:14.724689+00:00,0x2A7,FFFFF79200002082
2026-09-25T16:47:14.724908+00:00,0x2A9,FFFF930E00000000
2026-09-25T16:47:14.726183+00:00,0x2A1,0100020000000000
2026-09-25T16:47:14.728204+00:00,0x2A5,000015BFFFFF7ACE
2026-09-25T16:47:14.728401+00:00,0x2A6,00000622FFFFC3C3
2026-09-25T16:47:14.728648+00:00,0x2A7,FFFFF79200002082
2026-09-25T16:47:14.728894+00:00,0x2A9,FFFF930E00000000
2026-09-25T16:47:14.733907+00:00,0x2A1,0100020000000000
2026-09-25T16:47:14.734046+00:00,0x2A5,000015BFFFFF7ACE
2026-09-25T16:47:14.734290+00:00,0x2A6,00000622FFFFC3C3
2026-09-25T16:47:14.735289+00:00,0x2A7,FFFFF79200002082
2026-09-25T16:47:14.735570+00:00,0x2A9,FFFF930E00000000
2026-09-25T16:47:14.736242+00:00,0x2A1,0100020000000000
2026-09-25T16:47:14.739208+00:00,0x2A5,000015BFFFFF7ACE
2026-09-25T16:47:14.739909+00:00,0x2A6,00000622FFFFC3C3
2026-09-25T16:47:14.740634+00:00,0x2A7,FFFFF79200002082
2026-09-25T16:47:14.740922+00:00,0x2A9,FFFF930E00000000
2026-09-25T16:47:14.743644+00:00,0x2A1,0100020000000000
2026-09-25T16:47:14.745689+00:00,0x2A5,000015BFFFFF7ACE
2026-09-25T16:47:14.745962+00:00,0x2A6,00000622FFFFC3C3
2026-09-25T16:47:14.746156+00:00,0x2A7,FFFFF79200002082
2026-09-25T16:47:14.746442+00:00,0x2A9,FFFF930E00000000
2026-09-25T16:47:14.746644+00:00,0x2A1,0100020000000000
2026-09-25T16:47:14.748775+00:00,0x2A5,000015BFFFFF7ACE
2026-09-25T16:47:14.749003+00:00,0x2A6,00000622FFFFC3C3
2026-09-25T16:47:14.749204+00:00,0x2A7,FFFFF79200002082
2026-09-25T16:47:14.749444+00:00,0x2A9,FFFF930E00000000
2026-09-25T16:47:14.751165+00:00,0x2A1,0100020000000000
2026-09-25T16:47:14.754246+00:00,0x2A5,000015BFFFFF7ACE
2026-09-25T16:47:14.754487+00:00,0x2A6,00000622FFFFC3C3
2026-09-25T16:47:14.754689+00:00,0x2A7,FFFFF79200002082
2026-09-25T16:47:14.754907+00:00,0x2A9,FFFF930E00000000
2026-09-25T16:47:14.756242+00:00,0x2A1,0100020000000000
2026-09-25T16:47:14.758543+00:00,0x2A5,000015BFFFFF7ACE
2026-09-25T16:47:14.758905+00:00,0x2A6,00000622FFFFC3C3
2026-09-25T16:47:14.759003+00:00,0x2A7,FFFFF79200002082
2026-09-25T16:47:14.759247+00:00,0x2A9,FFFF930E00000000
2026-09-25T16:47:14.762153+00:00,0x2A1,0100020000000000
2026-09-25T16:47:14.764157+00:00,0x2A5,000015BFFFFF7ACE
2026-09-25T16:47:14.764355+00:00,0x2A6,00000622FFFFC3C3
2026-09-25T16:47:14.764601+00:00,0x2A7,FFFFF79200002082
2026-09-25T16:47:14.764883+00:00,0x2A9,FFFF930E00000000
2026-09-25T16:47:14.766183+00:00,0x2A1,0100020000000000
2026-09-25T16:47:14.768290+00:00,0x2A5,000015BFFFFF7ACE
2026-09-25T16:47:14.768528+00:00,0x2A6,00000622FFFFC3C3
2026-09-25T16:47:14.768733+00:00,0x2A7,FFFFF79200002082
2026-09-25T16:47:14.768963+00:00,0x2A9,FFFF930E00000000
2026-09-25T16:47:14.771217+00:00,0x2A1,0100020000000000
2026-09-25T16:47:14.773487+00:00,0x2A5,000015BFFFFF7ACE
2026-09-25T16:47:14.773689+00:00,0x2A6,00000622FFFFC3C3
2026-09-25T16:47:14.773959+00:00,0x2A7,FFFFF79200002082
2026-09-25T16:47:14.774156+00:00,0x2A9,FFFF930E00000000
2026-09-25T16:47:14.776201+00:00,0x2A1,0100020000000000
2026-09-25T16:47:14.778333+00:00,0x2A5,000015BFFFFF7ACE
2026-09-25T16:47:14.778571+00:00,0x2A6,00000622FFFFC3C3
2026-09-25T16:47:14.778776+00:00,0x2A7,FFFFF79200002082
2026-09-25T16:47:14.779003+00:00,0x2A9,FFFF930E00000000
2026-09-25T16:47:14.782153+00:00,0x2A1,0100020000000000
2026-09-25T16:47:14.784919+00:00,0x2A5,000015BFFFFF7ACE
2026-09-25T16:47:14.785047+00:00,0x2A6,00000622FFFFC3C3
2026-09-25T16:47:14.785290+00:00,0x2A7,FFFFF79200002082
2026-09-25T16:47:14.785571+00:00,0x2A9,FFFF930E00000000
2026-09-25T16:47:14.786286+00:00,0x2A1,0100020000000000
2026-09-25T16:47:14.788959+00:00,0x2A5,000015BFFFFF7ACE
2026-09-25T16:47:14.789205+00:00,0x2A6,00000622FFFFC3C3
2026-09-25T16:47:14.789444+00:00,0x2A7,FFFFF79200002082
2026-09-25T16:47:14.789690+00:00,0x2A9,FFFF930E00000000
2026-09-25T16:47:14.791245+00:00,0x2A1,0100020000000000
2026-09-25T16:47:14.792377+00:00,0x2A5,000015BFFFFF7ACE
2026-09-25T16:47:14.794398+00:00,0x2A6,00000622FFFFC3C3
2026-09-25T16:47:14.794907+00:00,0x2A7,FFFFF79200002082
2026-09-25T16:47:14.795153+00:00,0x2A9,FFFF930E00000000
2026-09-25T16:47:14.796175+00:00,0x2A1,0100020000000000
2026-09-25T16:47:14.798291+00:00,0x2A5,000015C2FFFF7ACE
2026-09-25T16:47:14.798527+00:00,0x2A6,00000622FFFFC3C3
2026-09-25T16:47:14.798775+00:00,0x2A7,FFFFF79200002082
2026-09-25T16:47:14.799004+00:00,0x2A9,FFFF930E00000000
2026-09-25T16:47:14.802333+00:00,0x2A1,0100020000000000
2026-09-25T16:47:14.804355+00:00,0x2A5,000015C2FFFF7ACE
2026-09-25T16:47:14.804592+00:00,0x2A6,00000622FFFFC3C3
2026-09-25T16:47:14.804884+00:00,0x2A7,FFFFF79200002082
2026-09-25T16:47:14.805046+00:00,0x2A9,FFFF930E00000000
2026-09-25T16:47:14.806170+00:00,0x2A1,0100020000000000
2026-09-25T16:47:14.808444+00:00,0x2A5,000015C2FFFF7ACB
2026-09-25T16:47:14.808646+00:00,0x2A6,00000627FFFFC3C3
2026-09-25T16:47:14.808887+00:00,0x2A7,FFFFF79200002082
2026-09-25T16:47:14.809090+00:00,0x2A9,FFFF930E00000000
2026-09-25T16:47:14.811233+00:00,0x2A1,0100020000000000
2026-09-25T16:47:14.814110+00:00,0x2A5,000015C2FFFF7ACB
2026-09-25T16:47:14.814356+00:00,0x2A6,00000627FFFFC3C3
2026-09-25T16:47:14.814544+00:00,0x2A7,FFFFF79200002082
2026-09-25T16:47:14.814906+00:00,0x2A9,FFFF930E00000000
2026-09-25T16:47:14.816201+00:00,0x2A1,0100020000000000
2026-09-25T16:47:14.818290+00:00,0x2A5,000015C2FFFF7ACB
2026-09-25T16:47:14.818487+00:00,0x2A6,00000627FFFFC3C3
2026-09-25T16:47:14.818733+00:00,0x2A7,FFFFF79200002082
2026-09-25T16:47:14.818960+00:00,0x2A9,FFFF930E00000000
2026-09-25T16:47:14.822920+00:00,0x2A1,0100020000000000
2026-09-25T16:47:14.824883+00:00,0x2A5,000015C2FFFF7ACB
2026-09-25T16:47:14.825046+00:00,0x2A6,00000627FFFFC3C3
2026-09-25T16:47:14.825291+00:00,0x2A7,FFFFF79200002082
2026-09-25T16:47:14.825488+00:00,0x2A9,FFFF930E00000000
2026-09-25T16:47:14.826191+00:00,0x2A1,0100020000000000
2026-09-25T16:47:14.828647+00:00,0x2A5,000015C2FFFF7ACB
2026-09-25T16:47:14.828886+00:00,0x2A6,00000627FFFFC3C3
2026-09-25T16:47:14.829089+00:00,0x2A7,FFFFF79200002082
2026-09-25T16:47:14.829336+00:00,0x2A9,FFFF930E00000000
2026-09-25T16:47:14.831192+00:00,0x2A1,0100020000000000
2026-09-25T16:47:14.834111+00:00,0x2A5,000015C2FFFF7ACB
2026-09-25T16:47:14.834356+00:00,0x2A6,00000627FFFFC3C3
2026-09-25T16:47:14.834545+00:00,0x2A7,FFFFF79200002082
2026-09-25T16:47:14.834906+00:00,0x2A9,FFFF930E00000000
2026-09-25T16:47:14.836528+00:00,0x2A1,0100020000000000
2026-09-25T16:47:14.839652+00:00,0x2A5,000015C2FFFF7ACB
2026-09-25T16:47:14.839990+00:00,0x2A6,00000627FFFFC3C3
2026-09-25T16:47:14.840208+00:00,0x2A7,FFFFF79200002082
2026-09-25T16:47:14.840454+00:00,0x2A9,FFFF930E00000000
2026-09-25T16:47:14.842441+00:00,0x2A1,0100020000000000
2026-09-25T16:47:14.845090+00:00,0x2A5,000015C2FFFF7ACB
2026-09-25T16:47:14.845377+00:00,0x2A6,00000627FFFFC3C3
2026-09-25T16:47:14.845623+00:00,0x2A7,FFFFF79200002082
2026-09-25T16:47:14.845885+00:00,0x2A9,FFFF930E00000000
2026-09-25T16:47:14.846734+00:00,0x2A1,0100020000000000
2026-09-25T16:47:14.849133+00:00,0x2A5,000015C2FFFF7ACB
2026-09-25T16:47:14.849377+00:00,0x2A6,00000627FFFFC3C3
2026-09-25T16:47:14.849624+00:00,0x2A7,FFFFF79200002082
2026-09-25T16:47:14.849906+00:00,0x2A9,FFFF930E00000000
2026-09-25T16:47:14.851176+00:00,0x2A1,0100020000000000
2026-09-25T16:47:14.853571+00:00,0x2A5,000015C2FFFF7ACB
2026-09-25T16:47:14.853985+00:00,0x2A6,00000627FFFFC3C3
2026-09-25T16:47:14.854205+00:00,0x2A7,FFFFF79200002082
2026-09-25T16:47:14.854445+00:00,0x2A9,FFFF930E00000000
2026-09-25T16:47:14.856277+00:00,0x2A1,0100020000000000
2026-09-25T16:47:14.858960+00:00,0x2A5,000015C2FFFF7ACB
2026-09-25T16:47:14.859248+00:00,0x2A6,00000627FFFFC3C3
2026-09-25T16:47:14.859488+00:00,0x2A7,FFFFF79200002082
2026-09-25T16:47:14.859718+00:00,0x2A9,FFFF930E00000000
2026-09-25T16:47:14.862176+00:00,0x2A1,0100020000000000
2026-09-25T16:47:14.864961+00:00,0x2A5,000015C2FFFF7ACB
2026-09-25T16:47:14.865402+00:00,0x2A6,00000627FFFFC3C3
2026-09-25T16:47:14.865649+00:00,0x2A7,FFFFF79200002082
2026-09-25T16:47:14.865961+00:00,0x2A9,FFFF930E00000000
2026-09-25T16:47:14.866248+00:00,0x2A1,0100020000000000
2026-09-25T16:47:14.868615+00:00,0x2A5,000015C2FFFF7ACB
2026-09-25T16:47:14.868886+00:00,0x2A6,00000627FFFFC3C3
2026-09-25T16:47:14.869133+00:00,0x2A7,FFFFF79200002082
2026-09-25T16:47:14.869377+00:00,0x2A9,FFFF930E00000000
2026-09-25T16:47:14.871244+00:00,0x2A1,0100020000000000
2026-09-25T16:47:14.873775+00:00,0x2A5,000015C2FFFF7ACB
2026-09-25T16:47:14.874003+00:00,0x2A6,00000627FFFFC3C3
2026-09-25T16:47:14.874248+00:00,0x2A7,FFFFF79200002082
2026-09-25T16:47:14.874487+00:00,0x2A9,FFFF930E00000000
2026-09-25T16:47:14.876234+00:00,0x2A1,0100020000000000
2026-09-25T16:47:14.878907+00:00,0x2A5,000015C2FFFF7ACB
2026-09-25T16:47:14.879197+00:00,0x2A6,00000627FFFFC3C3
2026-09-25T16:47:14.879442+00:00,0x2A7,FFFFF79200002082
2026-09-25T16:47:14.879688+00:00,0x2A9,FFFF930E00000000
2026-09-25T16:47:14.881531+00:00,0x2A1,0100020000000000
2026-09-25T16:47:14.885196+00:00,0x2A5,000015C2FFFF7ACB
2026-09-25T16:47:14.885399+00:00,0x2A6,00000627FFFFC3C3
2026-09-25T16:47:14.885645+00:00,0x2A7,FFFFF79200002082
2026-09-25T16:47:14.885885+00:00,0x2A9,FFFF930E00000000
2026-09-25T16:47:14.886243+00:00,0x2A1,0100020000000000
2026-09-25T16:47:14.889248+00:00,0x2A5,000015C2FFFF7ACB
2026-09-25T16:47:14.889445+00:00,0x2A6,00000627FFFFC3C3
2026-09-25T16:47:14.889690+00:00,0x2A7,FFFFF79200002082
2026-09-25T16:47:14.889960+00:00,0x2A9,FFFF930E00000000
2026-09-25T16:47:14.892106+00:00,0x2A1,0100020000000000
2026-09-25T16:47:14.894531+00:00,0x2A5,000015C2FFFF7ACB
2026-09-25T16:47:14.894948+00:00,0x2A6,00000627FFFFC3C3
2026-09-25T16:47:14.895240+00:00,0x2A7,FFFFF79200002082
2026-09-25T16:47:14.895515+00:00,0x2A9,FFFF930E00000000
2026-09-25T16:47:14.897047+00:00,0x2A1,0100020000000000
2026-09-25T16:47:14.899090+00:00,0x2A5,000015C2FFFF7ACB
2026-09-25T16:47:14.899668+00:00,0x2A6,00000627FFFFC3C3
2026-09-25T16:47:14.900028+00:00,0x2A7,FFFFF79200002082
2026-09-25T16:47:14.900248+00:00,0x2A9,FFFF930E00000000
2026-09-25T16:47:14.902097+00:00,0x2A1,0100020000000000
2026-09-25T16:47:14.904464+00:00,0x2A5,000015C2FFFF7ACB
