time_utc,can_id,data_hex
2026-09-25T16:41:52.234626+00:00,0x2A9,FFFF86E500000000
2026-09-25T16:41:52.236625+00:00,0x2A1,0100020000000000
2026-09-25T16:41:52.238649+00:00,0x2A5,000005A6FFFF6DAF
2026-09-25T16:41:52.238868+00:00,0x2A6,000005B3FFFFDCB1
2026-09-25T16:41:52.239093+00:00,0x2A7,000004E100002D01
2026-09-25T16:41:52.239316+00:00,0x2A9,FFFF86E500000000
2026-09-25T16:41:52.240430+00:00,0x2A1,0100020000000000
2026-09-25T16:41:52.242607+00:00,0x2A5,000005A2FFFF6DAF
2026-09-25T16:41:52.242853+00:00,0x2A6,000005B3FFFFDCB1
2026-09-25T16:41:52.243049+00:00,0x2A7,000004E100002D14
2026-09-25T16:41:52.243249+00:00,0x2A9,FFFF86E500000000
2026-09-25T16:41:52.245388+00:00,0x2A1,0100020000000000
2026-09-25T16:41:52.247735+00:00,0x2A5,000005A6FFFF6DAF
2026-09-25T16:41:52.247966+00:00,0x2A6,000005B3FFFFDCB1
2026-09-25T16:41:52.248206+00:00,0x2A7,000004CF00002CFF
2026-09-25T16:41:52.248403+00:00,0x2A9,FFFF86E500000000
2026-09-25T16:41:52.250383+00:00,0x2A1,0100020000000000
2026-09-25T16:41:52.253356+00:00,0x2A5,000005A1FFFF6DAF
2026-09-25T16:41:52.253551+00:00,0x2A6,000005B3FFFFDCB1
2026-09-25T16:41:52.253841+00:00,0x2A7,000004D900002D15
2026-09-25T16:41:52.254047+00:00,0x2A9,FFFF86E500000000
2026-09-25T16:41:52.255866+00:00,0x2A1,0100020000000000
2026-09-25T16:41:52.257918+00:00,0x2A5,000005A1FFFF6DAF
2026-09-25T16:41:52.258114+00:00,0x2A6,000005B3FFFFDCB1
2026-09-25T16:41:52.258356+00:00,0x2A7,000004D900002D03
2026-09-25T16:41:52.258551+00:00,0x2A9,FFFF86E500000000
2026-09-25T16:41:52.260354+00:00,0x2A1,0100020000000000
2026-09-25T16:41:52.262647+00:00,0x2A5,000005A9FFFF6DAF
2026-09-25T16:41:52.262844+00:00,0x2A6,000005B3FFFFDCB1
2026-09-25T16:41:52.263090+00:00,0x2A7,000004D800002D03
2026-09-25T16:41:52.263291+00:00,0x2A9,FFFF86E500000000
2026-09-25T16:41:52.265369+00:00,0x2A1,0100020000000000
2026-09-25T16:41:52.267710+00:00,0x2A5,0000059FFFFF6DAF
2026-09-25T16:41:52.267961+00:00,0x2A6,000005B3FFFFDCB1
2026-09-25T16:41:52.268162+00:00,0x2A7,000004D000002D08
2026-09-25T16:41:52.268359+00:00,0x2A9,FFFF86E500000000
2026-09-25T16:41:52.270378+00:00,0x2A1,0100020000000000
2026-09-25T16:41:52.273359+00:00,0x2A5,000005A9FFFF6DAF
2026-09-25T16:41:52.273606+00:00,0x2A6,000005B3FFFFDCB1
2026-09-25T16:41:52.273877+00:00,0x2A7,000004E400002D08
2026-09-25T16:41:52.274091+00:00,0x2A9,FFFF86E500000000
2026-09-25T16:41:52.276154+00:00,0x2A1,0100020000000000
2026-09-25T16:41:52.278162+00:00,0x2A5,000005A9FFFF6DAF
2026-09-25T16:41:52.278606+00:00,0x2A6,000005B3FFFFDCB1
2026-09-25T16:41:52.278852+00:00,0x2A7,000004E400002D0F
2026-09-25T16:41:52.279091+00:00,0x2A9,FFFF86E500000000
2026-09-25T16:41:52.280431+00:00,0x2A1,0100020000000000
2026-09-25T16:41:52.281864+00:00,0x2A5,0000059FFFFF6DAF
2026-09-25T16:41:52.282154+00:00,0x2A6,000005B3FFFFDCB1
2026-09-25T16:41:52.282399+00:00,0x2A7,000004D100002D01
2026-09-25T16:41:52.282645+00:00,0x2A9,FFFF86E500000000
2026-09-25T16:41:52.285446+00:00,0x2A1,0100020000000000
2026-09-25T16:41:52.287866+00:00,0x2A5,0000059FFFFF6DAF
2026-09-25T16:41:52.288068+00:00,0x2A6,000005B3FFFFDCB1
2026-09-25T16:41:52.288313+00:00,0x2A7,000004D100002D14
2026-09-25T16:41:52.288502+00:00,0x2A9,FFFF86E500000000
2026-09-25T16:41:52.290407+00:00,0x2A1,0100020000000000
2026-09-25T16:41:52.292572+00:00,0x2A5,000005A8FFFF6DAF
2026-09-25T16:41:52.292842+00:00,0x2A6,000005B3FFFFDCB1
2026-09-25T16:41:52.293047+00:00,0x2A7,000004D800002D14
2026-09-25T16:41:52.293291+00:00,0x2A9,FFFF86E500000000
2026-09-25T16:41:52.296162+00:00,0x2A1,0100020000000000
2026-09-25T16:41:52.298114+00:00,0x2A5,000005A1FFFF6DAF
2026-09-25T16:41:52.298550+00:00,0x2A6,000005B3FFFFDCB1
2026-09-25T16:41:52.298841+00:00,0x2A7,000004DF00002D00
2026-09-25T16:41:52.299004+00:00,0x2A9,FFFF86E500000000
2026-09-25T16:41:52.300386+00:00,0x2A1,0100020000000000
2026-09-25T16:41:52.302550+00:00,0x2A5,000005A8FFFF6DAF
2026-09-25T16:41:52.302841+00:00,0x2A6,000005B3FFFFDCB1
2026-09-25T16:41:52.302961+00:00,0x2A7,000004CE00002D15
2026-09-25T16:41:52.303205+00:00,0x2A9,FFFF86E500000000
2026-09-25T16:41:52.305381+00:00,0x2A1,0100020000000000
2026-09-25T16:41:52.307690+00:00,0x2A5,000005A4FFFF6DAF
2026-09-25T16:41:52.307866+00:00,0x2A6,000005B3FFFFDCB1
2026-09-25T16:41:52.308111+00:00,0x2A7,000004E400002D00
2026-09-25T16:41:52.308356+00:00,0x2A9,FFFF86E500000000
2026-09-25T16:41:52.310407+00:00,0x2A1,0100020000000000
2026-09-25T16:41:52.313402+00:00,0x2A5,000005A4FFFF6DAF
2026-09-25T16:41:52.313647+00:00,0x2A6,000005B3FFFFDCB1
2026-09-25T16:41:52.313866+00:00,0x2A7,000004E400002D00
2026-09-25T16:41:52.314068+00:00,0x2A9,FFFF86E500000000
2026-09-25T16:41:52.315852+00:00,0x2A1,0100020000000000
2026-09-25T16:41:52.317859+00:00,0x2A5,000005A4FFFF6DAF
2026-09-25T16:41:52.318005+00:00,0x2A6,000005B3FFFFDCB1
2026-09-25T16:41:52.318205+00:00,0x2A7,000004D200002D13
2026-09-25T16:41:52.318445+00:00,0x2A9,FFFF86E500000000
2026-09-25T16:41:52.320346+00:00,0x2A1,0100020000000000
2026-09-25T16:41:52.322488+00:00,0x2A5,000005A3FFFF6DAF
2026-09-25T16:41:52.322690+00:00,0x2A6,000005B3FFFFDCB1
2026-09-25T16:41:52.322918+00:00,0x2A7,000004D600002D04
2026-09-25T16:41:52.323114+00:00,0x2A9,FFFF86E500000000
2026-09-25T16:41:52.325381+00:00,0x2A1,0100020000000000
2026-09-25T16:41:52.327402+00:00,0x2A5,000005A3FFFF6DAF
2026-09-25T16:41:52.327647+00:00,0x2A6,000005B3FFFFDCB1
2026-09-25T16:41:52.327866+00:00,0x2A7,000004D600002D09
2026-09-25T16:41:52.328154+00:00,0x2A9,FFFF86E500000000
2026-09-25T16:41:52.330486+00:00,0x2A1,0100020000000000
2026-09-25T16:41:52.333291+00:00,0x2A5,000005A6FFFF6DAF
2026-09-25T16:41:52.333529+00:00,0x2A6,000005B3FFFFDCB1
2026-09-25T16:41:52.333849+00:00,0x2A7,000004DD00002D09
2026-09-25T16:41:52.334090+00:00,0x2A9,FFFF86E500000000
2026-09-25T16:41:52.338606+00:00,0x2A1,0100020000000000
2026-09-25T16:41:52.340843+00:00,0x2A5,000005A1FFFF6DAF
2026-09-25T16:41:52.341047+00:00,0x2A6,000005B3FFFFDCB1
2026-09-25T16:41:52.341291+00:00,0x2A7,000004D200002D0E
2026-09-25T16:41:52.341529+00:00,0x2A9,FFFF86E500000000
2026-09-25T16:41:52.341842+00:00,0x2A1,0100020000000000
2026-09-25T16:41:52.343841+00:00,0x2A5,000005A7FFFF6DAF
2026-09-25T16:41:52.344047+00:00,0x2A6,000005B3FFFFDCB1
2026-09-25T16:41:52.344248+00:00,0x2A7,000004E200002D00
2026-09-25T16:41:52.344445+00:00,0x2A9,FFFF86E500000000
2026-09-25T16:41:52.345381+00:00,0x2A1,0100020000000000
2026-09-25T16:41:52.347550+00:00,0x2A5,000005A7FFFF6DAF
2026-09-25T16:41:52.347841+00:00,0x2A6,000005B3FFFFDCB1
2026-09-25T16:41:52.347961+00:00,0x2A7,000004E200002D00
2026-09-25T16:41:52.348204+00:00,0x2A9,FFFF86E500000000
2026-09-25T16:41:52.350346+00:00,0x2A1,0100020000000000
2026-09-25T16:41:52.352863+00:00,0x2A5,000005A2FFFF6DAF
2026-09-25T16:41:52.353154+00:00,0x2A6,000005B3FFFFDCB1
2026-09-25T16:41:52.353399+00:00,0x2A7,000004D000002D15
2026-09-25T16:41:52.353688+00:00,0x2A9,FFFF86E500000000
2026-09-25T16:41:52.356667+00:00,0x2A1,0100020000000000
2026-09-25T16:41:52.358864+00:00,0x2A5,000005A7FFFF6DAF
2026-09-25T16:41:52.359111+00:00,0x2A6,000005B3FFFFDCB1
2026-09-25T16:41:52.359313+00:00,0x2A7,000004DD00002D01
2026-09-25T16:41:52.359550+00:00,0x2A9,FFFF86E500000000
2026-09-25T16:41:52.360447+00:00,0x2A1,0100020000000000
2026-09-25T16:41:52.362843+00:00,0x2A5,000005A7FFFF6DAF
2026-09-25T16:41:52.363004+00:00,0x2A6,000005B3FFFFDCB1
2026-09-25T16:41:52.363248+00:00,0x2A7,000004DD00002D17
2026-09-25T16:41:52.363445+00:00,0x2A9,FFFF86E500000000
2026-09-25T16:41:52.365878+00:00,0x2A1,0100020000000000
2026-09-25T16:41:52.368111+00:00,0x2A5,000005A3FFFF6DAF
2026-09-25T16:41:52.368399+00:00,0x2A6,000005B3FFFFDCB1
2026-09-25T16:41:52.368602+00:00,0x2A7,000004D600002D17
2026-09-25T16:41:52.368864+00:00,0x2A9,FFFF86E500000000
2026-09-25T16:41:52.371162+00:00,0x2A1,0100020000000000
2026-09-25T16:41:52.373291+00:00,0x2A5,000005A7FFFF6DAF
2026-09-25T16:41:52.373528+00:00,0x2A6,000005B3FFFFDCB1
2026-09-25T16:41:52.373846+00:00,0x2A7,000004D000002D01
2026-09-25T16:41:52.374133+00:00,0x2A9,FFFF86E500000000
2026-09-25T16:41:52.377624+00:00,0x2A1,0100020000000000
2026-09-25T16:41:52.378602+00:00,0x2A5,000005A2FFFF6DAF
2026-09-25T16:41:52.378864+00:00,0x2A6,000005B3FFFFDCB1
2026-09-25T16:41:52.379154+00:00,0x2A7,000004E600002D0E
2026-09-25T16:41:52.379399+00:00,0x2A9,FFFF86E500000000
2026-09-25T16:41:52.382334+00:00,0x2A1,0100020000000000
2026-09-25T16:41:52.383480+00:00,0x2A5,000005A2FFFF6DAF
2026-09-25T16:41:52.383844+00:00,0x2A6,000005B3FFFFDCB1
2026-09-25T16:41:52.384122+00:00,0x2A7,000004E600002D0E
2026-09-25T16:41:52.384414+00:00,0x2A9,FFFF86E500000000
2026-09-25T16:41:52.386248+00:00,0x2A1,0100020000000000
2026-09-25T16:41:52.388864+00:00,0x2A5,000005A7FFFF6DAF
2026-09-25T16:41:52.389154+00:00,0x2A6,000005B3FFFFDCB1
2026-09-25T16:41:52.389442+00:00,0x2A7,000004CF00002D06
2026-09-25T16:41:52.389695+00:00,0x2A9,FFFF86E500000000
2026-09-25T16:41:52.390500+00:00,0x2A1,0100020000000000
2026-09-25T16:41:52.391511+00:00,0x2A5,000005A2FFFF6DAF
2026-09-25T16:41:52.391859+00:00,0x2A6,000005B3FFFFDCB1
2026-09-25T16:41:52.392252+00:00,0x2A7,000004E400002D03
2026-09-25T16:41:52.392550+00:00,0x2A9,FFFF86E500000000
2026-09-25T16:41:52.397738+00:00,0x2A1,0100020000000000
2026-09-25T16:41:52.400377+00:00,0x2A5,000005A2FFFF6DAF
2026-09-25T16:41:52.400667+00:00,0x2A6,000005B3FFFFDCB1
2026-09-25T16:41:52.401073+00:00,0x2A7,000004E400002D14
2026-09-25T16:41:52.401334+00:00,0x2A9,FFFF86E500000000
2026-09-25T16:41:52.401624+00:00,0x2A1,0100020000000000
2026-09-25T16:41:52.404179+00:00,0x2A5,000005A6FFFF6DAF
2026-09-25T16:41:52.404442+00:00,0x2A6,000005B3FFFFDCB1
2026-09-25T16:41:52.404688+00:00,0x2A7,000004CF00002D14
2026-09-25T16:41:52.405073+00:00,0x2A9,FFFF86E500000000
2026-09-25T16:41:52.405661+00:00,0x2A1,0100020000000000
2026-09-25T16:41:52.408162+00:00,0x2A5,000005A2FFFF6DAF
2026-09-25T16:41:52.408445+00:00,0x2A6,000005B3FFFFDCB1
2026-09-25T16:41:52.408690+00:00,0x2A7,000004D100002D01
2026-09-25T16:41:52.408961+00:00,0x2A9,FFFF86E500000000
2026-09-25T16:41:52.410472+00:00,0x2A1,0100020000000000
2026-09-25T16:41:52.412948+00:00,0x2A5,000005A7FFFF6DAF
2026-09-25T16:41:52.413961+00:00,0x2A6,000005B3FFFFDCB1
2026-09-25T16:41:52.414248+00:00,0x2A7,000004E200002D16
2026-09-25T16:41:52.414479+00:00,0x2A9,FFFF86E500000000
2026-09-25T16:41:52.416729+00:00,0x2A1,0100020000000000
2026-09-25T16:41:52.418841+00:00,0x2A5,000005A7FFFF6DAF
2026-09-25T16:41:52.419047+00:00,0x2A6,000005B3FFFFDCB1
2026-09-25T16:41:52.419248+00:00,0x2A7,000004E200002D16
2026-09-25T16:41:52.419479+00:00,0x2A9,FFFF86E500000000
2026-09-25T16:41:52.420407+00:00,0x2A1,0100020000000000
2026-09-25T16:41:52.422606+00:00,0x2A5,000005A2FFFF6DAF
2026-09-25T16:41:52.422852+00:00,0x2A6,000005B3FFFFDCB1
2026-09-25T16:41:52.423048+00:00,0x2A7,000004CE00002D02
2026-09-25T16:41:52.423291+00:00,0x2A9,FFFF86E500000000
2026-09-25T16:41:52.425381+00:00,0x2A1,0100020000000000
2026-09-25T16:41:52.427479+00:00,0x2A5,000005A7FFFF6DAF
2026-09-25T16:41:52.427690+00:00,0x2A6,000005B3FFFFDCB1
2026-09-25T16:41:52.427917+00:00,0x2A7,000004E900002D15
2026-09-25T16:41:52.428161+00:00,0x2A9,FFFF86E500000000
2026-09-25T16:41:52.430407+00:00,0x2A1,0100020000000000
2026-09-25T16:41:52.433205+00:00,0x2A5,000005A7FFFF6DAF
2026-09-25T16:41:52.433445+00:00,0x2A6,000005B3FFFFDCB1
2026-09-25T16:41:52.433690+00:00,0x2A7,000004E900002D07
2026-09-25T16:41:52.433918+00:00,0x2A9,FFFF86E500000000
2026-09-25T16:41:52.436162+00:00,0x2A1,0100020000000000
2026-09-25T16:41:52.438205+00:00,0x2A5,000005A1FFFF6DAF
2026-09-25T16:41:52.438402+00:00,0x2A6,000005B3FFFFDCB1
2026-09-25T16:41:52.438647+00:00,0x2A7,000004CE00002D07
2026-09-25T16:41:52.438865+00:00,0x2A9,FFFF86E500000000
2026-09-25T16:41:52.440421+00:00,0x2A1,0100020000000000
2026-09-25T16:41:52.442550+00:00,0x2A5,000005A8FFFF6DAF
2026-09-25T16:41:52.442840+00:00,0x2A6,000005B3FFFFDCB1
2026-09-25T16:41:52.443004+00:00,0x2A7,000004D400002D00
2026-09-25T16:41:52.443205+00:00,0x2A9,FFFF86E500000000
2026-09-25T16:41:52.445757+00:00,0x2A1,0100020000000000
2026-09-25T16:41:52.448111+00:00,0x2A5,000005A2FFFF6DAF
2026-09-25T16:41:52.448356+00:00,0x2A6,000005B3FFFFDCB1
2026-09-25T16:41:52.448645+00:00,0x2A7,000004E400002D14
2026-09-25T16:41:52.448864+00:00,0x2A9,FFFF86E500000000
2026-09-25T16:41:52.450463+00:00,0x2A1,0100020000000000
2026-09-25T16:41:52.452162+00:00,0x2A5,000005A2FFFF6DAF
2026-09-25T16:41:52.452402+00:00,0x2A6,000005B3FFFFDCB1
2026-09-25T16:41:52.452647+00:00,0x2A7,000004E400002D14
2026-09-25T16:41:52.452866+00:00,0x2A9,FFFF86E500000000
2026-09-25T16:41:52.459047+00:00,0x2A1,0100020000000000
2026-09-25T16:41:52.459248+00:00,0x2A5,000005A3FFFF6DAF
2026-09-25T16:41:52.459483+00:00,0x2A6,000005B3FFFFDCB1
2026-09-25T16:41:52.459690+00:00,0x2A7,000004CE00002CFF
2026-09-25T16:41:52.459961+00:00,0x2A9,FFFF86E500000000
2026-09-25T16:41:52.460385+00:00,0x2A1,0100020000000000
2026-09-25T16:41:52.462581+00:00,0x2A5,000005A4FFFF6DAF
2026-09-25T16:41:52.462842+00:00,0x2A6,000005B3FFFFDCB1
2026-09-25T16:41:52.463003+00:00,0x2A7,000004E900002D18
2026-09-25T16:41:52.463205+00:00,0x2A9,FFFF86E500000000
2026-09-25T16:41:52.465381+00:00,0x2A1,0100020000000000
2026-09-25T16:41:52.467550+00:00,0x2A5,000005A4FFFF6DAF
2026-09-25T16:41:52.467841+00:00,0x2A6,000005B3FFFFDCB1
2026-09-25T16:41:52.468004+00:00,0x2A7,000004E900002CFE
2026-09-25T16:41:52.468248+00:00,0x2A9,FFFF86E500000000
2026-09-25T16:41:52.470521+00:00,0x2A1,0100020000000000
2026-09-25T16:41:52.473402+00:00,0x2A5,000005A5FFFF6DAF
2026-09-25T16:41:52.473647+00:00,0x2A6,000005B3FFFFDCB1
2026-09-25T16:41:52.473866+00:00,0x2A7,000004D000002CFE
2026-09-25T16:41:52.474111+00:00,0x2A9,FFFF86E500000000
2026-09-25T16:41:52.476356+00:00,0x2A1,0100020000000000
2026-09-25T16:41:52.478359+00:00,0x2A5,000005A3FFFF6DAF
2026-09-25T16:41:52.478606+00:00,0x2A6,000005B3FFFFDCB1
2026-09-25T16:41:52.478852+00:00,0x2A7,000004D100002D17
2026-09-25T16:41:52.479090+00:00,0x2A9,FFFF86E500000000
2026-09-25T16:41:52.480386+00:00,0x2A1,0100020000000000
2026-09-25T16:41:52.482488+00:00,0x2A5,000005A5FFFF6DAF
2026-09-25T16:41:52.482690+00:00,0x2A6,000005B3FFFFDCB1
2026-09-25T16:41:52.482917+00:00,0x2A7,000004E500002D02
2026-09-25T16:41:52.483161+00:00,0x2A9,FFFF86E500000000
2026-09-25T16:41:52.485381+00:00,0x2A1,0100020000000000
2026-09-25T16:41:52.487606+00:00,0x2A5,000005A5FFFF6DAF
2026-09-25T16:41:52.487851+00:00,0x2A6,000005B3FFFFDCB1
2026-09-25T16:41:52.488048+00:00,0x2A7,000004E500002D02
2026-09-25T16:41:52.488291+00:00,0x2A9,FFFF86E500000000
2026-09-25T16:41:52.490407+00:00,0x2A1,0100020000000000
2026-09-25T16:41:52.493259+00:00,0x2A5,000005A5FFFF6DAF
2026-09-25T16:41:52.493479+00:00,0x2A6,000005B3FFFFDCB1
2026-09-25T16:41:52.493690+00:00,0x2A7,000004D100002D08
2026-09-25T16:41:52.493917+00:00,0x2A9,FFFF86E500000000
2026-09-25T16:41:52.496842+00:00,0x2A1,0100020000000000
2026-09-25T16:41:52.498852+00:00,0x2A5,000005A1FFFF6DAF
2026-09-25T16:41:52.499091+00:00,0x2A6,000005B3FFFFDCB1
2026-09-25T16:41:52.499377+00:00,0x2A7,000004E100002D10
2026-09-25T16:41:52.499615+00:00,0x2A9,FFFF86E500000000
2026-09-25T16:41:52.500411+00:00,0x2A1,0100020000000000
2026-09-25T16:41:52.502291+00:00,0x2A5,000005A1FFFF6DAF
2026-09-25T16:41:52.502580+00:00,0x2A6,000005B3FFFFDCB1
2026-09-25T16:41:52.502842+00:00,0x2A7,000004E100002CFD
2026-09-25T16:41:52.503133+00:00,0x2A9,FFFF86E500000000
2026-09-25T16:41:52.505584+00:00,0x2A1,0100020000000000
2026-09-25T16:41:52.508162+00:00,0x2A5,000005A6FFFF6DAF
2026-09-25T16:41:52.508402+00:00,0x2A6,000005B3FFFFDCB1
2026-09-25T16:41:52.508646+00:00,0x2A7,000004CF00002CFD
2026-09-25T16:41:52.508917+00:00,0x2A9,FFFF86E500000000
2026-09-25T16:41:52.510429+00:00,0x2A1,0100020000000000
2026-09-25T16:41:52.512866+00:00,0x2A5,000005A2FFFF6DAF
2026-09-25T16:41:52.513068+00:00,0x2A6,000005B3FFFFDCB1
2026-09-25T16:41:52.513313+00:00,0x2A7,000004D900002D19
2026-09-25T16:41:52.513839+00:00,0x2A9,FFFF86E500000000
2026-09-25T16:41:52.516644+00:00,0x2A1,0100020000000000
2026-09-25T16:41:52.518604+00:00,0x2A5,000005A6FFFF6DAF
2026-09-25T16:41:52.518844+00:00,0x2A6,000005B3FFFFDCB1
2026-09-25T16:41:52.519047+00:00,0x2A7,000004DB00002CFE
2026-09-25T16:41:52.519290+00:00,0x2A9,FFFF86E500000000
2026-09-25T16:41:52.520363+00:00,0x2A1,0100020000000000
2026-09-25T16:41:52.522690+00:00,0x2A5,000005A6FFFF6DAF
2026-09-25T16:41:52.522917+00:00,0x2A6,000005B3FFFFDCB1
2026-09-25T16:41:52.523161+00:00,0x2A7,000004DB00002CFE
2026-09-25T16:41:52.523395+00:00,0x2A9,FFFF86E500000000
2026-09-25T16:41:52.525481+00:00,0x2A1,0100020000000000
2026-09-25T16:41:52.527550+00:00,0x2A5,000005A2FFFF6DAF
2026-09-25T16:41:52.527843+00:00,0x2A6,000005B3FFFFDCB1
2026-09-25T16:41:52.528046+00:00,0x2A7,000004D100002D17
2026-09-25T16:41:52.528247+00:00,0x2A9,FFFF86E500000000
2026-09-25T16:41:52.530389+00:00,0x2A1,0100020000000000
2026-09-25T16:41:52.533205+00:00,0x2A5,000005A6FFFF6DAF
2026-09-25T16:41:52.533445+00:00,0x2A6,000005B3FFFFDCB1
2026-09-25T16:41:52.533646+00:00,0x2A7,000004E600002CFF
2026-09-25T16:41:52.533866+00:00,0x2A9,FFFF86E500000000
2026-09-25T16:41:52.536842+00:00,0x2A1,0100020000000000
2026-09-25T16:41:52.538689+00:00,0x2A5,000005A6FFFF6DAF
2026-09-25T16:41:52.538865+00:00,0x2A6,000005B3FFFFDCB1
2026-09-25T16:41:52.539110+00:00,0x2A7,000004E600002D0D
2026-09-25T16:41:52.539312+00:00,0x2A9,FFFF86E500000000
2026-09-25T16:41:52.540406+00:00,0x2A1,0100020000000000
2026-09-25T16:41:52.542647+00:00,0x2A5,000005A1FFFF6DAF
2026-09-25T16:41:52.542844+00:00,0x2A6,000005B3FFFFDCB1
2026-09-25T16:41:52.543090+00:00,0x2A7,000004CE00002D0D
2026-09-25T16:41:52.543291+00:00,0x2A9,FFFF86E500000000
2026-09-25T16:41:52.545338+00:00,0x2A1,0100020000000000
2026-09-25T16:41:52.547647+00:00,0x2A5,000005A6FFFF6DAF
2026-09-25T16:41:52.547866+00:00,0x2A6,000005B3FFFFDCB1
2026-09-25T16:41:52.548067+00:00,0x2A7,000004DE00002D0E
2026-09-25T16:41:52.548313+00:00,0x2A9,FFFF86E500000000
2026-09-25T16:41:52.550484+00:00,0x2A1,0100020000000000
2026-09-25T16:41:52.553837+00:00,0x2A5,000005A2FFFF6DAF
2026-09-25T16:41:52.554122+00:00,0x2A6,000005B3FFFFDCB1
2026-09-25T16:41:52.554412+00:00,0x2A7,000004D400002D00
2026-09-25T16:41:52.554652+00:00,0x2A9,FFFF86E500000000
2026-09-25T16:41:52.557646+00:00,0x2A1,0100020000000000
2026-09-25T16:41:52.559276+00:00,0x2A5,000005A2FFFF6DAF
2026-09-25T16:41:52.559477+00:00,0x2A6,000005B3FFFFDCB1
2026-09-25T16:41:52.559716+00:00,0x2A7,000004D400002D00
2026-09-25T16:41:52.560072+00:00,0x2A9,FFFF86E500000000
2026-09-25T16:41:52.562162+00:00,0x2A1,0100020000000000
2026-09-25T16:41:52.564312+00:00,0x2A5,000005A6FFFF6DAF
2026-09-25T16:41:52.564550+00:00,0x2A6,000005B3FFFFDCB1
2026-09-25T16:41:52.564841+00:00,0x2A7,000004D100002D14
2026-09-25T16:41:52.565004+00:00,0x2A9,FFFF86E500000000
2026-09-25T16:41:52.565384+00:00,0x2A1,0100020000000000
2026-09-25T16:41:52.567733+00:00,0x2A5,000005A3FFFF6DAF
2026-09-25T16:41:52.567961+00:00,0x2A6,000005B3FFFFDCB1
2026-09-25T16:41:52.568162+00:00,0x2A7,000004E200002D00
2026-09-25T16:41:52.568401+00:00,0x2A9,FFFF86E500000000
2026-09-25T16:41:52.570365+00:00,0x2A1,0100020000000000
2026-09-25T16:41:52.572917+00:00,0x2A5,000005A3FFFF6DAF
2026-09-25T16:41:52.573113+00:00,0x2A6,000005B3FFFFDCB1
2026-09-25T16:41:52.573355+00:00,0x2A7,000004E200002D13
2026-09-25T16:41:52.573559+00:00,0x2A9,FFFF86E500000000
2026-09-25T16:41:52.576602+00:00,0x2A1,0100020000000000
2026-09-25T16:41:52.578631+00:00,0x2A5,000005A7FFFF6DAF
2026-09-25T16:41:52.578851+00:00,0x2A6,000005B3FFFFDCB1
2026-09-25T16:41:52.579047+00:00,0x2A7,000004D000002D13
2026-09-25T16:41:52.579290+00:00,0x2A9,FFFF86E500000000
2026-09-25T16:41:52.580408+00:00,0x2A1,0100020000000000
2026-09-25T16:41:52.582479+00:00,0x2A5,000005A6FFFF6DAF
2026-09-25T16:41:52.582690+00:00,0x2A6,000005B3FFFFDCB1
2026-09-25T16:41:52.582960+00:00,0x2A7,000004DF00002D03
2026-09-25T16:41:52.583187+00:00,0x2A9,FFFF86E500000000
2026-09-25T16:41:52.585381+00:00,0x2A1,0100020000000000
2026-09-25T16:41:52.587710+00:00,0x2A5,000005A5FFFF6DAF
2026-09-25T16:41:52.587961+00:00,0x2A6,000005B3FFFFDCB1
2026-09-25T16:41:52.588162+00:00,0x2A7,000004D400002D0E
2026-09-25T16:41:52.588402+00:00,0x2A9,FFFF86E500000000
2026-09-25T16:41:52.590406+00:00,0x2A1,0100020000000000
2026-09-25T16:41:52.593360+00:00,0x2A5,000005A5FFFF6DAF
2026-09-25T16:41:52.593555+00:00,0x2A6,000005B3FFFFDCB1
2026-09-25T16:41:52.593854+00:00,0x2A7,000004D400002D0E
2026-09-25T16:41:52.594005+00:00,0x2A9,FFFF86E500000000
2026-09-25T16:41:52.596691+00:00,0x2A1,0100020000000000
2026-09-25T16:41:52.598648+00:00,0x2A5,000005A6FFFF6DAF
2026-09-25T16:41:52.598867+00:00,0x2A6,000005B3FFFFDCB1
2026-09-25T16:41:52.599069+00:00,0x2A7,000004D200002D0C
2026-09-25T16:41:52.599272+00:00,0x2A9,FFFF86E500000000
2026-09-25T16:41:52.600407+00:00,0x2A1,0100020000000000
2026-09-25T16:41:52.602403+00:00,0x2A5,000005A6FFFF6DAF
2026-09-25T16:41:52.602606+00:00,0x2A6,000005B3FFFFDCB1
2026-09-25T16:41:52.602846+00:00,0x2A7,000004E700002D05
2026-09-25T16:41:52.603049+00:00,0x2A9,FFFF86E500000000
2026-09-25T16:41:52.605425+00:00,0x2A1,0100020000000000
2026-09-25T16:41:52.606874+00:00,0x2A5,000005A6FFFF6DAF
2026-09-25T16:41:52.607164+00:00,0x2A6,000005B3FFFFDCB1
2026-09-25T16:41:52.607404+00:00,0x2A7,000004E700002D12
2026-09-25T16:41:52.607649+00:00,0x2A9,FFFF86E500000000
2026-09-25T16:41:52.610586+00:00,0x2A1,0100020000000000
2026-09-25T16:41:52.613863+00:00,0x2A5,000005A5FFFF6DAF
2026-09-25T16:41:52.614081+00:00,0x2A6,000005B3FFFFDCB1
2026-09-25T16:41:52.614321+00:00,0x2A7,000004CF00002D12
2026-09-25T16:41:52.614556+00:00,0x2A9,FFFF86E500000000
2026-09-25T16:41:52.617164+00:00,0x2A1,0100020000000000
2026-09-25T16:41:52.619606+00:00,0x2A5,000005A6FFFF6DAF
2026-09-25T16:41:52.619845+00:00,0x2A6,000005B3FFFFDCB1
2026-09-25T16:41:52.620091+00:00,0x2A7,000004E500002D01
2026-09-25T16:41:52.620336+00:00,0x2A9,FFFF86E500000000
2026-09-25T16:41:52.620574+00:00,0x2A1,0100020000000000
2026-09-25T16:41:52.622648+00:00,0x2A5,000005A6FFFF6DAF
2026-09-25T16:41:52.622868+00:00,0x2A6,000005B3FFFFDCB1
2026-09-25T16:41:52.623070+00:00,0x2A7,000004CE00002D15
2026-09-25T16:41:52.623315+00:00,0x2A9,FFFF86E500000000
2026-09-25T16:41:52.625383+00:00,0x2A1,0100020000000000
2026-09-25T16:41:52.627843+00:00,0x2A5,000005A6FFFF6DAF
2026-09-25T16:41:52.627962+00:00,0x2A6,000005B3FFFFDCB1
2026-09-25T16:41:52.628206+00:00,0x2A7,000004CE00002D15
2026-09-25T16:41:52.628403+00:00,0x2A9,FFFF86E500000000
2026-09-25T16:41:52.630384+00:00,0x2A1,0100020000000000
2026-09-25T16:41:52.632607+00:00,0x2A5,000005A5FFFF6DAF
2026-09-25T16:41:52.632854+00:00,0x2A6,000005B3FFFFDCB1
2026-09-25T16:41:52.633050+00:00,0x2A7,000004D400002D01
2026-09-25T16:41:52.633250+00:00,0x2A9,FFFF86E500000000
2026-09-25T16:41:52.637249+00:00,0x2A1,0100020000000000
2026-09-25T16:41:52.639292+00:00,0x2A5,000005A6FFFF6DAF
2026-09-25T16:41:52.639481+00:00,0x2A6,000005B3FFFFDCB1
2026-09-25T16:41:52.639735+00:00,0x2A7,000004E100002D14
2026-09-25T16:41:52.639919+00:00,0x2A9,FFFF86E500000000
2026-09-25T16:41:52.640386+00:00,0x2A1,0100020000000000
2026-09-25T16:41:52.642692+00:00,0x2A5,000005A6FFFF6DAF
2026-09-25T16:41:52.642919+00:00,0x2A6,000005B3FFFFDCB1
2026-09-25T16:41:52.643116+00:00,0x2A7,000004E100002D01
2026-09-25T16:41:52.643315+00:00,0x2A9,FFFF86E500000000
2026-09-25T16:41:52.645383+00:00,0x2A1,0100020000000000
2026-09-25T16:41:52.647691+00:00,0x2A5,000005A3FFFF6DAF
2026-09-25T16:41:52.647919+00:00,0x2A6,000005B3FFFFDCB1
2026-09-25T16:41:52.648116+00:00,0x2A7,000004D100002D01
2026-09-25T16:41:52.648357+00:00,0x2A9,FFFF86E500000000
2026-09-25T16:41:52.650365+00:00,0x2A1,0100020000000000
2026-09-25T16:41:52.652649+00:00,0x2A5,000005A7FFFF6DAF
2026-09-25T16:41:52.652868+00:00,0x2A6,000005B3FFFFDCB1
2026-09-25T16:41:52.653070+00:00,0x2A7,000004E200002D09
2026-09-25T16:41:52.653272+00:00,0x2A9,FFFF86E500000000
2026-09-25T16:41:52.657962+00:00,0x2A1,0100020000000000
2026-09-25T16:41:52.660006+00:00,0x2A5,000005A7FFFF6DAF
2026-09-25T16:41:52.660530+00:00,0x2A6,000005B3FFFFDCB1
2026-09-25T16:41:52.660849+00:00,0x2A7,000004E200002D0E
2026-09-25T16:41:52.661091+00:00,0x2A9,FFFF86E500000000
2026-09-25T16:41:52.661421+00:00,0x2A1,0100020000000000
2026-09-25T16:41:52.663447+00:00,0x2A5,000005A3FFFF6DAF
2026-09-25T16:41:52.663691+00:00,0x2A6,000005B3FFFFDCB1
2026-09-25T16:41:52.663919+00:00,0x2A7,000004D300002D0E
2026-09-25T16:41:52.664164+00:00,0x2A9,FFFF86E500000000
2026-09-25T16:41:52.665469+00:00,0x2A1,0100020000000000
2026-09-25T16:41:52.668092+00:00,0x2A5,000005A6FFFF6DAF
2026-09-25T16:41:52.668293+00:00,0x2A6,000005B3FFFFDCB1
2026-09-25T16:41:52.668530+00:00,0x2A7,000004D100002D03
2026-09-25T16:41:52.668736+00:00,0x2A9,FFFF86E500000000
2026-09-25T16:41:52.670380+00:00,0x2A1,0100020000000000
2026-09-25T16:41:52.673336+00:00,0x2A5,000005A2FFFF6DAF
2026-09-25T16:41:52.673530+00:00,0x2A6,000005B3FFFFDCB1
2026-09-25T16:41:52.673867+00:00,0x2A7,000004E100002D13
2026-09-25T16:41:52.674006+00:00,0x2A9,FFFF86E500000000
2026-09-25T16:41:52.675431+00:00,0x2A1,0100020000000000
2026-09-25T16:41:52.679250+00:00,0x2A5,000005A2FFFF6DAF
2026-09-25T16:41:52.679692+00:00,0x2A6,000005B3FFFFDCB1
2026-09-25T16:41:52.679922+00:00,0x2A7,000004E100002D13
2026-09-25T16:41:52.680164+00:00,0x2A9,FFFF86E500000000
2026-09-25T16:41:52.680403+00:00,0x2A1,0100020000000000
2026-09-25T16:41:52.682603+00:00,0x2A5,000005A6FFFF6DAF
2026-09-25T16:41:52.682843+00:00,0x2A6,000005B3FFFFDCB1
2026-09-25T16:41:52.683048+00:00,0x2A7,000004D200002CFF
2026-09-25T16:41:52.683292+00:00,0x2A9,FFFF86E500000000
2026-09-25T16:41:52.685407+00:00,0x2A1,0100020000000000
2026-09-25T16:41:52.687608+00:00,0x2A5,000005A2FFFF6DAF
2026-09-25T16:41:52.687853+00:00,0x2A6,000005B3FFFFDCB1
2026-09-25T16:41:52.688050+00:00,0x2A7,000004E200002D15
2026-09-25T16:41:52.688250+00:00,0x2A9,FFFF86E500000000
2026-09-25T16:41:52.690365+00:00,0x2A1,0100020000000000
2026-09-25T16:41:52.692692+00:00,0x2A5,000005A6FFFF6DAF
2026-09-25T16:41:52.692919+00:00,0x2A6,000005B3FFFFDCB1
2026-09-25T16:41:52.693115+00:00,0x2A7,000004E200002CFE
2026-09-25T16:41:52.693360+00:00,0x2A9,FFFF86E500000000
2026-09-25T16:41:52.696357+00:00,0x2A1,0100020000000000
2026-09-25T16:41:52.699293+00:00,0x2A5,000005A6FFFF6DAF
2026-09-25T16:41:52.699530+00:00,0x2A6,000005B3FFFFDCB1
2026-09-25T16:41:52.699735+00:00,0x2A7,000004D100002CFE
2026-09-25T16:41:52.699962+00:00,0x2A9,FFFF86E500000000
2026-09-25T16:41:52.700360+00:00,0x2A1,0100020000000000
2026-09-25T16:41:52.702551+00:00,0x2A5,000005A1FFFF6DAF
2026-09-25T16:41:52.702843+00:00,0x2A6,000005B3FFFFDCB1
2026-09-25T16:41:52.703006+00:00,0x2A7,000004D700002D16
2026-09-25T16:41:52.703206+00:00,0x2A9,FFFF86E500000000
2026-09-25T16:41:52.705406+00:00,0x2A1,0100020000000000
2026-09-25T16:41:52.707560+00:00,0x2A5,000005A9FFFF6DAF
2026-09-25T16:41:52.707842+00:00,0x2A6,000005B3FFFFDCB1
2026-09-25T16:41:52.708006+00:00,0x2A7,000004DA00002CFF
2026-09-25T16:41:52.708249+00:00,0x2A9,FFFF86E500000000
2026-09-25T16:41:52.710451+00:00,0x2A1,0100020000000000
2026-09-25T16:41:52.713250+00:00,0x2A5,000005A9FFFF6DAF
2026-09-25T16:41:52.713447+00:00,0x2A6,000005B3FFFFDCB1
2026-09-25T16:41:52.713692+00:00,0x2A7,000004DA00002D0E
2026-09-25T16:41:52.713962+00:00,0x2A9,FFFF86E500000000
2026-09-25T16:41:52.715481+00:00,0x2A1,0100020000000000
2026-09-25T16:41:52.719732+00:00,0x2A5,000005A0FFFF6DAF
2026-09-25T16:41:52.719960+00:00,0x2A6,000005B3FFFFDCB1
2026-09-25T16:41:52.720204+00:00,0x2A7,000004D200002D0E
2026-09-25T16:41:52.720479+00:00,0x2A9,FFFF86E500000000
2026-09-25T16:41:52.720866+00:00,0x2A1,0100020000000000
2026-09-25T16:41:52.722960+00:00,0x2A5,000005A9FFFF6DAF
2026-09-25T16:41:52.723204+00:00,0x2A6,000005B3FFFFDCB1
2026-09-25T16:41:52.723401+00:00,0x2A7,000004E300002D09
2026-09-25T16:41:52.723603+00:00,0x2A9,FFFF86E500000000
2026-09-25T16:41:52.725394+00:00,0x2A1,0100020000000000
2026-09-25T16:41:52.727840+00:00,0x2A5,000005A9FFFF6DAF
2026-09-25T16:41:52.728003+00:00,0x2A6,000005B3FFFFDCB1
2026-09-25T16:41:52.728204+00:00,0x2A7,000004E300002D01
2026-09-25T16:41:52.728401+00:00,0x2A9,FFFF86E500000000
2026-09-25T16:41:52.730411+00:00,0x2A1,0100020000000000
2026-09-25T16:41:52.732732+00:00,0x2A5,000005A2FFFF6DAF
2026-09-25T16:41:52.732917+00:00,0x2A6,000005B3FFFFDCB1
2026-09-25T16:41:52.733146+00:00,0x2A7,000004D100002D01
2026-09-25T16:41:52.733358+00:00,0x2A9,FFFF86E500000000
2026-09-25T16:41:52.738003+00:00,0x2A1,0100020000000000
2026-09-25T16:41:52.739358+00:00,0x2A5,000005A6FFFF6DAF
2026-09-25T16:41:52.739606+00:00,0x2A6,000005B3FFFFDCB1
2026-09-25T16:41:52.739851+00:00,0x2A7,000004DF00002D15
2026-09-25T16:41:52.740047+00:00,0x2A9,FFFF86E500000000
2026-09-25T16:41:52.740445+00:00,0x2A1,0100020000000000
2026-09-25T16:41:52.742550+00:00,0x2A5,000005A1FFFF6DAF
2026-09-25T16:41:52.742841+00:00,0x2A6,000005B3FFFFDCB1
2026-09-25T16:41:52.743003+00:00,0x2A7,000004D400002CFF
2026-09-25T16:41:52.743204+00:00,0x2A9,FFFF86E500000000
2026-09-25T16:41:52.745337+00:00,0x2A1,0100020000000000
2026-09-25T16:41:52.747840+00:00,0x2A5,000005A1FFFF6DAF
2026-09-25T16:41:52.747960+00:00,0x2A6,000005B3FFFFDCB1
2026-09-25T16:41:52.748204+00:00,0x2A7,000004D400002CFF
2026-09-25T16:41:52.748401+00:00,0x2A9,FFFF86E500000000
2026-09-25T16:41:52.750406+00:00,0x2A1,0100020000000000
2026-09-25T16:41:52.753161+00:00,0x2A5,000005A7FFFF6DAF
2026-09-25T16:41:52.753358+00:00,0x2A6,000005B3FFFFDCB1
2026-09-25T16:41:52.753554+00:00,0x2A7,000004D100002D1A
2026-09-25T16:41:52.753867+00:00,0x2A9,FFFF86E500000000
2026-09-25T16:41:52.757550+00:00,0x2A1,0100020000000000
2026-09-25T16:41:52.759269+00:00,0x2A5,000005A2FFFF6DAF
2026-09-25T16:41:52.759501+00:00,0x2A6,000005B3FFFFDCB1
2026-09-25T16:41:52.759709+00:00,0x2A7,000004E100002CFF
2026-09-25T16:41:52.759960+00:00,0x2A9,FFFF86E500000000
2026-09-25T16:41:52.760401+00:00,0x2A1,0100020000000000
2026-09-25T16:41:52.763290+00:00,0x2A5,000005A7FFFF6DAF
2026-09-25T16:41:52.763528+00:00,0x2A6,000005B3FFFFDCB1
2026-09-25T16:41:52.763848+00:00,0x2A7,000004E100002D15
2026-09-25T16:41:52.764089+00:00,0x2A9,FFFF86E500000000
2026-09-25T16:41:52.765403+00:00,0x2A1,0100020000000000
2026-09-25T16:41:52.766841+00:00,0x2A5,000005A7FFFF6DAF
2026-09-25T16:41:52.767132+00:00,0x2A6,000005B3FFFFDCB1
2026-09-25T16:41:52.767377+00:00,0x2A7,000004CE00002D15
2026-09-25T16:41:52.767666+00:00,0x2A9,FFFF86E500000000
2026-09-25T16:41:52.770480+00:00,0x2A1,0100020000000000
2026-09-25T16:41:52.773191+00:00,0x2A5,000005A2FFFF6DAF
2026-09-25T16:41:52.773379+00:00,0x2A6,000005B3FFFFDCB1
2026-09-25T16:41:52.773916+00:00,0x2A7,000004E800002D03
2026-09-25T16:41:52.774113+00:00,0x2A9,FFFF86E500000000
2026-09-25T16:41:52.775377+00:00,0x2A1,0100020000000000
2026-09-25T16:41:52.779355+00:00,0x2A5,000005A7FFFF6DAF
2026-09-25T16:41:52.779550+00:00,0x2A6,000005B3FFFFDCB1
2026-09-25T16:41:52.779840+00:00,0x2A7,000004CE00002D08
2026-09-25T16:41:52.780003+00:00,0x2A9,FFFF86E500000000
2026-09-25T16:41:52.780403+00:00,0x2A1,0100020000000000
2026-09-25T16:41:52.782646+00:00,0x2A5,000005A7FFFF6DAF
2026-09-25T16:41:52.782865+00:00,0x2A6,000005B3FFFFDCB1
2026-09-25T16:41:52.783067+00:00,0x2A7,000004CE00002D0F
2026-09-25T16:41:52.783312+00:00,0x2A9,FFFF86E500000000
2026-09-25T16:41:52.785380+00:00,0x2A1,0100020000000000
2026-09-25T16:41:52.787554+00:00,0x2A5,000005A2FFFF6DAF
2026-09-25T16:41:52.787876+00:00,0x2A6,000005B3FFFFDCB1
2026-09-25T16:41:52.788004+00:00,0x2A7,000004DA00002D0F
2026-09-25T16:41:52.788204+00:00,0x2A9,FFFF86E500000000
2026-09-25T16:41:52.790406+00:00,0x2A1,0100020000000000
2026-09-25T16:41:52.793204+00:00,0x2A5,000005A7FFFF6DAF
2026-09-25T16:41:52.793401+00:00,0x2A6,000005B3FFFFDCB1
2026-09-25T16:41:52.793602+00:00,0x2A7,000004D700002D02
2026-09-25T16:41:52.793843+00:00,0x2A9,FFFF86E500000000
2026-09-25T16:41:52.796161+00:00,0x2A1,0100020000000000
2026-09-25T16:41:52.799479+00:00,0x2A5,000005A7FFFF6DAF
2026-09-25T16:41:52.799689+00:00,0x2A6,000005B3FFFFDCB1
2026-09-25T16:41:52.799917+00:00,0x2A7,000004D700002D15
2026-09-25T16:41:52.800113+00:00,0x2A9,FFFF86E500000000
2026-09-25T16:41:52.800398+00:00,0x2A1,0100020000000000
2026-09-25T16:41:52.802714+00:00,0x2A5,000005A2FFFF6DAF
2026-09-25T16:41:52.802917+00:00,0x2A6,000005B3FFFFDCB1
2026-09-25T16:41:52.803113+00:00,0x2A7,000004CF00002D15
2026-09-25T16:41:52.803312+00:00,0x2A9,FFFF86E500000000
2026-09-25T16:41:52.805337+00:00,0x2A1,0100020000000000
2026-09-25T16:41:52.807549+00:00,0x2A5,000005A6FFFF6DAF
2026-09-25T16:41:52.807842+00:00,0x2A6,000005B3FFFFDCB1
2026-09-25T16:41:52.808003+00:00,0x2A7,000004E400002CFF
2026-09-25T16:41:52.808247+00:00,0x2A9,FFFF86E500000000
2026-09-25T16:41:52.810407+00:00,0x2A1,0100020000000000
2026-09-25T16:41:52.813029+00:00,0x2A5,000005A2FFFF6DAF
2026-09-25T16:41:52.813646+00:00,0x2A6,000005B3FFFFDCB1
2026-09-25T16:41:52.813865+00:00,0x2A7,000004D000002D15
2026-09-25T16:41:52.814110+00:00,0x2A9,FFFF86E500000000
2026-09-25T16:41:52.815452+00:00,0x2A1,0100020000000000
2026-09-25T16:41:52.817842+00:00,0x2A5,000005A2FFFF6DAF
2026-09-25T16:41:52.818132+00:00,0x2A6,000005B3FFFFDCB1
2026-09-25T16:41:52.818377+00:00,0x2A7,000004D000002D15
2026-09-25T16:41:52.818572+00:00,0x2A9,FFFF86E500000000
2026-09-25T16:41:52.820960+00:00,0x2A1,0100020000000000
2026-09-25T16:41:52.823162+00:00,0x2A5,000005A6FFFF6DAF
2026-09-25T16:41:52.823444+00:00,0x2A6,000005B3FFFFDCB1
2026-09-25T16:41:52.823646+00:00,0x2A7,000004DA00002CFF
2026-09-25T16:41:52.823916+00:00,0x2A9,FFFF86E500000000
2026-09-25T16:41:52.825445+00:00,0x2A1,0100020000000000
2026-09-25T16:41:52.826850+00:00,0x2A5,000005A1FFFF6DAF
2026-09-25T16:41:52.827047+00:00,0x2A6,000005B3FFFFDCB1
2026-09-25T16:41:52.827247+00:00,0x2A7,000004D800002D0E
2026-09-25T16:41:52.827487+00:00,0x2A9,FFFF86E500000000
2026-09-25T16:41:52.830352+00:00,0x2A1,0100020000000000
2026-09-25T16:41:52.832960+00:00,0x2A5,000005A1FFFF6DAF
2026-09-25T16:41:52.833161+00:00,0x2A6,000005B3FFFFDCB1
2026-09-25T16:41:52.833401+00:00,0x2A7,000004D800002D09
2026-09-25T16:41:52.833603+00:00,0x2A9,FFFF86E500000000
2026-09-25T16:41:52.835386+00:00,0x2A1,0100020000000000
2026-09-25T16:41:52.839865+00:00,0x2A5,000005A6FFFF6DAF
2026-09-25T16:41:52.840003+00:00,0x2A6,000005B3FFFFDCB1
2026-09-25T16:41:52.840247+00:00,0x2A7,000004D100002D09
2026-09-25T16:41:52.840487+00:00,0x2A9,FFFF86E500000000
2026-09-25T16:41:52.841132+00:00,0x2A1,0100020000000000
2026-09-25T16:41:52.843161+00:00,0x2A5,000005A2FFFF6DAF
2026-09-25T16:41:52.843358+00:00,0x2A6,000005B3FFFFDCB1
2026-09-25T16:41:52.843554+00:00,0x2A7,000004E100002D05
2026-09-25T16:41:52.843851+00:00,0x2A9,FFFF86E500000000
2026-09-25T16:41:52.845360+00:00,0x2A1,0100020000000000
2026-09-25T16:41:52.847960+00:00,0x2A5,000005A7FFFF6DAF
2026-09-25T16:41:52.848161+00:00,0x2A6,000005B3FFFFDCB1
2026-09-25T16:41:52.848401+00:00,0x2A7,000004D000002D13
2026-09-25T16:41:52.848646+00:00,0x2A9,FFFF86E500000000
2026-09-25T16:41:52.850423+00:00,0x2A1,0100020000000000
2026-09-25T16:41:52.853358+00:00,0x2A5,000005A7FFFF6DAF
2026-09-25T16:41:52.853554+00:00,0x2A6,000005B3FFFFDCB1
2026-09-25T16:41:52.853851+00:00,0x2A7,000004D000002D13
2026-09-25T16:41:52.854047+00:00,0x2A9,FFFF86E500000000
2026-09-25T16:41:52.855388+00:00,0x2A1,0100020000000000
2026-09-25T16:41:52.858606+00:00,0x2A5,000005A3FFFF6DAF
2026-09-25T16:41:52.858852+00:00,0x2A6,000005B3FFFFDCB1
2026-09-25T16:41:52.859048+00:00,0x2A7,000004DF00002D02
2026-09-25T16:41:52.859291+00:00,0x2A9,FFFF86E500000000
2026-09-25T16:41:52.860646+00:00,0x2A1,0100020000000000
2026-09-25T16:41:52.862691+00:00,0x2A5,000005A7FFFF6DAF
2026-09-25T16:41:52.862918+00:00,0x2A6,000005B3FFFFDCB1
2026-09-25T16:41:52.863115+00:00,0x2A7,000004D200002D16
2026-09-25T16:41:52.863314+00:00,0x2A9,FFFF86E500000000
2026-09-25T16:41:52.865382+00:00,0x2A1,0100020000000000
2026-09-25T16:41:52.867963+00:00,0x2A5,000005A7FFFF6DAF
2026-09-25T16:41:52.868164+00:00,0x2A6,000005B3FFFFDCB1
2026-09-25T16:41:52.868403+00:00,0x2A7,000004D200002D00
2026-09-25T16:41:52.868649+00:00,0x2A9,FFFF86E500000000
2026-09-25T16:41:52.870502+00:00,0x2A1,0100020000000000
2026-09-25T16:41:52.873357+00:00,0x2A5,000005A3FFFF6DAF
2026-09-25T16:41:52.873604+00:00,0x2A6,000005B3FFFFDCB1
2026-09-25T16:41:52.873865+00:00,0x2A7,000004D200002D00
2026-09-25T16:41:52.874112+00:00,0x2A9,FFFF86E500000000
2026-09-25T16:41:52.878163+00:00,0x2A1,0100020000000000
2026-09-25T16:41:52.878404+00:00,0x2A5,000005A6FFFF6DAF
2026-09-25T16:41:52.878649+00:00,0x2A6,000005B3FFFFDCB1
2026-09-25T16:41:52.878919+00:00,0x2A7,000004E500002D14
2026-09-25T16:41:52.879164+00:00,0x2A9,FFFF86E500000000
2026-09-25T16:41:52.881206+00:00,0x2A1,0100020000000000
2026-09-25T16:41:52.883249+00:00,0x2A5,000005A2FFFF6DAF
2026-09-25T16:41:52.883489+00:00,0x2A6,000005B3FFFFDCB1
2026-09-25T16:41:52.883692+00:00,0x2A7,000004D200002D02
2026-09-25T16:41:52.883919+00:00,0x2A9,FFFF86E500000000
2026-09-25T16:41:52.885404+00:00,0x2A1,0100020000000000
2026-09-25T16:41:52.887842+00:00,0x2A5,000005A2FFFF6DAF
2026-09-25T16:41:52.888005+00:00,0x2A6,000005B3FFFFDCB1
2026-09-25T16:41:52.888249+00:00,0x2A7,000004D200002D0D
2026-09-25T16:41:52.888447+00:00,0x2A9,FFFF86E500000000
2026-09-25T16:41:52.890365+00:00,0x2A1,0100020000000000
2026-09-25T16:41:52.893163+00:00,0x2A5,000005A7FFFF6DAF
2026-09-25T16:41:52.893360+00:00,0x2A6,000005B3FFFFDCB1
2026-09-25T16:41:52.893564+00:00,0x2A7,000004E100002D0D
2026-09-25T16:41:52.893853+00:00,0x2A9,FFFF86E500000000
2026-09-25T16:41:52.897962+00:00,0x2A1,0100020000000000
2026-09-25T16:41:52.898481+00:00,0x2A5,000005A3FFFF6DAF
2026-09-25T16:41:52.898691+00:00,0x2A6,000005B3FFFFDCB1
2026-09-25T16:41:52.898919+00:00,0x2A7,000004D100002D0C
2026-09-25T16:41:52.899163+00:00,0x2A9,FFFF86E500000000
2026-09-25T16:41:52.901653+00:00,0x2A1,0100020000000000
2026-09-25T16:41:52.903648+00:00,0x2A5,000005A3FFFF6DAF
2026-09-25T16:41:52.903919+00:00,0x2A6,000005B3FFFFDCB1
2026-09-25T16:41:52.904115+00:00,0x2A7,000004D100002D01
2026-09-25T16:41:52.904314+00:00,0x2A9,FFFF86E500000000
2026-09-25T16:41:52.905382+00:00,0x2A1,0100020000000000
2026-09-25T16:41:52.907482+00:00,0x2A5,000005A4FFFF6DAF
2026-09-25T16:41:52.907691+00:00,0x2A6,000005B3FFFFDCB1
2026-09-25T16:41:52.907919+00:00,0x2A7,000004D200002D01
2026-09-25T16:41:52.908164+00:00,0x2A9,FFFF86E500000000
2026-09-25T16:41:52.910365+00:00,0x2A1,0100020000000000
2026-09-25T16:41:52.913606+00:00,0x2A5,000005A4FFFF6DAF
2026-09-25T16:41:52.913845+00:00,0x2A6,000005B3FFFFDCB1
2026-09-25T16:41:52.914048+00:00,0x2A7,000004E200002D15
2026-09-25T16:41:52.914292+00:00,0x2A9,FFFF86E500000000
2026-09-25T16:41:52.915408+00:00,0x2A1,0100020000000000
2026-09-25T16:41:52.918163+00:00,0x2A5,000005A6FFFF6DAF
2026-09-25T16:41:52.918360+00:00,0x2A6,000005B3FFFFDCB1
2026-09-25T16:41:52.918607+00:00,0x2A7,000004D200002D01
2026-09-25T16:41:52.918853+00:00,0x2A9,FFFF86E500000000
2026-09-25T16:41:52.921321+00:00,0x2A1,0100020000000000
2026-09-25T16:41:52.925048+00:00,0x2A5,000005A6FFFF6DAF
2026-09-25T16:41:52.925335+00:00,0x2A6,000005B3FFFFDCB1
2026-09-25T16:41:52.925625+00:00,0x2A7,000004D200002D01
2026-09-25T16:41:52.925865+00:00,0x2A9,FFFF86E500000000
2026-09-25T16:41:52.926155+00:00,0x2A1,0100020000000000
2026-09-25T16:41:52.928163+00:00,0x2A5,000005A6FFFF6DAF
2026-09-25T16:41:52.928481+00:00,0x2A6,000005B3FFFFDCB1
2026-09-25T16:41:52.928734+00:00,0x2A7,000004E200002D15
2026-09-25T16:41:52.929048+00:00,0x2A9,FFFF86E500000000
2026-09-25T16:41:52.930494+00:00,0x2A1,0100020000000000
2026-09-25T16:41:52.933551+00:00,0x2A5,000005A4FFFF6DAF
2026-09-25T16:41:52.933842+00:00,0x2A6,000005B3FFFFDCB1
2026-09-25T16:41:52.934005+00:00,0x2A7,000004D200002D01
2026-09-25T16:41:52.934206+00:00,0x2A9,FFFF86E500000000
2026-09-25T16:41:52.935408+00:00,0x2A1,0100020000000000
2026-09-25T16:41:52.937560+00:00,0x2A5,000005A4FFFF6DAF
2026-09-25T16:41:52.937842+00:00,0x2A6,000005B3FFFFDCB1
2026-09-25T16:41:52.938048+00:00,0x2A7,000004D200002D10
2026-09-25T16:41:52.938292+00:00,0x2A9,FFFF86E500000000
2026-09-25T16:41:52.940378+00:00,0x2A1,0100020000000000
2026-09-25T16:41:52.942530+00:00,0x2A5,000005A7FFFF6DAF
2026-09-25T16:41:52.942843+00:00,0x2A6,000005B3FFFFDCB1
2026-09-25T16:41:52.943005+00:00,0x2A7,000004D200002D10
2026-09-25T16:41:52.943206+00:00,0x2A9,FFFF86E500000000
2026-09-25T16:41:52.945342+00:00,0x2A1,0100020000000000
2026-09-25T16:41:52.947605+00:00,0x2A5,000005A2FFFF6DAF
2026-09-25T16:41:52.947845+00:00,0x2A6,000005B3FFFFDCB1
2026-09-25T16:41:52.948091+00:00,0x2A7,000004E200002D03
2026-09-25T16:41:52.948292+00:00,0x2A9,FFFF86E500000000
2026-09-25T16:41:52.950407+00:00,0x2A1,0100020000000000
2026-09-25T16:41:52.953252+00:00,0x2A5,000005A7FFFF6DAF
2026-09-25T16:41:52.953447+00:00,0x2A6,000005B3FFFFDCB1
2026-09-25T16:41:52.953648+00:00,0x2A7,000004D200002D0A
2026-09-25T16:41:52.953870+00:00,0x2A9,FFFF86E500000000
2026-09-25T16:41:52.955380+00:00,0x2A1,0100020000000000
2026-09-25T16:41:52.959842+00:00,0x2A5,000005A2FFFF6DAF
2026-09-25T16:41:52.960004+00:00,0x2A6,000005B3FFFFDCB1
2026-09-25T16:41:52.960248+00:00,0x2A7,000004E400002D0A
2026-09-25T16:41:52.960489+00:00,0x2A9,FFFF86E500000000
2026-09-25T16:41:52.960848+00:00,0x2A1,0100020000000000
2026-09-25T16:41:52.962852+00:00,0x2A5,000005A2FFFF6DAF
2026-09-25T16:41:52.963049+00:00,0x2A6,000005B3FFFFDCB1
2026-09-25T16:41:52.963248+00:00,0x2A7,000004E400002D0B
2026-09-25T16:41:52.963480+00:00,0x2A9,FFFF86E500000000
2026-09-25T16:41:52.965339+00:00,0x2A1,0100020000000000
2026-09-25T16:41:52.967648+00:00,0x2A5,000005A7FFFF6DAF
2026-09-25T16:41:52.967867+00:00,0x2A6,000005B3FFFFDCB1
2026-09-25T16:41:52.968068+00:00,0x2A7,000004D100002D02
2026-09-25T16:41:52.968313+00:00,0x2A9,FFFF86E500000000
2026-09-25T16:41:52.970365+00:00,0x2A1,0100020000000000
2026-09-25T16:41:52.974210+00:00,0x2A5,000005A7FFFF6DAF
2026-09-25T16:41:52.974491+00:00,0x2A6,000005B3FFFFDCAA
2026-09-25T16:41:52.974739+00:00,0x2A7,000004D100002D15
2026-09-25T16:41:52.975005+00:00,0x2A9,FFFF86E500000000
2026-09-25T16:41:52.975402+00:00,0x2A1,0100020000000000
2026-09-25T16:41:52.976646+00:00,0x2A5,000005A3FFFF6DAF
2026-09-25T16:41:52.976986+00:00,0x2A6,000005B3FFFFDCAB
2026-09-25T16:41:52.977206+00:00,0x2A7,000004D300002D15
2026-09-25T16:41:52.977489+00:00,0x2A9,FFFF86E500000000
2026-09-25T16:41:52.980844+00:00,0x2A1,0100020000000000
2026-09-25T16:41:52.982962+00:00,0x2A5,000005A3FFFF6DAF
2026-09-25T16:41:52.983480+00:00,0x2A6,000005B3FFFFDCAB
2026-09-25T16:41:52.983734+00:00,0x2A7,000004DB00002D02
2026-09-25T16:41:52.984005+00:00,0x2A9,FFFF86E500000000
2026-09-25T16:41:52.985428+00:00,0x2A1,0100020000000000
2026-09-25T16:41:52.986919+00:00,0x2A5,000005A7FFFF6DAF
2026-09-25T16:41:52.987163+00:00,0x2A6,000005B3FFFFDCAB
2026-09-25T16:41:52.988446+00:00,0x2A7,000004D200002D15
2026-09-25T16:41:52.988691+00:00,0x2A9,FFFF86E500000000
2026-09-25T16:41:52.990411+00:00,0x2A1,0100020000000000
2026-09-25T16:41:52.992961+00:00,0x2A5,000005A7FFFF6DAF
2026-09-25T16:41:52.993163+00:00,0x2A6,000005B3FFFFDCAB
2026-09-25T16:41:52.993402+00:00,0x2A7,000004D200002D15
2026-09-25T16:41:52.993605+00:00,0x2A9,FFFF86E500000000
2026-09-25T16:41:52.995347+00:00,0x2A1,0100020000000000
2026-09-25T16:41:52.998446+00:00,0x2A5,000005A4FFFF6DAF
2026-09-25T16:41:52.998691+00:00,0x2A6,000005B3FFFFDCAB
2026-09-25T16:41:52.998919+00:00,0x2A7,000004E300002D01
2026-09-25T16:41:52.999115+00:00,0x2A9,FFFF86E500000000
2026-09-25T16:41:53.000388+00:00,0x2A1,0100020000000000
2026-09-25T16:41:53.002691+00:00,0x2A5,000005A5FFFF6DAF
2026-09-25T16:41:53.002919+00:00,0x2A6,000005B3FFFFDCAB
2026-09-25T16:41:53.003115+00:00,0x2A7,000004D200002D0C
2026-09-25T16:41:53.003357+00:00,0x2A9,FFFF86E500000000
2026-09-25T16:41:53.005406+00:00,0x2A1,0100020000000000
2026-09-25T16:41:53.007607+00:00,0x2A5,000005A5FFFF6DAF
2026-09-25T16:41:53.007852+00:00,0x2A6,000005B3FFFFDCAB
2026-09-25T16:41:53.008049+00:00,0x2A7,000004D200002D0B
2026-09-25T16:41:53.008249+00:00,0x2A9,FFFF86E500000000
2026-09-25T16:41:53.010406+00:00,0x2A1,0100020000000000
2026-09-25T16:41:53.013161+00:00,0x2A5,000005A5FFFF6DAF
2026-09-25T16:41:53.013358+00:00,0x2A6,000005B3FFFFDCAB
2026-09-25T16:41:53.013605+00:00,0x2A7,000004DA00002D0B
2026-09-25T16:41:53.014046+00:00,0x2A9,FFFF86E500000000
2026-09-25T16:41:53.015384+00:00,0x2A1,0100020000000000
2026-09-25T16:41:53.017597+00:00,0x2A5,000005A2FFFF6DAF
2026-09-25T16:41:53.017841+00:00,0x2A6,000005B3FFFFDCAB
2026-09-25T16:41:53.018046+00:00,0x2A7,000004D700002D02
2026-09-25T16:41:53.018290+00:00,0x2A9,FFFF86E500000000
2026-09-25T16:41:53.020355+00:00,0x2A1,0100020000000000
2026-09-25T16:41:53.022732+00:00,0x2A5,000005A7FFFF6DAF
2026-09-25T16:41:53.022960+00:00,0x2A6,000005B3FFFFDCAB
2026-09-25T16:41:53.023161+00:00,0x2A7,000004CF00002D13
2026-09-25T16:41:53.023401+00:00,0x2A9,FFFF86E500000000
2026-09-25T16:41:53.025337+00:00,0x2A1,0100020000000000
2026-09-25T16:41:53.027904+00:00,0x2A5,000005A7FFFF6DAF
2026-09-25T16:41:53.028154+00:00,0x2A6,000005B3FFFFDCAB
2026-09-25T16:41:53.028355+00:00,0x2A7,000004CF00002D13
2026-09-25T16:41:53.028550+00:00,0x2A9,FFFF86E500000000
2026-09-25T16:41:53.030470+00:00,0x2A1,0100020000000000
2026-09-25T16:41:53.032961+00:00,0x2A5,000005A0FFFF6DAF
2026-09-25T16:41:53.033240+00:00,0x2A6,000005B3FFFFDCAB
2026-09-25T16:41:53.033402+00:00,0x2A7,000004E300002D01
2026-09-25T16:41:53.033647+00:00,0x2A9,FFFF86E500000000
2026-09-25T16:41:53.035450+00:00,0x2A1,0100020000000000
2026-09-25T16:41:53.039962+00:00,0x2A5,000005A6FFFF6DAF
2026-09-25T16:41:53.040206+00:00,0x2A6,000005B3FFFFDCAB
2026-09-25T16:41:53.040446+00:00,0x2A7,000004D100002D13
2026-09-25T16:41:53.040734+00:00,0x2A9,FFFF86E500000000
2026-09-25T16:41:53.041071+00:00,0x2A1,0100020000000000
2026-09-25T16:41:53.043335+00:00,0x2A5,000005A6FFFF6DAF
2026-09-25T16:41:53.043530+00:00,0x2A6,000005B3FFFFDCAB
2026-09-25T16:41:53.043849+00:00,0x2A7,000004D100002CFE
2026-09-25T16:41:53.044005+00:00,0x2A9,FFFF86E500000000
2026-09-25T16:41:53.045364+00:00,0x2A1,0100020000000000
2026-09-25T16:41:53.047603+00:00,0x2A5,000005A2FFFF6DAF
2026-09-25T16:41:53.047843+00:00,0x2A6,000005B3FFFFDCAB
2026-09-25T16:41:53.048048+00:00,0x2A7,000004E300002D16
2026-09-25T16:41:53.048292+00:00,0x2A9,FFFF86E500000000
2026-09-25T16:41:53.050364+00:00,0x2A1,0100020000000000
2026-09-25T16:41:53.052734+00:00,0x2A5,000005A3FFFF6DAF
2026-09-25T16:41:53.053163+00:00,0x2A6,000005B3FFFFDCAB
2026-09-25T16:41:53.053607+00:00,0x2A7,000004CF00002D16
2026-09-25T16:41:53.053852+00:00,0x2A9,FFFF86E500000000
2026-09-25T16:41:53.055318+00:00,0x2A1,0100020000000000
2026-09-25T16:41:53.057735+00:00,0x2A5,000005A3FFFF6DAF
2026-09-25T16:41:53.057962+00:00,0x2A6,000005B3FFFFDCAB
2026-09-25T16:41:53.058163+00:00,0x2A7,000004D600002CFF
2026-09-25T16:41:53.058360+00:00,0x2A9,FFFF86E500000000
2026-09-25T16:41:53.060399+00:00,0x2A1,0100020000000000
2026-09-25T16:41:53.062858+00:00,0x2A5,000005A3FFFF6DAF
2026-09-25T16:41:53.063006+00:00,0x2A6,000005B3FFFFDCAB
2026-09-25T16:41:53.063205+00:00,0x2A7,000004D600002CFF
2026-09-25T16:41:53.063403+00:00,0x2A9,FFFF86E500000000
2026-09-25T16:41:53.065382+00:00,0x2A1,0100020000000000
2026-09-25T16:41:53.067843+00:00,0x2A5,000005A8FFFF6DAF
2026-09-25T16:41:53.068005+00:00,0x2A6,000005B3FFFFDCAB
2026-09-25T16:41:53.068249+00:00,0x2A7,000004E000002D0E
2026-09-25T16:41:53.068446+00:00,0x2A9,FFFF86E500000000
2026-09-25T16:41:53.070364+00:00,0x2A1,0100020000000000
2026-09-25T16:41:53.073206+00:00,0x2A5,000005A0FFFF6DAF
2026-09-25T16:41:53.073406+00:00,0x2A6,000005B3FFFFDCAB
2026-09-25T16:41:53.073648+00:00,0x2A7,000004D100002D08
2026-09-25T16:41:53.073867+00:00,0x2A9,FFFF86E500000000
2026-09-25T16:41:53.075378+00:00,0x2A1,0100020000000000
2026-09-25T16:41:53.077605+00:00,0x2A5,000005A0FFFF6DAF
2026-09-25T16:41:53.077845+00:00,0x2A6,000005B3FFFFDCAB
2026-09-25T16:41:53.078048+00:00,0x2A7,000004E200002D01
2026-09-25T16:41:53.078249+00:00,0x2A9,FFFF86E500000000
2026-09-25T16:41:53.080382+00:00,0x2A1,0100020000000000
2026-09-25T16:41:53.082446+00:00,0x2A5,000005A7FFFF6DAF
2026-09-25T16:41:53.082691+00:00,0x2A6,000005B3FFFFDCAB
2026-09-25T16:41:53.082867+00:00,0x2A7,000004E200002D15
2026-09-25T16:41:53.083112+00:00,0x2A9,FFFF86E500000000
2026-09-25T16:41:53.085928+00:00,0x2A1,0100020000000000
2026-09-25T16:41:53.088356+00:00,0x2A5,0000059FFFFF6DAF
2026-09-25T16:41:53.088603+00:00,0x2A6,000005B3FFFFDCAB
2026-09-25T16:41:53.088865+00:00,0x2A7,000004CE00002D15
2026-09-25T16:41:53.089112+00:00,0x2A9,FFFF86E500000000
2026-09-25T16:41:53.090471+00:00,0x2A1,0100020000000000
2026-09-25T16:41:53.092916+00:00,0x2A5,000005AAFFFF6DAF
2026-09-25T16:41:53.093483+00:00,0x2A6,000005B3FFFFDCAB
2026-09-25T16:41:53.093732+00:00,0x2A7,000004E000002D01
2026-09-25T16:41:53.094003+00:00,0x2A9,FFFF86E500000000
2026-09-25T16:41:53.095462+00:00,0x2A1,0100020000000000
2026-09-25T16:41:53.099486+00:00,0x2A5,000005A0FFFF6DAF
2026-09-25T16:41:53.099689+00:00,0x2A6,000005B3FFFFDCAB
2026-09-25T16:41:53.099916+00:00,0x2A7,000004D400002D01
2026-09-25T16:41:53.100161+00:00,0x2A9,FFFF86E500000000
2026-09-25T16:41:53.100401+00:00,0x2A1,0100020000000000
2026-09-25T16:41:53.102605+00:00,0x2A5,000005A0FFFF6DAF
2026-09-25T16:41:53.102850+00:00,0x2A6,000005B3FFFFDCAB
2026-09-25T16:41:53.103047+00:00,0x2A7,000004D400002D16
2026-09-25T16:41:53.103290+00:00,0x2A9,FFFF86E500000000
2026-09-25T16:41:53.105380+00:00,0x2A1,0100020000000000
2026-09-25T16:41:53.107501+00:00,0x2A5,000005A8FFFF6DAF
2026-09-25T16:41:53.107840+00:00,0x2A6,000005B3FFFFDCAB
2026-09-25T16:41:53.107961+00:00,0x2A7,000004CF00002D00
2026-09-25T16:41:53.108205+00:00,0x2A9,FFFF86E500000000
2026-09-25T16:41:53.110365+00:00,0x2A1,0100020000000000
2026-09-25T16:41:53.112694+00:00,0x2A5,000005A8FFFF6DAF
2026-09-25T16:41:53.112962+00:00,0x2A6,000005B3FFFFDCAB
2026-09-25T16:41:53.113163+00:00,0x2A7,000004E700002D17
2026-09-25T16:41:53.113360+00:00,0x2A9,FFFF86E500000000
2026-09-25T16:41:53.115386+00:00,0x2A1,0100020000000000
2026-09-25T16:41:53.117691+00:00,0x2A5,000005A1FFFF6DAF
2026-09-25T16:41:53.117962+00:00,0x2A6,000005B3FFFFDCAB
2026-09-25T16:41:53.118163+00:00,0x2A7,000004E700002D17
2026-09-25T16:41:53.118403+00:00,0x2A9,FFFF86E500000000
2026-09-25T16:41:53.120358+00:00,0x2A1,0100020000000000
2026-09-25T16:41:53.122607+00:00,0x2A5,000005A8FFFF6DAF
2026-09-25T16:41:53.122852+00:00,0x2A6,000005B3FFFFDCAB
2026-09-25T16:41:53.123049+00:00,0x2A7,000004D000002CFF
2026-09-25T16:41:53.123292+00:00,0x2A9,FFFF86E500000000
2026-09-25T16:41:53.125363+00:00,0x2A1,0100020000000000
2026-09-25T16:41:53.127550+00:00,0x2A5,000005A0FFFF6DAF
2026-09-25T16:41:53.127841+00:00,0x2A6,000005B3FFFFDCAB
2026-09-25T16:41:53.128005+00:00,0x2A7,000004E200002D10
2026-09-25T16:41:53.128248+00:00,0x2A9,FFFF86E500000000
2026-09-25T16:41:53.130409+00:00,0x2A1,0100020000000000
2026-09-25T16:41:53.132648+00:00,0x2A5,000005A0FFFF6DAF
2026-09-25T16:41:53.132867+00:00,0x2A6,000005B3FFFFDCAB
2026-09-25T16:41:53.133112+00:00,0x2A7,000004D100002D10
2026-09-25T16:41:53.133314+00:00,0x2A9,FFFF86E500000000
2026-09-25T16:41:53.135368+00:00,0x2A1,0100020000000000
2026-09-25T16:41:53.137573+00:00,0x2A5,000005A9FFFF6DAF
2026-09-25T16:41:53.137865+00:00,0x2A6,000005B3FFFFDCAB
2026-09-25T16:41:53.138112+00:00,0x2A7,000004D100002D08
2026-09-25T16:41:53.138356+00:00,0x2A9,FFFF86E500000000
2026-09-25T16:41:53.140535+00:00,0x2A1,0100020000000000
2026-09-25T16:41:53.142359+00:00,0x2A5,000005A1FFFF6DAF
2026-09-25T16:41:53.142656+00:00,0x2A6,000005B3FFFFDCAB
2026-09-25T16:41:53.142873+00:00,0x2A7,000004CF00002D03
2026-09-25T16:41:53.143113+00:00,0x2A9,FFFF86E500000000
2026-09-25T16:41:53.145396+00:00,0x2A1,0100020000000000
2026-09-25T16:41:53.148005+00:00,0x2A5,000005A1FFFF6DAF
2026-09-25T16:41:53.148248+00:00,0x2A6,000005B3FFFFDCAB
2026-09-25T16:41:53.148480+00:00,0x2A7,000004CF00002D17
2026-09-25T16:41:53.148690+00:00,0x2A9,FFFF86E500000000
2026-09-25T16:41:53.150377+00:00,0x2A1,0100020000000000
2026-09-25T16:41:53.152529+00:00,0x2A5,000005A8FFFF6DAF
2026-09-25T16:41:53.152848+00:00,0x2A6,000005B3FFFFDCAB
2026-09-25T16:41:53.153004+00:00,0x2A7,000004E200002D17
2026-09-25T16:41:53.153866+00:00,0x2A9,FFFF86E500000000
2026-09-25T16:41:53.155353+00:00,0x2A1,0100020000000000
2026-09-25T16:41:53.158555+00:00,0x2A5,000005A4FFFF6DAF
2026-09-25T16:41:53.158852+00:00,0x2A6,000005B3FFFFDCAB
2026-09-25T16:41:53.159048+00:00,0x2A7,000004D100002D00
2026-09-25T16:41:53.159248+00:00,0x2A9,FFFF86E500000000
2026-09-25T16:41:53.161163+00:00,0x2A1,0100020000000000
2026-09-25T16:41:53.163163+00:00,0x2A5,000005A4FFFF6DAF
2026-09-25T16:41:53.163360+00:00,0x2A6,000005B3FFFFDCAB
2026-09-25T16:41:53.163555+00:00,0x2A7,000004E300002D1A
2026-09-25T16:41:53.163876+00:00,0x2A9,FFFF86E500000000
2026-09-25T16:41:53.165360+00:00,0x2A1,0100020000000000
2026-09-25T16:41:53.167502+00:00,0x2A5,000005A8FFFF6DAF
2026-09-25T16:41:53.167865+00:00,0x2A6,000005B3FFFFDCAB
2026-09-25T16:41:53.167961+00:00,0x2A7,000004D200002CFE
2026-09-25T16:41:53.168163+00:00,0x2A9,FFFF86E500000000
2026-09-25T16:41:53.170346+00:00,0x2A1,0100020000000000
2026-09-25T16:41:53.173360+00:00,0x2A5,000005A8FFFF6DAF
2026-09-25T16:41:53.173555+00:00,0x2A6,000005B3FFFFDCAB
2026-09-25T16:41:53.173852+00:00,0x2A7,000004D200002CFE
2026-09-25T16:41:53.174005+00:00,0x2A9,FFFF86E500000000
2026-09-25T16:41:53.175325+00:00,0x2A1,0100020000000000
2026-09-25T16:41:53.178334+00:00,0x2A5,000005A2FFFF6DAF
2026-09-25T16:41:53.178582+00:00,0x2A6,000005B3FFFFDCAB
2026-09-25T16:41:53.178843+00:00,0x2A7,000004D200002D14
2026-09-25T16:41:53.179005+00:00,0x2A9,FFFF86E500000000
2026-09-25T16:41:53.180865+00:00,0x2A1,0100020000000000
2026-09-25T16:41:53.182918+00:00,0x2A5,000005A9FFFF6DAF
2026-09-25T16:41:53.183115+00:00,0x2A6,000005B3FFFFDCAB
2026-09-25T16:41:53.183357+00:00,0x2A7,000004E200002D03
2026-09-25T16:41:53.183551+00:00,0x2A9,FFFF86E500000000
2026-09-25T16:41:53.185353+00:00,0x2A1,0100020000000000
2026-09-25T16:41:53.187480+00:00,0x2A5,000005A9FFFF6DAF
2026-09-25T16:41:53.187691+00:00,0x2A6,000005B3FFFFDCAB
2026-09-25T16:41:53.187918+00:00,0x2A7,000004E200002D03
2026-09-25T16:41:53.188163+00:00,0x2A9,FFFF86E500000000
2026-09-25T16:41:53.190450+00:00,0x2A1,0100020000000000
2026-09-25T16:41:53.193422+00:00,0x2A5,0000059EFFFF6DAF
2026-09-25T16:41:53.193667+00:00,0x2A6,000005B3FFFFDCAB
2026-09-25T16:41:53.193918+00:00,0x2A7,000004D100002D03
2026-09-25T16:41:53.194163+00:00,0x2A9,FFFF86E500000000
2026-09-25T16:41:53.195403+00:00,0x2A1,0100020000000000
2026-09-25T16:41:53.198512+00:00,0x2A5,000005A9FFFF6DAF
2026-09-25T16:41:53.198880+00:00,0x2A6,000005B3FFFFDCAB
2026-09-25T16:41:53.199091+00:00,0x2A7,000004E300002D17
2026-09-25T16:41:53.199334+00:00,0x2A9,FFFF86E500000000
2026-09-25T16:41:53.201711+00:00,0x2A1,0100020000000000
2026-09-25T16:41:53.203604+00:00,0x2A5,000005A9FFFF6DAF
2026-09-25T16:41:53.203866+00:00,0x2A6,000005B3FFFFDCAB
2026-09-25T16:41:53.204068+00:00,0x2A7,000004D000002D17
2026-09-25T16:41:53.204314+00:00,0x2A9,FFFF86E500000000
2026-09-25T16:41:53.205353+00:00,0x2A1,0100020000000000
2026-09-25T16:41:53.207604+00:00,0x2A5,0000059FFFFF6DAF
2026-09-25T16:41:53.207845+00:00,0x2A6,000005B3FFFFDCAB
2026-09-25T16:41:53.208091+00:00,0x2A7,000004D000002CFF
2026-09-25T16:41:53.208335+00:00,0x2A9,FFFF86E500000000
2026-09-25T16:41:53.212843+00:00,0x2A1,0100020000000000
2026-09-25T16:41:53.213648+00:00,0x2A5,000005A9FFFF6DAF
2026-09-25T16:41:53.213867+00:00,0x2A6,000005B3FFFFDCAB
2026-09-25T16:41:53.214112+00:00,0x2A7,000004D700002D1A
2026-09-25T16:41:53.214356+00:00,0x2A9,FFFF86E500000000
2026-09-25T16:41:53.215671+00:00,0x2A1,0100020000000000
2026-09-25T16:41:53.217841+00:00,0x2A5,000005A0FFFF6DAF
2026-09-25T16:41:53.218047+00:00,0x2A6,000005B3FFFFDCAB
2026-09-25T16:41:53.218248+00:00,0x2A7,000004DE00002CFE
2026-09-25T16:41:53.218485+00:00,0x2A9,FFFF86E500000000
2026-09-25T16:41:53.222403+00:00,0x2A1,0100020000000000
2026-09-25T16:41:53.222845+00:00,0x2A5,000005A0FFFF6DAF
2026-09-25T16:41:53.223047+00:00,0x2A6,000005B3FFFFDCAB
2026-09-25T16:41:53.223292+00:00,0x2A7,000004DE00002D16
2026-09-25T16:41:53.223529+00:00,0x2A9,FFFF86E500000000
2026-09-25T16:41:53.225352+00:00,0x2A1,0100020000000000
2026-09-25T16:41:53.227551+00:00,0x2A5,000005A7FFFF6DAF
2026-09-25T16:41:53.227841+00:00,0x2A6,000005B3FFFFDCAB
2026-09-25T16:41:53.228005+00:00,0x2A7,000004CF00002D16
2026-09-25T16:41:53.228248+00:00,0x2A9,FFFF86E500000000
2026-09-25T16:41:53.230366+00:00,0x2A1,0100020000000000
2026-09-25T16:41:53.233292+00:00,0x2A5,0000059FFFFF6DAF
2026-09-25T16:41:53.233582+00:00,0x2A6,000005B3FFFFDCAB
2026-09-25T16:41:53.233843+00:00,0x2A7,000004E600002D00
2026-09-25T16:41:53.234005+00:00,0x2A9,FFFF86E500000000
2026-09-25T16:41:53.235363+00:00,0x2A1,0100020000000000
2026-09-25T16:41:53.237551+00:00,0x2A5,000005A8FFFF6DAF
2026-09-25T16:41:53.237842+00:00,0x2A6,000005B3FFFFDCAB
2026-09-25T16:41:53.238091+00:00,0x2A7,000004CE00002D06
2026-09-25T16:41:53.238334+00:00,0x2A9,FFFF86E500000000
2026-09-25T16:41:53.240330+00:00,0x2A1,0100020000000000
2026-09-25T16:41:53.242550+00:00,0x2A5,000005A8FFFF6DAF
2026-09-25T16:41:53.242841+00:00,0x2A6,000005B3FFFFDCAB
2026-09-25T16:41:53.243004+00:00,0x2A7,000004CE00002D06
2026-09-25T16:41:53.243291+00:00,0x2A9,FFFF86E500000000
2026-09-25T16:41:53.245469+00:00,0x2A1,0100020000000000
2026-09-25T16:41:53.247917+00:00,0x2A5,000005A4FFFF6DAF
2026-09-25T16:41:53.248186+00:00,0x2A6,000005B3FFFFDCAB
2026-09-25T16:41:53.248400+00:00,0x2A7,000004DE00002D11
2026-09-25T16:41:53.248645+00:00,0x2A9,FFFF86E500000000
2026-09-25T16:41:53.250462+00:00,0x2A1,0100020000000000
2026-09-25T16:41:53.252419+00:00,0x2A5,000005A4FFFF6DAF
2026-09-25T16:41:53.252708+00:00,0x2A6,000005B3FFFFDCAB
2026-09-25T16:41:53.252985+00:00,0x2A7,000004D400002CFE
2026-09-25T16:41:53.253204+00:00,0x2A9,FFFF86E500000000
2026-09-25T16:41:53.255333+00:00,0x2A1,0100020000000000
2026-09-25T16:41:53.257579+00:00,0x2A5,000005A4FFFF6DAF
2026-09-25T16:41:53.257841+00:00,0x2A6,000005B3FFFFDCAB
2026-09-25T16:41:53.258045+00:00,0x2A7,000004D400002D17
2026-09-25T16:41:53.258289+00:00,0x2A9,FFFF86E500000000
2026-09-25T16:41:53.260403+00:00,0x2A1,0100020000000000
2026-09-25T16:41:53.262689+00:00,0x2A5,000005A7FFFF6DAF
2026-09-25T16:41:53.262916+00:00,0x2A6,000005B3FFFFDCAB
2026-09-25T16:41:53.263161+00:00,0x2A7,000004D100002D17
2026-09-25T16:41:53.263401+00:00,0x2A9,FFFF86E500000000
2026-09-25T16:41:53.265380+00:00,0x2A1,0100020000000000
2026-09-25T16:41:53.267646+00:00,0x2A5,000005A1FFFF6DAF
2026-09-25T16:41:53.267865+00:00,0x2A6,000005B3FFFFDCAB
2026-09-25T16:41:53.268067+00:00,0x2A7,000004E400002CFE
2026-09-25T16:41:53.268312+00:00,0x2A9,FFFF86E500000000
2026-09-25T16:41:53.270384+00:00,0x2A1,0100020000000000
2026-09-25T16:41:53.273162+00:00,0x2A5,000005A5FFFF6DAF
2026-09-25T16:41:53.273359+00:00,0x2A6,000005B3FFFFDCAB
2026-09-25T16:41:53.273554+00:00,0x2A7,000004CF00002D15
2026-09-25T16:41:53.274004+00:00,0x2A9,FFFF86E500000000
2026-09-25T16:41:53.275384+00:00,0x2A1,0100020000000000
2026-09-25T16:41:53.277603+00:00,0x2A5,000005A5FFFF6DAF
2026-09-25T16:41:53.277843+00:00,0x2A6,000005B3FFFFDCAB
2026-09-25T16:41:53.278089+00:00,0x2A7,000004CF00002D15
2026-09-25T16:41:53.278333+00:00,0x2A9,FFFF86E500000000
2026-09-25T16:41:53.280355+00:00,0x2A1,0100020000000000
2026-09-25T16:41:53.282443+00:00,0x2A5,000005A2FFFF6DAF
2026-09-25T16:41:53.282645+00:00,0x2A6,000005B3FFFFDCAB
2026-09-25T16:41:53.282864+00:00,0x2A7,000004E100002D00
2026-09-25T16:41:53.283066+00:00,0x2A9,FFFF86E500000000
2026-09-25T16:41:53.285336+00:00,0x2A1,0100020000000000
2026-09-25T16:41:53.287731+00:00,0x2A5,000005A6FFFF6DAF
2026-09-25T16:41:53.287959+00:00,0x2A6,000005B3FFFFDCAB
2026-09-25T16:41:53.288161+00:00,0x2A7,000004CF00002D05
2026-09-25T16:41:53.288357+00:00,0x2A9,FFFF86E500000000
2026-09-25T16:41:53.290376+00:00,0x2A1,0100020000000000
2026-09-25T16:41:53.292960+00:00,0x2A5,000005A6FFFF6DAF
2026-09-25T16:41:53.293401+00:00,0x2A6,000005B3FFFFDCAB
2026-09-25T16:41:53.293645+00:00,0x2A7,000004CF00002D15
2026-09-25T16:41:53.293842+00:00,0x2A9,FFFF86E500000000
2026-09-25T16:41:53.295462+00:00,0x2A1,0100020000000000
2026-09-25T16:41:53.296625+00:00,0x2A5,000005A6FFFF6DAF
2026-09-25T16:41:53.296916+00:00,0x2A6,000005B3FFFFDCAB
2026-09-25T16:41:53.297204+00:00,0x2A7,000004D100002D15
2026-09-25T16:41:53.297486+00:00,0x2A9,FFFF86E500000000
2026-09-25T16:41:53.301443+00:00,0x2A1,0100020000000000
2026-09-25T16:41:53.303865+00:00,0x2A5,000005A6FFFF6DAF
2026-09-25T16:41:53.304088+00:00,0x2A6,000005B3FFFFDCAB
2026-09-25T16:41:53.304332+00:00,0x2A7,000004E700002D01
2026-09-25T16:41:53.304579+00:00,0x2A9,FFFF86E500000000
2026-09-25T16:41:53.305479+00:00,0x2A1,0100020000000000
2026-09-25T16:41:53.308579+00:00,0x2A5,000005A6FFFF6DAF
2026-09-25T16:41:53.308841+00:00,0x2A6,000005B3FFFFDCAB
2026-09-25T16:41:53.309131+00:00,0x2A7,000004CF00002D16
2026-09-25T16:41:53.309376+00:00,0x2A9,FFFF86E500000000
2026-09-25T16:41:53.310406+00:00,0x2A1,0100020000000000
2026-09-25T16:41:53.313203+00:00,0x2A5,000005A6FFFF6DAF
2026-09-25T16:41:53.313443+00:00,0x2A6,000005B3FFFFDCAB
2026-09-25T16:41:53.314443+00:00,0x2A7,000004CF00002D16
2026-09-25T16:41:53.314688+00:00,0x2A9,FFFF86E500000000
2026-09-25T16:41:53.315401+00:00,0x2A1,0100020000000000
2026-09-25T16:41:53.317527+00:00,0x2A5,000005A4FFFF6DAF
2026-09-25T16:41:53.317865+00:00,0x2A6,000005B3FFFFDCAB
2026-09-25T16:41:53.318002+00:00,0x2A7,000004E500002D00
2026-09-25T16:41:53.318246+00:00,0x2A9,FFFF86E500000000
2026-09-25T16:41:53.320340+00:00,0x2A1,0100020000000000
2026-09-25T16:41:53.322688+00:00,0x2A5,000005A6FFFF6DAF
2026-09-25T16:41:53.322916+00:00,0x2A6,000005B3FFFFDCAB
2026-09-25T16:41:53.323160+00:00,0x2A7,000004D000002D0C
2026-09-25T16:41:53.323357+00:00,0x2A9,FFFF86E500000000
2026-09-25T16:41:53.325350+00:00,0x2A1,0100020000000000
2026-09-25T16:41:53.327527+00:00,0x2A5,000005A6FFFF6DAF
2026-09-25T16:41:53.327865+00:00,0x2A6,000005B3FFFFDCAB
2026-09-25T16:41:53.328002+00:00,0x2A7,000004D000002D09
2026-09-25T16:41:53.328203+00:00,0x2A9,FFFF86E500000000
2026-09-25T16:41:53.330379+00:00,0x2A1,0100020000000000
2026-09-25T16:41:53.332443+00:00,0x2A5,000005A2FFFF6DAF
2026-09-25T16:41:53.332645+00:00,0x2A6,000005B3FFFFDCAB
2026-09-25T16:41:53.333109+00:00,0x2A7,000004DC00002D09
2026-09-25T16:41:53.333354+00:00,0x2A9,FFFF86E500000000
2026-09-25T16:41:53.335384+00:00,0x2A1,0100020000000000
2026-09-25T16:41:53.337688+00:00,0x2A5,000005A6FFFF6DAF
2026-09-25T16:41:53.337864+00:00,0x2A6,000005B3FFFFDCAB
2026-09-25T16:41:53.338109+00:00,0x2A7,000004DD00002D04
2026-09-25T16:41:53.338354+00:00,0x2A9,FFFF86E500000000
2026-09-25T16:41:53.340353+00:00,0x2A1,0100020000000000
2026-09-25T16:41:53.342548+00:00,0x2A5,000005A2FFFF6DAF
2026-09-25T16:41:53.342839+00:00,0x2A6,000005B3FFFFDCAB
2026-09-25T16:41:53.342959+00:00,0x2A7,000004CD00002D15
2026-09-25T16:41:53.343203+00:00,0x2A9,FFFF86E500000000
2026-09-25T16:41:53.345336+00:00,0x2A1,0100020000000000
2026-09-25T16:41:53.347556+00:00,0x2A5,000005A2FFFF6DAF
2026-09-25T16:41:53.347839+00:00,0x2A6,000005B3FFFFDCAB
2026-09-25T16:41:53.348002+00:00,0x2A7,000004CD00002D15
2026-09-25T16:41:53.348203+00:00,0x2A9,FFFF86E500000000
2026-09-25T16:41:53.350363+00:00,0x2A1,0100020000000000
2026-09-25T16:41:53.352553+00:00,0x2A5,000005A6FFFF6DAF
2026-09-25T16:41:53.352850+00:00,0x2A6,000005B3FFFFDCAB
2026-09-25T16:41:53.353046+00:00,0x2A7,000004E600002D00
2026-09-25T16:41:53.353246+00:00,0x2A9,FFFF86E500000000
2026-09-25T16:41:53.355358+00:00,0x2A1,0100020000000000
2026-09-25T16:41:53.357862+00:00,0x2A5,000005A2FFFF6DAF
2026-09-25T16:41:53.358109+00:00,0x2A6,000005B3FFFFDCAB
2026-09-25T16:41:53.358354+00:00,0x2A7,000004CF00002D14
2026-09-25T16:41:53.358643+00:00,0x2A9,FFFF86E500000000
2026-09-25T16:41:53.360862+00:00,0x2A1,0100020000000000
2026-09-25T16:41:53.362318+00:00,0x2A5,000005A2FFFF6DAF
2026-09-25T16:41:53.362850+00:00,0x2A6,000005B3FFFFDCAB
2026-09-25T16:41:53.363089+00:00,0x2A7,000004CF00002CFF
2026-09-25T16:41:53.363605+00:00,0x2A9,FFFF86E500000000
2026-09-25T16:41:53.365444+00:00,0x2A1,0100020000000000
2026-09-25T16:41:53.366674+00:00,0x2A5,000005A6FFFF6DAF
2026-09-25T16:41:53.366871+00:00,0x2A6,000005B3FFFFDCAB
2026-09-25T16:41:53.367160+00:00,0x2A7,000004DD00002CFF
2026-09-25T16:41:53.367357+00:00,0x2A9,FFFF86E500000000
2026-09-25T16:41:53.370377+00:00,0x2A1,0100020000000000
2026-09-25T16:41:53.373400+00:00,0x2A5,000005A2FFFF6DAF
2026-09-25T16:41:53.373602+00:00,0x2A6,000005B3FFFFDCAB
2026-09-25T16:41:53.373842+00:00,0x2A7,000004D400002D15
2026-09-25T16:41:53.374089+00:00,0x2A9,FFFF86E500000000
2026-09-25T16:41:53.375386+00:00,0x2A1,0100020000000000
2026-09-25T16:41:53.377646+00:00,0x2A5,000005A7FFFF6DAF
2026-09-25T16:41:53.377865+00:00,0x2A6,000005B3FFFFDCAB
2026-09-25T16:41:53.378109+00:00,0x2A7,000004D000002D00
2026-09-25T16:41:53.378311+00:00,0x2A9,FFFF86E500000000
2026-09-25T16:41:53.380404+00:00,0x2A1,0100020000000000
2026-09-25T16:41:53.382603+00:00,0x2A5,000005A7FFFF6DAF
2026-09-25T16:41:53.382843+00:00,0x2A6,000005B3FFFFDCAB
2026-09-25T16:41:53.383046+00:00,0x2A7,000004D000002D00
2026-09-25T16:41:53.383291+00:00,0x2A9,FFFF86E500000000
2026-09-25T16:41:53.385338+00:00,0x2A1,0100020000000000
2026-09-25T16:41:53.387445+00:00,0x2A5,000005A2FFFF6DAF
2026-09-25T16:41:53.387647+00:00,0x2A6,000005B3FFFFDCAB
2026-09-25T16:41:53.387866+00:00,0x2A7,000004E500002D08
2026-09-25T16:41:53.388111+00:00,0x2A9,FFFF86E500000000
2026-09-25T16:41:53.390364+00:00,0x2A1,0100020000000000
2026-09-25T16:41:53.393291+00:00,0x2A5,000005A7FFFF6DAF
2026-09-25T16:41:53.393480+00:00,0x2A6,000005B3FFFFDCAB
2026-09-25T16:41:53.393690+00:00,0x2A7,000004CE00002D0E
2026-09-25T16:41:53.393918+00:00,0x2A9,FFFF86E500000000
2026-09-25T16:41:53.395343+00:00,0x2A1,0100020000000000
2026-09-25T16:41:53.397480+00:00,0x2A5,000005A7FFFF6DAF
2026-09-25T16:41:53.397691+00:00,0x2A6,000005B3FFFFDCAB
2026-09-25T16:41:53.397918+00:00,0x2A7,000004CE00002D00
2026-09-25T16:41:53.398163+00:00,0x2A9,FFFF86E500000000
2026-09-25T16:41:53.400445+00:00,0x2A1,0100020000000000
2026-09-25T16:41:53.402690+00:00,0x2A5,000005A2FFFF6DAF
2026-09-25T16:41:53.402917+00:00,0x2A6,000005B3FFFFDCAB
2026-09-25T16:41:53.403114+00:00,0x2A7,000004DF00002D00
2026-09-25T16:41:53.403313+00:00,0x2A9,FFFF86E500000000
2026-09-25T16:41:53.405339+00:00,0x2A1,0100020000000000
2026-09-25T16:41:53.407691+00:00,0x2A5,000005A7FFFF6DAF
2026-09-25T16:41:53.407918+00:00,0x2A6,000005B3FFFFDCAB
2026-09-25T16:41:53.408163+00:00,0x2A7,000004D400002D13
2026-09-25T16:41:53.408405+00:00,0x2A9,FFFF86E500000000
2026-09-25T16:41:53.410451+00:00,0x2A1,0100020000000000
2026-09-25T16:41:53.413090+00:00,0x2A5,000005A2FFFF6DAF
2026-09-25T16:41:53.413381+00:00,0x2A6,000005B3FFFFDCAB
2026-09-25T16:41:53.413627+00:00,0x2A7,000004D100002D02
2026-09-25T16:41:53.413864+00:00,0x2A9,FFFF86E500000000
2026-09-25T16:41:53.415421+00:00,0x2A1,0100020000000000
2026-09-25T16:41:53.418205+00:00,0x2A5,000005A2FFFF6DAF
2026-09-25T16:41:53.418445+00:00,0x2A6,000005B3FFFFDCAB
2026-09-25T16:41:53.418734+00:00,0x2A7,000004D100002D02
2026-09-25T16:41:53.419004+00:00,0x2A9,FFFF86E500000000
2026-09-25T16:41:53.421606+00:00,0x2A1,0100020000000000
2026-09-25T16:41:53.423604+00:00,0x2A5,000005A6FFFF6DAF
2026-09-25T16:41:53.423866+00:00,0x2A6,000005B3FFFFDCAB
2026-09-25T16:41:53.424112+00:00,0x2A7,000004E200002D15
2026-09-25T16:41:53.424313+00:00,0x2A9,FFFF86E500000000
2026-09-25T16:41:53.425381+00:00,0x2A1,0100020000000000
2026-09-25T16:41:53.427691+00:00,0x2A5,000005A2FFFF6DAF
2026-09-25T16:41:53.427918+00:00,0x2A6,000005B3FFFFDCAB
2026-09-25T16:41:53.428163+00:00,0x2A7,000004D100002D00
2026-09-25T16:41:53.428402+00:00,0x2A9,FFFF86E500000000
2026-09-25T16:41:53.430405+00:00,0x2A1,0100020000000000
2026-09-25T16:41:53.432733+00:00,0x2A5,000005A2FFFF6DAF
2026-09-25T16:41:53.432961+00:00,0x2A6,000005B3FFFFDCAB
2026-09-25T16:41:53.433162+00:00,0x2A7,000004D100002D10
2026-09-25T16:41:53.433402+00:00,0x2A9,FFFF86E500000000
2026-09-25T16:41:53.435386+00:00,0x2A1,0100020000000000
2026-09-25T16:41:53.437648+00:00,0x2A5,000005A6FFFF6DAF
2026-09-25T16:41:53.437866+00:00,0x2A6,000005B3FFFFDCAB
2026-09-25T16:41:53.438111+00:00,0x2A7,000004DE00002D10
2026-09-25T16:41:53.438503+00:00,0x2A9,FFFF86E500000000
2026-09-25T16:41:53.440841+00:00,0x2A1,0100020000000000
2026-09-25T16:41:53.442852+00:00,0x2A5,000005A1FFFF6DAF
2026-09-25T16:41:53.443048+00:00,0x2A6,000005B3FFFFDCAB
2026-09-25T16:41:53.443291+00:00,0x2A7,000004D200002D03
2026-09-25T16:41:53.443488+00:00,0x2A9,FFFF86E500000000
2026-09-25T16:41:53.445381+00:00,0x2A1,0100020000000000
2026-09-25T16:41:53.447604+00:00,0x2A5,000005A6FFFF6DAF
2026-09-25T16:41:53.447844+00:00,0x2A6,000005B3FFFFDCAB
2026-09-25T16:41:53.448047+00:00,0x2A7,000004D100002D07
2026-09-25T16:41:53.448248+00:00,0x2A9,FFFF86E500000000
2026-09-25T16:41:53.450346+00:00,0x2A1,0100020000000000
2026-09-25T16:41:53.452604+00:00,0x2A5,000005A6FFFF6DAF
2026-09-25T16:41:53.452844+00:00,0x2A6,000005B3FFFFDCAB
2026-09-25T16:41:53.453048+00:00,0x2A7,000004D100002D07
2026-09-25T16:41:53.453377+00:00,0x2A9,FFFF86E500000000
2026-09-25T16:41:53.455361+00:00,0x2A1,0100020000000000
2026-09-25T16:41:53.457606+00:00,0x2A5,000005A1FFFF6DAF
2026-09-25T16:41:53.457852+00:00,0x2A6,000005B3FFFFDCAB
2026-09-25T16:41:53.458091+00:00,0x2A7,000004E800002D12
2026-09-25T16:41:53.458291+00:00,0x2A9,FFFF86E500000000
2026-09-25T16:41:53.460917+00:00,0x2A1,0100020000000000
2026-09-25T16:41:53.463205+00:00,0x2A5,000005A6FFFF6DAF
2026-09-25T16:41:53.463445+00:00,0x2A6,000005B3FFFFDCAB
2026-09-25T16:41:53.463691+00:00,0x2A7,000004D200002D02
2026-09-25T16:41:53.463918+00:00,0x2A9,FFFF86E500000000
2026-09-25T16:41:53.465403+00:00,0x2A1,0100020000000000
2026-09-25T16:41:53.468004+00:00,0x2A5,000005A6FFFF6DAF
2026-09-25T16:41:53.468248+00:00,0x2A6,000005B3FFFFDCAB
2026-09-25T16:41:53.468529+00:00,0x2A7,000004D200002D13
2026-09-25T16:41:53.468734+00:00,0x2A9,FFFF86E500000000
2026-09-25T16:41:53.470491+00:00,0x2A1,0100020000000000
2026-09-25T16:41:53.473163+00:00,0x2A5,000005A1FFFF6DAF
2026-09-25T16:41:53.473446+00:00,0x2A6,000005B3FFFFDCAB
2026-09-25T16:41:53.473647+00:00,0x2A7,000004E100002D13
2026-09-25T16:41:53.473866+00:00,0x2A9,FFFF86E500000000
2026-09-25T16:41:53.475407+00:00,0x2A1,0100020000000000
2026-09-25T16:41:53.477486+00:00,0x2A5,000005A6FFFF6DAF
2026-09-25T16:41:53.477690+00:00,0x2A6,000005B3FFFFDCAB
2026-09-25T16:41:53.477918+00:00,0x2A7,000004D300002D00
2026-09-25T16:41:53.478162+00:00,0x2A9,FFFF86E500000000
2026-09-25T16:41:53.480866+00:00,0x2A1,0100020000000000
2026-09-25T16:41:53.482961+00:00,0x2A5,000005A0FFFF6DAF
2026-09-25T16:41:53.483205+00:00,0x2A6,000005B3FFFFDCAB
2026-09-25T16:41:53.483402+00:00,0x2A7,000004D200002D14
2026-09-25T16:41:53.483604+00:00,0x2A9,FFFF86E500000000
2026-09-25T16:41:53.485352+00:00,0x2A1,0100020000000000
2026-09-25T16:41:53.487550+00:00,0x2A5,000005A0FFFF6DAF
2026-09-25T16:41:53.487841+00:00,0x2A6,000005B3FFFFDCAB
2026-09-25T16:41:53.488047+00:00,0x2A7,000004D200002D14
2026-09-25T16:41:53.488248+00:00,0x2A9,FFFF86E500000000
2026-09-25T16:41:53.490408+00:00,0x2A1,0100020000000000
2026-09-25T16:41:53.493205+00:00,0x2A5,000005AAFFFF6DAF
2026-09-25T16:41:53.493445+00:00,0x2A6,000005B3FFFFDCAB
2026-09-25T16:41:53.493647+00:00,0x2A7,000004E200002D01
2026-09-25T16:41:53.493866+00:00,0x2A9,FFFF86E500000000
2026-09-25T16:41:53.495378+00:00,0x2A1,0100020000000000
2026-09-25T16:41:53.497445+00:00,0x2A5,000005A0FFFF6DAF
2026-09-25T16:41:53.497647+00:00,0x2A6,000005B3FFFFDCAB
2026-09-25T16:41:53.497866+00:00,0x2A7,000004CF00002D10
2026-09-25T16:41:53.498111+00:00,0x2A9,FFFF86E500000000
2026-09-25T16:41:53.500842+00:00,0x2A1,0100020000000000
2026-09-25T16:41:53.502961+00:00,0x2A5,000005A0FFFF6DAF
2026-09-25T16:41:53.503205+00:00,0x2A6,000005B3FFFFDCAB
2026-09-25T16:41:53.503402+00:00,0x2A7,000004CF00002D09
2026-09-25T16:41:53.503604+00:00,0x2A9,FFFF86E500000000
2026-09-25T16:41:53.505352+00:00,0x2A1,0100020000000000
2026-09-25T16:41:53.507610+00:00,0x2A5,000005AAFFFF6DAF
2026-09-25T16:41:53.507852+00:00,0x2A6,000005B3FFFFDCAB
2026-09-25T16:41:53.508048+00:00,0x2A7,000004E100002D09
2026-09-25T16:41:53.508291+00:00,0x2A9,FFFF86E500000000
2026-09-25T16:41:53.510363+00:00,0x2A1,0100020000000000
2026-09-25T16:41:53.513205+00:00,0x2A5,000005A0FFFF6DAF
2026-09-25T16:41:53.513448+00:00,0x2A6,000005B3FFFFDCAB
2026-09-25T16:41:53.513690+00:00,0x2A7,000004D100002D06
2026-09-25T16:41:53.513918+00:00,0x2A9,FFFF86E500000000
2026-09-25T16:41:53.515429+00:00,0x2A1,0100020000000000
2026-09-25T16:41:53.518356+00:00,0x2A5,000005A0FFFF6DAF
2026-09-25T16:41:53.518602+00:00,0x2A6,000005B3FFFFDCAB
2026-09-25T16:41:53.518918+00:00,0x2A7,000004D100002D13
2026-09-25T16:41:53.519162+00:00,0x2A9,FFFF86E500000000
2026-09-25T16:41:53.521573+00:00,0x2A1,0100020000000000
2026-09-25T16:41:53.523961+00:00,0x2A5,000005A8FFFF6DAF
2026-09-25T16:41:53.524162+00:00,0x2A6,000005B3FFFFDCAB
2026-09-25T16:41:53.524402+00:00,0x2A7,000004D200002D13
2026-09-25T16:41:53.524647+00:00,0x2A9,FFFF86E500000000
2026-09-25T16:41:53.525395+00:00,0x2A1,0100020000000000
2026-09-25T16:41:53.527313+00:00,0x2A5,000005A0FFFF6DAF
2026-09-25T16:41:53.527550+00:00,0x2A6,000005B3FFFFDCAB
2026-09-25T16:41:53.527841+00:00,0x2A7,000004E200002D02
2026-09-25T16:41:53.528004+00:00,0x2A9,FFFF86E500000000
2026-09-25T16:41:53.530407+00:00,0x2A1,0100020000000000
2026-09-25T16:41:53.533291+00:00,0x2A5,000005A7FFFF6DAF
2026-09-25T16:41:53.533529+00:00,0x2A6,000005B3FFFFDCAB
2026-09-25T16:41:53.533734+00:00,0x2A7,000004D200002D13
2026-09-25T16:41:53.533961+00:00,0x2A9,FFFF86E500000000
2026-09-25T16:41:53.535342+00:00,0x2A1,0100020000000000
2026-09-25T16:41:53.537841+00:00,0x2A5,000005A7FFFF6DAF
2026-09-25T16:41:53.538004+00:00,0x2A6,000005B3FFFFDCAB
2026-09-25T16:41:53.538248+00:00,0x2A7,000004D200002D02
2026-09-25T16:41:53.538488+00:00,0x2A9,FFFF86E500000000
2026-09-25T16:41:53.541205+00:00,0x2A1,0100020000000000
2026-09-25T16:41:53.543248+00:00,0x2A5,000005A1FFFF6DAF
2026-09-25T16:41:53.543488+00:00,0x2A6,000005B3FFFFDCAB
2026-09-25T16:41:53.543690+00:00,0x2A7,000004E700002D02
2026-09-25T16:41:53.543918+00:00,0x2A9,FFFF86E500000000
2026-09-25T16:41:53.545360+00:00,0x2A1,0100020000000000
2026-09-25T16:41:53.547488+00:00,0x2A5,000005A9FFFF6DAF
2026-09-25T16:41:53.547690+00:00,0x2A6,000005B3FFFFDCAB
2026-09-25T16:41:53.547917+00:00,0x2A7,000004CF00002D12
2026-09-25T16:41:53.548162+00:00,0x2A9,FFFF86E500000000
2026-09-25T16:41:53.550362+00:00,0x2A1,0100020000000000
2026-09-25T16:41:53.552733+00:00,0x2A5,000005A4FFFF6DAF
2026-09-25T16:41:53.552961+00:00,0x2A6,000005B3FFFFDCAB
2026-09-25T16:41:53.553162+00:00,0x2A7,000004D800002D04
2026-09-25T16:41:53.553359+00:00,0x2A9,FFFF86E500000000
2026-09-25T16:41:53.555395+00:00,0x2A1,0100020000000000
2026-09-25T16:41:53.557559+00:00,0x2A5,000005A4FFFF6DAF
2026-09-25T16:41:53.557841+00:00,0x2A6,000005B3FFFFDCAB
2026-09-25T16:41:53.558049+00:00,0x2A7,000004D800002D04
2026-09-25T16:41:53.558248+00:00,0x2A9,FFFF86E500000000
2026-09-25T16:41:53.561205+00:00,0x2A1,0100020000000000
2026-09-25T16:41:53.563205+00:00,0x2A5,000005A4FFFF6DAF
2026-09-25T16:41:53.563445+00:00,0x2A6,000005B3FFFFDCAB
2026-09-25T16:41:53.563689+00:00,0x2A7,000004DC00002D09
2026-09-25T16:41:53.563917+00:00,0x2A9,FFFF86E500000000
2026-09-25T16:41:53.565360+00:00,0x2A1,0100020000000000
2026-09-25T16:41:53.567690+00:00,0x2A5,000005A6FFFF6DAF
2026-09-25T16:41:53.568004+00:00,0x2A6,000005B3FFFFDCAB
2026-09-25T16:41:53.568248+00:00,0x2A7,000004CF00002D09
2026-09-25T16:41:53.568488+00:00,0x2A9,FFFF86E500000000
2026-09-25T16:41:53.570450+00:00,0x2A1,0100020000000000
2026-09-25T16:41:53.573090+00:00,0x2A5,000005A6FFFF6DAF
2026-09-25T16:41:53.573573+00:00,0x2A6,000005B3FFFFDCAB
2026-09-25T16:41:53.573843+00:00,0x2A7,000004CF00002D09
2026-09-25T16:41:53.574090+00:00,0x2A9,FFFF86E500000000
2026-09-25T16:41:53.575463+00:00,0x2A1,0100020000000000
2026-09-25T16:41:53.577338+00:00,0x2A5,000005A5FFFF6DAF
2026-09-25T16:41:53.577573+00:00,0x2A6,000005B3FFFFDCAB
2026-09-25T16:41:53.577842+00:00,0x2A7,000004E700002D01
2026-09-25T16:41:53.578090+00:00,0x2A9,FFFF86E500000000
2026-09-25T16:41:53.581291+00:00,0x2A1,0100020000000000
2026-09-25T16:41:53.583359+00:00,0x2A5,000005A7FFFF6DAF
2026-09-25T16:41:53.583606+00:00,0x2A6,000005B3FFFFDCAB
2026-09-25T16:41:53.583852+00:00,0x2A7,000004CE00002D14
2026-09-25T16:41:53.584048+00:00,0x2A9,FFFF86E500000000
2026-09-25T16:41:53.585360+00:00,0x2A1,0100020000000000
2026-09-25T16:41:53.587690+00:00,0x2A5,000005A3FFFF6DAF
2026-09-25T16:41:53.587918+00:00,0x2A6,000005B3FFFFDCAB
2026-09-25T16:41:53.588162+00:00,0x2A7,000004E300002D01
2026-09-25T16:41:53.588359+00:00,0x2A9,FFFF86E500000000
2026-09-25T16:41:53.590376+00:00,0x2A1,0100020000000000
2026-09-25T16:41:53.593204+00:00,0x2A5,000005A3FFFF6DAF
2026-09-25T16:41:53.593402+00:00,0x2A6,000005B3FFFFDCAB
2026-09-25T16:41:53.593603+00:00,0x2A7,000004E300002D01
2026-09-25T16:41:53.593866+00:00,0x2A9,FFFF86E500000000
2026-09-25T16:41:53.595377+00:00,0x2A1,0100020000000000
2026-09-25T16:41:53.597604+00:00,0x2A5,000005A8FFFF6DAF
2026-09-25T16:41:53.597844+00:00,0x2A6,000005B3FFFFDCAB
2026-09-25T16:41:53.598047+00:00,0x2A7,000004D000002D17
2026-09-25T16:41:53.598248+00:00,0x2A9,FFFF86E500000000
2026-09-25T16:41:53.601111+00:00,0x2A1,0100020000000000
2026-09-25T16:41:53.603162+00:00,0x2A5,000005A3FFFF6DAF
2026-09-25T16:41:53.603402+00:00,0x2A6,000005B3FFFFDCAB
2026-09-25T16:41:53.603604+00:00,0x2A7,000004D000002D01
2026-09-25T16:41:53.603843+00:00,0x2A9,FFFF86E500000000
2026-09-25T16:41:53.605352+00:00,0x2A1,0100020000000000
2026-09-25T16:41:53.607647+00:00,0x2A5,000005A3FFFF6DAF
2026-09-25T16:41:53.607844+00:00,0x2A6,000005B3FFFFDCAB
2026-09-25T16:41:53.608047+00:00,0x2A7,000004D000002D10
2026-09-25T16:41:53.608291+00:00,0x2A9,FFFF86E500000000
2026-09-25T16:41:53.610362+00:00,0x2A1,0100020000000000
2026-09-25T16:41:53.612690+00:00,0x2A5,000005A8FFFF6DAF
2026-09-25T16:41:53.612866+00:00,0x2A6,000005B3FFFFDCAB
2026-09-25T16:41:53.613110+00:00,0x2A7,000004E600002D10
2026-09-25T16:41:53.613313+00:00,0x2A9,FFFF86E500000000
2026-09-25T16:41:53.615342+00:00,0x2A1,0100020000000000
2026-09-25T16:41:53.617501+00:00,0x2A5,000005A2FFFF6DAF
2026-09-25T16:41:53.617847+00:00,0x2A6,000005B3FFFFDCAB
2026-09-25T16:41:53.617961+00:00,0x2A7,000004D100002D04
2026-09-25T16:41:53.618162+00:00,0x2A9,FFFF86E500000000
2026-09-25T16:41:53.621862+00:00,0x2A1,0100020000000000
2026-09-25T16:41:53.622080+00:00,0x2A5,000005A9FFFF6DAF
2026-09-25T16:41:53.622363+00:00,0x2A6,000005B3FFFFDCAB
2026-09-25T16:41:53.622606+00:00,0x2A7,000004DE00002D08
2026-09-25T16:41:53.622852+00:00,0x2A9,FFFF86E500000000
2026-09-25T16:41:53.625373+00:00,0x2A1,0100020000000000
2026-09-25T16:41:53.628111+00:00,0x2A5,000005A9FFFF6DAF
2026-09-25T16:41:53.628356+00:00,0x2A6,000005B3FFFFDCAB
2026-09-25T16:41:53.628602+00:00,0x2A7,000004DE00002D08
2026-09-25T16:41:53.629071+00:00,0x2A9,FFFF86E500000000
2026-09-25T16:41:53.630410+00:00,0x2A1,0100020000000000
2026-09-25T16:41:53.632862+00:00,0x2A5,0000059FFFFF6DAF
2026-09-25T16:41:53.633068+00:00,0x2A6,000005B3FFFFDCAB
2026-09-25T16:41:53.633313+00:00,0x2A7,000004D700002D0F
2026-09-25T16:41:53.633550+00:00,0x2A9,FFFF86E500000000
2026-09-25T16:41:53.635388+00:00,0x2A1,0100020000000000
2026-09-25T16:41:53.637528+00:00,0x2A5,000005A9FFFF6DAF
2026-09-25T16:41:53.637841+00:00,0x2A6,000005B3FFFFDCAB
2026-09-25T16:41:53.638004+00:00,0x2A7,000004D100002D03
2026-09-25T16:41:53.638205+00:00,0x2A9,FFFF86E500000000
2026-09-25T16:41:53.641573+00:00,0x2A1,0100020000000000
2026-09-25T16:41:53.641917+00:00,0x2A5,000005A9FFFF6DAF
2026-09-25T16:41:53.642162+00:00,0x2A6,000005B3FFFFDCAB
2026-09-25T16:41:53.642359+00:00,0x2A7,000004D100002D14
2026-09-25T16:41:53.642852+00:00,0x2A9,FFFF86E500000000
2026-09-25T16:41:53.645338+00:00,0x2A1,0100020000000000
2026-09-25T16:41:53.647688+00:00,0x2A5,0000059FFFFF6DAF
2026-09-25T16:41:53.647917+00:00,0x2A6,000005B3FFFFDCAB
2026-09-25T16:41:53.648162+00:00,0x2A7,000004E100002D14
2026-09-25T16:41:53.648359+00:00,0x2A9,FFFF86E500000000
2026-09-25T16:41:53.650377+00:00,0x2A1,0100020000000000
2026-09-25T16:41:53.653162+00:00,0x2A5,000005A7FFFF6DAF
2026-09-25T16:41:53.653359+00:00,0x2A6,000005B3FFFFDCAB
2026-09-25T16:41:53.653567+00:00,0x2A7,000004D100002D01
2026-09-25T16:41:53.653852+00:00,0x2A9,FFFF86E500000000
2026-09-25T16:41:53.655385+00:00,0x2A1,0100020000000000
2026-09-25T16:41:53.657646+00:00,0x2A5,000005A2FFFF6DAF
2026-09-25T16:41:53.657865+00:00,0x2A6,000005B3FFFFDCAB
2026-09-25T16:41:53.658111+00:00,0x2A7,000004D100002D14
2026-09-25T16:41:53.658312+00:00,0x2A9,FFFF86E500000000
2026-09-25T16:41:53.661550+00:00,0x2A1,0100020000000000
2026-09-25T16:41:53.663606+00:00,0x2A5,000005A2FFFF6DAF
2026-09-25T16:41:53.663852+00:00,0x2A6,000005B3FFFFDCAB
2026-09-25T16:41:53.664048+00:00,0x2A7,000004E100002D14
2026-09-25T16:41:53.664291+00:00,0x2A9,FFFF86E500000000
2026-09-25T16:41:53.665338+00:00,0x2A1,0100020000000000
2026-09-25T16:41:53.667550+00:00,0x2A5,000005A6FFFF6DAF
2026-09-25T16:41:53.667841+00:00,0x2A6,000005B3FFFFDCAB
2026-09-25T16:41:53.668004+00:00,0x2A7,000004D200002D03
2026-09-25T16:41:53.668205+00:00,0x2A9,FFFF86E500000000
2026-09-25T16:41:53.670364+00:00,0x2A1,0100020000000000
2026-09-25T16:41:53.673248+00:00,0x2A5,000005A2FFFF6DAF
2026-09-25T16:41:53.673479+00:00,0x2A6,000005B3FFFFDCAB
2026-09-25T16:41:53.673733+00:00,0x2A7,000004D200002D14
2026-09-25T16:41:53.674047+00:00,0x2A9,FFFF86E500000000
2026-09-25T16:41:53.676133+00:00,0x2A1,0100020000000000
2026-09-25T16:41:53.677917+00:00,0x2A5,000005A2FFFF6DAF
2026-09-25T16:41:53.678162+00:00,0x2A6,000005B3FFFFDCAB
2026-09-25T16:41:53.678402+00:00,0x2A7,000004D200002D05
2026-09-25T16:41:53.678647+00:00,0x2A9,FFFF86E500000000
2026-09-25T16:41:53.682113+00:00,0x2A1,0100020000000000
2026-09-25T16:41:53.684489+00:00,0x2A5,000005A7FFFF6DAF
2026-09-25T16:41:53.684879+00:00,0x2A6,000005B3FFFFDCAB
2026-09-25T16:41:53.685005+00:00,0x2A7,000004E300002D05
2026-09-25T16:41:53.685291+00:00,0x2A9,FFFF86E500000000
2026-09-25T16:41:53.686176+00:00,0x2A1,0100020000000000
2026-09-25T16:41:53.688580+00:00,0x2A5,000005A2FFFF6DAF
2026-09-25T16:41:53.688843+00:00,0x2A6,000005B3FFFFDCAB
2026-09-25T16:41:53.689090+00:00,0x2A7,000004CE00002D06
2026-09-25T16:41:53.689334+00:00,0x2A9,FFFF86E500000000
2026-09-25T16:41:53.690363+00:00,0x2A1,0100020000000000
2026-09-25T16:41:53.692917+00:00,0x2A5,000005A2FFFF6DAF
2026-09-25T16:41:53.693356+00:00,0x2A6,000005B3FFFFDCAB
2026-09-25T16:41:53.694047+00:00,0x2A7,000004CE00002D13
2026-09-25T16:41:53.694247+00:00,0x2A9,FFFF86E500000000
2026-09-25T16:41:53.695406+00:00,0x2A1,0100020000000000
2026-09-25T16:41:53.697488+00:00,0x2A5,000005A6FFFF6DAF
2026-09-25T16:41:53.697733+00:00,0x2A6,000005B3FFFFDCAB
2026-09-25T16:41:53.697961+00:00,0x2A7,000004E400002D13
2026-09-25T16:41:53.698162+00:00,0x2A9,FFFF86E500000000
2026-09-25T16:41:53.701647+00:00,0x2A1,0100020000000000
2026-09-25T16:41:53.703646+00:00,0x2A5,000005A6FFFF6DAF
2026-09-25T16:41:53.703866+00:00,0x2A6,000005B3FFFFDCAB
2026-09-25T16:41:53.704068+00:00,0x2A7,000004D000002CFF
2026-09-25T16:41:53.704312+00:00,0x2A9,FFFF86E500000000
2026-09-25T16:41:53.705380+00:00,0x2A1,0100020000000000
2026-09-25T16:41:53.707841+00:00,0x2A5,000005A2FFFF6DAF
2026-09-25T16:41:53.708004+00:00,0x2A6,000005B3FFFFDCAB
2026-09-25T16:41:53.708204+00:00,0x2A7,000004D700002D1A
2026-09-25T16:41:53.708445+00:00,0x2A9,FFFF86E500000000
2026-09-25T16:41:53.710363+00:00,0x2A1,0100020000000000
2026-09-25T16:41:53.712840+00:00,0x2A5,000005A2FFFF6DAF
2026-09-25T16:41:53.713046+00:00,0x2A6,000005B3FFFFDCAB
2026-09-25T16:41:53.713247+00:00,0x2A7,000004D700002D1A
2026-09-25T16:41:53.713689+00:00,0x2A9,FFFF86E500000000
2026-09-25T16:41:53.715363+00:00,0x2A1,0100020000000000
2026-09-25T16:41:53.717528+00:00,0x2A5,000005A6FFFF6DAF
2026-09-25T16:41:53.717734+00:00,0x2A6,000005B3FFFFDCAB
2026-09-25T16:41:53.718004+00:00,0x2A7,000004E100002CFE
2026-09-25T16:41:53.718204+00:00,0x2A9,FFFF86E500000000
2026-09-25T16:41:53.721842+00:00,0x2A1,0100020000000000
2026-09-25T16:41:53.723840+00:00,0x2A5,000005A2FFFF6DAF
2026-09-25T16:41:53.724003+00:00,0x2A6,000005B3FFFFDCAB
2026-09-25T16:41:53.724247+00:00,0x2A7,000004D000002D18
2026-09-25T16:41:53.724487+00:00,0x2A9,FFFF86E500000000
2026-09-25T16:41:53.725380+00:00,0x2A1,0100020000000000
2026-09-25T16:41:53.727501+00:00,0x2A5,000005A2FFFF6DAF
2026-09-25T16:41:53.727845+00:00,0x2A6,000005B3FFFFDCAB
2026-09-25T16:41:53.727961+00:00,0x2A7,000004D000002CFE
2026-09-25T16:41:53.728162+00:00,0x2A9,FFFF86E500000000
2026-09-25T16:41:53.730448+00:00,0x2A1,0100020000000000
2026-09-25T16:41:53.731873+00:00,0x2A5,000005A8FFFF6DAF
2026-09-25T16:41:53.732113+00:00,0x2A6,000005B3FFFFDCAB
2026-09-25T16:41:53.732356+00:00,0x2A7,000004E400002CFE
2026-09-25T16:41:53.732602+00:00,0x2A9,FFFF86E500000000
2026-09-25T16:41:53.735462+00:00,0x2A1,0100020000000000
2026-09-25T16:41:53.737917+00:00,0x2A5,000005A1FFFF6DAF
2026-09-25T16:41:53.738158+00:00,0x2A6,000005B3FFFFDCAB
2026-09-25T16:41:53.738357+00:00,0x2A7,000004D200002D13
2026-09-25T16:41:53.738606+00:00,0x2A9,FFFF86E500000000
2026-09-25T16:41:53.740730+00:00,0x2A1,0100020000000000
2026-09-25T16:41:53.744958+00:00,0x2A5,000005A9FFFF6DAF
2026-09-25T16:41:53.745203+00:00,0x2A6,000005B3FFFFDCAB
2026-09-25T16:41:53.745442+00:00,0x2A7,000004D900002D08
2026-09-25T16:41:53.745687+00:00,0x2A9,FFFF86E500000000
2026-09-25T16:41:53.745915+00:00,0x2A1,0100020000000000
2026-09-25T16:41:53.748001+00:00,0x2A5,000005A9FFFF6DAF
2026-09-25T16:41:53.748245+00:00,0x2A6,000005B3FFFFDCAB
2026-09-25T16:41:53.748442+00:00,0x2A7,000004D900002D08
2026-09-25T16:41:53.748645+00:00,0x2A9,FFFF86E500000000
2026-09-25T16:41:53.750379+00:00,0x2A1,0100020000000000
2026-09-25T16:41:53.753203+00:00,0x2A5,000005A1FFFF6DAF
2026-09-25T16:41:53.753400+00:00,0x2A6,000005B3FFFFDCAB
2026-09-25T16:41:53.753644+00:00,0x2A7,000004DA00002D05
2026-09-25T16:41:53.753864+00:00,0x2A9,FFFF86E500000000
2026-09-25T16:41:53.755377+00:00,0x2A1,0100020000000000
2026-09-25T16:41:53.757482+00:00,0x2A5,000005A7FFFF6DAF
2026-09-25T16:41:53.757687+00:00,0x2A6,000005B3FFFFDCAB
2026-09-25T16:41:53.757915+00:00,0x2A7,000004D000002D14
2026-09-25T16:41:53.758111+00:00,0x2A9,FFFF86E500000000
2026-09-25T16:41:53.761959+00:00,0x2A1,0100020000000000
2026-09-25T16:41:53.763959+00:00,0x2A5,000005A7FFFF6DAF
2026-09-25T16:41:53.764159+00:00,0x2A6,000005B3FFFFDCAB
2026-09-25T16:41:53.764400+00:00,0x2A7,000004D000002CFE
2026-09-25T16:41:53.764602+00:00,0x2A9,FFFF86E500000000
2026-09-25T16:41:53.765350+00:00,0x2A1,0100020000000000
2026-09-25T16:41:53.767486+00:00,0x2A5,000005A3FFFF6DAF
2026-09-25T16:41:53.767688+00:00,0x2A6,000005B3FFFFDCAB
2026-09-25T16:41:53.767959+00:00,0x2A7,000004E800002CFE
2026-09-25T16:41:53.768160+00:00,0x2A9,FFFF86E500000000
2026-09-25T16:41:53.770362+00:00,0x2A1,0100020000000000
2026-09-25T16:41:53.773109+00:00,0x2A5,000005A8FFFF6DAF
2026-09-25T16:41:53.773312+00:00,0x2A6,000005B3FFFFDCAB
2026-09-25T16:41:53.773549+00:00,0x2A7,000004D100002D15
2026-09-25T16:41:53.773840+00:00,0x2A9,FFFF86E500000000
2026-09-25T16:41:53.775377+00:00,0x2A1,0100020000000000
2026-09-25T16:41:53.777401+00:00,0x2A5,000005A3FFFF6DAF
2026-09-25T16:41:53.777603+00:00,0x2A6,000005B3FFFFDCAB
2026-09-25T16:41:53.777843+00:00,0x2A7,000004DF00002CFE
2026-09-25T16:41:53.778046+00:00,0x2A9,FFFF86E500000000
2026-09-25T16:41:53.781960+00:00,0x2A1,0100020000000000
2026-09-25T16:41:53.784090+00:00,0x2A5,000005A3FFFF6DAF
2026-09-25T16:41:53.784290+00:00,0x2A6,000005B3FFFFDCAB
2026-09-25T16:41:53.784528+00:00,0x2A7,000004DF00002CFE
2026-09-25T16:41:53.784841+00:00,0x2A9,FFFF86E500000000
2026-09-25T16:41:53.785395+00:00,0x2A1,0100020000000000
2026-09-25T16:41:53.786851+00:00,0x2A5,000005A6FFFF6DAF
2026-09-25T16:41:53.787667+00:00,0x2A6,000005B3FFFFDCAB
2026-09-25T16:41:53.787917+00:00,0x2A7,000004D300002D15
2026-09-25T16:41:53.788162+00:00,0x2A9,FFFF86E500000000
2026-09-25T16:41:53.790385+00:00,0x2A1,0100020000000000
2026-09-25T16:41:53.793162+00:00,0x2A5,000005A7FFFF6DAF
2026-09-25T16:41:53.793402+00:00,0x2A6,000005B3FFFFDCAB
2026-09-25T16:41:53.793604+00:00,0x2A7,000004D200002D01
2026-09-25T16:41:53.793866+00:00,0x2A9,FFFF86E500000000
2026-09-25T16:41:53.795420+00:00,0x2A1,0100020000000000
2026-09-25T16:41:53.797690+00:00,0x2A5,000005A7FFFF6DAF
2026-09-25T16:41:53.797917+00:00,0x2A6,000005B3FFFFDCAB
2026-09-25T16:41:53.798114+00:00,0x2A7,000004D200002D05
2026-09-25T16:41:53.798355+00:00,0x2A9,FFFF86E500000000
2026-09-25T16:41:53.800449+00:00,0x2A1,0100020000000000
2026-09-25T16:41:53.804111+00:00,0x2A5,000005A2FFFF6DAF
2026-09-25T16:41:53.804312+00:00,0x2A6,000005B3FFFFDCAB
2026-09-25T16:41:53.804501+00:00,0x2A7,000004E600002D05
2026-09-25T16:41:53.804864+00:00,0x2A9,FFFF86E500000000
2026-09-25T16:41:53.805352+00:00,0x2A1,0100020000000000
2026-09-25T16:41:53.807647+00:00,0x2A5,000005A8FFFF6DAF
2026-09-25T16:41:53.807865+00:00,0x2A6,000005B3FFFFDCAB
2026-09-25T16:41:53.808110+00:00,0x2A7,000004D100002D13
2026-09-25T16:41:53.808312+00:00,0x2A9,FFFF86E500000000
2026-09-25T16:41:53.810344+00:00,0x2A1,0100020000000000
2026-09-25T16:41:53.813247+00:00,0x2A5,000005A0FFFF6DAF
2026-09-25T16:41:53.813444+00:00,0x2A6,000005B3FFFFDCAB
2026-09-25T16:41:53.813647+00:00,0x2A7,000004E400002CFF
2026-09-25T16:41:53.813865+00:00,0x2A9,FFFF86E500000000
2026-09-25T16:41:53.815591+00:00,0x2A1,0100020000000000
2026-09-25T16:41:53.817689+00:00,0x2A5,000005A0FFFF6DAF
2026-09-25T16:41:53.817917+00:00,0x2A6,000005B3FFFFDCAB
2026-09-25T16:41:53.818161+00:00,0x2A7,000004E400002CFF
2026-09-25T16:41:53.818359+00:00,0x2A9,FFFF86E500000000
2026-09-25T16:41:53.822248+00:00,0x2A1,0100020000000000
2026-09-25T16:41:53.824290+00:00,0x2A5,000005A7FFFF6DAF
2026-09-25T16:41:53.824528+00:00,0x2A6,000005B3FFFFDCAB
2026-09-25T16:41:53.824734+00:00,0x2A7,000004CF00002D13
2026-09-25T16:41:53.824961+00:00,0x2A9,FFFF86E500000000
2026-09-25T16:41:53.825334+00:00,0x2A1,0100020000000000
2026-09-25T16:41:53.827550+00:00,0x2A5,000005A2FFFF6DAF
2026-09-25T16:41:53.827841+00:00,0x2A6,000005B3FFFFDCAB
2026-09-25T16:41:53.828003+00:00,0x2A7,000004D200002CFF
2026-09-25T16:41:53.828204+00:00,0x2A9,FFFF86E500000000
2026-09-25T16:41:53.830569+00:00,0x2A1,0100020000000000
2026-09-25T16:41:53.832961+00:00,0x2A5,000005A2FFFF6DAF
2026-09-25T16:41:53.833162+00:00,0x2A6,000005B3FFFFDCAB
2026-09-25T16:41:53.833401+00:00,0x2A7,000004D200002D16
2026-09-25T16:41:53.833604+00:00,0x2A9,FFFF86E500000000
2026-09-25T16:41:53.835449+00:00,0x2A1,0100020000000000
2026-09-25T16:41:53.838090+00:00,0x2A5,000005A6FFFF6DAF
2026-09-25T16:41:53.838333+00:00,0x2A6,000005B3FFFFDCAB
2026-09-25T16:41:53.838581+00:00,0x2A7,000004E000002D16
2026-09-25T16:41:53.838864+00:00,0x2A9,FFFF86E500000000
2026-09-25T16:41:53.840463+00:00,0x2A1,0100020000000000
2026-09-25T16:41:53.842876+00:00,0x2A5,000005A1FFFF6DAF
2026-09-25T16:41:53.843004+00:00,0x2A6,000005B3FFFFDCAB
2026-09-25T16:41:53.843205+00:00,0x2A7,000004D200002D02
2026-09-25T16:41:53.843483+00:00,0x2A9,FFFF86E500000000
2026-09-25T16:41:53.845917+00:00,0x2A1,0100020000000000
2026-09-25T16:41:53.848312+00:00,0x2A5,000005A7FFFF6DAF
2026-09-25T16:41:53.848501+00:00,0x2A6,000005B3FFFFDCAB
2026-09-25T16:41:53.848838+00:00,0x2A7,000004E300002D0D
2026-09-25T16:41:53.849003+00:00,0x2A9,FFFF86E500000000
2026-09-25T16:41:53.850386+00:00,0x2A1,0100020000000000
2026-09-25T16:41:53.853528+00:00,0x2A5,000005A7FFFF6DAF
2026-09-25T16:41:53.853841+00:00,0x2A6,000005B3FFFFDCAB
2026-09-25T16:41:53.854003+00:00,0x2A7,000004D000002D0D
2026-09-25T16:41:53.854204+00:00,0x2A9,FFFF86E500000000
2026-09-25T16:41:53.855364+00:00,0x2A1,0100020000000000
2026-09-25T16:41:53.857689+00:00,0x2A5,000005A2FFFF6DAF
2026-09-25T16:41:53.857916+00:00,0x2A6,000005B3FFFFDCAB
2026-09-25T16:41:53.858113+00:00,0x2A7,000004D000002D0A
2026-09-25T16:41:53.858355+00:00,0x2A9,FFFF86E500000000
2026-09-25T16:41:53.863248+00:00,0x2A1,0100020000000000
2026-09-25T16:41:53.864359+00:00,0x2A5,000005A7FFFF6DAF
2026-09-25T16:41:53.864606+00:00,0x2A6,000005B3FFFFDCAB
2026-09-25T16:41:53.864851+00:00,0x2A7,000004D800002D01
2026-09-25T16:41:53.865047+00:00,0x2A9,FFFF86E500000000
2026-09-25T16:41:53.865420+00:00,0x2A1,0100020000000000
2026-09-25T16:41:53.867550+00:00,0x2A5,000005A7FFFF6DAF
2026-09-25T16:41:53.867840+00:00,0x2A6,000005B3FFFFDCAB
2026-09-25T16:41:53.868003+00:00,0x2A7,000004D800002D14
2026-09-25T16:41:53.868204+00:00,0x2A9,FFFF86E500000000
2026-09-25T16:41:53.870363+00:00,0x2A1,0100020000000000
2026-09-25T16:41:53.873089+00:00,0x2A5,000005A1FFFF6DAF
2026-09-25T16:41:53.873291+00:00,0x2A6,000005B3FFFFDCAB
2026-09-25T16:41:53.873482+00:00,0x2A7,000004DB00002CFE
2026-09-25T16:41:53.873732+00:00,0x2A9,FFFF86E500000000
2026-09-25T16:41:53.875334+00:00,0x2A1,0100020000000000
2026-09-25T16:41:53.877480+00:00,0x2A5,000005A6FFFF6DAF
2026-09-25T16:41:53.877733+00:00,0x2A6,000005B3FFFFDCAB
2026-09-25T16:41:53.877960+00:00,0x2A7,000004CF00002CFE
2026-09-25T16:41:53.878162+00:00,0x2A9,FFFF86E500000000
2026-09-25T16:41:53.881356+00:00,0x2A1,0100020000000000
2026-09-25T16:41:53.884161+00:00,0x2A5,000005A2FFFF6DAF
2026-09-25T16:41:53.884402+00:00,0x2A6,000005B3FFFFDCAB
2026-09-25T16:41:53.884604+00:00,0x2A7,000004E400002D18
2026-09-25T16:41:53.884844+00:00,0x2A9,FFFF86E500000000
2026-09-25T16:41:53.885352+00:00,0x2A1,0100020000000000
2026-09-25T16:41:53.887689+00:00,0x2A5,000005A2FFFF6DAF
2026-09-25T16:41:53.887917+00:00,0x2A6,000005B3FFFFDCAB
2026-09-25T16:41:53.888113+00:00,0x2A7,000004E400002D18
2026-09-25T16:41:53.888355+00:00,0x2A9,FFFF86E500000000
2026-09-25T16:41:53.890449+00:00,0x2A1,0100020000000000
2026-09-25T16:41:53.891627+00:00,0x2A5,000005A6FFFF6DAF
2026-09-25T16:41:53.893864+00:00,0x2A6,000005B3FFFFDCAB
2026-09-25T16:41:53.894156+00:00,0x2A7,000004CF00002D18
2026-09-25T16:41:53.894645+00:00,0x2A9,FFFF86E500000000
2026-09-25T16:41:53.895687+00:00,0x2A1,0100020000000000
2026-09-25T16:41:53.898334+00:00,0x2A5,000005A6FFFF6DAF
2026-09-25T16:41:53.898580+00:00,0x2A6,000005B3FFFFDCAB
2026-09-25T16:41:53.898842+00:00,0x2A7,000004E100002D14
2026-09-25T16:41:53.899089+00:00,0x2A9,FFFF86E500000000
2026-09-25T16:41:53.901104+00:00,0x2A1,0100020000000000
2026-09-25T16:41:53.903204+00:00,0x2A5,000005A6FFFF6DAF
2026-09-25T16:41:53.903401+00:00,0x2A6,000005B3FFFFDCAB
2026-09-25T16:41:53.903603+00:00,0x2A7,000004E100002D08
2026-09-25T16:41:53.903843+00:00,0x2A9,FFFF86E500000000
2026-09-25T16:41:53.905647+00:00,0x2A1,0100020000000000
2026-09-25T16:41:53.907689+00:00,0x2A5,000005A4FFFF6DAF
2026-09-25T16:41:53.907960+00:00,0x2A6,000005B3FFFFDCAB
2026-09-25T16:41:53.908161+00:00,0x2A7,000004D100002D08
2026-09-25T16:41:53.908358+00:00,0x2A9,FFFF86E500000000
2026-09-25T16:41:53.910378+00:00,0x2A1,0100020000000000
2026-09-25T16:41:53.913504+00:00,0x2A5,000005A7FFFF6DAF
2026-09-25T16:41:53.913709+00:00,0x2A6,000005B3FFFFDCAB
2026-09-25T16:41:53.913961+00:00,0x2A7,000004D100002D06
2026-09-25T16:41:53.914162+00:00,0x2A9,FFFF86E500000000
2026-09-25T16:41:53.915389+00:00,0x2A1,0100020000000000
2026-09-25T16:41:53.917689+00:00,0x2A5,000005A3FFFF6DAF
2026-09-25T16:41:53.917917+00:00,0x2A6,000005B3FFFFDCAB
2026-09-25T16:41:53.918113+00:00,0x2A7,000004E300002D16
2026-09-25T16:41:53.918313+00:00,0x2A9,FFFF86E500000000
2026-09-25T16:41:53.920487+00:00,0x2A1,0100020000000000
2026-09-25T16:41:53.922841+00:00,0x2A5,000005A3FFFF6DAF
2026-09-25T16:41:53.923046+00:00,0x2A6,000005B3FFFFDCAB
2026-09-25T16:41:53.923247+00:00,0x2A7,000004E300002CFE
2026-09-25T16:41:53.923444+00:00,0x2A9,FFFF86E500000000
2026-09-25T16:41:53.925528+00:00,0x2A1,0100020000000000
2026-09-25T16:41:53.927603+00:00,0x2A5,000005A7FFFF6DAF
2026-09-25T16:41:53.927844+00:00,0x2A6,000005B3FFFFDCAB
2026-09-25T16:41:53.928046+00:00,0x2A7,000004D200002CFE
2026-09-25T16:41:53.928290+00:00,0x2A9,FFFF86E500000000
2026-09-25T16:41:53.930405+00:00,0x2A1,0100020000000000
2026-09-25T16:41:53.933204+00:00,0x2A5,000005A2FFFF6DAF
2026-09-25T16:41:53.933404+00:00,0x2A6,000005B3FFFFDCAB
2026-09-25T16:41:53.933604+00:00,0x2A7,000004E000002D1A
2026-09-25T16:41:53.933844+00:00,0x2A9,FFFF86E500000000
2026-09-25T16:41:53.935499+00:00,0x2A1,0100020000000000
2026-09-25T16:41:53.937550+00:00,0x2A5,000005A2FFFF6DAF
2026-09-25T16:41:53.937841+00:00,0x2A6,000005B3FFFFDCAB
2026-09-25T16:41:53.938046+00:00,0x2A7,000004E000002CFE
2026-09-25T16:41:53.938245+00:00,0x2A9,FFFF86E500000000
2026-09-25T16:41:53.940627+00:00,0x2A1,0100020000000000
2026-09-25T16:41:53.944247+00:00,0x2A5,000005A6FFFF6DAF
2026-09-25T16:41:53.944487+00:00,0x2A6,000005B3FFFFDCAB
2026-09-25T16:41:53.944733+00:00,0x2A7,000004D200002D16
2026-09-25T16:41:53.945003+00:00,0x2A9,FFFF86E500000000
2026-09-25T16:41:53.945840+00:00,0x2A1,0100020000000000
2026-09-25T16:41:53.948090+00:00,0x2A5,000005A2FFFF6DAF
2026-09-25T16:41:53.948558+00:00,0x2A6,000005B3FFFFDCAB
2026-09-25T16:41:53.948836+00:00,0x2A7,000004D200002D16
2026-09-25T16:41:53.949079+00:00,0x2A9,FFFF86E500000000
2026-09-25T16:41:53.950444+00:00,0x2A1,0100020000000000
2026-09-25T16:41:53.952162+00:00,0x2A5,000005A6FFFF6DAF
2026-09-25T16:41:53.952401+00:00,0x2A6,000005B3FFFFDCAB
2026-09-25T16:41:53.952646+00:00,0x2A7,000004DF00002CFF
2026-09-25T16:41:53.952865+00:00,0x2A9,FFFF86E500000000
2026-09-25T16:41:53.955388+00:00,0x2A1,0100020000000000
2026-09-25T16:41:53.957646+00:00,0x2A5,000005A6FFFF6DAF
2026-09-25T16:41:53.957865+00:00,0x2A6,000005B3FFFFDCAB
2026-09-25T16:41:53.958067+00:00,0x2A7,000004DF00002CFF
2026-09-25T16:41:53.958312+00:00,0x2A9,FFFF86E500000000
2026-09-25T16:41:53.960449+00:00,0x2A1,0100020000000000
2026-09-25T16:41:53.964484+00:00,0x2A5,000005A2FFFF6DAF
2026-09-25T16:41:53.964689+00:00,0x2A6,000005B3FFFFDCAB
2026-09-25T16:41:53.964917+00:00,0x2A7,000004D300002D0A
2026-09-25T16:41:53.965162+00:00,0x2A9,FFFF86E500000000
2026-09-25T16:41:53.965402+00:00,0x2A1,0100020000000000
2026-09-25T16:41:53.967550+00:00,0x2A5,000005A6FFFF6DAF
2026-09-25T16:41:53.967840+00:00,0x2A6,000005B3FFFFDCAB
2026-09-25T16:41:53.967960+00:00,0x2A7,000004E200002D10
2026-09-25T16:41:53.968204+00:00,0x2A9,FFFF86E500000000
2026-09-25T16:41:53.970363+00:00,0x2A1,0100020000000000
2026-09-25T16:41:53.973550+00:00,0x2A5,000005A6FFFF6DAF
2026-09-25T16:41:53.973841+00:00,0x2A6,000005B3FFFFDCAB
2026-09-25T16:41:53.974003+00:00,0x2A7,000004D100002CFF
2026-09-25T16:41:53.974247+00:00,0x2A9,FFFF86E500000000
2026-09-25T16:41:53.975363+00:00,0x2A1,0100020000000000
2026-09-25T16:41:53.977605+00:00,0x2A5,000005A1FFFF6DAF
2026-09-25T16:41:53.977851+00:00,0x2A6,000005B3FFFFDCAB
2026-09-25T16:41:53.978004+00:00,0x2A7,000004D100002D15
2026-09-25T16:41:53.978247+00:00,0x2A9,FFFF86E500000000
2026-09-25T16:41:53.980362+00:00,0x2A1,0100020000000000
2026-09-25T16:41:53.984358+00:00,0x2A5,000005A6FFFF6DAF
2026-09-25T16:41:53.984605+00:00,0x2A6,000005B3FFFFDCAB
2026-09-25T16:41:53.984851+00:00,0x2A7,000004D600002D15
2026-09-25T16:41:53.985047+00:00,0x2A9,FFFF86E500000000
2026-09-25T16:41:53.985333+00:00,0x2A1,0100020000000000
2026-09-25T16:41:53.987550+00:00,0x2A5,000005A2FFFF6DAF
2026-09-25T16:41:53.987840+00:00,0x2A6,000005B3FFFFDCAB
2026-09-25T16:41:53.988003+00:00,0x2A7,000004DA00002D00
2026-09-25T16:41:53.988204+00:00,0x2A9,FFFF86E500000000
2026-09-25T16:41:53.990345+00:00,0x2A1,0100020000000000
2026-09-25T16:41:53.993550+00:00,0x2A5,000005A6FFFF6DAF
2026-09-25T16:41:53.993840+00:00,0x2A6,000005B3FFFFDCAB
2026-09-25T16:41:53.994046+00:00,0x2A7,000004D200002D00
2026-09-25T16:41:53.994462+00:00,0x2A9,FFFF86E500000000
2026-09-25T16:41:53.995407+00:00,0x2A1,0100020000000000
2026-09-25T16:41:53.997291+00:00,0x2A5,000005A6FFFF6DAF
2026-09-25T16:41:53.997528+00:00,0x2A6,000005B3FFFFDCAB
2026-09-25T16:41:53.997733+00:00,0x2A7,000004D200002D13
2026-09-25T16:41:53.998003+00:00,0x2A9,FFFF86E500000000
2026-09-25T16:41:54.000420+00:00,0x2A1,0100020000000000
2026-09-25T16:41:54.001445+00:00,0x2A5,000005A2FFFF6DAF
2026-09-25T16:41:54.003904+00:00,0x2A6,000005B3FFFFDCAB
2026-09-25T16:41:54.004153+00:00,0x2A7,000004E300002D01
2026-09-25T16:41:54.004398+00:00,0x2A9,FFFF86E500000000
2026-09-25T16:41:54.006864+00:00,0x2A1,0100020000000000
2026-09-25T16:41:54.008646+00:00,0x2A5,000005A2FFFF6DAF
2026-09-25T16:41:54.008865+00:00,0x2A6,000005B3FFFFDCAB
2026-09-25T16:41:54.009110+00:00,0x2A7,000004E300002D0B
2026-09-25T16:41:54.009313+00:00,0x2A9,FFFF86E500000000
2026-09-25T16:41:54.010377+00:00,0x2A1,0100020000000000
2026-09-25T16:41:54.012960+00:00,0x2A5,000005A7FFFF6DAF
2026-09-25T16:41:54.013851+00:00,0x2A6,000005B3FFFFDCAB
2026-09-25T16:41:54.014047+00:00,0x2A7,000004D200002D0B
2026-09-25T16:41:54.014290+00:00,0x2A9,FFFF86E500000000
2026-09-25T16:41:54.015362+00:00,0x2A1,0100020000000000
2026-09-25T16:41:54.017603+00:00,0x2A5,000005A3FFFF6DAF
2026-09-25T16:41:54.017843+00:00,0x2A6,000005B3FFFFDCAB
2026-09-25T16:41:54.018046+00:00,0x2A7,000004DC00002D0F
2026-09-25T16:41:54.018290+00:00,0x2A9,FFFF86E500000000
2026-09-25T16:41:54.020362+00:00,0x2A1,0100020000000000
2026-09-25T16:41:54.022841+00:00,0x2A5,000005A8FFFF6DAF
2026-09-25T16:41:54.024601+00:00,0x2A6,000005B3FFFFDCAB
2026-09-25T16:41:54.024841+00:00,0x2A7,000004D500002D01
2026-09-25T16:41:54.025046+00:00,0x2A9,FFFF86E500000000
2026-09-25T16:41:54.025333+00:00,0x2A1,0100020000000000
2026-09-25T16:41:54.027689+00:00,0x2A5,000005A8FFFF6DAF
2026-09-25T16:41:54.027917+00:00,0x2A6,000005B3FFFFDCAB
2026-09-25T16:41:54.028162+00:00,0x2A7,000004D000002D01
2026-09-25T16:41:54.028358+00:00,0x2A9,FFFF86E500000000
2026-09-25T16:41:54.030375+00:00,0x2A1,0100020000000000
2026-09-25T16:41:54.033444+00:00,0x2A5,0000059EFFFF6DAF
2026-09-25T16:41:54.033689+00:00,0x2A6,000005B3FFFFDCAB
2026-09-25T16:41:54.033916+00:00,0x2A7,000004D000002D13
2026-09-25T16:41:54.034112+00:00,0x2A9,FFFF86E500000000
2026-09-25T16:41:54.035384+00:00,0x2A1,0100020000000000
2026-09-25T16:41:54.037549+00:00,0x2A5,000005A9FFFF6DAF
2026-09-25T16:41:54.037840+00:00,0x2A6,000005B3FFFFDCAB
2026-09-25T16:41:54.037960+00:00,0x2A7,000004E200002CFF
2026-09-25T16:41:54.038204+00:00,0x2A9,FFFF86E500000000
2026-09-25T16:41:54.040405+00:00,0x2A1,0100020000000000
2026-09-25T16:41:54.043113+00:00,0x2A5,000005A9FFFF6DAF
2026-09-25T16:41:54.043355+00:00,0x2A6,000005B3FFFFDCAB
2026-09-25T16:41:54.043601+00:00,0x2A7,000004D000002D15
2026-09-25T16:41:54.043841+00:00,0x2A9,FFFF86E500000000
2026-09-25T16:41:54.045645+00:00,0x2A1,0100020000000000
2026-09-25T16:41:54.047842+00:00,0x2A5,000005A0FFFF6DAF
2026-09-25T16:41:54.048052+00:00,0x2A6,000005B3FFFFDCAB
2026-09-25T16:41:54.048290+00:00,0x2A7,000004D000002D15
2026-09-25T16:41:54.048580+00:00,0x2A9,FFFF86E500000000
2026-09-25T16:41:54.050462+00:00,0x2A1,0100020000000000
2026-09-25T16:41:54.051670+00:00,0x2A5,000005A8FFFF6DAF
2026-09-25T16:41:54.051916+00:00,0x2A6,000005B3FFFFDCAB
2026-09-25T16:41:54.052444+00:00,0x2A7,000004E100002D00
2026-09-25T16:41:54.052689+00:00,0x2A9,FFFF86E500000000
2026-09-25T16:41:54.055419+00:00,0x2A1,0100020000000000
2026-09-25T16:41:54.058161+00:00,0x2A5,000005A0FFFF6DAF
2026-09-25T16:41:54.058401+00:00,0x2A6,000005B3FFFFDCAB
2026-09-25T16:41:54.058646+00:00,0x2A7,000004D000002D08
2026-09-25T16:41:54.058865+00:00,0x2A9,FFFF86E500000000
2026-09-25T16:41:54.060402+00:00,0x2A1,0100020000000000
2026-09-25T16:41:54.061960+00:00,0x2A5,000005A8FFFF6DAF
2026-09-25T16:41:54.062204+00:00,0x2A6,000005B3FFFFDCAB
2026-09-25T16:41:54.062401+00:00,0x2A7,000004D500002D0A
2026-09-25T16:41:54.062646+00:00,0x2A9,FFFF86E500000000
2026-09-25T16:41:54.066132+00:00,0x2A1,0100020000000000
2026-09-25T16:41:54.068204+00:00,0x2A5,000005A8FFFF6DAF
2026-09-25T16:41:54.068401+00:00,0x2A6,000005B3FFFFDCAB
2026-09-25T16:41:54.068646+00:00,0x2A7,000004D500002D0A
2026-09-25T16:41:54.068843+00:00,0x2A9,FFFF86E500000000
2026-09-25T16:41:54.070419+00:00,0x2A1,0100020000000000
2026-09-25T16:41:54.073067+00:00,0x2A5,000005A0FFFF6DAF
2026-09-25T16:41:54.073269+00:00,0x2A6,000005B3FFFFDCAB
2026-09-25T16:41:54.073501+00:00,0x2A7,000004DE00002D03
2026-09-25T16:41:54.073709+00:00,0x2A9,FFFF86E500000000
2026-09-25T16:41:54.075377+00:00,0x2A1,0100020000000000
2026-09-25T16:41:54.077501+00:00,0x2A5,000005A9FFFF6DAF
2026-09-25T16:41:54.077709+00:00,0x2A6,000005B3FFFFDCAB
2026-09-25T16:41:54.077960+00:00,0x2A7,000004CF00002D14
2026-09-25T16:41:54.078161+00:00,0x2A9,FFFF86E500000000
2026-09-25T16:41:54.080361+00:00,0x2A1,0100020000000000
2026-09-25T16:41:54.083479+00:00,0x2A5,000005A9FFFF6DAF
2026-09-25T16:41:54.083732+00:00,0x2A6,000005B3FFFFDCAB
2026-09-25T16:41:54.083960+00:00,0x2A7,000004CF00002D01
2026-09-25T16:41:54.084161+00:00,0x2A9,FFFF86E500000000
2026-09-25T16:41:54.086003+00:00,0x2A1,0100020000000000
2026-09-25T16:41:54.088047+00:00,0x2A5,000005A1FFFF6DAF
2026-09-25T16:41:54.088247+00:00,0x2A6,000005B3FFFFDCAB
2026-09-25T16:41:54.088479+00:00,0x2A7,000004E400002D01
2026-09-25T16:41:54.088732+00:00,0x2A9,FFFF86E500000000
2026-09-25T16:41:54.090418+00:00,0x2A1,0100020000000000
2026-09-25T16:41:54.093605+00:00,0x2A5,000005A8FFFF6DAF
2026-09-25T16:41:54.093851+00:00,0x2A6,000005B3FFFFDCAB
2026-09-25T16:41:54.094047+00:00,0x2A7,000004D000002D14
2026-09-25T16:41:54.094247+00:00,0x2A9,FFFF86E500000000
2026-09-25T16:41:54.095362+00:00,0x2A1,0100020000000000
2026-09-25T16:41:54.097480+00:00,0x2A5,000005A2FFFF6DAF
2026-09-25T16:41:54.097689+00:00,0x2A6,000005B3FFFFDCAB
2026-09-25T16:41:54.097916+00:00,0x2A7,000004DA00002D01
2026-09-25T16:41:54.098113+00:00,0x2A9,FFFF86E500000000
2026-09-25T16:41:54.100363+00:00,0x2A1,0100020000000000
2026-09-25T16:41:54.104089+00:00,0x2A5,000005A2FFFF6DAF
2026-09-25T16:41:54.104332+00:00,0x2A6,000005B3FFFFDCAB
2026-09-25T16:41:54.104579+00:00,0x2A7,000004DA00002D01
2026-09-25T16:41:54.104841+00:00,0x2A9,FFFF86E500000000
2026-09-25T16:41:54.107362+00:00,0x2A1,0100020000000000
2026-09-25T16:41:54.109601+00:00,0x2A5,000005A6FFFF6DAF
2026-09-25T16:41:54.109916+00:00,0x2A6,000005B3FFFFDCAB
2026-09-25T16:41:54.110161+00:00,0x2A7,000004DD00002D14
2026-09-25T16:41:54.110444+00:00,0x2A9,FFFF86E500000000
2026-09-25T16:41:54.110732+00:00,0x2A1,0100020000000000
2026-09-25T16:41:54.113003+00:00,0x2A5,000005A6FFFF6DAF
2026-09-25T16:41:54.113290+00:00,0x2A6,000005B3FFFFDCAB
2026-09-25T16:41:54.113478+00:00,0x2A7,000004D200002D03
2026-09-25T16:41:54.113732+00:00,0x2A9,FFFF86E500000000
2026-09-25T16:41:54.115376+00:00,0x2A1,0100020000000000
2026-09-25T16:41:54.117841+00:00,0x2A5,000005A2FFFF6DAF
2026-09-25T16:41:54.118046+00:00,0x2A6,000005B3FFFFDCAB
2026-09-25T16:41:54.118290+00:00,0x2A7,000004D200002D03
2026-09-25T16:41:54.118527+00:00,0x2A9,FFFF86E500000000
2026-09-25T16:41:54.120419+00:00,0x2A1,0100020000000000
2026-09-25T16:41:54.122732+00:00,0x2A5,000005A6FFFF6DAF
2026-09-25T16:41:54.122959+00:00,0x2A6,000005B3FFFFDCAB
2026-09-25T16:41:54.123204+00:00,0x2A7,000004E800002D0B
2026-09-25T16:41:54.123444+00:00,0x2A9,FFFF86E500000000
2026-09-25T16:41:54.125376+00:00,0x2A1,0100020000000000
2026-09-25T16:41:54.127646+00:00,0x2A5,000005A1FFFF6DAF
2026-09-25T16:41:54.127865+00:00,0x2A6,000005B3FFFFDCAB
2026-09-25T16:41:54.128067+00:00,0x2A7,000004CF00002D0C
2026-09-25T16:41:54.128466+00:00,0x2A9,FFFF86E500000000
2026-09-25T16:41:54.130363+00:00,0x2A1,0100020000000000
2026-09-25T16:41:54.132444+00:00,0x2A5,000005A6FFFF6DAF
2026-09-25T16:41:54.132689+00:00,0x2A6,000005B3FFFFDCAB
2026-09-25T16:41:54.132917+00:00,0x2A7,000004DE00002D01
2026-09-25T16:41:54.133113+00:00,0x2A9,FFFF86E500000000
2026-09-25T16:41:54.135367+00:00,0x2A1,0100020000000000
2026-09-25T16:41:54.137528+00:00,0x2A5,000005A6FFFF6DAF
2026-09-25T16:41:54.137841+00:00,0x2A6,000005B3FFFFDCAB
2026-09-25T16:41:54.138003+00:00,0x2A7,000004DE00002D01
2026-09-25T16:41:54.138204+00:00,0x2A9,FFFF86E500000000
2026-09-25T16:41:54.140362+00:00,0x2A1,0100020000000000
2026-09-25T16:41:54.143204+00:00,0x2A5,000005A1FFFF6DAF
2026-09-25T16:41:54.143401+00:00,0x2A6,000005B3FFFFDCAB
2026-09-25T16:41:54.143605+00:00,0x2A7,000004D600002D18
2026-09-25T16:41:54.143843+00:00,0x2A9,FFFF86E500000000
2026-09-25T16:41:54.145604+00:00,0x2A1,0100020000000000
2026-09-25T16:41:54.147689+00:00,0x2A5,000005A6FFFF6DAF
2026-09-25T16:41:54.147916+00:00,0x2A6,000005B3FFFFDCAB
2026-09-25T16:41:54.148161+00:00,0x2A7,000004CF00002CFF
2026-09-25T16:41:54.148358+00:00,0x2A9,FFFF86E500000000
2026-09-25T16:41:54.150333+00:00,0x2A1,0100020000000000
2026-09-25T16:41:54.152511+00:00,0x2A5,000005A6FFFF6DAF
2026-09-25T16:41:54.153069+00:00,0x2A6,000005B3FFFFDCAB
2026-09-25T16:41:54.153840+00:00,0x2A7,000004CF00002D16
2026-09-25T16:41:54.154045+00:00,0x2A9,FFFF86E500000000
2026-09-25T16:41:54.155427+00:00,0x2A1,0100020000000000
2026-09-25T16:41:54.158003+00:00,0x2A5,000005A1FFFF6DAF
2026-09-25T16:41:54.158247+00:00,0x2A6,000005B3FFFFDCAB
2026-09-25T16:41:54.158528+00:00,0x2A7,000004EA00002D16
2026-09-25T16:41:54.158733+00:00,0x2A9,FFFF86E500000000
2026-09-25T16:41:54.160377+00:00,0x2A1,0100020000000000
2026-09-25T16:41:54.162113+00:00,0x2A5,000005A6FFFF6DAF
2026-09-25T16:41:54.162355+00:00,0x2A6,000005B3FFFFDCAB
2026-09-25T16:41:54.162601+00:00,0x2A7,000004D000002D02
2026-09-25T16:41:54.162916+00:00,0x2A9,FFFF86E500000000
2026-09-25T16:41:54.165709+00:00,0x2A1,0100020000000000
2026-09-25T16:41:54.167916+00:00,0x2A5,000005A2FFFF6DAF
2026-09-25T16:41:54.168113+00:00,0x2A6,000005B3FFFFDCAB
2026-09-25T16:41:54.168355+00:00,0x2A7,000004DF00002D02
2026-09-25T16:41:54.168550+00:00,0x2A9,FFFF86E500000000
2026-09-25T16:41:54.170377+00:00,0x2A1,0100020000000000
2026-09-25T16:41:54.172646+00:00,0x2A5,000005A2FFFF6DAF
2026-09-25T16:41:54.172865+00:00,0x2A6,000005B3FFFFDCAB
2026-09-25T16:41:54.173067+00:00,0x2A7,000004DF00002D06
2026-09-25T16:41:54.173312+00:00,0x2A9,FFFF86E500000000
2026-09-25T16:41:54.175324+00:00,0x2A1,0100020000000000
2026-09-25T16:41:54.177479+00:00,0x2A5,000005A6FFFF6DAF
2026-09-25T16:41:54.177689+00:00,0x2A6,000005B3FFFFDCAB
2026-09-25T16:41:54.177917+00:00,0x2A7,000004D400002D12
2026-09-25T16:41:54.178161+00:00,0x2A9,FFFF86E500000000
2026-09-25T16:41:54.180362+00:00,0x2A1,0100020000000000
2026-09-25T16:41:54.182528+00:00,0x2A5,000005A2FFFF6DAF
2026-09-25T16:41:54.182733+00:00,0x2A6,000005B3FFFFDCAB
2026-09-25T16:41:54.182960+00:00,0x2A7,000004CF00002CFF
2026-09-25T16:41:54.183204+00:00,0x2A9,FFFF86E500000000
2026-09-25T16:41:54.185351+00:00,0x2A1,0100020000000000
2026-09-25T16:41:54.187479+00:00,0x2A5,000005A2FFFF6DAF
2026-09-25T16:41:54.187732+00:00,0x2A6,000005B3FFFFDCAB
2026-09-25T16:41:54.187917+00:00,0x2A7,000004CF00002D19
2026-09-25T16:41:54.188161+00:00,0x2A9,FFFF86E500000000
2026-09-25T16:41:54.190362+00:00,0x2A1,0100020000000000
2026-09-25T16:41:54.192549+00:00,0x2A5,000005A6FFFF6DAF
2026-09-25T16:41:54.192840+00:00,0x2A6,000005B3FFFFDCAB
2026-09-25T16:41:54.192960+00:00,0x2A7,000004E600002D19
2026-09-25T16:41:54.193204+00:00,0x2A9,FFFF86E500000000
2026-09-25T16:41:54.195377+00:00,0x2A1,0100020000000000
2026-09-25T16:41:54.197485+00:00,0x2A5,000005A6FFFF6DAF
2026-09-25T16:41:54.197692+00:00,0x2A6,000005B3FFFFDCAB
2026-09-25T16:41:54.197960+00:00,0x2A7,000004D000002CFE
2026-09-25T16:41:54.198161+00:00,0x2A9,FFFF86E500000000
2026-09-25T16:41:54.200363+00:00,0x2A1,0100020000000000
2026-09-25T16:41:54.203312+00:00,0x2A5,000005A3FFFF6DAF
2026-09-25T16:41:54.203501+00:00,0x2A6,000005B3FFFFDCAB
2026-09-25T16:41:54.203862+00:00,0x2A7,000004E300002D19
2026-09-25T16:41:54.203959+00:00,0x2A9,FFFF86E500000000
2026-09-25T16:41:54.205840+00:00,0x2A1,0100020000000000
2026-09-25T16:41:54.208046+00:00,0x2A5,000005A3FFFF6DAF
2026-09-25T16:41:54.208333+00:00,0x2A6,000005B3FFFFDCAB
2026-09-25T16:41:54.208623+00:00,0x2A7,000004E300002D19
2026-09-25T16:41:54.208863+00:00,0x2A9,FFFF86E500000000
2026-09-25T16:41:54.210463+00:00,0x2A1,0100020000000000
2026-09-25T16:41:54.213865+00:00,0x2A5,000005A6FFFF6DAF
2026-09-25T16:41:54.214089+00:00,0x2A6,000005B3FFFFDCAB
2026-09-25T16:41:54.214376+00:00,0x2A7,000004CF00002CFF
2026-09-25T16:41:54.214623+00:00,0x2A9,FFFF86E500000000
2026-09-25T16:41:54.215763+00:00,0x2A1,0100020000000000
2026-09-25T16:41:54.218355+00:00,0x2A5,000005A2FFFF6DAF
2026-09-25T16:41:54.218601+00:00,0x2A6,000005B3FFFFDCAB
2026-09-25T16:41:54.218841+00:00,0x2A7,000004D700002D0E
2026-09-25T16:41:54.219089+00:00,0x2A9,FFFF86E500000000
2026-09-25T16:41:54.220384+00:00,0x2A1,0100020000000000
2026-09-25T16:41:54.223486+00:00,0x2A5,000005A2FFFF6DAF
2026-09-25T16:41:54.223732+00:00,0x2A6,000005B3FFFFDCAB
2026-09-25T16:41:54.223960+00:00,0x2A7,000004D700002D0B
2026-09-25T16:41:54.224161+00:00,0x2A9,FFFF86E500000000
2026-09-25T16:41:54.226046+00:00,0x2A1,0100020000000000
2026-09-25T16:41:54.228161+00:00,0x2A5,000005A6FFFF6DAF
2026-09-25T16:41:54.228354+00:00,0x2A6,000005B3FFFFDCAB
2026-09-25T16:41:54.228553+00:00,0x2A7,000004DD00002D0B
2026-09-25T16:41:54.228856+00:00,0x2A9,FFFF86E500000000
2026-09-25T16:41:54.230383+00:00,0x2A1,0100020000000000
2026-09-25T16:41:54.232689+00:00,0x2A5,000005A3FFFF6DAF
2026-09-25T16:41:54.232916+00:00,0x2A6,000005B3FFFFDCAB
2026-09-25T16:41:54.233113+00:00,0x2A7,000004CE00002D00
2026-09-25T16:41:54.233312+00:00,0x2A9,FFFF86E500000000
2026-09-25T16:41:54.235340+00:00,0x2A1,0100020000000000
2026-09-25T16:41:54.237443+00:00,0x2A5,000005A8FFFF6DAF
2026-09-25T16:41:54.237646+00:00,0x2A6,000005B3FFFFDCAB
2026-09-25T16:41:54.237865+00:00,0x2A7,000004E900002D18
2026-09-25T16:41:54.238067+00:00,0x2A9,FFFF86E500000000
2026-09-25T16:41:54.240362+00:00,0x2A1,0100020000000000
2026-09-25T16:41:54.243377+00:00,0x2A5,000005A8FFFF6DAF
2026-09-25T16:41:54.243623+00:00,0x2A6,000005B3FFFFDCAB
2026-09-25T16:41:54.243841+00:00,0x2A7,000004E900002D18
2026-09-25T16:41:54.244132+00:00,0x2A9,FFFF86E500000000
2026-09-25T16:41:54.245999+00:00,0x2A1,0100020000000000
2026-09-25T16:41:54.247916+00:00,0x2A5,0000059FFFFF6DAF
2026-09-25T16:41:54.248161+00:00,0x2A6,000005B3FFFFDCAB
2026-09-25T16:41:54.248358+00:00,0x2A7,000004D000002D00
2026-09-25T16:41:54.248553+00:00,0x2A9,FFFF86E500000000
2026-09-25T16:41:54.250332+00:00,0x2A1,0100020000000000
2026-09-25T16:41:54.253067+00:00,0x2A5,000005A9FFFF6DAF
2026-09-25T16:41:54.253312+00:00,0x2A6,000005B3FFFFDCAB
2026-09-25T16:41:54.253500+00:00,0x2A7,000004D800002D18
2026-09-25T16:41:54.253709+00:00,0x2A9,FFFF86E500000000
2026-09-25T16:41:54.255376+00:00,0x2A1,0100020000000000
2026-09-25T16:41:54.257483+00:00,0x2A5,000005A9FFFF6DAF
2026-09-25T16:41:54.257732+00:00,0x2A6,000005B3FFFFDCAB
2026-09-25T16:41:54.257916+00:00,0x2A7,000004D800002CFD
2026-09-25T16:41:54.258161+00:00,0x2A9,FFFF86E500000000
2026-09-25T16:41:54.260406+00:00,0x2A1,0100020000000000
2026-09-25T16:41:54.262333+00:00,0x2A5,000005A3FFFF6DAF
2026-09-25T16:41:54.262667+00:00,0x2A6,000005B3FFFFDCAB
2026-09-25T16:41:54.262916+00:00,0x2A7,000004DB00002CFD
2026-09-25T16:41:54.263161+00:00,0x2A9,FFFF86E500000000
2026-09-25T16:41:54.266153+00:00,0x2A1,0100020000000000
2026-09-25T16:41:54.266441+00:00,0x2A5,000005A5FFFF6DAF
2026-09-25T16:41:54.268478+00:00,0x2A6,000005B3FFFFDCAB
2026-09-25T16:41:54.268731+00:00,0x2A7,000004D200002D18
2026-09-25T16:41:54.269003+00:00,0x2A9,FFFF86E500000000
2026-09-25T16:41:54.270452+00:00,0x2A1,0100020000000000
2026-09-25T16:41:54.273203+00:00,0x2A5,000005A6FFFF6DAF
2026-09-25T16:41:54.273401+00:00,0x2A6,000005B3FFFFDCAB
2026-09-25T16:41:54.273646+00:00,0x2A7,000004E100002D01
2026-09-25T16:41:54.273865+00:00,0x2A9,FFFF86E500000000
2026-09-25T16:41:54.275387+00:00,0x2A1,0100020000000000
2026-09-25T16:41:54.277444+00:00,0x2A5,000005A6FFFF6DAF
2026-09-25T16:41:54.277689+00:00,0x2A6,000005B3FFFFDCAB
2026-09-25T16:41:54.277915+00:00,0x2A7,000004E100002D01
2026-09-25T16:41:54.278112+00:00,0x2A9,FFFF86E500000000
2026-09-25T16:41:54.280362+00:00,0x2A1,0100020000000000
2026-09-25T16:41:54.282528+00:00,0x2A5,000005A7FFFF6DAF
2026-09-25T16:41:54.282840+00:00,0x2A6,000005B3FFFFDCAB
2026-09-25T16:41:54.283046+00:00,0x2A7,000004D100002D0C
2026-09-25T16:41:54.283290+00:00,0x2A9,FFFF86E500000000
2026-09-25T16:41:54.285333+00:00,0x2A1,0100020000000000
2026-09-25T16:41:54.287483+00:00,0x2A5,000005A2FFFF6DAF
2026-09-25T16:41:54.287689+00:00,0x2A6,000005B3FFFFDCAB
2026-09-25T16:41:54.287916+00:00,0x2A7,000004DA00002D0A
2026-09-25T16:41:54.288161+00:00,0x2A9,FFFF86E500000000
2026-09-25T16:41:54.290362+00:00,0x2A1,0100020000000000
2026-09-25T16:41:54.293112+00:00,0x2A5,000005A2FFFF6DAF
2026-09-25T16:41:54.293311+00:00,0x2A6,000005B3FFFFDCAB
2026-09-25T16:41:54.293549+00:00,0x2A7,000004DA00002CFF
2026-09-25T16:41:54.293839+00:00,0x2A9,FFFF86E500000000
2026-09-25T16:41:54.295494+00:00,0x2A1,0100020000000000
2026-09-25T16:41:54.297487+00:00,0x2A5,000005A6FFFF6DAF
2026-09-25T16:41:54.297731+00:00,0x2A6,000005B3FFFFDCAB
2026-09-25T16:41:54.297960+00:00,0x2A7,000004D800002CFF
2026-09-25T16:41:54.298161+00:00,0x2A9,FFFF86E500000000
2026-09-25T16:41:54.300319+00:00,0x2A1,0100020000000000
2026-09-25T16:41:54.302444+00:00,0x2A5,000005A2FFFF6DAF
2026-09-25T16:41:54.302646+00:00,0x2A6,000005B3FFFFDCAB
2026-09-25T16:41:54.302865+00:00,0x2A7,000004D100002D16
2026-09-25T16:41:54.303109+00:00,0x2A9,FFFF86E500000000
2026-09-25T16:41:54.305394+00:00,0x2A1,0100020000000000
2026-09-25T16:41:54.307444+00:00,0x2A5,000005A6FFFF6DAF
2026-09-25T16:41:54.307689+00:00,0x2A6,000005B3FFFFDCAB
2026-09-25T16:41:54.307916+00:00,0x2A7,000004E100002D00
2026-09-25T16:41:54.308113+00:00,0x2A9,FFFF86E500000000
2026-09-25T16:41:54.310406+00:00,0x2A1,0100020000000000
2026-09-25T16:41:54.312689+00:00,0x2A5,000005A6FFFF6DAF
2026-09-25T16:41:54.312916+00:00,0x2A6,000005B3FFFFDCAB
2026-09-25T16:41:54.313113+00:00,0x2A7,000004E100002D00
2026-09-25T16:41:54.313312+00:00,0x2A9,FFFF86E500000000
2026-09-25T16:41:54.315409+00:00,0x2A1,0100020000000000
2026-09-25T16:41:54.318045+00:00,0x2A5,000005A1FFFF6DAF
2026-09-25T16:41:54.318290+00:00,0x2A6,000005B3FFFFDCAB
2026-09-25T16:41:54.318528+00:00,0x2A7,000004D200002D15
2026-09-25T16:41:54.318840+00:00,0x2A9,FFFF86E500000000
2026-09-25T16:41:54.320462+00:00,0x2A1,0100020000000000
2026-09-25T16:41:54.323028+00:00,0x2A5,000005A6FFFF6DAF
2026-09-25T16:41:54.323666+00:00,0x2A6,000005B3FFFFDCAB
2026-09-25T16:41:54.324204+00:00,0x2A7,000004DD00002D00
2026-09-25T16:41:54.324960+00:00,0x2A9,FFFF86E500000000
2026-09-25T16:41:54.327312+00:00,0x2A1,0100020000000000
2026-09-25T16:41:54.328917+00:00,0x2A5,000005A6FFFF6DAF
2026-09-25T16:41:54.329113+00:00,0x2A6,000005B3FFFFDCAB
2026-09-25T16:41:54.329355+00:00,0x2A7,000004DD00002D0F
2026-09-25T16:41:54.329549+00:00,0x2A9,FFFF86E500000000
2026-09-25T16:41:54.330401+00:00,0x2A1,0100020000000000
2026-09-25T16:41:54.333289+00:00,0x2A5,000005A2FFFF6DAF
2026-09-25T16:41:54.333527+00:00,0x2A6,000005B3FFFFDCAB
2026-09-25T16:41:54.333732+00:00,0x2A7,000004D000002D0F
2026-09-25T16:41:54.334002+00:00,0x2A9,FFFF86E500000000
2026-09-25T16:41:54.335384+00:00,0x2A1,0100020000000000
2026-09-25T16:41:54.337646+00:00,0x2A5,000005A6FFFF6DAF
2026-09-25T16:41:54.337865+00:00,0x2A6,000005B3FFFFDCAB
2026-09-25T16:41:54.338067+00:00,0x2A7,000004D100002D09
2026-09-25T16:41:54.338311+00:00,0x2A9,FFFF86E500000000
2026-09-25T16:41:54.340361+00:00,0x2A1,0100020000000000
2026-09-25T16:41:54.342549+00:00,0x2A5,000005A2FFFF6DAF
2026-09-25T16:41:54.342841+00:00,0x2A6,000005B3FFFFDCAB
2026-09-25T16:41:54.343045+00:00,0x2A7,000004E500002D02
2026-09-25T16:41:54.343289+00:00,0x2A9,FFFF86E500000000
2026-09-25T16:41:54.345332+00:00,0x2A1,0100020000000000
2026-09-25T16:41:54.347646+00:00,0x2A5,000005A2FFFF6DAF
2026-09-25T16:41:54.347864+00:00,0x2A6,000005B3FFFFDCAB
2026-09-25T16:41:54.348066+00:00,0x2A7,000004E500002D02
2026-09-25T16:41:54.348311+00:00,0x2A9,FFFF86E500000000
2026-09-25T16:41:54.350361+00:00,0x2A1,0100020000000000
2026-09-25T16:41:54.353203+00:00,0x2A5,000005A7FFFF6DAF
2026-09-25T16:41:54.353400+00:00,0x2A6,000005B3FFFFDCAB
2026-09-25T16:41:54.353645+00:00,0x2A7,000004CE00002D12
2026-09-25T16:41:54.353842+00:00,0x2A9,FFFF86E500000000
2026-09-25T16:41:54.355374+00:00,0x2A1,0100020000000000
2026-09-25T16:41:54.357444+00:00,0x2A5,000005A2FFFF6DAF
2026-09-25T16:41:54.357688+00:00,0x2A6,000005B3FFFFDCAB
2026-09-25T16:41:54.357916+00:00,0x2A7,000004E900002D02
2026-09-25T16:41:54.358112+00:00,0x2A9,FFFF86E500000000
2026-09-25T16:41:54.360361+00:00,0x2A1,0100020000000000
2026-09-25T16:41:54.362548+00:00,0x2A5,000005A2FFFF6DAF
2026-09-25T16:41:54.362839+00:00,0x2A6,000005B3FFFFDCAB
2026-09-25T16:41:54.363045+00:00,0x2A7,000004E900002D12
2026-09-25T16:41:54.363246+00:00,0x2A9,FFFF86E500000000
2026-09-25T16:41:54.365312+00:00,0x2A1,0100020000000000
2026-09-25T16:41:54.367732+00:00,0x2A5,000005A7FFFF6DAF
2026-09-25T16:41:54.368045+00:00,0x2A6,000005B3FFFFDCAB
2026-09-25T16:41:54.368290+00:00,0x2A7,000004D100002D12
2026-09-25T16:41:54.368527+00:00,0x2A9,FFFF86E500000000
2026-09-25T16:41:54.370419+00:00,0x2A1,0100020000000000
2026-09-25T16:41:54.373090+00:00,0x2A5,000005A0FFFF6DAF
2026-09-25T16:41:54.373333+00:00,0x2A6,000005B3FFFFDCAB
2026-09-25T16:41:54.373579+00:00,0x2A7,000004D600002D03
2026-09-25T16:41:54.373841+00:00,0x2A9,FFFF86E500000000
2026-09-25T16:41:54.375462+00:00,0x2A1,0100020000000000
2026-09-25T16:41:54.377916+00:00,0x2A5,000005A8FFFF6DAF
2026-09-25T16:41:54.378160+00:00,0x2A6,000005B3FFFFDCAB
2026-09-25T16:41:54.378400+00:00,0x2A7,000004DD00002D0A
2026-09-25T16:41:54.378646+00:00,0x2A9,FFFF86E500000000
2026-09-25T16:41:54.380375+00:00,0x2A1,0100020000000000
2026-09-25T16:41:54.382500+00:00,0x2A5,000005A8FFFF6DAF
2026-09-25T16:41:54.382864+00:00,0x2A6,000005B3FFFFDCAB
2026-09-25T16:41:54.383046+00:00,0x2A7,000004DD00002D0A
2026-09-25T16:41:54.383290+00:00,0x2A9,FFFF86E500000000
2026-09-25T16:41:54.385328+00:00,0x2A1,0100020000000000
2026-09-25T16:41:54.387500+00:00,0x2A5,000005A4FFFF6DAF
2026-09-25T16:41:54.387709+00:00,0x2A6,000005B3FFFFDCAB
2026-09-25T16:41:54.387916+00:00,0x2A7,000004CE00002D0D
2026-09-25T16:41:54.388161+00:00,0x2A9,FFFF86E500000000
2026-09-25T16:41:54.390362+00:00,0x2A1,0100020000000000
2026-09-25T16:41:54.393110+00:00,0x2A5,000005A6FFFF6DAF
2026-09-25T16:41:54.393312+00:00,0x2A6,000005B3FFFFDCAB
2026-09-25T16:41:54.393500+00:00,0x2A7,000004E600002D06
2026-09-25T16:41:54.393845+00:00,0x2A9,FFFF86E500000000
2026-09-25T16:41:54.395333+00:00,0x2A1,0100020000000000
2026-09-25T16:41:54.397549+00:00,0x2A5,000005A6FFFF6DAF
2026-09-25T16:41:54.397839+00:00,0x2A6,000005B3FFFFDCAB
2026-09-25T16:41:54.398002+00:00,0x2A7,000004E600002D10
2026-09-25T16:41:54.398203+00:00,0x2A9,FFFF86E500000000
2026-09-25T16:41:54.400362+00:00,0x2A1,0100020000000000
2026-09-25T16:41:54.402478+00:00,0x2A5,000005A4FFFF6DAF
2026-09-25T16:41:54.402731+00:00,0x2A6,000005B3FFFFDCAB
2026-09-25T16:41:54.402960+00:00,0x2A7,000004CE00002D10
2026-09-25T16:41:54.403203+00:00,0x2A9,FFFF86E500000000
2026-09-25T16:41:54.405351+00:00,0x2A1,0100020000000000
2026-09-25T16:41:54.407527+00:00,0x2A5,000005A4FFFF6DAF
2026-09-25T16:41:54.407840+00:00,0x2A6,000005B3FFFFDCAB
2026-09-25T16:41:54.408002+00:00,0x2A7,000004DE00002D03
2026-09-25T16:41:54.408204+00:00,0x2A9,FFFF86E500000000
2026-09-25T16:41:54.410362+00:00,0x2A1,0100020000000000
2026-09-25T16:41:54.412840+00:00,0x2A5,000005A9FFFF6DAF
2026-09-25T16:41:54.412959+00:00,0x2A6,000005B3FFFFDCAB
2026-09-25T16:41:54.413203+00:00,0x2A7,000004D600002D10
2026-09-25T16:41:54.413444+00:00,0x2A9,FFFF86E500000000
2026-09-25T16:41:54.415341+00:00,0x2A1,0100020000000000
2026-09-25T16:41:54.417571+00:00,0x2A5,000005A9FFFF6DAF
2026-09-25T16:41:54.417841+00:00,0x2A6,000005B3FFFFDCAB
2026-09-25T16:41:54.418089+00:00,0x2A7,000004D600002D10
2026-09-25T16:41:54.418290+00:00,0x2A9,FFFF86E500000000
2026-09-25T16:41:54.420652+00:00,0x2A1,0100020000000000
2026-09-25T16:41:54.424157+00:00,0x2A5,000005A0FFFF6DAF
2026-09-25T16:41:54.424376+00:00,0x2A6,000005B3FFFFDCAB
2026-09-25T16:41:54.424628+00:00,0x2A7,000004D100002D02
2026-09-25T16:41:54.424917+00:00,0x2A9,FFFF86E500000000
2026-09-25T16:41:54.429319+00:00,0x2A1,0100020000000000
2026-09-25T16:41:54.429682+00:00,0x2A5,000005A7FFFF6DAF
2026-09-25T16:41:54.429945+00:00,0x2A6,000005B3FFFFDCAB
2026-09-25T16:41:54.430274+00:00,0x2A7,000004E400002D0C
2026-09-25T16:41:54.430487+00:00,0x2A9,FFFF86E500000000
2026-09-25T16:41:54.433229+00:00,0x2A1,0100020000000000
2026-09-25T16:41:54.435863+00:00,0x2A5,000005A7FFFF6DAF
2026-09-25T16:41:54.436219+00:00,0x2A6,000005B3FFFFDCAB
2026-09-25T16:41:54.436514+00:00,0x2A7,000004E400002D0C
2026-09-25T16:41:54.436863+00:00,0x2A9,FFFF86E500000000
2026-09-25T16:41:54.438045+00:00,0x2A1,0100020000000000
2026-09-25T16:41:54.438332+00:00,0x2A5,000005A2FFFF6DAF
2026-09-25T16:41:54.438579+00:00,0x2A6,000005B3FFFFDCAB
2026-09-25T16:41:54.438985+00:00,0x2A7,000004CE00002D0C
2026-09-25T16:41:54.439203+00:00,0x2A9,FFFF86E500000000
2026-09-25T16:41:54.441840+00:00,0x2A1,0100020000000000
2026-09-25T16:41:54.446492+00:00,0x2A5,000005A5FFFF6DAF
2026-09-25T16:41:54.446859+00:00,0x2A6,000005B3FFFFDCAB
2026-09-25T16:41:54.447078+00:00,0x2A7,000004E500002D04
2026-09-25T16:41:54.447319+00:00,0x2A9,FFFF86E500000000
2026-09-25T16:41:54.449401+00:00,0x2A1,0100020000000000
2026-09-25T16:41:54.451622+00:00,0x2A5,000005A5FFFF6DAF
2026-09-25T16:41:54.451862+00:00,0x2A6,000005B3FFFFDCAB
2026-09-25T16:41:54.452109+00:00,0x2A7,000004E500002D12
2026-09-25T16:41:54.452354+00:00,0x2A9,FFFF86E500000000
2026-09-25T16:41:54.452862+00:00,0x2A1,0100020000000000
2026-09-25T16:41:54.455315+00:00,0x2A5,000005A4FFFF6DAF
2026-09-25T16:41:54.455579+00:00,0x2A6,000005B3FFFFDCAB
2026-09-25T16:41:54.455840+00:00,0x2A7,000004D100002D12
2026-09-25T16:41:54.456132+00:00,0x2A9,FFFF86E500000000
2026-09-25T16:41:54.457203+00:00,0x2A1,0100020000000000
2026-09-25T16:41:54.459160+00:00,0x2A5,000005A6FFFF6DAF
2026-09-25T16:41:54.459443+00:00,0x2A6,000005B3FFFFDCAB
2026-09-25T16:41:54.459688+00:00,0x2A7,000004D300002CFF
2026-09-25T16:41:54.459959+00:00,0x2A9,FFFF86E500000000
2026-09-25T16:41:54.460443+00:00,0x2A1,0100020000000000
2026-09-25T16:41:54.463247+00:00,0x2A5,000005A6FFFF6DAF
2026-09-25T16:41:54.463478+00:00,0x2A6,000005B3FFFFDCAB
2026-09-25T16:41:54.463731+00:00,0x2A7,000004E600002D18
2026-09-25T16:41:54.464002+00:00,0x2A9,FFFF86E500000000
2026-09-25T16:41:54.466002+00:00,0x2A1,0100020000000000
2026-09-25T16:41:54.468333+00:00,0x2A5,000005A6FFFF6DAF
2026-09-25T16:41:54.468579+00:00,0x2A6,000005B3FFFFDCAB
2026-09-25T16:41:54.468841+00:00,0x2A7,000004E600002D18
2026-09-25T16:41:54.469045+00:00,0x2A9,FFFF86E500000000
2026-09-25T16:41:54.470470+00:00,0x2A1,0100020000000000
2026-09-25T16:41:54.471873+00:00,0x2A5,000005A6FFFF6DAF
2026-09-25T16:41:54.472203+00:00,0x2A6,000005B3FFFFDCAB
2026-09-25T16:41:54.472443+00:00,0x2A7,000004D100002D00
2026-09-25T16:41:54.472688+00:00,0x2A9,FFFF86E500000000
2026-09-25T16:41:54.475419+00:00,0x2A1,0100020000000000
2026-09-25T16:41:54.478045+00:00,0x2A5,000005A5FFFF6DAF
2026-09-25T16:41:54.478289+00:00,0x2A6,000005B3FFFFDCAB
2026-09-25T16:41:54.478527+00:00,0x2A7,000004E100002D17
2026-09-25T16:41:54.478840+00:00,0x2A9,FFFF86E500000000
2026-09-25T16:41:54.483666+00:00,0x2A5,000005A2FFFF6DAF
2026-09-25T16:41:54.483916+00:00,0x2A6,000005B3FFFFDCAB
2026-09-25T16:41:54.484248+00:00,0x2A1,0100020000000000
2026-09-25T16:41:54.484527+00:00,0x2A7,000004E100002D01
2026-09-25T16:41:54.484732+00:00,0x2A9,FFFF86E500000000
2026-09-25T16:41:54.486916+00:00,0x2A1,0100020000000000
2026-09-25T16:41:54.488915+00:00,0x2A5,000005A2FFFF6DAF
2026-09-25T16:41:54.489444+00:00,0x2A6,000005B3FFFFDCAB
2026-09-25T16:41:54.489688+00:00,0x2A7,000004D200002D01
2026-09-25T16:41:54.489959+00:00,0x2A9,FFFF86E500000000
2026-09-25T16:41:54.490402+00:00,0x2A1,0100020000000000
2026-09-25T16:41:54.493046+00:00,0x2A5,000005A6FFFF6DAF
2026-09-25T16:41:54.493290+00:00,0x2A6,000005B3FFFFDCAB
2026-09-25T16:41:54.493527+00:00,0x2A7,000004D100002D0F
2026-09-25T16:41:54.493732+00:00,0x2A9,FFFF86E500000000
2026-09-25T16:41:54.495344+00:00,0x2A1,0100020000000000
2026-09-25T16:41:54.497478+00:00,0x2A5,000005A5FFFF6DAF
2026-09-25T16:41:54.497731+00:00,0x2A6,000005B3FFFFDCAB
2026-09-25T16:41:54.497959+00:00,0x2A7,000004E400002D05
2026-09-25T16:41:54.498161+00:00,0x2A9,FFFF86E500000000
2026-09-25T16:41:54.500361+00:00,0x2A1,0100020000000000
2026-09-25T16:41:54.502602+00:00,0x2A5,000005A5FFFF6DAF
2026-09-25T16:41:54.502842+00:00,0x2A6,000005B3FFFFDCAB
2026-09-25T16:41:54.503088+00:00,0x2A7,000004E400002D04
2026-09-25T16:41:54.503289+00:00,0x2A9,FFFF86E500000000
2026-09-25T16:41:54.505478+00:00,0x2A1,0100020000000000
2026-09-25T16:41:54.507500+00:00,0x2A5,000005A6FFFF6DAF
2026-09-25T16:41:54.507838+00:00,0x2A6,000005B3FFFFDCAB
2026-09-25T16:41:54.507959+00:00,0x2A7,000004CF00002D04
2026-09-25T16:41:54.508161+00:00,0x2A9,FFFF86E500000000
2026-09-25T16:41:54.510362+00:00,0x2A1,0100020000000000
2026-09-25T16:41:54.513246+00:00,0x2A5,000005A4FFFF6DAF
2026-09-25T16:41:54.513443+00:00,0x2A6,000005B3FFFFDCAB
2026-09-25T16:41:54.513688+00:00,0x2A7,000004E400002D12
2026-09-25T16:41:54.513916+00:00,0x2A9,FFFF86E500000000
2026-09-25T16:41:54.515340+00:00,0x2A1,0100020000000000
2026-09-25T16:41:54.517839+00:00,0x2A5,000005A4FFFF6DAF
2026-09-25T16:41:54.518002+00:00,0x2A6,000005B3FFFFDCAB
2026-09-25T16:41:54.518203+00:00,0x2A7,000004E400002D01
2026-09-25T16:41:54.518443+00:00,0x2A9,FFFF86E500000000
2026-09-25T16:41:54.520345+00:00,0x2A1,0100020000000000
2026-09-25T16:41:54.522443+00:00,0x2A5,000005A6FFFF6DAF
2026-09-25T16:41:54.522645+00:00,0x2A6,000005B3FFFFDCAB
2026-09-25T16:41:54.522865+00:00,0x2A7,000004D200002D01
2026-09-25T16:41:54.523109+00:00,0x2A9,FFFF86E500000000
2026-09-25T16:41:54.525600+00:00,0x2A1,0100020000000000
2026-09-25T16:41:54.527864+00:00,0x2A5,000005A2FFFF6DAF
2026-09-25T16:41:54.527960+00:00,0x2A6,000005B3FFFFDCAB
2026-09-25T16:41:54.528161+00:00,0x2A7,000004D700002D16
2026-09-25T16:41:54.528400+00:00,0x2A9,FFFF86E500000000
2026-09-25T16:41:54.530360+00:00,0x2A1,0100020000000000
2026-09-25T16:41:54.533246+00:00,0x2A5,000005A7FFFF6DAF
2026-09-25T16:41:54.533482+00:00,0x2A6,000005B3FFFFDCAB
2026-09-25T16:41:54.533689+00:00,0x2A7,000004D900002D00
2026-09-25T16:41:54.533959+00:00,0x2A9,FFFF86E500000000
2026-09-25T16:41:54.535426+00:00,0x2A1,0100020000000000
2026-09-25T16:41:54.538045+00:00,0x2A5,000005A7FFFF6DAF
2026-09-25T16:41:54.538332+00:00,0x2A6,000005B3FFFFDCAB
2026-09-25T16:41:54.538571+00:00,0x2A7,000004D900002D00
2026-09-25T16:41:54.539088+00:00,0x2A9,FFFF86E500000000
2026-09-25T16:41:54.540427+00:00,0x2A1,0100020000000000
2026-09-25T16:41:54.542959+00:00,0x2A5,000005A3FFFF6DAF
2026-09-25T16:41:54.543246+00:00,0x2A6,000005B3FFFFDCAB
2026-09-25T16:41:54.543527+00:00,0x2A7,000004CF00002D16
2026-09-25T16:41:54.543839+00:00,0x2A9,FFFF86E500000000
2026-09-25T16:41:54.546553+00:00,0x2A1,0100020000000000
2026-09-25T16:41:54.548602+00:00,0x2A5,000005A7FFFF6DAF
2026-09-25T16:41:54.548842+00:00,0x2A6,000005B3FFFFDCAB
2026-09-25T16:41:54.549045+00:00,0x2A7,000004E600002D00
2026-09-25T16:41:54.549246+00:00,0x2A9,FFFF86E500000000
2026-09-25T16:41:54.550361+00:00,0x2A1,0100020000000000
2026-09-25T16:41:54.552959+00:00,0x2A5,000005A7FFFF6DAF
2026-09-25T16:41:54.553203+00:00,0x2A6,000005B3FFFFDCAB
2026-09-25T16:41:54.553444+00:00,0x2A7,000004E600002D10
2026-09-25T16:41:54.553642+00:00,0x2A9,FFFF86E500000000
2026-09-25T16:41:54.555339+00:00,0x2A1,0100020000000000
2026-09-25T16:41:54.557548+00:00,0x2A5,000005A3FFFF6DAF
2026-09-25T16:41:54.557839+00:00,0x2A6,000005B3FFFFDCAB
2026-09-25T16:41:54.558002+00:00,0x2A7,000004CF00002D10
2026-09-25T16:41:54.558203+00:00,0x2A9,FFFF86E500000000
2026-09-25T16:41:54.560365+00:00,0x2A1,0100020000000000
2026-09-25T16:41:54.562477+00:00,0x2A5,000005A7FFFF6DAF
2026-09-25T16:41:54.562732+00:00,0x2A6,000005B3FFFFDCAB
2026-09-25T16:41:54.562959+00:00,0x2A7,000004E000002D09
2026-09-25T16:41:54.563203+00:00,0x2A9,FFFF86E500000000
2026-09-25T16:41:54.565915+00:00,0x2A1,0100020000000000
2026-09-25T16:41:54.567915+00:00,0x2A5,000005A2FFFF6DAF
2026-09-25T16:41:54.568160+00:00,0x2A6,000005B3FFFFDCAB
2026-09-25T16:41:54.568357+00:00,0x2A7,000004D500002D02
2026-09-25T16:41:54.568552+00:00,0x2A9,FFFF86E500000000
2026-09-25T16:41:54.570334+00:00,0x2A1,0100020000000000
2026-09-25T16:41:54.573548+00:00,0x2A5,000005A2FFFF6DAF
2026-09-25T16:41:54.573839+00:00,0x2A6,000005B3FFFFDCAB
2026-09-25T16:41:54.574002+00:00,0x2A7,000004D500002D02
2026-09-25T16:41:54.574246+00:00,0x2A9,FFFF86E500000000
2026-09-25T16:41:54.575361+00:00,0x2A1,0100020000000000
2026-09-25T16:41:54.577545+00:00,0x2A5,000005A6FFFF6DAF
2026-09-25T16:41:54.577840+00:00,0x2A6,000005B3FFFFDCAB
2026-09-25T16:41:54.578002+00:00,0x2A7,000004D200002D14
2026-09-25T16:41:54.578246+00:00,0x2A9,FFFF86E500000000
2026-09-25T16:41:54.580319+00:00,0x2A1,0100020000000000
2026-09-25T16:41:54.582443+00:00,0x2A5,000005A2FFFF6DAF
2026-09-25T16:41:54.582688+00:00,0x2A6,000005B3FFFFDCAB
2026-09-25T16:41:54.582915+00:00,0x2A7,000004E300002D01
2026-09-25T16:41:54.583160+00:00,0x2A9,FFFF86E500000000
2026-09-25T16:41:54.586436+00:00,0x2A1,0100020000000000
2026-09-25T16:41:54.586684+00:00,0x2A5,000005A2FFFF6DAF
2026-09-25T16:41:54.586991+00:00,0x2A6,000005B3FFFFDCAB
2026-09-25T16:41:54.587469+00:00,0x2A7,000004E300002D18
2026-09-25T16:41:54.587874+00:00,0x2A9,FFFF86E500000000
2026-09-25T16:41:54.590417+00:00,0x2A1,0100020000000000
2026-09-25T16:41:54.593152+00:00,0x2A5,000005A7FFFF6DAF
2026-09-25T16:41:54.593354+00:00,0x2A6,000005B3FFFFDCAB
2026-09-25T16:41:54.593600+00:00,0x2A7,000004D100002D18
2026-09-25T16:41:54.593939+00:00,0x2A9,FFFF86E500000000
2026-09-25T16:41:54.595419+00:00,0x2A1,0100020000000000
2026-09-25T16:41:54.597903+00:00,0x2A5,000005A1FFFF6DAF
2026-09-25T16:41:54.598152+00:00,0x2A6,000005B3FFFFDCAB
2026-09-25T16:41:54.598354+00:00,0x2A7,000004DA00002D01
2026-09-25T16:41:54.598548+00:00,0x2A9,FFFF86E500000000
2026-09-25T16:41:54.601203+00:00,0x2A1,0100020000000000
2026-09-25T16:41:54.603002+00:00,0x2A5,000005A6FFFF6DAF
2026-09-25T16:41:54.603246+00:00,0x2A6,000005B3FFFFDCAB
2026-09-25T16:41:54.603486+00:00,0x2A7,000004D600002D10
2026-09-25T16:41:54.603688+00:00,0x2A9,FFFF86E500000000
2026-09-25T16:41:54.606088+00:00,0x2A1,0100020000000000
2026-09-25T16:41:54.608203+00:00,0x2A5,000005A6FFFF6DAF
2026-09-25T16:41:54.608400+00:00,0x2A6,000005B3FFFFDCAB
2026-09-25T16:41:54.608645+00:00,0x2A7,000004D600002D0A
2026-09-25T16:41:54.608864+00:00,0x2A9,FFFF86E500000000
2026-09-25T16:41:54.610374+00:00,0x2A1,0100020000000000
2026-09-25T16:41:54.613403+00:00,0x2A5,000005A1FFFF6DAF
2026-09-25T16:41:54.613602+00:00,0x2A6,000005B3FFFFDCAB
2026-09-25T16:41:54.613842+00:00,0x2A7,000004D300002D0A
2026-09-25T16:41:54.614045+00:00,0x2A9,FFFF86E500000000
2026-09-25T16:41:54.615340+00:00,0x2A1,0100020000000000
2026-09-25T16:41:54.617499+00:00,0x2A5,000005A8FFFF6DAF
2026-09-25T16:41:54.617843+00:00,0x2A6,000005B3FFFFDCAB
2026-09-25T16:41:54.617948+00:00,0x2A7,000004E600002D03
2026-09-25T16:41:54.618203+00:00,0x2A9,FFFF86E500000000
2026-09-25T16:41:54.620361+00:00,0x2A1,0100020000000000
2026-09-25T16:41:54.622915+00:00,0x2A5,000005A8FFFF6DAF
2026-09-25T16:41:54.623112+00:00,0x2A6,000005B3FFFFDCAB
2026-09-25T16:41:54.623311+00:00,0x2A7,000004E600002D11
2026-09-25T16:41:54.623548+00:00,0x2A9,FFFF86E500000000
2026-09-25T16:41:54.626332+00:00,0x2A1,0100020000000000
2026-09-25T16:41:54.628400+00:00,0x2A5,000005A1FFFF6DAF
2026-09-25T16:41:54.628602+00:00,0x2A6,000005B3FFFFDCAB
2026-09-25T16:41:54.628842+00:00,0x2A7,000004D100002D11
2026-09-25T16:41:54.629045+00:00,0x2A9,FFFF86E500000000
2026-09-25T16:41:54.630384+00:00,0x2A1,0100020000000000
2026-09-25T16:41:54.633246+00:00,0x2A5,000005A8FFFF6DAF
2026-09-25T16:41:54.633443+00:00,0x2A6,000005B3FFFFDCAB
2026-09-25T16:41:54.633645+00:00,0x2A7,000004E700002D00
2026-09-25T16:41:54.633915+00:00,0x2A9,FFFF86E500000000
2026-09-25T16:41:54.635323+00:00,0x2A1,0100020000000000
2026-09-25T16:41:54.637688+00:00,0x2A5,0000059FFFFF6DAF
2026-09-25T16:41:54.637915+00:00,0x2A6,000005B3FFFFDCAB
2026-09-25T16:41:54.638203+00:00,0x2A7,000004CF00002D12
2026-09-25T16:41:54.638400+00:00,0x2A9,FFFF86E500000000
2026-09-25T16:41:54.640447+00:00,0x2A1,0100020000000000
2026-09-25T16:41:54.643136+00:00,0x2A5,0000059FFFFF6DAF
2026-09-25T16:41:54.643353+00:00,0x2A6,000005B3FFFFDCAB
2026-09-25T16:41:54.643643+00:00,0x2A7,000004CF00002D12
2026-09-25T16:41:54.643915+00:00,0x2A9,FFFF86E500000000
2026-09-25T16:41:54.646527+00:00,0x2A1,0100020000000000
2026-09-25T16:41:54.648862+00:00,0x2A5,000005A8FFFF6DAF
2026-09-25T16:41:54.649109+00:00,0x2A6,000005B3FFFFDCAB
2026-09-25T16:41:54.649397+00:00,0x2A7,000004D200002D01
2026-09-25T16:41:54.649643+00:00,0x2A9,FFFF86E500000000
2026-09-25T16:41:54.650418+00:00,0x2A1,0100020000000000
2026-09-25T16:41:54.651897+00:00,0x2A5,000005A1FFFF6DAF
2026-09-25T16:41:54.652160+00:00,0x2A6,000005B3FFFFDCAB
2026-09-25T16:41:54.652400+00:00,0x2A7,000004E300002D12
2026-09-25T16:41:54.652645+00:00,0x2A9,FFFF86E500000000
2026-09-25T16:41:54.655375+00:00,0x2A1,0100020000000000
2026-09-25T16:41:54.657916+00:00,0x2A5,000005A1FFFF6DAF
2026-09-25T16:41:54.658160+00:00,0x2A6,000005B3FFFFDCAB
2026-09-25T16:41:54.658357+00:00,0x2A7,000004E300002D04
2026-09-25T16:41:54.658604+00:00,0x2A9,FFFF86E500000000
2026-09-25T16:41:54.660375+00:00,0x2A1,0100020000000000
2026-09-25T16:41:54.662602+00:00,0x2A5,000005A8FFFF6DAF
2026-09-25T16:41:54.662842+00:00,0x2A6,000005B3FFFFDCAB
2026-09-25T16:41:54.663045+00:00,0x2A7,000004CE00002D04
2026-09-25T16:41:54.663289+00:00,0x2A9,FFFF86E500000000
2026-09-25T16:41:54.666245+00:00,0x2A1,0100020000000000
2026-09-25T16:41:54.668289+00:00,0x2A5,000005A1FFFF6DAF
2026-09-25T16:41:54.668485+00:00,0x2A6,000005B3FFFFDCAB
2026-09-25T16:41:54.668731+00:00,0x2A7,000004E900002D0F
2026-09-25T16:41:54.668959+00:00,0x2A9,FFFF86E500000000
2026-09-25T16:41:54.670366+00:00,0x2A1,0100020000000000
2026-09-25T16:41:54.672527+00:00,0x2A5,000005A7FFFF6DAF
2026-09-25T16:41:54.673002+00:00,0x2A6,000005B3FFFFDCAB
2026-09-25T16:41:54.673203+00:00,0x2A7,000004CE00002D08
2026-09-25T16:41:54.673443+00:00,0x2A9,FFFF86E500000000
2026-09-25T16:41:54.675323+00:00,0x2A1,0100020000000000
2026-09-25T16:41:54.677839+00:00,0x2A5,000005A7FFFF6DAF
2026-09-25T16:41:54.678002+00:00,0x2A6,000005B3FFFFDCAB
2026-09-25T16:41:54.678203+00:00,0x2A7,000004CE00002D08
2026-09-25T16:41:54.678400+00:00,0x2A9,FFFF86E500000000
2026-09-25T16:41:54.680317+00:00,0x2A1,0100020000000000
2026-09-25T16:41:54.682643+00:00,0x2A5,000005A0FFFF6DAF
2026-09-25T16:41:54.682862+00:00,0x2A6,000005B3FFFFDCAB
2026-09-25T16:41:54.683109+00:00,0x2A7,000004D800002D04
2026-09-25T16:41:54.683311+00:00,0x2A9,FFFF86E500000000
2026-09-25T16:41:54.686160+00:00,0x2A1,0100020000000000
2026-09-25T16:41:54.688202+00:00,0x2A5,000005AAFFFF6DAF
2026-09-25T16:41:54.688443+00:00,0x2A6,000005B3FFFFDCAB
2026-09-25T16:41:54.688644+00:00,0x2A7,000004DE00002D15
2026-09-25T16:41:54.688863+00:00,0x2A9,FFFF86E500000000
2026-09-25T16:41:54.690375+00:00,0x2A1,0100020000000000
2026-09-25T16:41:54.693109+00:00,0x2A5,000005AAFFFF6DAF
2026-09-25T16:41:54.693354+00:00,0x2A6,000005B3FFFFDCAB
2026-09-25T16:41:54.693548+00:00,0x2A7,000004DE00002CFF
2026-09-25T16:41:54.693839+00:00,0x2A9,FFFF86E500000000
2026-09-25T16:41:54.695426+00:00,0x2A1,0100020000000000
2026-09-25T16:41:54.697916+00:00,0x2A5,000005A1FFFF6DAF
2026-09-25T16:41:54.698203+00:00,0x2A6,000005B3FFFFDCAB
2026-09-25T16:41:54.698400+00:00,0x2A7,000004CF00002CFF
2026-09-25T16:41:54.698688+00:00,0x2A9,FFFF86E500000000
2026-09-25T16:41:54.700358+00:00,0x2A1,0100020000000000
2026-09-25T16:41:54.702206+00:00,0x2A5,000005A8FFFF6DAF
2026-09-25T16:41:54.702443+00:00,0x2A6,000005B3FFFFDCAB
2026-09-25T16:41:54.702645+00:00,0x2A7,000004E800002D17
2026-09-25T16:41:54.702864+00:00,0x2A9,FFFF86E500000000
2026-09-25T16:41:54.708478+00:00,0x2A1,0100020000000000
2026-09-25T16:41:54.708915+00:00,0x2A5,000005A6FFFF6DAF
2026-09-25T16:41:54.709112+00:00,0x2A6,000005B3FFFFDCAB
2026-09-25T16:41:54.709354+00:00,0x2A7,000004CC00002CFD
2026-09-25T16:41:54.709548+00:00,0x2A9,FFFF86E500000000
2026-09-25T16:41:54.710676+00:00,0x2A1,0100020000000000
2026-09-25T16:41:54.713161+00:00,0x2A5,000005A6FFFF6DAF
2026-09-25T16:41:54.713357+00:00,0x2A6,000005B3FFFFDCAB
2026-09-25T16:41:54.713604+00:00,0x2A7,000004CC00002CFD
2026-09-25T16:41:54.713850+00:00,0x2A9,FFFF86E500000000
2026-09-25T16:41:54.715340+00:00,0x2A1,0100020000000000
2026-09-25T16:41:54.717688+00:00,0x2A5,000005A4FFFF6DAF
2026-09-25T16:41:54.717916+00:00,0x2A6,000005B3FFFFDCAB
2026-09-25T16:41:54.718160+00:00,0x2A7,000004DF00002D17
2026-09-25T16:41:54.718400+00:00,0x2A9,FFFF86E500000000
2026-09-25T16:41:54.720959+00:00,0x2A1,0100020000000000
2026-09-25T16:41:54.722688+00:00,0x2A5,000005A2FFFF6DAF
2026-09-25T16:41:54.722915+00:00,0x2A6,000005B3FFFFDCAB
2026-09-25T16:41:54.723112+00:00,0x2A7,000004D600002CFD
2026-09-25T16:41:54.723354+00:00,0x2A9,FFFF86E500000000
2026-09-25T16:41:54.726477+00:00,0x2A1,0100020000000000
2026-09-25T16:41:54.728486+00:00,0x2A5,000005A2FFFF6DAF
2026-09-25T16:41:54.728731+00:00,0x2A6,000005B3FFFFDCAB
2026-09-25T16:41:54.728959+00:00,0x2A7,000004D600002D10
2026-09-25T16:41:54.729160+00:00,0x2A9,FFFF86E500000000
2026-09-25T16:41:54.730405+00:00,0x2A1,0100020000000000
2026-09-25T16:41:54.732835+00:00,0x2A5,000005A7FFFF6DAF
2026-09-25T16:41:54.733319+00:00,0x2A6,000005B3FFFFDCAB
2026-09-25T16:41:54.733510+00:00,0x2A7,000004CE00002D10
2026-09-25T16:41:54.734246+00:00,0x2A9,FFFF86E500000000
2026-09-25T16:41:54.735362+00:00,0x2A1,0100020000000000
2026-09-25T16:41:54.737688+00:00,0x2A5,000005A2FFFF6DAF
2026-09-25T16:41:54.737915+00:00,0x2A6,000005B3FFFFDCAB
2026-09-25T16:41:54.738160+00:00,0x2A7,000004E700002D06
2026-09-25T16:41:54.738357+00:00,0x2A9,FFFF86E500000000
2026-09-25T16:41:54.740358+00:00,0x2A1,0100020000000000
2026-09-25T16:41:54.742499+00:00,0x2A5,000005A7FFFF6DAF
2026-09-25T16:41:54.742861+00:00,0x2A6,000005B3FFFFDCAB
2026-09-25T16:41:54.742959+00:00,0x2A7,000004CF00002CFF
2026-09-25T16:41:54.743160+00:00,0x2A9,FFFF86E500000000
2026-09-25T16:41:54.746706+00:00,0x2A1,0100020000000000
2026-09-25T16:41:54.748863+00:00,0x2A5,000005A2FFFF6DAF
2026-09-25T16:41:54.749130+00:00,0x2A6,000005B3FFFFDCAB
2026-09-25T16:41:54.749376+00:00,0x2A7,000004DF00002CFF
2026-09-25T16:41:54.749622+00:00,0x2A9,FFFF86E500000000
2026-09-25T16:41:54.750418+00:00,0x2A1,0100020000000000
2026-09-25T16:41:54.753088+00:00,0x2A5,000005A2FFFF6DAF
2026-09-25T16:41:54.753332+00:00,0x2A6,000005B3FFFFDCAB
2026-09-25T16:41:54.753570+00:00,0x2A7,000004DF00002D17
2026-09-25T16:41:54.754621+00:00,0x2A9,FFFF86E500000000
2026-09-25T16:41:54.755417+00:00,0x2A1,0100020000000000
2026-09-25T16:41:54.756875+00:00,0x2A5,000005A7FFFF6DAF
2026-09-25T16:41:54.757182+00:00,0x2A6,000005B3FFFFDCAB
2026-09-25T16:41:54.757421+00:00,0x2A7,000004D400002CFD
2026-09-25T16:41:54.757665+00:00,0x2A9,FFFF86E500000000
2026-09-25T16:41:54.760383+00:00,0x2A1,0100020000000000
2026-09-25T16:41:54.762688+00:00,0x2A5,000005A2FFFF6DAF
2026-09-25T16:41:54.762915+00:00,0x2A6,000005B3FFFFDCAB
2026-09-25T16:41:54.763163+00:00,0x2A7,000004CF00002D1B
2026-09-25T16:41:54.763360+00:00,0x2A9,FFFF86E500000000
2026-09-25T16:41:54.766602+00:00,0x2A1,0100020000000000
2026-09-25T16:41:54.768839+00:00,0x2A5,000005A2FFFF6DAF
2026-09-25T16:41:54.769002+00:00,0x2A6,000005B3FFFFDCAB
2026-09-25T16:41:54.769202+00:00,0x2A7,000004CF00002D1B
2026-09-25T16:41:54.769443+00:00,0x2A9,FFFF86E500000000
2026-09-25T16:41:54.770319+00:00,0x2A1,0100020000000000
2026-09-25T16:41:54.773400+00:00,0x2A5,000005A6FFFF6DAF
2026-09-25T16:41:54.773602+00:00,0x2A6,000005B3FFFFDCAB
2026-09-25T16:41:54.773842+00:00,0x2A7,000004E900002CFE
2026-09-25T16:41:54.774045+00:00,0x2A9,FFFF86E500000000
2026-09-25T16:41:54.775323+00:00,0x2A1,0100020000000000
2026-09-25T16:41:54.777548+00:00,0x2A5,000005A2FFFF6DAF
2026-09-25T16:41:54.777839+00:00,0x2A6,000005B3FFFFDCAB
2026-09-25T16:41:54.778002+00:00,0x2A7,000004CE00002D13
2026-09-25T16:41:54.778246+00:00,0x2A9,FFFF86E500000000
2026-09-25T16:41:54.780516+00:00,0x2A1,0100020000000000
2026-09-25T16:41:54.782688+00:00,0x2A5,000005A2FFFF6DAF
2026-09-25T16:41:54.782915+00:00,0x2A6,000005B3FFFFDCAB
2026-09-25T16:41:54.783112+00:00,0x2A7,000004CE00002D13
2026-09-25T16:41:54.783310+00:00,0x2A9,FFFF86E500000000
2026-09-25T16:41:54.786840+00:00,0x2A1,0100020000000000
2026-09-25T16:41:54.789002+00:00,0x2A5,000005A6FFFF6DAF
2026-09-25T16:41:54.789203+00:00,0x2A6,000005B3FFFFDCAB
2026-09-25T16:41:54.789443+00:00,0x2A7,000004E200002D07
2026-09-25T16:41:54.789688+00:00,0x2A9,FFFF86E500000000
2026-09-25T16:41:54.790374+00:00,0x2A1,0100020000000000
2026-09-25T16:41:54.792645+00:00,0x2A5,000005A1FFFF6DAF
2026-09-25T16:41:54.792915+00:00,0x2A6,000005B3FFFFDCAB
2026-09-25T16:41:54.793112+00:00,0x2A7,000004D200002D01
2026-09-25T16:41:54.793311+00:00,0x2A9,FFFF86E500000000
2026-09-25T16:41:54.795469+00:00,0x2A1,0100020000000000
2026-09-25T16:41:54.797604+00:00,0x2A5,000005A1FFFF6DAF
2026-09-25T16:41:54.797849+00:00,0x2A6,000005B3FFFFDCAB
2026-09-25T16:41:54.798046+00:00,0x2A7,000004D200002D13
2026-09-25T16:41:54.798246+00:00,0x2A9,FFFF86E500000000
2026-09-25T16:41:54.800404+00:00,0x2A1,0100020000000000
2026-09-25T16:41:54.802088+00:00,0x2A5,000005A6FFFF6DAF
2026-09-25T16:41:54.802332+00:00,0x2A6,000005B3FFFFDCAB
2026-09-25T16:41:54.802579+00:00,0x2A7,000004D000002D13
2026-09-25T16:41:54.802840+00:00,0x2A9,FFFF86E500000000
2026-09-25T16:41:54.807289+00:00,0x2A1,0100020000000000
2026-09-25T16:41:54.809332+00:00,0x2A5,000005A1FFFF6DAF
2026-09-25T16:41:54.809622+00:00,0x2A6,000005B3FFFFDCAB
2026-09-25T16:41:54.809918+00:00,0x2A7,000004E900002CFE
2026-09-25T16:41:54.810245+00:00,0x2A9,FFFF86E500000000
2026-09-25T16:41:54.810839+00:00,0x2A1,0100020000000000
2026-09-25T16:41:54.813443+00:00,0x2A5,000005A6FFFF6DAF
2026-09-25T16:41:54.813645+00:00,0x2A6,000005B3FFFFDCAB
2026-09-25T16:41:54.813864+00:00,0x2A7,000004D100002D1A
2026-09-25T16:41:54.814066+00:00,0x2A9,FFFF86E500000000
2026-09-25T16:41:54.815376+00:00,0x2A1,0100020000000000
2026-09-25T16:41:54.817480+00:00,0x2A5,000005A6FFFF6DAF
2026-09-25T16:41:54.817688+00:00,0x2A6,000005B3FFFFDCAB
2026-09-25T16:41:54.817915+00:00,0x2A7,000004D100002D1A
2026-09-25T16:41:54.818160+00:00,0x2A9,FFFF86E500000000
2026-09-25T16:41:54.820375+00:00,0x2A1,0100020000000000
2026-09-25T16:41:54.822645+00:00,0x2A5,000005A1FFFF6DAF
2026-09-25T16:41:54.822915+00:00,0x2A6,000005B3FFFFDCAB
2026-09-25T16:41:54.823112+00:00,0x2A7,000004DD00002CFD
2026-09-25T16:41:54.823354+00:00,0x2A9,FFFF86E500000000
2026-09-25T16:41:54.827002+00:00,0x2A1,0100020000000000
2026-09-25T16:41:54.829002+00:00,0x2A5,000005A6FFFF6DAF
2026-09-25T16:41:54.829203+00:00,0x2A6,000005B3FFFFDCAB
2026-09-25T16:41:54.829443+00:00,0x2A7,000004D200002D19
2026-09-25T16:41:54.829644+00:00,0x2A9,FFFF86E500000000
2026-09-25T16:41:54.830418+00:00,0x2A1,0100020000000000
2026-09-25T16:41:54.833354+00:00,0x2A5,000005A6FFFF6DAF
2026-09-25T16:41:54.833548+00:00,0x2A6,000005B3FFFFDCAB
2026-09-25T16:41:54.833839+00:00,0x2A7,000004D200002D02
2026-09-25T16:41:54.834002+00:00,0x2A9,FFFF86E500000000
2026-09-25T16:41:54.835340+00:00,0x2A1,0100020000000000
2026-09-25T16:41:54.837477+00:00,0x2A5,000005A1FFFF6DAF
2026-09-25T16:41:54.837687+00:00,0x2A6,000005B3FFFFDCAB
2026-09-25T16:41:54.837864+00:00,0x2A7,000004D200002D02
2026-09-25T16:41:54.838109+00:00,0x2A9,FFFF86E500000000
2026-09-25T16:41:54.840361+00:00,0x2A1,0100020000000000
2026-09-25T16:41:54.842600+00:00,0x2A5,000005A6FFFF6DAF
2026-09-25T16:41:54.842839+00:00,0x2A6,000005B3FFFFDCAB
2026-09-25T16:41:54.843001+00:00,0x2A7,000004E200002D03
2026-09-25T16:41:54.843245+00:00,0x2A9,FFFF86E500000000
2026-09-25T16:41:54.846958+00:00,0x2A1,0100020000000000
2026-09-25T16:41:54.847202+00:00,0x2A5,000005A2FFFF6DAF
2026-09-25T16:41:54.847442+00:00,0x2A6,000005B3FFFFDCAB
2026-09-25T16:41:54.847645+00:00,0x2A7,000004D200002D15
2026-09-25T16:41:54.847863+00:00,0x2A9,FFFF86E500000000
2026-09-25T16:41:54.850375+00:00,0x2A1,0100020000000000
2026-09-25T16:41:54.853400+00:00,0x2A5,000005A7FFFF6DAF
2026-09-25T16:41:54.853601+00:00,0x2A6,000005B3FFFFDCAB
2026-09-25T16:41:54.853863+00:00,0x2A7,000004E000002D15
2026-09-25T16:41:54.854151+00:00,0x2A9,FFFF86E500000000
2026-09-25T16:41:54.855383+00:00,0x2A1,0100020000000000
2026-09-25T16:41:54.858112+00:00,0x2A5,000005A7FFFF6DAF
2026-09-25T16:41:54.858354+00:00,0x2A6,000005B3FFFFDCAB
2026-09-25T16:41:54.858600+00:00,0x2A7,000004E000002D00
2026-09-25T16:41:54.858862+00:00,0x2A9,FFFF86E500000000
2026-09-25T16:41:54.860418+00:00,0x2A1,0100020000000000
2026-09-25T16:41:54.862862+00:00,0x2A5,000005A1FFFF6DAF
2026-09-25T16:41:54.863109+00:00,0x2A6,000005B3FFFFDCAB
2026-09-25T16:41:54.863357+00:00,0x2A7,000004CF00002D16
2026-09-25T16:41:54.863556+00:00,0x2A9,FFFF86E500000000
2026-09-25T16:41:54.867045+00:00,0x2A1,0100020000000000
2026-09-25T16:41:54.868842+00:00,0x2A5,000005A1FFFF6DAF
2026-09-25T16:41:54.869045+00:00,0x2A6,000005B3FFFFDCAB
2026-09-25T16:41:54.869289+00:00,0x2A7,000004CF00002CFF
2026-09-25T16:41:54.869481+00:00,0x2A9,FFFF86E500000000
2026-09-25T16:41:54.870461+00:00,0x2A1,0100020000000000
2026-09-25T16:41:54.873311+00:00,0x2A5,000005A8FFFF6DAF
2026-09-25T16:41:54.873548+00:00,0x2A6,000005B3FFFFDCAB
2026-09-25T16:41:54.873839+00:00,0x2A7,000004D800002D15
2026-09-25T16:41:54.874002+00:00,0x2A9,FFFF86E500000000
2026-09-25T16:41:54.875340+00:00,0x2A1,0100020000000000
2026-09-25T16:41:54.877645+00:00,0x2A5,0000059FFFFF6DAF
2026-09-25T16:41:54.877864+00:00,0x2A6,000005B3FFFFDCAB
2026-09-25T16:41:54.878066+00:00,0x2A7,000004D900002D15
2026-09-25T16:41:54.878311+00:00,0x2A9,FFFF86E500000000
2026-09-25T16:41:54.880361+00:00,0x2A1,0100020000000000
2026-09-25T16:41:54.882602+00:00,0x2A5,000005AAFFFF6DAF
2026-09-25T16:41:54.882864+00:00,0x2A6,000005B3FFFFDCAB
2026-09-25T16:41:54.883065+00:00,0x2A7,000004CF00002D02
2026-09-25T16:41:54.883267+00:00,0x2A9,FFFF86E500000000
2026-09-25T16:41:54.886111+00:00,0x2A1,0100020000000000
2026-09-25T16:41:54.889109+00:00,0x2A5,000005A0FFFF6DAF
2026-09-25T16:41:54.889313+00:00,0x2A6,000005B3FFFFDCAB
2026-09-25T16:41:54.889557+00:00,0x2A7,000004E700002D02
2026-09-25T16:41:54.889839+00:00,0x2A9,FFFF86E500000000
2026-09-25T16:41:54.890332+00:00,0x2A1,0100020000000000
2026-09-25T16:41:54.893002+00:00,0x2A5,000005A0FFFF6DAF
2026-09-25T16:41:54.893443+00:00,0x2A6,000005B3FFFFDCAB
2026-09-25T16:41:54.893645+00:00,0x2A7,000004E700002D0F
2026-09-25T16:41:54.894109+00:00,0x2A9,FFFF86E500000000
2026-09-25T16:41:54.895340+00:00,0x2A1,0100020000000000
2026-09-25T16:41:54.897548+00:00,0x2A5,000005A8FFFF6DAF
2026-09-25T16:41:54.897838+00:00,0x2A6,000005B3FFFFDCAB
2026-09-25T16:41:54.898001+00:00,0x2A7,000004D000002D08
2026-09-25T16:41:54.898202+00:00,0x2A9,FFFF86E500000000
2026-09-25T16:41:54.900318+00:00,0x2A1,0100020000000000
2026-09-25T16:41:54.902604+00:00,0x2A5,000005A8FFFF6DAF
2026-09-25T16:41:54.902850+00:00,0x2A6,000005B3FFFFDCAB
2026-09-25T16:41:54.903003+00:00,0x2A7,000004E100002D01
2026-09-25T16:41:54.903245+00:00,0x2A9,FFFF86E500000000
2026-09-25T16:41:54.905465+00:00,0x2A1,0100020000000000
2026-09-25T16:41:54.909442+00:00,0x2A5,000005A1FFFF6DAF
2026-09-25T16:41:54.909687+00:00,0x2A6,000005B3FFFFDCAB
2026-09-25T16:41:54.909958+00:00,0x2A7,000004E100002D01
2026-09-25T16:41:54.910202+00:00,0x2A9,FFFF86E500000000
2026-09-25T16:41:54.911862+00:00,0x2A1,0100020000000000
2026-09-25T16:41:54.913984+00:00,0x2A5,000005A9FFFF6DAF
2026-09-25T16:41:54.914245+00:00,0x2A6,000005B3FFFFDCAB
2026-09-25T16:41:54.914485+00:00,0x2A7,000004D400002D16
2026-09-25T16:41:54.914730+00:00,0x2A9,FFFF86E500000000
2026-09-25T16:41:54.916314+00:00,0x2A1,0100020000000000
2026-09-25T16:41:54.918485+00:00,0x2A5,000005A0FFFF6DAF
2026-09-25T16:41:54.918730+00:00,0x2A6,000005B3FFFFDCAB
2026-09-25T16:41:54.918959+00:00,0x2A7,000004D000002CFE
2026-09-25T16:41:54.919160+00:00,0x2A9,FFFF86E500000000
2026-09-25T16:41:54.920650+00:00,0x2A1,0100020000000000
2026-09-25T16:41:54.922731+00:00,0x2A5,000005A0FFFF6DAF
2026-09-25T16:41:54.922959+00:00,0x2A6,000005B3FFFFDCAB
2026-09-25T16:41:54.923160+00:00,0x2A7,000004D000002CFE
2026-09-25T16:41:54.923356+00:00,0x2A9,FFFF86E500000000
2026-09-25T16:41:54.929044+00:00,0x2A1,0100020000000000
2026-09-25T16:41:54.929246+00:00,0x2A5,000005A5FFFF6DAF
2026-09-25T16:41:54.929443+00:00,0x2A6,000005B3FFFFDCAB
2026-09-25T16:41:54.929688+00:00,0x2A7,000004E100002D17
2026-09-25T16:41:54.929863+00:00,0x2A9,FFFF86E500000000
2026-09-25T16:41:54.930915+00:00,0x2A1,0100020000000000
2026-09-25T16:41:54.932914+00:00,0x2A5,000005A4FFFF6DAF
2026-09-25T16:41:54.933159+00:00,0x2A6,000005B3FFFFDCAB
2026-09-25T16:41:54.933356+00:00,0x2A7,000004D300002D00
2026-09-25T16:41:54.933552+00:00,0x2A9,FFFF86E500000000
2026-09-25T16:41:54.935382+00:00,0x2A1,0100020000000000
2026-09-25T16:41:54.937548+00:00,0x2A5,000005A4FFFF6DAF
2026-09-25T16:41:54.937838+00:00,0x2A6,000005B3FFFFDCAB
2026-09-25T16:41:54.938001+00:00,0x2A7,000004E000002D0E
2026-09-25T16:41:54.938203+00:00,0x2A9,FFFF86E500000000
2026-09-25T16:41:54.940338+00:00,0x2A1,0100020000000000
2026-09-25T16:41:54.942399+00:00,0x2A5,000005A6FFFF6DAF
2026-09-25T16:41:54.942644+00:00,0x2A6,000005B3FFFFDCAB
2026-09-25T16:41:54.942841+00:00,0x2A7,000004E000002D0E
2026-09-25T16:41:54.943044+00:00,0x2A9,FFFF86E500000000
2026-09-25T16:41:54.945862+00:00,0x2A1,0100020000000000
2026-09-25T16:41:54.949288+00:00,0x2A5,000005A6FFFF6DAF
2026-09-25T16:41:54.949477+00:00,0x2A6,000005B3FFFFDCAB
2026-09-25T16:41:54.949687+00:00,0x2A7,000004CF00002D0B
2026-09-25T16:41:54.949915+00:00,0x2A9,FFFF86E500000000
2026-09-25T16:41:54.950382+00:00,0x2A1,0100020000000000
2026-09-25T16:41:54.953245+00:00,0x2A5,000005A5FFFF6DAF
2026-09-25T16:41:54.953476+00:00,0x2A6,000005B3FFFFDCAB
2026-09-25T16:41:54.953686+00:00,0x2A7,000004DC00002D02
2026-09-25T16:41:54.953914+00:00,0x2A9,FFFF86E500000000
2026-09-25T16:41:54.955314+00:00,0x2A1,0100020000000000
2026-09-25T16:41:54.957644+00:00,0x2A5,000005A6FFFF6DAF
2026-09-25T16:41:54.957863+00:00,0x2A6,000005B3FFFFDCAB
2026-09-25T16:41:54.958109+00:00,0x2A7,000004D800002D02
2026-09-25T16:41:54.958311+00:00,0x2A9,FFFF86E500000000
2026-09-25T16:41:54.960385+00:00,0x2A1,0100020000000000
2026-09-25T16:41:54.962840+00:00,0x2A5,000005A6FFFF6DAF
2026-09-25T16:41:54.963088+00:00,0x2A6,000005B3FFFFDCAB
2026-09-25T16:41:54.963332+00:00,0x2A7,000004D800002D15
2026-09-25T16:41:54.963578+00:00,0x2A9,FFFF86E500000000
2026-09-25T16:41:54.965392+00:00,0x2A1,0100020000000000
2026-09-25T16:41:54.967840+00:00,0x2A5,000005A2FFFF6DAF
2026-09-25T16:41:54.968088+00:00,0x2A6,000005B3FFFFDCAB
2026-09-25T16:41:54.968332+00:00,0x2A7,000004D300002D01
2026-09-25T16:41:54.968578+00:00,0x2A9,FFFF86E500000000
2026-09-25T16:41:54.970839+00:00,0x2A1,0100020000000000
2026-09-25T16:41:54.973151+00:00,0x2A5,000005A2FFFF6DAF
2026-09-25T16:41:54.973354+00:00,0x2A6,000005B3FFFFDCAB
2026-09-25T16:41:54.973599+00:00,0x2A7,000004E200002D16
2026-09-25T16:41:54.973840+00:00,0x2A9,FFFF86E500000000
2026-09-25T16:41:54.975361+00:00,0x2A1,0100020000000000
2026-09-25T16:41:54.977482+00:00,0x2A5,000005A6FFFF6DAF
2026-09-25T16:41:54.977687+00:00,0x2A6,000005B3FFFFDCAB
2026-09-25T16:41:54.977915+00:00,0x2A7,000004E200002D16
2026-09-25T16:41:54.978160+00:00,0x2A9,FFFF86E500000000
2026-09-25T16:41:54.980362+00:00,0x2A1,0100020000000000
2026-09-25T16:41:54.982548+00:00,0x2A5,000005A2FFFF6DAF
2026-09-25T16:41:54.982838+00:00,0x2A6,000005B3FFFFDCAB
2026-09-25T16:41:54.983001+00:00,0x2A7,000004D100002CFF
2026-09-25T16:41:54.983246+00:00,0x2A9,FFFF86E500000000
2026-09-25T16:41:54.985336+00:00,0x2A1,0100020000000000
2026-09-25T16:41:54.988915+00:00,0x2A5,000005A9FFFF6DAF
2026-09-25T16:41:54.989111+00:00,0x2A6,000005B3FFFFDCAB
2026-09-25T16:41:54.989353+00:00,0x2A7,000004E200002D0F
2026-09-25T16:41:54.989548+00:00,0x2A9,FFFF86E500000000
2026-09-25T16:41:54.990314+00:00,0x2A1,0100020000000000
2026-09-25T16:41:54.992601+00:00,0x2A5,000005A3FFFF6DAF
2026-09-25T16:41:54.992841+00:00,0x2A6,000005B3FFFFDCAB
2026-09-25T16:41:54.993044+00:00,0x2A7,000004D000002D0F
2026-09-25T16:41:54.993289+00:00,0x2A9,FFFF86E500000000
2026-09-25T16:41:54.995322+00:00,0x2A1,0100020000000000
2026-09-25T16:41:54.997442+00:00,0x2A5,000005A3FFFF6DAF
2026-09-25T16:41:54.997644+00:00,0x2A6,000005B3FFFFDCAB
2026-09-25T16:41:54.997863+00:00,0x2A7,000004D000002D07
2026-09-25T16:41:54.998065+00:00,0x2A9,FFFF86E500000000
2026-09-25T16:41:55.000360+00:00,0x2A1,0100020000000000
2026-09-25T16:41:55.002548+00:00,0x2A5,000005A7FFFF6DAF
2026-09-25T16:41:55.002838+00:00,0x2A6,000005B3FFFFDCAB
2026-09-25T16:41:55.003001+00:00,0x2A7,000004D200002D05
2026-09-25T16:41:55.003202+00:00,0x2A9,FFFF86E500000000
2026-09-25T16:41:55.005335+00:00,0x2A1,0100020000000000
2026-09-25T16:41:55.009001+00:00,0x2A5,000005A4FFFF6DAF
2026-09-25T16:41:55.009202+00:00,0x2A6,000005B3FFFFDCAB
2026-09-25T16:41:55.009399+00:00,0x2A7,000004E300002D11
2026-09-25T16:41:55.009601+00:00,0x2A9,FFFF86E500000000
2026-09-25T16:41:55.010417+00:00,0x2A1,0100020000000000
2026-09-25T16:41:55.013688+00:00,0x2A5,000005A4FFFF6DAF
2026-09-25T16:41:55.013959+00:00,0x2A6,000005B3FFFFDCAB
2026-09-25T16:41:55.014203+00:00,0x2A7,000004E300002D03
2026-09-25T16:41:55.014400+00:00,0x2A9,FFFF86E500000000
2026-09-25T16:41:55.015404+00:00,0x2A1,0100020000000000
2026-09-25T16:41:55.016399+00:00,0x2A5,000005A7FFFF6DAF
2026-09-25T16:41:55.016687+00:00,0x2A6,000005B3FFFFDCAB
2026-09-25T16:41:55.016958+00:00,0x2A7,000004D200002D03
2026-09-25T16:41:55.017160+00:00,0x2A9,FFFF86E500000000
2026-09-25T16:41:55.020399+00:00,0x2A1,0100020000000000
2026-09-25T16:41:55.023065+00:00,0x2A5,000005A6FFFF6DAF
2026-09-25T16:41:55.023310+00:00,0x2A6,000005B3FFFFDCAB
2026-09-25T16:41:55.023548+00:00,0x2A7,000004E200002D14
2026-09-25T16:41:55.023839+00:00,0x2A9,FFFF86E500000000
2026-09-25T16:41:55.025718+00:00,0x2A1,0100020000000000
2026-09-25T16:41:55.028310+00:00,0x2A5,000005A5FFFF6DAF
2026-09-25T16:41:55.028548+00:00,0x2A6,000005B3FFFFDCAB
2026-09-25T16:41:55.028838+00:00,0x2A7,000004D000002D14
2026-09-25T16:41:55.029001+00:00,0x2A9,FFFF86E500000000
2026-09-25T16:41:55.030646+00:00,0x2A1,0100020000000000
2026-09-25T16:41:55.033399+00:00,0x2A5,000005A5FFFF6DAF
2026-09-25T16:41:55.033601+00:00,0x2A6,000005B3FFFFDCAB
2026-09-25T16:41:55.033842+00:00,0x2A7,000004D000002D00
2026-09-25T16:41:55.034087+00:00,0x2A9,FFFF86E500000000
2026-09-25T16:41:55.035340+00:00,0x2A1,0100020000000000
2026-09-25T16:41:55.037443+00:00,0x2A5,000005A4FFFF6DAF
2026-09-25T16:41:55.037644+00:00,0x2A6,000005B3FFFFDCAB
2026-09-25T16:41:55.037863+00:00,0x2A7,000004DC00002D15
2026-09-25T16:41:55.038065+00:00,0x2A9,FFFF86E500000000
2026-09-25T16:41:55.040360+00:00,0x2A1,0100020000000000
2026-09-25T16:41:55.042356+00:00,0x2A5,000005A6FFFF6DAF
2026-09-25T16:41:55.042552+00:00,0x2A6,000005B3FFFFDCAB
2026-09-25T16:41:55.042850+00:00,0x2A7,000004D600002D01
2026-09-25T16:41:55.043002+00:00,0x2A9,FFFF86E500000000
2026-09-25T16:41:55.045336+00:00,0x2A1,0100020000000000
2026-09-25T16:41:55.048045+00:00,0x2A5,000005A6FFFF6DAF
2026-09-25T16:41:55.048477+00:00,0x2A6,000005B3FFFFDCAB
2026-09-25T16:41:55.048687+00:00,0x2A7,000004D600002D08
2026-09-25T16:41:55.049603+00:00,0x2A9,FFFF86E500000000
2026-09-25T16:41:55.050403+00:00,0x2A1,0100020000000000
2026-09-25T16:41:55.052731+00:00,0x2A5,000005A2FFFF6DAF
2026-09-25T16:41:55.052958+00:00,0x2A6,000005B3FFFFDCAB
2026-09-25T16:41:55.053202+00:00,0x2A7,000004D000002D08
2026-09-25T16:41:55.053442+00:00,0x2A9,FFFF86E500000000
2026-09-25T16:41:55.055339+00:00,0x2A1,0100020000000000
2026-09-25T16:41:55.057552+00:00,0x2A5,000005A6FFFF6DAF
2026-09-25T16:41:55.057849+00:00,0x2A6,000005B3FFFFDCAB
2026-09-25T16:41:55.058045+00:00,0x2A7,000004E400002D0A
2026-09-25T16:41:55.058245+00:00,0x2A9,FFFF86E500000000
2026-09-25T16:41:55.060429+00:00,0x2A1,0100020000000000
2026-09-25T16:41:55.062687+00:00,0x2A5,000005A2FFFF6DAF
2026-09-25T16:41:55.062914+00:00,0x2A6,000005B3FFFFDCAB
2026-09-25T16:41:55.063111+00:00,0x2A7,000004D000002D02
2026-09-25T16:41:55.063310+00:00,0x2A9,FFFF86E500000000
2026-09-25T16:41:55.065422+00:00,0x2A1,0100020000000000
2026-09-25T16:41:55.068396+00:00,0x2A5,000005A2FFFF6DAF
2026-09-25T16:41:55.068861+00:00,0x2A6,000005B3FFFFDCAB
2026-09-25T16:41:55.069396+00:00,0x2A7,000004D000002D02
2026-09-25T16:41:55.069915+00:00,0x2A9,FFFF86E500000000
2026-09-25T16:41:55.070731+00:00,0x2A1,0100020000000000
2026-09-25T16:41:55.073087+00:00,0x2A5,000005A7FFFF6DAF
2026-09-25T16:41:55.073331+00:00,0x2A6,000005B3FFFFDCAB
2026-09-25T16:41:55.073621+00:00,0x2A7,000004E200002D14
2026-09-25T16:41:55.073861+00:00,0x2A9,FFFF86E500000000
2026-09-25T16:41:55.075417+00:00,0x2A1,0100020000000000
2026-09-25T16:41:55.078001+00:00,0x2A5,000005A2FFFF6DAF
2026-09-25T16:41:55.078245+00:00,0x2A6,000005B3FFFFDCAB
2026-09-25T16:41:55.078442+00:00,0x2A7,000004D300002D00
2026-09-25T16:41:55.078687+00:00,0x2A9,FFFF86E500000000
2026-09-25T16:41:55.080355+00:00,0x2A1,0100020000000000
2026-09-25T16:41:55.082477+00:00,0x2A5,000005A2FFFF6DAF
2026-09-25T16:41:55.082687+00:00,0x2A6,000005B3FFFFDCAB
2026-09-25T16:41:55.082915+00:00,0x2A7,000004D300002D17
2026-09-25T16:41:55.083160+00:00,0x2A9,FFFF86E500000000
2026-09-25T16:41:55.085335+00:00,0x2A1,0100020000000000
2026-09-25T16:41:55.087687+00:00,0x2A5,000005A7FFFF6DAF
2026-09-25T16:41:55.087915+00:00,0x2A6,000005B3FFFFDCAB
2026-09-25T16:41:55.088159+00:00,0x2A7,000004D300002D17
2026-09-25T16:41:55.089958+00:00,0x2A9,FFFF86E500000000
2026-09-25T16:41:55.090338+00:00,0x2A1,0100020000000000
2026-09-25T16:41:55.092914+00:00,0x2A5,000005A2FFFF6DAF
2026-09-25T16:41:55.093547+00:00,0x2A6,000005B3FFFFDCAB
2026-09-25T16:41:55.093837+00:00,0x2A7,000004E100002D01
2026-09-25T16:41:55.094042+00:00,0x2A9,FFFF86E500000000
2026-09-25T16:41:55.095320+00:00,0x2A1,0100020000000000
2026-09-25T16:41:55.097497+00:00,0x2A5,000005A7FFFF6DAF
2026-09-25T16:41:55.097704+00:00,0x2A6,000005B3FFFFDCAB
2026-09-25T16:41:55.097912+00:00,0x2A7,000004CF00002D0E
2026-09-25T16:41:55.098157+00:00,0x2A9,FFFF86E500000000
2026-09-25T16:41:55.100404+00:00,0x2A1,0100020000000000
2026-09-25T16:41:55.102497+00:00,0x2A5,000005A7FFFF6DAF
2026-09-25T16:41:55.102862+00:00,0x2A6,000005B3FFFFDCAB
2026-09-25T16:41:55.102957+00:00,0x2A7,000004CF00002D0E
2026-09-25T16:41:55.103201+00:00,0x2A9,FFFF86E500000000
2026-09-25T16:41:55.105334+00:00,0x2A1,0100020000000000
2026-09-25T16:41:55.107687+00:00,0x2A5,000005A2FFFF6DAF
2026-09-25T16:41:55.107914+00:00,0x2A6,000005B3FFFFDCAB
2026-09-25T16:41:55.108111+00:00,0x2A7,000004E700002D06
2026-09-25T16:41:55.108353+00:00,0x2A9,FFFF86E500000000
2026-09-25T16:41:55.110353+00:00,0x2A1,0100020000000000
2026-09-25T16:41:55.113310+00:00,0x2A5,000005A7FFFF6DAF
2026-09-25T16:41:55.113556+00:00,0x2A6,000005B3FFFFDCAB
2026-09-25T16:41:55.113838+00:00,0x2A7,000004CE00002D06
2026-09-25T16:41:55.114001+00:00,0x2A9,FFFF86E500000000
2026-09-25T16:41:55.115340+00:00,0x2A1,0100020000000000
2026-09-25T16:41:55.117547+00:00,0x2A5,000005A7FFFF6DAF
2026-09-25T16:41:55.117838+00:00,0x2A6,000005B3FFFFDCAB
2026-09-25T16:41:55.118044+00:00,0x2A7,000004CE00002D11
2026-09-25T16:41:55.118331+00:00,0x2A9,FFFF86E500000000
2026-09-25T16:41:55.121499+00:00,0x2A1,0100020000000000
2026-09-25T16:41:55.123621+00:00,0x2A5,000005A1FFFF6DAF
2026-09-25T16:41:55.123840+00:00,0x2A6,000005B3FFFFDCAB
2026-09-25T16:41:55.124130+00:00,0x2A7,000004D800002D11
2026-09-25T16:41:55.124332+00:00,0x2A9,FFFF86E500000000
2026-09-25T16:41:55.128202+00:00,0x2A1,0100020000000000
2026-09-25T16:41:55.128442+00:00,0x2A5,000005A6FFFF6DAF
2026-09-25T16:41:55.128687+00:00,0x2A6,000005B3FFFFDCAB
2026-09-25T16:41:55.128958+00:00,0x2A7,000004D900002D00
2026-09-25T16:41:55.129159+00:00,0x2A9,FFFF86E500000000
2026-09-25T16:41:55.131958+00:00,0x2A1,0100020000000000
2026-09-25T16:41:55.133729+00:00,0x2A5,000005A1FFFF6DAF
2026-09-25T16:41:55.133958+00:00,0x2A6,000005B3FFFFDCAB
2026-09-25T16:41:55.134159+00:00,0x2A7,000004CF00002D14
2026-09-25T16:41:55.134399+00:00,0x2A9,FFFF86E500000000
2026-09-25T16:41:55.137526+00:00,0x2A1,0100020000000000
2026-09-25T16:41:55.137862+00:00,0x2A5,000005A1FFFF6DAF
2026-09-25T16:41:55.138000+00:00,0x2A6,000005B3FFFFDCAB
2026-09-25T16:41:55.138244+00:00,0x2A7,000004CF00002D14
2026-09-25T16:41:55.138485+00:00,0x2A9,FFFF86E500000000
2026-09-25T16:41:55.140360+00:00,0x2A1,0100020000000000
2026-09-25T16:41:55.142644+00:00,0x2A5,000005A7FFFF6DAF
2026-09-25T16:41:55.142841+00:00,0x2A6,000005B3FFFFDCAB
2026-09-25T16:41:55.143044+00:00,0x2A7,000004E500002CFF
2026-09-25T16:41:55.143245+00:00,0x2A9,FFFF86E500000000
2026-09-25T16:41:55.145335+00:00,0x2A1,0100020000000000
2026-09-25T16:41:55.147547+00:00,0x2A5,000005A0FFFF6DAF
2026-09-25T16:41:55.147838+00:00,0x2A6,000005B3FFFFDCAB
2026-09-25T16:41:55.148001+00:00,0x2A7,000004D100002D14
2026-09-25T16:41:55.148245+00:00,0x2A9,FFFF86E500000000
2026-09-25T16:41:55.150331+00:00,0x2A1,0100020000000000
2026-09-25T16:41:55.153288+00:00,0x2A5,000005A0FFFF6DAF
2026-09-25T16:41:55.153476+00:00,0x2A6,000005B3FFFFDCAB
2026-09-25T16:41:55.153730+00:00,0x2A7,000004D100002CFF
2026-09-25T16:41:55.153958+00:00,0x2A9,FFFF86E500000000
2026-09-25T16:41:55.155381+00:00,0x2A1,0100020000000000
2026-09-25T16:41:55.157442+00:00,0x2A5,000005A8FFFF6DAF
2026-09-25T16:41:55.157687+00:00,0x2A6,000005B3FFFFDCAB
2026-09-25T16:41:55.157914+00:00,0x2A7,000004DD00002CFF
2026-09-25T16:41:55.158111+00:00,0x2A9,FFFF86E500000000
2026-09-25T16:41:55.160318+00:00,0x2A1,0100020000000000
2026-09-25T16:41:55.162356+00:00,0x2A5,000005A2FFFF6DAF
2026-09-25T16:41:55.162552+00:00,0x2A6,000005B3FFFFDCAB
2026-09-25T16:41:55.162873+00:00,0x2A7,000004D500002D17
2026-09-25T16:41:55.163002+00:00,0x2A9,FFFF86E500000000
2026-09-25T16:41:55.165335+00:00,0x2A1,0100020000000000
2026-09-25T16:41:55.167644+00:00,0x2A5,000005A8FFFF6DAF
2026-09-25T16:41:55.167841+00:00,0x2A6,000005B3FFFFDCAB
2026-09-25T16:41:55.168044+00:00,0x2A7,000004CF00002D01
2026-09-25T16:41:55.168288+00:00,0x2A9,FFFF86E500000000
2026-09-25T16:41:55.170382+00:00,0x2A1,0100020000000000
2026-09-25T16:41:55.172007+00:00,0x2A5,000005A8FFFF6DAF
2026-09-25T16:41:55.172288+00:00,0x2A6,000005B3FFFFDCAB
2026-09-25T16:41:55.172526+00:00,0x2A7,000004CF00002D01
2026-09-25T16:41:55.172845+00:00,0x2A9,FFFF86E500000000
2026-09-25T16:41:55.175393+00:00,0x2A1,0100020000000000
2026-09-25T16:41:55.177958+00:00,0x2A5,000005A0FFFF6DAF
2026-09-25T16:41:55.178159+00:00,0x2A6,000005B3FFFFDCAB
2026-09-25T16:41:55.178399+00:00,0x2A7,000004E300002D09
2026-09-25T16:41:55.178644+00:00,0x2A9,FFFF86E500000000
2026-09-25T16:41:55.180392+00:00,0x2A1,0100020000000000
2026-09-25T16:41:55.181492+00:00,0x2A5,000005A9FFFF6DAF
2026-09-25T16:41:55.181873+00:00,0x2A6,000005B3FFFFDCAB
2026-09-25T16:41:55.182087+00:00,0x2A7,000004CE00002D0F
2026-09-25T16:41:55.182374+00:00,0x2A9,FFFF86E500000000
2026-09-25T16:41:55.185349+00:00,0x2A1,0100020000000000
2026-09-25T16:41:55.188245+00:00,0x2A5,000005A9FFFF6DAF
2026-09-25T16:41:55.188480+00:00,0x2A6,000005B3FFFFDCAB
2026-09-25T16:41:55.188687+00:00,0x2A7,000004CE00002D03
2026-09-25T16:41:55.188915+00:00,0x2A9,FFFF86E500000000
2026-09-25T16:41:55.190687+00:00,0x2A1,0100020000000000
2026-09-25T16:41:55.193442+00:00,0x2A5,000005A1FFFF6DAF
2026-09-25T16:41:55.193687+00:00,0x2A6,000005B3FFFFDCAB
2026-09-25T16:41:55.193915+00:00,0x2A7,000004DF00002D03
2026-09-25T16:41:55.194159+00:00,0x2A9,FFFF86E500000000
2026-09-25T16:41:55.195360+00:00,0x2A1,0100020000000000
2026-09-25T16:41:55.197482+00:00,0x2A5,000005A7FFFF6DAF
2026-09-25T16:41:55.197729+00:00,0x2A6,000005B3FFFFDCAB
2026-09-25T16:41:55.197958+00:00,0x2A7,000004D500002D12
2026-09-25T16:41:55.198159+00:00,0x2A9,FFFF86E500000000
2026-09-25T16:41:55.200300+00:00,0x2A1,0100020000000000
2026-09-25T16:41:55.202442+00:00,0x2A5,000005A2FFFF6DAF
2026-09-25T16:41:55.202644+00:00,0x2A6,000005B3FFFFDCAB
2026-09-25T16:41:55.202914+00:00,0x2A7,000004D200002CFF
2026-09-25T16:41:55.203117+00:00,0x2A9,FFFF86E500000000
2026-09-25T16:41:55.205335+00:00,0x2A1,0100020000000000
2026-09-25T16:41:55.207526+00:00,0x2A5,000005A2FFFF6DAF
2026-09-25T16:41:55.207731+00:00,0x2A6,000005B3FFFFDCAB
2026-09-25T16:41:55.207958+00:00,0x2A7,000004D200002CFF
2026-09-25T16:41:55.208202+00:00,0x2A9,FFFF86E500000000
2026-09-25T16:41:55.210330+00:00,0x2A1,0100020000000000
2026-09-25T16:41:55.213111+00:00,0x2A5,000005A3FFFF6DAF
2026-09-25T16:41:55.213353+00:00,0x2A6,000005B3FFFFDCAB
2026-09-25T16:41:55.213547+00:00,0x2A7,000004E400002D14
2026-09-25T16:41:55.213838+00:00,0x2A9,FFFF86E500000000
2026-09-25T16:41:55.215375+00:00,0x2A1,0100020000000000
2026-09-25T16:41:55.217442+00:00,0x2A5,000005A4FFFF6DAF
2026-09-25T16:41:55.217687+00:00,0x2A6,000005B3FFFFDCAB
2026-09-25T16:41:55.217915+00:00,0x2A7,000004CF00002D02
2026-09-25T16:41:55.218111+00:00,0x2A9,FFFF86E500000000
2026-09-25T16:41:55.220317+00:00,0x2A1,0100020000000000
2026-09-25T16:41:55.222356+00:00,0x2A5,000005A4FFFF6DAF
2026-09-25T16:41:55.222603+00:00,0x2A6,000005B3FFFFDCAB
2026-09-25T16:41:55.222849+00:00,0x2A7,000004CF00002D0E
2026-09-25T16:41:55.223045+00:00,0x2A9,FFFF86E500000000
2026-09-25T16:41:55.225421+00:00,0x2A1,0100020000000000
2026-09-25T16:41:55.230914+00:00,0x2A5,000005A9FFFF6DAF
2026-09-25T16:41:55.231202+00:00,0x2A6,000005B3FFFFDCAB
2026-09-25T16:41:55.231478+00:00,0x2A7,000004E200002D0E
2026-09-25T16:41:55.231730+00:00,0x2A9,FFFF86E500000000
2026-09-25T16:41:55.232068+00:00,0x2A1,0100020000000000
2026-09-25T16:41:55.234396+00:00,0x2A5,000005A2FFFF6DAF
2026-09-25T16:41:55.234642+00:00,0x2A6,000005B3FFFFDCAB
2026-09-25T16:41:55.234861+00:00,0x2A7,000004D000002D0A
2026-09-25T16:41:55.235108+00:00,0x2A9,FFFF86E500000000
2026-09-25T16:41:55.236312+00:00,0x2A1,0100020000000000
2026-09-25T16:41:55.236570+00:00,0x2A5,000005A2FFFF6DAF
2026-09-25T16:41:55.236839+00:00,0x2A6,000005B3FFFFDCAB
2026-09-25T16:41:55.237087+00:00,0x2A7,000004D000002D03
2026-09-25T16:41:55.237374+00:00,0x2A9,FFFF86E500000000
2026-09-25T16:41:55.240319+00:00,0x2A1,0100020000000000
2026-09-25T16:41:55.242476+00:00,0x2A5,000005A9FFFF6DAF
2026-09-25T16:41:55.242687+00:00,0x2A6,000005B3FFFFDCAB
2026-09-25T16:41:55.242914+00:00,0x2A7,000004D100002D03
2026-09-25T16:41:55.243159+00:00,0x2A9,FFFF86E500000000
2026-09-25T16:41:55.245335+00:00,0x2A1,0100020000000000
2026-09-25T16:41:55.247864+00:00,0x2A5,000005A2FFFF6DAF
2026-09-25T16:41:55.248000+00:00,0x2A6,000005B3FFFFDCAB
2026-09-25T16:41:55.248245+00:00,0x2A7,000004E000002D14
2026-09-25T16:41:55.248442+00:00,0x2A9,FFFF86E500000000
2026-09-25T16:41:55.250330+00:00,0x2A1,0100020000000000
2026-09-25T16:41:55.253159+00:00,0x2A5,000005A8FFFF6DAF
2026-09-25T16:41:55.253399+00:00,0x2A6,000005B3FFFFDCAB
2026-09-25T16:41:55.253600+00:00,0x2A7,000004D100002CFF
2026-09-25T16:41:55.253841+00:00,0x2A9,FFFF86E500000000
2026-09-25T16:41:55.255374+00:00,0x2A1,0100020000000000
2026-09-25T16:41:55.257547+00:00,0x2A5,000005A8FFFF6DAF
2026-09-25T16:41:55.257839+00:00,0x2A6,000005B3FFFFDCAB
2026-09-25T16:41:55.258001+00:00,0x2A7,000004D100002D16
2026-09-25T16:41:55.258245+00:00,0x2A9,FFFF86E500000000
2026-09-25T16:41:55.260317+00:00,0x2A1,0100020000000000
2026-09-25T16:41:55.262552+00:00,0x2A5,0000059FFFFF6DAF
2026-09-25T16:41:55.262850+00:00,0x2A6,000005B3FFFFDCAB
2026-09-25T16:41:55.263002+00:00,0x2A7,000004E600002D16
2026-09-25T16:41:55.263245+00:00,0x2A9,FFFF86E500000000
2026-09-25T16:41:55.265335+00:00,0x2A1,0100020000000000
2026-09-25T16:41:55.267601+00:00,0x2A5,000005A8FFFF6DAF
2026-09-25T16:41:55.267841+00:00,0x2A6,000005B3FFFFDCAB
2026-09-25T16:41:55.268044+00:00,0x2A7,000004D100002D01
2026-09-25T16:41:55.268245+00:00,0x2A9,FFFF86E500000000
2026-09-25T16:41:55.270357+00:00,0x2A1,0100020000000000
2026-09-25T16:41:55.272399+00:00,0x2A5,000005A1FFFF6DAF
2026-09-25T16:41:55.273248+00:00,0x2A6,000005B3FFFFDCAB
2026-09-25T16:41:55.273442+00:00,0x2A7,000004D200002D14
2026-09-25T16:41:55.273687+00:00,0x2A9,FFFF86E500000000
2026-09-25T16:41:55.275313+00:00,0x2A1,0100020000000000
2026-09-25T16:41:55.277526+00:00,0x2A5,000005A1FFFF6DAF
2026-09-25T16:41:55.277864+00:00,0x2A6,000005B3FFFFDCAB
2026-09-25T16:41:55.278001+00:00,0x2A7,000004D200002D14
2026-09-25T16:41:55.278245+00:00,0x2A9,FFFF86E500000000
2026-09-25T16:41:55.280402+00:00,0x2A1,0100020000000000
2026-09-25T16:41:55.283087+00:00,0x2A5,000005A6FFFF6DAF
2026-09-25T16:41:55.283331+00:00,0x2A6,000005B3FFFFDCAB
2026-09-25T16:41:55.283577+00:00,0x2A7,000004E100002D00
2026-09-25T16:41:55.283839+00:00,0x2A9,FFFF86E500000000
2026-09-25T16:41:55.285435+00:00,0x2A1,0100020000000000
2026-09-25T16:41:55.289087+00:00,0x2A5,000005A2FFFF6DAF
2026-09-25T16:41:55.289331+00:00,0x2A6,000005B3FFFFDCAB
2026-09-25T16:41:55.289570+00:00,0x2A7,000004D200002D0D
2026-09-25T16:41:55.289840+00:00,0x2A9,FFFF86E500000000
2026-09-25T16:41:55.291839+00:00,0x2A1,0100020000000000
2026-09-25T16:41:55.293841+00:00,0x2A5,000005A2FFFF6DAF
2026-09-25T16:41:55.294087+00:00,0x2A6,000005B3FFFFDCAB
2026-09-25T16:41:55.294287+00:00,0x2A7,000004D200002D0B
2026-09-25T16:41:55.294476+00:00,0x2A9,FFFF86E500000000
2026-09-25T16:41:55.295441+00:00,0x2A1,0100020000000000
2026-09-25T16:41:55.297914+00:00,0x2A5,000005A7FFFF6DAF
2026-09-25T16:41:55.298110+00:00,0x2A6,000005B3FFFFDCAB
2026-09-25T16:41:55.298353+00:00,0x2A7,000004E200002D0B
2026-09-25T16:41:55.298556+00:00,0x2A9,FFFF86E500000000
2026-09-25T16:41:55.300331+00:00,0x2A1,0100020000000000
2026-09-25T16:41:55.302599+00:00,0x2A5,000005A2FFFF6DAF
2026-09-25T16:41:55.302839+00:00,0x2A6,000005B3FFFFDCAB
2026-09-25T16:41:55.303044+00:00,0x2A7,000004D200002D02
2026-09-25T16:41:55.303245+00:00,0x2A9,FFFF86E500000000
2026-09-25T16:41:55.305292+00:00,0x2A1,0100020000000000
2026-09-25T16:41:55.307861+00:00,0x2A5,000005A6FFFF6DAF
2026-09-25T16:41:55.308043+00:00,0x2A6,000005B3FFFFDCAB
2026-09-25T16:41:55.308244+00:00,0x2A7,000004D300002D14
2026-09-25T16:41:55.308476+00:00,0x2A9,FFFF86E500000000
2026-09-25T16:41:55.310331+00:00,0x2A1,0100020000000000
2026-09-25T16:41:55.313108+00:00,0x2A5,000005A6FFFF6DAF
2026-09-25T16:41:55.313310+00:00,0x2A6,000005B3FFFFDCAB
2026-09-25T16:41:55.313547+00:00,0x2A7,000004D300002D14
2026-09-25T16:41:55.313838+00:00,0x2A9,FFFF86E500000000
2026-09-25T16:41:55.315332+00:00,0x2A1,0100020000000000
2026-09-25T16:41:55.317599+00:00,0x2A5,000005A2FFFF6DAF
2026-09-25T16:41:55.317839+00:00,0x2A6,000005B3FFFFDCAB
2026-09-25T16:41:55.318043+00:00,0x2A7,000004E200002CFF
2026-09-25T16:41:55.318245+00:00,0x2A9,FFFF86E500000000
2026-09-25T16:41:55.320360+00:00,0x2A1,0100020000000000
2026-09-25T16:41:55.322399+00:00,0x2A5,000005A7FFFF6DAF
2026-09-25T16:41:55.322644+00:00,0x2A6,000005B3FFFFDCAB
2026-09-25T16:41:55.322863+00:00,0x2A7,000004CF00002D16
2026-09-25T16:41:55.323107+00:00,0x2A9,FFFF86E500000000
2026-09-25T16:41:55.325357+00:00,0x2A1,0100020000000000
2026-09-25T16:41:55.327547+00:00,0x2A5,000005A7FFFF6DAF
2026-09-25T16:41:55.327838+00:00,0x2A6,000005B3FFFFDCAB
2026-09-25T16:41:55.328044+00:00,0x2A7,000004CF00002D00
2026-09-25T16:41:55.328288+00:00,0x2A9,FFFF86E500000000
2026-09-25T16:41:55.330374+00:00,0x2A1,0100020000000000
2026-09-25T16:41:55.333288+00:00,0x2A5,000005A2FFFF6DAF
2026-09-25T16:41:55.333526+00:00,0x2A6,000005B3FFFFDCAB
2026-09-25T16:41:55.333838+00:00,0x2A7,000004E700002D00
2026-09-25T16:41:55.334087+00:00,0x2A9,FFFF86E500000000
2026-09-25T16:41:55.335374+00:00,0x2A1,0100020000000000
2026-09-25T16:41:55.336864+00:00,0x2A5,000005A6FFFF6DAF
2026-09-25T16:41:55.337087+00:00,0x2A6,000005B3FFFFDCAB
2026-09-25T16:41:55.337839+00:00,0x2A7,000004CD00002D15
2026-09-25T16:41:55.338087+00:00,0x2A9,FFFF86E500000000
2026-09-25T16:41:55.340365+00:00,0x2A1,0100020000000000
2026-09-25T16:41:55.342087+00:00,0x2A5,000005A2FFFF6DAF
2026-09-25T16:41:55.342288+00:00,0x2A6,000005B3FFFFDCAB
2026-09-25T16:41:55.342577+00:00,0x2A7,000004DB00002D01
2026-09-25T16:41:55.342839+00:00,0x2A9,FFFF86E500000000
2026-09-25T16:41:55.345349+00:00,0x2A1,0100020000000000
2026-09-25T16:41:55.347838+00:00,0x2A5,000005A2FFFF6DAF
2026-09-25T16:41:55.348044+00:00,0x2A6,000005B3FFFFDCAB
2026-09-25T16:41:55.348245+00:00,0x2A7,000004DB00002D01
2026-09-25T16:41:55.348482+00:00,0x2A9,FFFF86E500000000
2026-09-25T16:41:55.350442+00:00,0x2A1,0100020000000000
2026-09-25T16:41:55.352480+00:00,0x2A5,000005A7FFFF6DAF
2026-09-25T16:41:55.352729+00:00,0x2A6,000005B3FFFFDCAB
2026-09-25T16:41:55.352957+00:00,0x2A7,000004D800002D09
2026-09-25T16:41:55.353159+00:00,0x2A9,FFFF86E500000000
2026-09-25T16:41:55.355352+00:00,0x2A1,0100020000000000
2026-09-25T16:41:55.357572+00:00,0x2A5,000005A2FFFF6DAF
2026-09-25T16:41:55.357839+00:00,0x2A6,000005B3FFFFDCAB
2026-09-25T16:41:55.358001+00:00,0x2A7,000004D100002D0A
2026-09-25T16:41:55.358244+00:00,0x2A9,FFFF86E500000000
2026-09-25T16:41:55.360317+00:00,0x2A1,0100020000000000
2026-09-25T16:41:55.362862+00:00,0x2A5,000005A2FFFF6DAF
2026-09-25T16:41:55.363108+00:00,0x2A6,000005B3FFFFDCAB
2026-09-25T16:41:55.363310+00:00,0x2A7,000004D100002D02
2026-09-25T16:41:55.363547+00:00,0x2A9,FFFF86E500000000
2026-09-25T16:41:55.365391+00:00,0x2A1,0100020000000000
2026-09-25T16:41:55.367547+00:00,0x2A5,000005A7FFFF6DAF
2026-09-25T16:41:55.367838+00:00,0x2A6,000005B3FFFFDCAB
2026-09-25T16:41:55.368086+00:00,0x2A7,000004E500002D02
2026-09-25T16:41:55.368288+00:00,0x2A9,FFFF86E500000000
2026-09-25T16:41:55.370356+00:00,0x2A1,0100020000000000
2026-09-25T16:41:55.373159+00:00,0x2A5,000005A2FFFF6DAF
2026-09-25T16:41:55.373399+00:00,0x2A6,000005B3FFFFDCAB
2026-09-25T16:41:55.373601+00:00,0x2A7,000004D200002D16
2026-09-25T16:41:55.373841+00:00,0x2A9,FFFF86E500000000
2026-09-25T16:41:55.375417+00:00,0x2A1,0100020000000000
2026-09-25T16:41:55.377627+00:00,0x2A5,000005A7FFFF6DAF
2026-09-25T16:41:55.377870+00:00,0x2A6,000005B3FFFFDCAB
2026-09-25T16:41:55.378067+00:00,0x2A7,000004D900002D02
2026-09-25T16:41:55.378310+00:00,0x2A9,FFFF86E500000000
2026-09-25T16:41:55.380300+00:00,0x2A1,0100020000000000
2026-09-25T16:41:55.382547+00:00,0x2A5,000005A7FFFF6DAF
2026-09-25T16:41:55.382838+00:00,0x2A6,000005B3FFFFDCAB
2026-09-25T16:41:55.383001+00:00,0x2A7,000004D900002D02
2026-09-25T16:41:55.383202+00:00,0x2A9,FFFF86E500000000
2026-09-25T16:41:55.385480+00:00,0x2A1,0100020000000000
2026-09-25T16:41:55.388159+00:00,0x2A5,000005A2FFFF6DAF
2026-09-25T16:41:55.388399+00:00,0x2A6,000005B3FFFFDCAB
2026-09-25T16:41:55.388644+00:00,0x2A7,000004DA00002D15
2026-09-25T16:41:55.388982+00:00,0x2A9,FFFF86E500000000
2026-09-25T16:41:55.391240+00:00,0x2A1,0100020000000000
2026-09-25T16:41:55.393642+00:00,0x2A5,000005A6FFFF6DAF
2026-09-25T16:41:55.393914+00:00,0x2A6,000005B3FFFFDCAB
2026-09-25T16:41:55.394111+00:00,0x2A7,000004CF00002D02
2026-09-25T16:41:55.394353+00:00,0x2A9,FFFF86E500000000
2026-09-25T16:41:55.395353+00:00,0x2A1,0100020000000000
2026-09-25T16:41:55.397839+00:00,0x2A5,000005A6FFFF6DAF
2026-09-25T16:41:55.398001+00:00,0x2A6,000005B3FFFFDCAB
2026-09-25T16:41:55.398244+00:00,0x2A7,000004CF00002D0A
2026-09-25T16:41:55.398476+00:00,0x2A9,FFFF86E500000000
2026-09-25T16:41:55.400360+00:00,0x2A1,0100020000000000
2026-09-25T16:41:55.402730+00:00,0x2A5,000005A2FFFF6DAF
2026-09-25T16:41:55.402958+00:00,0x2A6,000005B3FFFFDCAB
2026-09-25T16:41:55.403159+00:00,0x2A7,000004E500002D0A
2026-09-25T16:41:55.403399+00:00,0x2A9,FFFF86E500000000
2026-09-25T16:41:55.405421+00:00,0x2A1,0100020000000000
2026-09-25T16:41:55.407547+00:00,0x2A5,000005A6FFFF6DAF
2026-09-25T16:41:55.407837+00:00,0x2A6,000005B3FFFFDCAB
2026-09-25T16:41:55.408043+00:00,0x2A7,000004CF00002D0C
2026-09-25T16:41:55.408244+00:00,0x2A9,FFFF86E500000000
2026-09-25T16:41:55.410335+00:00,0x2A1,0100020000000000
2026-09-25T16:41:55.413442+00:00,0x2A5,000005A6FFFF6DAF
2026-09-25T16:41:55.413644+00:00,0x2A6,000005B3FFFFDCAB
2026-09-25T16:41:55.413863+00:00,0x2A7,000004CF00002D04
2026-09-25T16:41:55.414065+00:00,0x2A9,FFFF86E500000000
2026-09-25T16:41:55.415339+00:00,0x2A1,0100020000000000
2026-09-25T16:41:55.417547+00:00,0x2A5,000005A3FFFF6DAF
2026-09-25T16:41:55.417837+00:00,0x2A6,000005B3FFFFDCAB
2026-09-25T16:41:55.418000+00:00,0x2A7,000004E300002D04
2026-09-25T16:41:55.418201+00:00,0x2A9,FFFF86E500000000
2026-09-25T16:41:55.420317+00:00,0x2A1,0100020000000000
2026-09-25T16:41:55.422687+00:00,0x2A5,000005A3FFFF6DAF
2026-09-25T16:41:55.422914+00:00,0x2A6,000005B3FFFFDCAB
2026-09-25T16:41:55.423159+00:00,0x2A7,000004CE00002D10
2026-09-25T16:41:55.423356+00:00,0x2A9,FFFF86E500000000
2026-09-25T16:41:55.425373+00:00,0x2A1,0100020000000000
2026-09-25T16:41:55.427626+00:00,0x2A5,000005A4FFFF6DAF
2026-09-25T16:41:55.427870+00:00,0x2A6,000005B3FFFFDCAB
2026-09-25T16:41:55.428110+00:00,0x2A7,000004CF00002D04
2026-09-25T16:41:55.428353+00:00,0x2A9,FFFF86E500000000
2026-09-25T16:41:55.430311+00:00,0x2A1,0100020000000000
2026-09-25T16:41:55.433245+00:00,0x2A5,000005A4FFFF6DAF
2026-09-25T16:41:55.433687+00:00,0x2A6,000005B3FFFFDCAB
2026-09-25T16:41:55.433914+00:00,0x2A7,000004CF00002D04
2026-09-25T16:41:55.434159+00:00,0x2A9,FFFF86E500000000
2026-09-25T16:41:55.435403+00:00,0x2A1,0100020000000000
2026-09-25T16:41:55.438044+00:00,0x2A5,000005A2FFFF6DAF
2026-09-25T16:41:55.438331+00:00,0x2A6,000005B3FFFFDCAB
2026-09-25T16:41:55.438577+00:00,0x2A7,000004E500002D11
2026-09-25T16:41:55.438839+00:00,0x2A9,FFFF86E500000000
2026-09-25T16:41:55.441682+00:00,0x2A1,0100020000000000
2026-09-25T16:41:55.443837+00:00,0x2A5,000005A5FFFF6DAF
2026-09-25T16:41:55.444043+00:00,0x2A6,000005B3FFFFDCAB
2026-09-25T16:41:55.444511+00:00,0x2A7,000004CE00002D04
2026-09-25T16:41:55.444835+00:00,0x2A9,FFFF86E500000000
2026-09-25T16:41:55.445391+00:00,0x2A1,0100020000000000
2026-09-25T16:41:55.448128+00:00,0x2A5,000005A2FFFF6DAF
2026-09-25T16:41:55.448373+00:00,0x2A6,000005B3FFFFDCAB
2026-09-25T16:41:55.448619+00:00,0x2A7,000004E400002D0F
2026-09-25T16:41:55.448838+00:00,0x2A9,FFFF86E500000000
2026-09-25T16:41:55.450859+00:00,0x2A1,0100020000000000
2026-09-25T16:41:55.453557+00:00,0x2A5,000005A2FFFF6DAF
2026-09-25T16:41:55.453847+00:00,0x2A6,000005B3FFFFDCAB
2026-09-25T16:41:55.454043+00:00,0x2A7,000004E400002D0F
2026-09-25T16:41:55.454243+00:00,0x2A9,FFFF86E500000000
2026-09-25T16:41:55.455343+00:00,0x2A1,0100020000000000
2026-09-25T16:41:55.457685+00:00,0x2A5,000005A6FFFF6DAF
2026-09-25T16:41:55.457913+00:00,0x2A6,000005B3FFFFDCAB
2026-09-25T16:41:55.458109+00:00,0x2A7,000004CE00002D05
2026-09-25T16:41:55.458351+00:00,0x2A9,FFFF86E500000000
2026-09-25T16:41:55.460361+00:00,0x2A1,0100020000000000
2026-09-25T16:41:55.462598+00:00,0x2A5,000005A2FFFF6DAF
2026-09-25T16:41:55.462838+00:00,0x2A6,000005B3FFFFDCAB
2026-09-25T16:41:55.463043+00:00,0x2A7,000004D500002D0A
2026-09-25T16:41:55.463243+00:00,0x2A9,FFFF86E500000000
2026-09-25T16:41:55.465340+00:00,0x2A1,0100020000000000
2026-09-25T16:41:55.469158+00:00,0x2A5,000005A2FFFF6DAF
2026-09-25T16:41:55.469398+00:00,0x2A6,000005B3FFFFDCAB
2026-09-25T16:41:55.469600+00:00,0x2A7,000004D500002D0A
2026-09-25T16:41:55.469841+00:00,0x2A9,FFFF86E500000000
2026-09-25T16:41:55.471730+00:00,0x2A1,0100020000000000
2026-09-25T16:41:55.474483+00:00,0x2A5,000005A6FFFF6DAF
2026-09-25T16:41:55.474685+00:00,0x2A6,000005B3FFFFDCAB
2026-09-25T16:41:55.474913+00:00,0x2A7,000004E200002D0A
2026-09-25T16:41:55.475158+00:00,0x2A9,FFFF86E500000000
2026-09-25T16:41:55.475398+00:00,0x2A1,0100020000000000
2026-09-25T16:41:55.477442+00:00,0x2A5,000005A2FFFF6DAF
2026-09-25T16:41:55.477643+00:00,0x2A6,000005B3FFFFDCAB
2026-09-25T16:41:55.477862+00:00,0x2A7,000004D200002D05
2026-09-25T16:41:55.478107+00:00,0x2A9,FFFF86E500000000
2026-09-25T16:41:55.480292+00:00,0x2A1,0100020000000000
2026-09-25T16:41:55.482644+00:00,0x2A5,000005A6FFFF6DAF
2026-09-25T16:41:55.482863+00:00,0x2A6,000005B3FFFFDCAB
2026-09-25T16:41:55.483065+00:00,0x2A7,000004D200002D10
2026-09-25T16:41:55.483310+00:00,0x2A9,FFFF86E500000000
2026-09-25T16:41:55.485340+00:00,0x2A1,0100020000000000
2026-09-25T16:41:55.487602+00:00,0x2A5,000005A6FFFF6DAF
2026-09-25T16:41:55.487849+00:00,0x2A6,000005B3FFFFDCAB
2026-09-25T16:41:55.488088+00:00,0x2A7,000004E300002D10
2026-09-25T16:41:55.488288+00:00,0x2A9,FFFF86E500000000
2026-09-25T16:41:55.490335+00:00,0x2A1,0100020000000000
2026-09-25T16:41:55.493159+00:00,0x2A5,000005A3FFFF6DAF
2026-09-25T16:41:55.493402+00:00,0x2A6,000005B3FFFFDCAB
2026-09-25T16:41:55.493601+00:00,0x2A7,000004D100002D03
2026-09-25T16:41:55.493914+00:00,0x2A9,FFFF86E500000000
2026-09-25T16:41:55.495375+00:00,0x2A1,0100020000000000
2026-09-25T16:41:55.496580+00:00,0x2A5,000005A7FFFF6DAF
2026-09-25T16:41:55.496848+00:00,0x2A6,000005B3FFFFDCAB
2026-09-25T16:41:55.497087+00:00,0x2A7,000004D200002D11
2026-09-25T16:41:55.497330+00:00,0x2A9,FFFF86E500000000
2026-09-25T16:41:55.500417+00:00,0x2A1,0100020000000000
2026-09-25T16:41:55.503087+00:00,0x2A5,000005A7FFFF6DAF
2026-09-25T16:41:55.503287+00:00,0x2A6,000005B3FFFFDCAB
2026-09-25T16:41:55.503525+00:00,0x2A7,000004D200002D03
2026-09-25T16:41:55.503731+00:00,0x2A9,FFFF86E500000000
2026-09-25T16:41:55.505330+00:00,0x2A1,0100020000000000
2026-09-25T16:41:55.507643+00:00,0x2A5,000005A2FFFF6DAF
2026-09-25T16:41:55.507862+00:00,0x2A6,000005B3FFFFDCAB
2026-09-25T16:41:55.508107+00:00,0x2A7,000004E100002D03
2026-09-25T16:41:55.508352+00:00,0x2A9,FFFF86E500000000
2026-09-25T16:41:55.510356+00:00,0x2A1,0100020000000000
2026-09-25T16:41:55.513064+00:00,0x2A5,000005A6FFFF6DAF
2026-09-25T16:41:55.513313+00:00,0x2A6,000005B3FFFFDCAB
2026-09-25T16:41:55.513498+00:00,0x2A7,000004D200002D11
2026-09-25T16:41:55.513860+00:00,0x2A9,FFFF86E500000000
2026-09-25T16:41:55.515331+00:00,0x2A1,0100020000000000
2026-09-25T16:41:55.517643+00:00,0x2A5,000005A6FFFF6DAF
2026-09-25T16:41:55.517862+00:00,0x2A6,000005B3FFFFDCAB
2026-09-25T16:41:55.518064+00:00,0x2A7,000004D200002D03
2026-09-25T16:41:55.518309+00:00,0x2A9,FFFF86E500000000
2026-09-25T16:41:55.520299+00:00,0x2A1,0100020000000000
2026-09-25T16:41:55.522441+00:00,0x2A5,000005A2FFFF6DAF
2026-09-25T16:41:55.522643+00:00,0x2A6,000005B3FFFFDCAB
2026-09-25T16:41:55.522863+00:00,0x2A7,000004E200002D03
2026-09-25T16:41:55.523107+00:00,0x2A9,FFFF86E500000000
2026-09-25T16:41:55.525360+00:00,0x2A1,0100020000000000
2026-09-25T16:41:55.527687+00:00,0x2A5,000005A6FFFF6DAF
2026-09-25T16:41:55.527914+00:00,0x2A6,000005B3FFFFDCAB
2026-09-25T16:41:55.528159+00:00,0x2A7,000004D000002D11
2026-09-25T16:41:55.528356+00:00,0x2A9,FFFF86E500000000
2026-09-25T16:41:55.530311+00:00,0x2A1,0100020000000000
2026-09-25T16:41:55.533244+00:00,0x2A5,000005A2FFFF6DAF
2026-09-25T16:41:55.533441+00:00,0x2A6,000005B3FFFFDCAB
2026-09-25T16:41:55.533686+00:00,0x2A7,000004DD00002D02
2026-09-25T16:41:55.533913+00:00,0x2A9,FFFF86E500000000
2026-09-25T16:41:55.535339+00:00,0x2A1,0100020000000000
2026-09-25T16:41:55.537644+00:00,0x2A5,000005A2FFFF6DAF
2026-09-25T16:41:55.537863+00:00,0x2A6,000005B3FFFFDCAB
2026-09-25T16:41:55.538064+00:00,0x2A7,000004DD00002D0F
2026-09-25T16:41:55.538266+00:00,0x2A9,FFFF86E500000000
2026-09-25T16:41:55.540317+00:00,0x2A1,0100020000000000
2026-09-25T16:41:55.542560+00:00,0x2A5,000005A6FFFF6DAF
2026-09-25T16:41:55.542848+00:00,0x2A6,000005B3FFFFDCAB
2026-09-25T16:41:55.543045+00:00,0x2A7,000004D300002D0F
2026-09-25T16:41:55.543244+00:00,0x2A9,FFFF86E500000000
2026-09-25T16:41:55.545377+00:00,0x2A1,0100020000000000
2026-09-25T16:41:55.548087+00:00,0x2A5,000005A2FFFF6DAF
2026-09-25T16:41:55.548373+00:00,0x2A6,000005B3FFFFDCAB
2026-09-25T16:41:55.548663+00:00,0x2A7,000004D200002D05
2026-09-25T16:41:55.548958+00:00,0x2A9,FFFF86E500000000
2026-09-25T16:41:55.551442+00:00,0x2A1,0100020000000000
2026-09-25T16:41:55.551663+00:00,0x2A5,000005A2FFFF6DAF
2026-09-25T16:41:55.553839+00:00,0x2A6,000005B3FFFFDCAB
2026-09-25T16:41:55.554087+00:00,0x2A7,000004D200002D05
2026-09-25T16:41:55.554374+00:00,0x2A9,FFFF86E500000000
2026-09-25T16:41:55.555684+00:00,0x2A1,0100020000000000
2026-09-25T16:41:55.557729+00:00,0x2A5,000005A7FFFF6DAF
2026-09-25T16:41:55.557957+00:00,0x2A6,000005B3FFFFDCAB
2026-09-25T16:41:55.558159+00:00,0x2A7,000004E600002D05
2026-09-25T16:41:55.558398+00:00,0x2A9,FFFF86E500000000
2026-09-25T16:41:55.560312+00:00,0x2A1,0100020000000000
2026-09-25T16:41:55.562913+00:00,0x2A5,000005A2FFFF6DAF
2026-09-25T16:41:55.563110+00:00,0x2A6,000005B3FFFFDCAB
2026-09-25T16:41:55.563308+00:00,0x2A7,000004D100002D0F
2026-09-25T16:41:55.563546+00:00,0x2A9,FFFF86E500000000
2026-09-25T16:41:55.565308+00:00,0x2A1,0100020000000000
2026-09-25T16:41:55.567686+00:00,0x2A5,000005A7FFFF6DAF
2026-09-25T16:41:55.567862+00:00,0x2A6,000005B3FFFFDCAB
2026-09-25T16:41:55.568107+00:00,0x2A7,000004E400002D03
2026-09-25T16:41:55.568352+00:00,0x2A9,FFFF86E500000000
2026-09-25T16:41:55.570614+00:00,0x2A1,0100020000000000
2026-09-25T16:41:55.573498+00:00,0x2A5,000005A7FFFF6DAF
2026-09-25T16:41:55.573924+00:00,0x2A6,000005B3FFFFDCAB
2026-09-25T16:41:55.574107+00:00,0x2A7,000004E400002D03
2026-09-25T16:41:55.574352+00:00,0x2A9,FFFF86E500000000
2026-09-25T16:41:55.575317+00:00,0x2A1,0100020000000000
2026-09-25T16:41:55.577598+00:00,0x2A5,000005A2FFFF6DAF
2026-09-25T16:41:55.577838+00:00,0x2A6,000005B3FFFFDCAB
2026-09-25T16:41:55.578043+00:00,0x2A7,000004D100002D15
2026-09-25T16:41:55.578244+00:00,0x2A9,FFFF86E500000000
2026-09-25T16:41:55.580316+00:00,0x2A1,0100020000000000
2026-09-25T16:41:55.582485+00:00,0x2A5,000005A7FFFF6DAF
2026-09-25T16:41:55.582686+00:00,0x2A6,000005B3FFFFDCAB
2026-09-25T16:41:55.582914+00:00,0x2A7,000004D800002D01
2026-09-25T16:41:55.583159+00:00,0x2A9,FFFF86E500000000
2026-09-25T16:41:55.585298+00:00,0x2A1,0100020000000000
2026-09-25T16:41:55.587441+00:00,0x2A5,000005A7FFFF6DAF
2026-09-25T16:41:55.587687+00:00,0x2A6,000005B3FFFFDCAB
2026-09-25T16:41:55.588159+00:00,0x2A7,000004D800002D14
2026-09-25T16:41:55.588398+00:00,0x2A9,FFFF86E500000000
2026-09-25T16:41:55.590336+00:00,0x2A1,0100020000000000
2026-09-25T16:41:55.593158+00:00,0x2A5,000005A2FFFF6DAF
2026-09-25T16:41:55.593399+00:00,0x2A6,000005B3FFFFDCAB
2026-09-25T16:41:55.593600+00:00,0x2A7,000004DB00002D14
2026-09-25T16:41:55.593825+00:00,0x2A9,FFFF86E500000000
2026-09-25T16:41:55.595442+00:00,0x2A1,0100020000000000
2026-09-25T16:41:55.597863+00:00,0x2A5,000005A6FFFF6DAF
2026-09-25T16:41:55.598087+00:00,0x2A6,000005B3FFFFDCAB
2026-09-25T16:41:55.598330+00:00,0x2A7,000004D000002CFF
2026-09-25T16:41:55.598525+00:00,0x2A9,FFFF86E500000000
2026-09-25T16:41:55.600374+00:00,0x2A1,0100020000000000
2026-09-25T16:41:55.602849+00:00,0x2A5,000005A1FFFF6DAF
2026-09-25T16:41:55.603044+00:00,0x2A6,000005B3FFFFDCAB
2026-09-25T16:41:55.603287+00:00,0x2A7,000004EA00002D15
2026-09-25T16:41:55.603525+00:00,0x2A9,FFFF86E500000000
2026-09-25T16:41:55.605391+00:00,0x2A1,0100020000000000
2026-09-25T16:41:55.609044+00:00,0x2A5,000005A1FFFF6DAF
2026-09-25T16:41:55.609288+00:00,0x2A6,000005B3FFFFDCAB
2026-09-25T16:41:55.609528+00:00,0x2A7,000004EA00002D15
2026-09-25T16:41:55.609730+00:00,0x2A9,FFFF86E500000000
2026-09-25T16:41:55.611839+00:00,0x2A1,0100020000000000
2026-09-25T16:41:55.613848+00:00,0x2A5,000005A6FFFF6DAF
2026-09-25T16:41:55.614045+00:00,0x2A6,000005B3FFFFDCAB
2026-09-25T16:41:55.614244+00:00,0x2A7,000004CE00002D00
2026-09-25T16:41:55.614475+00:00,0x2A9,FFFF86E500000000
2026-09-25T16:41:55.615398+00:00,0x2A1,0100020000000000
2026-09-25T16:41:55.617547+00:00,0x2A5,000005A2FFFF6DAF
2026-09-25T16:41:55.617837+00:00,0x2A6,000005B3FFFFDCAB
2026-09-25T16:41:55.618000+00:00,0x2A7,000004DF00002D0F
2026-09-25T16:41:55.618201+00:00,0x2A9,FFFF86E500000000
2026-09-25T16:41:55.620317+00:00,0x2A1,0100020000000000
2026-09-25T16:41:55.622555+00:00,0x2A5,000005A2FFFF6DAF
2026-09-25T16:41:55.622838+00:00,0x2A6,000005B3FFFFDCAB
2026-09-25T16:41:55.623000+00:00,0x2A7,000004DF00002D07
2026-09-25T16:41:55.623201+00:00,0x2A9,FFFF86E500000000
2026-09-25T16:41:55.625292+00:00,0x2A1,0100020000000000
2026-09-25T16:41:55.627398+00:00,0x2A5,000005A6FFFF6DAF
2026-09-25T16:41:55.627600+00:00,0x2A6,000005B3FFFFDCAB
2026-09-25T16:41:55.628675+00:00,0x2A7,000004D600002D07
2026-09-25T16:41:55.628963+00:00,0x2A9,FFFF86E500000000
2026-09-25T16:41:55.630848+00:00,0x2A1,0100020000000000
2026-09-25T16:41:55.633110+00:00,0x2A5,000005A2FFFF6DAF
2026-09-25T16:41:55.633312+00:00,0x2A6,000005B3FFFFDCAB
2026-09-25T16:41:55.633837+00:00,0x2A7,000004CF00002D0A
2026-09-25T16:41:55.634244+00:00,0x2A9,FFFF86E500000000
2026-09-25T16:41:55.635316+00:00,0x2A1,0100020000000000
2026-09-25T16:41:55.637643+00:00,0x2A5,000005A6FFFF6DAF
2026-09-25T16:41:55.637862+00:00,0x2A6,000005B3FFFFDCAB
2026-09-25T16:41:55.638064+00:00,0x2A7,000004E600002D0C
2026-09-25T16:41:55.638309+00:00,0x2A9,FFFF86E500000000
2026-09-25T16:41:55.640359+00:00,0x2A1,0100020000000000
2026-09-25T16:41:55.642551+00:00,0x2A5,000005A6FFFF6DAF
2026-09-25T16:41:55.642848+00:00,0x2A6,000005B3FFFFDCAB
2026-09-25T16:41:55.643044+00:00,0x2A7,000004E600002D0C
2026-09-25T16:41:55.643244+00:00,0x2A9,FFFF86E500000000
2026-09-25T16:41:55.645334+00:00,0x2A1,0100020000000000
2026-09-25T16:41:55.647441+00:00,0x2A5,000005A2FFFF6DAF
2026-09-25T16:41:55.647643+00:00,0x2A6,000005B3FFFFDCAB
2026-09-25T16:41:55.647862+00:00,0x2A7,000004CD00002CFF
2026-09-25T16:41:55.648107+00:00,0x2A9,FFFF86E500000000
2026-09-25T16:41:55.650727+00:00,0x2A1,0100020000000000
2026-09-25T16:41:55.653110+00:00,0x2A5,000005A6FFFF6DAF
2026-09-25T16:41:55.653331+00:00,0x2A6,000005B3FFFFDCAB
2026-09-25T16:41:55.653577+00:00,0x2A7,000004E700002D1A
2026-09-25T16:41:55.653838+00:00,0x2A9,FFFF86E500000000
2026-09-25T16:41:55.655415+00:00,0x2A1,0100020000000000
2026-09-25T16:41:55.658287+00:00,0x2A5,000005A6FFFF6DAF
2026-09-25T16:41:55.658576+00:00,0x2A6,000005B3FFFFDCAB
2026-09-25T16:41:55.658838+00:00,0x2A7,000004E700002CFE
2026-09-25T16:41:55.659085+00:00,0x2A9,FFFF86E500000000
2026-09-25T16:41:55.660423+00:00,0x2A1,0100020000000000
2026-09-25T16:41:55.662601+00:00,0x2A5,000005A2FFFF6DAF
2026-09-25T16:41:55.662838+00:00,0x2A6,000005B3FFFFDCAB
2026-09-25T16:41:55.663086+00:00,0x2A7,000004D000002CFE
2026-09-25T16:41:55.663525+00:00,0x2A9,FFFF86E500000000
2026-09-25T16:41:55.665348+00:00,0x2A1,0100020000000000
2026-09-25T16:41:55.667600+00:00,0x2A5,000005A6FFFF6DAF
2026-09-25T16:41:55.667840+00:00,0x2A6,000005B3FFFFDCAB
2026-09-25T16:41:55.668086+00:00,0x2A7,000004D200002D19
2026-09-25T16:41:55.668287+00:00,0x2A9,FFFF86E500000000
2026-09-25T16:41:55.670861+00:00,0x2A1,0100020000000000
2026-09-25T16:41:55.672729+00:00,0x2A5,000005A2FFFF6DAF
2026-09-25T16:41:55.672957+00:00,0x2A6,000005B3FFFFDCAB
2026-09-25T16:41:55.673201+00:00,0x2A7,000004E300002D00
2026-09-25T16:41:55.673441+00:00,0x2A9,FFFF86E500000000
2026-09-25T16:41:55.675360+00:00,0x2A1,0100020000000000
2026-09-25T16:41:55.677862+00:00,0x2A5,000005A2FFFF6DAF
2026-09-25T16:41:55.677957+00:00,0x2A6,000005B3FFFFDCAB
2026-09-25T16:41:55.678201+00:00,0x2A7,000004E300002D00
2026-09-25T16:41:55.678398+00:00,0x2A9,FFFF86E500000000
2026-09-25T16:41:55.680361+00:00,0x2A1,0100020000000000
2026-09-25T16:41:55.682598+00:00,0x2A5,000005A6FFFF6DAF
2026-09-25T16:41:55.682838+00:00,0x2A6,000005B3FFFFDCAB
2026-09-25T16:41:55.683043+00:00,0x2A7,000004D000002D10
2026-09-25T16:41:55.683244+00:00,0x2A9,FFFF86E500000000
2026-09-25T16:41:55.685334+00:00,0x2A1,0100020000000000
2026-09-25T16:41:55.687546+00:00,0x2A5,000005A2FFFF6DAF
2026-09-25T16:41:55.687837+00:00,0x2A6,000005B3FFFFDCAB
2026-09-25T16:41:55.688000+00:00,0x2A7,000004E400002D08
2026-09-25T16:41:55.688201+00:00,0x2A9,FFFF86E500000000
2026-09-25T16:41:55.690554+00:00,0x2A1,0100020000000000
2026-09-25T16:41:55.692848+00:00,0x2A5,000005A6FFFF6DAF
2026-09-25T16:41:55.693044+00:00,0x2A6,000005B3FFFFDCAB
2026-09-25T16:41:55.693244+00:00,0x2A7,000004D100002D07
2026-09-25T16:41:55.693482+00:00,0x2A9,FFFF86E500000000
2026-09-25T16:41:55.695316+00:00,0x2A1,0100020000000000
2026-09-25T16:41:55.697600+00:00,0x2A5,000005A6FFFF6DAF
2026-09-25T16:41:55.697865+00:00,0x2A6,000005B3FFFFDCAB
2026-09-25T16:41:55.698043+00:00,0x2A7,000004D100002D07
2026-09-25T16:41:55.698287+00:00,0x2A9,FFFF86E500000000
2026-09-25T16:41:55.700342+00:00,0x2A1,0100020000000000
2026-09-25T16:41:55.702497+00:00,0x2A5,000005A1FFFF6DAF
2026-09-25T16:41:55.702864+00:00,0x2A6,000005B3FFFFDCAB
2026-09-25T16:41:55.702957+00:00,0x2A7,000004D700002D11
2026-09-25T16:41:55.703201+00:00,0x2A9,FFFF86E500000000
2026-09-25T16:41:55.705377+00:00,0x2A1,0100020000000000
2026-09-25T16:41:55.708158+00:00,0x2A5,000005A6FFFF6DAF
2026-09-25T16:41:55.708398+00:00,0x2A6,000005B3FFFFDCAB
2026-09-25T16:41:55.708643+00:00,0x2A7,000004DD00002CFF
2026-09-25T16:41:55.708981+00:00,0x2A9,FFFF86E500000000
2026-09-25T16:41:55.712026+00:00,0x2A1,0100020000000000
2026-09-25T16:41:55.712244+00:00,0x2A5,000005A6FFFF6DAF
2026-09-25T16:41:55.712476+00:00,0x2A6,000005B3FFFFDCAB
2026-09-25T16:41:55.712837+00:00,0x2A7,000004DD00002D18
2026-09-25T16:41:55.713043+00:00,0x2A9,FFFF86E500000000
2026-09-25T16:41:55.716270+00:00,0x2A1,0100020000000000
2026-09-25T16:41:55.718352+00:00,0x2A5,000005A2FFFF6DAF
2026-09-25T16:41:55.718547+00:00,0x2A6,000005B3FFFFDCAB
2026-09-25T16:41:55.718837+00:00,0x2A7,000004CF00002D18
2026-09-25T16:41:55.718957+00:00,0x2A9,FFFF86E500000000
2026-09-25T16:41:55.720381+00:00,0x2A1,0100020000000000
2026-09-25T16:41:55.722476+00:00,0x2A5,000005A6FFFF6DAF
2026-09-25T16:41:55.722686+00:00,0x2A6,000005B3FFFFDCAB
2026-09-25T16:41:55.722914+00:00,0x2A7,000004E700002CFE
2026-09-25T16:41:55.723110+00:00,0x2A9,FFFF86E500000000
2026-09-25T16:41:55.725334+00:00,0x2A1,0100020000000000
2026-09-25T16:41:55.727600+00:00,0x2A5,000005A1FFFF6DAF
2026-09-25T16:41:55.727840+00:00,0x2A6,000005B3FFFFDCAB
2026-09-25T16:41:55.728043+00:00,0x2A7,000004CF00002D1A
2026-09-25T16:41:55.728244+00:00,0x2A9,FFFF86E500000000
2026-09-25T16:41:55.730957+00:00,0x2A1,0100020000000000
2026-09-25T16:41:55.733600+00:00,0x2A5,000005A1FFFF6DAF
2026-09-25T16:41:55.733840+00:00,0x2A6,000005B3FFFFDCAB
2026-09-25T16:41:55.734043+00:00,0x2A7,000004CF00002D1A
2026-09-25T16:41:55.734244+00:00,0x2A9,FFFF86E500000000
2026-09-25T16:41:55.735316+00:00,0x2A1,0100020000000000
2026-09-25T16:41:55.737484+00:00,0x2A5,000005A6FFFF6DAF
2026-09-25T16:41:55.737687+00:00,0x2A6,000005B3FFFFDCAB
2026-09-25T16:41:55.737913+00:00,0x2A7,000004E400002CFE
2026-09-25T16:41:55.738110+00:00,0x2A9,FFFF86E500000000
2026-09-25T16:41:55.740341+00:00,0x2A1,0100020000000000
2026-09-25T16:41:55.742475+00:00,0x2A5,000005A2FFFF6DAF
2026-09-25T16:41:55.742729+00:00,0x2A6,000005B3FFFFDCAB
2026-09-25T16:41:55.742957+00:00,0x2A7,000004D100002D0D
2026-09-25T16:41:55.743158+00:00,0x2A9,FFFF86E500000000
2026-09-25T16:41:55.745291+00:00,0x2A1,0100020000000000
2026-09-25T16:41:55.747689+00:00,0x2A5,000005A2FFFF6DAF
2026-09-25T16:41:55.747914+00:00,0x2A6,000005B3FFFFDCAB
2026-09-25T16:41:55.748111+00:00,0x2A7,000004D100002D0D
2026-09-25T16:41:55.748352+00:00,0x2A9,FFFF86E500000000
2026-09-25T16:41:55.751286+00:00,0x2A1,0100020000000000
2026-09-25T16:41:55.754042+00:00,0x2A5,000005A6FFFF6DAF
2026-09-25T16:41:55.754243+00:00,0x2A6,000005B3FFFFDCAB
2026-09-25T16:41:55.754483+00:00,0x2A7,000004D200002D0A
2026-09-25T16:41:55.754728+00:00,0x2A9,FFFF86E500000000
2026-09-25T16:41:55.755304+00:00,0x2A1,0100020000000000
2026-09-25T16:41:55.757639+00:00,0x2A5,000005A2FFFF6DAF
2026-09-25T16:41:55.757859+00:00,0x2A6,000005B3FFFFDCAB
2026-09-25T16:41:55.758105+00:00,0x2A7,000004E000002CFE
2026-09-25T16:41:55.758393+00:00,0x2A9,FFFF86E500000000
2026-09-25T16:41:55.760375+00:00,0x2A1,0100020000000000
2026-09-25T16:41:55.763104+00:00,0x2A5,000005A2FFFF6DAF
2026-09-25T16:41:55.763350+00:00,0x2A6,000005B3FFFFDCAB
2026-09-25T16:41:55.763596+00:00,0x2A7,000004E000002D18
2026-09-25T16:41:55.763836+00:00,0x2A9,FFFF86E500000000
2026-09-25T16:41:55.765389+00:00,0x2A1,0100020000000000
2026-09-25T16:41:55.768198+00:00,0x2A5,000005A6FFFF6DAF
2026-09-25T16:41:55.768439+00:00,0x2A6,000005B3FFFFDCAB
2026-09-25T16:41:55.770149+00:00,0x2A7,000004CD00002D18
2026-09-25T16:41:55.770271+00:00,0x2A9,FFFF86E500000000
2026-09-25T16:41:55.772108+00:00,0x2A1,0100020000000000
2026-09-25T16:41:55.774105+00:00,0x2A5,000005A2FFFF6DAF
2026-09-25T16:41:55.774332+00:00,0x2A6,000005B3FFFFDCAB
2026-09-25T16:41:55.774496+00:00,0x2A7,000004E400002D00
2026-09-25T16:41:55.774841+00:00,0x2A9,FFFF86E500000000
2026-09-25T16:41:55.775727+00:00,0x2A1,0100020000000000
2026-09-25T16:41:55.777684+00:00,0x2A5,000005A6FFFF6DAF
2026-09-25T16:41:55.777955+00:00,0x2A6,000005B3FFFFDCAB
2026-09-25T16:41:55.778228+00:00,0x2A7,000004CE00002D16
2026-09-25T16:41:55.778396+00:00,0x2A9,FFFF86E500000000
2026-09-25T16:41:55.780357+00:00,0x2A1,0100020000000000
2026-09-25T16:41:55.782567+00:00,0x2A5,000005A6FFFF6DAF
2026-09-25T16:41:55.782836+00:00,0x2A6,000005B3FFFFDCAB
2026-09-25T16:41:55.782955+00:00,0x2A7,000004CE00002D16
2026-09-25T16:41:55.783199+00:00,0x2A9,FFFF86E500000000
2026-09-25T16:41:55.785289+00:00,0x2A1,0100020000000000
2026-09-25T16:41:55.787396+00:00,0x2A5,000005A1FFFF6DAF
2026-09-25T16:41:55.787602+00:00,0x2A6,000005B3FFFFDCAB
2026-09-25T16:41:55.787838+00:00,0x2A7,000004D400002CFE
2026-09-25T16:41:55.788127+00:00,0x2A9,FFFF86E500000000
2026-09-25T16:41:55.791242+00:00,0x2A1,0100020000000000
2026-09-25T16:41:55.793998+00:00,0x2A5,000005A6FFFF6DAF
2026-09-25T16:41:55.794199+00:00,0x2A6,000005B3FFFFDCAB
2026-09-25T16:41:55.794439+00:00,0x2A7,000004E000002D15
2026-09-25T16:41:55.794641+00:00,0x2A9,FFFF86E500000000
2026-09-25T16:41:55.795328+00:00,0x2A1,0100020000000000
2026-09-25T16:41:55.797684+00:00,0x2A5,000005A1FFFF6DAF
2026-09-25T16:41:55.797911+00:00,0x2A6,000005B3FFFFDCAB
2026-09-25T16:41:55.798108+00:00,0x2A7,000004D000002D06
2026-09-25T16:41:55.798350+00:00,0x2A9,FFFF86E500000000
2026-09-25T16:41:55.800315+00:00,0x2A1,0100020000000000
2026-09-25T16:41:55.802481+00:00,0x2A5,000005A1FFFF6DAF
2026-09-25T16:41:55.802684+00:00,0x2A6,000005B3FFFFDCAB
2026-09-25T16:41:55.802912+00:00,0x2A7,000004D000002D06
2026-09-25T16:41:55.803108+00:00,0x2A9,FFFF86E500000000
2026-09-25T16:41:55.805289+00:00,0x2A1,0100020000000000
2026-09-25T16:41:55.807395+00:00,0x2A5,000005A8FFFF6DAF
2026-09-25T16:41:55.807641+00:00,0x2A6,000005B3FFFFDCAB
2026-09-25T16:41:55.807860+00:00,0x2A7,000004E500002D04
2026-09-25T16:41:55.808105+00:00,0x2A9,FFFF86E500000000
2026-09-25T16:41:55.811575+00:00,0x2A1,0100020000000000
2026-09-25T16:41:55.811836+00:00,0x2A5,000005A2FFFF6DAF
2026-09-25T16:41:55.812084+00:00,0x2A6,000005B3FFFFDCAB
2026-09-25T16:41:55.812371+00:00,0x2A7,000004CF00002D14
2026-09-25T16:41:55.812618+00:00,0x2A9,FFFF86E500000000
2026-09-25T16:41:55.815848+00:00,0x2A1,0100020000000000
2026-09-25T16:41:55.818041+00:00,0x2A5,000005A6FFFF6DAF
2026-09-25T16:41:55.818285+00:00,0x2A6,000005B3FFFFDCAB
2026-09-25T16:41:55.818567+00:00,0x2A7,000004D700002D14
2026-09-25T16:41:55.818836+00:00,0x2A9,FFFF86E500000000
2026-09-25T16:41:55.821111+00:00,0x2A1,0100020000000000
2026-09-25T16:41:55.821371+00:00,0x2A5,000005A6FFFF6DAF
2026-09-25T16:41:55.821661+00:00,0x2A6,000005B3FFFFDCAB
2026-09-25T16:41:55.821955+00:00,0x2A7,000004D700002D14
2026-09-25T16:41:55.822199+00:00,0x2A9,FFFF86E500000000
2026-09-25T16:41:55.825332+00:00,0x2A1,0100020000000000
2026-09-25T16:41:55.827523+00:00,0x2A5,000005A1FFFF6DAF
2026-09-25T16:41:55.827728+00:00,0x2A6,000005B3FFFFDCAB
2026-09-25T16:41:55.827955+00:00,0x2A7,000004D800002D17
2026-09-25T16:41:55.828156+00:00,0x2A9,FFFF86E500000000
2026-09-25T16:41:55.831523+00:00,0x2A1,0100020000000000
2026-09-25T16:41:55.833495+00:00,0x2A5,000005A6FFFF6DAF
2026-09-25T16:41:55.834396+00:00,0x2A6,000005B3FFFFDCAB
2026-09-25T16:41:55.834641+00:00,0x2A7,000004CF00002D01
2026-09-25T16:41:55.834838+00:00,0x2A9,FFFF86E500000000
2026-09-25T16:41:55.835330+00:00,0x2A1,0100020000000000
2026-09-25T16:41:55.837395+00:00,0x2A5,000005A6FFFF6DAF
2026-09-25T16:41:55.837641+00:00,0x2A6,000005B3FFFFDCAB
2026-09-25T16:41:55.837860+00:00,0x2A7,000004CF00002D01
2026-09-25T16:41:55.838105+00:00,0x2A9,FFFF86E500000000
2026-09-25T16:41:55.840316+00:00,0x2A1,0100020000000000
2026-09-25T16:41:55.842474+00:00,0x2A5,000005A2FFFF6DAF
2026-09-25T16:41:55.842684+00:00,0x2A6,000005B3FFFFDCAB
2026-09-25T16:41:55.842912+00:00,0x2A7,000004E500002D12
2026-09-25T16:41:55.843108+00:00,0x2A9,FFFF86E500000000
2026-09-25T16:41:55.845294+00:00,0x2A1,0100020000000000
2026-09-25T16:41:55.847642+00:00,0x2A5,000005A7FFFF6DAF
2026-09-25T16:41:55.847861+00:00,0x2A6,000005B3FFFFDCAB
2026-09-25T16:41:55.848063+00:00,0x2A7,000004CE00002D02
2026-09-25T16:41:55.848308+00:00,0x2A9,FFFF86E500000000
2026-09-25T16:41:55.853158+00:00,0x2A1,0100020000000000
2026-09-25T16:41:55.853848+00:00,0x2A5,000005A7FFFF6DAF
2026-09-25T16:41:55.854044+00:00,0x2A6,000005B3FFFFDCAB
2026-09-25T16:41:55.854287+00:00,0x2A7,000004DC00002D02
2026-09-25T16:41:55.854533+00:00,0x2A9,FFFF86E500000000
2026-09-25T16:41:55.855356+00:00,0x2A1,0100020000000000
2026-09-25T16:41:55.857485+00:00,0x2A5,000005A1FFFF6DAF
2026-09-25T16:41:55.857687+00:00,0x2A6,000005B3FFFFDCAB
2026-09-25T16:41:55.857914+00:00,0x2A7,000004DC00002D0F
2026-09-25T16:41:55.858158+00:00,0x2A9,FFFF86E500000000
2026-09-25T16:41:55.860403+00:00,0x2A1,0100020000000000
2026-09-25T16:41:55.861351+00:00,0x2A5,000005A7FFFF6DAF
2026-09-25T16:41:55.861631+00:00,0x2A6,000005B3FFFFDCAB
2026-09-25T16:41:55.861918+00:00,0x2A7,000004D500002D06
2026-09-25T16:41:55.862162+00:00,0x2A9,FFFF86E500000000
2026-09-25T16:41:55.865498+00:00,0x2A1,0100020000000000
2026-09-25T16:41:55.866529+00:00,0x2A5,000005A2FFFF6DAF
2026-09-25T16:41:55.866848+00:00,0x2A6,000005B3FFFFDCAB
2026-09-25T16:41:55.867044+00:00,0x2A7,000004D100002D06
2026-09-25T16:41:55.867287+00:00,0x2A9,FFFF86E500000000
2026-09-25T16:41:55.872086+00:00,0x2A1,0100020000000000
2026-09-25T16:41:55.874107+00:00,0x2A5,000005A2FFFF6DAF
2026-09-25T16:41:55.874641+00:00,0x2A6,000005B3FFFFDCAB
2026-09-25T16:41:55.874860+00:00,0x2A7,000004D100002D11
2026-09-25T16:41:55.875107+00:00,0x2A9,FFFF86E500000000
2026-09-25T16:41:55.876201+00:00,0x2A1,0100020000000000
2026-09-25T16:41:55.878480+00:00,0x2A5,000005A7FFFF6DAF
2026-09-25T16:41:55.878729+00:00,0x2A6,000005B3FFFFDCAB
2026-09-25T16:41:55.878999+00:00,0x2A7,000004E400002D11
2026-09-25T16:41:55.879244+00:00,0x2A9,FFFF86E500000000
2026-09-25T16:41:55.880403+00:00,0x2A1,0100020000000000
2026-09-25T16:41:55.882729+00:00,0x2A5,000005A2FFFF6DAF
2026-09-25T16:41:55.882957+00:00,0x2A6,000005B3FFFFDCAB
2026-09-25T16:41:55.883201+00:00,0x2A7,000004CF00002D02
2026-09-25T16:41:55.883441+00:00,0x2A9,FFFF86E500000000
2026-09-25T16:41:55.885334+00:00,0x2A1,0100020000000000
2026-09-25T16:41:55.887546+00:00,0x2A5,000005A7FFFF6DAF
2026-09-25T16:41:55.887837+00:00,0x2A6,000005B3FFFFDCAB
2026-09-25T16:41:55.887957+00:00,0x2A7,000004DC00002D16
2026-09-25T16:41:55.888201+00:00,0x2A9,FFFF86E500000000
2026-09-25T16:41:55.891838+00:00,0x2A1,0100020000000000
2026-09-25T16:41:55.893602+00:00,0x2A5,000005A7FFFF6DAF
2026-09-25T16:41:55.894001+00:00,0x2A6,000005B3FFFFDCAB
2026-09-25T16:41:55.894244+00:00,0x2A7,000004DC00002D16
2026-09-25T16:41:55.894475+00:00,0x2A9,FFFF86E500000000
2026-09-25T16:41:55.895440+00:00,0x2A1,0100020000000000
2026-09-25T16:41:55.897525+00:00,0x2A5,000005A2FFFF6DAF
2026-09-25T16:41:55.897838+00:00,0x2A6,000005B3FFFFDCAB
2026-09-25T16:41:55.898000+00:00,0x2A7,000004D200002CFF
2026-09-25T16:41:55.898201+00:00,0x2A9,FFFF86E500000000
2026-09-25T16:41:55.900317+00:00,0x2A1,0100020000000000
2026-09-25T16:41:55.902546+00:00,0x2A5,000005A6FFFF6DAF
2026-09-25T16:41:55.902837+00:00,0x2A6,000005B3FFFFDCAB
2026-09-25T16:41:55.903000+00:00,0x2A7,000004CF00002D13
2026-09-25T16:41:55.903244+00:00,0x2A9,FFFF86E500000000
2026-09-25T16:41:55.905294+00:00,0x2A1,0100020000000000
2026-09-25T16:41:55.907441+00:00,0x2A5,000005A6FFFF6DAF
2026-09-25T16:41:55.907686+00:00,0x2A6,000005B3FFFFDCAB
2026-09-25T16:41:55.907913+00:00,0x2A7,000004CF00002D03
2026-09-25T16:41:55.908159+00:00,0x2A9,FFFF86E500000000
2026-09-25T16:41:55.912043+00:00,0x2A1,0100020000000000
2026-09-25T16:41:55.914086+00:00,0x2A5,000005A2FFFF6DAF
2026-09-25T16:41:55.914287+00:00,0x2A6,000005B3FFFFDCAB
2026-09-25T16:41:55.914525+00:00,0x2A7,000004E800002D03
2026-09-25T16:41:55.914730+00:00,0x2A9,FFFF86E500000000
2026-09-25T16:41:55.915686+00:00,0x2A1,0100020000000000
2026-09-25T16:41:55.917836+00:00,0x2A5,000005A6FFFF6DAF
2026-09-25T16:41:55.917999+00:00,0x2A6,000005B3FFFFDCAB
2026-09-25T16:41:55.918243+00:00,0x2A7,000004CF00002D0B
2026-09-25T16:41:55.918441+00:00,0x2A9,FFFF86E500000000
2026-09-25T16:41:55.920316+00:00,0x2A1,0100020000000000
2026-09-25T16:41:55.922484+00:00,0x2A5,000005A1FFFF6DAF
2026-09-25T16:41:55.922729+00:00,0x2A6,000005B3FFFFDCAB
2026-09-25T16:41:55.923043+00:00,0x2A7,000004E100002D0D
2026-09-25T16:41:55.923244+00:00,0x2A9,FFFF86E500000000
2026-09-25T16:41:55.925377+00:00,0x2A1,0100020000000000
2026-09-25T16:41:55.928000+00:00,0x2A5,000005A1FFFF6DAF
2026-09-25T16:41:55.928244+00:00,0x2A6,000005B3FFFFDCAB
2026-09-25T16:41:55.928525+00:00,0x2A7,000004E100002D0D
2026-09-25T16:41:55.928730+00:00,0x2A9,FFFF86E500000000
2026-09-25T16:41:55.932577+00:00,0x2A1,0100020000000000
2026-09-25T16:41:55.934600+00:00,0x2A5,000005A7FFFF6DAF
2026-09-25T16:41:55.935107+00:00,0x2A6,000005B3FFFFDCAB
2026-09-25T16:41:55.935352+00:00,0x2A7,000004D100002D01
2026-09-25T16:41:55.935597+00:00,0x2A9,FFFF86E500000000
2026-09-25T16:41:55.936620+00:00,0x2A1,0100020000000000
2026-09-25T16:41:55.938643+00:00,0x2A5,000005A2FFFF6DAF
2026-09-25T16:41:55.938840+00:00,0x2A6,000005B3FFFFDCAB
2026-09-25T16:41:55.939043+00:00,0x2A7,000004D000002D16
2026-09-25T16:41:55.939287+00:00,0x2A9,FFFF86E500000000
2026-09-25T16:41:55.940316+00:00,0x2A1,0100020000000000
2026-09-25T16:41:55.942476+00:00,0x2A5,000005A2FFFF6DAF
2026-09-25T16:41:55.942729+00:00,0x2A6,000005B3FFFFDCAB
2026-09-25T16:41:55.942957+00:00,0x2A7,000004D000002D01
2026-09-25T16:41:55.943201+00:00,0x2A9,FFFF86E500000000
2026-09-25T16:41:55.945294+00:00,0x2A1,0100020000000000
2026-09-25T16:41:55.947686+00:00,0x2A5,000005A7FFFF6DAF
2026-09-25T16:41:55.947913+00:00,0x2A6,000005B3FFFFDCAB
2026-09-25T16:41:55.948158+00:00,0x2A7,000004E400002D01
2026-09-25T16:41:55.948355+00:00,0x2A9,FFFF86E500000000
2026-09-25T16:41:55.951550+00:00,0x2A1,0100020000000000
2026-09-25T16:41:55.954957+00:00,0x2A5,000005A2FFFF6DAF
2026-09-25T16:41:55.955243+00:00,0x2A6,000005B3FFFFDCAB
2026-09-25T16:41:55.955476+00:00,0x2A7,000004D200002D16
2026-09-25T16:41:55.955729+00:00,0x2A9,FFFF86E500000000
2026-09-25T16:41:55.955956+00:00,0x2A1,0100020000000000
2026-09-25T16:41:55.957957+00:00,0x2A5,000005A7FFFF6DAF
2026-09-25T16:41:55.958158+00:00,0x2A6,000005B3FFFFDCAB
2026-09-25T16:41:55.958355+00:00,0x2A7,000004DF00002D01
2026-09-25T16:41:55.958550+00:00,0x2A9,FFFF86E500000000
2026-09-25T16:41:55.960373+00:00,0x2A1,0100020000000000
2026-09-25T16:41:55.962440+00:00,0x2A5,000005A7FFFF6DAF
2026-09-25T16:41:55.962642+00:00,0x2A6,000005B3FFFFDCAB
2026-09-25T16:41:55.962862+00:00,0x2A7,000004DF00002D01
2026-09-25T16:41:55.963063+00:00,0x2A9,FFFF86E500000000
2026-09-25T16:41:55.965334+00:00,0x2A1,0100020000000000
2026-09-25T16:41:55.967355+00:00,0x2A5,000005A1FFFF6DAF
2026-09-25T16:41:55.967601+00:00,0x2A6,000005B3FFFFDCAB
2026-09-25T16:41:55.967847+00:00,0x2A7,000004D400002D10
2026-09-25T16:41:55.968043+00:00,0x2A9,FFFF86E500000000
2026-09-25T16:41:55.970359+00:00,0x2A1,0100020000000000
2026-09-25T16:41:55.973109+00:00,0x2A5,000005A8FFFF6DAF
2026-09-25T16:41:55.973308+00:00,0x2A6,000005B3FFFFDCAB
2026-09-25T16:41:55.973554+00:00,0x2A7,000004CF00002D06
2026-09-25T16:41:55.973837+00:00,0x2A9,FFFF86E500000000
2026-09-25T16:41:55.975898+00:00,0x2A1,0100020000000000
2026-09-25T16:41:55.976507+00:00,0x2A5,000005A8FFFF6DAF
2026-09-25T16:41:55.978859+00:00,0x2A6,000005B3FFFFDCAB
2026-09-25T16:41:55.979064+00:00,0x2A7,000004CF00002D06
2026-09-25T16:41:55.979309+00:00,0x2A9,FFFF86E500000000
2026-09-25T16:41:55.980444+00:00,0x2A1,0100020000000000
2026-09-25T16:41:55.983086+00:00,0x2A5,000005A0FFFF6DAF
2026-09-25T16:41:55.983373+00:00,0x2A6,000005B3FFFFDCAB
2026-09-25T16:41:55.983620+00:00,0x2A7,000004E500002D06
2026-09-25T16:41:55.983859+00:00,0x2A9,FFFF86E500000000
2026-09-25T16:41:55.985855+00:00,0x2A1,0100020000000000
2026-09-25T16:41:55.987990+00:00,0x2A5,000005A8FFFF6DAF
2026-09-25T16:41:55.988228+00:00,0x2A6,000005B3FFFFDCAB
2026-09-25T16:41:55.988475+00:00,0x2A7,000004D100002D11
2026-09-25T16:41:55.988860+00:00,0x2A9,FFFF86E500000000
2026-09-25T16:41:55.990564+00:00,0x2A1,0100020000000000
2026-09-25T16:41:55.992643+00:00,0x2A5,000005A1FFFF6DAF
2026-09-25T16:41:55.992840+00:00,0x2A6,000005B3FFFFDCAB
2026-09-25T16:41:55.993086+00:00,0x2A7,000004E600002D00
2026-09-25T16:41:55.993525+00:00,0x2A9,FFFF86E500000000
2026-09-25T16:41:55.996201+00:00,0x2A1,0100020000000000
2026-09-25T16:41:55.998243+00:00,0x2A5,000005A1FFFF6DAF
2026-09-25T16:41:55.998475+00:00,0x2A6,000005B3FFFFDCAB
2026-09-25T16:41:55.998686+00:00,0x2A7,000004E600002D00
2026-09-25T16:41:55.998957+00:00,0x2A9,FFFF86E500000000
2026-09-25T16:41:56.000338+00:00,0x2A1,0100020000000000
2026-09-25T16:41:56.002524+00:00,0x2A5,000005A7FFFF6DAF
2026-09-25T16:41:56.002730+00:00,0x2A6,000005B3FFFFDCAB
2026-09-25T16:41:56.002957+00:00,0x2A7,000004CE00002D15
2026-09-25T16:41:56.003201+00:00,0x2A9,FFFF86E500000000
2026-09-25T16:41:56.005315+00:00,0x2A1,0100020000000000
2026-09-25T16:41:56.007546+00:00,0x2A5,000005A3FFFF6DAF
2026-09-25T16:41:56.007837+00:00,0x2A6,000005B3FFFFDCAB
2026-09-25T16:41:56.008000+00:00,0x2A7,000004D000002D02
2026-09-25T16:41:56.008244+00:00,0x2A9,FFFF86E500000000
2026-09-25T16:41:56.010470+00:00,0x2A1,0100020000000000
2026-09-25T16:41:56.014913+00:00,0x2A5,000005A3FFFF6DAF
2026-09-25T16:41:56.015110+00:00,0x2A6,000005B3FFFFDCAB
2026-09-25T16:41:56.015352+00:00,0x2A7,000004D000002D13
2026-09-25T16:41:56.015598+00:00,0x2A9,FFFF86E500000000
2026-09-25T16:41:56.015838+00:00,0x2A1,0100020000000000
2026-09-25T16:41:56.017861+00:00,0x2A5,000005A9FFFF6DAF
2026-09-25T16:41:56.018106+00:00,0x2A6,000005B3FFFFDCAB
2026-09-25T16:41:56.018308+00:00,0x2A7,000004E300002D13
2026-09-25T16:41:56.018546+00:00,0x2A9,FFFF86E500000000
2026-09-25T16:41:56.020313+00:00,0x2A1,0100020000000000
2026-09-25T16:41:56.022400+00:00,0x2A5,0000059FFFFF6DAF
2026-09-25T16:41:56.022642+00:00,0x2A6,000005B3FFFFDCAB
2026-09-25T16:41:56.022861+00:00,0x2A7,000004D200002D01
2026-09-25T16:41:56.023106+00:00,0x2A9,FFFF86E500000000
2026-09-25T16:41:56.025290+00:00,0x2A1,0100020000000000
2026-09-25T16:41:56.027545+00:00,0x2A5,000005A8FFFF6DAF
2026-09-25T16:41:56.027836+00:00,0x2A6,000005B3FFFFDCAB
2026-09-25T16:41:56.027999+00:00,0x2A7,000004E100002D0F
2026-09-25T16:41:56.028242+00:00,0x2A9,FFFF86E500000000
2026-09-25T16:41:56.030495+00:00,0x2A1,0100020000000000
2026-09-25T16:41:56.035664+00:00,0x2A5,000005A8FFFF6DAF
2026-09-25T16:41:56.036023+00:00,0x2A6,000005B3FFFFDCAB
2026-09-25T16:41:56.036242+00:00,0x2A7,000004E100002D0F
2026-09-25T16:41:56.036522+00:00,0x2A9,FFFF86E500000000
2026-09-25T16:41:56.036835+00:00,0x2A1,0100020000000000
2026-09-25T16:41:56.039505+00:00,0x2A5,000005A1FFFF6DAF
2026-09-25T16:41:56.040111+00:00,0x2A6,000005B3FFFFDCAB
2026-09-25T16:41:56.040370+00:00,0x2A7,000004D300002D06
2026-09-25T16:41:56.040860+00:00,0x2A9,FFFF86E500000000
2026-09-25T16:41:56.041083+00:00,0x2A1,0100020000000000
2026-09-25T16:41:56.043328+00:00,0x2A5,000005A6FFFF6DAF
2026-09-25T16:41:56.043566+00:00,0x2A6,000005B3FFFFDCAB
2026-09-25T16:41:56.043836+00:00,0x2A7,000004D600002D06
2026-09-25T16:41:56.044023+00:00,0x2A9,FFFF86E500000000
2026-09-25T16:41:56.045311+00:00,0x2A1,0100020000000000
2026-09-25T16:41:56.047535+00:00,0x2A5,000005A6FFFF6DAF
2026-09-25T16:41:56.047837+00:00,0x2A6,000005B3FFFFDCAB
2026-09-25T16:41:56.048037+00:00,0x2A7,000004D600002D12
2026-09-25T16:41:56.048439+00:00,0x2A9,FFFF86E500000000
2026-09-25T16:41:56.055023+00:00,0x2A1,0100020000000000
2026-09-25T16:41:56.055858+00:00,0x2A5,000005A2FFFF6DAF
2026-09-25T16:41:56.056075+00:00,0x2A6,000005B3FFFFDCAB
2026-09-25T16:41:56.056272+00:00,0x2A7,000004E200002D12
2026-09-25T16:41:56.056506+00:00,0x2A9,FFFF86E500000000
2026-09-25T16:41:56.056871+00:00,0x2A1,0100020000000000
2026-09-25T16:41:56.058836+00:00,0x2A5,000005A7FFFF6DAF
2026-09-25T16:41:56.058999+00:00,0x2A6,000005B3FFFFDCAB
2026-09-25T16:41:56.059200+00:00,0x2A7,000004D200002CFF
2026-09-25T16:41:56.059440+00:00,0x2A9,FFFF86E500000000
2026-09-25T16:41:56.060298+00:00,0x2A1,0100020000000000
2026-09-25T16:41:56.062475+00:00,0x2A5,000005A2FFFF6DAF
2026-09-25T16:41:56.062688+00:00,0x2A6,000005B3FFFFDCAB
2026-09-25T16:41:56.062916+00:00,0x2A7,000004E300002D15
2026-09-25T16:41:56.063110+00:00,0x2A9,FFFF86E500000000
2026-09-25T16:41:56.067287+00:00,0x2A1,0100020000000000
2026-09-25T16:41:56.067837+00:00,0x2A5,000005A2FFFF6DAF
2026-09-25T16:41:56.067999+00:00,0x2A6,000005B3FFFFDCAB
2026-09-25T16:41:56.068200+00:00,0x2A7,000004E300002D15
2026-09-25T16:41:56.068440+00:00,0x2A9,FFFF86E500000000
2026-09-25T16:41:56.070359+00:00,0x2A1,0100020000000000
2026-09-25T16:41:56.072546+00:00,0x2A5,000005A6FFFF6DAF
2026-09-25T16:41:56.072836+00:00,0x2A6,000005B3FFFFDCAB
2026-09-25T16:41:56.072999+00:00,0x2A7,000004CF00002CFF
2026-09-25T16:41:56.073200+00:00,0x2A9,FFFF86E500000000
2026-09-25T16:41:56.076729+00:00,0x2A1,0100020000000000
2026-09-25T16:41:56.078860+00:00,0x2A5,000005A6FFFF6DAF
2026-09-25T16:41:56.078957+00:00,0x2A6,000005B3FFFFDCAB
2026-09-25T16:41:56.079201+00:00,0x2A7,000004D800002D15
2026-09-25T16:41:56.079441+00:00,0x2A9,FFFF86E500000000
2026-09-25T16:41:56.080316+00:00,0x2A1,0100020000000000
2026-09-25T16:41:56.082685+00:00,0x2A5,000005A6FFFF6DAF
2026-09-25T16:41:56.082913+00:00,0x2A6,000005B3FFFFDCAB
2026-09-25T16:41:56.083110+00:00,0x2A7,000004D800002CFF
2026-09-25T16:41:56.083352+00:00,0x2A9,FFFF86E500000000
2026-09-25T16:41:56.088373+00:00,0x2A1,0100020000000000
2026-09-25T16:41:56.088619+00:00,0x2A5,000005A6FFFF6DAF
2026-09-25T16:41:56.088859+00:00,0x2A6,000005B3FFFFDCAB
2026-09-25T16:41:56.089149+00:00,0x2A7,000004DB00002CFF
2026-09-25T16:41:56.089395+00:00,0x2A9,FFFF86E500000000
2026-09-25T16:41:56.090623+00:00,0x2A1,0100020000000000
2026-09-25T16:41:56.093913+00:00,0x2A5,000005A6FFFF6DAF
2026-09-25T16:41:56.094158+00:00,0x2A6,000005B3FFFFDCAB
2026-09-25T16:41:56.094541+00:00,0x2A7,000004CD00002D0F
2026-09-25T16:41:56.094836+00:00,0x2A9,FFFF86E500000000
2026-09-25T16:41:56.096859+00:00,0x2A1,0100020000000000
2026-09-25T16:41:56.098644+00:00,0x2A5,000005A5FFFF6DAF
2026-09-25T16:41:56.098913+00:00,0x2A6,000005B3FFFFDCAB
2026-09-25T16:41:56.099182+00:00,0x2A7,000004E600002D07
2026-09-25T16:41:56.099354+00:00,0x2A9,FFFF86E500000000
2026-09-25T16:41:56.100373+00:00,0x2A1,0100020000000000
2026-09-25T16:41:56.102546+00:00,0x2A5,000005A5FFFF6DAF
2026-09-25T16:41:56.102836+00:00,0x2A6,000005B3FFFFDCAB
2026-09-25T16:41:56.102999+00:00,0x2A7,000004E600002D07
2026-09-25T16:41:56.103200+00:00,0x2A9,FFFF86E500000000
2026-09-25T16:41:56.105291+00:00,0x2A1,0100020000000000
2026-09-25T16:41:56.107546+00:00,0x2A5,000005A6FFFF6DAF
2026-09-25T16:41:56.107837+00:00,0x2A6,000005B3FFFFDCAB
2026-09-25T16:41:56.107999+00:00,0x2A7,000004D000002D05
2026-09-25T16:41:56.108243+00:00,0x2A9,FFFF86E500000000
2026-09-25T16:41:56.110359+00:00,0x2A1,0100020000000000
2026-09-25T16:41:56.114858+00:00,0x2A5,000005A1FFFF6DAF
2026-09-25T16:41:56.114957+00:00,0x2A6,000005B3FFFFDCAB
2026-09-25T16:41:56.115200+00:00,0x2A7,000004E200002D13
2026-09-25T16:41:56.115440+00:00,0x2A9,FFFF86E500000000
2026-09-25T16:41:56.115686+00:00,0x2A1,0100020000000000
2026-09-25T16:41:56.117837+00:00,0x2A5,000005A1FFFF6DAF
2026-09-25T16:41:56.118000+00:00,0x2A6,000005B3FFFFDCAB
2026-09-25T16:41:56.118201+00:00,0x2A7,000004E200002D00
2026-09-25T16:41:56.118440+00:00,0x2A9,FFFF86E500000000
2026-09-25T16:41:56.120359+00:00,0x2A1,0100020000000000
2026-09-25T16:41:56.122545+00:00,0x2A5,000005A8FFFF6DAF
2026-09-25T16:41:56.122837+00:00,0x2A6,000005B3FFFFDCAB
2026-09-25T16:41:56.123043+00:00,0x2A7,000004D000002D00
2026-09-25T16:41:56.123244+00:00,0x2A9,FFFF86E500000000
2026-09-25T16:41:56.125297+00:00,0x2A1,0100020000000000
2026-09-25T16:41:56.127524+00:00,0x2A5,0000059FFFFF6DAF
2026-09-25T16:41:56.127729+00:00,0x2A6,000005B3FFFFDCAB
2026-09-25T16:41:56.127956+00:00,0x2A7,000004D200002D15
2026-09-25T16:41:56.128200+00:00,0x2A9,FFFF86E500000000
2026-09-25T16:41:56.130315+00:00,0x2A1,0100020000000000
2026-09-25T16:41:56.132524+00:00,0x2A5,000005A8FFFF6DAF
2026-09-25T16:41:56.132729+00:00,0x2A6,000005B3FFFFDCAB
2026-09-25T16:41:56.132956+00:00,0x2A7,000004E200002CFE
2026-09-25T16:41:56.133157+00:00,0x2A9,FFFF86E500000000
2026-09-25T16:41:56.135642+00:00,0x2A1,0100020000000000
2026-09-25T16:41:56.137837+00:00,0x2A5,000005A8FFFF6DAF
2026-09-25T16:41:56.138128+00:00,0x2A6,000005B3FFFFDCAB
2026-09-25T16:41:56.138373+00:00,0x2A7,000004E200002CFE
2026-09-25T16:41:56.138662+00:00,0x2A9,FFFF86E500000000
2026-09-25T16:41:56.140459+00:00,0x2A1,0100020000000000
2026-09-25T16:41:56.142837+00:00,0x2A5,000005A1FFFF6DAF
2026-09-25T16:41:56.143042+00:00,0x2A6,000005B3FFFFDCAB
2026-09-25T16:41:56.143286+00:00,0x2A7,000004D100002D16
2026-09-25T16:41:56.143524+00:00,0x2A9,FFFF86E500000000
2026-09-25T16:41:56.147668+00:00,0x2A1,0100020000000000
2026-09-25T16:41:56.148200+00:00,0x2A5,000005A9FFFF6DAF
2026-09-25T16:41:56.148474+00:00,0x2A6,000005B3FFFFDCAB
2026-09-25T16:41:56.148685+00:00,0x2A7,000004E100002D00
2026-09-25T16:41:56.148956+00:00,0x2A9,FFFF86E500000000
2026-09-25T16:41:56.150379+00:00,0x2A1,0100020000000000
2026-09-25T16:41:56.152843+00:00,0x2A5,000005A9FFFF6DAF
2026-09-25T16:41:56.153043+00:00,0x2A6,000005B3FFFFDCAB
2026-09-25T16:41:56.153286+00:00,0x2A7,000004E100002D0F
2026-09-25T16:41:56.153524+00:00,0x2A9,FFFF86E500000000
2026-09-25T16:41:56.156182+00:00,0x2A1,0100020000000000
2026-09-25T16:41:56.158157+00:00,0x2A5,000005A1FFFF6DAF
2026-09-25T16:41:56.158397+00:00,0x2A6,000005B3FFFFDCAB
2026-09-25T16:41:56.158600+00:00,0x2A7,000004D100002D0F
2026-09-25T16:41:56.158839+00:00,0x2A9,FFFF86E500000000
2026-09-25T16:41:56.160311+00:00,0x2A1,0100020000000000
2026-09-25T16:41:56.162354+00:00,0x2A5,000005A5FFFF6DAF
2026-09-25T16:41:56.162601+00:00,0x2A6,000005B3FFFFDCAB
2026-09-25T16:41:56.162847+00:00,0x2A7,000004D500002D08
2026-09-25T16:41:56.163043+00:00,0x2A9,FFFF86E500000000
2026-09-25T16:41:56.165336+00:00,0x2A1,0100020000000000
2026-09-25T16:41:56.167599+00:00,0x2A5,000005A1FFFF6DAF
2026-09-25T16:41:56.167839+00:00,0x2A6,000005B3FFFFDCAB
2026-09-25T16:41:56.168042+00:00,0x2A7,000004E000002D03
2026-09-25T16:41:56.168243+00:00,0x2A9,FFFF86E500000000
2026-09-25T16:41:56.170314+00:00,0x2A1,0100020000000000
2026-09-25T16:41:56.173440+00:00,0x2A5,000005A1FFFF6DAF
2026-09-25T16:41:56.173642+00:00,0x2A6,000005B3FFFFDCAB
2026-09-25T16:41:56.173912+00:00,0x2A7,000004E000002D03
2026-09-25T16:41:56.174133+00:00,0x2A9,FFFF86E500000000
2026-09-25T16:41:56.176042+00:00,0x2A1,0100020000000000
2026-09-25T16:41:56.178108+00:00,0x2A5,000005A6FFFF6DAF
2026-09-25T16:41:56.178350+00:00,0x2A6,000005B3FFFFDCAB
2026-09-25T16:41:56.178544+00:00,0x2A7,000004CF00002D14
2026-09-25T16:41:56.178835+00:00,0x2A9,FFFF86E500000000
2026-09-25T16:41:56.180331+00:00,0x2A1,0100020000000000
2026-09-25T16:41:56.182354+00:00,0x2A5,000005A2FFFF6DAF
2026-09-25T16:41:56.182600+00:00,0x2A6,000005B3FFFFDCAB
2026-09-25T16:41:56.182846+00:00,0x2A7,000004E800002D01
2026-09-25T16:41:56.183000+00:00,0x2A9,FFFF86E500000000
2026-09-25T16:41:56.185314+00:00,0x2A1,0100020000000000
2026-09-25T16:41:56.187398+00:00,0x2A5,000005A2FFFF6DAF
2026-09-25T16:41:56.187599+00:00,0x2A6,000005B3FFFFDCAB
2026-09-25T16:41:56.187840+00:00,0x2A7,000004E800002D17
2026-09-25T16:41:56.188085+00:00,0x2A9,FFFF86E500000000
2026-09-25T16:41:56.190384+00:00,0x2A1,0100020000000000
2026-09-25T16:41:56.191457+00:00,0x2A5,000005A6FFFF6DAF
2026-09-25T16:41:56.191725+00:00,0x2A6,000005B3FFFFDCAB
2026-09-25T16:41:56.192056+00:00,0x2A7,000004D000002D17
2026-09-25T16:41:56.192358+00:00,0x2A9,FFFF86E500000000
2026-09-25T16:41:56.197415+00:00,0x2A1,0100020000000000
2026-09-25T16:41:56.199728+00:00,0x2A5,000005A2FFFF6DAF
2026-09-25T16:41:56.199999+00:00,0x2A6,000005B3FFFFDCAB
2026-09-25T16:41:56.200353+00:00,0x2A7,000004D100002CFF
2026-09-25T16:41:56.200576+00:00,0x2A9,FFFF86E500000000
2026-09-25T16:41:56.201241+00:00,0x2A1,0100020000000000
2026-09-25T16:41:56.203308+00:00,0x2A5,000005A7FFFF6DAF
2026-09-25T16:41:56.203497+00:00,0x2A6,000005B3FFFFDCAB
2026-09-25T16:41:56.203858+00:00,0x2A7,000004E100002D16
2026-09-25T16:41:56.203999+00:00,0x2A9,FFFF86E500000000
2026-09-25T16:41:56.205315+00:00,0x2A1,0100020000000000
2026-09-25T16:41:56.207355+00:00,0x2A5,000005A7FFFF6DAF
2026-09-25T16:41:56.207601+00:00,0x2A6,000005B3FFFFDCAB
2026-09-25T16:41:56.207847+00:00,0x2A7,000004E100002D16
2026-09-25T16:41:56.208043+00:00,0x2A9,FFFF86E500000000
2026-09-25T16:41:56.210316+00:00,0x2A1,0100020000000000
2026-09-25T16:41:56.213871+00:00,0x2A5,000005A2FFFF6DAF
2026-09-25T16:41:56.214043+00:00,0x2A6,000005B3FFFFDCAB
2026-09-25T16:41:56.214243+00:00,0x2A7,000004D000002D02
2026-09-25T16:41:56.214478+00:00,0x2A9,FFFF86E500000000
2026-09-25T16:41:56.216394+00:00,0x2A1,0100020000000000
2026-09-25T16:41:56.218398+00:00,0x2A5,000005A6FFFF6DAF
2026-09-25T16:41:56.218599+00:00,0x2A6,000005B3FFFFDCAB
2026-09-25T16:41:56.218839+00:00,0x2A7,000004E900002D0C
2026-09-25T16:41:56.219043+00:00,0x2A9,FFFF86E500000000
2026-09-25T16:41:56.220294+00:00,0x2A1,0100020000000000
2026-09-25T16:41:56.222546+00:00,0x2A5,000005A6FFFF6DAF
2026-09-25T16:41:56.222836+00:00,0x2A6,000005B3FFFFDCAB
2026-09-25T16:41:56.223000+00:00,0x2A7,000004E900002D0E
2026-09-25T16:41:56.223200+00:00,0x2A9,FFFF86E500000000
2026-09-25T16:41:56.225333+00:00,0x2A1,0100020000000000
2026-09-25T16:41:56.227397+00:00,0x2A5,000005A2FFFF6DAF
2026-09-25T16:41:56.227599+00:00,0x2A6,000005B3FFFFDCAB
2026-09-25T16:41:56.227839+00:00,0x2A7,000004CD00002D0E
2026-09-25T16:41:56.228042+00:00,0x2A9,FFFF86E500000000
2026-09-25T16:41:56.230297+00:00,0x2A1,0100020000000000
2026-09-25T16:41:56.233397+00:00,0x2A5,000005A7FFFF6DAF
2026-09-25T16:41:56.233599+00:00,0x2A6,000005B3FFFFDCAB
2026-09-25T16:41:56.233839+00:00,0x2A7,000004DE00002CFF
2026-09-25T16:41:56.234042+00:00,0x2A9,FFFF86E500000000
2026-09-25T16:41:56.235917+00:00,0x2A1,0100020000000000
2026-09-25T16:41:56.237861+00:00,0x2A5,000005A3FFFF6DAF
2026-09-25T16:41:56.238063+00:00,0x2A6,000005B3FFFFDCAB
2026-09-25T16:41:56.238308+00:00,0x2A7,000004D600002D14
2026-09-25T16:41:56.238497+00:00,0x2A9,FFFF86E500000000
2026-09-25T16:41:56.240322+00:00,0x2A1,0100020000000000
2026-09-25T16:41:56.242397+00:00,0x2A5,000005A3FFFF6DAF
2026-09-25T16:41:56.242642+00:00,0x2A6,000005B3FFFFDCAB
2026-09-25T16:41:56.242861+00:00,0x2A7,000004D600002D14
2026-09-25T16:41:56.243106+00:00,0x2A9,FFFF86E500000000
2026-09-25T16:41:56.245376+00:00,0x2A1,0100020000000000
2026-09-25T16:41:56.246836+00:00,0x2A5,000005A7FFFF6DAF
2026-09-25T16:41:56.247109+00:00,0x2A6,000005B3FFFFDCAB
2026-09-25T16:41:56.247286+00:00,0x2A7,000004D100002CFE
2026-09-25T16:41:56.247523+00:00,0x2A9,FFFF86E500000000
2026-09-25T16:41:56.250415+00:00,0x2A1,0100020000000000
2026-09-25T16:41:56.254372+00:00,0x2A5,000005A2FFFF6DAF
2026-09-25T16:41:56.255437+00:00,0x2A6,000005B3FFFFDCAB
2026-09-25T16:41:56.255683+00:00,0x2A7,000004E700002D1A
2026-09-25T16:41:56.256066+00:00,0x2A9,FFFF86E500000000
2026-09-25T16:41:56.258000+00:00,0x2A1,0100020000000000
2026-09-25T16:41:56.260158+00:00,0x2A5,000005A2FFFF6DAF
2026-09-25T16:41:56.260354+00:00,0x2A6,000005B3FFFFDCAB
2026-09-25T16:41:56.260601+00:00,0x2A7,000004E700002CFE
2026-09-25T16:41:56.260846+00:00,0x2A9,FFFF86E500000000
2026-09-25T16:41:56.261086+00:00,0x2A1,0100020000000000
2026-09-25T16:41:56.263158+00:00,0x2A5,000005A7FFFF6DAF
2026-09-25T16:41:56.263355+00:00,0x2A6,000005B3FFFFDCAB
2026-09-25T16:41:56.263601+00:00,0x2A7,000004CE00002CFE
2026-09-25T16:41:56.263847+00:00,0x2A9,FFFF86E500000000
2026-09-25T16:41:56.265312+00:00,0x2A1,0100020000000000
2026-09-25T16:41:56.267599+00:00,0x2A5,000005A2FFFF6DAF
2026-09-25T16:41:56.267839+00:00,0x2A6,000005B3FFFFDCAB
2026-09-25T16:41:56.268042+00:00,0x2A7,000004D700002D15
2026-09-25T16:41:56.268286+00:00,0x2A9,FFFF86E500000000
2026-09-25T16:41:56.270359+00:00,0x2A1,0100020000000000
2026-09-25T16:41:56.273265+00:00,0x2A5,000005A7FFFF6DAF
2026-09-25T16:41:56.273475+00:00,0x2A6,000005B3FFFFDCAB
2026-09-25T16:41:56.273685+00:00,0x2A7,000004DA00002D03
2026-09-25T16:41:56.273913+00:00,0x2A9,FFFF86E500000000
2026-09-25T16:41:56.275685+00:00,0x2A1,0100020000000000
2026-09-25T16:41:56.277642+00:00,0x2A5,000005A7FFFF6DAF
2026-09-25T16:41:56.277861+00:00,0x2A6,000005B3FFFFDCAB
2026-09-25T16:41:56.278105+00:00,0x2A7,000004DA00002D03
2026-09-25T16:41:56.278307+00:00,0x2A9,FFFF86E500000000
2026-09-25T16:41:56.280357+00:00,0x2A1,0100020000000000
2026-09-25T16:41:56.282544+00:00,0x2A5,000005A2FFFF6DAF
2026-09-25T16:41:56.282834+00:00,0x2A6,000005B3FFFFDCAB
2026-09-25T16:41:56.282961+00:00,0x2A7,000004D100002D06
2026-09-25T16:41:56.283198+00:00,0x2A9,FFFF86E500000000
2026-09-25T16:41:56.285331+00:00,0x2A1,0100020000000000
2026-09-25T16:41:56.287597+00:00,0x2A5,000005A6FFFF6DAF
2026-09-25T16:41:56.287837+00:00,0x2A6,000005B3FFFFDCAB
2026-09-25T16:41:56.288040+00:00,0x2A7,000004E600002D13
2026-09-25T16:41:56.288241+00:00,0x2A9,FFFF86E500000000
2026-09-25T16:41:56.290314+00:00,0x2A1,0100020000000000
2026-09-25T16:41:56.293954+00:00,0x2A5,000005A6FFFF6DAF
2026-09-25T16:41:56.294198+00:00,0x2A6,000005B3FFFFDCAB
2026-09-25T16:41:56.294437+00:00,0x2A7,000004E600002CFE
2026-09-25T16:41:56.294640+00:00,0x2A9,FFFF86E500000000
2026-09-25T16:41:56.296476+00:00,0x2A1,0100020000000000
2026-09-25T16:41:56.298473+00:00,0x2A5,000005A2FFFF6DAF
2026-09-25T16:41:56.298841+00:00,0x2A6,000005B3FFFFDCAB
2026-09-25T16:41:56.299040+00:00,0x2A7,000004D100002CFE
2026-09-25T16:41:56.299327+00:00,0x2A9,FFFF86E500000000
2026-09-25T16:41:56.300399+00:00,0x2A1,0100020000000000
2026-09-25T16:41:56.302997+00:00,0x2A5,000005A4FFFF6DAF
2026-09-25T16:41:56.303271+00:00,0x2A6,000005B3FFFFDCAB
2026-09-25T16:41:56.303473+00:00,0x2A7,000004D800002D1B
2026-09-25T16:41:56.303726+00:00,0x2A9,FFFF86E500000000
2026-09-25T16:41:56.305352+00:00,0x2A1,0100020000000000
2026-09-25T16:41:56.308552+00:00,0x2A5,000005A4FFFF6DAF
2026-09-25T16:41:56.308830+00:00,0x2A6,000005B3FFFFDCAB
2026-09-25T16:41:56.309030+00:00,0x2A7,000004D800002CFE
2026-09-25T16:41:56.309270+00:00,0x2A9,FFFF86E500000000
2026-09-25T16:41:56.310370+00:00,0x2A1,0100020000000000
2026-09-25T16:41:56.313859+00:00,0x2A5,000005A4FFFF6DAF
2026-09-25T16:41:56.314104+00:00,0x2A6,000005B3FFFFDCAB
2026-09-25T16:41:56.314306+00:00,0x2A7,000004D900002D16
2026-09-25T16:41:56.314495+00:00,0x2A9,FFFF86E500000000
2026-09-25T16:41:56.316306+00:00,0x2A1,0100020000000000
2026-09-25T16:41:56.318284+00:00,0x2A5,000005A6FFFF6DAF
2026-09-25T16:41:56.318478+00:00,0x2A6,000005B3FFFFDCAB
2026-09-25T16:41:56.318859+00:00,0x2A7,000004D200002D16
2026-09-25T16:41:56.318997+00:00,0x2A9,FFFF86E500000000
2026-09-25T16:41:56.320336+00:00,0x2A1,0100020000000000
2026-09-25T16:41:56.322478+00:00,0x2A5,000005A3FFFF6DAF
2026-09-25T16:41:56.322726+00:00,0x2A6,000005B3FFFFDCAB
2026-09-25T16:41:56.322954+00:00,0x2A7,000004E200002CFE
2026-09-25T16:41:56.323198+00:00,0x2A9,FFFF86E500000000
2026-09-25T16:41:56.325288+00:00,0x2A1,0100020000000000
2026-09-25T16:41:56.327639+00:00,0x2A5,000005A3FFFF6DAF
2026-09-25T16:41:56.327837+00:00,0x2A6,000005B3FFFFDCAB
2026-09-25T16:41:56.328039+00:00,0x2A7,000004E200002D0C
2026-09-25T16:41:56.328284+00:00,0x2A9,FFFF86E500000000
2026-09-25T16:41:56.330296+00:00,0x2A1,0100020000000000
2026-09-25T16:41:56.333155+00:00,0x2A5,000005A6FFFF6DAF
2026-09-25T16:41:56.333352+00:00,0x2A6,000005B3FFFFDCAB
2026-09-25T16:41:56.333599+00:00,0x2A7,000004D100002D0C
2026-09-25T16:41:56.333845+00:00,0x2A9,FFFF86E500000000
2026-09-25T16:41:56.335683+00:00,0x2A1,0100020000000000
2026-09-25T16:41:56.337726+00:00,0x2A5,000005A4FFFF6DAF
2026-09-25T16:41:56.337954+00:00,0x2A6,000005B3FFFFDCAB
2026-09-25T16:41:56.338155+00:00,0x2A7,000004E000002D0D
2026-09-25T16:41:56.338394+00:00,0x2A9,FFFF86E500000000
2026-09-25T16:41:56.340339+00:00,0x2A1,0100020000000000
2026-09-25T16:41:56.342844+00:00,0x2A5,000005A4FFFF6DAF
2026-09-25T16:41:56.343041+00:00,0x2A6,000005B3FFFFDCAB
2026-09-25T16:41:56.343241+00:00,0x2A7,000004E000002D02
2026-09-25T16:41:56.343473+00:00,0x2A9,FFFF86E500000000
2026-09-25T16:41:56.345288+00:00,0x2A1,0100020000000000
2026-09-25T16:41:56.347472+00:00,0x2A5,000005A5FFFF6DAF
2026-09-25T16:41:56.347683+00:00,0x2A6,000005B3FFFFDCAB
2026-09-25T16:41:56.347911+00:00,0x2A7,000004D800002D02
2026-09-25T16:41:56.348155+00:00,0x2A9,FFFF86E500000000
2026-09-25T16:41:56.350478+00:00,0x2A1,0100020000000000
2026-09-25T16:41:56.353241+00:00,0x2A5,000005A3FFFF6DAF
2026-09-25T16:41:56.353481+00:00,0x2A6,000005B3FFFFDCAB
2026-09-25T16:41:56.353859+00:00,0x2A7,000004D100002D16
2026-09-25T16:41:56.354040+00:00,0x2A9,FFFF86E500000000
2026-09-25T16:41:56.357147+00:00,0x2A1,0100020000000000
2026-09-25T16:41:56.359475+00:00,0x2A5,000005A2FFFF6DAF
2026-09-25T16:41:56.359703+00:00,0x2A6,000005B3FFFFDCAB
2026-09-25T16:41:56.360022+00:00,0x2A7,000004DE00002CFF
2026-09-25T16:41:56.360284+00:00,0x2A9,FFFF86E500000000
2026-09-25T16:41:56.360835+00:00,0x2A1,0100020000000000
2026-09-25T16:41:56.363438+00:00,0x2A5,000005A2FFFF6DAF
2026-09-25T16:41:56.363690+00:00,0x2A6,000005B3FFFFDCAB
2026-09-25T16:41:56.363954+00:00,0x2A7,000004DE00002CFF
2026-09-25T16:41:56.364198+00:00,0x2A9,FFFF86E500000000
2026-09-25T16:41:56.365331+00:00,0x2A1,0100020000000000
2026-09-25T16:41:56.367473+00:00,0x2A5,000005A7FFFF6DAF
2026-09-25T16:41:56.367683+00:00,0x2A6,000005B3FFFFDCAB
2026-09-25T16:41:56.367954+00:00,0x2A7,000004D300002D15
2026-09-25T16:41:56.368181+00:00,0x2A9,FFFF86E500000000
2026-09-25T16:41:56.370443+00:00,0x2A1,0100020000000000
2026-09-25T16:41:56.373438+00:00,0x2A5,000005A2FFFF6DAF
2026-09-25T16:41:56.373640+00:00,0x2A6,000005B3FFFFDCAB
2026-09-25T16:41:56.373859+00:00,0x2A7,000004DD00002D00
2026-09-25T16:41:56.374104+00:00,0x2A9,FFFF86E500000000
2026-09-25T16:41:56.376040+00:00,0x2A1,0100020000000000
2026-09-25T16:41:56.378040+00:00,0x2A5,000005A2FFFF6DAF
2026-09-25T16:41:56.378309+00:00,0x2A6,000005B3FFFFDCAB
2026-09-25T16:41:56.378482+00:00,0x2A7,000004DD00002D0D
2026-09-25T16:41:56.378726+00:00,0x2A9,FFFF86E500000000
2026-09-25T16:41:56.380302+00:00,0x2A1,0100020000000000
2026-09-25T16:41:56.382639+00:00,0x2A5,000005A6FFFF6DAF
2026-09-25T16:41:56.382858+00:00,0x2A6,000005B3FFFFDCAB
2026-09-25T16:41:56.383060+00:00,0x2A7,000004D400002D0D
2026-09-25T16:41:56.383262+00:00,0x2A9,FFFF86E500000000
2026-09-25T16:41:56.385374+00:00,0x2A1,0100020000000000
2026-09-25T16:41:56.387494+00:00,0x2A5,000005A2FFFF6DAF
2026-09-25T16:41:56.387703+00:00,0x2A6,000005B3FFFFDCAB
2026-09-25T16:41:56.387954+00:00,0x2A7,000004DC00002D0C
2026-09-25T16:41:56.388260+00:00,0x2A9,FFFF86E500000000
2026-09-25T16:41:56.390409+00:00,0x2A1,0100020000000000
2026-09-25T16:41:56.393438+00:00,0x2A5,000005A6FFFF6DAF
2026-09-25T16:41:56.393682+00:00,0x2A6,000005B3FFFFDCAB
2026-09-25T16:41:56.393910+00:00,0x2A7,000004D900002D02
2026-09-25T16:41:56.394106+00:00,0x2A9,FFFF86E500000000
2026-09-25T16:41:56.395997+00:00,0x2A1,0100020000000000
2026-09-25T16:41:56.398040+00:00,0x2A5,000005A6FFFF6DAF
2026-09-25T16:41:56.398241+00:00,0x2A6,000005B3FFFFDCAB
2026-09-25T16:41:56.398438+00:00,0x2A7,000004D900002D02
2026-09-25T16:41:56.398683+00:00,0x2A9,FFFF86E500000000
2026-09-25T16:41:56.400302+00:00,0x2A1,0100020000000000
2026-09-25T16:41:56.402395+00:00,0x2A5,000005A2FFFF6DAF
2026-09-25T16:41:56.402640+00:00,0x2A6,000005B3FFFFDCAB
2026-09-25T16:41:56.402837+00:00,0x2A7,000004D200002D14
2026-09-25T16:41:56.403040+00:00,0x2A9,FFFF86E500000000
2026-09-25T16:41:56.405330+00:00,0x2A1,0100020000000000
2026-09-25T16:41:56.407040+00:00,0x2A5,000005A9FFFF6DAF
2026-09-25T16:41:56.407284+00:00,0x2A6,000005B3FFFFDCAB
2026-09-25T16:41:56.407522+00:00,0x2A7,000004E100002D01
2026-09-25T16:41:56.407843+00:00,0x2A9,FFFF86E500000000
2026-09-25T16:41:56.410371+00:00,0x2A1,0100020000000000
2026-09-25T16:41:56.413870+00:00,0x2A5,000005A9FFFF6DAF
2026-09-25T16:41:56.414084+00:00,0x2A6,000005B3FFFFDCAB
2026-09-25T16:41:56.414284+00:00,0x2A7,000004E100002D16
2026-09-25T16:41:56.414521+00:00,0x2A9,FFFF86E500000000
2026-09-25T16:41:56.417835+00:00,0x2A1,0100020000000000
2026-09-25T16:41:56.419683+00:00,0x2A5,000005A0FFFF6DAF
2026-09-25T16:41:56.419954+00:00,0x2A6,000005B3FFFFDCAB
2026-09-25T16:41:56.420155+00:00,0x2A7,000004D100002D16
2026-09-25T16:41:56.420438+00:00,0x2A9,FFFF86E500000000
2026-09-25T16:41:56.420910+00:00,0x2A1,0100020000000000
2026-09-25T16:41:56.422910+00:00,0x2A5,000005A8FFFF6DAF
2026-09-25T16:41:56.423155+00:00,0x2A6,000005B3FFFFDCAB
2026-09-25T16:41:56.423352+00:00,0x2A7,000004DF00002D00
2026-09-25T16:41:56.423599+00:00,0x2A9,FFFF86E500000000
2026-09-25T16:41:56.425302+00:00,0x2A1,0100020000000000
2026-09-25T16:41:56.427494+00:00,0x2A5,000005A0FFFF6DAF
2026-09-25T16:41:56.427702+00:00,0x2A6,000005B3FFFFDCAB
2026-09-25T16:41:56.427954+00:00,0x2A7,000004D200002D13
2026-09-25T16:41:56.428155+00:00,0x2A9,FFFF86E500000000
2026-09-25T16:41:56.430315+00:00,0x2A1,0100020000000000
2026-09-25T16:41:56.432845+00:00,0x2A5,000005A0FFFF6DAF
2026-09-25T16:41:56.433438+00:00,0x2A6,000005B3FFFFDCAB
2026-09-25T16:41:56.433859+00:00,0x2A7,000004D200002D13
2026-09-25T16:41:56.434104+00:00,0x2A9,FFFF86E500000000
2026-09-25T16:41:56.435910+00:00,0x2A1,0100020000000000
2026-09-25T16:41:56.437859+00:00,0x2A5,000005A7FFFF6DAF
2026-09-25T16:41:56.438060+00:00,0x2A6,000005B3FFFFDCAB
2026-09-25T16:41:56.438262+00:00,0x2A7,000004D200002D02
2026-09-25T16:41:56.438494+00:00,0x2A9,FFFF86E500000000
2026-09-25T16:41:56.440314+00:00,0x2A1,0100020000000000
2026-09-25T16:41:56.442472+00:00,0x2A5,000005A1FFFF6DAF
2026-09-25T16:41:56.442726+00:00,0x2A6,000005B3FFFFDCAB
2026-09-25T16:41:56.442953+00:00,0x2A7,000004E400002D0B
2026-09-25T16:41:56.443155+00:00,0x2A9,FFFF86E500000000
2026-09-25T16:41:56.445288+00:00,0x2A1,0100020000000000
2026-09-25T16:41:56.447551+00:00,0x2A5,000005A1FFFF6DAF
2026-09-25T16:41:56.447834+00:00,0x2A6,000005B3FFFFDCAB
2026-09-25T16:41:56.447954+00:00,0x2A7,000004E400002D10
2026-09-25T16:41:56.448155+00:00,0x2A9,FFFF86E500000000
2026-09-25T16:41:56.450314+00:00,0x2A1,0100020000000000
2026-09-25T16:41:56.453104+00:00,0x2A5,000005A6FFFF6DAF
2026-09-25T16:41:56.453305+00:00,0x2A6,000005B3FFFFDCAB
2026-09-25T16:41:56.453543+00:00,0x2A7,000004CF00002D10
2026-09-25T16:41:56.453834+00:00,0x2A9,FFFF86E500000000
2026-09-25T16:41:56.455522+00:00,0x2A1,0100020000000000
2026-09-25T16:41:56.457494+00:00,0x2A5,000005A2FFFF6DAF
2026-09-25T16:41:56.457703+00:00,0x2A6,000005B3FFFFDCAB
2026-09-25T16:41:56.457954+00:00,0x2A7,000004E800002D01
2026-09-25T16:41:56.458155+00:00,0x2A9,FFFF86E500000000
2026-09-25T16:41:56.460357+00:00,0x2A1,0100020000000000
2026-09-25T16:41:56.463270+00:00,0x2A5,000005A7FFFF6DAF
2026-09-25T16:41:56.463504+00:00,0x2A6,000005B3FFFFDCAB
2026-09-25T16:41:56.463853+00:00,0x2A7,000004CE00002D15
2026-09-25T16:41:56.463998+00:00,0x2A9,FFFF86E500000000
2026-09-25T16:41:56.465353+00:00,0x2A1,0100020000000000
2026-09-25T16:41:56.467056+00:00,0x2A5,000005A7FFFF6DAF
2026-09-25T16:41:56.467270+00:00,0x2A6,000005B3FFFFDCAB
2026-09-25T16:41:56.467504+00:00,0x2A7,000004CE00002D15
2026-09-25T16:41:56.467870+00:00,0x2A9,FFFF86E500000000
2026-09-25T16:41:56.470493+00:00,0x2A1,0100020000000000
2026-09-25T16:41:56.472997+00:00,0x2A5,000005A3FFFF6DAF
2026-09-25T16:41:56.473197+00:00,0x2A6,000005B3FFFFDCAB
2026-09-25T16:41:56.473438+00:00,0x2A7,000004DD00002D02
2026-09-25T16:41:56.473640+00:00,0x2A9,FFFF86E500000000
2026-09-25T16:41:56.476083+00:00,0x2A1,0100020000000000
2026-09-25T16:41:56.478040+00:00,0x2A5,000005A7FFFF6DAF
2026-09-25T16:41:56.478241+00:00,0x2A6,000005B3FFFFDCAB
2026-09-25T16:41:56.478438+00:00,0x2A7,000004D800002D12
2026-09-25T16:41:56.478683+00:00,0x2A9,FFFF86E500000000
2026-09-25T16:41:56.480578+00:00,0x2A1,0100020000000000
2026-09-25T16:41:56.482725+00:00,0x2A5,000005A7FFFF6DAF
2026-09-25T16:41:56.483065+00:00,0x2A6,000005B3FFFFDCAB
2026-09-25T16:41:56.483284+00:00,0x2A7,000004D800002D04
2026-09-25T16:41:56.483565+00:00,0x2A9,FFFF86E500000000
2026-09-25T16:41:56.485388+00:00,0x2A1,0100020000000000
2026-09-25T16:41:56.488040+00:00,0x2A5,000005A1FFFF6DAF
2026-09-25T16:41:56.488327+00:00,0x2A6,000005B3FFFFDCAB
2026-09-25T16:41:56.488574+00:00,0x2A7,000004D100002D04
2026-09-25T16:41:56.488835+00:00,0x2A9,FFFF86E500000000
2026-09-25T16:41:56.490371+00:00,0x2A1,0100020000000000
2026-09-25T16:41:56.493284+00:00,0x2A5,000005AAFFFF6DAF
2026-09-25T16:41:56.493573+00:00,0x2A6,000005B3FFFFDCAB
2026-09-25T16:41:56.493835+00:00,0x2A7,000004E700002D0D
2026-09-25T16:41:56.494082+00:00,0x2A9,FFFF86E500000000
2026-09-25T16:41:56.497040+00:00,0x2A1,0100020000000000
2026-09-25T16:41:56.499327+00:00,0x2A5,000005A0FFFF6DAF
2026-09-25T16:41:56.499565+00:00,0x2A6,000005B3FFFFDCAB
2026-09-25T16:41:56.499856+00:00,0x2A7,000004D100002D09
2026-09-25T16:41:56.500147+00:00,0x2A9,FFFF86E500000000
2026-09-25T16:41:56.500391+00:00,0x2A1,0100020000000000
2026-09-25T16:41:56.503083+00:00,0x2A5,000005A0FFFF6DAF
2026-09-25T16:41:56.503327+00:00,0x2A6,000005B3FFFFDCAB
2026-09-25T16:41:56.503573+00:00,0x2A7,000004D100002D09
2026-09-25T16:41:56.503835+00:00,0x2A9,FFFF86E500000000
2026-09-25T16:41:56.505352+00:00,0x2A1,0100020000000000
2026-09-25T16:41:56.506396+00:00,0x2A5,000005A8FFFF6DAF
2026-09-25T16:41:56.506679+00:00,0x2A6,000005B3FFFFDCAB
2026-09-25T16:41:56.506966+00:00,0x2A7,000004DA00002D09
2026-09-25T16:41:56.507224+00:00,0x2A9,FFFF86E500000000
2026-09-25T16:41:56.510468+00:00,0x2A1,0100020000000000
2026-09-25T16:41:56.513147+00:00,0x2A5,000005A0FFFF6DAF
2026-09-25T16:41:56.513477+00:00,0x2A6,000005B3FFFFDCAB
2026-09-25T16:41:56.514642+00:00,0x2A7,000004DB00002D13
2026-09-25T16:41:56.514979+00:00,0x2A9,FFFF86E500000000
2026-09-25T16:41:56.517619+00:00,0x2A1,0100020000000000
2026-09-25T16:41:56.520004+00:00,0x2A5,000005A8FFFF6DAF
2026-09-25T16:41:56.520284+00:00,0x2A6,000005B3FFFFDCAB
2026-09-25T16:41:56.520574+00:00,0x2A7,000004DB00002CFF
2026-09-25T16:41:56.521022+00:00,0x2A9,FFFF86E500000000
2026-09-25T16:41:56.521370+00:00,0x2A1,0100020000000000
2026-09-25T16:41:56.521728+00:00,0x2A5,000005A8FFFF6DAF
2026-09-25T16:41:56.524082+00:00,0x2A6,000005B3FFFFDCAB
2026-09-25T16:41:56.524703+00:00,0x2A7,000004D200002CFF
2026-09-25T16:41:56.525004+00:00,0x2A9,FFFF86E500000000
2026-09-25T16:41:56.525370+00:00,0x2A1,0100020000000000
2026-09-25T16:41:56.528083+00:00,0x2A5,000005A4FFFF6DAF
2026-09-25T16:41:56.528371+00:00,0x2A6,000005B3FFFFDCAB
2026-09-25T16:41:56.528616+00:00,0x2A7,000004E600002D15
2026-09-25T16:41:56.528857+00:00,0x2A9,FFFF86E500000000
2026-09-25T16:41:56.530370+00:00,0x2A1,0100020000000000
2026-09-25T16:41:56.533104+00:00,0x2A5,000005A4FFFF6DAF
2026-09-25T16:41:56.533392+00:00,0x2A6,000005B3FFFFDCAB
2026-09-25T16:41:56.533594+00:00,0x2A7,000004CD00002D00
2026-09-25T16:41:56.533835+00:00,0x2A9,FFFF86E500000000
2026-09-25T16:41:56.536752+00:00,0x2A1,0100020000000000
2026-09-25T16:41:56.538910+00:00,0x2A5,000005A4FFFF6DAF
2026-09-25T16:41:56.539155+00:00,0x2A6,000005B3FFFFDCAB
2026-09-25T16:41:56.539488+00:00,0x2A7,000004CD00002D00
2026-09-25T16:41:56.539726+00:00,0x2A9,FFFF86E500000000
2026-09-25T16:41:56.540370+00:00,0x2A1,0100020000000000
2026-09-25T16:41:56.542861+00:00,0x2A5,000005A5FFFF6DAF
2026-09-25T16:41:56.543082+00:00,0x2A6,000005B3FFFFDCAB
2026-09-25T16:41:56.543370+00:00,0x2A7,000004E100002D14
2026-09-25T16:41:56.543643+00:00,0x2A9,FFFF86E500000000
2026-09-25T16:41:56.545345+00:00,0x2A1,0100020000000000
2026-09-25T16:41:56.547864+00:00,0x2A5,000005A5FFFF6DAF
2026-09-25T16:41:56.548104+00:00,0x2A6,000005B3FFFFDCAB
2026-09-25T16:41:56.548349+00:00,0x2A7,000004D300002D02
2026-09-25T16:41:56.548595+00:00,0x2A9,FFFF86E500000000
2026-09-25T16:41:56.550457+00:00,0x2A1,0100020000000000
2026-09-25T16:41:56.552911+00:00,0x2A5,000005A5FFFF6DAF
2026-09-25T16:41:56.553107+00:00,0x2A6,000005B3FFFFDCAB
2026-09-25T16:41:56.553349+00:00,0x2A7,000004D300002D0C
2026-09-25T16:41:56.553543+00:00,0x2A9,FFFF86E500000000
2026-09-25T16:41:56.556040+00:00,0x2A1,0100020000000000
2026-09-25T16:41:56.558041+00:00,0x2A5,000005A5FFFF6DAF
2026-09-25T16:41:56.558241+00:00,0x2A6,000005B3FFFFDCAB
2026-09-25T16:41:56.558439+00:00,0x2A7,000004D000002D0C
2026-09-25T16:41:56.558682+00:00,0x2A9,FFFF86E500000000
2026-09-25T16:41:56.560328+00:00,0x2A1,0100020000000000
2026-09-25T16:41:56.562682+00:00,0x2A5,000005A5FFFF6DAF
2026-09-25T16:41:56.562910+00:00,0x2A6,000005B3FFFFDCAB
2026-09-25T16:41:56.563107+00:00,0x2A7,000004E700002D0A
2026-09-25T16:41:56.563349+00:00,0x2A9,FFFF86E500000000
2026-09-25T16:41:56.565373+00:00,0x2A1,0100020000000000
2026-09-25T16:41:56.568869+00:00,0x2A5,000005A5FFFF6DAF
2026-09-25T16:41:56.569041+00:00,0x2A6,000005B3FFFFDCAB
2026-09-25T16:41:56.569327+00:00,0x2A7,000004D200002D01
2026-09-25T16:41:56.569574+00:00,0x2A9,FFFF86E500000000
2026-09-25T16:41:56.570370+00:00,0x2A1,0100020000000000
2026-09-25T16:41:56.572108+00:00,0x2A5,000005A5FFFF6DAF
2026-09-25T16:41:56.572573+00:00,0x2A6,000005B3FFFFDCAB
2026-09-25T16:41:56.572835+00:00,0x2A7,000004D200002D01
2026-09-25T16:41:56.573082+00:00,0x2A9,FFFF86E500000000
2026-09-25T16:41:56.576979+00:00,0x2A1,0100020000000000
2026-09-25T16:41:56.578859+00:00,0x2A5,000005A5FFFF6DAF
2026-09-25T16:41:56.579103+00:00,0x2A6,000005B3FFFFDCAB
2026-09-25T16:41:56.579306+00:00,0x2A7,000004DF00002D18
2026-09-25T16:41:56.579543+00:00,0x2A9,FFFF86E500000000
2026-09-25T16:41:56.580330+00:00,0x2A1,0100020000000000
2026-09-25T16:41:56.582639+00:00,0x2A5,000005A5FFFF6DAF
2026-09-25T16:41:56.582858+00:00,0x2A6,000005B3FFFFDCAB
2026-09-25T16:41:56.583061+00:00,0x2A7,000004D200002CFF
2026-09-25T16:41:56.583305+00:00,0x2A9,FFFF86E500000000
2026-09-25T16:41:56.585494+00:00,0x2A1,0100020000000000
2026-09-25T16:41:56.587953+00:00,0x2A5,000005A5FFFF6DAF
2026-09-25T16:41:56.588155+00:00,0x2A6,000005B3FFFFDCAB
2026-09-25T16:41:56.588395+00:00,0x2A7,000004D200002D19
2026-09-25T16:41:56.588597+00:00,0x2A9,FFFF86E500000000
2026-09-25T16:41:56.590329+00:00,0x2A1,0100020000000000
2026-09-25T16:41:56.593107+00:00,0x2A5,000005A5FFFF6DAF
2026-09-25T16:41:56.593349+00:00,0x2A6,000005B3FFFFDCAB
2026-09-25T16:41:56.593595+00:00,0x2A7,000004D100002D19
2026-09-25T16:41:56.593835+00:00,0x2A9,FFFF86E500000000
2026-09-25T16:41:56.595595+00:00,0x2A1,0100020000000000
2026-09-25T16:41:56.597598+00:00,0x2A5,000005A5FFFF6DAF
2026-09-25T16:41:56.597838+00:00,0x2A6,000005B3FFFFDCAB
2026-09-25T16:41:56.598041+00:00,0x2A7,000004E100002CFE
2026-09-25T16:41:56.598242+00:00,0x2A9,FFFF86E500000000
2026-09-25T16:41:56.600315+00:00,0x2A1,0100020000000000
2026-09-25T16:41:56.602478+00:00,0x2A5,000005A5FFFF6DAF
2026-09-25T16:41:56.602728+00:00,0x2A6,000005B3FFFFDCAB
2026-09-25T16:41:56.602902+00:00,0x2A7,000004D300002D15
2026-09-25T16:41:56.603157+00:00,0x2A9,FFFF86E500000000
2026-09-25T16:41:56.605462+00:00,0x2A1,0100020000000000
2026-09-25T16:41:56.607553+00:00,0x2A5,000005A5FFFF6DAF
2026-09-25T16:41:56.607835+00:00,0x2A6,000005B3FFFFDCAB
2026-09-25T16:41:56.607998+00:00,0x2A7,000004D300002D15
2026-09-25T16:41:56.608198+00:00,0x2A9,FFFF86E500000000
2026-09-25T16:41:56.610314+00:00,0x2A1,0100020000000000
2026-09-25T16:41:56.613348+00:00,0x2A5,000005A5FFFF6DAF
2026-09-25T16:41:56.613543+00:00,0x2A6,000005B3FFFFDCAB
2026-09-25T16:41:56.613834+00:00,0x2A7,000004E100002D02
2026-09-25T16:41:56.614040+00:00,0x2A9,FFFF86E500000000
2026-09-25T16:41:56.615910+00:00,0x2A1,0100020000000000
2026-09-25T16:41:56.617954+00:00,0x2A5,000005A5FFFF6DAF
2026-09-25T16:41:56.618197+00:00,0x2A6,000005B3FFFFDCAB
2026-09-25T16:41:56.619229+00:00,0x2A7,000004D400002D08
2026-09-25T16:41:56.619482+00:00,0x2A9,FFFF86E500000000
2026-09-25T16:41:56.620415+00:00,0x2A1,0100020000000000
2026-09-25T16:41:56.622911+00:00,0x2A5,000005A5FFFF6DAF
2026-09-25T16:41:56.623198+00:00,0x2A6,000005B3FFFFDCAB
2026-09-25T16:41:56.623438+00:00,0x2A7,000004D400002D12
2026-09-25T16:41:56.623683+00:00,0x2A9,FFFF86E500000000
2026-09-25T16:41:56.625345+00:00,0x2A1,0100020000000000
2026-09-25T16:41:56.627858+00:00,0x2A5,000005A5FFFF6DAF
2026-09-25T16:41:56.628105+00:00,0x2A6,000005B3FFFFDCAB
2026-09-25T16:41:56.628350+00:00,0x2A7,000004D700002D12
2026-09-25T16:41:56.628596+00:00,0x2A9,FFFF86E500000000
2026-09-25T16:41:56.630330+00:00,0x2A1,0100020000000000
2026-09-25T16:41:56.632860+00:00,0x2A5,000005A5FFFF6DAF
2026-09-25T16:41:56.633597+00:00,0x2A6,000005B3FFFFDCAB
2026-09-25T16:41:56.633837+00:00,0x2A7,000004DB00002D00
2026-09-25T16:41:56.634085+00:00,0x2A9,FFFF86E500000000
2026-09-25T16:41:56.636005+00:00,0x2A1,0100020000000000
2026-09-25T16:41:56.638105+00:00,0x2A5,000005A5FFFF6DAF
2026-09-25T16:41:56.638307+00:00,0x2A6,000005B3FFFFDCAB
2026-09-25T16:41:56.638552+00:00,0x2A7,000004D200002D12
2026-09-25T16:41:56.638835+00:00,0x2A9,FFFF86E500000000
2026-09-25T16:41:56.640414+00:00,0x2A1,0100020000000000
2026-09-25T16:41:56.642545+00:00,0x2A5,000005A5FFFF6DAF
2026-09-25T16:41:56.642836+00:00,0x2A6,000005B3FFFFDCAB
2026-09-25T16:41:56.642999+00:00,0x2A7,000004D200002D12
2026-09-25T16:41:56.643245+00:00,0x2A9,FFFF86E500000000
2026-09-25T16:41:56.645290+00:00,0x2A1,0100020000000000
2026-09-25T16:41:56.647439+00:00,0x2A5,000005A5FFFF6DAF
2026-09-25T16:41:56.647642+00:00,0x2A6,000005B3FFFFDCAB
2026-09-25T16:41:56.647912+00:00,0x2A7,000004E300002D00
2026-09-25T16:41:56.648109+00:00,0x2A9,FFFF86E500000000
2026-09-25T16:41:56.650332+00:00,0x2A1,0100020000000000
2026-09-25T16:41:56.653307+00:00,0x2A5,000005A5FFFF6DAF
2026-09-25T16:41:56.653545+00:00,0x2A6,000005B3FFFFDCAB
2026-09-25T16:41:56.653835+00:00,0x2A7,000004D100002D14
2026-09-25T16:41:56.654041+00:00,0x2A9,FFFF86E500000000
2026-09-25T16:41:56.655998+00:00,0x2A1,0100020000000000
2026-09-25T16:41:56.657998+00:00,0x2A5,000005A5FFFF6DAF
2026-09-25T16:41:56.658242+00:00,0x2A6,000005B3FFFFDCAB
2026-09-25T16:41:56.658476+00:00,0x2A7,000004D100002CFF
2026-09-25T16:41:56.658685+00:00,0x2A9,FFFF86E500000000
2026-09-25T16:41:56.660312+00:00,0x2A1,0100020000000000
2026-09-25T16:41:56.662396+00:00,0x2A5,000005A5FFFF6DAF
2026-09-25T16:41:56.662642+00:00,0x2A6,000005B3FFFFDCAB
2026-09-25T16:41:56.662861+00:00,0x2A7,000004DF00002D15
2026-09-25T16:41:56.663106+00:00,0x2A9,FFFF86E500000000
2026-09-25T16:41:56.665289+00:00,0x2A1,0100020000000000
2026-09-25T16:41:56.667545+00:00,0x2A5,000005A5FFFF6DAF
2026-09-25T16:41:56.667835+00:00,0x2A6,000005B3FFFFDCAB
2026-09-25T16:41:56.667998+00:00,0x2A7,000004D200002D15
2026-09-25T16:41:56.668242+00:00,0x2A9,FFFF86E500000000
2026-09-25T16:41:56.670708+00:00,0x2A1,0100020000000000
2026-09-25T16:41:56.674474+00:00,0x2A5,000005A5FFFF6DAF
2026-09-25T16:41:56.674860+00:00,0x2A6,000005B3FFFFDCAB
2026-09-25T16:41:56.675876+00:00,0x2A7,000004D200002D04
2026-09-25T16:41:56.676157+00:00,0x2A9,FFFF86E500000000
2026-09-25T16:41:56.678285+00:00,0x2A1,0100020000000000
2026-09-25T16:41:56.680858+00:00,0x2A5,000005A5FFFF6DAF
2026-09-25T16:41:56.681149+00:00,0x2A6,000005B3FFFFDCAB
2026-09-25T16:41:56.681437+00:00,0x2A7,000004D200002D04
2026-09-25T16:41:56.681682+00:00,0x2A9,FFFF86E500000000
2026-09-25T16:41:56.681955+00:00,0x2A1,0100020000000000
2026-09-25T16:41:56.684157+00:00,0x2A5,000005A5FFFF6DAF
2026-09-25T16:41:56.684397+00:00,0x2A6,000005B3FFFFDCAB
2026-09-25T16:41:56.684641+00:00,0x2A7,000004E200002D0A
2026-09-25T16:41:56.684839+00:00,0x2A9,FFFF86E500000000
2026-09-25T16:41:56.685303+00:00,0x2A1,0100020000000000
2026-09-25T16:41:56.687439+00:00,0x2A5,000005A5FFFF6DAF
2026-09-25T16:41:56.687642+00:00,0x2A6,000005B3FFFFDCAB
2026-09-25T16:41:56.687861+00:00,0x2A7,000004D200002D0C
2026-09-25T16:41:56.688063+00:00,0x2A9,FFFF86E500000000
2026-09-25T16:41:56.690359+00:00,0x2A1,0100020000000000
2026-09-25T16:41:56.693396+00:00,0x2A5,000005A5FFFF6DAF
2026-09-25T16:41:56.693601+00:00,0x2A6,000005B3FFFFDCAB
2026-09-25T16:41:56.693839+00:00,0x2A7,000004D200002D00
2026-09-25T16:41:56.694084+00:00,0x2A9,FFFF86E500000000
2026-09-25T16:41:56.695955+00:00,0x2A1,0100020000000000
2026-09-25T16:41:56.698157+00:00,0x2A5,000005A5FFFF6DAF
2026-09-25T16:41:56.698354+00:00,0x2A6,000005B3FFFFDCAB
2026-09-25T16:41:56.698601+00:00,0x2A7,000004E300002D00
2026-09-25T16:41:56.698846+00:00,0x2A9,FFFF86E500000000
2026-09-25T16:41:56.700319+00:00,0x2A1,0100020000000000
2026-09-25T16:41:56.702859+00:00,0x2A5,000005A5FFFF6DAF
2026-09-25T16:41:56.702956+00:00,0x2A6,000005B3FFFFDCAB
2026-09-25T16:41:56.703200+00:00,0x2A7,000004D100002D15
2026-09-25T16:41:56.703397+00:00,0x2A9,FFFF86E500000000
2026-09-25T16:41:56.705290+00:00,0x2A1,0100020000000000
2026-09-25T16:41:56.707440+00:00,0x2A5,000005A5FFFF6DAF
2026-09-25T16:41:56.707685+00:00,0x2A6,000005B3FFFFDCAB
2026-09-25T16:41:56.707912+00:00,0x2A7,000004D800002D00
2026-09-25T16:41:56.708108+00:00,0x2A9,FFFF86E500000000
2026-09-25T16:41:56.710316+00:00,0x2A1,0100020000000000
2026-09-25T16:41:56.713308+00:00,0x2A5,000005A5FFFF6DAF
2026-09-25T16:41:56.713548+00:00,0x2A6,000005B3FFFFDCAB
2026-09-25T16:41:56.713836+00:00,0x2A7,000004D800002D15
2026-09-25T16:41:56.714044+00:00,0x2A9,FFFF86E500000000
2026-09-25T16:41:56.715955+00:00,0x2A1,0100020000000000
2026-09-25T16:41:56.718041+00:00,0x2A5,000005A5FFFF6DAF
2026-09-25T16:41:56.718242+00:00,0x2A6,000005B3FFFFDCAB
2026-09-25T16:41:56.718475+00:00,0x2A7,000004DA00002D15
2026-09-25T16:41:56.718685+00:00,0x2A9,FFFF86E500000000
2026-09-25T16:41:56.720282+00:00,0x2A1,0100020000000000
2026-09-25T16:41:56.722506+00:00,0x2A5,000005A5FFFF6DAF
2026-09-25T16:41:56.722712+00:00,0x2A6,000005B3FFFFDCAB
2026-09-25T16:41:56.722955+00:00,0x2A7,000004D200002CFE
2026-09-25T16:41:56.723200+00:00,0x2A9,FFFF86E500000000
2026-09-25T16:41:56.725858+00:00,0x2A1,0100020000000000
2026-09-25T16:41:56.728041+00:00,0x2A5,000005A5FFFF6DAF
2026-09-25T16:41:56.728242+00:00,0x2A6,000005B3FFFFDCAB
2026-09-25T16:41:56.728483+00:00,0x2A7,000004D200002D16
2026-09-25T16:41:56.728727+00:00,0x2A9,FFFF86E500000000
2026-09-25T16:41:56.730373+00:00,0x2A1,0100020000000000
2026-09-25T16:41:56.732859+00:00,0x2A5,000005A5FFFF6DAF
2026-09-25T16:41:56.733105+00:00,0x2A6,000005B3FFFFDCAB
2026-09-25T16:41:56.733396+00:00,0x2A7,000004E100002D16
2026-09-25T16:41:56.733640+00:00,0x2A9,FFFF86E500000000
2026-09-25T16:41:56.736286+00:00,0x2A1,0100020000000000
2026-09-25T16:41:56.738243+00:00,0x2A5,000005A5FFFF6DAF
2026-09-25T16:41:56.738439+00:00,0x2A6,000005B3FFFFDCAB
2026-09-25T16:41:56.738684+00:00,0x2A7,000004D200002D03
2026-09-25T16:41:56.738912+00:00,0x2A9,FFFF86E500000000
2026-09-25T16:41:56.740337+00:00,0x2A1,0100020000000000
2026-09-25T16:41:56.742354+00:00,0x2A5,000005A5FFFF6DAF
2026-09-25T16:41:56.742600+00:00,0x2A6,000005B3FFFFDCAB
2026-09-25T16:41:56.742846+00:00,0x2A7,000004DB00002D08
2026-09-25T16:41:56.742999+00:00,0x2A9,FFFF86E500000000
2026-09-25T16:41:56.745290+00:00,0x2A1,0100020000000000
2026-09-25T16:41:56.747545+00:00,0x2A5,000005A5FFFF6DAF
2026-09-25T16:41:56.747835+00:00,0x2A6,000005B3FFFFDCAB
2026-09-25T16:41:56.747998+00:00,0x2A7,000004D200002D0E
2026-09-25T16:41:56.748242+00:00,0x2A9,FFFF86E500000000
2026-09-25T16:41:56.750315+00:00,0x2A1,0100020000000000
2026-09-25T16:41:56.753199+00:00,0x2A5,000005A6FFFF6DAF
2026-09-25T16:41:56.753440+00:00,0x2A6,000005B3FFFFDCAB
2026-09-25T16:41:56.753642+00:00,0x2A7,000004D200002D0E
2026-09-25T16:41:56.753860+00:00,0x2A9,FFFF86E500000000
2026-09-25T16:41:56.756685+00:00,0x2A1,0100020000000000
2026-09-25T16:41:56.758729+00:00,0x2A5,000005A1FFFF6DAF
2026-09-25T16:41:56.758956+00:00,0x2A6,000005B3FFFFDCAB
2026-09-25T16:41:56.759202+00:00,0x2A7,000004D500002CFF
2026-09-25T16:41:56.759439+00:00,0x2A9,FFFF86E500000000
2026-09-25T16:41:56.760294+00:00,0x2A1,0100020000000000
2026-09-25T16:41:56.762545+00:00,0x2A5,000005A1FFFF6DAF
2026-09-25T16:41:56.762836+00:00,0x2A6,000005B3FFFFDCAB
2026-09-25T16:41:56.762999+00:00,0x2A7,000004DF00002D19
2026-09-25T16:41:56.763242+00:00,0x2A9,FFFF86E500000000
2026-09-25T16:41:56.765289+00:00,0x2A1,0100020000000000
2026-09-25T16:41:56.767482+00:00,0x2A5,000005A7FFFF6DAF
2026-09-25T16:41:56.767684+00:00,0x2A6,000005B3FFFFDCAB
2026-09-25T16:41:56.767956+00:00,0x2A7,000004DF00002CFF
2026-09-25T16:41:56.768200+00:00,0x2A9,FFFF86E500000000
2026-09-25T16:41:56.770479+00:00,0x2A1,0100020000000000
2026-09-25T16:41:56.772641+00:00,0x2A5,000005A2FFFF6DAF
2026-09-25T16:41:56.772860+00:00,0x2A6,000005B3FFFFDCAB
2026-09-25T16:41:56.773105+00:00,0x2A7,000004CF00002CFF
2026-09-25T16:41:56.773307+00:00,0x2A9,FFFF86E500000000
2026-09-25T16:41:56.776106+00:00,0x2A1,0100020000000000
2026-09-25T16:41:56.778523+00:00,0x2A5,000005A7FFFF6DAF
2026-09-25T16:41:56.778863+00:00,0x2A6,000005B3FFFFDCAB
2026-09-25T16:41:56.779041+00:00,0x2A7,000004E800002D19
2026-09-25T16:41:56.779328+00:00,0x2A9,FFFF86E500000000
2026-09-25T16:41:56.780357+00:00,0x2A1,0100020000000000
2026-09-25T16:41:56.781575+00:00,0x2A5,000005A7FFFF6DAF
2026-09-25T16:41:56.781836+00:00,0x2A6,000005B3FFFFDCAB
2026-09-25T16:41:56.782127+00:00,0x2A7,000004E800002CFC
2026-09-25T16:41:56.782329+00:00,0x2A9,FFFF86E500000000
2026-09-25T16:41:56.785346+00:00,0x2A1,0100020000000000
2026-09-25T16:41:56.787837+00:00,0x2A5,000005A1FFFF6DAF
2026-09-25T16:41:56.788085+00:00,0x2A6,000005B3FFFFDCAB
2026-09-25T16:41:56.788328+00:00,0x2A7,000004D000002CFC
2026-09-25T16:41:56.788619+00:00,0x2A9,FFFF86E500000000
2026-09-25T16:41:56.790328+00:00,0x2A1,0100020000000000
2026-09-25T16:41:56.792998+00:00,0x2A5,000005A6FFFF6DAF
2026-09-25T16:41:56.793199+00:00,0x2A6,000005B3FFFFDCAB
2026-09-25T16:41:56.793439+00:00,0x2A7,000004DA00002D15
2026-09-25T16:41:56.793641+00:00,0x2A9,FFFF86E500000000
2026-09-25T16:41:56.796477+00:00,0x2A1,0100020000000000
2026-09-25T16:41:56.798285+00:00,0x2A5,000005A4FFFF6DAF
2026-09-25T16:41:56.798474+00:00,0x2A6,000005B3FFFFDCAB
2026-09-25T16:41:56.798728+00:00,0x2A7,000004D700002D01
2026-09-25T16:41:56.798955+00:00,0x2A9,FFFF86E500000000
2026-09-25T16:41:56.800315+00:00,0x2A1,0100020000000000
2026-09-25T16:41:56.802439+00:00,0x2A5,000005A4FFFF6DAF
2026-09-25T16:41:56.802642+00:00,0x2A6,000005B3FFFFDCAB
2026-09-25T16:41:56.802860+00:00,0x2A7,000004D700002D06
2026-09-25T16:41:56.803062+00:00,0x2A9,FFFF86E500000000
2026-09-25T16:41:56.805292+00:00,0x2A1,0100020000000000
2026-09-25T16:41:56.807598+00:00,0x2A5,000005A5FFFF6DAF
2026-09-25T16:41:56.807838+00:00,0x2A6,000005B3FFFFDCAB
2026-09-25T16:41:56.808041+00:00,0x2A7,000004D100002D06
2026-09-25T16:41:56.808285+00:00,0x2A9,FFFF86E500000000
2026-09-25T16:41:56.810315+00:00,0x2A1,0100020000000000
2026-09-25T16:41:56.813156+00:00,0x2A5,000005A5FFFF6DAF
2026-09-25T16:41:56.813397+00:00,0x2A6,000005B3FFFFDCAB
2026-09-25T16:41:56.813641+00:00,0x2A7,000004E800002D11
2026-09-25T16:41:56.813838+00:00,0x2A9,FFFF86E500000000
2026-09-25T16:41:56.816149+00:00,0x2A1,0100020000000000
2026-09-25T16:41:56.818156+00:00,0x2A5,000005A2FFFF6DAF
2026-09-25T16:41:56.818353+00:00,0x2A6,000005B3FFFFDCAB
2026-09-25T16:41:56.818600+00:00,0x2A7,000004CE00002CFC
2026-09-25T16:41:56.818846+00:00,0x2A9,FFFF86E500000000
2026-09-25T16:41:56.820293+00:00,0x2A1,0100020000000000
2026-09-25T16:41:56.822478+00:00,0x2A5,000005A2FFFF6DAF
2026-09-25T16:41:56.822685+00:00,0x2A6,000005B3FFFFDCAB
2026-09-25T16:41:56.822912+00:00,0x2A7,000004CE00002CFC
2026-09-25T16:41:56.823156+00:00,0x2A9,FFFF86E500000000
2026-09-25T16:41:56.825289+00:00,0x2A1,0100020000000000
2026-09-25T16:41:56.827549+00:00,0x2A5,000005A7FFFF6DAF
2026-09-25T16:41:56.827846+00:00,0x2A6,000005B3FFFFDCAB
2026-09-25T16:41:56.827999+00:00,0x2A7,000004E800002D17
2026-09-25T16:41:56.828199+00:00,0x2A9,FFFF86E500000000
2026-09-25T16:41:56.830402+00:00,0x2A1,0100020000000000
2026-09-25T16:41:56.833105+00:00,0x2A5,000005A2FFFF6DAF
2026-09-25T16:41:56.833394+00:00,0x2A6,000005B3FFFFDCAB
2026-09-25T16:41:56.833639+00:00,0x2A7,000004CD00002CFC
2026-09-25T16:41:56.833858+00:00,0x2A9,FFFF86E500000000
2026-09-25T16:41:56.836859+00:00,0x2A1,0100020000000000
2026-09-25T16:41:56.839148+00:00,0x2A5,000005A2FFFF6DAF
2026-09-25T16:41:56.839393+00:00,0x2A6,000005B3FFFFDCAB
2026-09-25T16:41:56.839596+00:00,0x2A7,000004CD00002D18
2026-09-25T16:41:56.839936+00:00,0x2A9,FFFF86E500000000
2026-09-25T16:41:56.840378+00:00,0x2A1,0100020000000000
2026-09-25T16:41:56.841549+00:00,0x2A5,000005A7FFFF6DAF
2026-09-25T16:41:56.841852+00:00,0x2A6,000005B3FFFFDCAB
2026-09-25T16:41:56.842042+00:00,0x2A7,000004D200002D18
2026-09-25T16:41:56.842242+00:00,0x2A9,FFFF86E500000000
2026-09-25T16:41:56.845303+00:00,0x2A1,0100020000000000
2026-09-25T16:41:56.847439+00:00,0x2A5,000005A5FFFF6DAF
2026-09-25T16:41:56.847684+00:00,0x2A6,000005B3FFFFDCAB
2026-09-25T16:41:56.847860+00:00,0x2A7,000004E500002CFF
2026-09-25T16:41:56.848105+00:00,0x2A9,FFFF86E500000000
2026-09-25T16:41:56.850357+00:00,0x2A1,0100020000000000
2026-09-25T16:41:56.853108+00:00,0x2A5,000005A4FFFF6DAF
2026-09-25T16:41:56.853307+00:00,0x2A6,000005B3FFFFDCAB
2026-09-25T16:41:56.853545+00:00,0x2A7,000004D100002D08
2026-09-25T16:41:56.853835+00:00,0x2A9,FFFF86E500000000
2026-09-25T16:41:56.856350+00:00,0x2A1,0100020000000000
2026-09-25T16:41:56.857041+00:00,0x2A5,000005A4FFFF6DAF
2026-09-25T16:41:56.857245+00:00,0x2A6,000005B3FFFFDCAB
2026-09-25T16:41:56.857439+00:00,0x2A7,000004D100002D08
2026-09-25T16:41:56.857641+00:00,0x2A9,FFFF86E500000000
2026-09-25T16:41:56.860379+00:00,0x2A1,0100020000000000
2026-09-25T16:41:56.862396+00:00,0x2A5,000005A4FFFF6DAF
2026-09-25T16:41:56.862642+00:00,0x2A6,000005B3FFFFDCAB
2026-09-25T16:41:56.862838+00:00,0x2A7,000004E800002D0E
2026-09-25T16:41:56.863041+00:00,0x2A9,FFFF86E500000000
2026-09-25T16:41:56.865289+00:00,0x2A1,0100020000000000
2026-09-25T16:41:56.867439+00:00,0x2A5,000005A2FFFF6DAF
2026-09-25T16:41:56.867641+00:00,0x2A6,000005B3FFFFDCAB
2026-09-25T16:41:56.867860+00:00,0x2A7,000004CF00002D02
2026-09-25T16:41:56.868062+00:00,0x2A9,FFFF86E500000000
2026-09-25T16:41:56.870296+00:00,0x2A1,0100020000000000
2026-09-25T16:41:56.872641+00:00,0x2A5,000005A2FFFF6DAF
2026-09-25T16:41:56.872860+00:00,0x2A6,000005B3FFFFDCAB
2026-09-25T16:41:56.873062+00:00,0x2A7,000004CF00002D14
2026-09-25T16:41:56.873704+00:00,0x2A9,FFFF86E500000000
2026-09-25T16:41:56.876474+00:00,0x2A1,0100020000000000
2026-09-25T16:41:56.878477+00:00,0x2A5,000005A8FFFF6DAF
2026-09-25T16:41:56.878641+00:00,0x2A6,000005B3FFFFDCAB
2026-09-25T16:41:56.878912+00:00,0x2A7,000004D700002D14
2026-09-25T16:41:56.879108+00:00,0x2A9,FFFF86E500000000
2026-09-25T16:41:56.880362+00:00,0x2A1,0100020000000000
2026-09-25T16:41:56.882641+00:00,0x2A5,000005A0FFFF6DAF
2026-09-25T16:41:56.882860+00:00,0x2A6,000005B3FFFFDCAB
2026-09-25T16:41:56.883062+00:00,0x2A7,000004DB00002D00
2026-09-25T16:41:56.883350+00:00,0x2A9,FFFF86E500000000
2026-09-25T16:41:56.885332+00:00,0x2A1,0100020000000000
2026-09-25T16:41:56.887199+00:00,0x2A5,000005A8FFFF6DAF
2026-09-25T16:41:56.887439+00:00,0x2A6,000005B3FFFFDCAB
2026-09-25T16:41:56.887684+00:00,0x2A7,000004D000002D16
2026-09-25T16:41:56.888022+00:00,0x2A9,FFFF86E500000000
2026-09-25T16:41:56.890414+00:00,0x2A1,0100020000000000
2026-09-25T16:41:56.893147+00:00,0x2A5,000005A8FFFF6DAF
2026-09-25T16:41:56.893436+00:00,0x2A6,000005B3FFFFDCAB
2026-09-25T16:41:56.893639+00:00,0x2A7,000004D000002D16
2026-09-25T16:41:56.893912+00:00,0x2A9,FFFF86E500000000
2026-09-25T16:41:56.897042+00:00,0x2A1,0100020000000000
2026-09-25T16:41:56.899084+00:00,0x2A5,0000059EFFFF6DAF
2026-09-25T16:41:56.899285+00:00,0x2A6,000005B3FFFFDCAB
2026-09-25T16:41:56.899523+00:00,0x2A7,000004E600002D02
2026-09-25T16:41:56.899728+00:00,0x2A9,FFFF86E500000000
2026-09-25T16:41:56.900415+00:00,0x2A1,0100020000000000
2026-09-25T16:41:56.902474+00:00,0x2A5,000005A8FFFF6DAF
2026-09-25T16:41:56.902727+00:00,0x2A6,000005B3FFFFDCAB
2026-09-25T16:41:56.902955+00:00,0x2A7,000004D000002D0E
2026-09-25T16:41:56.903198+00:00,0x2A9,FFFF86E500000000
2026-09-25T16:41:56.905289+00:00,0x2A1,0100020000000000
2026-09-25T16:41:56.907598+00:00,0x2A5,000005A8FFFF6DAF
2026-09-25T16:41:56.907860+00:00,0x2A6,000005B3FFFFDCAB
2026-09-25T16:41:56.908062+00:00,0x2A7,000004D000002D09
2026-09-25T16:41:56.908264+00:00,0x2A9,FFFF86E500000000
2026-09-25T16:41:56.910401+00:00,0x2A1,0100020000000000
2026-09-25T16:41:56.913156+00:00,0x2A5,0000059FFFFF6DAF
2026-09-25T16:41:56.913353+00:00,0x2A6,000005B3FFFFDCAB
2026-09-25T16:41:56.913600+00:00,0x2A7,000004D700002D09
2026-09-25T16:41:56.913846+00:00,0x2A9,FFFF86E500000000
2026-09-25T16:41:56.916955+00:00,0x2A1,0100020000000000
2026-09-25T16:41:56.918839+00:00,0x2A5,000005A8FFFF6DAF
2026-09-25T16:41:56.918955+00:00,0x2A6,000005B3FFFFDCAB
2026-09-25T16:41:56.919199+00:00,0x2A7,000004DA00002CFF
2026-09-25T16:41:56.919439+00:00,0x2A9,FFFF86E500000000
2026-09-25T16:41:56.920328+00:00,0x2A1,0100020000000000
2026-09-25T16:41:56.922496+00:00,0x2A5,0000059FFFFF6DAF
2026-09-25T16:41:56.922863+00:00,0x2A6,000005B3FFFFDCAB
2026-09-25T16:41:56.922955+00:00,0x2A7,000004D100002D14
2026-09-25T16:41:56.923156+00:00,0x2A9,FFFF86E500000000
2026-09-25T16:41:56.925289+00:00,0x2A1,0100020000000000
2026-09-25T16:41:56.927482+00:00,0x2A5,0000059FFFFF6DAF
2026-09-25T16:41:56.927727+00:00,0x2A6,000005B3FFFFDCAB
2026-09-25T16:41:56.927911+00:00,0x2A7,000004D100002D14
2026-09-25T16:41:56.928156+00:00,0x2A9,FFFF86E500000000
2026-09-25T16:41:56.930315+00:00,0x2A1,0100020000000000
2026-09-25T16:41:56.933156+00:00,0x2A5,000005A8FFFF6DAF
2026-09-25T16:41:56.933353+00:00,0x2A6,000005B3FFFFDCAB
2026-09-25T16:41:56.933549+00:00,0x2A7,000004E400002D02
2026-09-25T16:41:56.933847+00:00,0x2A9,FFFF86E500000000
2026-09-25T16:41:56.935643+00:00,0x2A1,0100020000000000
2026-09-25T16:41:56.937935+00:00,0x2A5,000005A4FFFF6DAF
2026-09-25T16:41:56.938156+00:00,0x2A6,000005B3FFFFDCAB
2026-09-25T16:41:56.938396+00:00,0x2A7,000004D100002D12
2026-09-25T16:41:56.938641+00:00,0x2A9,FFFF86E500000000
2026-09-25T16:41:56.941084+00:00,0x2A1,0100020000000000
2026-09-25T16:41:56.943243+00:00,0x2A5,000005A4FFFF6DAF
2026-09-25T16:41:56.943479+00:00,0x2A6,000005B3FFFFDCAB
2026-09-25T16:41:56.943859+00:00,0x2A7,000004D100002D02
2026-09-25T16:41:56.944041+00:00,0x2A9,FFFF86E500000000
2026-09-25T16:41:56.945332+00:00,0x2A1,0100020000000000
2026-09-25T16:41:56.947997+00:00,0x2A5,000005A3FFFF6DAF
2026-09-25T16:41:56.948242+00:00,0x2A6,000005B3FFFFDCAB
2026-09-25T16:41:56.948438+00:00,0x2A7,000004DD00002D02
2026-09-25T16:41:56.948684+00:00,0x2A9,FFFF86E500000000
2026-09-25T16:41:56.950331+00:00,0x2A1,0100020000000000
2026-09-25T16:41:56.952482+00:00,0x2A5,000005A8FFFF6DAF
2026-09-25T16:41:56.952727+00:00,0x2A6,000005B3FFFFDCAB
2026-09-25T16:41:56.952998+00:00,0x2A7,000004D400002D0E
2026-09-25T16:41:56.953205+00:00,0x2A9,FFFF86E500000000
2026-09-25T16:41:56.955858+00:00,0x2A1,0100020000000000
2026-09-25T16:41:56.959350+00:00,0x2A5,0000059FFFFF6DAF
2026-09-25T16:41:56.959545+00:00,0x2A6,000005B3FFFFDCAB
2026-09-25T16:41:56.959835+00:00,0x2A7,000004D100002D08
2026-09-25T16:41:56.959999+00:00,0x2A9,FFFF86E500000000
2026-09-25T16:41:56.960286+00:00,0x2A1,0100020000000000
2026-09-25T16:41:56.962439+00:00,0x2A5,0000059FFFFF6DAF
2026-09-25T16:41:56.962684+00:00,0x2A6,000005B3FFFFDCAB
2026-09-25T16:41:56.962911+00:00,0x2A7,000004D100002D08
2026-09-25T16:41:56.963108+00:00,0x2A9,FFFF86E500000000
2026-09-25T16:41:56.965311+00:00,0x2A1,0100020000000000
2026-09-25T16:41:56.967523+00:00,0x2A5,000005A8FFFF6DAF
2026-09-25T16:41:56.967728+00:00,0x2A6,000005B3FFFFDCAB
2026-09-25T16:41:56.967955+00:00,0x2A7,000004E400002D07
2026-09-25T16:41:56.968156+00:00,0x2A9,FFFF86E500000000
2026-09-25T16:41:56.970563+00:00,0x2A1,0100020000000000
2026-09-25T16:41:56.973353+00:00,0x2A5,000005A1FFFF6DAF
2026-09-25T16:41:56.973600+00:00,0x2A6,000005B3FFFFDCAB
2026-09-25T16:41:56.973845+00:00,0x2A7,000004CF00002D0F
2026-09-25T16:41:56.973999+00:00,0x2A9,FFFF86E500000000
2026-09-25T16:41:56.975379+00:00,0x2A1,0100020000000000
2026-09-25T16:41:56.978911+00:00,0x2A5,000005A1FFFF6DAF
2026-09-25T16:41:56.979108+00:00,0x2A6,000005B3FFFFDCAB
2026-09-25T16:41:56.979350+00:00,0x2A7,000004CF00002D01
2026-09-25T16:41:56.979544+00:00,0x2A9,FFFF86E500000000
2026-09-25T16:41:56.980281+00:00,0x2A1,0100020000000000
2026-09-25T16:41:56.982439+00:00,0x2A5,000005A7FFFF6DAF
2026-09-25T16:41:56.982684+00:00,0x2A6,000005B3FFFFDCAB
2026-09-25T16:41:56.982912+00:00,0x2A7,000004E500002D01
2026-09-25T16:41:56.983156+00:00,0x2A9,FFFF86E500000000
2026-09-25T16:41:56.985292+00:00,0x2A1,0100020000000000
2026-09-25T16:41:56.987353+00:00,0x2A5,000005A2FFFF6DAF
2026-09-25T16:41:56.987600+00:00,0x2A6,000005B3FFFFDCAB
2026-09-25T16:41:56.987846+00:00,0x2A7,000004D100002D13
2026-09-25T16:41:56.988245+00:00,0x2A9,FFFF86E500000000
2026-09-25T16:41:56.990401+00:00,0x2A1,0100020000000000
2026-09-25T16:41:56.991618+00:00,0x2A5,000005A6FFFF6DAF
2026-09-25T16:41:56.991979+00:00,0x2A6,000005B3FFFFDCAB
2026-09-25T16:41:56.992198+00:00,0x2A7,000004D200002D02
2026-09-25T16:41:56.992439+00:00,0x2A9,FFFF86E500000000
2026-09-25T16:41:56.995738+00:00,0x2A1,0100020000000000
2026-09-25T16:41:56.999998+00:00,0x2A5,000005A6FFFF6DAF
2026-09-25T16:41:57.000242+00:00,0x2A6,000005B3FFFFDCAB
2026-09-25T16:41:57.000482+00:00,0x2A7,000004D200002D02
2026-09-25T16:41:57.000859+00:00,0x2A9,FFFF86E500000000
2026-09-25T16:41:57.001084+00:00,0x2A1,0100020000000000
2026-09-25T16:41:57.003107+00:00,0x2A5,000005A1FFFF6DAF
2026-09-25T16:41:57.003392+00:00,0x2A6,000005B3FFFFDCAB
2026-09-25T16:41:57.003639+00:00,0x2A7,000004E100002D12
2026-09-25T16:41:57.003858+00:00,0x2A9,FFFF86E500000000
2026-09-25T16:41:57.005303+00:00,0x2A1,0100020000000000
2026-09-25T16:41:57.007475+00:00,0x2A5,000005A6FFFF6DAF
2026-09-25T16:41:57.007727+00:00,0x2A6,000005B3FFFFDCAB
2026-09-25T16:41:57.007955+00:00,0x2A7,000004D100002D03
2026-09-25T16:41:57.008199+00:00,0x2A9,FFFF86E500000000
2026-09-25T16:41:57.010298+00:00,0x2A1,0100020000000000
2026-09-25T16:41:57.013162+00:00,0x2A5,000005A6FFFF6DAF
2026-09-25T16:41:57.013396+00:00,0x2A6,000005B3FFFFDCAB
2026-09-25T16:41:57.013598+00:00,0x2A7,000004D100002D11
2026-09-25T16:41:57.013838+00:00,0x2A9,FFFF86E500000000
2026-09-25T16:41:57.015478+00:00,0x2A1,0100020000000000
2026-09-25T16:41:57.019248+00:00,0x2A5,000005A2FFFF6DAF
2026-09-25T16:41:57.019439+00:00,0x2A6,000005B3FFFFDCAB
2026-09-25T16:41:57.019684+00:00,0x2A7,000004E300002D11
2026-09-25T16:41:57.019911+00:00,0x2A9,FFFF86E500000000
2026-09-25T16:41:57.020291+00:00,0x2A1,0100020000000000
2026-09-25T16:41:57.022641+00:00,0x2A5,000005A7FFFF6DAF
2026-09-25T16:41:57.022859+00:00,0x2A6,000005B3FFFFDCAB
2026-09-25T16:41:57.023105+00:00,0x2A7,000004CE00002D05
2026-09-25T16:41:57.023307+00:00,0x2A9,FFFF86E500000000
2026-09-25T16:41:57.025310+00:00,0x2A1,0100020000000000
2026-09-25T16:41:57.027439+00:00,0x2A5,000005A0FFFF6DAF
2026-09-25T16:41:57.027641+00:00,0x2A6,000005B3FFFFDCAB
2026-09-25T16:41:57.027860+00:00,0x2A7,000004DF00002D0C
2026-09-25T16:41:57.028062+00:00,0x2A9,FFFF86E500000000
2026-09-25T16:41:57.030313+00:00,0x2A1,0100020000000000
2026-09-25T16:41:57.033156+00:00,0x2A5,000005A0FFFF6DAF
2026-09-25T16:41:57.033396+00:00,0x2A6,000005B3FFFFDCAB
2026-09-25T16:41:57.033640+00:00,0x2A7,000004DF00002D0C
2026-09-25T16:41:57.033838+00:00,0x2A9,FFFF86E500000000
2026-09-25T16:41:57.035414+00:00,0x2A1,0100020000000000
2026-09-25T16:41:57.039155+00:00,0x2A5,000005AAFFFF6DAF
2026-09-25T16:41:57.039352+00:00,0x2A6,000005B3FFFFDCAB
2026-09-25T16:41:57.039548+00:00,0x2A7,000004D400002D0B
2026-09-25T16:41:57.039869+00:00,0x2A9,FFFF86E500000000
2026-09-25T16:41:57.040374+00:00,0x2A1,0100020000000000
2026-09-25T16:41:57.043284+00:00,0x2A5,000005A0FFFF6DAF
2026-09-25T16:41:57.043522+00:00,0x2A6,000005B3FFFFDCAB
2026-09-25T16:41:57.043859+00:00,0x2A7,000004CE00002D04
2026-09-25T16:41:57.044040+00:00,0x2A9,FFFF86E500000000
2026-09-25T16:41:57.045858+00:00,0x2A1,0100020000000000
2026-09-25T16:41:57.047911+00:00,0x2A5,000005A0FFFF6DAF
2026-09-25T16:41:57.048108+00:00,0x2A6,000005B3FFFFDCAB
2026-09-25T16:41:57.048350+00:00,0x2A7,000004CE00002D16
2026-09-25T16:41:57.048595+00:00,0x2A9,FFFF86E500000000
2026-09-25T16:41:57.050397+00:00,0x2A1,0100020000000000
2026-09-25T16:41:57.053439+00:00,0x2A5,000005A9FFFF6DAF
2026-09-25T16:41:57.053684+00:00,0x2A6,000005B3FFFFDCAB
2026-09-25T16:41:57.053911+00:00,0x2A7,000004EA00002D16
2026-09-25T16:41:57.054108+00:00,0x2A9,FFFF86E500000000
2026-09-25T16:41:57.057846+00:00,0x2A1,0100020000000000
2026-09-25T16:41:57.059641+00:00,0x2A5,000005A0FFFF6DAF
2026-09-25T16:41:57.059838+00:00,0x2A6,000005B3FFFFDCAB
2026-09-25T16:41:57.060084+00:00,0x2A7,000004CF00002CFF
2026-09-25T16:41:57.060328+00:00,0x2A9,FFFF86E500000000
2026-09-25T16:41:57.060566+00:00,0x2A1,0100020000000000
2026-09-25T16:41:57.062641+00:00,0x2A5,000005A8FFFF6DAF
2026-09-25T16:41:57.062860+00:00,0x2A6,000005B3FFFFDCAB
2026-09-25T16:41:57.063129+00:00,0x2A7,000004E100002D16
2026-09-25T16:41:57.063350+00:00,0x2A9,FFFF86E500000000
2026-09-25T16:41:57.067523+00:00,0x2A1,0100020000000000
2026-09-25T16:41:57.067728+00:00,0x2A5,000005A8FFFF6DAF
2026-09-25T16:41:57.067998+00:00,0x2A6,000005B3FFFFDCAB
2026-09-25T16:41:57.068223+00:00,0x2A7,000004E100002D16
2026-09-25T16:41:57.068396+00:00,0x2A9,FFFF86E500000000
2026-09-25T16:41:57.070314+00:00,0x2A1,0100020000000000
2026-09-25T16:41:57.072684+00:00,0x2A5,0000059EFFFF6DAF
2026-09-25T16:41:57.072911+00:00,0x2A6,000005B3FFFFDCAB
2026-09-25T16:41:57.073108+00:00,0x2A7,000004CF00002D00
2026-09-25T16:41:57.073350+00:00,0x2A9,FFFF86E500000000
2026-09-25T16:41:57.075336+00:00,0x2A1,0100020000000000
2026-09-25T16:41:57.079062+00:00,0x2A5,000005A8FFFF6DAF
2026-09-25T16:41:57.079307+00:00,0x2A6,000005B3FFFFDCAB
2026-09-25T16:41:57.079495+00:00,0x2A7,000004CF00002D13
2026-09-25T16:41:57.079704+00:00,0x2A9,FFFF86E500000000
2026-09-25T16:41:57.080280+00:00,0x2A1,0100020000000000
2026-09-25T16:41:57.082396+00:00,0x2A5,000005A8FFFF6DAF
2026-09-25T16:41:57.082598+00:00,0x2A6,000005B3FFFFDCAB
2026-09-25T16:41:57.082838+00:00,0x2A7,000004CF00002D06
2026-09-25T16:41:57.083041+00:00,0x2A9,FFFF86E500000000
2026-09-25T16:41:57.085289+00:00,0x2A1,0100020000000000
2026-09-25T16:41:57.087641+00:00,0x2A5,000005A1FFFF6DAF
2026-09-25T16:41:57.087860+00:00,0x2A6,000005B3FFFFDCAB
2026-09-25T16:41:57.088104+00:00,0x2A7,000004E700002D06
2026-09-25T16:41:57.088350+00:00,0x2A9,FFFF86E500000000
2026-09-25T16:41:57.090313+00:00,0x2A1,0100020000000000
2026-09-25T16:41:57.092546+00:00,0x2A5,000005A5FFFF6DAF
2026-09-25T16:41:57.092869+00:00,0x2A6,000005B3FFFFDCAB
2026-09-25T16:41:57.093040+00:00,0x2A7,000004CE00002D06
2026-09-25T16:41:57.093283+00:00,0x2A9,FFFF86E500000000
2026-09-25T16:41:57.097682+00:00,0x2A1,0100020000000000
2026-09-25T16:41:57.100066+00:00,0x2A5,000005A1FFFF6DAF
2026-09-25T16:41:57.100326+00:00,0x2A6,000005B3FFFFDCAB
2026-09-25T16:41:57.100573+00:00,0x2A7,000004E800002D13
2026-09-25T16:41:57.100856+00:00,0x2A9,FFFF86E500000000
2026-09-25T16:41:57.101146+00:00,0x2A1,0100020000000000
2026-09-25T16:41:57.103437+00:00,0x2A5,000005A1FFFF6DAF
2026-09-25T16:41:57.103683+00:00,0x2A6,000005B3FFFFDCAB
2026-09-25T16:41:57.104025+00:00,0x2A7,000004E800002D13
2026-09-25T16:41:57.104241+00:00,0x2A9,FFFF86E500000000
2026-09-25T16:41:57.105331+00:00,0x2A1,0100020000000000
2026-09-25T16:41:57.107683+00:00,0x2A5,000005A8FFFF6DAF
2026-09-25T16:41:57.107955+00:00,0x2A6,000005B3FFFFDCAB
2026-09-25T16:41:57.108199+00:00,0x2A7,000004D000002D02
2026-09-25T16:41:57.108396+00:00,0x2A9,FFFF86E500000000
2026-09-25T16:41:57.110314+00:00,0x2A1,0100020000000000
2026-09-25T16:41:57.112867+00:00,0x2A5,0000059EFFFF6DAF
2026-09-25T16:41:57.113064+00:00,0x2A6,000005B3FFFFDCAB
2026-09-25T16:41:57.113307+00:00,0x2A7,000004D400002D16
2026-09-25T16:41:57.113495+00:00,0x2A9,FFFF86E500000000
2026-09-25T16:41:57.115561+00:00,0x2A1,0100020000000000
2026-09-25T16:41:57.117954+00:00,0x2A5,0000059EFFFF6DAF
2026-09-25T16:41:57.118156+00:00,0x2A6,000005B3FFFFDCAB
2026-09-25T16:41:57.118353+00:00,0x2A7,000004D400002D02
2026-09-25T16:41:57.118599+00:00,0x2A9,FFFF86E500000000
2026-09-25T16:41:57.120310+00:00,0x2A1,0100020000000000
2026-09-25T16:41:57.122473+00:00,0x2A5,000005AAFFFF6DAF
2026-09-25T16:41:57.122726+00:00,0x2A6,000005B3FFFFDCAB
2026-09-25T16:41:57.122955+00:00,0x2A7,000004E400002D02
2026-09-25T16:41:57.123199+00:00,0x2A9,FFFF86E500000000
2026-09-25T16:41:57.125288+00:00,0x2A1,0100020000000000
2026-09-25T16:41:57.127473+00:00,0x2A5,0000059FFFFF6DAF
2026-09-25T16:41:57.127684+00:00,0x2A6,000005B3FFFFDCAB
2026-09-25T16:41:57.127911+00:00,0x2A7,000004D100002D15
2026-09-25T16:41:57.128108+00:00,0x2A9,FFFF86E500000000
2026-09-25T16:41:57.130313+00:00,0x2A1,0100020000000000
2026-09-25T16:41:57.133242+00:00,0x2A5,000005A7FFFF6DAF
2026-09-25T16:41:57.133439+00:00,0x2A6,000005B3FFFFDCAB
2026-09-25T16:41:57.133641+00:00,0x2A7,000004E300002D04
2026-09-25T16:41:57.133911+00:00,0x2A9,FFFF86E500000000
2026-09-25T16:41:57.135336+00:00,0x2A1,0100020000000000
2026-09-25T16:41:57.139041+00:00,0x2A5,000005A7FFFF6DAF
2026-09-25T16:41:57.139242+00:00,0x2A6,000005B3FFFFDCAB
2026-09-25T16:41:57.139473+00:00,0x2A7,000004E300002D04
2026-09-25T16:41:57.139684+00:00,0x2A9,FFFF86E500000000
2026-09-25T16:41:57.140328+00:00,0x2A1,0100020000000000
2026-09-25T16:41:57.142505+00:00,0x2A5,0000059FFFFF6DAF
2026-09-25T16:41:57.142710+00:00,0x2A6,000005B3FFFFDCAB
2026-09-25T16:41:57.142955+00:00,0x2A7,000004D200002D0D
2026-09-25T16:41:57.143156+00:00,0x2A9,FFFF86E500000000
2026-09-25T16:41:57.145356+00:00,0x2A1,0100020000000000
2026-09-25T16:41:57.147997+00:00,0x2A5,000005A9FFFF6DAF
2026-09-25T16:41:57.148285+00:00,0x2A6,000005B3FFFFDCAB
2026-09-25T16:41:57.148523+00:00,0x2A7,000004D600002D0B
2026-09-25T16:41:57.148859+00:00,0x2A9,FFFF86E500000000
2026-09-25T16:41:57.150370+00:00,0x2A1,0100020000000000
2026-09-25T16:41:57.152997+00:00,0x2A5,000005A9FFFF6DAF
2026-09-25T16:41:57.153265+00:00,0x2A6,000005B3FFFFDCAB
2026-09-25T16:41:57.153473+00:00,0x2A7,000004D600002D04
2026-09-25T16:41:57.153727+00:00,0x2A9,FFFF86E500000000
2026-09-25T16:41:57.155839+00:00,0x2A1,0100020000000000
2026-09-25T16:41:57.158241+00:00,0x2A5,0000059FFFFF6DAF
2026-09-25T16:41:57.158438+00:00,0x2A6,000005B3FFFFDCAB
2026-09-25T16:41:57.158684+00:00,0x2A7,000004E300002D04
2026-09-25T16:41:57.158911+00:00,0x2A9,FFFF86E500000000
2026-09-25T16:41:57.160683+00:00,0x2A1,0100020000000000
2026-09-25T16:41:57.162727+00:00,0x2A5,000005A9FFFF6DAF
2026-09-25T16:41:57.162955+00:00,0x2A6,000005B3FFFFDCAB
2026-09-25T16:41:57.163156+00:00,0x2A7,000004CE00002D15
2026-09-25T16:41:57.163352+00:00,0x2A9,FFFF86E500000000
2026-09-25T16:41:57.165302+00:00,0x2A1,0100020000000000
2026-09-25T16:41:57.167641+00:00,0x2A5,0000059FFFFF6DAF
2026-09-25T16:41:57.167860+00:00,0x2A6,000005B3FFFFDCAB
2026-09-25T16:41:57.168062+00:00,0x2A7,000004EB00002D00
2026-09-25T16:41:57.168264+00:00,0x2A9,FFFF86E500000000
2026-09-25T16:41:57.170314+00:00,0x2A1,0100020000000000
2026-09-25T16:41:57.173062+00:00,0x2A5,0000059FFFFF6DAF
2026-09-25T16:41:57.173310+00:00,0x2A6,000005B3FFFFDCAB
2026-09-25T16:41:57.173496+00:00,0x2A7,000004EB00002D00
2026-09-25T16:41:57.173704+00:00,0x2A9,FFFF86E500000000
2026-09-25T16:41:57.175370+00:00,0x2A1,0100020000000000
2026-09-25T16:41:57.177641+00:00,0x2A5,000005A9FFFF6DAF
2026-09-25T16:41:57.177860+00:00,0x2A6,000005B3FFFFDCAB
2026-09-25T16:41:57.178062+00:00,0x2A7,000004D000002D17
2026-09-25T16:41:57.178307+00:00,0x2A9,FFFF86E500000000
2026-09-25T16:41:57.180280+00:00,0x2A1,0100020000000000
2026-09-25T16:41:57.182684+00:00,0x2A5,000005A2FFFF6DAF
2026-09-25T16:41:57.182911+00:00,0x2A6,000005B3FFFFDCAB
2026-09-25T16:41:57.183108+00:00,0x2A7,000004D700002CFF
2026-09-25T16:41:57.183350+00:00,0x2A9,FFFF86E500000000
2026-09-25T16:41:57.185311+00:00,0x2A1,0100020000000000
2026-09-25T16:41:57.187684+00:00,0x2A5,000005A2FFFF6DAF
2026-09-25T16:41:57.187911+00:00,0x2A6,000005B3FFFFDCAB
2026-09-25T16:41:57.188107+00:00,0x2A7,000004D700002D14
2026-09-25T16:41:57.188349+00:00,0x2A9,FFFF86E500000000
2026-09-25T16:41:57.190297+00:00,0x2A1,0100020000000000
2026-09-25T16:41:57.193109+00:00,0x2A5,000005A7FFFF6DAF
2026-09-25T16:41:57.193350+00:00,0x2A6,000005B3FFFFDCAB
2026-09-25T16:41:57.193547+00:00,0x2A7,000004DD00002D14
2026-09-25T16:41:57.193835+00:00,0x2A9,FFFF86E500000000
2026-09-25T16:41:57.195311+00:00,0x2A1,0100020000000000
2026-09-25T16:41:57.197683+00:00,0x2A5,000005A2FFFF6DAF
2026-09-25T16:41:57.197911+00:00,0x2A6,000005B3FFFFDCAB
2026-09-25T16:41:57.198156+00:00,0x2A7,000004D200002D01
2026-09-25T16:41:57.198353+00:00,0x2A9,FFFF86E500000000
2026-09-25T16:41:57.200521+00:00,0x2A1,0100020000000000
2026-09-25T16:41:57.203393+00:00,0x2A5,000005A2FFFF6DAF
2026-09-25T16:41:57.203681+00:00,0x2A6,000005B3FFFFDCAB
2026-09-25T16:41:57.203954+00:00,0x2A7,000004D200002D0B
2026-09-25T16:41:57.204199+00:00,0x2A9,FFFF86E500000000
2026-09-25T16:41:57.205356+00:00,0x2A1,0100020000000000
2026-09-25T16:41:57.208085+00:00,0x2A5,000005A6FFFF6DAF
2026-09-25T16:41:57.208327+00:00,0x2A6,000005B3FFFFDCAB
2026-09-25T16:41:57.208575+00:00,0x2A7,000004E200002D0B
2026-09-25T16:41:57.208836+00:00,0x2A9,FFFF86E500000000
2026-09-25T16:41:57.210328+00:00,0x2A1,0100020000000000
2026-09-25T16:41:57.213290+00:00,0x2A5,000005A2FFFF6DAF
2026-09-25T16:41:57.213473+00:00,0x2A6,000005B3FFFFDCAB
2026-09-25T16:41:57.213727+00:00,0x2A7,000004D100002D0C
2026-09-25T16:41:57.213954+00:00,0x2A9,FFFF86E500000000
2026-09-25T16:41:57.215336+00:00,0x2A1,0100020000000000
2026-09-25T16:41:57.217835+00:00,0x2A5,000005A6FFFF6DAF
2026-09-25T16:41:57.217998+00:00,0x2A6,000005B3FFFFDCAB
2026-09-25T16:41:57.218198+00:00,0x2A7,000004D300002D02
2026-09-25T16:41:57.218438+00:00,0x2A9,FFFF86E500000000
2026-09-25T16:41:57.220285+00:00,0x2A1,0100020000000000
2026-09-25T16:41:57.222641+00:00,0x2A5,000005A6FFFF6DAF
2026-09-25T16:41:57.222860+00:00,0x2A6,000005B3FFFFDCAB
2026-09-25T16:41:57.223105+00:00,0x2A7,000004D300002D15
2026-09-25T16:41:57.223307+00:00,0x2A9,FFFF86E500000000
2026-09-25T16:41:57.225331+00:00,0x2A1,0100020000000000
2026-09-25T16:41:57.227395+00:00,0x2A5,000005A1FFFF6DAF
2026-09-25T16:41:57.227640+00:00,0x2A6,000005B3FFFFDCAB
2026-09-25T16:41:57.227860+00:00,0x2A7,000004E400002D15
2026-09-25T16:41:57.228105+00:00,0x2A9,FFFF86E500000000
2026-09-25T16:41:57.230314+00:00,0x2A1,0100020000000000
2026-09-25T16:41:57.233156+00:00,0x2A5,000005A6FFFF6DAF
2026-09-25T16:41:57.233396+00:00,0x2A6,000005B3FFFFDCAB
2026-09-25T16:41:57.233598+00:00,0x2A7,000004CF00002CFF
2026-09-25T16:41:57.233838+00:00,0x2A9,FFFF86E500000000
2026-09-25T16:41:57.235327+00:00,0x2A1,0100020000000000
2026-09-25T16:41:57.237998+00:00,0x2A5,000005A6FFFF6DAF
2026-09-25T16:41:57.238244+00:00,0x2A6,000005B3FFFFDCAB
2026-09-25T16:41:57.238439+00:00,0x2A7,000004CF00002D1A
2026-09-25T16:41:57.238640+00:00,0x2A9,FFFF86E500000000
2026-09-25T16:41:57.240522+00:00,0x2A1,0100020000000000
2026-09-25T16:41:57.242595+00:00,0x2A5,000005A2FFFF6DAF
2026-09-25T16:41:57.242835+00:00,0x2A6,000005B3FFFFDCAB
2026-09-25T16:41:57.242997+00:00,0x2A7,000004E400002D1A
2026-09-25T16:41:57.243242+00:00,0x2A9,FFFF86E500000000
2026-09-25T16:41:57.243524+00:00,0x151,01FF050000000000
2026-09-25T16:41:57.243824+00:00,0x151,0102050000000000
2026-09-25T16:41:57.243931+00:00,0x152,0005EF9BFFFFE43F
2026-09-25T16:41:57.244075+00:00,0x153,0008BC2300014703
2026-09-25T16:41:57.244142+00:00,0x154,FFFFD09C00003360
2026-09-25T16:41:57.245300+00:00,0x2A1,0100020000000000
2026-09-25T16:41:57.248543+00:00,0x2A5,000005A7FFFF6DAF
2026-09-25T16:41:57.248834+00:00,0x2A6,000005B3FFFFDCAB
2026-09-25T16:41:57.249301+00:00,0x2A7,000004D100002CFD
2026-09-25T16:41:57.249532+00:00,0x2A9,FFFF86E500000000
2026-09-25T16:41:57.250728+00:00,0x2A1,0100020000000000
2026-09-25T16:41:57.252954+00:00,0x2A5,000005A2FFFF6DAF
2026-09-25T16:41:57.253197+00:00,0x2A6,000005B3FFFFDCAB
2026-09-25T16:41:57.253437+00:00,0x2A7,000004D200002D15
2026-09-25T16:41:57.253639+00:00,0x2A9,FFFF86E500000000
2026-09-25T16:41:57.255370+00:00,0x2A1,0100020000000000
2026-09-25T16:41:57.261326+00:00,0x2A5,000005A2FFFF6DAF
2026-09-25T16:41:57.261615+00:00,0x2A6,000005B3FFFFDCAB
2026-09-25T16:41:57.261855+00:00,0x2A7,000004D200002D02
2026-09-25T16:41:57.262136+00:00,0x2A9,FFFF86E500000000
2026-09-25T16:41:57.262347+00:00,0x2A1,0100020001000000
2026-09-25T16:41:57.264572+00:00,0x2A5,000005ABFFFF6DAF
2026-09-25T16:41:57.264836+00:00,0x2A6,000005B3FFFFDCAB
2026-09-25T16:41:57.265038+00:00,0x2A7,000004DE00002D02
2026-09-25T16:41:57.265282+00:00,0x2A9,FFFF86E500000000
2026-09-25T16:41:57.265834+00:00,0x2A1,0100020001000000
2026-09-25T16:41:57.267909+00:00,0x2A5,000005A7FFFF6DAF
2026-09-25T16:41:57.268197+00:00,0x2A6,000005B3FFFFDCAB
2026-09-25T16:41:57.268394+00:00,0x2A7,000004D000002CFE
2026-09-25T16:41:57.268638+00:00,0x2A9,FFFF86E500000000
2026-09-25T16:41:57.270312+00:00,0x2A1,0100020001000000
2026-09-25T16:41:57.272857+00:00,0x2A5,000005A7FFFF6DAF
2026-09-25T16:41:57.273304+00:00,0x2A6,000005B3FFFFDCAB
2026-09-25T16:41:57.273838+00:00,0x2A7,000004D000002D05
2026-09-25T16:41:57.273952+00:00,0x2A9,FFFF86E500000000
2026-09-25T16:41:57.275267+00:00,0x2A1,0100020001000000
2026-09-25T16:41:57.277436+00:00,0x2A5,000005A7FFFF6DAF
2026-09-25T16:41:57.277639+00:00,0x2A6,000005B3FFFFDCAB
2026-09-25T16:41:57.277835+00:00,0x2A7,000004D000002D05
2026-09-25T16:41:57.278081+00:00,0x2A9,FFFF86E500000000
2026-09-25T16:41:57.280856+00:00,0x2A1,0100020001000000
2026-09-25T16:41:57.282833+00:00,0x2A5,000005A9FFFF6DAF
2026-09-25T16:41:57.282995+00:00,0x2A6,000005B3FFFFDCAB
2026-09-25T16:41:57.283197+00:00,0x2A7,000004D000002CFE
2026-09-25T16:41:57.283437+00:00,0x2A9,FFFF86E500000000
2026-09-25T16:41:57.285287+00:00,0x2A1,0100020001000000
2026-09-25T16:41:57.287732+00:00,0x2A5,000005A9FFFF6DAF
2026-09-25T16:41:57.287996+00:00,0x2A6,000005B3FFFFDCAB
2026-09-25T16:41:57.288197+00:00,0x2A7,000004D000002D00
2026-09-25T16:41:57.288437+00:00,0x2A9,FFFF86E500000000
2026-09-25T16:41:57.290597+00:00,0x2A1,0100020001000000
2026-09-25T16:41:57.292724+00:00,0x2A5,000005A9FFFF6DAF
2026-09-25T16:41:57.292952+00:00,0x2A6,000005B3FFFFDCAB
2026-09-25T16:41:57.293154+00:00,0x2A7,000004D000002D00
2026-09-25T16:41:57.293351+00:00,0x2A9,FFFF86E500000000
2026-09-25T16:41:57.295274+00:00,0x2A1,0100020001000000
2026-09-25T16:41:57.297479+00:00,0x2A5,000005A9FFFF6DAF
2026-09-25T16:41:57.297682+00:00,0x2A6,000005B3FFFFDCAB
2026-09-25T16:41:57.297909+00:00,0x2A7,000004D000002D00
2026-09-25T16:41:57.298154+00:00,0x2A9,FFFF86E500000000
2026-09-25T16:41:57.300395+00:00,0x2A1,0100020001000000
2026-09-25T16:41:57.301546+00:00,0x2A5,000005A9FFFF6DAF
2026-09-25T16:41:57.301844+00:00,0x2A6,000005B3FFFFDCAB
2026-09-25T16:41:57.301996+00:00,0x2A7,000004D000002CFE
2026-09-25T16:41:57.302239+00:00,0x2A9,FFFF86E500000000
2026-09-25T16:41:57.305309+00:00,0x2A1,0100020001000000
2026-09-25T16:41:57.308197+00:00,0x2A5,000005A9FFFF6DAF
2026-09-25T16:41:57.308471+00:00,0x2A6,000005B3FFFFDCAB
2026-09-25T16:41:57.308725+00:00,0x2A7,000004D000002D05
2026-09-25T16:41:57.308996+00:00,0x2A9,FFFF86E500000000
2026-09-25T16:41:57.310352+00:00,0x2A1,0100020001000000
2026-09-25T16:41:57.313777+00:00,0x2A5,000005A9FFFF6DAF
2026-09-25T16:41:57.314529+00:00,0x2A6,000005B3FFFFDCAB
2026-09-25T16:41:57.314787+00:00,0x2A7,000004D000002D05
2026-09-25T16:41:57.315283+00:00,0x2A9,FFFF86E500000000
2026-09-25T16:41:57.315564+00:00,0x2A1,0100020001000000
2026-09-25T16:41:57.317888+00:00,0x2A5,000005A9FFFF6DAF
2026-09-25T16:41:57.318094+00:00,0x2A6,000005B3FFFFDCAB
2026-09-25T16:41:57.318343+00:00,0x2A7,000004D000002CFE
2026-09-25T16:41:57.318630+00:00,0x2A9,FFFF86E500000000
2026-09-25T16:41:57.321021+00:00,0x2A1,0100020001000000
2026-09-25T16:41:57.323436+00:00,0x2A5,000005A5FFFF6DAF
2026-09-25T16:41:57.323681+00:00,0x2A6,000005B3FFFFDCAB
2026-09-25T16:41:57.323952+00:00,0x2A7,000004D000002CFE
2026-09-25T16:41:57.324196+00:00,0x2A9,FFFF86E500000000
2026-09-25T16:41:57.325391+00:00,0x2A1,0100020001000000
2026-09-25T16:41:57.326852+00:00,0x2A5,000005A5FFFF6DAF
2026-09-25T16:41:57.326996+00:00,0x2A6,000005B3FFFFDCAB
2026-09-25T16:41:57.327282+00:00,0x2A7,000004D000002CFE
2026-09-25T16:41:57.327520+00:00,0x2A9,FFFF86E500000000
2026-09-25T16:41:57.330327+00:00,0x2A1,0100020001000000
2026-09-25T16:41:57.333196+00:00,0x2A5,000005AAFFFF6DAF
2026-09-25T16:41:57.333440+00:00,0x2A6,000005B3FFFFDCAB
2026-09-25T16:41:57.333681+00:00,0x2A7,000004D000002CFE
2026-09-25T16:41:57.333952+00:00,0x2A9,FFFF86E500000000
2026-09-25T16:41:57.335325+00:00,0x2A1,0100020001000000
2026-09-25T16:41:57.337638+00:00,0x2A5,000005A5FFFF6DAF
2026-09-25T16:41:57.337857+00:00,0x2A6,000005B3FFFFDCAB
2026-09-25T16:41:57.338059+00:00,0x2A7,000004D000002CFE
2026-09-25T16:41:57.338304+00:00,0x2A9,FFFF86E500000000
2026-09-25T16:41:57.340326+00:00,0x2A1,0100020001000000
2026-09-25T16:41:57.342638+00:00,0x2A5,000005AAFFFF6DAF
2026-09-25T16:41:57.342858+00:00,0x2A6,000005B3FFFFDCAB
2026-09-25T16:41:57.343102+00:00,0x2A7,000004D000002CFE
2026-09-25T16:41:57.343304+00:00,0x2A9,FFFF86E500000000
2026-09-25T16:41:57.345833+00:00,0x2A1,0100020001000000
2026-09-25T16:41:57.347857+00:00,0x2A5,000005AAFFFF6DAF
2026-09-25T16:41:57.348102+00:00,0x2A6,000005B3FFFFDCAB
2026-09-25T16:41:57.348304+00:00,0x2A7,000004D000002CFE
2026-09-25T16:41:57.348542+00:00,0x2A9,FFFF86E500000000
2026-09-25T16:41:57.350328+00:00,0x2A1,0100020001000000
2026-09-25T16:41:57.353196+00:00,0x2A5,000005AAFFFF6DAF
2026-09-25T16:41:57.353436+00:00,0x2A6,000005B3FFFFDCAB
2026-09-25T16:41:57.353638+00:00,0x2A7,000004D000002CFE
2026-09-25T16:41:57.353857+00:00,0x2A9,FFFF86E500000000
2026-09-25T16:41:57.355326+00:00,0x2A1,0100020001000000
2026-09-25T16:41:57.358239+00:00,0x2A5,000005AAFFFF6DAF
2026-09-25T16:41:57.358436+00:00,0x2A6,000005B3FFFFDCAB
2026-09-25T16:41:57.358638+00:00,0x2A7,000004D000002CFE
2026-09-25T16:41:57.358857+00:00,0x2A9,FFFF86E500000000
2026-09-25T16:41:57.360909+00:00,0x2A1,0100020001000000
2026-09-25T16:41:57.362909+00:00,0x2A5,000005AAFFFF6DAF
2026-09-25T16:41:57.363106+00:00,0x2A6,000005B3FFFFDCAB
2026-09-25T16:41:57.363348+00:00,0x2A7,000004D000002CFE
2026-09-25T16:41:57.363542+00:00,0x2A9,FFFF86E500000000
2026-09-25T16:41:57.365282+00:00,0x2A1,0100020001000000
2026-09-25T16:41:57.367597+00:00,0x2A5,000005AAFFFF6DAF
2026-09-25T16:41:57.367843+00:00,0x2A6,000005B3FFFFDCAB
2026-09-25T16:41:57.367996+00:00,0x2A7,000004D000002CFE
2026-09-25T16:41:57.368239+00:00,0x2A9,FFFF86E500000000
2026-09-25T16:41:57.370336+00:00,0x2A1,0100020001000000
2026-09-25T16:41:57.372866+00:00,0x2A5,000005AAFFFF6DAF
2026-09-25T16:41:57.373131+00:00,0x2A6,000005B3FFFFDCAB
2026-09-25T16:41:57.373348+00:00,0x2A7,000004D000002CFE
2026-09-25T16:41:57.373542+00:00,0x2A9,FFFF86E500000000
2026-09-25T16:41:57.375357+00:00,0x2A1,0100020001000000
2026-09-25T16:41:57.377953+00:00,0x2A5,000005AAFFFF6DAF
2026-09-25T16:41:57.378154+00:00,0x2A6,000005B3FFFFDCAB
2026-09-25T16:41:57.378393+00:00,0x2A7,000004D000002CFE
2026-09-25T16:41:57.378596+00:00,0x2A9,FFFF86E500000000
2026-09-25T16:41:57.381935+00:00,0x2A1,0100020001000000
2026-09-25T16:41:57.384039+00:00,0x2A5,000005AAFFFF6DAF
2026-09-25T16:41:57.384241+00:00,0x2A6,000005B3FFFFDCAB
2026-09-25T16:41:57.384438+00:00,0x2A7,000004D000002CFE
2026-09-25T16:41:57.384682+00:00,0x2A9,FFFF86E500000000
2026-09-25T16:41:57.385301+00:00,0x2A1,0100020001000000
2026-09-25T16:41:57.387494+00:00,0x2A5,000005AAFFFF6DAF
2026-09-25T16:41:57.387703+00:00,0x2A6,000005B3FFFFDCAB
2026-09-25T16:41:57.387954+00:00,0x2A7,000004D000002CFE
2026-09-25T16:41:57.388198+00:00,0x2A9,FFFF86E500000000
2026-09-25T16:41:57.390405+00:00,0x2A1,0100020001000000
2026-09-25T16:41:57.392597+00:00,0x2A5,000005AAFFFF6DAF
2026-09-25T16:41:57.392837+00:00,0x2A6,000005B3FFFFDCAB
2026-09-25T16:41:57.393040+00:00,0x2A7,000004D000002CFE
2026-09-25T16:41:57.393241+00:00,0x2A9,FFFF86E500000000
2026-09-25T16:41:57.395319+00:00,0x2A1,0100020001000000
2026-09-25T16:41:57.397597+00:00,0x2A5,000005AAFFFF6DAF
2026-09-25T16:41:57.397837+00:00,0x2A6,000005B3FFFFDCAB
2026-09-25T16:41:57.398041+00:00,0x2A7,000004D000002CFE
2026-09-25T16:41:57.398241+00:00,0x2A9,FFFF86E500000000
2026-09-25T16:41:57.400954+00:00,0x2A1,0100020001000000
2026-09-25T16:41:57.402911+00:00,0x2A5,000005AAFFFF6DAF
2026-09-25T16:41:57.403107+00:00,0x2A6,000005B3FFFFDCAB
2026-09-25T16:41:57.403349+00:00,0x2A7,000004D000002CFE
2026-09-25T16:41:57.403543+00:00,0x2A9,FFFF86E500000000
2026-09-25T16:41:57.405302+00:00,0x2A1,0100020001000000
2026-09-25T16:41:57.407473+00:00,0x2A5,000005AAFFFF6DAF
2026-09-25T16:41:57.407684+00:00,0x2A6,000005B3FFFFDCAB
2026-09-25T16:41:57.407954+00:00,0x2A7,000004D000002CFE
2026-09-25T16:41:57.408156+00:00,0x2A9,FFFF86E500000000
2026-09-25T16:41:57.410315+00:00,0x2A1,0100020001000000
2026-09-25T16:41:57.413438+00:00,0x2A5,000005AAFFFF6DAF
2026-09-25T16:41:57.413640+00:00,0x2A6,000005B3FFFFDCAB
2026-09-25T16:41:57.413860+00:00,0x2A7,000004D000002CFE
2026-09-25T16:41:57.414061+00:00,0x2A9,FFFF86E500000000
2026-09-25T16:41:57.415328+00:00,0x2A1,0100020001000000
2026-09-25T16:41:57.417574+00:00,0x2A5,000005AAFFFF6DAF
2026-09-25T16:41:57.417835+00:00,0x2A6,000005B3FFFFDCAB
2026-09-25T16:41:57.418041+00:00,0x2A7,000004D000002CFE
2026-09-25T16:41:57.418284+00:00,0x2A9,FFFF86E500000000
2026-09-25T16:41:57.420306+00:00,0x2A1,0100020001000000
2026-09-25T16:41:57.422727+00:00,0x2A5,000005ACFFFF6DAF
2026-09-25T16:41:57.422954+00:00,0x2A6,000005B3FFFFDCAB
2026-09-25T16:41:57.423155+00:00,0x2A7,000004D000002CFE
2026-09-25T16:41:57.423395+00:00,0x2A9,FFFF86E500000000
2026-09-25T16:41:57.425355+00:00,0x2A1,0100020001000000
2026-09-25T16:41:57.428046+00:00,0x2A5,000005ACFFFF6DAF
2026-09-25T16:41:57.428284+00:00,0x2A6,000005B3FFFFDCAB
2026-09-25T16:41:57.428522+00:00,0x2A7,000004D000002CFE
2026-09-25T16:41:57.428727+00:00,0x2A9,FFFF86E500000000
2026-09-25T16:41:57.430353+00:00,0x2A1,0100020001000000
2026-09-25T16:41:57.433285+00:00,0x2A5,000005ACFFFF6DAF
2026-09-25T16:41:57.433574+00:00,0x2A6,000005B3FFFFDCAB
2026-09-25T16:41:57.433836+00:00,0x2A7,000004D000002CFE
2026-09-25T16:41:57.434126+00:00,0x2A9,FFFF86E500000000
2026-09-25T16:41:57.436438+00:00,0x2A1,0100020001000000
2026-09-25T16:41:57.438495+00:00,0x2A5,000005ACFFFF6DAF
2026-09-25T16:41:57.438858+00:00,0x2A6,000005B3FFFFDCAB
2026-09-25T16:41:57.438955+00:00,0x2A7,000004D000002CFE
2026-09-25T16:41:57.439198+00:00,0x2A9,FFFF86E500000000
2026-09-25T16:41:57.441084+00:00,0x2A1,0100020001000000
2026-09-25T16:41:57.443105+00:00,0x2A5,000005ACFFFF6DAF
2026-09-25T16:41:57.443306+00:00,0x2A6,000005B3FFFFDCAB
2026-09-25T16:41:57.443552+00:00,0x2A7,000004D000002CFE
2026-09-25T16:41:57.443834+00:00,0x2A9,FFFF86E500000000
2026-09-25T16:41:57.445302+00:00,0x2A1,0100020001000000
2026-09-25T16:41:57.447684+00:00,0x2A5,000005ACFFFF6DAF
2026-09-25T16:41:57.447911+00:00,0x2A6,000005B3FFFFDCAB
2026-09-25T16:41:57.448155+00:00,0x2A7,000004D000002CFE
2026-09-25T16:41:57.448352+00:00,0x2A9,FFFF86E500000000
2026-09-25T16:41:57.450280+00:00,0x2A1,0100020001000000
2026-09-25T16:41:57.453156+00:00,0x2A5,000005AEFFFF6DAF
2026-09-25T16:41:57.453395+00:00,0x2A6,000005B3FFFFDCAD
2026-09-25T16:41:57.453640+00:00,0x2A7,000004D000002CFE
2026-09-25T16:41:57.453837+00:00,0x2A9,FFFF86E500000000
2026-09-25T16:41:57.455306+00:00,0x2A1,0100020001000000
2026-09-25T16:41:57.457640+00:00,0x2A5,000005B2FFFF6DAF
2026-09-25T16:41:57.457859+00:00,0x2A6,000005B3FFFFDCAD
2026-09-25T16:41:57.458104+00:00,0x2A7,000004D000002CFE
2026-09-25T16:41:57.458307+00:00,0x2A9,FFFF86E500000000
2026-09-25T16:41:57.460241+00:00,0x2A1,0100020001000000
2026-09-25T16:41:57.462641+00:00,0x2A5,000005B3FFFF6DAF
2026-09-25T16:41:57.462837+00:00,0x2A6,000005B3FFFFDCAD
2026-09-25T16:41:57.463040+00:00,0x2A7,000004D000002CFE
2026-09-25T16:41:57.463284+00:00,0x2A9,FFFF86E500000000
2026-09-25T16:41:57.465331+00:00,0x2A1,0100020001000000
2026-09-25T16:41:57.468438+00:00,0x2A5,000005B3FFFF6DAF
2026-09-25T16:41:57.468640+00:00,0x2A6,000005B3FFFFDCAD
2026-09-25T16:41:57.468859+00:00,0x2A7,000004D000002CFE
2026-09-25T16:41:57.469061+00:00,0x2A9,FFFF86E500000000
2026-09-25T16:41:57.470293+00:00,0x2A1,0100020001000000
2026-09-25T16:41:57.472599+00:00,0x2A5,000005B3FFFF6DAF
2026-09-25T16:41:57.472845+00:00,0x2A6,000005B3FFFFDCAD
2026-09-25T16:41:57.472998+00:00,0x2A7,000004D000002CFE
2026-09-25T16:41:57.473241+00:00,0x2A9,FFFF86E500000000
2026-09-25T16:41:57.475293+00:00,0x2A1,0100020001000000
2026-09-25T16:41:57.480836+00:00,0x2A5,000005B3FFFF6DAF
2026-09-25T16:41:57.481083+00:00,0x2A6,000005B3FFFFDCAD
2026-09-25T16:41:57.481371+00:00,0x2A7,000004D000002CFE
2026-09-25T16:41:57.481661+00:00,0x2A9,FFFF86E500000000
2026-09-25T16:41:57.483683+00:00,0x2A1,0100020001000000
2026-09-25T16:41:57.485911+00:00,0x2A5,000005B3FFFF6DAF
2026-09-25T16:41:57.486156+00:00,0x2A6,000005B3FFFFDCAD
2026-09-25T16:41:57.486438+00:00,0x2A7,000004D000002CFE
2026-09-25T16:41:57.486683+00:00,0x2A9,FFFF86E500000000
2026-09-25T16:41:57.487198+00:00,0x2A1,0100020001000000
2026-09-25T16:41:57.489522+00:00,0x2A5,000005B8FFFF6DAF
2026-09-25T16:41:57.489727+00:00,0x2A6,000005B3FFFFDCAD
2026-09-25T16:41:57.490041+00:00,0x2A7,000004D000002CFE
2026-09-25T16:41:57.490284+00:00,0x2A9,FFFF86E500000000
2026-09-25T16:41:57.491566+00:00,0x2A1,0100020001000000
2026-09-25T16:41:57.493954+00:00,0x2A5,000005B8FFFF6DAF
2026-09-25T16:41:57.494241+00:00,0x2A6,000005B3FFFFDCAD
2026-09-25T16:41:57.494473+00:00,0x2A7,000004D000002CFE
2026-09-25T16:41:57.494683+00:00,0x2A9,FFFF86E500000000
2026-09-25T16:41:57.495640+00:00,0x2A1,0100020001000000
2026-09-25T16:41:57.497911+00:00,0x2A5,000005B8FFFF6DAF
2026-09-25T16:41:57.498156+00:00,0x2A6,000005B3FFFFDCAD
2026-09-25T16:41:57.498395+00:00,0x2A7,000004D000002CFE
2026-09-25T16:41:57.498640+00:00,0x2A9,FFFF86E500000000
2026-09-25T16:41:57.501574+00:00,0x2A1,0100020001000000
2026-09-25T16:41:57.503597+00:00,0x2A5,000005BDFFFF6DAF
2026-09-25T16:41:57.503837+00:00,0x2A6,000005B3FFFFDCAD
2026-09-25T16:41:57.504040+00:00,0x2A7,000004D000002CFE
2026-09-25T16:41:57.504284+00:00,0x2A9,FFFF86E500000000
2026-09-25T16:41:57.505270+00:00,0x2A1,0100020001000000
2026-09-25T16:41:57.507395+00:00,0x2A5,000005BDFFFF6DAF
2026-09-25T16:41:57.507640+00:00,0x2A6,000005B3FFFFDCAD
2026-09-25T16:41:57.507859+00:00,0x2A7,000004D000002CFE
2026-09-25T16:41:57.508062+00:00,0x2A9,FFFF86E500000000
2026-09-25T16:41:57.510726+00:00,0x2A1,0100020001000000
2026-09-25T16:41:57.512859+00:00,0x2A5,000005BDFFFF6DAF
2026-09-25T16:41:57.513061+00:00,0x2A6,000005B3FFFFDCAD
2026-09-25T16:41:57.513306+00:00,0x2A7,000004D000002CFE
2026-09-25T16:41:57.513544+00:00,0x2A9,FFFF86E500000000
2026-09-25T16:41:57.515314+00:00,0x2A1,0100020001000000
2026-09-25T16:41:57.517495+00:00,0x2A5,000005BDFFFF6DAF
2026-09-25T16:41:57.517704+00:00,0x2A6,000005B3FFFFDCAD
2026-09-25T16:41:57.517954+00:00,0x2A7,000004D000002CFE
2026-09-25T16:41:57.518198+00:00,0x2A9,FFFF86E500000000
2026-09-25T16:41:57.520306+00:00,0x2A1,0100020001000000
2026-09-25T16:41:57.521505+00:00,0x2A5,000005BDFFFF6DAF
2026-09-25T16:41:57.521846+00:00,0x2A6,000005B3FFFFDCAD
2026-09-25T16:41:57.521998+00:00,0x2A7,000004D000002CEF
2026-09-25T16:41:57.522241+00:00,0x2A9,FFFF86E500000000
2026-09-25T16:41:57.525277+00:00,0x2A1,0100020001000000
2026-09-25T16:41:57.527438+00:00,0x2A5,000005BDFFFF6DAF
2026-09-25T16:41:57.527683+00:00,0x2A6,000005B3FFFFDCAD
2026-09-25T16:41:57.527859+00:00,0x2A7,000004D000002CEF
2026-09-25T16:41:57.528104+00:00,0x2A9,FFFF86E500000000
2026-09-25T16:41:57.530272+00:00,0x2A1,0100020001000000
2026-09-25T16:41:57.533107+00:00,0x2A5,000005BFFFFF6DAF
2026-09-25T16:41:57.533309+00:00,0x2A6,000005B3FFFFDCAD
2026-09-25T16:41:57.533544+00:00,0x2A7,000004D000002CF5
2026-09-25T16:41:57.533834+00:00,0x2A9,FFFF86E500000000
2026-09-25T16:41:57.535371+00:00,0x2A1,0100020001000000
2026-09-25T16:41:57.538147+00:00,0x2A5,000005BFFFFF6DAF
2026-09-25T16:41:57.538435+00:00,0x2A6,000005B3FFFFDCAD
2026-09-25T16:41:57.538724+00:00,0x2A7,000004D000002CF5
2026-09-25T16:41:57.538997+00:00,0x2A9,FFFF86E500000000
2026-09-25T16:41:57.541104+00:00,0x2A1,0100020001000000
2026-09-25T16:41:57.543703+00:00,0x2A5,000005C2FFFF6DAF
2026-09-25T16:41:57.543997+00:00,0x2A6,000005B3FFFFDCAD
2026-09-25T16:41:57.544284+00:00,0x2A7,000004D000002CF0
2026-09-25T16:41:57.544574+00:00,0x2A9,FFFF86E500000000
2026-09-25T16:41:57.545834+00:00,0x2A1,0100020001000000
2026-09-25T16:41:57.547834+00:00,0x2A5,000005C2FFFF6DAF
2026-09-25T16:41:57.548040+00:00,0x2A6,000005B3FFFFDCAD
2026-09-25T16:41:57.548481+00:00,0x2A7,000004D000002CEA
2026-09-25T16:41:57.548683+00:00,0x2A9,FFFF86E500000000
2026-09-25T16:41:57.550327+00:00,0x2A1,0100020001000000
2026-09-25T16:41:57.553350+00:00,0x2A5,000005C2FFFF6DAF
2026-09-25T16:41:57.553544+00:00,0x2A6,000005B3FFFFDCAD
2026-09-25T16:41:57.553834+00:00,0x2A7,000004D000002CF3
2026-09-25T16:41:57.554040+00:00,0x2A9,FFFF86E500000000
2026-09-25T16:41:57.555288+00:00,0x2A1,0100020001000000
2026-09-25T16:41:57.557640+00:00,0x2A5,000005C2FFFF6DAF
2026-09-25T16:41:57.557954+00:00,0x2A6,000005B3FFFFDCAD
2026-09-25T16:41:57.558156+00:00,0x2A7,000004D000002CE8
2026-09-25T16:41:57.558395+00:00,0x2A9,FFFF86E500000000
2026-09-25T16:41:57.560522+00:00,0x2A1,0100020001000000
2026-09-25T16:41:57.562597+00:00,0x2A5,000005C5FFFF6DAF
2026-09-25T16:41:57.562917+00:00,0x2A6,000005B3FFFFDCAD
2026-09-25T16:41:57.563156+00:00,0x2A7,000004D000002CE8
2026-09-25T16:41:57.563352+00:00,0x2A9,FFFF86E500000000
2026-09-25T16:41:57.565639+00:00,0x2A1,0100020001000000
2026-09-25T16:41:57.567683+00:00,0x2A5,000005C5FFFF6DAF
2026-09-25T16:41:57.567910+00:00,0x2A6,000005B3FFFFDCAD
2026-09-25T16:41:57.568154+00:00,0x2A7,000004D000002CEF
2026-09-25T16:41:57.568395+00:00,0x2A9,FFFF86E500000000
2026-09-25T16:41:57.570314+00:00,0x2A1,0100020001000000
2026-09-25T16:41:57.573395+00:00,0x2A5,000005C5FFFF6DAF
2026-09-25T16:41:57.573596+00:00,0x2A6,000005B3FFFFDCB1
2026-09-25T16:41:57.573837+00:00,0x2A7,000004D000002CE3
2026-09-25T16:41:57.574040+00:00,0x2A9,FFFF86E500000000
2026-09-25T16:41:57.575318+00:00,0x2A1,0100020001000000
2026-09-25T16:41:57.576860+00:00,0x2A5,000005C5FFFF6DAE
2026-09-25T16:41:57.576997+00:00,0x2A6,000005B3FFFFDCB2
2026-09-25T16:41:57.577256+00:00,0x2A7,000004D000002CE3
2026-09-25T16:41:57.577522+00:00,0x2A9,FFFF86E500000000
2026-09-25T16:41:57.581349+00:00,0x2A1,0100020001000000
2026-09-25T16:41:57.583521+00:00,0x2A5,000005C7FFFF6DAE
2026-09-25T16:41:57.583727+00:00,0x2A6,000005B3FFFFDCB2
2026-09-25T16:41:57.583954+00:00,0x2A7,000004D000002CF0
2026-09-25T16:41:57.584155+00:00,0x2A9,FFFF86E500000000
2026-09-25T16:41:57.585288+00:00,0x2A1,0100020001000000
2026-09-25T16:41:57.587836+00:00,0x2A5,000005C7FFFF6DAA
2026-09-25T16:41:57.588083+00:00,0x2A6,000005B3FFFFDCB2
2026-09-25T16:41:57.588327+00:00,0x2A7,000004D000002CE2
2026-09-25T16:41:57.588522+00:00,0x2A9,FFFF86E500000000
2026-09-25T16:41:57.590399+00:00,0x2A1,0100020001000000
2026-09-25T16:41:57.591862+00:00,0x2A5,000005C9FFFF6DAA
2026-09-25T16:41:57.592083+00:00,0x2A6,000005B3FFFFDCB2
2026-09-25T16:41:57.592370+00:00,0x2A7,000004CD00002CE2
2026-09-25T16:41:57.592617+00:00,0x2A9,FFFF86E500000000
2026-09-25T16:41:57.595370+00:00,0x2A1,0100020001000000
2026-09-25T16:41:57.598083+00:00,0x2A5,000005CCFFFF6DAA
2026-09-25T16:41:57.598370+00:00,0x2A6,000005B3FFFFDCB2
2026-09-25T16:41:57.598727+00:00,0x2A7,000004B400002CE8
2026-09-25T16:41:57.598997+00:00,0x2A9,FFFF86E500000000
2026-09-25T16:41:57.600438+00:00,0x2A1,0100020001000000
2026-09-25T16:41:57.604349+00:00,0x2A5,000005CCFFFF6DAA
2026-09-25T16:41:57.604595+00:00,0x2A6,000005B3FFFFDCB2
2026-09-25T16:41:57.604835+00:00,0x2A7,000004BB00002CE1
2026-09-25T16:41:57.605040+00:00,0x2A9,FFFF86E500000000
2026-09-25T16:41:57.605574+00:00,0x2A1,0100020001000000
2026-09-25T16:41:57.607683+00:00,0x2A5,000005CCFFFF6DAA
2026-09-25T16:41:57.607911+00:00,0x2A6,000005B3FFFFDCB2
2026-09-25T16:41:57.608155+00:00,0x2A7,000004BB00002CE1
2026-09-25T16:41:57.608352+00:00,0x2A9,FFFF86E500000000
2026-09-25T16:41:57.610372+00:00,0x2A1,0100020001000000
2026-09-25T16:41:57.612685+00:00,0x2A5,000005CEFFFF6DAA
2026-09-25T16:41:57.613597+00:00,0x2A6,000005B3FFFFDCB2
2026-09-25T16:41:57.613837+00:00,0x2A7,000004B300002CE1
2026-09-25T16:41:57.614040+00:00,0x2A9,FFFF86E500000000
2026-09-25T16:41:57.615293+00:00,0x2A1,0100020001000000
2026-09-25T16:41:57.617597+00:00,0x2A5,000005D0FFFF6DA6
2026-09-25T16:41:57.617837+00:00,0x2A6,000005B3FFFFDCB2
2026-09-25T16:41:57.618040+00:00,0x2A7,000004B300002CE1
2026-09-25T16:41:57.618241+00:00,0x2A9,FFFF86E500000000
2026-09-25T16:41:57.622472+00:00,0x2A1,0100020001000000
2026-09-25T16:41:57.622954+00:00,0x2A5,000005D5FFFF6DA6
2026-09-25T16:41:57.623156+00:00,0x2A6,000005B3FFFFDCB2
2026-09-25T16:41:57.623394+00:00,0x2A7,000004B300002CE1
2026-09-25T16:41:57.623597+00:00,0x2A9,FFFF86E500000000
2026-09-25T16:41:57.625438+00:00,0x2A1,0100020001000000
2026-09-25T16:41:57.627522+00:00,0x2A5,000005D5FFFF6DA6
2026-09-25T16:41:57.627727+00:00,0x2A6,000005B3FFFFDCB2
2026-09-25T16:41:57.627954+00:00,0x2A7,000004B300002CE1
2026-09-25T16:41:57.628198+00:00,0x2A9,FFFF86E500000000
2026-09-25T16:41:57.630271+00:00,0x2A1,0100020001000000
2026-09-25T16:41:57.631911+00:00,0x2A5,000005D5FFFF6DA6
2026-09-25T16:41:57.632155+00:00,0x2A6,000005B3FFFFDCB2
2026-09-25T16:41:57.632352+00:00,0x2A7,000004B300002CE1
2026-09-25T16:41:57.632599+00:00,0x2A9,FFFF86E500000000
2026-09-25T16:41:57.635305+00:00,0x2A1,0100020001000000
2026-09-25T16:41:57.637640+00:00,0x2A5,000005D5FFFF6DA2
2026-09-25T16:41:57.637859+00:00,0x2A6,000005B3FFFFDCB2
2026-09-25T16:41:57.638061+00:00,0x2A7,000004B300002CE1
2026-09-25T16:41:57.638306+00:00,0x2A9,FFFF86E500000000
2026-09-25T16:41:57.641522+00:00,0x2A1,0100020001000000
2026-09-25T16:41:57.643683+00:00,0x2A5,000005D5FFFF6DA2
2026-09-25T16:41:57.643954+00:00,0x2A6,000005B3FFFFDCB2
2026-09-25T16:41:57.644155+00:00,0x2A7,000004AC00002CDE
2026-09-25T16:41:57.644352+00:00,0x2A9,FFFF86E500000000
2026-09-25T16:41:57.645573+00:00,0x2A1,0100020001000000
2026-09-25T16:41:57.647998+00:00,0x2A5,000005D8FFFF6DA2
2026-09-25T16:41:57.648284+00:00,0x2A6,000005B3FFFFDCB4
2026-09-25T16:41:57.648574+00:00,0x2A7,000004AC00002CDE
2026-09-25T16:41:57.648835+00:00,0x2A9,FFFF86E500000000
2026-09-25T16:41:57.650414+00:00,0x2A1,0100020001000000
2026-09-25T16:41:57.652030+00:00,0x2A5,000005DFFFFF6D9D
2026-09-25T16:41:57.652313+00:00,0x2A6,000005B3FFFFDCB4
2026-09-25T16:41:57.652547+00:00,0x2A7,000004AD00002CDE
2026-09-25T16:41:57.652845+00:00,0x2A9,FFFF86E500000000
2026-09-25T16:41:57.655835+00:00,0x2A1,0100020001000000
2026-09-25T16:41:57.658327+00:00,0x2A5,000005DFFFFF6D9D
2026-09-25T16:41:57.658574+00:00,0x2A6,000005B3FFFFDCBA
2026-09-25T16:41:57.658835+00:00,0x2A7,000004AD00002CD3
2026-09-25T16:41:57.659083+00:00,0x2A9,FFFF86E500000000
2026-09-25T16:41:57.661683+00:00,0x2A1,0100020001000000
2026-09-25T16:41:57.663835+00:00,0x2A5,000005E4FFFF6D9D
2026-09-25T16:41:57.663997+00:00,0x2A6,000005B3FFFFDCB9
2026-09-25T16:41:57.664241+00:00,0x2A7,000004AD00002CCA
2026-09-25T16:41:57.664481+00:00,0x2A9,FFFF86E500000000
2026-09-25T16:41:57.665641+00:00,0x2A1,0100020001000000
2026-09-25T16:41:57.667725+00:00,0x2A5,000005E6FFFF6D9D
2026-09-25T16:41:57.667953+00:00,0x2A6,000005B3FFFFDCB9
2026-09-25T16:41:57.668154+00:00,0x2A7,000004AD00002CCA
2026-09-25T16:41:57.668394+00:00,0x2A9,FFFF86E500000000
2026-09-25T16:41:57.670313+00:00,0x2A1,0100020001000000
2026-09-25T16:41:57.673198+00:00,0x2A5,000005EFFFFF6D9D
2026-09-25T16:41:57.673438+00:00,0x2A6,000005B3FFFFDCB9
2026-09-25T16:41:57.673640+00:00,0x2A7,000004AD00002CD3
2026-09-25T16:41:57.673858+00:00,0x2A9,FFFF86E500000000
2026-09-25T16:41:57.675504+00:00,0x2A1,0100020001000000
2026-09-25T16:41:57.677543+00:00,0x2A5,000005EFFFFF6D9D
2026-09-25T16:41:57.677834+00:00,0x2A6,000005B3FFFFDCBA
2026-09-25T16:41:57.677997+00:00,0x2A7,000004AB00002CC4
2026-09-25T16:41:57.678198+00:00,0x2A9,FFFF86E500000000
2026-09-25T16:41:57.681835+00:00,0x2A1,0100020001000000
2026-09-25T16:41:57.683910+00:00,0x2A5,000005EFFFFF6D9D
2026-09-25T16:41:57.684107+00:00,0x2A6,000005B3FFFFDCC0
2026-09-25T16:41:57.684349+00:00,0x2A7,000004AB00002CC4
2026-09-25T16:41:57.684543+00:00,0x2A9,FFFF86E500000000
2026-09-25T16:41:57.688104+00:00,0x2A5,000005F4FFFF6D9D
2026-09-25T16:41:57.688306+00:00,0x2A6,000005B3FFFFDCC0
2026-09-25T16:41:57.688543+00:00,0x2A7,000004A600002CCC
2026-09-25T16:41:57.688834+00:00,0x2A9,FFFF86E500000000
2026-09-25T16:41:57.689000+00:00,0x2A1,0100020001000000
2026-09-25T16:41:57.690291+00:00,0x2A1,0100020001000000
2026-09-25T16:41:57.692835+00:00,0x2A5,000005FBFFFF6D9D
2026-09-25T16:41:57.693478+00:00,0x2A6,000005B3FFFFDCC0
2026-09-25T16:41:57.693683+00:00,0x2A7,000004A600002CC1
2026-09-25T16:41:57.693954+00:00,0x2A9,FFFF86E500000000
2026-09-25T16:41:57.695335+00:00,0x2A1,0100020001000000
2026-09-25T16:41:57.698306+00:00,0x2A5,00000600FFFF6D9D
2026-09-25T16:41:57.698494+00:00,0x2A6,000005B3FFFFDCC0
2026-09-25T16:41:57.698832+00:00,0x2A7,000004A600002CC2
2026-09-25T16:41:57.698954+00:00,0x2A9,FFFF86E500000000
2026-09-25T16:41:57.700599+00:00,0x2A1,0100020001000000
2026-09-25T16:41:57.705198+00:00,0x2A5,00000600FFFF6D9D
2026-09-25T16:41:57.705473+00:00,0x2A6,000005B3FFFFDCC8
2026-09-25T16:41:57.705833+00:00,0x2A7,000004A600002CC2
2026-09-25T16:41:57.706083+00:00,0x2A9,FFFF86E500000000
2026-09-25T16:41:57.706508+00:00,0x2A1,0100020001000000
2026-09-25T16:41:57.706831+00:00,0x2A5,000005F9FFFF6D9A
2026-09-25T16:41:57.707040+00:00,0x2A6,000005B3FFFFDCC8
2026-09-25T16:41:57.707284+00:00,0x2A7,0000049E00002CC2
2026-09-25T16:41:57.707565+00:00,0x2A9,FFFF86E500000000
2026-09-25T16:41:57.710910+00:00,0x2A1,0100020001000000
2026-09-25T16:41:57.711395+00:00,0x2A5,00000608FFFF6D9A
2026-09-25T16:41:57.711703+00:00,0x2A6,000005B3FFFFDCC7
2026-09-25T16:41:57.711997+00:00,0x2A7,0000048800002CC2
2026-09-25T16:41:57.712331+00:00,0x2A9,FFFF86E500000000
2026-09-25T16:41:57.715566+00:00,0x2A1,0100020001000000
2026-09-25T16:41:57.717686+00:00,0x2A5,00000608FFFF6D9A
2026-09-25T16:41:57.718040+00:00,0x2A6,000005B3FFFFDCC9
2026-09-25T16:41:57.718284+00:00,0x2A7,0000048800002CC2
2026-09-25T16:41:57.718522+00:00,0x2A9,FFFF86E500000000
2026-09-25T16:41:57.720312+00:00,0x2A1,0100020001000000
2026-09-25T16:41:57.722438+00:00,0x2A5,00000603FFFF6D9A
2026-09-25T16:41:57.722683+00:00,0x2A6,000005B3FFFFDCC9
2026-09-25T16:41:57.722954+00:00,0x2A7,0000049000002CBD
2026-09-25T16:41:57.723155+00:00,0x2A9,FFFF86E500000000
2026-09-25T16:41:57.725284+00:00,0x2A1,0100020001000000
2026-09-25T16:41:57.727494+00:00,0x2A5,00000607FFFF6D9A
2026-09-25T16:41:57.727857+00:00,0x2A6,000005B3FFFFDCCF
2026-09-25T16:41:57.727954+00:00,0x2A7,0000048800002CBE
2026-09-25T16:41:57.728198+00:00,0x2A9,FFFF86E200000000
2026-09-25T16:41:57.730306+00:00,0x2A1,0100020001000000
2026-09-25T16:41:57.731270+00:00,0x2A5,00000607FFFF6D9A
2026-09-25T16:41:57.731483+00:00,0x2A6,000005B3FFFFDCCF
2026-09-25T16:41:57.731731+00:00,0x2A7,0000048800002CBE
2026-09-25T16:41:57.731954+00:00,0x2A9,FFFF86E200000000
2026-09-25T16:41:57.735313+00:00,0x2A1,0100020001000000
2026-09-25T16:41:57.737352+00:00,0x2A5,00000607FFFF6D99
2026-09-25T16:41:57.737599+00:00,0x2A6,000005B3FFFFDCD1
2026-09-25T16:41:57.737844+00:00,0x2A7,0000048800002CBE
2026-09-25T16:41:57.738040+00:00,0x2A9,FFFF86E200000000
2026-09-25T16:41:57.741241+00:00,0x2A1,0100020001000000
2026-09-25T16:41:57.744859+00:00,0x2A5,0000060AFFFF6D96
2026-09-25T16:41:57.745103+00:00,0x2A6,000005B3FFFFDCD1
2026-09-25T16:41:57.745306+00:00,0x2A7,0000048800002CBB
2026-09-25T16:41:57.745594+00:00,0x2A9,FFFF86E200000000
2026-09-25T16:41:57.745857+00:00,0x2A1,0100020001000000
2026-09-25T16:41:57.747858+00:00,0x2A5,0000060EFFFF6D96
2026-09-25T16:41:57.748103+00:00,0x2A6,000005B3FFFFDCD5
2026-09-25T16:41:57.748306+00:00,0x2A7,0000048800002CA7
2026-09-25T16:41:57.748543+00:00,0x2A9,FFFF86E200000000
2026-09-25T16:41:57.750326+00:00,0x2A1,0100020001000000
2026-09-25T16:41:57.754197+00:00,0x2A5,0000060EFFFF6D96
2026-09-25T16:41:57.754395+00:00,0x2A6,000005B3FFFFDCDF
2026-09-25T16:41:57.754596+00:00,0x2A7,0000048800002CA7
2026-09-25T16:41:57.754837+00:00,0x2A9,FFFF86E200000000
2026-09-25T16:41:57.755279+00:00,0x2A1,0100020001000000
2026-09-25T16:41:57.758039+00:00,0x2A5,0000060EFFFF6D96
2026-09-25T16:41:57.758283+00:00,0x2A6,000005B3FFFFDCDF
2026-09-25T16:41:57.758521+00:00,0x2A7,0000048800002CB1
2026-09-25T16:41:57.758834+00:00,0x2A9,FFFF86E200000000
2026-09-25T16:41:57.760369+00:00,0x2A1,0100020001000000
2026-09-25T16:41:57.764725+00:00,0x2A5,00000612FFFF6D95
2026-09-25T16:41:57.764995+00:00,0x2A6,000005B3FFFFDCE3
2026-09-25T16:41:57.765282+00:00,0x2A7,0000048800002CA3
2026-09-25T16:41:57.765572+00:00,0x2A9,FFFF86DD00000000
2026-09-25T16:41:57.766723+00:00,0x2A1,0100020001000000
2026-09-25T16:41:57.768681+00:00,0x2A5,00000612FFFF6D95
2026-09-25T16:41:57.768952+00:00,0x2A6,000005B3FFFFDCE3
2026-09-25T16:41:57.769153+00:00,0x2A7,0000048800002CA3
2026-09-25T16:41:57.769350+00:00,0x2A9,FFFF86DE00000000
2026-09-25T16:41:57.772303+00:00,0x2A1,0100020001000000
2026-09-25T16:41:57.773435+00:00,0x2A5,00000616FFFF6D95
2026-09-25T16:41:57.773637+00:00,0x2A6,000005B3FFFFDCE3
2026-09-25T16:41:57.773857+00:00,0x2A7,0000048100002CA3
2026-09-25T16:41:57.774101+00:00,0x2A9,FFFF86DE00000000
2026-09-25T16:41:57.775281+00:00,0x2A1,0100020001000000
2026-09-25T16:41:57.777680+00:00,0x2A5,0000061BFFFF6D95
2026-09-25T16:41:57.777908+00:00,0x2A6,000005B3FFFFDCE3
2026-09-25T16:41:57.778153+00:00,0x2A7,0000048100002CA3
2026-09-25T16:41:57.778349+00:00,0x2A9,FFFF86DE00000000
2026-09-25T16:41:57.780514+00:00,0x2A1,0100020001000000
2026-09-25T16:41:57.784059+00:00,0x2A5,0000061BFFFF6D95
2026-09-25T16:41:57.784304+00:00,0x2A6,000005B3FFFFDCE3
2026-09-25T16:41:57.784541+00:00,0x2A7,0000048100002CA3
2026-09-25T16:41:57.784832+00:00,0x2A9,FFFF86DE00000000
2026-09-25T16:41:57.785908+00:00,0x2A1,0100020001000000
2026-09-25T16:41:57.787857+00:00,0x2A5,0000061BFFFF6D95
2026-09-25T16:41:57.788059+00:00,0x2A6,000005B3FFFFDCE3
2026-09-25T16:41:57.788303+00:00,0x2A7,0000048100002CA3
2026-09-25T16:41:57.788492+00:00,0x2A9,FFFF86DE00000000
2026-09-25T16:41:57.790311+00:00,0x2A1,0100020001000000
2026-09-25T16:41:57.793492+00:00,0x2A5,00000623FFFF6D95
2026-09-25T16:41:57.793700+00:00,0x2A6,000005B3FFFFDCE3
2026-09-25T16:41:57.793952+00:00,0x2A7,0000048100002CA0
2026-09-25T16:41:57.794196+00:00,0x2A9,FFFF86DE00000000
2026-09-25T16:41:57.795372+00:00,0x2A1,0100020001000000
2026-09-25T16:41:57.798303+00:00,0x2A5,00000632FFFF6D91
2026-09-25T16:41:57.798492+00:00,0x2A6,000005B3FFFFDCE3
2026-09-25T16:41:57.798837+00:00,0x2A7,0000047600002C9C
2026-09-25T16:41:57.798951+00:00,0x2A9,FFFF86DE00000000
2026-09-25T16:41:57.800333+00:00,0x2A1,0100020001000000
2026-09-25T16:41:57.804195+00:00,0x2A5,00000632FFFF6D91
2026-09-25T16:41:57.804396+00:00,0x2A6,000005B3FFFFDCE3
2026-09-25T16:41:57.804595+00:00,0x2A7,0000047600002C9C
2026-09-25T16:41:57.804834+00:00,0x2A9,FFFF86DE00000000
2026-09-25T16:41:57.805300+00:00,0x2A1,0100020001000000
2026-09-25T16:41:57.807436+00:00,0x2A5,00000637FFFF6D91
2026-09-25T16:41:57.807680+00:00,0x2A6,000005B3FFFFDCE3
2026-09-25T16:41:57.807857+00:00,0x2A7,0000047300002C9C
2026-09-25T16:41:57.808101+00:00,0x2A9,FFFF86DE00000000
2026-09-25T16:41:57.810376+00:00,0x2A1,0100020001000000
2026-09-25T16:41:57.812614+00:00,0x2A5,0000064CFFFF6D91
2026-09-25T16:41:57.812855+00:00,0x2A6,000005B3FFFFDCE3
2026-09-25T16:41:57.813102+00:00,0x2A7,0000047300002C96
2026-09-25T16:41:57.813303+00:00,0x2A9,FFFF86D600000000
2026-09-25T16:41:57.815393+00:00,0x2A1,0100020001000000
2026-09-25T16:41:57.818130+00:00,0x2A5,0000064DFFFF6D91
2026-09-25T16:41:57.818347+00:00,0x2A6,000005B3FFFFDCE3
2026-09-25T16:41:57.818593+00:00,0x2A7,0000047300002C8C
2026-09-25T16:41:57.818832+00:00,0x2A9,FFFF86D600000000
2026-09-25T16:41:57.821519+00:00,0x2A1,0100020001000000
2026-09-25T16:41:57.825436+00:00,0x2A5,0000064DFFFF6D8D
2026-09-25T16:41:57.825681+00:00,0x2A6,000005B3FFFFDCEA
2026-09-25T16:41:57.825951+00:00,0x2A7,0000047300002C8C
2026-09-25T16:41:57.826378+00:00,0x2A9,FFFF86D600000000
2026-09-25T16:41:57.826614+00:00,0x2A1,0100020001000000
2026-09-25T16:41:57.828724+00:00,0x2A5,00000654FFFF6D8D
2026-09-25T16:41:57.828995+00:00,0x2A6,000005B3FFFFDCEA
2026-09-25T16:41:57.829195+00:00,0x2A7,0000046A00002C92
2026-09-25T16:41:57.829436+00:00,0x2A9,FFFF86D600000000
2026-09-25T16:41:57.830596+00:00,0x2A1,0100020001000000
2026-09-25T16:41:57.832995+00:00,0x2A5,0000065DFFFF6D8D
2026-09-25T16:41:57.833180+00:00,0x2A6,000005B3FFFFDCEA
2026-09-25T16:41:57.833436+00:00,0x2A7,0000046A00002C87
2026-09-25T16:41:57.833637+00:00,0x2A9,FFFF86D600000000
2026-09-25T16:41:57.835271+00:00,0x2A1,0100020001000000
2026-09-25T16:41:57.837541+00:00,0x2A5,0000065DFFFF6D8D
2026-09-25T16:41:57.837831+00:00,0x2A6,000005B3FFFFDCEA
2026-09-25T16:41:57.837995+00:00,0x2A7,0000046A00002C8E
2026-09-25T16:41:57.838195+00:00,0x2A9,FFFF86D600000000
2026-09-25T16:41:57.840327+00:00,0x2A1,0100020001000000
2026-09-25T16:41:57.843436+00:00,0x2A5,0000065DFFFF6D8D
2026-09-25T16:41:57.843908+00:00,0x2A6,000005B3FFFFDCEA
2026-09-25T16:41:57.844105+00:00,0x2A7,0000046600002C8E
2026-09-25T16:41:57.844541+00:00,0x2A9,FFFF86D600000000
2026-09-25T16:41:57.845281+00:00,0x2A1,0100020001000000
2026-09-25T16:41:57.847492+00:00,0x2A5,00000666FFFF6D8D
2026-09-25T16:41:57.847856+00:00,0x2A6,000005B3FFFFDCEA
2026-09-25T16:41:57.847952+00:00,0x2A7,0000046200002C7E
2026-09-25T16:41:57.848196+00:00,0x2A9,FFFF86D600000000
2026-09-25T16:41:57.853593+00:00,0x2A1,0100020001000000
2026-09-25T16:41:57.854436+00:00,0x2A5,00000667FFFF6D8D
2026-09-25T16:41:57.854681+00:00,0x2A6,000005B3FFFFDCEA
2026-09-25T16:41:57.854908+00:00,0x2A7,0000045E00002C84
2026-09-25T16:41:57.855153+00:00,0x2A9,FFFF86D600000000
2026-09-25T16:41:57.855392+00:00,0x2A1,0100020001000000
2026-09-25T16:41:57.857476+00:00,0x2A5,00000667FFFF6D8D
2026-09-25T16:41:57.857724+00:00,0x2A6,000005B3FFFFDCEC
2026-09-25T16:41:57.857952+00:00,0x2A7,0000045E00002C84
2026-09-25T16:41:57.858153+00:00,0x2A9,FFFF86D600000000
2026-09-25T16:41:57.860313+00:00,0x2A1,0100020001000000
2026-09-25T16:41:57.863681+00:00,0x2A5,0000067AFFFF6D8B
2026-09-25T16:41:57.863953+00:00,0x2A6,000005B3FFFFDCEC
2026-09-25T16:41:57.864153+00:00,0x2A7,0000045E00002C7D
2026-09-25T16:41:57.865236+00:00,0x2A9,FFFF86D600000000
2026-09-25T16:41:57.868083+00:00,0x2A1,0100020001000000
2026-09-25T16:41:57.870565+00:00,0x2A5,0000067DFFFF6D8B
2026-09-25T16:41:57.870979+00:00,0x2A6,000005B3FFFFDCF1
2026-09-25T16:41:57.871240+00:00,0x2A7,0000045900002C7D
2026-09-25T16:41:57.872478+00:00,0x2A9,FFFF86CF00000000
2026-09-25T16:41:57.872860+00:00,0x2A1,0100020001000000
2026-09-25T16:41:57.875039+00:00,0x2A5,0000067DFFFF6D8B
2026-09-25T16:41:57.875565+00:00,0x2A6,000005B3FFFFDCF1
2026-09-25T16:41:57.875835+00:00,0x2A7,0000045900002C7D
2026-09-25T16:41:57.876083+00:00,0x2A9,FFFF86CF00000000
2026-09-25T16:41:57.877836+00:00,0x2A1,0100020001000000
2026-09-25T16:41:57.879859+00:00,0x2A5,00000682FFFF6D88
2026-09-25T16:41:57.880147+00:00,0x2A6,000005B3FFFFDCF1
2026-09-25T16:41:57.880392+00:00,0x2A7,0000045900002C7D
2026-09-25T16:41:57.880638+00:00,0x2A9,FFFF86CF00000000
2026-09-25T16:41:57.880911+00:00,0x2A1,0100020001000000
2026-09-25T16:41:57.884198+00:00,0x2A5,0000068EFFFF6D88
2026-09-25T16:41:57.884437+00:00,0x2A6,000005B3FFFFDCF1
2026-09-25T16:41:57.884683+00:00,0x2A7,0000045500002C6E
2026-09-25T16:41:57.884910+00:00,0x2A9,FFFF86CF00000000
2026-09-25T16:41:57.886494+00:00,0x2A1,0100020001000000
2026-09-25T16:41:57.888494+00:00,0x2A5,00000693FFFF6D88
2026-09-25T16:41:57.888703+00:00,0x2A6,000005B3FFFFDCF1
2026-09-25T16:41:57.888953+00:00,0x2A7,0000045500002C75
2026-09-25T16:41:57.889197+00:00,0x2A9,FFFF86CF00000000
2026-09-25T16:41:57.890271+00:00,0x2A1,0100020001000000
2026-09-25T16:41:57.893104+00:00,0x2A5,00000693FFFF6D88
2026-09-25T16:41:57.893306+00:00,0x2A6,000005B3FFFFDCF1
2026-09-25T16:41:57.893543+00:00,0x2A7,0000045100002C75
2026-09-25T16:41:57.893834+00:00,0x2A9,FFFF86CF00000000
2026-09-25T16:41:57.895683+00:00,0x2A1,0100020001000000
2026-09-25T16:41:57.897494+00:00,0x2A5,00000695FFFF6D88
2026-09-25T16:41:57.897832+00:00,0x2A6,000005B3FFFFDCF1
2026-09-25T16:41:57.897954+00:00,0x2A7,0000044D00002C5F
2026-09-25T16:41:57.898198+00:00,0x2A9,FFFF86C900000000
2026-09-25T16:41:57.900311+00:00,0x2A1,0100020001000000
2026-09-25T16:41:57.904106+00:00,0x2A5,00000695FFFF6D87
2026-09-25T16:41:57.904348+00:00,0x2A6,000005B3FFFFDCF1
2026-09-25T16:41:57.904542+00:00,0x2A7,0000044D00002C6D
2026-09-25T16:41:57.904833+00:00,0x2A9,FFFF86C900000000
2026-09-25T16:41:57.905301+00:00,0x2A1,0100020001000000
2026-09-25T16:41:57.908305+00:00,0x2A5,00000695FFFF6D87
2026-09-25T16:41:57.908494+00:00,0x2A6,000005B3FFFFDCF3
2026-09-25T16:41:57.908832+00:00,0x2A7,0000044D00002C5C
2026-09-25T16:41:57.908953+00:00,0x2A9,FFFF86C900000000
2026-09-25T16:41:57.910270+00:00,0x2A1,0100020001000000
2026-09-25T16:41:57.912471+00:00,0x2A5,00000698FFFF6D87
2026-09-25T16:41:57.912725+00:00,0x2A6,000005B3FFFFDCF3
2026-09-25T16:41:57.912952+00:00,0x2A7,0000044800002C5C
2026-09-25T16:41:57.913153+00:00,0x2A9,FFFF86C900000000
2026-09-25T16:41:57.915292+00:00,0x2A1,0100020001000000
2026-09-25T16:41:57.918081+00:00,0x2A5,0000069EFFFF6D83
2026-09-25T16:41:57.918325+00:00,0x2A6,000005B3FFFFDCF3
2026-09-25T16:41:57.918564+00:00,0x2A7,0000044400002C5D
2026-09-25T16:41:57.918834+00:00,0x2A9,FFFF86C900000000
2026-09-25T16:41:57.920353+00:00,0x2A1,0100020001000000
2026-09-25T16:41:57.922909+00:00,0x2A5,000006A4FFFF6D83
2026-09-25T16:41:57.923154+00:00,0x2A6,000005B3FFFFDCF3
2026-09-25T16:41:57.923351+00:00,0x2A7,0000043F00002C5D
2026-09-25T16:41:57.923598+00:00,0x2A9,FFFF86C000000000
2026-09-25T16:41:57.925953+00:00,0x2A1,0100020001000000
2026-09-25T16:41:57.928327+00:00,0x2A5,000006A4FFFF6D84
2026-09-25T16:41:57.928573+00:00,0x2A6,000005B3FFFFDCF3
2026-09-25T16:41:57.928835+00:00,0x2A7,0000043F00002C5D
2026-09-25T16:41:57.929082+00:00,0x2A9,FFFF86C000000000
2026-09-25T16:41:57.930326+00:00,0x2A1,0100020001000000
2026-09-25T16:41:57.931313+00:00,0x2A5,000006A8FFFF6D84
2026-09-25T16:41:57.933241+00:00,0x2A6,000005B3FFFFDCF8
2026-09-25T16:41:57.933437+00:00,0x2A7,0000043F00002C52
2026-09-25T16:41:57.933909+00:00,0x2A9,FFFF86C100000000
2026-09-25T16:41:57.935327+00:00,0x2A1,0100020001000000
2026-09-25T16:41:57.937438+00:00,0x2A5,000006ACFFFF6D84
2026-09-25T16:41:57.937640+00:00,0x2A6,000005B3FFFFDCF8
2026-09-25T16:41:57.937859+00:00,0x2A7,0000043B00002C4E
2026-09-25T16:41:57.938061+00:00,0x2A9,FFFF86C100000000
2026-09-25T16:41:57.940482+00:00,0x2A1,0100020001000000
2026-09-25T16:41:57.942835+00:00,0x2A5,000006ACFFFF6D84
2026-09-25T16:41:57.942954+00:00,0x2A6,000005B3FFFFDCF8
2026-09-25T16:41:57.943198+00:00,0x2A7,0000043B00002C4A
2026-09-25T16:41:57.943438+00:00,0x2A9,FFFF86C100000000
2026-09-25T16:41:57.945283+00:00,0x2A1,0100020001000000
2026-09-25T16:41:57.947348+00:00,0x2A5,000006C2FFFF6D82
2026-09-25T16:41:57.947551+00:00,0x2A6,000005B3FFFFDCF8
2026-09-25T16:41:57.947833+00:00,0x2A7,0000043700002C4A
2026-09-25T16:41:57.947996+00:00,0x2A9,FFFF86C100000000
2026-09-25T16:41:57.950577+00:00,0x2A1,0100020001000000
2026-09-25T16:41:57.953039+00:00,0x2A5,000006C8FFFF6D82
2026-09-25T16:41:57.953438+00:00,0x2A6,000005B3FFFFDCF8
2026-09-25T16:41:57.953683+00:00,0x2A7,0000043700002C41
2026-09-25T16:41:57.953910+00:00,0x2A9,FFFF86C100000000
2026-09-25T16:41:57.955280+00:00,0x2A1,0100020001000000
2026-09-25T16:41:57.957395+00:00,0x2A5,000006D3FFFF6D82
2026-09-25T16:41:57.957596+00:00,0x2A6,000005B3FFFFDD00
2026-09-25T16:41:57.957833+00:00,0x2A7,0000042E00002C3E
2026-09-25T16:41:57.958040+00:00,0x2A9,FFFF86C100000000
2026-09-25T16:41:57.960296+00:00,0x2A1,0100020001000000
2026-09-25T16:41:57.963494+00:00,0x2A5,000006D3FFFF6D82
2026-09-25T16:41:57.963856+00:00,0x2A6,000005B3FFFFDCFF
2026-09-25T16:41:57.963996+00:00,0x2A7,0000042E00002C3C
2026-09-25T16:41:57.964241+00:00,0x2A9,FFFF86C100000000
2026-09-25T16:41:57.966240+00:00,0x2A1,0100020001000000
2026-09-25T16:41:57.968240+00:00,0x2A5,000006DAFFFF6D7F
2026-09-25T16:41:57.968472+00:00,0x2A6,000005B3FFFFDCFF
2026-09-25T16:41:57.968684+00:00,0x2A7,0000042D00002C3C
2026-09-25T16:41:57.968954+00:00,0x2A9,FFFF86B900000000
2026-09-25T16:41:57.970291+00:00,0x2A1,0100020001000000
2026-09-25T16:41:57.973240+00:00,0x2A5,000006D9FFFF6D7F
2026-09-25T16:41:57.973725+00:00,0x2A6,000005B3FFFFDCFF
2026-09-25T16:41:57.974240+00:00,0x2A7,0000042A00002C3C
2026-09-25T16:41:57.974480+00:00,0x2A9,FFFF86BA00000000
2026-09-25T16:41:57.975910+00:00,0x2A1,0100020001000000
2026-09-25T16:41:57.978240+00:00,0x2A5,000006D9FFFF6D7F
2026-09-25T16:41:57.978437+00:00,0x2A6,000005B3FFFFDD06
2026-09-25T16:41:57.978682+00:00,0x2A7,0000042A00002C3C
2026-09-25T16:41:57.978992+00:00,0x2A9,FFFF86BA00000000
2026-09-25T16:41:57.983082+00:00,0x2A1,0100020001000000
2026-09-25T16:41:57.983326+00:00,0x2A5,000006DFFFFF6D7F
2026-09-25T16:41:57.983565+00:00,0x2A6,000005B3FFFFDD07
2026-09-25T16:41:57.983831+00:00,0x2A7,0000042100002C2D
2026-09-25T16:41:57.984039+00:00,0x2A9,FFFF86BA00000000
2026-09-25T16:41:57.987155+00:00,0x2A1,0100020001000000
2026-09-25T16:41:57.989106+00:00,0x2A5,000006DFFFFF6D7A
2026-09-25T16:41:57.989305+00:00,0x2A6,000005B3FFFFDD0E
2026-09-25T16:41:57.989543+00:00,0x2A7,0000042100002C26
2026-09-25T16:41:57.989833+00:00,0x2A9,FFFF86BA00000000
2026-09-25T16:41:57.991866+00:00,0x2A1,0100020001000000
2026-09-25T16:41:57.992833+00:00,0x2A5,000006E3FFFF6D7A
2026-09-25T16:41:57.992996+00:00,0x2A6,000005B3FFFFDD0E
2026-09-25T16:41:57.993197+00:00,0x2A7,0000041D00002C27
2026-09-25T16:41:57.993643+00:00,0x2A9,FFFF86BA00000000
2026-09-25T16:41:57.995835+00:00,0x2A1,0100020001000000
2026-09-25T16:41:57.997858+00:00,0x2A5,000006E3FFFF6D7A
2026-09-25T16:41:57.998060+00:00,0x2A6,000005B3FFFFDD0E
2026-09-25T16:41:57.998305+00:00,0x2A7,0000041D00002C27
2026-09-25T16:41:57.998494+00:00,0x2A9,FFFF86BA00000000
2026-09-25T16:41:58.000270+00:00,0x2A1,0100020001000000
2026-09-25T16:41:58.002639+00:00,0x2A5,000006EBFFFF6D7A
2026-09-25T16:41:58.002858+00:00,0x2A6,000005B3FFFFDD10
2026-09-25T16:41:58.003104+00:00,0x2A7,0000041D00002C19
2026-09-25T16:41:58.003349+00:00,0x2A9,FFFF86BA00000000
2026-09-25T16:41:58.008521+00:00,0x2A5,000006ECFFFF6D7A
2026-09-25T16:41:58.008726+00:00,0x2A6,000005B3FFFFDD10
2026-09-25T16:41:58.008953+00:00,0x2A7,0000041000002C1A
2026-09-25T16:41:58.009197+00:00,0x2A9,FFFF86BA00000000
2026-09-25T16:41:58.009395+00:00,0x2A1,0100020001000000
2026-09-25T16:41:58.010313+00:00,0x2A1,0100020001000000
2026-09-25T16:41:58.012910+00:00,0x2A5,000006ECFFFF6D79
2026-09-25T16:41:58.013107+00:00,0x2A6,000005B3FFFFDD16
2026-09-25T16:41:58.013996+00:00,0x2A7,0000041000002C1A
2026-09-25T16:41:58.014198+00:00,0x2A9,FFFF86BA00000000
2026-09-25T16:41:58.015313+00:00,0x2A1,0100020001000000
2026-09-25T16:41:58.017683+00:00,0x2A5,000006F0FFFF6D76
2026-09-25T16:41:58.017953+00:00,0x2A6,000005B3FFFFDD15
2026-09-25T16:41:58.018140+00:00,0x2A7,0000040B00002C1A
2026-09-25T16:41:58.018394+00:00,0x2A9,FFFF86BA00000000
2026-09-25T16:41:58.020327+00:00,0x2A1,0100020001000000
2026-09-25T16:41:58.022639+00:00,0x2A5,000006F9FFFF6D75
2026-09-25T16:41:58.022909+00:00,0x2A6,000005B3FFFFDD15
2026-09-25T16:41:58.023106+00:00,0x2A7,0000040600002BFB
2026-09-25T16:41:58.023348+00:00,0x2A9,FFFF86B500000000
2026-09-25T16:41:58.025326+00:00,0x2A1,0100020001000000
2026-09-25T16:41:58.027833+00:00,0x2A5,00000706FFFF6D75
2026-09-25T16:41:58.027995+00:00,0x2A6,000005B3FFFFDD15
2026-09-25T16:41:58.028282+00:00,0x2A7,0000040200002BFA
2026-09-25T16:41:58.028519+00:00,0x2A9,FFFF86B500000000
2026-09-25T16:41:58.030353+00:00,0x2A1,0100020001000000
2026-09-25T16:41:58.033324+00:00,0x2A5,00000706FFFF6D74
2026-09-25T16:41:58.033614+00:00,0x2A6,000005B3FFFFDD18
2026-09-25T16:41:58.033833+00:00,0x2A7,0000040200002BFA
2026-09-25T16:41:58.034080+00:00,0x2A9,FFFF86B500000000
2026-09-25T16:41:58.035310+00:00,0x2A1,0100020001000000
2026-09-25T16:41:58.037833+00:00,0x2A5,0000070BFFFF6D74
2026-09-25T16:41:58.038081+00:00,0x2A6,000005B3FFFFDD18
2026-09-25T16:41:58.038282+00:00,0x2A7,000003FE00002BFA
2026-09-25T16:41:58.038520+00:00,0x2A9,FFFF86B500000000
2026-09-25T16:41:58.040314+00:00,0x2A1,0100020001000000
2026-09-25T16:41:58.042437+00:00,0x2A5,00000714FFFF6D74
2026-09-25T16:41:58.042639+00:00,0x2A6,000005B3FFFFDD1D
2026-09-25T16:41:58.042840+00:00,0x2A7,000003F900002BFA
2026-09-25T16:41:58.043061+00:00,0x2A9,FFFF86B500000000
2026-09-25T16:41:58.045278+00:00,0x2A1,0100020001000000
2026-09-25T16:41:58.047542+00:00,0x2A5,00000714FFFF6D71
2026-09-25T16:41:58.047833+00:00,0x2A6,000005B3FFFFDD1D
2026-09-25T16:41:58.047953+00:00,0x2A7,000003F900002BE2
2026-09-25T16:41:58.048197+00:00,0x2A9,FFFF86B500000000
2026-09-25T16:41:58.050493+00:00,0x2A1,0100020001000000
2026-09-25T16:41:58.052596+00:00,0x2A5,0000071CFFFF6D6D
2026-09-25T16:41:58.052836+00:00,0x2A6,000005B3FFFFDD1D
2026-09-25T16:41:58.053039+00:00,0x2A7,000003F900002BE2
2026-09-25T16:41:58.053264+00:00,0x2A9,FFFF86B500000000
2026-09-25T16:41:58.055292+00:00,0x2A1,0100020001000000
2026-09-25T16:41:58.057521+00:00,0x2A5,0000071EFFFF6D6C
2026-09-25T16:41:58.057726+00:00,0x2A6,000005B3FFFFDD24
2026-09-25T16:41:58.057953+00:00,0x2A7,000003F500002BDD
2026-09-25T16:41:58.058197+00:00,0x2A9,FFFF86AE00000000
2026-09-25T16:41:58.063283+00:00,0x2A5,0000071EFFFF6D6C
2026-09-25T16:41:58.063472+00:00,0x2A6,000005B3FFFFDD24
2026-09-25T16:41:58.063725+00:00,0x2A7,000003D800002BE5
2026-09-25T16:41:58.063953+00:00,0x2A9,FFFF86AE00000000
2026-09-25T16:41:58.064154+00:00,0x2A1,0100020001000000
2026-09-25T16:41:58.065953+00:00,0x2A1,0100020001000000
2026-09-25T16:41:58.067954+00:00,0x2A5,00000725FFFF6D6C
2026-09-25T16:41:58.068155+00:00,0x2A6,000005B3FFFFDD24
2026-09-25T16:41:58.068351+00:00,0x2A7,000003D800002BE5
2026-09-25T16:41:58.068555+00:00,0x2A9,FFFF86AE00000000
2026-09-25T16:41:58.070280+00:00,0x2A1,0100020001000000
2026-09-25T16:41:58.072597+00:00,0x2A5,00000726FFFF6D6C
2026-09-25T16:41:58.072836+00:00,0x2A6,000005B3FFFFDD24
2026-09-25T16:41:58.073039+00:00,0x2A7,000003DC00002BD6
2026-09-25T16:41:58.073241+00:00,0x2A9,FFFF86AE00000000
2026-09-25T16:41:58.075305+00:00,0x2A1,0100020001000000
2026-09-25T16:41:58.077639+00:00,0x2A5,00000738FFFF6D6C
2026-09-25T16:41:58.077858+00:00,0x2A6,000005B3FFFFDD24
2026-09-25T16:41:58.078060+00:00,0x2A7,000003C800002BD7
2026-09-25T16:41:58.078305+00:00,0x2A9,FFFF86AE00000000
2026-09-25T16:41:58.080311+00:00,0x2A1,0100020001000000
2026-09-25T16:41:58.083063+00:00,0x2A5,00000738FFFF6D68
2026-09-25T16:41:58.084028+00:00,0x2A6,000005B3FFFFDD2B
2026-09-25T16:41:58.084288+00:00,0x2A7,000003C800002BD7
2026-09-25T16:41:58.084525+00:00,0x2A9,FFFF86AE00000000
2026-09-25T16:41:58.090426+00:00,0x2A1,0100020001000000
2026-09-25T16:41:58.091612+00:00,0x2A5,0000073AFFFF6D68
2026-09-25T16:41:58.091980+00:00,0x2A6,000005B3FFFFDD2D
2026-09-25T16:41:58.092197+00:00,0x2A7,000003CA00002BD7
2026-09-25T16:41:58.092472+00:00,0x2A9,FFFF86AE00000000
2026-09-25T16:41:58.094725+00:00,0x2A1,0100020001000000
2026-09-25T16:41:58.094953+00:00,0x2A5,00000750FFFF6D64
2026-09-25T16:41:58.095197+00:00,0x2A6,000005B3FFFFDD32
2026-09-25T16:41:58.095437+00:00,0x2A7,000003CA00002BD7
2026-09-25T16:41:58.095682+00:00,0x2A9,FFFF86A700000000
2026-09-25T16:41:58.097459+00:00,0x2A1,0100020001000000
2026-09-25T16:41:58.099594+00:00,0x2A5,0000074FFFFF6D64
2026-09-25T16:41:58.099834+00:00,0x2A6,000005B3FFFFDD32
2026-09-25T16:41:58.100039+00:00,0x2A7,000003CA00002BD0
2026-09-25T16:41:58.100283+00:00,0x2A9,FFFF86A800000000
2026-09-25T16:41:58.100573+00:00,0x2A1,0100020001000000
2026-09-25T16:41:58.102682+00:00,0x2A5,0000074FFFFF6D5F
2026-09-25T16:41:58.102910+00:00,0x2A6,000005B3FFFFDD32
2026-09-25T16:41:58.103154+00:00,0x2A7,000003CA00002BD0
2026-09-25T16:41:58.103351+00:00,0x2A9,FFFF86A800000000
2026-09-25T16:41:58.106852+00:00,0x2A1,0100020001000000
2026-09-25T16:41:58.108865+00:00,0x2A5,00000757FFFF6D57
2026-09-25T16:41:58.109105+00:00,0x2A6,000005B3FFFFDD32
2026-09-25T16:41:58.109306+00:00,0x2A7,000003A600002BC4
2026-09-25T16:41:58.109543+00:00,0x2A9,FFFF86A800000000
2026-09-25T16:41:58.110279+00:00,0x2A1,0100020001000000
2026-09-25T16:41:58.113472+00:00,0x2A5,00000757FFFF6D57
2026-09-25T16:41:58.113725+00:00,0x2A6,000005B3FFFFDD32
2026-09-25T16:41:58.113953+00:00,0x2A7,000003B600002BCA
2026-09-25T16:41:58.114154+00:00,0x2A9,FFFF86A800000000
2026-09-25T16:41:58.115356+00:00,0x2A1,0100020001000000
2026-09-25T16:41:58.116480+00:00,0x2A5,00000757FFFF6D57
2026-09-25T16:41:58.116725+00:00,0x2A6,000005B3FFFFDD39
2026-09-25T16:41:58.116996+00:00,0x2A7,000003B600002BC1
2026-09-25T16:41:58.117262+00:00,0x2A9,FFFF86A800000000
2026-09-25T16:41:58.120292+00:00,0x2A1,0100020001000000
2026-09-25T16:41:58.122394+00:00,0x2A5,00000765FFFF6D53
2026-09-25T16:41:58.122639+00:00,0x2A6,000005B3FFFFDD39
2026-09-25T16:41:58.122910+00:00,0x2A7,000003A500002BC1
2026-09-25T16:41:58.123197+00:00,0x2A9,FFFF86A800000000
2026-09-25T16:41:58.125279+00:00,0x2A1,0100020001000000
2026-09-25T16:41:58.128394+00:00,0x2A5,0000075CFFFF6D53
2026-09-25T16:41:58.128596+00:00,0x2A6,000005B3FFFFDD43
2026-09-25T16:41:58.128836+00:00,0x2A7,000003A500002BBD
2026-09-25T16:41:58.129040+00:00,0x2A9,FFFF86A800000000
2026-09-25T16:41:58.130293+00:00,0x2A1,0100020001000000
2026-09-25T16:41:58.132953+00:00,0x2A5,0000075CFFFF6D53
2026-09-25T16:41:58.133197+00:00,0x2A6,000005B3FFFFDD43
2026-09-25T16:41:58.133437+00:00,0x2A7,000003A500002BBD
2026-09-25T16:41:58.133953+00:00,0x2A9,FFFF86A800000000
2026-09-25T16:41:58.135381+00:00,0x2A1,0100020001000000
2026-09-25T16:41:58.137953+00:00,0x2A5,00000768FFFF6D51
2026-09-25T16:41:58.138197+00:00,0x2A6,000005B3FFFFDD48
2026-09-25T16:41:58.138437+00:00,0x2A7,000003A500002BBD
2026-09-25T16:41:58.138682+00:00,0x2A9,FFFF86A800000000
2026-09-25T16:41:58.140327+00:00,0x2A1,0100020001000000
2026-09-25T16:41:58.142480+00:00,0x2A5,00000767FFFF6D4B
2026-09-25T16:41:58.142858+00:00,0x2A6,000005B3FFFFDD50
2026-09-25T16:41:58.143039+00:00,0x2A7,000003A500002BBD
2026-09-25T16:41:58.143326+00:00,0x2A9,FFFF869F00000000
2026-09-25T16:41:58.145953+00:00,0x2A1,0100020001000000
2026-09-25T16:41:58.148125+00:00,0x2A5,0000076AFFFF6D4B
2026-09-25T16:41:58.148413+00:00,0x2A6,000005B3FFFFDD50
2026-09-25T16:41:58.148702+00:00,0x2A7,0000039300002BB8
2026-09-25T16:41:58.148996+00:00,0x2A9,FFFF869F00000000
2026-09-25T16:41:58.150394+00:00,0x2A1,0100020001000000
2026-09-25T16:41:58.152953+00:00,0x2A5,0000076AFFFF6D4C
2026-09-25T16:41:58.153197+00:00,0x2A6,000005B3FFFFDD50
2026-09-25T16:41:58.153394+00:00,0x2A7,0000039300002BB8
2026-09-25T16:41:58.153639+00:00,0x2A9,FFFF869F00000000
2026-09-25T16:41:58.155312+00:00,0x2A1,0100020001000000
2026-09-25T16:41:58.157639+00:00,0x2A5,0000076FFFFF6D4C
2026-09-25T16:41:58.157858+00:00,0x2A6,000005B3FFFFDD52
2026-09-25T16:41:58.158060+00:00,0x2A7,0000039200002BA6
2026-09-25T16:41:58.158305+00:00,0x2A9,FFFF869F00000000
2026-09-25T16:41:58.160639+00:00,0x2A1,0100020001000000
2026-09-25T16:41:58.162858+00:00,0x2A5,00000775FFFF6D4C
2026-09-25T16:41:58.163103+00:00,0x2A6,000005B3FFFFDD52
2026-09-25T16:41:58.163305+00:00,0x2A7,0000039200002BA9
2026-09-25T16:41:58.163542+00:00,0x2A9,FFFF869F00000000
2026-09-25T16:41:58.165472+00:00,0x2A1,0100020001000000
2026-09-25T16:41:58.167639+00:00,0x2A5,00000775FFFF6D4C
2026-09-25T16:41:58.167859+00:00,0x2A6,000005B3FFFFDD52
2026-09-25T16:41:58.168103+00:00,0x2A7,0000039200002BA3
2026-09-25T16:41:58.168305+00:00,0x2A9,FFFF869B00000000
2026-09-25T16:41:58.170312+00:00,0x2A1,0100020001000000
2026-09-25T16:41:58.171473+00:00,0x2A5,00000775FFFF6D4C
2026-09-25T16:41:58.171725+00:00,0x2A6,000005B3FFFFDD57
2026-09-25T16:41:58.171996+00:00,0x2A7,0000039200002BA3
2026-09-25T16:41:58.172240+00:00,0x2A9,FFFF869B00000000
2026-09-25T16:41:58.175309+00:00,0x2A1,0100020001000000
2026-09-25T16:41:58.177542+00:00,0x2A5,0000077DFFFF6D4C
2026-09-25T16:41:58.177837+00:00,0x2A6,000005B3FFFFDD57
2026-09-25T16:41:58.177996+00:00,0x2A7,0000038D00002BA1
2026-09-25T16:41:58.178240+00:00,0x2A9,FFFF869B00000000
2026-09-25T16:41:58.180268+00:00,0x2A1,0100020001000000
2026-09-25T16:41:58.183437+00:00,0x2A5,0000077DFFFF6D4C
2026-09-25T16:41:58.183682+00:00,0x2A6,000005B3FFFFDD57
2026-09-25T16:41:58.183910+00:00,0x2A7,0000038600002BA1
2026-09-25T16:41:58.184106+00:00,0x2A9,FFFF869B00000000
2026-09-25T16:41:58.185997+00:00,0x2A1,0100020001000000
2026-09-25T16:41:58.188106+00:00,0x2A5,0000077DFFFF6D4C
2026-09-25T16:41:58.188305+00:00,0x2A6,000005B3FFFFDD57
2026-09-25T16:41:58.188542+00:00,0x2A7,0000038600002BA1
2026-09-25T16:41:58.188833+00:00,0x2A9,FFFF869B00000000
2026-09-25T16:41:58.190370+00:00,0x2A1,0100020001000000
2026-09-25T16:41:58.193039+00:00,0x2A5,00000788FFFF6D4C
2026-09-25T16:41:58.193329+00:00,0x2A6,000005B3FFFFDD57
2026-09-25T16:41:58.193573+00:00,0x2A7,0000038600002B9A
2026-09-25T16:41:58.193835+00:00,0x2A9,FFFF869B00000000
2026-09-25T16:41:58.195639+00:00,0x2A1,0100020001000000
2026-09-25T16:41:58.196307+00:00,0x2A5,0000078FFFFF6D4C
2026-09-25T16:41:58.196583+00:00,0x2A6,000005B3FFFFDD57
2026-09-25T16:41:58.196872+00:00,0x2A7,0000037E00002B98
2026-09-25T16:41:58.197115+00:00,0x2A9,FFFF869B00000000
2026-09-25T16:41:58.200338+00:00,0x2A1,0100020001000000
2026-09-25T16:41:58.202858+00:00,0x2A5,00000796FFFF6D4C
2026-09-25T16:41:58.203104+00:00,0x2A6,000005B3FFFFDD59
2026-09-25T16:41:58.203391+00:00,0x2A7,0000037F00002B93
2026-09-25T16:41:58.203680+00:00,0x2A9,FFFF869800000000
2026-09-25T16:41:58.206394+00:00,0x2A1,0100020001000000
2026-09-25T16:41:58.208351+00:00,0x2A5,00000796FFFF6D4C
2026-09-25T16:41:58.208598+00:00,0x2A6,000005B3FFFFDD59
2026-09-25T16:41:58.208844+00:00,0x2A7,0000037F00002B93
2026-09-25T16:41:58.209040+00:00,0x2A9,FFFF869800000000
2026-09-25T16:41:58.210292+00:00,0x2A1,0100020001000000
2026-09-25T16:41:58.212682+00:00,0x2A5,000007A2FFFF6D4A
2026-09-25T16:41:58.213639+00:00,0x2A6,000005B3FFFFDD5E
2026-09-25T16:41:58.213910+00:00,0x2A7,0000037F00002B8B
2026-09-25T16:41:58.214154+00:00,0x2A9,FFFF869700000000
2026-09-25T16:41:58.215478+00:00,0x2A1,0100020001000000
2026-09-25T16:41:58.217639+00:00,0x2A5,000007A2FFFF6D4A
2026-09-25T16:41:58.217858+00:00,0x2A6,000005B3FFFFDD5E
2026-09-25T16:41:58.218060+00:00,0x2A7,0000036F00002B89
2026-09-25T16:41:58.218262+00:00,0x2A9,FFFF869700000000
2026-09-25T16:41:58.220270+00:00,0x2A1,0100020001000000
2026-09-25T16:41:58.222833+00:00,0x2A5,000007A2FFFF6D47
2026-09-25T16:41:58.222996+00:00,0x2A6,000005B3FFFFDD5E
2026-09-25T16:41:58.223283+00:00,0x2A7,0000036F00002B89
2026-09-25T16:41:58.223473+00:00,0x2A9,FFFF869700000000
2026-09-25T16:41:58.225348+00:00,0x2A1,0100020001000000
2026-09-25T16:41:58.226521+00:00,0x2A5,000007AAFFFF6D47
2026-09-25T16:41:58.226834+00:00,0x2A6,000005B3FFFFDD5E
2026-09-25T16:41:58.226996+00:00,0x2A7,0000036C00002B89
2026-09-25T16:41:58.227197+00:00,0x2A9,FFFF869700000000
2026-09-25T16:41:58.230292+00:00,0x2A1,0100020001000000
2026-09-25T16:41:58.232832+00:00,0x2A5,000007AEFFFF6D47
2026-09-25T16:41:58.233197+00:00,0x2A6,000005B3FFFFDD5E
2026-09-25T16:41:58.233394+00:00,0x2A7,0000036C00002B85
2026-09-25T16:41:58.233595+00:00,0x2A9,FFFF869200000000
2026-09-25T16:41:58.235278+00:00,0x2A1,0100020001000000
2026-09-25T16:41:58.237682+00:00,0x2A5,000007B8FFFF6D47
2026-09-25T16:41:58.237909+00:00,0x2A6,000005B3FFFFDD5E
2026-09-25T16:41:58.238154+00:00,0x2A7,0000036C00002B7D
2026-09-25T16:41:58.238598+00:00,0x2A9,FFFF869200000000
2026-09-25T16:41:58.240294+00:00,0x2A1,0100020001000000
2026-09-25T16:41:58.242480+00:00,0x2A5,000007B8FFFF6D47
2026-09-25T16:41:58.242725+00:00,0x2A6,000005B3FFFFDD60
2026-09-25T16:41:58.242996+00:00,0x2A7,0000036C00002B7D
2026-09-25T16:41:58.243240+00:00,0x2A9,FFFF869200000000
2026-09-25T16:41:58.245992+00:00,0x2A1,0100020001000000
2026-09-25T16:41:58.248283+00:00,0x2A5,000007BEFFFF6D46
2026-09-25T16:41:58.248471+00:00,0x2A6,000005B3FFFFDD65
2026-09-25T16:41:58.248725+00:00,0x2A7,0000036600002B7A
2026-09-25T16:41:58.248996+00:00,0x2A9,FFFF869200000000
2026-09-25T16:41:58.250307+00:00,0x2A1,0100020001000000
2026-09-25T16:41:58.252240+00:00,0x2A5,000007CBFFFF6D46
2026-09-25T16:41:58.252471+00:00,0x2A6,000005B3FFFFDD65
2026-09-25T16:41:58.252706+00:00,0x2A7,0000036400002B78
2026-09-25T16:41:58.253473+00:00,0x2A9,FFFF869200000000
2026-09-25T16:41:58.255410+00:00,0x2A1,0100020001000000
2026-09-25T16:41:58.257834+00:00,0x2A5,000007CBFFFF6D46
2026-09-25T16:41:58.258082+00:00,0x2A6,000005B3FFFFDD65
2026-09-25T16:41:58.258283+00:00,0x2A7,0000036400002B78
2026-09-25T16:41:58.258521+00:00,0x2A9,FFFF869200000000
2026-09-25T16:41:58.260311+00:00,0x2A1,0100020001000000
2026-09-25T16:41:58.262638+00:00,0x2A5,000007D1FFFF6D46
2026-09-25T16:41:58.262858+00:00,0x2A6,000005B3FFFFDD65
2026-09-25T16:41:58.263060+00:00,0x2A7,0000035E00002B75
2026-09-25T16:41:58.263304+00:00,0x2A9,FFFF869200000000
2026-09-25T16:41:58.265326+00:00,0x2A1,0100020001000000
2026-09-25T16:41:58.267480+00:00,0x2A5,000007DAFFFF6D43
2026-09-25T16:41:58.267682+00:00,0x2A6,000005B3FFFFDD6A
2026-09-25T16:41:58.267909+00:00,0x2A7,0000035E00002B68
2026-09-25T16:41:58.268105+00:00,0x2A9,FFFF869200000000
2026-09-25T16:41:58.270272+00:00,0x2A1,0100020001000000
2026-09-25T16:41:58.272637+00:00,0x2A5,000007DAFFFF6D43
2026-09-25T16:41:58.272856+00:00,0x2A6,000005B3FFFFDD6A
2026-09-25T16:41:58.273058+00:00,0x2A7,0000035500002B68
2026-09-25T16:41:58.273303+00:00,0x2A9,FFFF869000000000
2026-09-25T16:41:58.275310+00:00,0x2A1,0100020001000000
2026-09-25T16:41:58.277394+00:00,0x2A5,000007DFFFFF6D43
2026-09-25T16:41:58.277643+00:00,0x2A6,000005B3FFFFDD6C
2026-09-25T16:41:58.277862+00:00,0x2A7,0000035500002B68
2026-09-25T16:41:58.278103+00:00,0x2A9,FFFF869000000000
2026-09-25T16:41:58.281038+00:00,0x2A1,0100020001000000
2026-09-25T16:41:58.281238+00:00,0x2A5,000007E0FFFF6D43
2026-09-25T16:41:58.281478+00:00,0x2A6,000005B3FFFFDD6C
2026-09-25T16:41:58.281680+00:00,0x2A7,0000035500002B64
2026-09-25T16:41:58.281907+00:00,0x2A9,FFFF869000000000
2026-09-25T16:41:58.285435+00:00,0x2A1,0100020001000000
2026-09-25T16:41:58.287491+00:00,0x2A5,000007E2FFFF6D43
2026-09-25T16:41:58.287700+00:00,0x2A6,000005B3FFFFDD6C
2026-09-25T16:41:58.287951+00:00,0x2A7,0000035300002B5F
2026-09-25T16:41:58.288152+00:00,0x2A9,FFFF869000000000
2026-09-25T16:41:58.290311+00:00,0x2A1,0100020001000000
2026-09-25T16:41:58.293457+00:00,0x2A5,000007E2FFFF6D43
2026-09-25T16:41:58.293907+00:00,0x2A6,000005B3FFFFDD74
2026-09-25T16:41:58.294104+00:00,0x2A7,0000035300002B5F
2026-09-25T16:41:58.294856+00:00,0x2A9,FFFF868B00000000
2026-09-25T16:41:58.295277+00:00,0x2A1,0100020001000000
2026-09-25T16:41:58.297290+00:00,0x2A5,000007EAFFFF6D3F
2026-09-25T16:41:58.297492+00:00,0x2A6,000005B3FFFFDD74
2026-09-25T16:41:58.297829+00:00,0x2A7,0000034D00002B5D
2026-09-25T16:41:58.297951+00:00,0x2A9,FFFF868B00000000
2026-09-25T16:41:58.300244+00:00,0x2A1,0100020001000000
2026-09-25T16:41:58.302854+00:00,0x2A5,000007E5FFFF6D3F
2026-09-25T16:41:58.303101+00:00,0x2A6,000005B3FFFFDD76
2026-09-25T16:41:58.303346+00:00,0x2A7,0000034B00002B5D
2026-09-25T16:41:58.303540+00:00,0x2A9,FFFF868B00000000
2026-09-25T16:41:58.306564+00:00,0x2A1,0100020001000000
2026-09-25T16:41:58.306833+00:00,0x2A5,000007F2FFFF6D3F
2026-09-25T16:41:58.307081+00:00,0x2A6,000005B3FFFFDD76
2026-09-25T16:41:58.307281+00:00,0x2A7,0000034500002B56
2026-09-25T16:41:58.307583+00:00,0x2A9,FFFF868B00000000
2026-09-25T16:41:58.310371+00:00,0x2A1,0100020001000000
2026-09-25T16:41:58.313922+00:00,0x2A5,000007F2FFFF6D3F
2026-09-25T16:41:58.314226+00:00,0x2A6,000005B3FFFFDD7B
2026-09-25T16:41:58.314422+00:00,0x2A7,0000034500002B52
2026-09-25T16:41:58.314667+00:00,0x2A9,FFFF868B00000000
2026-09-25T16:41:58.315765+00:00,0x2A1,0100020001000000
2026-09-25T16:41:58.317867+00:00,0x2A5,000007F7FFFF6D3F
2026-09-25T16:41:58.317995+00:00,0x2A6,000005B3FFFFDD83
2026-09-25T16:41:58.318195+00:00,0x2A7,0000034500002B52
2026-09-25T16:41:58.318495+00:00,0x2A9,FFFF868B00000000
2026-09-25T16:41:58.320396+00:00,0x2A1,0100020001000000
2026-09-25T16:41:58.322692+00:00,0x2A5,000007F6FFFF6D3F
2026-09-25T16:41:58.322889+00:00,0x2A6,000005B3FFFFDD83
2026-09-25T16:41:58.323091+00:00,0x2A7,0000034300002B47
2026-09-25T16:41:58.323342+00:00,0x2A9,FFFF868B00000000
2026-09-25T16:41:58.326435+00:00,0x2A1,0100020001000000
2026-09-25T16:41:58.328540+00:00,0x2A5,000007F6FFFF6D3F
2026-09-25T16:41:58.328856+00:00,0x2A6,000005B3FFFFDD82
2026-09-25T16:41:58.328994+00:00,0x2A7,0000034300002B47
2026-09-25T16:41:58.329195+00:00,0x2A9,FFFF868B00000000
2026-09-25T16:41:58.330311+00:00,0x2A1,0100020001000000
2026-09-25T16:41:58.333103+00:00,0x2A5,000007F6FFFF6D3F
2026-09-25T16:41:58.333346+00:00,0x2A6,000005B3FFFFDD82
2026-09-25T16:41:58.333540+00:00,0x2A7,0000033D00002B47
2026-09-25T16:41:58.333831+00:00,0x2A9,FFFF868B00000000
2026-09-25T16:41:58.336221+00:00,0x2A1,0100020001000000
2026-09-25T16:41:58.336424+00:00,0x2A5,00000800FFFF6D3F
2026-09-25T16:41:58.336867+00:00,0x2A6,000005B3FFFFDD85
2026-09-25T16:41:58.336952+00:00,0x2A7,0000033D00002B47
2026-09-25T16:41:58.337152+00:00,0x2A9,FFFF868700000000
2026-09-25T16:41:58.340314+00:00,0x2A1,0100020001000000
2026-09-25T16:41:58.342637+00:00,0x2A5,00000800FFFF6D3F
2026-09-25T16:41:58.342856+00:00,0x2A6,000005B3FFFFDD85
2026-09-25T16:41:58.343101+00:00,0x2A7,0000033D00002B3F
2026-09-25T16:41:58.343302+00:00,0x2A9,FFFF868700000000
2026-09-25T16:41:58.345637+00:00,0x2A1,0100020001000000
2026-09-25T16:41:58.348058+00:00,0x2A5,00000800FFFF6D3F
2026-09-25T16:41:58.348303+00:00,0x2A6,000005B3FFFFDD8A
2026-09-25T16:41:58.348540+00:00,0x2A7,0000033400002B3F
2026-09-25T16:41:58.348831+00:00,0x2A9,FFFF868700000000
2026-09-25T16:41:58.350268+00:00,0x2A1,0100020001000000
2026-09-25T16:41:58.353080+00:00,0x2A5,0000080CFFFF6D3F
2026-09-25T16:41:58.353281+00:00,0x2A6,000005B3FFFFDD8A
2026-09-25T16:41:58.353518+00:00,0x2A7,0000033500002B3C
2026-09-25T16:41:58.353724+00:00,0x2A9,FFFF868700000000
2026-09-25T16:41:58.355410+00:00,0x2A1,0100020001000000
2026-09-25T16:41:58.358037+00:00,0x2A5,0000080EFFFF6D3F
2026-09-25T16:41:58.358281+00:00,0x2A6,000005B3FFFFDD8A
2026-09-25T16:41:58.358518+00:00,0x2A7,0000033500002B3C
2026-09-25T16:41:58.358724+00:00,0x2A9,FFFF868200000000
2026-09-25T16:41:58.360368+00:00,0x2A1,0100020001000000
2026-09-25T16:41:58.362832+00:00,0x2A5,0000080EFFFF6D3F
2026-09-25T16:41:58.363037+00:00,0x2A6,000005B3FFFFDD8A
2026-09-25T16:41:58.363281+00:00,0x2A7,0000033500002B3C
2026-09-25T16:41:58.363683+00:00,0x2A9,FFFF868200000000
2026-09-25T16:41:58.366832+00:00,0x2A1,0100020001000000
2026-09-25T16:41:58.368907+00:00,0x2A5,00000823FFFF6D3F
2026-09-25T16:41:58.369195+00:00,0x2A6,000005B3FFFFDD8A
2026-09-25T16:41:58.369392+00:00,0x2A7,0000032E00002B3A
2026-09-25T16:41:58.369637+00:00,0x2A9,FFFF868200000000
2026-09-25T16:41:58.370831+00:00,0x2A1,0100020001000000
2026-09-25T16:41:58.373045+00:00,0x2A5,00000827FFFF6D3C
2026-09-25T16:41:58.373238+00:00,0x2A6,000005B3FFFFDD8D
2026-09-25T16:41:58.373469+00:00,0x2A7,0000032E00002B35
2026-09-25T16:41:58.373680+00:00,0x2A9,FFFF868200000000
2026-09-25T16:41:58.375324+00:00,0x2A1,0100020001000000
2026-09-25T16:41:58.377834+00:00,0x2A5,00000827FFFF6D3C
2026-09-25T16:41:58.378080+00:00,0x2A6,000005B3FFFFDD8D
2026-09-25T16:41:58.378281+00:00,0x2A7,0000032E00002B35
2026-09-25T16:41:58.378519+00:00,0x2A9,FFFF868200000000
2026-09-25T16:41:58.380834+00:00,0x2A1,0100020001000000
2026-09-25T16:41:58.382951+00:00,0x2A5,0000082FFFFF6D3C
2026-09-25T16:41:58.383152+00:00,0x2A6,000005B3FFFFDD91
2026-09-25T16:41:58.383392+00:00,0x2A7,0000032E00002B35
2026-09-25T16:41:58.383594+00:00,0x2A9,FFFF868200000000
2026-09-25T16:41:58.386238+00:00,0x2A1,0100020001000000
2026-09-25T16:41:58.388237+00:00,0x2A5,00000832FFFF6D3C
2026-09-25T16:41:58.388434+00:00,0x2A6,000005B3FFFFDD91
2026-09-25T16:41:58.388679+00:00,0x2A7,0000032600002B2D
2026-09-25T16:41:58.388907+00:00,0x2A9,FFFF868200000000
2026-09-25T16:41:58.391951+00:00,0x2A1,0100020001000000
2026-09-25T16:41:58.392152+00:00,0x2A5,00000836FFFF6D3A
2026-09-25T16:41:58.392392+00:00,0x2A6,000005B3FFFFDD91
2026-09-25T16:41:58.392636+00:00,0x2A7,0000032600002B2A
2026-09-25T16:41:58.392856+00:00,0x2A9,FFFF868200000000
2026-09-25T16:41:58.395303+00:00,0x2A1,0100020001000000
2026-09-25T16:41:58.397596+00:00,0x2A5,00000836FFFF6D3A
2026-09-25T16:41:58.397841+00:00,0x2A6,000005B3FFFFDD91
2026-09-25T16:41:58.398038+00:00,0x2A7,0000032400002B2A
2026-09-25T16:41:58.398238+00:00,0x2A9,FFFF868200000000
2026-09-25T16:41:58.400268+00:00,0x2A1,0100020001000000
2026-09-25T16:41:58.403469+00:00,0x2A5,00000838FFFF6D3A
2026-09-25T16:41:58.403680+00:00,0x2A6,000005B3FFFFDD91
2026-09-25T16:41:58.404105+00:00,0x2A7,0000032400002B2A
2026-09-25T16:41:58.404324+00:00,0x2A9,FFFF867E00000000
2026-09-25T16:41:58.406435+00:00,0x2A1,0100020001000000
2026-09-25T16:41:58.408832+00:00,0x2A5,0000083EFFFF6D37
2026-09-25T16:41:58.409080+00:00,0x2A6,000005B3FFFFDD93
2026-09-25T16:41:58.409324+00:00,0x2A7,0000031E00002B2A
2026-09-25T16:41:58.409614+00:00,0x2A9,FFFF867E00000000
2026-09-25T16:41:58.410324+00:00,0x2A1,0100020001000000
2026-09-25T16:41:58.412267+00:00,0x2A5,0000083EFFFF6D37
2026-09-25T16:41:58.412501+00:00,0x2A6,000005B3FFFFDD93
2026-09-25T16:41:58.412707+00:00,0x2A7,0000031E00002B23
2026-09-25T16:41:58.413063+00:00,0x2A9,FFFF867E00000000
2026-09-25T16:41:58.415981+00:00,0x2A1,0100020001000000
2026-09-25T16:41:58.418483+00:00,0x2A5,00000842FFFF6D37
2026-09-25T16:41:58.418852+00:00,0x2A6,000005B3FFFFDD98
2026-09-25T16:41:58.419027+00:00,0x2A7,0000031E00002B23
2026-09-25T16:41:58.419266+00:00,0x2A9,FFFF867E00000000
2026-09-25T16:41:58.420367+00:00,0x2A1,0100020001000000
2026-09-25T16:41:58.422855+00:00,0x2A5,00000846FFFF6D37
2026-09-25T16:41:58.423213+00:00,0x2A6,000005B3FFFFDD98
2026-09-25T16:41:58.423470+00:00,0x2A7,0000031E00002B24
2026-09-25T16:41:58.423719+00:00,0x2A9,FFFF867E00000000
2026-09-25T16:41:58.426518+00:00,0x2A1,0100020001000000
2026-09-25T16:41:58.428595+00:00,0x2A5,00000846FFFF6D37
2026-09-25T16:41:58.428841+00:00,0x2A6,000005B3FFFFDD98
2026-09-25T16:41:58.429037+00:00,0x2A7,0000031700002B23
2026-09-25T16:41:58.429280+00:00,0x2A9,FFFF867900000000
2026-09-25T16:41:58.430354+00:00,0x2A1,0100020001000000
2026-09-25T16:41:58.432540+00:00,0x2A5,00000846FFFF6D37
2026-09-25T16:41:58.432830+00:00,0x2A6,000005B3FFFFDD98
2026-09-25T16:41:58.432993+00:00,0x2A7,0000031700002B23
2026-09-25T16:41:58.433195+00:00,0x2A9,FFFF867900000000
2026-09-25T16:41:58.435855+00:00,0x2A1,0100020001000000
2026-09-25T16:41:58.437907+00:00,0x2A5,00000852FFFF6D37
2026-09-25T16:41:58.438104+00:00,0x2A6,000005B3FFFFDDA0
2026-09-25T16:41:58.438389+00:00,0x2A7,0000031800002B1C
2026-09-25T16:41:58.438591+00:00,0x2A9,FFFF867900000000
2026-09-25T16:41:58.440278+00:00,0x2A1,0100020001000000
2026-09-25T16:41:58.442591+00:00,0x2A5,00000858FFFF6D37
2026-09-25T16:41:58.442870+00:00,0x2A6,000005B3FFFFDDA0
2026-09-25T16:41:58.442993+00:00,0x2A7,0000031800002B1C
2026-09-25T16:41:58.443237+00:00,0x2A9,FFFF867900000000
2026-09-25T16:41:58.446832+00:00,0x2A1,0100020001000000
2026-09-25T16:41:58.449540+00:00,0x2A5,00000858FFFF6D36
2026-09-25T16:41:58.449831+00:00,0x2A6,000005B3FFFFDDA7
2026-09-25T16:41:58.449950+00:00,0x2A7,0000031800002B1C
2026-09-25T16:41:58.450195+00:00,0x2A9,FFFF867900000000
2026-09-25T16:41:58.450435+00:00,0x2A1,0100020001000000
2026-09-25T16:41:58.453195+00:00,0x2A5,00000857FFFF6D36
2026-09-25T16:41:58.453392+00:00,0x2A6,000005B3FFFFDDAE
2026-09-25T16:41:58.453594+00:00,0x2A7,0000031800002B19
2026-09-25T16:41:58.453834+00:00,0x2A9,FFFF867900000000
2026-09-25T16:41:58.455278+00:00,0x2A1,0100020001000000
2026-09-25T16:41:58.457435+00:00,0x2A5,0000085EFFFF6D33
2026-09-25T16:41:58.457680+00:00,0x2A6,000005B3FFFFDDAD
2026-09-25T16:41:58.457907+00:00,0x2A7,0000031000002B19
2026-09-25T16:41:58.458103+00:00,0x2A9,FFFF867900000000
2026-09-25T16:41:58.460291+00:00,0x2A1,0100020001000000
2026-09-25T16:41:58.462348+00:00,0x2A5,0000085EFFFF6D33
2026-09-25T16:41:58.462552+00:00,0x2A6,000005B3FFFFDDAD
2026-09-25T16:41:58.462841+00:00,0x2A7,0000030900002B15
2026-09-25T16:41:58.462994+00:00,0x2A9,FFFF867900000000
2026-09-25T16:41:58.465863+00:00,0x2A1,0100020001000000
2026-09-25T16:41:58.469152+00:00,0x2A5,0000085EFFFF6D33
2026-09-25T16:41:58.469392+00:00,0x2A6,000005B3FFFFDDB4
2026-09-25T16:41:58.469593+00:00,0x2A7,0000030900002B15
2026-09-25T16:41:58.469856+00:00,0x2A9,FFFF867900000000
2026-09-25T16:41:58.471435+00:00,0x2A1,0100020001000000
2026-09-25T16:41:58.474562+00:00,0x2A5,00000861FFFF6D33
2026-09-25T16:41:58.474832+00:00,0x2A6,000005B3FFFFDDB4
2026-09-25T16:41:58.475044+00:00,0x2A7,0000030900002B15
2026-09-25T16:41:58.475323+00:00,0x2A9,FFFF867900000000
2026-09-25T16:41:58.475614+00:00,0x2A1,0100020001000000
2026-09-25T16:41:58.477832+00:00,0x2A5,00000863FFFF6D33
2026-09-25T16:41:58.478079+00:00,0x2A6,000005B3FFFFDDB4
2026-09-25T16:41:58.478323+00:00,0x2A7,0000030900002B15
2026-09-25T16:41:58.478562+00:00,0x2A9,FFFF867900000000
2026-09-25T16:41:58.480285+00:00,0x2A1,0100020001000000
2026-09-25T16:41:58.482518+00:00,0x2A5,00000863FFFF6D33
2026-09-25T16:41:58.482723+00:00,0x2A6,000005B3FFFFDDB6
2026-09-25T16:41:58.482951+00:00,0x2A7,0000030900002B15
2026-09-25T16:41:58.483195+00:00,0x2A9,FFFF867500000000
2026-09-25T16:41:58.486548+00:00,0x2A1,0100020001000000
2026-09-25T16:41:58.488591+00:00,0x2A5,00000866FFFF6D33
2026-09-25T16:41:58.488832+00:00,0x2A6,000005B3FFFFDDBB
2026-09-25T16:41:58.488993+00:00,0x2A7,0000030900002B0E
2026-09-25T16:41:58.489238+00:00,0x2A9,FFFF867500000000
2026-09-25T16:41:58.491103+00:00,0x2A1,0100020001000000
2026-09-25T16:41:58.493104+00:00,0x2A5,00000868FFFF6D31
2026-09-25T16:41:58.493540+00:00,0x2A6,000005B3FFFFDDBB
2026-09-25T16:41:58.493994+00:00,0x2A7,0000030200002B0E
2026-09-25T16:41:58.494435+00:00,0x2A9,FFFF867500000000
2026-09-25T16:41:58.495267+00:00,0x2A1,0100020001000000
2026-09-25T16:41:58.497346+00:00,0x2A5,00000868FFFF6D31
2026-09-25T16:41:58.497540+00:00,0x2A6,000005B3FFFFDDBB
2026-09-25T16:41:58.497831+00:00,0x2A7,0000030100002B0E
2026-09-25T16:41:58.497993+00:00,0x2A9,FFFF867500000000
2026-09-25T16:41:58.500310+00:00,0x2A1,0100020001000000
2026-09-25T16:41:58.502636+00:00,0x2A5,00000868FFFF6D31
2026-09-25T16:41:58.502856+00:00,0x2A6,000005B3FFFFDDBB
2026-09-25T16:41:58.503057+00:00,0x2A7,0000030100002B0E
2026-09-25T16:41:58.503302+00:00,0x2A9,FFFF867500000000
2026-09-25T16:41:58.506595+00:00,0x2A1,0100020001000000
2026-09-25T16:41:58.508594+00:00,0x2A5,0000086BFFFF6D2E
2026-09-25T16:41:58.508833+00:00,0x2A6,000005B3FFFFDDBB
2026-09-25T16:41:58.509037+00:00,0x2A7,0000030100002B0E
2026-09-25T16:41:58.509280+00:00,0x2A9,FFFF867500000000
2026-09-25T16:41:58.510267+00:00,0x2A1,0100020001000000
2026-09-25T16:41:58.513303+00:00,0x2A5,0000086DFFFF6D2E
2026-09-25T16:41:58.513540+00:00,0x2A6,000005B3FFFFDDBB
2026-09-25T16:41:58.513830+00:00,0x2A7,0000030100002B0A
2026-09-25T16:41:58.513994+00:00,0x2A9,FFFF867500000000
2026-09-25T16:41:58.515277+00:00,0x2A1,0100020001000000
2026-09-25T16:41:58.517593+00:00,0x2A5,0000086DFFFF6D2E
2026-09-25T16:41:58.517833+00:00,0x2A6,000005B3FFFFDDBB
2026-09-25T16:41:58.518036+00:00,0x2A7,000002FC00002B0A
2026-09-25T16:41:58.518238+00:00,0x2A9,FFFF867500000000
2026-09-25T16:41:58.520293+00:00,0x2A1,0100020001000000
2026-09-25T16:41:58.522477+00:00,0x2A5,0000086FFFFF6D2E
2026-09-25T16:41:58.522680+00:00,0x2A6,000005B3FFFFDDBB
2026-09-25T16:41:58.522951+00:00,0x2A7,000002FC00002B0A
2026-09-25T16:41:58.523437+00:00,0x2A9,FFFF867500000000
2026-09-25T16:41:58.525323+00:00,0x2A1,0100020001000000
2026-09-25T16:41:58.528019+00:00,0x2A5,0000086FFFFF6D2E
2026-09-25T16:41:58.528194+00:00,0x2A6,000005B3FFFFDDBB
2026-09-25T16:41:58.528434+00:00,0x2A7,000002FC00002B0A
2026-09-25T16:41:58.528723+00:00,0x2A9,FFFF867000000000
2026-09-25T16:41:58.531323+00:00,0x2A1,0100020001000000
2026-09-25T16:41:58.534518+00:00,0x2A5,0000086FFFFF6D2D
2026-09-25T16:41:58.534857+00:00,0x2A6,000005B3FFFFDDBB
2026-09-25T16:41:58.534994+00:00,0x2A7,000002FC00002B07
2026-09-25T16:41:58.535237+00:00,0x2A9,FFFF867000000000
2026-09-25T16:41:58.537194+00:00,0x2A1,0100020001000000
2026-09-25T16:41:58.539280+00:00,0x2A5,0000086FFFFF6D2D
2026-09-25T16:41:58.539518+00:00,0x2A6,000005B3FFFFDDBD
2026-09-25T16:41:58.539724+00:00,0x2A7,000002FC00002B07
2026-09-25T16:41:58.539993+00:00,0x2A9,FFFF867000000000
2026-09-25T16:41:58.540281+00:00,0x2A1,0100020001000000
2026-09-25T16:41:58.542570+00:00,0x2A5,00000874FFFF6D2D
2026-09-25T16:41:58.542831+00:00,0x2A6,000005B3FFFFDDBD
2026-09-25T16:41:58.542993+00:00,0x2A7,000002FC00002B07
2026-09-25T16:41:58.543237+00:00,0x2A9,FFFF867000000000
2026-09-25T16:41:58.548100+00:00,0x2A1,0100020001000000
2026-09-25T16:41:58.548302+00:00,0x2A5,00000874FFFF6D2A
2026-09-25T16:41:58.548491+00:00,0x2A6,000005B3FFFFDDBE
2026-09-25T16:41:58.548854+00:00,0x2A7,000002FC00002B03
2026-09-25T16:41:58.548993+00:00,0x2A9,FFFF867000000000
2026-09-25T16:41:58.551862+00:00,0x2A1,0100020001000000
2026-09-25T16:41:58.554280+00:00,0x2A5,00000874FFFF6D2A
2026-09-25T16:41:58.554518+00:00,0x2A6,000005B3FFFFDDBE
2026-09-25T16:41:58.554857+00:00,0x2A7,000002FC00002B03
2026-09-25T16:41:58.555079+00:00,0x2A9,FFFF867000000000
2026-09-25T16:41:58.556143+00:00,0x2A1,0100020001000000
2026-09-25T16:41:58.559994+00:00,0x2A5,00000874FFFF6D2A
2026-09-25T16:41:58.560306+00:00,0x2A6,000005B3FFFFDDBE
2026-09-25T16:41:58.560518+00:00,0x2A7,000002F800002B03
2026-09-25T16:41:58.560839+00:00,0x2A9,FFFF867000000000
2026-09-25T16:41:58.561080+00:00,0x2A1,0100020001000000
2026-09-25T16:41:58.563323+00:00,0x2A5,00000876FFFF6D2A
2026-09-25T16:41:58.563570+00:00,0x2A6,000005B3FFFFDDC3
2026-09-25T16:41:58.563832+00:00,0x2A7,000002F800002B00
2026-09-25T16:41:58.564036+00:00,0x2A9,FFFF867000000000
2026-09-25T16:41:58.565681+00:00,0x2A1,0100020001000000
2026-09-25T16:41:58.569477+00:00,0x2A5,00000876FFFF6D2A
2026-09-25T16:41:58.569722+00:00,0x2A6,000005B3FFFFDDC3
2026-09-25T16:41:58.569993+00:00,0x2A7,000002F400002B00
2026-09-25T16:41:58.570237+00:00,0x2A9,FFFF867000000000
2026-09-25T16:41:58.571697+00:00,0x2A1,0100020001000000
2026-09-25T16:41:58.573834+00:00,0x2A5,00000876FFFF6D2A
2026-09-25T16:41:58.574036+00:00,0x2A6,000005B3FFFFDDC2
2026-09-25T16:41:58.574280+00:00,0x2A7,000002F400002B00
2026-09-25T16:41:58.574518+00:00,0x2A9,FFFF867000000000
2026-09-25T16:41:58.575853+00:00,0x2A1,0100020001000000
2026-09-25T16:41:58.579827+00:00,0x2A5,00000879FFFF6D2A
2026-09-25T16:41:58.580069+00:00,0x2A6,000005B3FFFFDDC2
2026-09-25T16:41:58.580310+00:00,0x2A7,000002F400002B00
2026-09-25T16:41:58.580544+00:00,0x2A9,FFFF867000000000
2026-09-25T16:41:58.581854+00:00,0x2A1,0100020001000000
2026-09-25T16:41:58.585064+00:00,0x2A5,0000087AFFFF6D2A
2026-09-25T16:41:58.585452+00:00,0x2A6,000005B3FFFFDDC2
2026-09-25T16:41:58.585857+00:00,0x2A7,000002F400002AFC
2026-09-25T16:41:58.586165+00:00,0x2A9,FFFF867000000000
2026-09-25T16:41:58.586826+00:00,0x2A1,0100020001000000
2026-09-25T16:41:58.589143+00:00,0x2A5,0000087AFFFF6D2A
2026-09-25T16:41:58.589431+00:00,0x2A6,000005B3FFFFDDC2
2026-09-25T16:41:58.589855+00:00,0x2A7,000002F400002AFC
2026-09-25T16:41:58.590114+00:00,0x2A9,FFFF867000000000
2026-09-25T16:41:58.593021+00:00,0x2A1,0100020001000000
2026-09-25T16:41:58.596872+00:00,0x2A5,0000087AFFFF6D2A
2026-09-25T16:41:58.597155+00:00,0x2A6,000005B3FFFFDDC2
2026-09-25T16:41:58.597444+00:00,0x2A7,000002F400002AFC
2026-09-25T16:41:58.597727+00:00,0x2A9,FFFF867000000000
2026-09-25T16:41:58.598993+00:00,0x2A1,0100020001000000
2026-09-25T16:41:58.601452+00:00,0x2A5,0000087DFFFF6D2A
2026-09-25T16:41:58.601699+00:00,0x2A6,000005B3FFFFDDC2
2026-09-25T16:41:58.601950+00:00,0x2A7,000002F400002AFC
2026-09-25T16:41:58.602434+00:00,0x2A9,FFFF867000000000
2026-09-25T16:41:58.602722+00:00,0x2A1,0100020001000000
2026-09-25T16:41:58.604993+00:00,0x2A5,0000087DFFFF6D2A
2026-09-25T16:41:58.605609+00:00,0x2A6,000005B3FFFFDDC2
2026-09-25T16:41:58.605869+00:00,0x2A7,000002F400002AFC
2026-09-25T16:41:58.606225+00:00,0x2A9,FFFF867000000000
2026-09-25T16:41:58.607434+00:00,0x2A1,0100020001000000
2026-09-25T16:41:58.611279+00:00,0x2A5,0000087DFFFF6D2A
2026-09-25T16:41:58.611527+00:00,0x2A6,000005B3FFFFDDC2
2026-09-25T16:41:58.611853+00:00,0x2A7,000002F000002AF9
2026-09-25T16:41:58.612069+00:00,0x2A9,FFFF867000000000
2026-09-25T16:41:58.613152+00:00,0x2A1,0100020001000000
2026-09-25T16:41:58.616368+00:00,0x2A5,0000087DFFFF6D2A
2026-09-25T16:41:58.616610+00:00,0x2A6,000005B3FFFFDDC2
2026-09-25T16:41:58.616893+00:00,0x2A7,000002F000002AF9
2026-09-25T16:41:58.617152+00:00,0x2A9,FFFF866D00000000
2026-09-25T16:41:58.618260+00:00,0x2A1,0100020001000000
2026-09-25T16:41:58.620614+00:00,0x2A5,00000882FFFF6D2A
2026-09-25T16:41:58.620958+00:00,0x2A6,000005B3FFFFDDC2
2026-09-25T16:41:58.621196+00:00,0x2A7,000002F000002AF9
2026-09-25T16:41:58.621479+00:00,0x2A9,FFFF866D00000000
2026-09-25T16:41:58.621856+00:00,0x2A1,0100020001000000
2026-09-25T16:41:58.622081+00:00,0x2A5,00000882FFFF6D2A
2026-09-25T16:41:58.622325+00:00,0x2A6,000005B3FFFFDDC2
2026-09-25T16:41:58.622572+00:00,0x2A7,000002F000002AF9
2026-09-25T16:41:58.624474+00:00,0x2A9,FFFF866D00000000
2026-09-25T16:41:58.626332+00:00,0x2A1,0100020001000000
2026-09-25T16:41:58.627995+00:00,0x2A5,00000882FFFF6D2A
2026-09-25T16:41:58.628197+00:00,0x2A6,000005B3FFFFDDC2
2026-09-25T16:41:58.628437+00:00,0x2A7,000002F000002AF5
2026-09-25T16:41:58.628636+00:00,0x2A9,FFFF866D00000000
2026-09-25T16:41:58.630724+00:00,0x2A1,0100020001000000
2026-09-25T16:41:58.632843+00:00,0x2A5,00000882FFFF6D28
2026-09-25T16:41:58.633039+00:00,0x2A6,000005B3FFFFDDC2
2026-09-25T16:41:58.633240+00:00,0x2A7,000002F000002AF5
2026-09-25T16:41:58.633476+00:00,0x2A9,FFFF866D00000000
2026-09-25T16:41:58.636196+00:00,0x2A1,0100020001000000
2026-09-25T16:41:58.638940+00:00,0x2A5,00000884FFFF6D25
2026-09-25T16:41:58.639243+00:00,0x2A6,000005B3FFFFDDC2
2026-09-25T16:41:58.639481+00:00,0x2A7,000002EB00002AF5
2026-09-25T16:41:58.640526+00:00,0x2A9,FFFF866D00000000
2026-09-25T16:41:58.640829+00:00,0x2A1,0100020001000000
2026-09-25T16:41:58.641287+00:00,0x2A5,00000884FFFF6D25
2026-09-25T16:41:58.643282+00:00,0x2A6,000005B3FFFFDDC2
2026-09-25T16:41:58.643833+00:00,0x2A7,000002EB00002AF5
2026-09-25T16:41:58.644038+00:00,0x2A9,FFFF866D00000000
2026-09-25T16:41:58.645308+00:00,0x2A1,0100020001000000
2026-09-25T16:41:58.646301+00:00,0x2A5,00000887FFFF6D22
2026-09-25T16:41:58.647686+00:00,0x2A6,000005B3FFFFDDC5
2026-09-25T16:41:58.647953+00:00,0x2A7,000002EB00002AF5
2026-09-25T16:41:58.648196+00:00,0x2A9,FFFF866D00000000
2026-09-25T16:41:58.652196+00:00,0x2A1,0100020001000000
2026-09-25T16:41:58.654239+00:00,0x2A5,00000887FFFF6D20
2026-09-25T16:41:58.654436+00:00,0x2A6,000005B3FFFFDDC5
2026-09-25T16:41:58.654682+00:00,0x2A7,000002EB00002AF5
2026-09-25T16:41:58.654909+00:00,0x2A9,FFFF866D00000000
2026-09-25T16:41:58.655858+00:00,0x2A1,0100020001000000
2026-09-25T16:41:58.657995+00:00,0x2A5,00000887FFFF6D1E
2026-09-25T16:41:58.658240+00:00,0x2A6,000005B3FFFFDDC5
2026-09-25T16:41:58.658640+00:00,0x2A7,000002EB00002AF5
2026-09-25T16:41:58.658834+00:00,0x2A9,FFFF866D00000000
2026-09-25T16:41:58.660260+00:00,0x2A1,0100020001000000
2026-09-25T16:41:58.662393+00:00,0x2A5,00000887FFFF6D1E
2026-09-25T16:41:58.662595+00:00,0x2A6,000005B3FFFFDDC5
2026-09-25T16:41:58.662835+00:00,0x2A7,000002EB00002AF5
2026-09-25T16:41:58.663038+00:00,0x2A9,FFFF866D00000000
2026-09-25T16:41:58.665286+00:00,0x2A1,0100020001000000
2026-09-25T16:41:58.669679+00:00,0x2A5,00000887FFFF6D1B
2026-09-25T16:41:58.669907+00:00,0x2A6,000005B3FFFFDDC5
2026-09-25T16:41:58.670152+00:00,0x2A7,000002E700002AF5
2026-09-25T16:41:58.670348+00:00,0x2A9,FFFF866D00000000
2026-09-25T16:41:58.671469+00:00,0x2A1,0100020001000000
2026-09-25T16:41:58.674057+00:00,0x2A5,00000889FFFF6D1B
2026-09-25T16:41:58.674302+00:00,0x2A6,000005B3FFFFDDC5
2026-09-25T16:41:58.674491+00:00,0x2A7,000002E700002AF1
2026-09-25T16:41:58.674699+00:00,0x2A9,FFFF866D00000000
2026-09-25T16:41:58.675277+00:00,0x2A1,0100020001000000
2026-09-25T16:41:58.677302+00:00,0x2A5,00000893FFFF6D1B
2026-09-25T16:41:58.677491+00:00,0x2A6,000005B3FFFFDDC5
2026-09-25T16:41:58.677836+00:00,0x2A7,000002E700002AF1
2026-09-25T16:41:58.677950+00:00,0x2A9,FFFF866700000000
2026-09-25T16:41:58.680723+00:00,0x2A1,0100020001000000
2026-09-25T16:41:58.682950+00:00,0x2A5,00000893FFFF6D1B
2026-09-25T16:41:58.683194+00:00,0x2A6,000005B3FFFFDDC5
2026-09-25T16:41:58.683391+00:00,0x2A7,000002E700002AF1
2026-09-25T16:41:58.683636+00:00,0x2A9,FFFF866700000000
2026-09-25T16:41:58.685627+00:00,0x2A1,0100020001000000
2026-09-25T16:41:58.688469+00:00,0x2A5,00000893FFFF6D1B
2026-09-25T16:41:58.688679+00:00,0x2A6,000005B3FFFFDDC5
2026-09-25T16:41:58.688907+00:00,0x2A7,000002E700002AF1
2026-09-25T16:41:58.689151+00:00,0x2A9,FFFF866800000000
2026-09-25T16:41:58.690323+00:00,0x2A1,0100020001000000
2026-09-25T16:41:58.693518+00:00,0x2A5,00000894FFFF6D1B
2026-09-25T16:41:58.693859+00:00,0x2A6,000005B3FFFFDDC9
2026-09-25T16:41:58.694036+00:00,0x2A7,000002E700002AF1
2026-09-25T16:41:58.694324+00:00,0x2A9,FFFF866800000000
2026-09-25T16:41:58.695323+00:00,0x2A1,0100020001000000
2026-09-25T16:41:58.697152+00:00,0x2A5,00000894FFFF6D1B
2026-09-25T16:41:58.697392+00:00,0x2A6,000005B3FFFFDDC9
2026-09-25T16:41:58.697637+00:00,0x2A7,000002E700002AEE
2026-09-25T16:41:58.697855+00:00,0x2A9,FFFF866800000000
2026-09-25T16:41:58.700350+00:00,0x2A1,0100020001000000
2026-09-25T16:41:58.702994+00:00,0x2A5,0000089BFFFF6D1B
2026-09-25T16:41:58.703238+00:00,0x2A6,000005B3FFFFDDC9
2026-09-25T16:41:58.703479+00:00,0x2A7,000002E700002AEE
2026-09-25T16:41:58.703723+00:00,0x2A9,FFFF866800000000
2026-09-25T16:41:58.705343+00:00,0x2A1,0100020001000000
2026-09-25T16:41:58.708282+00:00,0x2A5,00000897FFFF6D1B
2026-09-25T16:41:58.710325+00:00,0x2A6,000005B3FFFFDDC9
2026-09-25T16:41:58.710572+00:00,0x2A7,000002E700002AEE
2026-09-25T16:41:58.710834+00:00,0x2A9,FFFF866800000000
2026-09-25T16:41:58.711081+00:00,0x2A1,0100020001000000
2026-09-25T16:41:58.713153+00:00,0x2A5,0000089CFFFF6D1B
2026-09-25T16:41:58.713393+00:00,0x2A6,000005B3FFFFDDC9
2026-09-25T16:41:58.713595+00:00,0x2A7,000002E700002AEE
2026-09-25T16:41:58.714436+00:00,0x2A9,FFFF866800000000
2026-09-25T16:41:58.715541+00:00,0x2A1,0100020001000000
2026-09-25T16:41:58.717638+00:00,0x2A5,0000089CFFFF6D1B
2026-09-25T16:41:58.717858+00:00,0x2A6,000005B3FFFFDDC9
2026-09-25T16:41:58.718059+00:00,0x2A7,000002E700002AEE
2026-09-25T16:41:58.718304+00:00,0x2A9,FFFF866800000000
2026-09-25T16:41:58.720310+00:00,0x2A1,0100020001000000
2026-09-25T16:41:58.722546+00:00,0x2A5,0000089DFFFF6D1B
2026-09-25T16:41:58.722843+00:00,0x2A6,000005B3FFFFDDC9
2026-09-25T16:41:58.722996+00:00,0x2A7,000002E200002AEE
2026-09-25T16:41:58.723240+00:00,0x2A9,FFFF866800000000
2026-09-25T16:41:58.725286+00:00,0x2A1,0100020001000000
2026-09-25T16:41:58.727394+00:00,0x2A5,0000089DFFFF6D1B
2026-09-25T16:41:58.727595+00:00,0x2A6,000005B3FFFFDDC9
2026-09-25T16:41:58.727835+00:00,0x2A7,000002E200002AEE
2026-09-25T16:41:58.728039+00:00,0x2A9,FFFF866800000000
2026-09-25T16:41:58.730395+00:00,0x2A1,0100020001000000
2026-09-25T16:41:58.732857+00:00,0x2A5,0000089DFFFF6D1B
2026-09-25T16:41:58.733305+00:00,0x2A6,000005B3FFFFDDC9
2026-09-25T16:41:58.733493+00:00,0x2A7,000002E200002AEE
2026-09-25T16:41:58.733855+00:00,0x2A9,FFFF866800000000
2026-09-25T16:41:58.735829+00:00,0x2A1,0100020001000000
2026-09-25T16:41:58.737952+00:00,0x2A5,0000089DFFFF6D1B
2026-09-25T16:41:58.738153+00:00,0x2A6,000005B3FFFFDDC9
2026-09-25T16:41:58.738393+00:00,0x2A7,000002E200002AEE
2026-09-25T16:41:58.738595+00:00,0x2A9,FFFF866800000000
2026-09-25T16:41:58.740280+00:00,0x2A1,0100020001000000
2026-09-25T16:41:58.742393+00:00,0x2A5,0000089DFFFF6D1B
2026-09-25T16:41:58.742595+00:00,0x2A6,000005B3FFFFDDC9
2026-09-25T16:41:58.742835+00:00,0x2A7,000002E200002AEE
2026-09-25T16:41:58.743038+00:00,0x2A9,FFFF866800000000
2026-09-25T16:41:58.747576+00:00,0x2A1,0100020001000000
2026-09-25T16:41:58.748952+00:00,0x2A5,000008A0FFFF6D1B
2026-09-25T16:41:58.749153+00:00,0x2A6,000005B3FFFFDDC9
2026-09-25T16:41:58.749351+00:00,0x2A7,000002E200002AEA
2026-09-25T16:41:58.749598+00:00,0x2A9,FFFF866800000000
2026-09-25T16:41:58.752390+00:00,0x2A1,0100020001000000
2026-09-25T16:41:58.755436+00:00,0x2A5,000008A0FFFF6D1B
2026-09-25T16:41:58.755724+00:00,0x2A6,000005B3FFFFDDC9
2026-09-25T16:41:58.756038+00:00,0x2A7,000002E200002AEA
2026-09-25T16:41:58.756325+00:00,0x2A9,FFFF866800000000
2026-09-25T16:41:58.756572+00:00,0x2A1,0100020001000000
2026-09-25T16:41:58.758476+00:00,0x2A5,000008A0FFFF6D1B
2026-09-25T16:41:58.758996+00:00,0x2A6,000005B3FFFFDDC9
2026-09-25T16:41:58.759239+00:00,0x2A7,000002E200002AEA
2026-09-25T16:41:58.759479+00:00,0x2A9,FFFF866800000000
2026-09-25T16:41:58.760978+00:00,0x2A1,0100020001000000
2026-09-25T16:41:58.763390+00:00,0x2A5,000008A0FFFF6D1B
2026-09-25T16:41:58.763637+00:00,0x2A6,000005B3FFFFDDC9
2026-09-25T16:41:58.763834+00:00,0x2A7,000002E200002AEA
2026-09-25T16:41:58.764081+00:00,0x2A9,FFFF866800000000
2026-09-25T16:41:58.765272+00:00,0x2A1,0100020001000000
2026-09-25T16:41:58.767832+00:00,0x2A5,000008A0FFFF6D1B
2026-09-25T16:41:58.768038+00:00,0x2A6,000005B3FFFFDDC9
2026-09-25T16:41:58.768239+00:00,0x2A7,000002E200002AEA
2026-09-25T16:41:58.768479+00:00,0x2A9,FFFF866800000000
2026-09-25T16:41:58.771239+00:00,0x2A1,0100020001000000
2026-09-25T16:41:58.773952+00:00,0x2A5,000008A0FFFF6D1B
2026-09-25T16:41:58.774196+00:00,0x2A6,000005B3FFFFDDC9
2026-09-25T16:41:58.774393+00:00,0x2A7,000002E200002AEA
2026-09-25T16:41:58.774638+00:00,0x2A9,FFFF866800000000
2026-09-25T16:41:58.775261+00:00,0x2A1,0100020001000000
2026-09-25T16:41:58.777436+00:00,0x2A5,000008A0FFFF6D1B
2026-09-25T16:41:58.777681+00:00,0x2A6,000005B3FFFFDDC9
2026-09-25T16:41:58.777909+00:00,0x2A7,000002E200002AE7
2026-09-25T16:41:58.778105+00:00,0x2A9,FFFF866800000000
2026-09-25T16:41:58.780324+00:00,0x2A1,0100020001000000
2026-09-25T16:41:58.782542+00:00,0x2A5,000008A0FFFF6D1B
2026-09-25T16:41:58.782833+00:00,0x2A6,000005B3FFFFDDC9
2026-09-25T16:41:58.782995+00:00,0x2A7,000002E200002AE7
2026-09-25T16:41:58.783239+00:00,0x2A9,FFFF866800000000
2026-09-25T16:41:58.785271+00:00,0x2A1,0100020001000000
2026-09-25T16:41:58.787520+00:00,0x2A5,000008A0FFFF6D1B
2026-09-25T16:41:58.787833+00:00,0x2A6,000005B3FFFFDDC9
2026-09-25T16:41:58.787995+00:00,0x2A7,000002E200002AE7
2026-09-25T16:41:58.788239+00:00,0x2A9,FFFF866800000000
2026-09-25T16:41:58.790995+00:00,0x2A1,0100020001000000
2026-09-25T16:41:58.792952+00:00,0x2A5,000008A0FFFF6D1B
2026-09-25T16:41:58.793196+00:00,0x2A6,000005B3FFFFDDC9
2026-09-25T16:41:58.793393+00:00,0x2A7,000002E200002AE7
2026-09-25T16:41:58.793638+00:00,0x2A9,FFFF866800000000
2026-09-25T16:41:58.795268+00:00,0x2A1,0100020001000000
2026-09-25T16:41:58.797541+00:00,0x2A5,000008A0FFFF6D1B
2026-09-25T16:41:58.797832+00:00,0x2A6,000005B3FFFFDDC9
2026-09-25T16:41:58.797995+00:00,0x2A7,000002E200002AE7
2026-09-25T16:41:58.798239+00:00,0x2A9,FFFF866800000000
2026-09-25T16:41:58.800294+00:00,0x2A1,0100020001000000
2026-09-25T16:41:58.801638+00:00,0x2A5,000008A0FFFF6D1B
2026-09-25T16:41:58.801857+00:00,0x2A6,000005B3FFFFDDC9
2026-09-25T16:41:58.802102+00:00,0x2A7,000002E200002AE7
2026-09-25T16:41:58.802347+00:00,0x2A9,FFFF866800000000
2026-09-25T16:41:58.805329+00:00,0x2A1,0100020001000000
2026-09-25T16:41:58.809572+00:00,0x2A5,000008A0FFFF6D1B
2026-09-25T16:41:58.809834+00:00,0x2A6,000005B3FFFFDDC9
2026-09-25T16:41:58.810081+00:00,0x2A7,000002E200002AE7
2026-09-25T16:41:58.810368+00:00,0x2A9,FFFF866800000000
2026-09-25T16:41:58.810658+00:00,0x2A1,0100020001000000
2026-09-25T16:41:58.813196+00:00,0x2A5,000008A0FFFF6D1B
2026-09-25T16:41:58.813681+00:00,0x2A6,000005B3FFFFDDC9
2026-09-25T16:41:58.814196+00:00,0x2A7,000002E200002AE7
2026-09-25T16:41:58.814724+00:00,0x2A9,FFFF866800000000
2026-09-25T16:41:58.816038+00:00,0x2A1,0100020001000000
2026-09-25T16:41:58.818391+00:00,0x2A5,0000089CFFFF6D1B
2026-09-25T16:41:58.818593+00:00,0x2A6,000005B3FFFFDDC9
2026-09-25T16:41:58.818855+00:00,0x2A7,000002E200002AE7
2026-09-25T16:41:58.819102+00:00,0x2A9,FFFF866800000000
2026-09-25T16:41:58.820376+00:00,0x2A1,0100020001000000
2026-09-25T16:41:58.822834+00:00,0x2A5,0000089CFFFF6D1B
2026-09-25T16:41:58.823081+00:00,0x2A6,000005B3FFFFDDC9
2026-09-25T16:41:58.823282+00:00,0x2A7,000002E200002AE7
2026-09-25T16:41:58.823520+00:00,0x2A9,FFFF866800000000
2026-09-25T16:41:58.825343+00:00,0x2A1,0100020001000000
2026-09-25T16:41:58.828153+00:00,0x2A5,000008A0FFFF6D1B
2026-09-25T16:41:58.828350+00:00,0x2A6,000005B3FFFFDDC9
2026-09-25T16:41:58.828597+00:00,0x2A7,000002E200002AE7
2026-09-25T16:41:58.828843+00:00,0x2A9,FFFF866800000000
2026-09-25T16:41:58.830724+00:00,0x2A1,0100020001000000
2026-09-25T16:41:58.833105+00:00,0x2A5,0000089BFFFF6D1B
2026-09-25T16:41:58.833832+00:00,0x2A6,000005B3FFFFDDC9
2026-09-25T16:41:58.833995+00:00,0x2A7,000002E200002AE7
2026-09-25T16:41:58.834196+00:00,0x2A9,FFFF866800000000
2026-09-25T16:41:58.835393+00:00,0x2A1,0100020001000000
2026-09-25T16:41:58.837730+00:00,0x2A5,0000089BFFFF6D1B
2026-09-25T16:41:58.837952+00:00,0x2A6,000005B3FFFFDDC9
2026-09-25T16:41:58.838196+00:00,0x2A7,000002E200002AE7
2026-09-25T16:41:58.838393+00:00,0x2A9,FFFF866800000000
2026-09-25T16:41:58.840269+00:00,0x2A1,0100020001000000
2026-09-25T16:41:58.842435+00:00,0x2A5,0000089BFFFF6D1B
2026-09-25T16:41:58.842681+00:00,0x2A6,000005B3FFFFDDCB
2026-09-25T16:41:58.842952+00:00,0x2A7,000002E200002AE7
2026-09-25T16:41:58.843159+00:00,0x2A9,FFFF866800000000
2026-09-25T16:41:58.845908+00:00,0x2A1,0100020001000000
2026-09-25T16:41:58.848350+00:00,0x2A5,0000089BFFFF6D1B
2026-09-25T16:41:58.848554+00:00,0x2A6,000005B3FFFFDDCB
2026-09-25T16:41:58.848844+00:00,0x2A7,000002E200002AE7
2026-09-25T16:41:58.848996+00:00,0x2A9,FFFF866800000000
2026-09-25T16:41:58.851038+00:00,0x2A1,0100020001000000
2026-09-25T16:41:58.853059+00:00,0x2A5,0000089BFFFF6D1B
2026-09-25T16:41:58.853261+00:00,0x2A6,000005B3FFFFDDCB
2026-09-25T16:41:58.853493+00:00,0x2A7,000002E200002AE7
2026-09-25T16:41:58.853701+00:00,0x2A9,FFFF866800000000
2026-09-25T16:41:58.855278+00:00,0x2A1,0100020001000000
2026-09-25T16:41:58.857350+00:00,0x2A5,0000089BFFFF6D1B
2026-09-25T16:41:58.857546+00:00,0x2A6,000005B3FFFFDDCB
2026-09-25T16:41:58.857843+00:00,0x2A7,000002E200002AE7
2026-09-25T16:41:58.857996+00:00,0x2A9,FFFF866800000000
2026-09-25T16:41:58.860354+00:00,0x2A1,0100020001000000
2026-09-25T16:41:58.862479+00:00,0x2A5,0000089BFFFF6D1B
2026-09-25T16:41:58.862681+00:00,0x2A6,000005B3FFFFDDCB
2026-09-25T16:41:58.862952+00:00,0x2A7,000002E200002AE7
2026-09-25T16:41:58.863196+00:00,0x2A9,FFFF866800000000
2026-09-25T16:41:58.865289+00:00,0x2A1,0100020001000000
2026-09-25T16:41:58.869995+00:00,0x2A5,0000089BFFFF6D1B
2026-09-25T16:41:58.870330+00:00,0x2A6,000005B3FFFFDDCB
2026-09-25T16:41:58.870572+00:00,0x2A7,000002E200002AE7
2026-09-25T16:41:58.870834+00:00,0x2A9,FFFF866800000000
2026-09-25T16:41:58.871217+00:00,0x2A1,0100020000000000
2026-09-25T16:41:58.874325+00:00,0x2A5,0000089BFFFF6D1B
2026-09-25T16:41:58.874572+00:00,0x2A6,000005B3FFFFDDCB
2026-09-25T16:41:58.874834+00:00,0x2A7,000002E200002AE7
2026-09-25T16:41:58.875908+00:00,0x2A9,FFFF866800000000
2026-09-25T16:41:58.876196+00:00,0x2A1,0100020000000000
2026-09-25T16:41:58.878196+00:00,0x2A5,0000089BFFFF6D1B
2026-09-25T16:41:58.878436+00:00,0x2A6,000005B3FFFFDDCB
2026-09-25T16:41:58.878638+00:00,0x2A7,000002E200002AE7
2026-09-25T16:41:58.878909+00:00,0x2A9,FFFF866800000000
2026-09-25T16:41:58.880290+00:00,0x2A1,0100020000000000
2026-09-25T16:41:58.882541+00:00,0x2A5,0000089BFFFF6D1B
2026-09-25T16:41:58.882832+00:00,0x2A6,000005B3FFFFDDCB
2026-09-25T16:41:58.882952+00:00,0x2A7,000002E200002AE7
2026-09-25T16:41:58.883196+00:00,0x2A9,FFFF866800000000
2026-09-25T16:41:58.885273+00:00,0x2A1,0100020000000000
2026-09-25T16:41:58.887638+00:00,0x2A5,0000089BFFFF6D1B
2026-09-25T16:41:58.887857+00:00,0x2A6,000005B3FFFFDDCB
2026-09-25T16:41:58.888059+00:00,0x2A7,000002E200002AE7
2026-09-25T16:41:58.888304+00:00,0x2A9,FFFF866800000000
2026-09-25T16:41:58.890235+00:00,0x2A1,0100020000000000
2026-09-25T16:41:58.893239+00:00,0x2A5,0000089BFFFF6D1B
2026-09-25T16:41:58.893479+00:00,0x2A6,000005B3FFFFDDCB
2026-09-25T16:41:58.893682+00:00,0x2A7,000002E200002AE7
2026-09-25T16:41:58.893952+00:00,0x2A9,FFFF866800000000
2026-09-25T16:41:58.895290+00:00,0x2A1,0100020000000000
2026-09-25T16:41:58.897395+00:00,0x2A5,0000089BFFFF6D1B
2026-09-25T16:41:58.897638+00:00,0x2A6,000005B3FFFFDDCB
2026-09-25T16:41:58.897908+00:00,0x2A7,000002E200002AE7
2026-09-25T16:41:58.898105+00:00,0x2A9,FFFF866800000000
2026-09-25T16:41:58.900311+00:00,0x2A1,0100020000000000
2026-09-25T16:41:58.902393+00:00,0x2A5,0000089BFFFF6D1B
2026-09-25T16:41:58.902638+00:00,0x2A6,000005B3FFFFDDCB
2026-09-25T16:41:58.902857+00:00,0x2A7,000002E200002AE7
2026-09-25T16:41:58.903059+00:00,0x2A9,FFFF866800000000
2026-09-25T16:41:58.905252+00:00,0x2A1,0100020000000000
2026-09-25T16:41:58.907638+00:00,0x2A5,0000089BFFFF6D1B
2026-09-25T16:41:58.907857+00:00,0x2A6,000005B3FFFFDDCB
2026-09-25T16:41:58.908103+00:00,0x2A7,000002E200002AE7
2026-09-25T16:41:58.908346+00:00,0x2A9,FFFF866800000000
2026-09-25T16:41:58.910241+00:00,0x2A1,0100020000000000
2026-09-25T16:41:58.912835+00:00,0x2A5,0000089BFFFF6D1B
2026-09-25T16:41:58.913520+00:00,0x2A6,000005B3FFFFDDCB
2026-09-25T16:41:58.913725+00:00,0x2A7,000002E200002AE7
2026-09-25T16:41:58.913952+00:00,0x2A9,FFFF866800000000
2026-09-25T16:41:58.915273+00:00,0x2A1,0100020000000000
2026-09-25T16:41:58.917857+00:00,0x2A5,0000089BFFFF6D1B
2026-09-25T16:41:58.917995+00:00,0x2A6,000005B3FFFFDDCB
2026-09-25T16:41:58.918239+00:00,0x2A7,000002E200002AE7
2026-09-25T16:41:58.918479+00:00,0x2A9,FFFF866800000000
2026-09-25T16:41:58.920311+00:00,0x2A1,0100020000000000
2026-09-25T16:41:58.922995+00:00,0x2A5,00000899FFFF6D1B
2026-09-25T16:41:58.923239+00:00,0x2A6,000005B3FFFFDDCB
2026-09-25T16:41:58.923520+00:00,0x2A7,000002E200002AE7
2026-09-25T16:41:58.923725+00:00,0x2A9,FFFF866800000000
2026-09-25T16:41:58.925868+00:00,0x2A1,0100020000000000
2026-09-25T16:41:58.928282+00:00,0x2A5,00000899FFFF6D1B
2026-09-25T16:41:58.928572+00:00,0x2A6,000005B3FFFFDDD0
2026-09-25T16:41:58.928833+00:00,0x2A7,000002E200002AE7
2026-09-25T16:41:58.929081+00:00,0x2A9,FFFF866800000000
2026-09-25T16:41:58.931153+00:00,0x2A1,0100020000000000
2026-09-25T16:41:58.933239+00:00,0x2A5,0000089AFFFF6D1B
2026-09-25T16:41:58.933471+00:00,0x2A6,000005B3FFFFDDD0
2026-09-25T16:41:58.933681+00:00,0x2A7,000002E200002AE7
2026-09-25T16:41:58.933952+00:00,0x2A9,FFFF866800000000
2026-09-25T16:41:58.935411+00:00,0x2A1,0100020000000000
2026-09-25T16:41:58.937436+00:00,0x2A5,0000089AFFFF6D1B
2026-09-25T16:41:58.937638+00:00,0x2A6,000005B3FFFFDDD0
2026-09-25T16:41:58.937908+00:00,0x2A7,000002E200002AE7
2026-09-25T16:41:58.938105+00:00,0x2A9,FFFF866800000000
2026-09-25T16:41:58.940311+00:00,0x2A1,0100020000000000
2026-09-25T16:41:58.942952+00:00,0x2A5,0000089AFFFF6D1B
2026-09-25T16:41:58.943153+00:00,0x2A6,000005B3FFFFDDD0
2026-09-25T16:41:58.943393+00:00,0x2A7,000002E200002AE7
2026-09-25T16:41:58.943595+00:00,0x2A9,FFFF866800000000
2026-09-25T16:41:58.945278+00:00,0x2A1,0100020000000000
2026-09-25T16:41:58.947436+00:00,0x2A5,00000896FFFF6D1B
2026-09-25T16:41:58.947681+00:00,0x2A6,000005B3FFFFDDD0
2026-09-25T16:41:58.947908+00:00,0x2A7,000002E200002AE7
2026-09-25T16:41:58.948153+00:00,0x2A9,FFFF866800000000
2026-09-25T16:41:58.950278+00:00,0x2A1,0100020000000000
2026-09-25T16:41:58.952436+00:00,0x2A5,0000089AFFFF6D1B
2026-09-25T16:41:58.952637+00:00,0x2A6,000005B3FFFFDDD0
2026-09-25T16:41:58.952857+00:00,0x2A7,000002E200002AE7
2026-09-25T16:41:58.953101+00:00,0x2A9,FFFF866800000000
2026-09-25T16:41:58.955278+00:00,0x2A1,0100020000000000
2026-09-25T16:41:58.957440+00:00,0x2A5,00000896FFFF6D1B
2026-09-25T16:41:58.957681+00:00,0x2A6,000005B3FFFFDDD0
2026-09-25T16:41:58.957909+00:00,0x2A7,000002E200002AE7
2026-09-25T16:41:58.958105+00:00,0x2A9,FFFF866800000000
2026-09-25T16:41:58.960271+00:00,0x2A1,0100020000000000
2026-09-25T16:41:58.962396+00:00,0x2A5,00000896FFFF6D1B
2026-09-25T16:41:58.962595+00:00,0x2A6,000005B3FFFFDDD0
2026-09-25T16:41:58.962835+00:00,0x2A7,000002E200002AE7
2026-09-25T16:41:58.963042+00:00,0x2A9,FFFF866800000000
2026-09-25T16:41:58.965235+00:00,0x2A1,0100020000000000
2026-09-25T16:41:58.967434+00:00,0x2A5,00000897FFFF6D1B
2026-09-25T16:41:58.967679+00:00,0x2A6,000005B3FFFFDDD0
2026-09-25T16:41:58.967906+00:00,0x2A7,000002E200002AE3
2026-09-25T16:41:58.968152+00:00,0x2A9,FFFF866800000000
2026-09-25T16:41:58.970453+00:00,0x2A1,0100020000000000
2026-09-25T16:41:58.972853+00:00,0x2A5,00000892FFFF6D1B
2026-09-25T16:41:58.973100+00:00,0x2A6,000005B3FFFFDDD0
2026-09-25T16:41:58.973302+00:00,0x2A7,000002E200002AE3
2026-09-25T16:41:58.973558+00:00,0x2A9,FFFF866800000000
2026-09-25T16:41:58.975320+00:00,0x2A1,0100020000000000
2026-09-25T16:41:58.977831+00:00,0x2A5,00000892FFFF6D1B
2026-09-25T16:41:58.978079+00:00,0x2A6,000005B3FFFFDDD0
2026-09-25T16:41:58.978280+00:00,0x2A7,000002E200002AE3
2026-09-25T16:41:58.978561+00:00,0x2A9,FFFF866800000000
2026-09-25T16:41:58.980341+00:00,0x2A1,0100020000000000
2026-09-25T16:41:58.983190+00:00,0x2A5,00000898FFFF6D1B
2026-09-25T16:41:58.983405+00:00,0x2A6,000005B3FFFFDDD0
2026-09-25T16:41:58.983654+00:00,0x2A7,000002E200002AE3
2026-09-25T16:41:58.983894+00:00,0x2A9,FFFF866800000000
2026-09-25T16:41:58.985277+00:00,0x2A1,0100020000000000
2026-09-25T16:41:58.987636+00:00,0x2A5,00000891FFFF6D1B
2026-09-25T16:41:58.987833+00:00,0x2A6,000005B3FFFFDDD0
2026-09-25T16:41:58.988036+00:00,0x2A7,000002E200002AE3
2026-09-25T16:41:58.988280+00:00,0x2A9,FFFF866800000000
2026-09-25T16:41:58.990323+00:00,0x2A1,0100020000000000
2026-09-25T16:41:58.993435+00:00,0x2A5,00000898FFFF6D1B
2026-09-25T16:41:58.993636+00:00,0x2A6,000005B3FFFFDDD0
2026-09-25T16:41:58.993855+00:00,0x2A7,000002E200002AE3
2026-09-25T16:41:58.994099+00:00,0x2A9,FFFF866800000000
2026-09-25T16:41:58.995246+00:00,0x2A1,0100020000000000
2026-09-25T16:41:58.997387+00:00,0x2A5,00000898FFFF6D1B
2026-09-25T16:41:58.997592+00:00,0x2A6,000005B3FFFFDDD0
2026-09-25T16:41:58.997832+00:00,0x2A7,000002E200002AE3
2026-09-25T16:41:58.998035+00:00,0x2A9,FFFF866800000000
2026-09-25T16:41:59.000266+00:00,0x2A1,0100020000000000
2026-09-25T16:41:59.002434+00:00,0x2A5,0000088FFFFF6D1B
2026-09-25T16:41:59.002635+00:00,0x2A6,000005B3FFFFDDD0
2026-09-25T16:41:59.002854+00:00,0x2A7,000002E200002AE3
2026-09-25T16:41:59.003099+00:00,0x2A9,FFFF866800000000
2026-09-25T16:41:59.005309+00:00,0x2A1,0100020000000000
2026-09-25T16:41:59.007831+00:00,0x2A5,00000898FFFF6D1B
2026-09-25T16:41:59.007992+00:00,0x2A6,000005B3FFFFDDD0
2026-09-25T16:41:59.008236+00:00,0x2A7,000002E200002AE3
2026-09-25T16:41:59.008433+00:00,0x2A9,FFFF866800000000
2026-09-25T16:41:59.010237+00:00,0x2A1,0100020000000000
2026-09-25T16:41:59.013391+00:00,0x2A5,00000898FFFF6D1B
2026-09-25T16:41:59.013592+00:00,0x2A6,000005B3FFFFDDD0
2026-09-25T16:41:59.013833+00:00,0x2A7,000002E200002AE3
2026-09-25T16:41:59.014035+00:00,0x2A9,FFFF866800000000
2026-09-25T16:41:59.015221+00:00,0x2A1,0100020000000000
2026-09-25T16:41:59.017390+00:00,0x2A5,00000891FFFF6D1B
2026-09-25T16:41:59.017636+00:00,0x2A6,000005B3FFFFDDD0
2026-09-25T16:41:59.017858+00:00,0x2A7,000002E200002AE3
2026-09-25T16:41:59.018079+00:00,0x2A9,FFFF866800000000
2026-09-25T16:41:59.020313+00:00,0x2A1,0100020000000000
2026-09-25T16:41:59.022476+00:00,0x2A5,00000895FFFF6D1B
2026-09-25T16:41:59.022722+00:00,0x2A6,000005B3FFFFDDD0
2026-09-25T16:41:59.022949+00:00,0x2A7,000002E200002AE3
2026-09-25T16:41:59.023151+00:00,0x2A9,FFFF866800000000
2026-09-25T16:41:59.025284+00:00,0x2A1,0100020000000000
2026-09-25T16:41:59.028219+00:00,0x2A5,00000895FFFF6D1B
2026-09-25T16:41:59.028490+00:00,0x2A6,000005B3FFFFDDD0
2026-09-25T16:41:59.028836+00:00,0x2A7,000002E200002AE3
2026-09-25T16:41:59.029037+00:00,0x2A9,FFFF866800000000
2026-09-25T16:41:59.032853+00:00,0x2A1,0100020000000000
2026-09-25T16:41:59.035100+00:00,0x2A5,00000891FFFF6D1B
2026-09-25T16:41:59.035388+00:00,0x2A6,000005B3FFFFDDD0
2026-09-25T16:41:59.035659+00:00,0x2A7,000002E200002AE3
2026-09-25T16:41:59.035852+00:00,0x2A9,FFFF866800000000
2026-09-25T16:41:59.036831+00:00,0x2A1,0100020000000000
2026-09-25T16:41:59.038832+00:00,0x2A5,00000895FFFF6D1B
2026-09-25T16:41:59.039036+00:00,0x2A6,000005B3FFFFDDD0
2026-09-25T16:41:59.039280+00:00,0x2A7,000002E200002AE3
2026-09-25T16:41:59.039517+00:00,0x2A9,FFFF866800000000
2026-09-25T16:41:59.040251+00:00,0x2A1,0100020000000000
2026-09-25T16:41:59.042635+00:00,0x2A5,00000891FFFF6D1B
2026-09-25T16:41:59.042855+00:00,0x2A6,000005B3FFFFDDD0
2026-09-25T16:41:59.043056+00:00,0x2A7,000002E200002AE3
2026-09-25T16:41:59.043302+00:00,0x2A9,FFFF866800000000
2026-09-25T16:41:59.045491+00:00,0x2A1,0100020000000000
2026-09-25T16:41:59.047678+00:00,0x2A5,00000891FFFF6D1B
2026-09-25T16:41:59.047906+00:00,0x2A6,000005B3FFFFDDD0
2026-09-25T16:41:59.048151+00:00,0x2A7,000002E200002AE3
2026-09-25T16:41:59.048390+00:00,0x2A9,FFFF866800000000
2026-09-25T16:41:59.050237+00:00,0x2A1,0100020000000000
2026-09-25T16:41:59.053150+00:00,0x2A5,00000891FFFF6D1B
2026-09-25T16:41:59.053431+00:00,0x2A6,000005B3FFFFDDD0
2026-09-25T16:41:59.053649+00:00,0x2A7,000002E200002AE3
2026-09-25T16:41:59.053841+00:00,0x2A9,FFFF866800000000
2026-09-25T16:41:59.055335+00:00,0x2A1,0100020000000000
2026-09-25T16:41:59.057733+00:00,0x2A5,00000895FFFF6D1B
2026-09-25T16:41:59.057906+00:00,0x2A6,000005B3FFFFDDD0
2026-09-25T16:41:59.058103+00:00,0x2A7,000002E200002AE3
2026-09-25T16:41:59.058345+00:00,0x2A9,FFFF866800000000
2026-09-25T16:41:59.060268+00:00,0x2A1,0100020000000000
2026-09-25T16:41:59.062468+00:00,0x2A5,00000891FFFF6D1B
2026-09-25T16:41:59.062722+00:00,0x2A6,000005B3FFFFDDD0
2026-09-25T16:41:59.062950+00:00,0x2A7,000002E200002AE3
2026-09-25T16:41:59.063194+00:00,0x2A9,FFFF866800000000
2026-09-25T16:41:59.065561+00:00,0x2A1,0100020000000000
2026-09-25T16:41:59.067434+00:00,0x2A5,00000891FFFF6D1B
2026-09-25T16:41:59.067679+00:00,0x2A6,000005B3FFFFDDD0
2026-09-25T16:41:59.067950+00:00,0x2A7,000002E200002AE3
2026-09-25T16:41:59.068307+00:00,0x2A9,FFFF866800000000
2026-09-25T16:41:59.070241+00:00,0x2A1,0100020000000000
2026-09-25T16:41:59.073151+00:00,0x2A5,00000895FFFF6D1B
2026-09-25T16:41:59.073348+00:00,0x2A6,000005B3FFFFDDD0
2026-09-25T16:41:59.073544+00:00,0x2A7,000002E200002AE3
2026-09-25T16:41:59.073841+00:00,0x2A9,FFFF866800000000
2026-09-25T16:41:59.075291+00:00,0x2A1,0100020000000000
2026-09-25T16:41:59.077722+00:00,0x2A5,00000890FFFF6D1B
2026-09-25T16:41:59.077993+00:00,0x2A6,000005B3FFFFDDD0
2026-09-25T16:41:59.078237+00:00,0x2A7,000002E200002AE3
2026-09-25T16:41:59.078477+00:00,0x2A9,FFFF866800000000
2026-09-25T16:41:59.080368+00:00,0x2A1,0100020000000000
2026-09-25T16:41:59.082951+00:00,0x2A5,00000890FFFF6D1B
2026-09-25T16:41:59.083195+00:00,0x2A6,000005B3FFFFDDD0
2026-09-25T16:41:59.083435+00:00,0x2A7,000002E200002AE3
2026-09-25T16:41:59.083723+00:00,0x2A9,FFFF866800000000
2026-09-25T16:41:59.085342+00:00,0x2A1,0100020000000000
2026-09-25T16:41:59.087908+00:00,0x2A5,00000895FFFF6D1B
2026-09-25T16:41:59.088195+00:00,0x2A6,000005B3FFFFDDD0
2026-09-25T16:41:59.088439+00:00,0x2A7,000002E200002AE3
2026-09-25T16:41:59.088680+00:00,0x2A9,FFFF866800000000
2026-09-25T16:41:59.090864+00:00,0x2A1,0100020000000000
2026-09-25T16:41:59.093037+00:00,0x2A5,00000891FFFF6D1B
2026-09-25T16:41:59.093281+00:00,0x2A6,000005B3FFFFDDD0
2026-09-25T16:41:59.093519+00:00,0x2A7,000002E200002AE3
2026-09-25T16:41:59.093724+00:00,0x2A9,FFFF866800000000
2026-09-25T16:41:59.095249+00:00,0x2A1,0100020000000000
2026-09-25T16:41:59.097592+00:00,0x2A5,00000891FFFF6D1B
2026-09-25T16:41:59.097833+00:00,0x2A6,000005B3FFFFDDD0
2026-09-25T16:41:59.098036+00:00,0x2A7,000002E200002AE3
2026-09-25T16:41:59.098280+00:00,0x2A9,FFFF866800000000
2026-09-25T16:41:59.100269+00:00,0x2A1,0100020000000000
2026-09-25T16:41:59.102709+00:00,0x2A5,00000891FFFF6D1B
2026-09-25T16:41:59.102922+00:00,0x2A6,000005B3FFFFDDD0
2026-09-25T16:41:59.103081+00:00,0x2A7,000002E200002AE3
2026-09-25T16:41:59.103373+00:00,0x2A9,FFFF866800000000
2026-09-25T16:41:59.105358+00:00,0x2A1,0100020000000000
