time_utc,can_id,data_hex
2026-09-26T08:42:18.449350+00:00,0x2A1,0100010600000000
2026-09-26T08:42:18.453545+00:00,0x2A1,0100010600000000
2026-09-26T08:42:18.460819+00:00,0x2A1,0100010600000000
2026-09-26T08:42:18.463819+00:00,0x2A1,0100010600000000
2026-09-26T08:42:18.467927+00:00,0x2A1,0100010600000000
2026-09-26T08:42:18.472749+00:00,0x2A1,0100010600000000
2026-09-26T08:42:18.480482+00:00,0x2A1,0100010600000000
2026-09-26T08:42:18.483309+00:00,0x2A1,0100010600000000
2026-09-26T08:42:18.487807+00:00,0x2A1,0100010600000000
2026-09-26T08:42:18.492852+00:00,0x2A1,0100010600000000
2026-09-26T08:42:18.501350+00:00,0x2A1,0100010600000000
2026-09-26T08:42:18.504622+00:00,0x2A1,0100010600000000
2026-09-26T08:42:18.508632+00:00,0x2A1,0100010600000000
2026-09-26T08:42:18.512783+00:00,0x2A1,0100010600000000
2026-09-26T08:42:18.521921+00:00,0x2A1,0100010600000000
2026-09-26T08:42:18.524878+00:00,0x2A1,0100010600000000
2026-09-26T08:42:18.527824+00:00,0x2A1,0100010600000000
2026-09-26T08:42:18.532810+00:00,0x2A1,0100010600000000
2026-09-26T08:42:18.540069+00:00,0x2A1,0100010600000000
2026-09-26T08:42:18.542965+00:00,0x2A1,0100010600000000
2026-09-26T08:42:18.548026+00:00,0x2A1,0100010600000000
2026-09-26T08:42:18.553252+00:00,0x2A1,0100010600000000
2026-09-26T08:42:18.561255+00:00,0x2A1,0100010600000000
2026-09-26T08:42:18.564509+00:00,0x2A1,0100010600000000
2026-09-26T08:42:18.567828+00:00,0x2A1,0100010600000000
2026-09-26T08:42:18.572879+00:00,0x2A1,0100010600000000
2026-09-26T08:42:18.580317+00:00,0x2A1,0100010600000000
2026-09-26T08:42:18.583277+00:00,0x2A1,0100010600000000
2026-09-26T08:42:18.587823+00:00,0x2A1,0100010600000000
2026-09-26T08:42:18.592959+00:00,0x2A1,0100010600000000
2026-09-26T08:42:18.600981+00:00,0x2A1,0100010600000000
2026-09-26T08:42:18.604145+00:00,0x2A1,0100010600000000
2026-09-26T08:42:18.608140+00:00,0x2A1,0100010600000000
2026-09-26T08:42:18.613111+00:00,0x2A1,0100010600000000
2026-09-26T08:42:18.620222+00:00,0x2A1,0100010600000000
2026-09-26T08:42:18.623222+00:00,0x2A1,0100010600000000
2026-09-26T08:42:18.628023+00:00,0x2A1,0100010600000000
2026-09-26T08:42:18.632959+00:00,0x2A1,0100010600000000
2026-09-26T08:42:18.640168+00:00,0x2A1,0100010600000000
2026-09-26T08:42:18.643145+00:00,0x2A1,0100010600000000
2026-09-26T08:42:18.647825+00:00,0x2A1,0100010600000000
2026-09-26T08:42:18.652733+00:00,0x2A1,0100010600000000
2026-09-26T08:42:18.659484+00:00,0x2A1,0100010600000000
2026-09-26T08:42:18.664997+00:00,0x2A1,0100010600000000
2026-09-26T08:42:18.668360+00:00,0x2A1,0100010600000000
2026-09-26T08:42:18.672782+00:00,0x2A1,0100010600000000
2026-09-26T08:42:18.678972+00:00,0x2A1,0100010600000000
2026-09-26T08:42:18.683262+00:00,0x2A1,0100010600000000
2026-09-26T08:42:18.687894+00:00,0x2A1,0100010600000000
2026-09-26T08:42:18.692844+00:00,0x2A1,0100010600000000
2026-09-26T08:42:18.698782+00:00,0x2A1,0100010600000000
2026-09-26T08:42:18.703065+00:00,0x2A1,0100010600000000
2026-09-26T08:42:18.707872+00:00,0x2A1,0100010600000000
2026-09-26T08:42:18.713482+00:00,0x2A1,0100010600000000
2026-09-26T08:42:18.719625+00:00,0x2A1,0100010600000000
2026-09-26T08:42:18.724169+00:00,0x2A1,0100010600000000
2026-09-26T08:42:18.728066+00:00,0x2A1,0100010600000000
2026-09-26T08:42:18.732868+00:00,0x2A1,0100010600000000
2026-09-26T08:42:18.738538+00:00,0x2A1,0100010600000000
2026-09-26T08:42:18.742934+00:00,0x2A1,0100010600000000
2026-09-26T08:42:18.747913+00:00,0x2A1,0100010600000000
2026-09-26T08:42:18.752783+00:00,0x2A1,0100010600000000
2026-09-26T08:42:18.758888+00:00,0x2A1,0100010600000000
2026-09-26T08:42:18.763582+00:00,0x2A1,0100010600000000
2026-09-26T08:42:18.768928+00:00,0x2A1,0100010600000000
2026-09-26T08:42:18.773514+00:00,0x2A1,0100010600000000
2026-09-26T08:42:18.778625+00:00,0x2A1,0100010600000000
2026-09-26T08:42:18.783311+00:00,0x2A1,0100010600000000
2026-09-26T08:42:18.787783+00:00,0x2A1,0100010600000000
2026-09-26T08:42:18.792848+00:00,0x2A1,0100010600000000
2026-09-26T08:42:18.798976+00:00,0x2A1,0100010600000000
2026-09-26T08:42:18.803595+00:00,0x2A1,0100010600000000
2026-09-26T08:42:18.807920+00:00,0x2A1,0100010600000000
2026-09-26T08:42:18.812832+00:00,0x2A1,0100010600000000
2026-09-26T08:42:18.819382+00:00,0x2A1,0100010600000000
2026-09-26T08:42:18.824826+00:00,0x2A1,0100010600000000
2026-09-26T08:42:18.829199+00:00,0x2A1,0100010600000000
2026-09-26T08:42:18.833155+00:00,0x2A1,0100010600000000
2026-09-26T08:42:18.838686+00:00,0x2A1,0100010600000000
2026-09-26T08:42:18.843538+00:00,0x2A1,0100010600000000
2026-09-26T08:42:18.847795+00:00,0x2A1,0100010600000000
2026-09-26T08:42:18.852983+00:00,0x2A1,0100010600000000
2026-09-26T08:42:18.858553+00:00,0x2A1,0100010600000000
2026-09-26T08:42:18.863732+00:00,0x2A1,0100010600000000
2026-09-26T08:42:18.867833+00:00,0x2A1,0100010600000000
2026-09-26T08:42:18.873145+00:00,0x2A1,0100010600000000
2026-09-26T08:42:18.878865+00:00,0x2A1,0100010600000000
2026-09-26T08:42:18.884806+00:00,0x2A1,0100010600000000
2026-09-26T08:42:18.887908+00:00,0x2A1,0100010600000000
2026-09-26T08:42:18.892909+00:00,0x2A1,0100010600000000
2026-09-26T08:42:18.898460+00:00,0x2A1,0100010600000000
2026-09-26T08:42:18.903621+00:00,0x2A1,0100010600000000
2026-09-26T08:42:18.907865+00:00,0x2A1,0100010600000000
2026-09-26T08:42:18.912924+00:00,0x2A1,0100010600000000
2026-09-26T08:42:18.918462+00:00,0x2A1,0100010600000000
2026-09-26T08:42:18.924020+00:00,0x2A1,0100010600000000
2026-09-26T08:42:18.928485+00:00,0x2A1,0100010600000000
2026-09-26T08:42:18.933189+00:00,0x2A1,0100010600000000
2026-09-26T08:42:18.939122+00:00,0x2A1,0100010600000000
2026-09-26T08:42:18.943866+00:00,0x2A1,0100010600000000
2026-09-26T08:42:18.947806+00:00,0x2A1,0100010600000000
2026-09-26T08:42:18.952806+00:00,0x2A1,0100010600000000
2026-09-26T08:42:18.958536+00:00,0x2A1,0100010600000000
2026-09-26T08:42:18.963909+00:00,0x2A1,0100010600000000
2026-09-26T08:42:18.967784+00:00,0x2A1,0100010600000000
2026-09-26T08:42:18.972867+00:00,0x2A1,0100010600000000
2026-09-26T08:42:18.978399+00:00,0x2A1,0100010600000000
2026-09-26T08:42:18.985152+00:00,0x2A1,0100010600000000
2026-09-26T08:42:18.988584+00:00,0x2A1,0100010600000000
2026-09-26T08:42:18.993640+00:00,0x2A1,0100010600000000
2026-09-26T08:42:18.998544+00:00,0x2A1,0100010600000000
2026-09-26T08:42:19.004318+00:00,0x2A1,0100010600000000
2026-09-26T08:42:19.007842+00:00,0x2A1,0100010600000000
2026-09-26T08:42:19.012854+00:00,0x2A1,0100010600000000
2026-09-26T08:42:19.018519+00:00,0x2A1,0100010600000000
2026-09-26T08:42:19.024228+00:00,0x2A1,0100010600000000
2026-09-26T08:42:19.027831+00:00,0x2A1,0100010600000000
2026-09-26T08:42:19.033066+00:00,0x2A1,0100010600000000
2026-09-26T08:42:19.039827+00:00,0x2A1,0100010600000000
2026-09-26T08:42:19.045467+00:00,0x2A1,0100010600000000
2026-09-26T08:42:19.048584+00:00,0x2A1,0100010600000000
2026-09-26T08:42:19.052786+00:00,0x2A1,0100010600000000
2026-09-26T08:42:19.058465+00:00,0x2A1,0100010600000000
2026-09-26T08:42:19.064785+00:00,0x2A1,0100010600000000
2026-09-26T08:42:19.068174+00:00,0x2A1,0100010600000000
2026-09-26T08:42:19.073006+00:00,0x2A1,0100010600000000
2026-09-26T08:42:19.078331+00:00,0x2A1,0100010600000000
2026-09-26T08:42:19.083936+00:00,0x2A1,0100010600000000
2026-09-26T08:42:19.087899+00:00,0x2A1,0100010600000000
2026-09-26T08:42:19.093153+00:00,0x2A1,0100010600000000
2026-09-26T08:42:19.099069+00:00,0x2A1,0100010600000000
2026-09-26T08:42:19.104026+00:00,0x2A1,0100010600000000
2026-09-26T08:42:19.107862+00:00,0x2A1,0100010600000000
2026-09-26T08:42:19.112836+00:00,0x2A1,0100010600000000
2026-09-26T08:42:19.118573+00:00,0x2A1,0100010600000000
2026-09-26T08:42:19.125154+00:00,0x2A1,0100010600000000
2026-09-26T08:42:19.128026+00:00,0x2A1,0100010600000000
2026-09-26T08:42:19.132848+00:00,0x2A1,0100010600000000
2026-09-26T08:42:19.138516+00:00,0x2A1,0100010600000000
2026-09-26T08:42:19.145154+00:00,0x2A1,0100010600000000
2026-09-26T08:42:19.148497+00:00,0x2A1,0100010600000000
2026-09-26T08:42:19.152974+00:00,0x2A1,0100010600000000
2026-09-26T08:42:19.158490+00:00,0x2A1,0100010600000000
2026-09-26T08:42:19.164069+00:00,0x2A1,0100010600000000
2026-09-26T08:42:19.167929+00:00,0x2A1,0100010600000000
2026-09-26T08:42:19.172804+00:00,0x2A1,0100010600000000
2026-09-26T08:42:19.178534+00:00,0x2A1,0100010600000000
2026-09-26T08:42:19.184326+00:00,0x2A1,0100010600000000
2026-09-26T08:42:19.187829+00:00,0x2A1,0100010600000000
2026-09-26T08:42:19.193031+00:00,0x2A1,0100010600000000
2026-09-26T08:42:19.199422+00:00,0x2A1,0100010600000000
2026-09-26T08:42:19.204724+00:00,0x2A1,0100010600000000
2026-09-26T08:42:19.208467+00:00,0x2A1,0100010600000000
2026-09-26T08:42:19.212883+00:00,0x2A1,0100010600000000
2026-09-26T08:42:19.218463+00:00,0x2A1,0100010600000000
2026-09-26T08:42:19.224673+00:00,0x2A1,0100010600000000
2026-09-26T08:42:19.227982+00:00,0x2A1,0100010600000000
2026-09-26T08:42:19.232738+00:00,0x2A1,0100010600000000
2026-09-26T08:42:19.238543+00:00,0x2A1,0100010600000000
2026-09-26T08:42:19.244231+00:00,0x2A1,0100010600000000
2026-09-26T08:42:19.248111+00:00,0x2A1,0100010600000000
2026-09-26T08:42:19.253275+00:00,0x2A1,0100010600000000
2026-09-26T08:42:19.258693+00:00,0x2A1,0100010600000000
2026-09-26T08:42:19.264466+00:00,0x2A1,0100010600000000
2026-09-26T08:42:19.267855+00:00,0x2A1,0100010600000000
2026-09-26T08:42:19.272790+00:00,0x2A1,0100010600000000
2026-09-26T08:42:19.278629+00:00,0x2A1,0100010600000000
2026-09-26T08:42:19.284467+00:00,0x2A1,0100010600000000
2026-09-26T08:42:19.287786+00:00,0x2A1,0100010600000000
2026-09-26T08:42:19.292896+00:00,0x2A1,0100010600000000
2026-09-26T08:42:19.298582+00:00,0x2A1,0100010600000000
2026-09-26T08:42:19.305354+00:00,0x2A1,0100010600000000
2026-09-26T08:42:19.308825+00:00,0x2A1,0100010600000000
2026-09-26T08:42:19.312873+00:00,0x2A1,0100010600000000
2026-09-26T08:42:19.318487+00:00,0x2A1,0100010600000000
2026-09-26T08:42:19.324668+00:00,0x2A1,0100010600000000
2026-09-26T08:42:19.328071+00:00,0x2A1,0100010600000000
2026-09-26T08:42:19.332909+00:00,0x2A1,0100010600000000
2026-09-26T08:42:19.338487+00:00,0x2A1,0100010600000000
2026-09-26T08:42:19.344356+00:00,0x2A1,0100010600000000
2026-09-26T08:42:19.347785+00:00,0x2A1,0100010600000000
2026-09-26T08:42:19.353102+00:00,0x2A1,0100010600000000
2026-09-26T08:42:19.359725+00:00,0x2A1,0100010600000000
2026-09-26T08:42:19.364893+00:00,0x2A1,0100010600000000
2026-09-26T08:42:19.367789+00:00,0x2A1,0100010600000000
2026-09-26T08:42:19.372760+00:00,0x2A1,0100010600000000
2026-09-26T08:42:19.378470+00:00,0x2A1,0100010600000000
2026-09-26T08:42:19.384874+00:00,0x2A1,0100010600000000
2026-09-26T08:42:19.387874+00:00,0x2A1,0100010600000000
2026-09-26T08:42:19.392853+00:00,0x2A1,0100010600000000
2026-09-26T08:42:19.398555+00:00,0x2A1,0100010600000000
2026-09-26T08:42:19.406683+00:00,0x2A1,0100010600000000
2026-09-26T08:42:19.409875+00:00,0x2A1,0100010600000000
2026-09-26T08:42:19.413359+00:00,0x2A1,0100010600000000
2026-09-26T08:42:19.418635+00:00,0x2A1,0100010600000000
2026-09-26T08:42:19.424544+00:00,0x2A1,0100010600000000
2026-09-26T08:42:19.428173+00:00,0x2A1,0100010600000000
2026-09-26T08:42:19.432858+00:00,0x2A1,0100010600000000
2026-09-26T08:42:19.438728+00:00,0x2A1,0100010600000000
2026-09-26T08:42:19.445029+00:00,0x2A1,0100010600000000
2026-09-26T08:42:19.448029+00:00,0x2A1,0100010600000000
2026-09-26T08:42:19.452832+00:00,0x2A1,0100010600000000
2026-09-26T08:42:19.459317+00:00,0x2A1,0100010600000000
2026-09-26T08:42:19.466547+00:00,0x2A1,0100010600000000
2026-09-26T08:42:19.469965+00:00,0x2A1,0100010600000000
2026-09-26T08:42:19.473470+00:00,0x2A1,0100010600000000
2026-09-26T08:42:19.478490+00:00,0x2A1,0100010600000000
2026-09-26T08:42:19.484468+00:00,0x2A1,0100010600000000
2026-09-26T08:42:19.487955+00:00,0x2A1,0100010600000000
2026-09-26T08:42:19.492975+00:00,0x2A1,0100010600000000
2026-09-26T08:42:19.498368+00:00,0x2A1,0100010600000000
2026-09-26T08:42:19.504428+00:00,0x2A1,0100010600000000
2026-09-26T08:42:19.507838+00:00,0x2A1,0100010600000000
2026-09-26T08:42:19.512739+00:00,0x2A1,0100010600000000
2026-09-26T08:42:19.519151+00:00,0x2A1,0100010600000000
2026-09-26T08:42:19.525467+00:00,0x2A1,0100010600000000
2026-09-26T08:42:19.528833+00:00,0x2A1,0100010600000000
2026-09-26T08:42:19.532838+00:00,0x2A1,0100010600000000
2026-09-26T08:42:19.538530+00:00,0x2A1,0100010600000000
2026-09-26T08:42:19.544527+00:00,0x2A1,0100010600000000
2026-09-26T08:42:19.547801+00:00,0x2A1,0100010600000000
2026-09-26T08:42:19.552840+00:00,0x2A1,0100010600000000
2026-09-26T08:42:19.558514+00:00,0x2A1,0100010600000000
2026-09-26T08:42:19.562984+00:00,0x2A1,0100010600000000
2026-09-26T08:42:19.567762+00:00,0x2A1,0100010600000000
2026-09-26T08:42:19.573162+00:00,0x2A1,0100010600000000
2026-09-26T08:42:19.578978+00:00,0x2A1,0100010600000000
2026-09-26T08:42:19.584691+00:00,0x2A1,0100010600000000
2026-09-26T08:42:19.588083+00:00,0x2A1,0100010600000000
2026-09-26T08:42:19.592845+00:00,0x2A1,0100010600000000
2026-09-26T08:42:19.598534+00:00,0x2A1,0100010600000000
2026-09-26T08:42:19.604419+00:00,0x2A1,0100010600000000
2026-09-26T08:42:19.607793+00:00,0x2A1,0100010600000000
2026-09-26T08:42:19.612844+00:00,0x2A1,0100010600000000
2026-09-26T08:42:19.618530+00:00,0x2A1,0100010600000000
2026-09-26T08:42:19.625065+00:00,0x2A1,0100010600000000
2026-09-26T08:42:19.628318+00:00,0x2A1,0100010600000000
2026-09-26T08:42:19.633492+00:00,0x2A1,0100010600000000
2026-09-26T08:42:19.638594+00:00,0x2A1,0100010600000000
2026-09-26T08:42:19.643814+00:00,0x2A1,0100010600000000
2026-09-26T08:42:19.648470+00:00,0x2A1,0100010600000000
2026-09-26T08:42:19.652835+00:00,0x2A1,0100010600000000
2026-09-26T08:42:19.658857+00:00,0x2A1,0100010600000000
2026-09-26T08:42:19.662910+00:00,0x2A1,0100010600000000
2026-09-26T08:42:19.667980+00:00,0x2A1,0100010600000000
2026-09-26T08:42:19.672841+00:00,0x2A1,0100010600000000
2026-09-26T08:42:19.679027+00:00,0x2A1,0100010600000000
2026-09-26T08:42:19.683232+00:00,0x2A1,0100010600000000
2026-09-26T08:42:19.688546+00:00,0x2A1,0100010600000000
2026-09-26T08:42:19.692877+00:00,0x2A1,0100010600000000
2026-09-26T08:42:19.698740+00:00,0x2A1,0100010600000000
2026-09-26T08:42:19.704877+00:00,0x2A1,0100010600000000
2026-09-26T08:42:19.707834+00:00,0x2A1,0100010600000000
2026-09-26T08:42:19.712771+00:00,0x2A1,0100010600000000
2026-09-26T08:42:19.718473+00:00,0x2A1,0100010600000000
2026-09-26T08:42:19.722793+00:00,0x2A1,0100010600000000
2026-09-26T08:42:19.727980+00:00,0x2A1,0100010600000000
2026-09-26T08:42:19.733315+00:00,0x2A1,0100010600000000
2026-09-26T08:42:19.738980+00:00,0x2A1,0100010600000000
2026-09-26T08:42:19.742786+00:00,0x2A1,0100010600000000
2026-09-26T08:42:19.747980+00:00,0x2A1,0100010600000000
2026-09-26T08:42:19.752899+00:00,0x2A1,0100010600000000
2026-09-26T08:42:19.758492+00:00,0x2A1,0100010600000000
2026-09-26T08:42:19.762829+00:00,0x2A1,0100010600000000
2026-09-26T08:42:19.768024+00:00,0x2A1,0100010600000000
2026-09-26T08:42:19.772739+00:00,0x2A1,0100010600000000
2026-09-26T08:42:19.778315+00:00,0x2A1,0100010600000000
2026-09-26T08:42:19.783359+00:00,0x2A1,0100010600000000
2026-09-26T08:42:19.788631+00:00,0x2A1,0100010600000000
2026-09-26T08:42:19.793547+00:00,0x2A1,0100010600000000
2026-09-26T08:42:19.798496+00:00,0x2A1,0100010600000000
2026-09-26T08:42:19.802829+00:00,0x2A1,0100010600000000
2026-09-26T08:42:19.808075+00:00,0x2A1,0100010600000000
2026-09-26T08:42:19.812742+00:00,0x2A1,0100010600000000
2026-09-26T08:42:19.818548+00:00,0x2A1,0100010600000000
2026-09-26T08:42:19.822836+00:00,0x2A1,0100010600000000
2026-09-26T08:42:19.828076+00:00,0x2A1,0100010600000000
2026-09-26T08:42:19.832883+00:00,0x2A1,0100010600000000
2026-09-26T08:42:19.839526+00:00,0x2A1,0100010600000000
2026-09-26T08:42:19.844725+00:00,0x2A1,0100010600000000
2026-09-26T08:42:19.849738+00:00,0x2A1,0100010600000000
2026-09-26T08:42:19.852790+00:00,0x2A1,0100010600000000
2026-09-26T08:42:19.859168+00:00,0x2A1,0100010600000000
2026-09-26T08:42:19.862956+00:00,0x2A1,0100010600000000
2026-09-26T08:42:19.868302+00:00,0x2A1,0100010600000000
2026-09-26T08:42:19.873778+00:00,0x2A1,0100010600000000
2026-09-26T08:42:19.879109+00:00,0x2A1,0100010600000000
2026-09-26T08:42:19.883203+00:00,0x2A1,0100010600000000
2026-09-26T08:42:19.890008+00:00,0x2A1,0100010600000000
2026-09-26T08:42:19.894209+00:00,0x2A1,0100010600000000
2026-09-26T08:42:19.899718+00:00,0x2A1,0100010600000000
2026-09-26T08:42:19.904146+00:00,0x2A1,0100010600000000
2026-09-26T08:42:19.911335+00:00,0x2A1,0100010600000000
2026-09-26T08:42:19.914363+00:00,0x2A1,0100010600000000
2026-09-26T08:42:19.919613+00:00,0x2A1,0100010600000000
2026-09-26T08:42:19.923471+00:00,0x2A1,0100010600000000
2026-09-26T08:42:19.930163+00:00,0x2A1,0100010600000000
2026-09-26T08:42:19.933592+00:00,0x2A1,0100010600000000
2026-09-26T08:42:19.938548+00:00,0x2A1,0100010600000000
2026-09-26T08:42:19.942793+00:00,0x2A1,0100010600000000
2026-09-26T08:42:19.948944+00:00,0x2A1,0100010600000000
2026-09-26T08:42:19.953008+00:00,0x2A1,0100010600000000
2026-09-26T08:42:19.959115+00:00,0x2A1,0100010600000000
2026-09-26T08:42:19.963564+00:00,0x2A1,0100010600000000
2026-09-26T08:42:19.968984+00:00,0x2A1,0100010600000000
2026-09-26T08:42:19.972793+00:00,0x2A1,0100010600000000
2026-09-26T08:42:19.978472+00:00,0x2A1,0100010600000000
2026-09-26T08:42:19.982793+00:00,0x2A1,0100010600000000
2026-09-26T08:42:19.989114+00:00,0x2A1,0100010600000000
2026-09-26T08:42:19.992945+00:00,0x2A1,0100010600000000
2026-09-26T08:42:19.998476+00:00,0x2A1,0100010600000000
2026-09-26T08:42:20.002812+00:00,0x2A1,0100010600000000
2026-09-26T08:42:20.010168+00:00,0x2A1,0100010600000000
2026-09-26T08:42:20.013544+00:00,0x2A1,0100010600000000
2026-09-26T08:42:20.018530+00:00,0x2A1,0100010600000000
2026-09-26T08:42:20.022840+00:00,0x2A1,0100010600000000
2026-09-26T08:42:20.029076+00:00,0x2A1,0100010600000000
2026-09-26T08:42:20.033179+00:00,0x2A1,0100010600000000
2026-09-26T08:42:20.038362+00:00,0x2A1,0100010600000000
2026-09-26T08:42:20.042843+00:00,0x2A1,0100010600000000
2026-09-26T08:42:20.049326+00:00,0x2A1,0100010600000000
2026-09-26T08:42:20.052842+00:00,0x2A1,0100010600000000
2026-09-26T08:42:20.060304+00:00,0x2A1,0100010600000000
2026-09-26T08:42:20.064201+00:00,0x2A1,0100010600000000
2026-09-26T08:42:20.070552+00:00,0x2A1,0100010600000000
2026-09-26T08:42:20.073586+00:00,0x2A1,0100010600000000
2026-09-26T08:42:20.078546+00:00,0x2A1,0100010600000000
2026-09-26T08:42:20.082816+00:00,0x2A1,0100010600000000
2026-09-26T08:42:20.089498+00:00,0x2A1,0100010600000000
2026-09-26T08:42:20.092764+00:00,0x2A1,0100010600000000
2026-09-26T08:42:20.098473+00:00,0x2A1,0100010600000000
2026-09-26T08:42:20.103158+00:00,0x2A1,0100010600000000
2026-09-26T08:42:20.109366+00:00,0x2A1,0100010600000000
2026-09-26T08:42:20.113130+00:00,0x2A1,0100010600000000
2026-09-26T08:42:20.118850+00:00,0x2A1,0100010600000000
2026-09-26T08:42:20.123124+00:00,0x2A1,0100010600000000
2026-09-26T08:42:20.129912+00:00,0x2A1,0100010600000000
2026-09-26T08:42:20.133034+00:00,0x2A1,0100010600000000
2026-09-26T08:42:20.139134+00:00,0x2A1,0100010600000000
2026-09-26T08:42:20.142878+00:00,0x2A1,0100010600000000
2026-09-26T08:42:20.149891+00:00,0x2A1,0100010600000000
2026-09-26T08:42:20.152795+00:00,0x2A1,0100010600000000
2026-09-26T08:42:20.158548+00:00,0x2A1,0100010600000000
2026-09-26T08:42:20.163058+00:00,0x2A1,0100010600000000
2026-09-26T08:42:20.170216+00:00,0x2A1,0100010600000000
2026-09-26T08:42:20.173977+00:00,0x2A1,0100010600000000
2026-09-26T08:42:20.178525+00:00,0x2A1,0100010600000000
2026-09-26T08:42:20.182726+00:00,0x2A1,0100010600000000
2026-09-26T08:42:20.189886+00:00,0x2A1,0100010600000000
2026-09-26T08:42:20.192795+00:00,0x2A1,0100010600000000
2026-09-26T08:42:20.198476+00:00,0x2A1,0100010600000000
2026-09-26T08:42:20.202795+00:00,0x2A1,0100010600000000
2026-09-26T08:42:20.209838+00:00,0x2A1,0100010600000000
2026-09-26T08:42:20.212911+00:00,0x2A1,0100010600000000
2026-09-26T08:42:20.218921+00:00,0x2A1,0100010600000000
2026-09-26T08:42:20.223502+00:00,0x2A1,0100010600000000
2026-09-26T08:42:20.229797+00:00,0x2A1,0100010600000000
2026-09-26T08:42:20.232767+00:00,0x2A1,0100010600000000
2026-09-26T08:42:20.238484+00:00,0x2A1,0100010600000000
2026-09-26T08:42:20.242836+00:00,0x2A1,0100010600000000
2026-09-26T08:42:20.249475+00:00,0x2A1,0100010600000000
2026-09-26T08:42:20.252800+00:00,0x2A1,0100010600000000
2026-09-26T08:42:20.258486+00:00,0x2A1,0100010600000000
2026-09-26T08:42:20.262774+00:00,0x2A1,0100010600000000
2026-09-26T08:42:20.270724+00:00,0x2A1,0100010600000000
2026-09-26T08:42:20.274033+00:00,0x2A1,0100010600000000
2026-09-26T08:42:20.279366+00:00,0x2A1,0100010600000000
2026-09-26T08:42:20.282797+00:00,0x2A1,0100010600000000
2026-09-26T08:42:20.289483+00:00,0x2A1,0100010600000000
2026-09-26T08:42:20.292788+00:00,0x2A1,0100010600000000
2026-09-26T08:42:20.298323+00:00,0x2A1,0100010600000000
2026-09-26T08:42:20.302724+00:00,0x2A1,0100010600000000
2026-09-26T08:42:20.309367+00:00,0x2A1,0100010600000000
2026-09-26T08:42:20.312882+00:00,0x2A1,0100010600000000
2026-09-26T08:42:20.318551+00:00,0x2A1,0100010600000000
2026-09-26T08:42:20.323123+00:00,0x2A1,0100010600000000
2026-09-26T08:42:20.330925+00:00,0x2A1,0100010600000000
2026-09-26T08:42:20.334306+00:00,0x2A1,0100010600000000
2026-09-26T08:42:20.338603+00:00,0x2A1,0100010600000000
2026-09-26T08:42:20.342747+00:00,0x2A1,0100010600000000
2026-09-26T08:42:20.349548+00:00,0x2A1,0100010600000000
2026-09-26T08:42:20.352745+00:00,0x2A1,0100010600000000
2026-09-26T08:42:20.358525+00:00,0x2A1,0100010600000000
2026-09-26T08:42:20.362814+00:00,0x2A1,0100010600000000
2026-09-26T08:42:20.369394+00:00,0x2A1,0100010600000000
2026-09-26T08:42:20.372781+00:00,0x2A1,0100010600000000
2026-09-26T08:42:20.378886+00:00,0x2A1,0100010600000000
2026-09-26T08:42:20.383224+00:00,0x2A1,0100010600000000
2026-09-26T08:42:20.389793+00:00,0x2A1,0100010600000000
2026-09-26T08:42:20.392893+00:00,0x2A1,0100010600000000
2026-09-26T08:42:20.398528+00:00,0x2A1,0100010600000000
2026-09-26T08:42:20.402846+00:00,0x2A1,0100010600000000
2026-09-26T08:42:20.409430+00:00,0x2A1,0100010600000000
2026-09-26T08:42:20.412768+00:00,0x2A1,0100010600000000
2026-09-26T08:42:20.418557+00:00,0x2A1,0100010600000000
2026-09-26T08:42:20.422842+00:00,0x2A1,0100010600000000
2026-09-26T08:42:20.429647+00:00,0x2A1,0100010600000000
2026-09-26T08:42:20.433317+00:00,0x2A1,0100010600000000
2026-09-26T08:42:20.439196+00:00,0x2A1,0100010600000000
2026-09-26T08:42:20.443178+00:00,0x2A1,0100010600000000
2026-09-26T08:42:20.449682+00:00,0x2A1,0100010600000000
2026-09-26T08:42:20.452991+00:00,0x2A1,0100010600000000
2026-09-26T08:42:20.458498+00:00,0x2A1,0100010600000000
2026-09-26T08:42:20.462801+00:00,0x2A1,0100010600000000
2026-09-26T08:42:20.468036+00:00,0x2A1,0100010600000000
2026-09-26T08:42:20.472802+00:00,0x2A1,0100010600000000
2026-09-26T08:42:20.478498+00:00,0x2A1,0100010600000000
2026-09-26T08:42:20.482768+00:00,0x2A1,0100010600000000
2026-09-26T08:42:20.488553+00:00,0x2A1,0100010600000000
2026-09-26T08:42:20.493595+00:00,0x2A1,0100010600000000
2026-09-26T08:42:20.498594+00:00,0x2A1,0100010600000000
2026-09-26T08:42:20.503037+00:00,0x2A1,0100010600000000
2026-09-26T08:42:20.507948+00:00,0x2A1,0100010600000000
2026-09-26T08:42:20.512790+00:00,0x2A1,0100010600000000
2026-09-26T08:42:20.518725+00:00,0x2A1,0100010600000000
2026-09-26T08:42:20.522841+00:00,0x2A1,0100010600000000
2026-09-26T08:42:20.527798+00:00,0x2A1,0100010600000000
2026-09-26T08:42:20.532769+00:00,0x2A1,0100010600000000
2026-09-26T08:42:20.538838+00:00,0x2A1,0100010600000000
2026-09-26T08:42:20.543123+00:00,0x2A1,0100010600000000
2026-09-26T08:42:20.548165+00:00,0x2A1,0100010600000000
2026-09-26T08:42:20.553502+00:00,0x2A1,0100010600000000
2026-09-26T08:42:20.558553+00:00,0x2A1,0100010600000000
2026-09-26T08:42:20.562842+00:00,0x2A1,0100010600000000
2026-09-26T08:42:20.567832+00:00,0x2A1,0100010600000000
2026-09-26T08:42:20.572931+00:00,0x2A1,0100010600000000
2026-09-26T08:42:20.578534+00:00,0x2A1,0100010600000000
2026-09-26T08:42:20.582807+00:00,0x2A1,0100010600000000
2026-09-26T08:42:20.588120+00:00,0x2A1,0100010600000000
2026-09-26T08:42:20.593694+00:00,0x2A1,0100010600000000
2026-09-26T08:42:20.598939+00:00,0x2A1,0100010600000000
2026-09-26T08:42:20.603234+00:00,0x2A1,0100010600000000
2026-09-26T08:42:20.608284+00:00,0x2A1,0100010600000000
2026-09-26T08:42:20.613086+00:00,0x2A1,0100010600000000
2026-09-26T08:42:20.618551+00:00,0x2A1,0100010600000000
2026-09-26T08:42:20.622895+00:00,0x2A1,0100010600000000
2026-09-26T08:42:20.628606+00:00,0x2A1,0100010600000000
2026-09-26T08:42:20.633129+00:00,0x2A1,0100010600000000
2026-09-26T08:42:20.638332+00:00,0x2A1,0100010600000000
2026-09-26T08:42:20.643170+00:00,0x2A1,0100010600000000
2026-09-26T08:42:20.648130+00:00,0x2A1,0100010600000000
2026-09-26T08:42:20.654689+00:00,0x2A1,0100010600000000
2026-09-26T08:42:20.658502+00:00,0x2A1,0100010600000000
2026-09-26T08:42:20.662801+00:00,0x2A1,0100010600000000
2026-09-26T08:42:20.667847+00:00,0x2A1,0100010600000000
2026-09-26T08:42:20.673094+00:00,0x2A1,0100010600000000
2026-09-26T08:42:20.678551+00:00,0x2A1,0100010600000000
2026-09-26T08:42:20.682771+00:00,0x2A1,0100010600000000
2026-09-26T08:42:20.687848+00:00,0x2A1,0100010600000000
2026-09-26T08:42:20.693262+00:00,0x2A1,0100010600000000
2026-09-26T08:42:20.699261+00:00,0x2A1,0100010600000000
2026-09-26T08:42:20.703117+00:00,0x2A1,0100010600000000
2026-09-26T08:42:20.708091+00:00,0x2A1,0100010600000000
2026-09-26T08:42:20.713334+00:00,0x2A1,0100010600000000
2026-09-26T08:42:20.718950+00:00,0x2A1,0100010600000000
2026-09-26T08:42:20.722887+00:00,0x2A1,0100010600000000
2026-09-26T08:42:20.727950+00:00,0x2A1,0100010600000000
2026-09-26T08:42:20.733371+00:00,0x2A1,0100010600000000
2026-09-26T08:42:20.738554+00:00,0x2A1,0100010600000000
2026-09-26T08:42:20.742725+00:00,0x2A1,0100010600000000
2026-09-26T08:42:20.748275+00:00,0x2A1,0100010600000000
2026-09-26T08:42:20.754641+00:00,0x2A1,0100010600000000
2026-09-26T08:42:20.759884+00:00,0x2A1,0100010600000000
2026-09-26T08:42:20.762993+00:00,0x2A1,0100010600000000
2026-09-26T08:42:20.767802+00:00,0x2A1,0100010600000000
2026-09-26T08:42:20.773478+00:00,0x2A1,0100010600000000
2026-09-26T08:42:20.778480+00:00,0x2A1,0100010600000000
2026-09-26T08:42:20.782948+00:00,0x2A1,0100010600000000
2026-09-26T08:42:20.787750+00:00,0x2A1,0100010600000000
2026-09-26T08:42:20.793641+00:00,0x2A1,0100010600000000
2026-09-26T08:42:20.798479+00:00,0x2A1,0100010600000000
2026-09-26T08:42:20.803218+00:00,0x2A1,0100010600000000
2026-09-26T08:42:20.808487+00:00,0x2A1,0100010600000000
2026-09-26T08:42:20.815737+00:00,0x2A1,0100010600000000
2026-09-26T08:42:20.819599+00:00,0x2A1,0100010600000000
2026-09-26T08:42:20.823284+00:00,0x2A1,0100010600000000
2026-09-26T08:42:20.827855+00:00,0x2A1,0100010600000000
2026-09-26T08:42:20.833801+00:00,0x2A1,0100010600000000
2026-09-26T08:42:20.838479+00:00,0x2A1,0100010600000000
2026-09-26T08:42:20.842808+00:00,0x2A1,0100010600000000
2026-09-26T08:42:20.847855+00:00,0x2A1,0100010600000000
2026-09-26T08:42:20.853952+00:00,0x2A1,0100010600000000
2026-09-26T08:42:20.858537+00:00,0x2A1,0100010600000000
2026-09-26T08:42:20.863428+00:00,0x2A1,0100010600000000
2026-09-26T08:42:20.868262+00:00,0x2A1,0100010600000000
2026-09-26T08:42:20.874086+00:00,0x2A1,0100010600000000
2026-09-26T08:42:20.878483+00:00,0x2A1,0100010600000000
2026-09-26T08:42:20.882773+00:00,0x2A1,0100010600000000
2026-09-26T08:42:20.888033+00:00,0x2A1,0100010600000000
2026-09-26T08:42:20.893989+00:00,0x2A1,0100010600000000
2026-09-26T08:42:20.898490+00:00,0x2A1,0100010600000000
2026-09-26T08:42:20.902939+00:00,0x2A1,0100010600000000
2026-09-26T08:42:20.907752+00:00,0x2A1,0100010600000000
2026-09-26T08:42:20.914642+00:00,0x2A1,0100010600000000
2026-09-26T08:42:20.919328+00:00,0x2A1,0100010600000000
2026-09-26T08:42:20.922947+00:00,0x2A1,0100010600000000
2026-09-26T08:42:20.928341+00:00,0x2A1,0100010600000000
2026-09-26T08:42:20.934763+00:00,0x2A1,0100010600000000
2026-09-26T08:42:20.938604+00:00,0x2A1,0100010600000000
2026-09-26T08:42:20.942806+00:00,0x2A1,0100010600000000
2026-09-26T08:42:20.947805+00:00,0x2A1,0100010600000000
2026-09-26T08:42:20.953845+00:00,0x2A1,0100010600000000
2026-09-26T08:42:20.958527+00:00,0x2A1,0100010600000000
2026-09-26T08:42:20.963221+00:00,0x2A1,0100010600000000
2026-09-26T08:42:20.968170+00:00,0x2A1,0100010600000000
2026-09-26T08:42:20.975481+00:00,0x2A1,0100010600000000
2026-09-26T08:42:20.979141+00:00,0x2A1,0100010600000000
2026-09-26T08:42:20.982801+00:00,0x2A1,0100010600000000
2026-09-26T08:42:20.987727+00:00,0x2A1,0100010600000000
2026-09-26T08:42:20.994050+00:00,0x2A1,0100010600000000
2026-09-26T08:42:20.998931+00:00,0x2A1,0100010600000000
2026-09-26T08:42:21.003061+00:00,0x2A1,0100010600000000
2026-09-26T08:42:21.007773+00:00,0x2A1,0100010600000000
2026-09-26T08:42:21.014274+00:00,0x2A1,0100010600000000
2026-09-26T08:42:21.018730+00:00,0x2A1,0100010600000000
2026-09-26T08:42:21.023383+00:00,0x2A1,0100010600000000
2026-09-26T08:42:21.028172+00:00,0x2A1,0100010600000000
2026-09-26T08:42:21.034173+00:00,0x2A1,0100010600000000
2026-09-26T08:42:21.038382+00:00,0x2A1,0100010600000000
2026-09-26T08:42:21.042783+00:00,0x2A1,0100010600000000
2026-09-26T08:42:21.047772+00:00,0x2A1,0100010600000000
2026-09-26T08:42:21.053847+00:00,0x2A1,0100010600000000
2026-09-26T08:42:21.058286+00:00,0x2A1,0100010600000000
2026-09-26T08:42:21.062803+00:00,0x2A1,0100010600000000
2026-09-26T08:42:21.068338+00:00,0x2A1,0100010600000000
2026-09-26T08:42:21.075694+00:00,0x2A1,0100010600000000
2026-09-26T08:42:21.080372+00:00,0x2A1,0100010600000000
2026-09-26T08:42:21.083505+00:00,0x2A1,0100010600000000
2026-09-26T08:42:21.087840+00:00,0x2A1,0100010600000000
2026-09-26T08:42:21.095169+00:00,0x2A1,0100010600000000
2026-09-26T08:42:21.098845+00:00,0x2A1,0100010600000000
2026-09-26T08:42:21.102982+00:00,0x2A1,0100010600000000
2026-09-26T08:42:21.107845+00:00,0x2A1,0100010600000000
2026-09-26T08:42:21.114887+00:00,0x2A1,0100010600000000
2026-09-26T08:42:21.118652+00:00,0x2A1,0100010600000000
2026-09-26T08:42:21.122986+00:00,0x2A1,0100010600000000
2026-09-26T08:42:21.128159+00:00,0x2A1,0100010600000000
2026-09-26T08:42:21.135042+00:00,0x2A1,0100010600000000
2026-09-26T08:42:21.138744+00:00,0x2A1,0100010600000000
2026-09-26T08:42:21.142848+00:00,0x2A1,0100010600000000
2026-09-26T08:42:21.147788+00:00,0x2A1,0100010600000000
2026-09-26T08:42:21.154788+00:00,0x2A1,0100010600000000
2026-09-26T08:42:21.158287+00:00,0x2A1,0100010600000000
2026-09-26T08:42:21.162730+00:00,0x2A1,0100010600000000
2026-09-26T08:42:21.167728+00:00,0x2A1,0100010600000000
2026-09-26T08:42:21.174701+00:00,0x2A1,0100010600000000
2026-09-26T08:42:21.179098+00:00,0x2A1,0100010600000000
2026-09-26T08:42:21.183169+00:00,0x2A1,0100010600000000
2026-09-26T08:42:21.188107+00:00,0x2A1,0100010600000000
2026-09-26T08:42:21.194564+00:00,0x2A1,0100010600000000
2026-09-26T08:42:21.198530+00:00,0x2A1,0100010600000000
2026-09-26T08:42:21.202822+00:00,0x2A1,0100010600000000
2026-09-26T08:42:21.207930+00:00,0x2A1,0100010600000000
2026-09-26T08:42:21.214559+00:00,0x2A1,0100010600000000
2026-09-26T08:42:21.218331+00:00,0x2A1,0100010600000000
2026-09-26T08:42:21.222773+00:00,0x2A1,0100010600000000
2026-09-26T08:42:21.228043+00:00,0x2A1,0100010600000000
2026-09-26T08:42:21.235506+00:00,0x2A1,0100010600000000
2026-09-26T08:42:21.239331+00:00,0x2A1,0100010600000000
2026-09-26T08:42:21.242793+00:00,0x2A1,0100010600000000
2026-09-26T08:42:21.247775+00:00,0x2A1,0100010600000000
2026-09-26T08:42:21.254790+00:00,0x2A1,0100010600000000
2026-09-26T08:42:21.258481+00:00,0x2A1,0100010600000000
2026-09-26T08:42:21.263129+00:00,0x2A1,0100010600000000
2026-09-26T08:42:21.267732+00:00,0x2A1,0100010600000000
2026-09-26T08:42:21.274507+00:00,0x2A1,0100010600000000
2026-09-26T08:42:21.278645+00:00,0x2A1,0100010600000000
2026-09-26T08:42:21.283168+00:00,0x2A1,0100010600000000
2026-09-26T08:42:21.288892+00:00,0x2A1,0100010600000000
2026-09-26T08:42:21.294486+00:00,0x2A1,0100010600000000
2026-09-26T08:42:21.298485+00:00,0x2A1,0100010600000000
2026-09-26T08:42:21.302754+00:00,0x2A1,0100010600000000
2026-09-26T08:42:21.307801+00:00,0x2A1,0100010600000000
2026-09-26T08:42:21.314346+00:00,0x2A1,0100010600000000
2026-09-26T08:42:21.318562+00:00,0x2A1,0100010600000000
2026-09-26T08:42:21.322787+00:00,0x2A1,0100010600000000
2026-09-26T08:42:21.327809+00:00,0x2A1,0100010600000000
2026-09-26T08:42:21.335935+00:00,0x2A1,0100010600000000
2026-09-26T08:42:21.340231+00:00,0x2A1,0100010600000000
2026-09-26T08:42:21.343539+00:00,0x2A1,0100010600000000
2026-09-26T08:42:21.347896+00:00,0x2A1,0100010600000000
2026-09-26T08:42:21.354389+00:00,0x2A1,0100010600000000
2026-09-26T08:42:21.358542+00:00,0x2A1,0100010600000000
2026-09-26T08:42:21.362779+00:00,0x2A1,0100010600000000
2026-09-26T08:42:21.367809+00:00,0x2A1,0100010600000000
2026-09-26T08:42:21.374380+00:00,0x2A1,0100010600000000
2026-09-26T08:42:21.378716+00:00,0x2A1,0100010600000000
2026-09-26T08:42:21.383349+00:00,0x2A1,0100010600000000
2026-09-26T08:42:21.388407+00:00,0x2A1,0100010600000000
2026-09-26T08:42:21.395618+00:00,0x2A1,0100010600000000
2026-09-26T08:42:21.399291+00:00,0x2A1,0100010600000000
2026-09-26T08:42:21.402889+00:00,0x2A1,0100010600000000
2026-09-26T08:42:21.407732+00:00,0x2A1,0100010600000000
2026-09-26T08:42:21.414484+00:00,0x2A1,0100010600000000
2026-09-26T08:42:21.418537+00:00,0x2A1,0100010600000000
2026-09-26T08:42:21.422858+00:00,0x2A1,0100010600000000
2026-09-26T08:42:21.427732+00:00,0x2A1,0100010600000000
2026-09-26T08:42:21.434588+00:00,0x2A1,0100010600000000
2026-09-26T08:42:21.438987+00:00,0x2A1,0100010600000000
2026-09-26T08:42:21.443230+00:00,0x2A1,0100010600000000
2026-09-26T08:42:21.448339+00:00,0x2A1,0100010600000000
2026-09-26T08:42:21.454484+00:00,0x2A1,0100010600000000
2026-09-26T08:42:21.458484+00:00,0x2A1,0100010600000000
2026-09-26T08:42:21.462729+00:00,0x2A1,0100010600000000
2026-09-26T08:42:21.467776+00:00,0x2A1,0100010600000000
2026-09-26T08:42:21.474193+00:00,0x2A1,0100010600000000
2026-09-26T08:42:21.478508+00:00,0x2A1,0100010600000000
2026-09-26T08:42:21.482999+00:00,0x2A1,0100010600000000
2026-09-26T08:42:21.487777+00:00,0x2A1,0100010600000000
2026-09-26T08:42:21.493485+00:00,0x2A1,0100010600000000
2026-09-26T08:42:21.499718+00:00,0x2A1,0100010600000000
2026-09-26T08:42:21.502797+00:00,0x2A1,0100010600000000
2026-09-26T08:42:21.507869+00:00,0x2A1,0100010600000000
2026-09-26T08:42:21.514509+00:00,0x2A1,0100010600000000
2026-09-26T08:42:21.518505+00:00,0x2A1,0100010600000000
2026-09-26T08:42:21.522805+00:00,0x2A1,0100010600000000
2026-09-26T08:42:21.527752+00:00,0x2A1,0100010600000000
2026-09-26T08:42:21.534513+00:00,0x2A1,0100010600000000
2026-09-26T08:42:21.538483+00:00,0x2A1,0100010600000000
2026-09-26T08:42:21.543377+00:00,0x2A1,0100010600000000
2026-09-26T08:42:21.548135+00:00,0x2A1,0100010600000000
2026-09-26T08:42:21.553101+00:00,0x2A1,0100010600000000
2026-09-26T08:42:21.558486+00:00,0x2A1,0100010600000000
2026-09-26T08:42:21.562965+00:00,0x2A1,0100010600000000
2026-09-26T08:42:21.567946+00:00,0x2A1,0100010600000000
2026-09-26T08:42:21.573034+00:00,0x2A1,0100010600000000
2026-09-26T08:42:21.579009+00:00,0x2A1,0100010600000000
2026-09-26T08:42:21.582850+00:00,0x2A1,0100010600000000
2026-09-26T08:42:21.587829+00:00,0x2A1,0100010600000000
2026-09-26T08:42:21.593307+00:00,0x2A1,0100010600000000
2026-09-26T08:42:21.600672+00:00,0x2A1,0100010600000000
2026-09-26T08:42:21.604043+00:00,0x2A1,0100010600000000
2026-09-26T08:42:21.608046+00:00,0x2A1,0100010600000000
2026-09-26T08:42:21.613377+00:00,0x2A1,0100010600000000
2026-09-26T08:42:21.618806+00:00,0x2A1,0100010600000000
2026-09-26T08:42:21.622872+00:00,0x2A1,0100010600000000
2026-09-26T08:42:21.627778+00:00,0x2A1,0100010600000000
2026-09-26T08:42:21.632777+00:00,0x2A1,0100010600000000
2026-09-26T08:42:21.638560+00:00,0x2A1,0100010600000000
2026-09-26T08:42:21.642892+00:00,0x2A1,0100010600000000
2026-09-26T08:42:21.648268+00:00,0x2A1,0100010600000000
2026-09-26T08:42:21.653229+00:00,0x2A1,0100010600000000
2026-09-26T08:42:21.659876+00:00,0x2A1,0100010600000000
2026-09-26T08:42:21.663133+00:00,0x2A1,0100010600000000
2026-09-26T08:42:21.667777+00:00,0x2A1,0100010600000000
2026-09-26T08:42:21.672893+00:00,0x2A1,0100010600000000
2026-09-26T08:42:21.678485+00:00,0x2A1,0100010600000000
2026-09-26T08:42:21.682959+00:00,0x2A1,0100010600000000
2026-09-26T08:42:21.688061+00:00,0x2A1,0100010600000000
2026-09-26T08:42:21.692802+00:00,0x2A1,0100010600000000
2026-09-26T08:42:21.698400+00:00,0x2A1,0100010600000000
2026-09-26T08:42:21.702877+00:00,0x2A1,0100010600000000
2026-09-26T08:42:21.708086+00:00,0x2A1,0100010600000000
2026-09-26T08:42:21.713123+00:00,0x2A1,0100010600000000
2026-09-26T08:42:21.718958+00:00,0x2A1,0100010600000000
2026-09-26T08:42:21.722779+00:00,0x2A1,0100010600000000
2026-09-26T08:42:21.727759+00:00,0x2A1,0100010600000000
2026-09-26T08:42:21.733588+00:00,0x2A1,0100010600000000
2026-09-26T08:42:21.738892+00:00,0x2A1,0100010600000000
2026-09-26T08:42:21.742844+00:00,0x2A1,0100010600000000
2026-09-26T08:42:21.747892+00:00,0x2A1,0100010600000000
2026-09-26T08:42:21.754355+00:00,0x2A1,0100010600000000
2026-09-26T08:42:21.762510+00:00,0x2A1,0100010600000000
2026-09-26T08:42:21.765808+00:00,0x2A1,0100010600000000
2026-09-26T08:42:21.768808+00:00,0x2A1,0100010600000000
2026-09-26T08:42:21.772851+00:00,0x2A1,0100010600000000
2026-09-26T08:42:21.778893+00:00,0x2A1,0100010600000000
2026-09-26T08:42:21.782780+00:00,0x2A1,0100010600000000
2026-09-26T08:42:21.787736+00:00,0x2A1,0100010600000000
2026-09-26T08:42:21.792998+00:00,0x2A1,0100010600000000
2026-09-26T08:42:21.798807+00:00,0x2A1,0100010600000000
2026-09-26T08:42:21.802809+00:00,0x2A1,0100010600000000
2026-09-26T08:42:21.808981+00:00,0x2A1,0100010600000000
2026-09-26T08:42:21.813176+00:00,0x2A1,0100010600000000
2026-09-26T08:42:21.819895+00:00,0x2A1,0100010600000000
2026-09-26T08:42:21.823098+00:00,0x2A1,0100010600000000
2026-09-26T08:42:21.827857+00:00,0x2A1,0100010600000000
2026-09-26T08:42:21.832860+00:00,0x2A1,0100010600000000
2026-09-26T08:42:21.839105+00:00,0x2A1,0100010600000000
2026-09-26T08:42:21.842860+00:00,0x2A1,0100010600000000
2026-09-26T08:42:21.847734+00:00,0x2A1,0100010600000000
2026-09-26T08:42:21.852854+00:00,0x2A1,0100010600000000
2026-09-26T08:42:21.859281+00:00,0x2A1,0100010600000000
2026-09-26T08:42:21.863368+00:00,0x2A1,0100010600000000
2026-09-26T08:42:21.868160+00:00,0x2A1,0100010600000000
2026-09-26T08:42:21.872808+00:00,0x2A1,0100010600000000
2026-09-26T08:42:21.879546+00:00,0x2A1,0100010600000000
2026-09-26T08:42:21.882778+00:00,0x2A1,0100010600000000
2026-09-26T08:42:21.887894+00:00,0x2A1,0100010600000000
2026-09-26T08:42:21.892784+00:00,0x2A1,0100010600000000
2026-09-26T08:42:21.899498+00:00,0x2A1,0100010600000000
2026-09-26T08:42:21.902736+00:00,0x2A1,0100010600000000
2026-09-26T08:42:21.907802+00:00,0x2A1,0100010600000000
2026-09-26T08:42:21.914909+00:00,0x2A1,0100010600000000
2026-09-26T08:42:21.920737+00:00,0x2A1,0100010600000000
2026-09-26T08:42:21.924995+00:00,0x2A1,0100010600000000
2026-09-26T08:42:21.928759+00:00,0x2A1,0100010600000000
2026-09-26T08:42:21.932827+00:00,0x2A1,0100010600000000
2026-09-26T08:42:21.941314+00:00,0x2A1,0100010600000000
2026-09-26T08:42:21.944677+00:00,0x2A1,0100010600000000
2026-09-26T08:42:21.948128+00:00,0x2A1,0100010600000000
2026-09-26T08:42:21.954136+00:00,0x2A1,0100010600000000
2026-09-26T08:42:21.960759+00:00,0x2A1,0100010600000000
2026-09-26T08:42:21.964048+00:00,0x2A1,0100010600000000
2026-09-26T08:42:21.968175+00:00,0x2A1,0100010600000000
2026-09-26T08:42:21.973922+00:00,0x2A1,0100010600000000
2026-09-26T08:42:21.981901+00:00,0x2A1,0100010600000000
2026-09-26T08:42:21.989040+00:00,0x2A1,0100010600000000
2026-09-26T08:42:21.993712+00:00,0x2A1,0100010600000000
2026-09-26T08:42:21.998656+00:00,0x2A1,0100010600000000
2026-09-26T08:42:22.004037+00:00,0x2A1,0100010600000000
2026-09-26T08:42:22.007049+00:00,0x2A1,0100010600000000
2026-09-26T08:42:22.010004+00:00,0x2A1,0100010600000000
2026-09-26T08:42:22.012960+00:00,0x2A1,0100010600000000
2026-09-26T08:42:22.019715+00:00,0x2A1,0100010600000000
2026-09-26T08:42:22.022895+00:00,0x2A1,0100010600000000
2026-09-26T08:42:22.028866+00:00,0x2A1,0100010600000000
2026-09-26T08:42:22.033434+00:00,0x2A1,0100010600000000
2026-09-26T08:42:22.040347+00:00,0x2A1,0100010600000000
2026-09-26T08:42:22.043386+00:00,0x2A1,0100010600000000
2026-09-26T08:42:22.047758+00:00,0x2A1,0100010600000000
2026-09-26T08:42:22.052779+00:00,0x2A1,0100010600000000
2026-09-26T08:42:22.059620+00:00,0x2A1,0100010600000000
2026-09-26T08:42:22.062738+00:00,0x2A1,0100010600000000
2026-09-26T08:42:22.067808+00:00,0x2A1,0100010600000000
2026-09-26T08:42:22.072830+00:00,0x2A1,0100010600000000
2026-09-26T08:42:22.081621+00:00,0x2A1,0100010600000000
2026-09-26T08:42:22.084852+00:00,0x2A1,0100010600000000
2026-09-26T08:42:22.089130+00:00,0x2A1,0100010600000000
2026-09-26T08:42:22.092854+00:00,0x2A1,0100010600000000
2026-09-26T08:42:22.099759+00:00,0x2A1,0100010600000000
2026-09-26T08:42:22.102851+00:00,0x2A1,0100010600000000
2026-09-26T08:42:22.107739+00:00,0x2A1,0100010600000000
2026-09-26T08:42:22.112801+00:00,0x2A1,0100010600000000
2026-09-26T08:42:22.120070+00:00,0x2A1,0100010600000000
2026-09-26T08:42:22.123177+00:00,0x2A1,0100010600000000
2026-09-26T08:42:22.127795+00:00,0x2A1,0100010600000000
2026-09-26T08:42:22.133657+00:00,0x2A1,0100010600000000
2026-09-26T08:42:22.142499+00:00,0x2A1,0100010600000000
2026-09-26T08:42:22.145808+00:00,0x2A1,0100010600000000
2026-09-26T08:42:22.148716+00:00,0x2A1,0100010600000000
2026-09-26T08:42:22.152811+00:00,0x2A1,0100010600000000
2026-09-26T08:42:22.160598+00:00,0x2A1,0100010600000000
2026-09-26T08:42:22.163652+00:00,0x2A1,0100010600000000
2026-09-26T08:42:22.167947+00:00,0x2A1,0100010600000000
2026-09-26T08:42:22.172817+00:00,0x2A1,0100010600000000
2026-09-26T08:42:22.179814+00:00,0x2A1,0100010600000000
2026-09-26T08:42:22.182760+00:00,0x2A1,0100010600000000
2026-09-26T08:42:22.188293+00:00,0x2A1,0100010600000000
2026-09-26T08:42:22.193909+00:00,0x2A1,0100010600000000
2026-09-26T08:42:22.200398+00:00,0x2A1,0100010600000000
2026-09-26T08:42:22.203199+00:00,0x2A1,0100010600000000
2026-09-26T08:42:22.207835+00:00,0x2A1,0100010600000000
2026-09-26T08:42:22.212810+00:00,0x2A1,0100010600000000
2026-09-26T08:42:22.219905+00:00,0x2A1,0100010600000000
2026-09-26T08:42:22.222794+00:00,0x2A1,0100010600000000
2026-09-26T08:42:22.228005+00:00,0x2A1,0100010600000000
2026-09-26T08:42:22.232839+00:00,0x2A1,0100010600000000
2026-09-26T08:42:22.240624+00:00,0x2A1,0100010600000000
2026-09-26T08:42:22.243984+00:00,0x2A1,0100010600000000
2026-09-26T08:42:22.248983+00:00,0x2A1,0100010600000000
2026-09-26T08:42:22.252898+00:00,0x2A1,0100010600000000
2026-09-26T08:42:22.259962+00:00,0x2A1,0100010600000000
2026-09-26T08:42:22.263200+00:00,0x2A1,0100010600000000
2026-09-26T08:42:22.267740+00:00,0x2A1,0100010600000000
2026-09-26T08:42:22.272810+00:00,0x2A1,0100010600000000
2026-09-26T08:42:22.280060+00:00,0x2A1,0100010600000000
2026-09-26T08:42:22.283049+00:00,0x2A1,0100010600000000
2026-09-26T08:42:22.287813+00:00,0x2A1,0100010600000000
2026-09-26T08:42:22.293567+00:00,0x2A1,0100010600000000
2026-09-26T08:42:22.301049+00:00,0x2A1,0100010600000000
2026-09-26T08:42:22.304382+00:00,0x2A1,0100010600000000
2026-09-26T08:42:22.308101+00:00,0x2A1,0100010600000000
2026-09-26T08:42:22.312762+00:00,0x2A1,0100010600000000
2026-09-26T08:42:22.320440+00:00,0x2A1,0100010600000000
2026-09-26T08:42:22.323397+00:00,0x2A1,0100010600000000
2026-09-26T08:42:22.328018+00:00,0x2A1,0100010600000000
2026-09-26T08:42:22.332851+00:00,0x2A1,0100010600000000
2026-09-26T08:42:22.340106+00:00,0x2A1,0100010600000000
2026-09-26T08:42:22.343105+00:00,0x2A1,0100010600000000
2026-09-26T08:42:22.348144+00:00,0x2A1,0100010600000000
2026-09-26T08:42:22.353185+00:00,0x2A1,0100010600000000
2026-09-26T08:42:22.361286+00:00,0x2A1,0100010600000000
2026-09-26T08:42:22.364303+00:00,0x2A1,0100010600000000
2026-09-26T08:42:22.367867+00:00,0x2A1,0100010600000000
2026-09-26T08:42:22.372865+00:00,0x2A1,0100010600000000
2026-09-26T08:42:22.380547+00:00,0x2A1,0100010600000000
2026-09-26T08:42:22.383550+00:00,0x2A1,0100010600000000
2026-09-26T08:42:22.387766+00:00,0x2A1,0100010600000000
2026-09-26T08:42:22.392844+00:00,0x2A1,0100010600000000
2026-09-26T08:42:22.400235+00:00,0x2A1,0100010600000000
2026-09-26T08:42:22.403908+00:00,0x2A1,0100010600000000
2026-09-26T08:42:22.408292+00:00,0x2A1,0100010600000000
2026-09-26T08:42:22.413626+00:00,0x2A1,0100010600000000
2026-09-26T08:42:22.420563+00:00,0x2A1,0100010600000000
2026-09-26T08:42:22.423495+00:00,0x2A1,0100010600000000
2026-09-26T08:42:22.427795+00:00,0x2A1,0100010600000000
2026-09-26T08:42:22.432866+00:00,0x2A1,0100010600000000
2026-09-26T08:42:22.441410+00:00,0x2A1,0100010600000000
2026-09-26T08:42:22.444430+00:00,0x2A1,0100010600000000
2026-09-26T08:42:22.447989+00:00,0x2A1,0100010600000000
2026-09-26T08:42:22.452854+00:00,0x2A1,0100010600000000
2026-09-26T08:42:22.460052+00:00,0x2A1,0100010600000000
2026-09-26T08:42:22.464179+00:00,0x2A1,0100010600000000
2026-09-26T08:42:22.467899+00:00,0x2A1,0100010600000000
2026-09-26T08:42:22.472764+00:00,0x2A1,0100010600000000
2026-09-26T08:42:22.480612+00:00,0x2A1,0100010600000000
2026-09-26T08:42:22.483654+00:00,0x2A1,0100010600000000
2026-09-26T08:42:22.487738+00:00,0x2A1,0100010600000000
2026-09-26T08:42:22.492766+00:00,0x2A1,0100010600000000
2026-09-26T08:42:22.500051+00:00,0x2A1,0100010600000000
2026-09-26T08:42:22.503011+00:00,0x2A1,0100010600000000
2026-09-26T08:42:22.507813+00:00,0x2A1,0100010600000000
2026-09-26T08:42:22.513224+00:00,0x2A1,0100010600000000
2026-09-26T08:42:22.521382+00:00,0x2A1,0100010600000000
2026-09-26T08:42:22.524494+00:00,0x2A1,0100010600000000
2026-09-26T08:42:22.527900+00:00,0x2A1,0100010600000000
2026-09-26T08:42:22.532785+00:00,0x2A1,0100010600000000
2026-09-26T08:42:22.540073+00:00,0x2A1,0100010600000000
2026-09-26T08:42:22.542986+00:00,0x2A1,0100010600000000
2026-09-26T08:42:22.547846+00:00,0x2A1,0100010600000000
2026-09-26T08:42:22.552841+00:00,0x2A1,0100010600000000
2026-09-26T08:42:22.560075+00:00,0x2A1,0100010600000000
2026-09-26T08:42:22.563140+00:00,0x2A1,0100010600000000
2026-09-26T08:42:22.568276+00:00,0x2A1,0100010600000000
2026-09-26T08:42:22.573140+00:00,0x2A1,0100010600000000
2026-09-26T08:42:22.580317+00:00,0x2A1,0100010600000000
2026-09-26T08:42:22.583514+00:00,0x2A1,0100010600000000
2026-09-26T08:42:22.588008+00:00,0x2A1,0100010600000000
2026-09-26T08:42:22.592841+00:00,0x2A1,0100010600000000
2026-09-26T08:42:22.600348+00:00,0x2A1,0100010600000000
2026-09-26T08:42:22.603348+00:00,0x2A1,0100010600000000
2026-09-26T08:42:22.607991+00:00,0x2A1,0100010600000000
2026-09-26T08:42:22.612815+00:00,0x2A1,0100010600000000
2026-09-26T08:42:22.619107+00:00,0x2A1,0100010600000000
2026-09-26T08:42:22.625125+00:00,0x2A1,0100010600000000
2026-09-26T08:42:22.628383+00:00,0x2A1,0100010600000000
2026-09-26T08:42:22.632831+00:00,0x2A1,0100010600000000
2026-09-26T08:42:22.640188+00:00,0x2A1,0100010600000000
2026-09-26T08:42:22.643203+00:00,0x2A1,0100010600000000
2026-09-26T08:42:22.647993+00:00,0x2A1,0100010600000000
2026-09-26T08:42:22.652863+00:00,0x2A1,0100010600000000
2026-09-26T08:42:22.660318+00:00,0x2A1,0100010600000000
2026-09-26T08:42:22.663300+00:00,0x2A1,0100010600000000
2026-09-26T08:42:22.667877+00:00,0x2A1,0100010600000000
2026-09-26T08:42:22.673184+00:00,0x2A1,0100010600000000
2026-09-26T08:42:22.679921+00:00,0x2A1,0100010600000000
2026-09-26T08:42:22.684516+00:00,0x2A1,0100010600000000
2026-09-26T08:42:22.687814+00:00,0x2A1,0100010600000000
2026-09-26T08:42:22.692901+00:00,0x2A1,0100010600000000
2026-09-26T08:42:22.698613+00:00,0x2A1,0100010600000000
2026-09-26T08:42:22.703300+00:00,0x2A1,0100010600000000
2026-09-26T08:42:22.707743+00:00,0x2A1,0100010600000000
2026-09-26T08:42:22.712793+00:00,0x2A1,0100010600000000
2026-09-26T08:42:22.718880+00:00,0x2A1,0100010600000000
2026-09-26T08:42:22.724579+00:00,0x2A1,0100010600000000
2026-09-26T08:42:22.728440+00:00,0x2A1,0100010600000000
2026-09-26T08:42:22.733010+00:00,0x2A1,0100010600000000
2026-09-26T08:42:22.738517+00:00,0x2A1,0100010600000000
2026-09-26T08:42:22.743055+00:00,0x2A1,0100010600000000
2026-09-26T08:42:22.747744+00:00,0x2A1,0100010600000000
2026-09-26T08:42:22.752840+00:00,0x2A1,0100010600000000
2026-09-26T08:42:22.758518+00:00,0x2A1,0100010600000000
2026-09-26T08:42:22.762945+00:00,0x2A1,0100010600000000
2026-09-26T08:42:22.767795+00:00,0x2A1,0100010600000000
2026-09-26T08:42:22.773237+00:00,0x2A1,0100010600000000
2026-09-26T08:42:22.779951+00:00,0x2A1,0100010600000000
2026-09-26T08:42:22.785009+00:00,0x2A1,0100010600000000
2026-09-26T08:42:22.788353+00:00,0x2A1,0100010600000000
2026-09-26T08:42:22.792836+00:00,0x2A1,0100010600000000
2026-09-26T08:42:22.798520+00:00,0x2A1,0100010600000000
2026-09-26T08:42:22.803142+00:00,0x2A1,0100010600000000
2026-09-26T08:42:22.807796+00:00,0x2A1,0100010600000000
2026-09-26T08:42:22.812743+00:00,0x2A1,0100010600000000
2026-09-26T08:42:22.818343+00:00,0x2A1,0100010600000000
2026-09-26T08:42:22.823055+00:00,0x2A1,0100010600000000
2026-09-26T08:42:22.828282+00:00,0x2A1,0100010600000000
2026-09-26T08:42:22.833098+00:00,0x2A1,0100010600000000
2026-09-26T08:42:22.838711+00:00,0x2A1,0100010600000000
2026-09-26T08:42:22.843398+00:00,0x2A1,0100010600000000
2026-09-26T08:42:22.847798+00:00,0x2A1,0100010600000000
2026-09-26T08:42:22.852796+00:00,0x2A1,0100010600000000
2026-09-26T08:42:22.858789+00:00,0x2A1,0100010600000000
2026-09-26T08:42:22.863260+00:00,0x2A1,0100010600000000
2026-09-26T08:42:22.867873+00:00,0x2A1,0100010600000000
2026-09-26T08:42:22.872802+00:00,0x2A1,0100010600000000
2026-09-26T08:42:22.879661+00:00,0x2A1,0100010600000000
2026-09-26T08:42:22.884957+00:00,0x2A1,0100010600000000
2026-09-26T08:42:22.888344+00:00,0x2A1,0100010600000000
2026-09-26T08:42:22.892820+00:00,0x2A1,0100010600000000
2026-09-26T08:42:22.898443+00:00,0x2A1,0100010600000000
2026-09-26T08:42:22.902816+00:00,0x2A1,0100010600000000
2026-09-26T08:42:22.907787+00:00,0x2A1,0100010600000000
2026-09-26T08:42:22.912949+00:00,0x2A1,0100010600000000
2026-09-26T08:42:22.918356+00:00,0x2A1,0100010600000000
2026-09-26T08:42:22.922965+00:00,0x2A1,0100010600000000
2026-09-26T08:42:22.927920+00:00,0x2A1,0100010600000000
2026-09-26T08:42:22.933357+00:00,0x2A1,0100010600000000
2026-09-26T08:42:22.939140+00:00,0x2A1,0100010600000000
2026-09-26T08:42:22.943902+00:00,0x2A1,0100010600000000
2026-09-26T08:42:22.947914+00:00,0x2A1,0100010600000000
2026-09-26T08:42:22.952842+00:00,0x2A1,0100010600000000
2026-09-26T08:42:22.958496+00:00,0x2A1,0100010600000000
2026-09-26T08:42:22.963134+00:00,0x2A1,0100010600000000
2026-09-26T08:42:22.967828+00:00,0x2A1,0100010600000000
2026-09-26T08:42:22.972801+00:00,0x2A1,0100010600000000
2026-09-26T08:42:22.978507+00:00,0x2A1,0100010600000000
2026-09-26T08:42:22.985100+00:00,0x2A1,0100010600000000
2026-09-26T08:42:22.988613+00:00,0x2A1,0100010600000000
2026-09-26T08:42:22.993371+00:00,0x2A1,0100010600000000
2026-09-26T08:42:22.998702+00:00,0x2A1,0100010600000000
2026-09-26T08:42:23.003345+00:00,0x2A1,0100010600000000
2026-09-26T08:42:23.007787+00:00,0x2A1,0100010600000000
2026-09-26T08:42:23.013057+00:00,0x2A1,0100010600000000
2026-09-26T08:42:23.018541+00:00,0x2A1,0100010600000000
2026-09-26T08:42:23.024507+00:00,0x2A1,0100010600000000
2026-09-26T08:42:23.027791+00:00,0x2A1,0100010600000000
2026-09-26T08:42:23.032914+00:00,0x2A1,0100010600000000
2026-09-26T08:42:23.040076+00:00,0x2A1,0100010600000000
2026-09-26T08:42:23.046148+00:00,0x2A1,0100010600000000
2026-09-26T08:42:23.049185+00:00,0x2A1,0100010600000000
2026-09-26T08:42:23.052914+00:00,0x2A1,0100010600000000
2026-09-26T08:42:23.059377+00:00,0x2A1,0100010600000000
2026-09-26T08:42:23.064352+00:00,0x2A1,0100010600000000
2026-09-26T08:42:23.067797+00:00,0x2A1,0100010600000000
2026-09-26T08:42:23.072801+00:00,0x2A1,0100010600000000
2026-09-26T08:42:23.078448+00:00,0x2A1,0100010600000000
2026-09-26T08:42:23.083946+00:00,0x2A1,0100010600000000
2026-09-26T08:42:23.088345+00:00,0x2A1,0100010600000000
2026-09-26T08:42:23.093135+00:00,0x2A1,0100010600000000
2026-09-26T08:42:23.099716+00:00,0x2A1,0100010600000000
2026-09-26T08:42:23.104181+00:00,0x2A1,0100010600000000
2026-09-26T08:42:23.107746+00:00,0x2A1,0100010600000000
2026-09-26T08:42:23.112789+00:00,0x2A1,0100010600000000
2026-09-26T08:42:23.118366+00:00,0x2A1,0100010600000000
2026-09-26T08:42:23.124012+00:00,0x2A1,0100010600000000
2026-09-26T08:42:23.127764+00:00,0x2A1,0100010600000000
2026-09-26T08:42:23.132915+00:00,0x2A1,0100010600000000
2026-09-26T08:42:23.138578+00:00,0x2A1,0100010600000000
2026-09-26T08:42:23.144617+00:00,0x2A1,0100010600000000
2026-09-26T08:42:23.148219+00:00,0x2A1,0100010600000000
2026-09-26T08:42:23.153332+00:00,0x2A1,0100010600000000
2026-09-26T08:42:23.160090+00:00,0x2A1,0100010600000000
2026-09-26T08:42:23.164717+00:00,0x2A1,0100010600000000
2026-09-26T08:42:23.167858+00:00,0x2A1,0100010600000000
2026-09-26T08:42:23.172802+00:00,0x2A1,0100010600000000
2026-09-26T08:42:23.178617+00:00,0x2A1,0100010600000000
2026-09-26T08:42:23.184259+00:00,0x2A1,0100010600000000
2026-09-26T08:42:23.187825+00:00,0x2A1,0100010600000000
2026-09-26T08:42:23.192747+00:00,0x2A1,0100010600000000
2026-09-26T08:42:23.199079+00:00,0x2A1,0100010600000000
2026-09-26T08:42:23.204614+00:00,0x2A1,0100010600000000
2026-09-26T08:42:23.207968+00:00,0x2A1,0100010600000000
2026-09-26T08:42:23.212797+00:00,0x2A1,0100010600000000
2026-09-26T08:42:23.218562+00:00,0x2A1,0100010600000000
2026-09-26T08:42:23.224523+00:00,0x2A1,0100010600000000
2026-09-26T08:42:23.227905+00:00,0x2A1,0100010600000000
2026-09-26T08:42:23.232833+00:00,0x2A1,0100010600000000
2026-09-26T08:42:23.238496+00:00,0x2A1,0100010600000000
2026-09-26T08:42:23.244499+00:00,0x2A1,0100010600000000
2026-09-26T08:42:23.248555+00:00,0x2A1,0100010600000000
2026-09-26T08:42:23.253690+00:00,0x2A1,0100010600000000
2026-09-26T08:42:23.259304+00:00,0x2A1,0100010600000000
2026-09-26T08:42:23.264102+00:00,0x2A1,0100010600000000
2026-09-26T08:42:23.267747+00:00,0x2A1,0100010600000000
2026-09-26T08:42:23.272768+00:00,0x2A1,0100010600000000
2026-09-26T08:42:23.278357+00:00,0x2A1,0100010600000000
2026-09-26T08:42:23.284055+00:00,0x2A1,0100010600000000
2026-09-26T08:42:23.287793+00:00,0x2A1,0100010600000000
2026-09-26T08:42:23.292991+00:00,0x2A1,0100010600000000
2026-09-26T08:42:23.298391+00:00,0x2A1,0100010600000000
2026-09-26T08:42:23.305577+00:00,0x2A1,0100010600000000
2026-09-26T08:42:23.308949+00:00,0x2A1,0100010600000000
2026-09-26T08:42:23.313725+00:00,0x2A1,0100010600000000
2026-09-26T08:42:23.318565+00:00,0x2A1,0100010600000000
2026-09-26T08:42:23.324153+00:00,0x2A1,0100010600000000
2026-09-26T08:42:23.327827+00:00,0x2A1,0100010600000000
2026-09-26T08:42:23.332864+00:00,0x2A1,0100010600000000
2026-09-26T08:42:23.338446+00:00,0x2A1,0100010600000000
2026-09-26T08:42:23.344959+00:00,0x2A1,0100010600000000
2026-09-26T08:42:23.347997+00:00,0x2A1,0100010600000000
2026-09-26T08:42:23.352838+00:00,0x2A1,0100010600000000
2026-09-26T08:42:23.359917+00:00,0x2A1,0100010600000000
2026-09-26T08:42:23.365294+00:00,0x2A1,0100010600000000
2026-09-26T08:42:23.368620+00:00,0x2A1,0100010600000000
2026-09-26T08:42:23.372848+00:00,0x2A1,0100010600000000
2026-09-26T08:42:23.378576+00:00,0x2A1,0100010600000000
2026-09-26T08:42:23.384395+00:00,0x2A1,0100010600000000
2026-09-26T08:42:23.387803+00:00,0x2A1,0100010600000000
2026-09-26T08:42:23.392752+00:00,0x2A1,0100010600000000
2026-09-26T08:42:23.398511+00:00,0x2A1,0100010600000000
2026-09-26T08:42:23.404305+00:00,0x2A1,0100010600000000
2026-09-26T08:42:23.407706+00:00,0x2A1,0100010600000000
2026-09-26T08:42:23.413186+00:00,0x2A1,0100010600000000
2026-09-26T08:42:23.418767+00:00,0x2A1,0100010600000000
2026-09-26T08:42:23.425139+00:00,0x2A1,0100010600000000
2026-09-26T08:42:23.428138+00:00,0x2A1,0100010600000000
2026-09-26T08:42:23.432962+00:00,0x2A1,0100010600000000
2026-09-26T08:42:23.438360+00:00,0x2A1,0100010600000000
2026-09-26T08:42:23.444614+00:00,0x2A1,0100010600000000
2026-09-26T08:42:23.447921+00:00,0x2A1,0100010600000000
2026-09-26T08:42:23.452798+00:00,0x2A1,0100010600000000
2026-09-26T08:42:23.458568+00:00,0x2A1,0100010600000000
2026-09-26T08:42:23.464962+00:00,0x2A1,0100010600000000
2026-09-26T08:42:23.469917+00:00,0x2A1,0100010600000000
2026-09-26T08:42:23.473452+00:00,0x2A1,0100010600000000
2026-09-26T08:42:23.478916+00:00,0x2A1,0100010600000000
2026-09-26T08:42:23.485349+00:00,0x2A1,0100010600000000
2026-09-26T08:42:23.488503+00:00,0x2A1,0100010600000000
2026-09-26T08:42:23.492750+00:00,0x2A1,0100010600000000
2026-09-26T08:42:23.498307+00:00,0x2A1,0100010600000000
2026-09-26T08:42:23.504354+00:00,0x2A1,0100010600000000
2026-09-26T08:42:23.507907+00:00,0x2A1,0100010600000000
2026-09-26T08:42:23.512834+00:00,0x2A1,0100010600000000
2026-09-26T08:42:23.518633+00:00,0x2A1,0100010600000000
2026-09-26T08:42:23.524808+00:00,0x2A1,0100010600000000
2026-09-26T08:42:23.528178+00:00,0x2A1,0100010600000000
2026-09-26T08:42:23.533143+00:00,0x2A1,0100010600000000
2026-09-26T08:42:23.538912+00:00,0x2A1,0100010600000000
2026-09-26T08:42:23.544573+00:00,0x2A1,0100010600000000
2026-09-26T08:42:23.547749+00:00,0x2A1,0100010600000000
2026-09-26T08:42:23.552747+00:00,0x2A1,0100010600000000
2026-09-26T08:42:23.558361+00:00,0x2A1,0100010600000000
2026-09-26T08:42:23.564367+00:00,0x2A1,0100010600000000
2026-09-26T08:42:23.567754+00:00,0x2A1,0100010600000000
2026-09-26T08:42:23.572797+00:00,0x2A1,0100010600000000
2026-09-26T08:42:23.579921+00:00,0x2A1,0100010600000000
2026-09-26T08:42:23.585680+00:00,0x2A1,0100010600000000
2026-09-26T08:42:23.589236+00:00,0x2A1,0100010600000000
2026-09-26T08:42:23.592803+00:00,0x2A1,0100010600000000
2026-09-26T08:42:23.598580+00:00,0x2A1,0100010600000000
2026-09-26T08:42:23.604261+00:00,0x2A1,0100010600000000
2026-09-26T08:42:23.607865+00:00,0x2A1,0100010600000000
2026-09-26T08:42:23.612799+00:00,0x2A1,0100010600000000
2026-09-26T08:42:23.618402+00:00,0x2A1,0100010600000000
2026-09-26T08:42:23.625231+00:00,0x2A1,0100010600000000
2026-09-26T08:42:23.628060+00:00,0x2A1,0100010600000000
2026-09-26T08:42:23.633105+00:00,0x2A1,0100010600000000
2026-09-26T08:42:23.638884+00:00,0x2A1,0100010600000000
2026-09-26T08:42:23.644503+00:00,0x2A1,0100010600000000
2026-09-26T08:42:23.647951+00:00,0x2A1,0100010600000000
2026-09-26T08:42:23.652794+00:00,0x2A1,0100010600000000
2026-09-26T08:42:23.658371+00:00,0x2A1,0100010600000000
2026-09-26T08:42:23.664264+00:00,0x2A1,0100010600000000
2026-09-26T08:42:23.667729+00:00,0x2A1,0100010600000000
2026-09-26T08:42:23.672931+00:00,0x2A1,0100010600000000
2026-09-26T08:42:23.678366+00:00,0x2A1,0100010600000000
2026-09-26T08:42:23.683396+00:00,0x2A1,0100010600000000
2026-09-26T08:42:23.688664+00:00,0x2A1,0100010600000000
2026-09-26T08:42:23.693394+00:00,0x2A1,0100010600000000
2026-09-26T08:42:23.698499+00:00,0x2A1,0100010600000000
2026-09-26T08:42:23.703950+00:00,0x151,0101050000020000
2026-09-26T08:42:23.704581+00:00,0x2A1,0100010600000000
2026-09-26T08:42:23.708148+00:00,0x2A1,0100010600000000
2026-09-26T08:42:23.712729+00:00,0x2A1,0100010600000000
2026-09-26T08:42:23.718505+00:00,0x2A1,0100010600000000
2026-09-26T08:42:23.722795+00:00,0x2A1,0100010600000000
2026-09-26T08:42:23.727706+00:00,0x2A1,0100010600000000
2026-09-26T08:42:23.732753+00:00,0x2A1,0100010600000000
2026-09-26T08:42:23.740284+00:00,0x2A1,0100010600000000
2026-09-26T08:42:23.744242+00:00,0x2A1,0100010600000000
2026-09-26T08:42:23.749017+00:00,0x2A1,0100010600000000
2026-09-26T08:42:23.752952+00:00,0x2A1,0100010600000000
2026-09-26T08:42:23.754505+00:00,0x151,01FF050000000000
2026-09-26T08:42:23.754834+00:00,0x151,0101050000000000
2026-09-26T08:42:23.755327+00:00,0x155,000001A1FFFF7E6A
2026-09-26T08:42:23.755504+00:00,0x156,00000642FFFFBCF8
2026-09-26T08:42:23.756348+00:00,0x157,0000028400002E01
2026-09-26T08:42:23.756670+00:00,0x170,FFFF960C00000000
2026-09-26T08:42:23.758952+00:00,0x2A1,0100010600000000
2026-09-26T08:42:23.764622+00:00,0x2A1,0100010601000000
2026-09-26T08:42:23.767867+00:00,0x2A1,0100010601000000
2026-09-26T08:42:23.773950+00:00,0x2A1,0100010601000000
2026-09-26T08:42:23.778352+00:00,0x2A1,0100010601000000
2026-09-26T08:42:23.784507+00:00,0x2A1,0100010601000000
2026-09-26T08:42:23.788106+00:00,0x2A1,0100010601000000
2026-09-26T08:42:23.793311+00:00,0x2A1,0100010601000000
2026-09-26T08:42:23.799068+00:00,0x2A1,0100010601000000
2026-09-26T08:42:23.802752+00:00,0x2A1,0100010601000000
2026-09-26T08:42:23.807824+00:00,0x2A1,0100010600000000
2026-09-26T08:42:23.812800+00:00,0x2A1,0100010600000000
2026-09-26T08:42:23.818399+00:00,0x2A1,0100010600000000
2026-09-26T08:42:23.823009+00:00,0x2A1,0100010600000000
2026-09-26T08:42:23.827752+00:00,0x2A1,0100010600000000
2026-09-26T08:42:23.832757+00:00,0x2A1,0100010600000000
2026-09-26T08:42:23.838552+00:00,0x2A1,0100010600000000
2026-09-26T08:42:23.843184+00:00,0x2A1,0100010600000000
2026-09-26T08:42:23.848408+00:00,0x2A1,0100010600000000
2026-09-26T08:42:23.853319+00:00,0x2A1,0100010600000000
2026-09-26T08:42:23.858757+00:00,0x2A1,0100010600000000
2026-09-26T08:42:23.862822+00:00,0x2A1,0100010600000000
2026-09-26T08:42:23.867773+00:00,0x2A1,0100010600000000
2026-09-26T08:42:23.872711+00:00,0x2A1,0100010600000000
2026-09-26T08:42:23.878731+00:00,0x2A1,0100010600000000
2026-09-26T08:42:23.882796+00:00,0x2A1,0100010600000000
2026-09-26T08:42:23.887917+00:00,0x2A1,0100010600000000
2026-09-26T08:42:23.892905+00:00,0x2A1,0100010600000000
2026-09-26T08:42:23.899019+00:00,0x2A1,0100010600000000
2026-09-26T08:42:23.903197+00:00,0x2A1,0100010600000000
2026-09-26T08:42:23.908018+00:00,0x151,0101050000000000
2026-09-26T08:42:23.908307+00:00,0x155,00000CCCFFFF7E79
2026-09-26T08:42:23.908547+00:00,0x156,00000616FFFFBCF9
2026-09-26T08:42:23.908574+00:00,0x2A1,0100010600000000
2026-09-26T08:42:23.908613+00:00,0x157,0000028400002E01
2026-09-26T08:42:23.908742+00:00,0x170,FFFF960A00000000
2026-09-26T08:42:23.912951+00:00,0x2A1,0100010600000000
2026-09-26T08:42:23.918397+00:00,0x2A1,0100010600000000
2026-09-26T08:42:23.922997+00:00,0x2A1,0100010600000000
2026-09-26T08:42:23.927911+00:00,0x2A1,0100010601000000
2026-09-26T08:42:23.932911+00:00,0x2A1,0100010601000000
2026-09-26T08:42:23.938505+00:00,0x2A1,0100010601000000
2026-09-26T08:42:23.942806+00:00,0x2A1,0100010601000000
2026-09-26T08:42:23.947770+00:00,0x2A1,0100010601000000
2026-09-26T08:42:23.953351+00:00,0x2A1,0100010601000000
2026-09-26T08:42:23.959108+00:00,0x2A1,0100010601000000
2026-09-26T08:42:23.963970+00:00,0x2A1,0100010601000000
2026-09-26T08:42:23.968556+00:00,0x2A1,0100010601000000
2026-09-26T08:42:23.972754+00:00,0x2A1,0100010601000000
2026-09-26T08:42:23.978503+00:00,0x2A1,0100010601000000
2026-09-26T08:42:23.982927+00:00,0x2A1,0100010601000000
2026-09-26T08:42:23.988503+00:00,0x2A1,0100010601000000
2026-09-26T08:42:23.992998+00:00,0x2A1,0100010601000000
2026-09-26T08:42:23.998718+00:00,0x2A1,0100010601000000
2026-09-26T08:42:24.003354+00:00,0x2A1,0100010601000000
2026-09-26T08:42:24.010618+00:00,0x2A1,0100010601000000
2026-09-26T08:42:24.014158+00:00,0x2A1,0100010601000000
2026-09-26T08:42:24.019106+00:00,0x2A1,0100010601000000
2026-09-26T08:42:24.023164+00:00,0x2A1,0100010601000000
2026-09-26T08:42:24.031452+00:00,0x2A1,0100010601000000
2026-09-26T08:42:24.035051+00:00,0x2A1,0100010601000000
2026-09-26T08:42:24.039363+00:00,0x2A1,0100010601000000
2026-09-26T08:42:24.043356+00:00,0x2A1,0100010601000000
2026-09-26T08:42:24.049308+00:00,0x2A1,0100010601000000
2026-09-26T08:42:24.052984+00:00,0x2A1,0100010601000000
2026-09-26T08:42:24.059240+00:00,0x2A1,0100010601000000
2026-09-26T08:42:24.065037+00:00,0x2A1,0100010601000000
2026-09-26T08:42:24.071003+00:00,0x2A1,0100010601000000
2026-09-26T08:42:24.074370+00:00,0x2A1,0100010601000000
2026-09-26T08:42:24.078560+00:00,0x2A1,0100010601000000
2026-09-26T08:42:24.082997+00:00,0x2A1,0100010601000000
2026-09-26T08:42:24.089024+00:00,0x2A1,0100010601000000
2026-09-26T08:42:24.092842+00:00,0x2A1,0100010601000000
2026-09-26T08:42:24.098578+00:00,0x2A1,0100010601000000
2026-09-26T08:42:24.102799+00:00,0x2A1,0100010601000000
2026-09-26T08:42:24.108955+00:00,0x2A1,0100010601000000
2026-09-26T08:42:24.112776+00:00,0x2A1,0100010601000000
2026-09-26T08:42:24.118966+00:00,0x2A1,0100010601000000
2026-09-26T08:42:24.123395+00:00,0x2A1,0100010601000000
2026-09-26T08:42:24.129622+00:00,0x2A1,0100010601000000
2026-09-26T08:42:24.132879+00:00,0x2A1,0100010601000000
2026-09-26T08:42:24.138406+00:00,0x2A1,0100010601000000
2026-09-26T08:42:24.142766+00:00,0x2A1,0100010601000000
2026-09-26T08:42:24.149066+00:00,0x2A1,0100010601000000
2026-09-26T08:42:24.152830+00:00,0x2A1,0100010601000000
2026-09-26T08:42:24.158711+00:00,0x2A1,0100010601000000
2026-09-26T08:42:24.162809+00:00,0x2A1,0100010601000000
2026-09-26T08:42:24.169018+00:00,0x2A1,0100010601000000
2026-09-26T08:42:24.173426+00:00,0x2A1,0100010601000000
2026-09-26T08:42:24.179155+00:00,0x2A1,0100010601000000
2026-09-26T08:42:24.183622+00:00,0x2A1,0100010601000000
2026-09-26T08:42:24.188978+00:00,0x2A1,0100010601000000
2026-09-26T08:42:24.192958+00:00,0x2A1,0100010601000000
2026-09-26T08:42:24.198560+00:00,0x2A1,0100010601000000
2026-09-26T08:42:24.202712+00:00,0x2A1,0100010601000000
2026-09-26T08:42:24.209144+00:00,0x2A1,0100010600000000
2026-09-26T08:42:24.212754+00:00,0x2A1,0100010600000000
2026-09-26T08:42:24.218414+00:00,0x2A1,0100010600000000
2026-09-26T08:42:24.222831+00:00,0x2A1,0100010600000000
2026-09-26T08:42:24.230108+00:00,0x2A1,0100010600000000
2026-09-26T08:42:24.233507+00:00,0x2A1,0100010600000000
2026-09-26T08:42:24.238757+00:00,0x2A1,0100010600000000
2026-09-26T08:42:24.242711+00:00,0x2A1,0100010600000000
2026-09-26T08:42:24.249410+00:00,0x2A1,0100010600000000
2026-09-26T08:42:24.252712+00:00,0x2A1,0100010600000000
2026-09-26T08:42:24.258626+00:00,0x2A1,0100010600000000
2026-09-26T08:42:24.262779+00:00,0x2A1,0100010600000000
2026-09-26T08:42:24.269143+00:00,0x2A1,0100010600000000
2026-09-26T08:42:24.272735+00:00,0x2A1,0100010600000000
2026-09-26T08:42:24.278713+00:00,0x2A1,0100010600000000
2026-09-26T08:42:24.283145+00:00,0x2A1,0100010600000000
2026-09-26T08:42:24.289914+00:00,0x2A1,0100010600000000
2026-09-26T08:42:24.292957+00:00,0x2A1,0100010600000000
2026-09-26T08:42:24.298398+00:00,0x2A1,0100010600000000
2026-09-26T08:42:24.302711+00:00,0x2A1,0100010600000000
2026-09-26T08:42:24.309625+00:00,0x2A1,0100010600000000
2026-09-26T08:42:24.311604+00:00,0x151,0101050000000000
2026-09-26T08:42:24.312004+00:00,0x155,000017F8FFFF7E89
2026-09-26T08:42:24.312121+00:00,0x156,000005EAFFFFBCFB
2026-09-26T08:42:24.312257+00:00,0x157,0000028400002E01
2026-09-26T08:42:24.312330+00:00,0x170,FFFF960700000000
2026-09-26T08:42:24.313518+00:00,0x2A1,0100010600000000
2026-09-26T08:42:24.318627+00:00,0x2A1,0100010600000000
2026-09-26T08:42:24.322756+00:00,0x2A1,0100010600000000
2026-09-26T08:42:24.329267+00:00,0x2A1,0100010601000000
2026-09-26T08:42:24.334065+00:00,0x2A1,0100010601000000
2026-09-26T08:42:24.339914+00:00,0x2A1,0100010601000000
2026-09-26T08:42:24.343508+00:00,0x2A1,0100010601000000
2026-09-26T08:42:24.349627+00:00,0x2A1,0100010601000000
2026-09-26T08:42:24.352757+00:00,0x2A1,0100010601000000
2026-09-26T08:42:24.358532+00:00,0x2A1,0100010601000000
2026-09-26T08:42:24.362711+00:00,0x2A1,0100010601000000
2026-09-26T08:42:24.369625+00:00,0x2A1,0100010601000000
2026-09-26T08:42:24.372714+00:00,0x2A1,0100010601000000
2026-09-26T08:42:24.378518+00:00,0x2A1,0100010601000000
2026-09-26T08:42:24.382958+00:00,0x2A1,0100010601000000
2026-09-26T08:42:24.390147+00:00,0x2A1,0100010601000000
2026-09-26T08:42:24.393627+00:00,0x2A1,0100010601000000
2026-09-26T08:42:24.398714+00:00,0x2A1,0100010601000000
2026-09-26T08:42:24.402757+00:00,0x2A1,0100010601000000
2026-09-26T08:42:24.409272+00:00,0x2A1,0100010601000000
2026-09-26T08:42:24.412830+00:00,0x2A1,0100010601000000
2026-09-26T08:42:24.418401+00:00,0x2A1,0100010601000000
2026-09-26T08:42:24.422757+00:00,0x2A1,0100010601000000
2026-09-26T08:42:24.429567+00:00,0x2A1,0100010601000000
2026-09-26T08:42:24.432778+00:00,0x2A1,0100010601000000
2026-09-26T08:42:24.438936+00:00,0x2A1,0100010601000000
2026-09-26T08:42:24.443160+00:00,0x2A1,0100010601000000
2026-09-26T08:42:24.450766+00:00,0x2A1,0100010601000000
2026-09-26T08:42:24.453773+00:00,0x2A1,0100010601000000
2026-09-26T08:42:24.458653+00:00,0x2A1,0100010601000000
2026-09-26T08:42:24.462830+00:00,0x2A1,0100010601000000
2026-09-26T08:42:24.470362+00:00,0x2A1,0100010601000000
2026-09-26T08:42:24.473419+00:00,0x2A1,0100010601000000
2026-09-26T08:42:24.478451+00:00,0x2A1,0100010601000000
2026-09-26T08:42:24.483085+00:00,0x2A1,0100010601000000
2026-09-26T08:42:24.489400+00:00,0x2A1,0100010601000000
2026-09-26T08:42:24.493829+00:00,0x2A1,0100010601000000
2026-09-26T08:42:24.499758+00:00,0x2A1,0100010601000000
2026-09-26T08:42:24.503072+00:00,0x2A1,0100010601000000
2026-09-26T08:42:24.510399+00:00,0x2A1,0100010601000000
2026-09-26T08:42:24.513404+00:00,0x2A1,0100010601000000
2026-09-26T08:42:24.518401+00:00,0x2A1,0100010601000000
2026-09-26T08:42:24.523510+00:00,0x2A1,0100010601000000
2026-09-26T08:42:24.529402+00:00,0x2A1,0100010601000000
2026-09-26T08:42:24.533147+00:00,0x2A1,0100010601000000
2026-09-26T08:42:24.538534+00:00,0x2A1,0100010601000000
2026-09-26T08:42:24.543676+00:00,0x2A1,0100010601000000
2026-09-26T08:42:24.550117+00:00,0x2A1,0100010601000000
2026-09-26T08:42:24.553347+00:00,0x2A1,0100010601000000
2026-09-26T08:42:24.558880+00:00,0x2A1,0100010601000000
2026-09-26T08:42:24.562967+00:00,0x2A1,0100010601000000
2026-09-26T08:42:24.569604+00:00,0x2A1,0100010601000000
2026-09-26T08:42:24.572716+00:00,0x2A1,0100010601000000
2026-09-26T08:42:24.578681+00:00,0x2A1,0100010601000000
2026-09-26T08:42:24.582878+00:00,0x2A1,0100010601000000
2026-09-26T08:42:24.589580+00:00,0x2A1,0100010601000000
2026-09-26T08:42:24.592829+00:00,0x2A1,0100010601000000
2026-09-26T08:42:24.598556+00:00,0x2A1,0100010601000000
2026-09-26T08:42:24.603566+00:00,0x2A1,0100010601000000
2026-09-26T08:42:24.608834+00:00,0x2A1,0100010601000000
2026-09-26T08:42:24.613565+00:00,0x2A1,0100010600000000
2026-09-26T08:42:24.618535+00:00,0x2A1,0100010600000000
2026-09-26T08:42:24.622780+00:00,0x2A1,0100010600000000
2026-09-26T08:42:24.628031+00:00,0x2A1,0100010600000000
2026-09-26T08:42:24.632939+00:00,0x2A1,0100010600000000
2026-09-26T08:42:24.638402+00:00,0x2A1,0100010600000000
2026-09-26T08:42:24.642784+00:00,0x2A1,0100010600000000
2026-09-26T08:42:24.648042+00:00,0x2A1,0100010600000000
2026-09-26T08:42:24.653166+00:00,0x2A1,0100010600000000
2026-09-26T08:42:24.658828+00:00,0x2A1,0100010600000000
2026-09-26T08:42:24.663609+00:00,0x2A1,0100010600000000
2026-09-26T08:42:24.669630+00:00,0x2A1,0100010600000000
2026-09-26T08:42:24.672781+00:00,0x2A1,0100010600000000
2026-09-26T08:42:24.678535+00:00,0x2A1,0100010600000000
2026-09-26T08:42:24.683029+00:00,0x2A1,0100010600000000
2026-09-26T08:42:24.687783+00:00,0x2A1,0100010600000000
2026-09-26T08:42:24.692782+00:00,0x2A1,0100010600000000
2026-09-26T08:42:24.698380+00:00,0x2A1,0100010600000000
2026-09-26T08:42:24.702759+00:00,0x2A1,0100010600000000
2026-09-26T08:42:24.708180+00:00,0x2A1,0100010600000000
2026-09-26T08:42:24.713669+00:00,0x2A1,0100010600000000
2026-09-26T08:42:24.715177+00:00,0x151,0101050000000000
2026-09-26T08:42:24.715231+00:00,0x155,00002323FFFF7E98
2026-09-26T08:42:24.715368+00:00,0x156,000005BEFFFFBCFC
2026-09-26T08:42:24.715518+00:00,0x157,0000028400002E01
2026-09-26T08:42:24.715628+00:00,0x170,FFFF960500000000
2026-09-26T08:42:24.719149+00:00,0x2A1,0100010600000000
2026-09-26T08:42:24.722716+00:00,0x2A1,0100010600000000
2026-09-26T08:42:24.727760+00:00,0x2A1,0100010600000000
2026-09-26T08:42:24.732759+00:00,0x2A1,0100010601000000
2026-09-26T08:42:24.738404+00:00,0x2A1,0100010601000000
2026-09-26T08:42:24.742786+00:00,0x2A1,0100010601000000
2026-09-26T08:42:24.749874+00:00,0x2A1,0100010601000000
2026-09-26T08:42:24.753021+00:00,0x2A1,0100010601000000
2026-09-26T08:42:24.758355+00:00,0x2A1,0100010601000000
2026-09-26T08:42:24.763067+00:00,0x2A1,0100010601000000
2026-09-26T08:42:24.768704+00:00,0x2A1,0100010601000000
2026-09-26T08:42:24.773719+00:00,0x2A1,0100010601000000
2026-09-26T08:42:24.778513+00:00,0x2A1,0100010601000000
2026-09-26T08:42:24.782876+00:00,0x2A1,0100010601000000
2026-09-26T08:42:24.788652+00:00,0x2A1,0100010601000000
2026-09-26T08:42:24.792966+00:00,0x2A1,0100010601000000
2026-09-26T08:42:24.798221+00:00,0x2A1,0100010601000000
2026-09-26T08:42:24.802768+00:00,0x2A1,0100010601000000
2026-09-26T08:42:24.807812+00:00,0x2A1,0100010601000000
2026-09-26T08:42:24.813004+00:00,0x2A1,0100010601000000
2026-09-26T08:42:24.819274+00:00,0x2A1,0100010601000000
2026-09-26T08:42:24.823304+00:00,0x2A1,0100010601000000
2026-09-26T08:42:24.829090+00:00,0x2A1,0100010601000000
2026-09-26T08:42:24.834360+00:00,0x2A1,0100010601000000
2026-09-26T08:42:24.838642+00:00,0x2A1,0100010601000000
2026-09-26T08:42:24.842978+00:00,0x2A1,0100010601000000
2026-09-26T08:42:24.847714+00:00,0x2A1,0100010601000000
2026-09-26T08:42:24.853687+00:00,0x2A1,0100010601000000
2026-09-26T08:42:24.858790+00:00,0x2A1,0100010601000000
2026-09-26T08:42:24.862717+00:00,0x2A1,0100010601000000
2026-09-26T08:42:24.867761+00:00,0x2A1,0100010601000000
2026-09-26T08:42:24.873370+00:00,0x2A1,0100010601000000
2026-09-26T08:42:24.878628+00:00,0x2A1,0100010601000000
2026-09-26T08:42:24.883069+00:00,0x2A1,0100010601000000
2026-09-26T08:42:24.888110+00:00,0x2A1,0100010601000000
2026-09-26T08:42:24.893813+00:00,0x2A1,0100010601000000
2026-09-26T08:42:24.898404+00:00,0x2A1,0100010601000000
2026-09-26T08:42:24.902717+00:00,0x2A1,0100010601000000
2026-09-26T08:42:24.908601+00:00,0x2A1,0100010601000000
2026-09-26T08:42:24.913403+00:00,0x2A1,0100010601000000
2026-09-26T08:42:24.918784+00:00,0x2A1,0100010601000000
2026-09-26T08:42:24.922758+00:00,0x2A1,0100010601000000
2026-09-26T08:42:24.927719+00:00,0x2A1,0100010601000000
2026-09-26T08:42:24.934005+00:00,0x2A1,0100010601000000
2026-09-26T08:42:24.939173+00:00,0x2A1,0100010601000000
2026-09-26T08:42:24.942918+00:00,0x2A1,0100010601000000
2026-09-26T08:42:24.948145+00:00,0x2A1,0100010601000000
2026-09-26T08:42:24.953702+00:00,0x2A1,0100010601000000
2026-09-26T08:42:24.958580+00:00,0x2A1,0100010601000000
2026-09-26T08:42:24.962770+00:00,0x2A1,0100010601000000
2026-09-26T08:42:24.968068+00:00,0x2A1,0100010601000000
2026-09-26T08:42:24.974031+00:00,0x2A1,0100010601000000
2026-09-26T08:42:24.978717+00:00,0x2A1,0100010601000000
2026-09-26T08:42:24.982988+00:00,0x2A1,0100010601000000
2026-09-26T08:42:24.988211+00:00,0x2A1,0100010601000000
2026-09-26T08:42:24.994932+00:00,0x2A1,0100010601000000
2026-09-26T08:42:24.998691+00:00,0x2A1,0100010601000000
2026-09-26T08:42:25.003067+00:00,0x2A1,0100010601000000
2026-09-26T08:42:25.007947+00:00,0x2A1,0100010601000000
2026-09-26T08:42:25.014021+00:00,0x2A1,0100010600000000
2026-09-26T08:42:25.018512+00:00,0x2A1,0100010600000000
2026-09-26T08:42:25.022718+00:00,0x2A1,0100010600000000
2026-09-26T08:42:25.027716+00:00,0x2A1,0100010600000000
2026-09-26T08:42:25.034389+00:00,0x2A1,0100010600000000
2026-09-26T08:42:25.039316+00:00,0x2A1,0100010600000000
2026-09-26T08:42:25.044127+00:00,0x2A1,0100010600000000
2026-09-26T08:42:25.048517+00:00,0x2A1,0100010600000000
2026-09-26T08:42:25.054247+00:00,0x2A1,0100010600000000
2026-09-26T08:42:25.058455+00:00,0x2A1,0100010600000000
2026-09-26T08:42:25.062718+00:00,0x2A1,0100010600000000
2026-09-26T08:42:25.067716+00:00,0x2A1,0100010600000000
2026-09-26T08:42:25.074571+00:00,0x2A1,0100010600000000
2026-09-26T08:42:25.078680+00:00,0x2A1,0100010600000000
2026-09-26T08:42:25.082834+00:00,0x2A1,0100010600000000
2026-09-26T08:42:25.088319+00:00,0x2A1,0100010600000000
2026-09-26T08:42:25.094783+00:00,0x2A1,0100010600000000
2026-09-26T08:42:25.099319+00:00,0x2A1,0100010600000000
2026-09-26T08:42:25.102716+00:00,0x2A1,0100010600000000
2026-09-26T08:42:25.108006+00:00,0x2A1,0100010600000000
2026-09-26T08:42:25.113963+00:00,0x2A1,0100010600000000
2026-09-26T08:42:25.118508+00:00,0x2A1,0100010600000000
2026-09-26T08:42:25.118660+00:00,0x151,0101050000000000
2026-09-26T08:42:25.118733+00:00,0x155,0000282BFFFF7E98
2026-09-26T08:42:25.119523+00:00,0x156,00000346FFFFBCFC
2026-09-26T08:42:25.120112+00:00,0x157,0000028400002E01
2026-09-26T08:42:25.120171+00:00,0x170,FFFF960500000000
2026-09-26T08:42:25.122762+00:00,0x2A1,0100010600000000
2026-09-26T08:42:25.127875+00:00,0x2A1,0100010600000000
2026-09-26T08:42:25.133878+00:00,0x2A1,0100010601000000
2026-09-26T08:42:25.138404+00:00,0x2A1,0100010601000000
2026-09-26T08:42:25.143677+00:00,0x2A1,0100010601000000
2026-09-26T08:42:25.148590+00:00,0x2A1,0100010601000000
2026-09-26T08:42:25.154878+00:00,0x2A1,0100010601000000
2026-09-26T08:42:25.158636+00:00,0x2A1,0100010601000000
2026-09-26T08:42:25.162813+00:00,0x2A1,0100010601000000
2026-09-26T08:42:25.167804+00:00,0x2A1,0100010601000000
2026-09-26T08:42:25.174321+00:00,0x2A1,0100010601000000
2026-09-26T08:42:25.178755+00:00,0x2A1,0100010601000000
2026-09-26T08:42:25.182773+00:00,0x2A1,0100010601000000
2026-09-26T08:42:25.188423+00:00,0x2A1,0100010601000000
2026-09-26T08:42:25.195201+00:00,0x2A1,0100010601000000
2026-09-26T08:42:25.199568+00:00,0x2A1,0100010601000000
2026-09-26T08:42:25.203832+00:00,0x2A1,0100010601000000
2026-09-26T08:42:25.207760+00:00,0x2A1,0100010601000000
2026-09-26T08:42:25.214592+00:00,0x2A1,0100010601000000
2026-09-26T08:42:25.218464+00:00,0x2A1,0100010601000000
2026-09-26T08:42:25.222931+00:00,0x2A1,0100010601000000
2026-09-26T08:42:25.227772+00:00,0x2A1,0100010601000000
2026-09-26T08:42:25.234374+00:00,0x2A1,0100010600000000
2026-09-26T08:42:25.238645+00:00,0x2A1,0100010600000000
2026-09-26T08:42:25.242819+00:00,0x2A1,0100010600000000
2026-09-26T08:42:25.248117+00:00,0x2A1,0100010600000000
2026-09-26T08:42:25.255013+00:00,0x2A1,0100010600000000
2026-09-26T08:42:25.260183+00:00,0x2A1,0100010600000000
2026-09-26T08:42:25.263297+00:00,0x2A1,0100010600000000
2026-09-26T08:42:25.267889+00:00,0x2A1,0100010600000000
2026-09-26T08:42:25.274409+00:00,0x2A1,0100010600000000
2026-09-26T08:42:25.278274+00:00,0x2A1,0100010600000000
2026-09-26T08:42:25.282774+00:00,0x2A1,0100010600000000
2026-09-26T08:42:25.287745+00:00,0x2A1,0100010600000000
2026-09-26T08:42:25.294275+00:00,0x2A1,0100010600000000
2026-09-26T08:42:25.298407+00:00,0x2A1,0100010600000000
2026-09-26T08:42:25.303178+00:00,0x2A1,0100010600000000
2026-09-26T08:42:25.308096+00:00,0x2A1,0100010600000000
2026-09-26T08:42:25.315038+00:00,0x2A1,0100010600000000
2026-09-26T08:42:25.318633+00:00,0x2A1,0100010600000000
2026-09-26T08:42:25.322099+00:00,0x151,0101050000000000
2026-09-26T08:42:25.322678+00:00,0x155,00002D33FFFF7E98
2026-09-26T08:42:25.322751+00:00,0x2A1,0100010600000000
2026-09-26T08:42:25.322840+00:00,0x156,000000CFFFFFBCFC
2026-09-26T08:42:25.322924+00:00,0x157,0000028400002E01
2026-09-26T08:42:25.323058+00:00,0x170,FFFF960500000000
2026-09-26T08:42:25.327789+00:00,0x2A1,0100010600000000
2026-09-26T08:42:25.334319+00:00,0x2A1,0100010601000000
2026-09-26T08:42:25.338360+00:00,0x2A1,0100010601000000
2026-09-26T08:42:25.342987+00:00,0x2A1,0100010601000000
2026-09-26T08:42:25.347721+00:00,0x2A1,0100010601000000
2026-09-26T08:42:25.354966+00:00,0x2A1,0100010601000000
2026-09-26T08:42:25.359320+00:00,0x2A1,0100010601000000
2026-09-26T08:42:25.363076+00:00,0x2A1,0100010601000000
2026-09-26T08:42:25.368515+00:00,0x2A1,0100010601000000
2026-09-26T08:42:25.374612+00:00,0x2A1,0100010601000000
2026-09-26T08:42:25.378539+00:00,0x2A1,0100010601000000
2026-09-26T08:42:25.382907+00:00,0x2A1,0100010601000000
2026-09-26T08:42:25.387924+00:00,0x2A1,0100010601000000
2026-09-26T08:42:25.394945+00:00,0x2A1,0100010601000000
2026-09-26T08:42:25.398593+00:00,0x2A1,0100010601000000
2026-09-26T08:42:25.402902+00:00,0x2A1,0100010601000000
2026-09-26T08:42:25.408377+00:00,0x2A1,0100010601000000
2026-09-26T08:42:25.415749+00:00,0x2A1,0100010601000000
2026-09-26T08:42:25.420029+00:00,0x2A1,0100010601000000
2026-09-26T08:42:25.423163+00:00,0x2A1,0100010601000000
2026-09-26T08:42:25.427785+00:00,0x2A1,0100010601000000
2026-09-26T08:42:25.434836+00:00,0x2A1,0100010600000000
2026-09-26T08:42:25.438678+00:00,0x2A1,0100010600000000
2026-09-26T08:42:25.442719+00:00,0x2A1,0100010600000000
2026-09-26T08:42:25.447837+00:00,0x2A1,0100010600000000
2026-09-26T08:42:25.454516+00:00,0x2A1,0100010600000000
2026-09-26T08:42:25.458541+00:00,0x2A1,0100010600000000
2026-09-26T08:42:25.463342+00:00,0x2A1,0100010600000000
2026-09-26T08:42:25.469339+00:00,0x2A1,0100010600000000
2026-09-26T08:42:25.474946+00:00,0x2A1,0100010600000000
2026-09-26T08:42:25.478593+00:00,0x2A1,0100010600000000
2026-09-26T08:42:25.482990+00:00,0x2A1,0100010600000000
2026-09-26T08:42:25.487766+00:00,0x2A1,0100010600000000
2026-09-26T08:42:25.494514+00:00,0x2A1,0100010600000000
2026-09-26T08:42:25.498365+00:00,0x2A1,0100010600000000
2026-09-26T08:42:25.502966+00:00,0x2A1,0100010600000000
2026-09-26T08:42:25.507721+00:00,0x2A1,0100010600000000
2026-09-26T08:42:25.516031+00:00,0x2A1,0100010600000000
2026-09-26T08:42:25.520214+00:00,0x2A1,0100010600000000
2026-09-26T08:42:25.523517+00:00,0x2A1,0100010600000000
2026-09-26T08:42:25.524951+00:00,0x151,0101050000000000
2026-09-26T08:42:25.525265+00:00,0x155,000031BBFFFF7E98
2026-09-26T08:42:25.525637+00:00,0x156,FFFFF953FFFFBCFC
2026-09-26T08:42:25.525933+00:00,0x157,0000028400002E01
2026-09-26T08:42:25.526185+00:00,0x170,FFFF960500000000
2026-09-26T08:42:25.527988+00:00,0x2A1,0100010600000000
2026-09-26T08:42:25.534225+00:00,0x2A1,0100010601000000
2026-09-26T08:42:25.538385+00:00,0x2A1,0100010601000000
2026-09-26T08:42:25.542993+00:00,0x2A1,0100010601000000
2026-09-26T08:42:25.547739+00:00,0x2A1,0100010601000000
2026-09-26T08:42:25.553680+00:00,0x2A1,0100010601000000
2026-09-26T08:42:25.558280+00:00,0x2A1,0100010601000000
2026-09-26T08:42:25.562790+00:00,0x2A1,0100010601000000
2026-09-26T08:42:25.568120+00:00,0x2A1,0100010601000000
2026-09-26T08:42:25.573436+00:00,0x2A1,0100010601000000
2026-09-26T08:42:25.579520+00:00,0x2A1,0100010601000000
2026-09-26T08:42:25.582815+00:00,0x2A1,0100010601000000
2026-09-26T08:42:25.587735+00:00,0x2A1,0100010601000000
2026-09-26T08:42:25.593261+00:00,0x2A1,0100010601000000
2026-09-26T08:42:25.598323+00:00,0x2A1,0100010601000000
2026-09-26T08:42:25.602784+00:00,0x2A1,0100010601000000
2026-09-26T08:42:25.607786+00:00,0x2A1,0100010601000000
2026-09-26T08:42:25.613035+00:00,0x2A1,0100010601000000
2026-09-26T08:42:25.618518+00:00,0x2A1,0100010601000000
2026-09-26T08:42:25.623366+00:00,0x2A1,0100010601000000
2026-09-26T08:42:25.628078+00:00,0x2A1,0100010601000000
2026-09-26T08:42:25.633366+00:00,0x2A1,0100010601000000
2026-09-26T08:42:25.638924+00:00,0x2A1,0100010601000000
2026-09-26T08:42:25.642968+00:00,0x2A1,0100010601000000
2026-09-26T08:42:25.647791+00:00,0x2A1,0100010601000000
2026-09-26T08:42:25.653416+00:00,0x2A1,0100010601000000
2026-09-26T08:42:25.658682+00:00,0x2A1,0100010601000000
2026-09-26T08:42:25.662776+00:00,0x2A1,0100010601000000
2026-09-26T08:42:25.667724+00:00,0x2A1,0100010601000000
2026-09-26T08:42:25.674789+00:00,0x2A1,0100010601000000
2026-09-26T08:42:25.679032+00:00,0x2A1,0100010601000000
2026-09-26T08:42:25.683385+00:00,0x2A1,0100010601000000
2026-09-26T08:42:25.689080+00:00,0x2A1,0100010601000000
2026-09-26T08:42:25.692880+00:00,0x2A1,0100010601000000
2026-09-26T08:42:25.698410+00:00,0x2A1,0100010601000000
2026-09-26T08:42:25.702726+00:00,0x2A1,0100010601000000
2026-09-26T08:42:25.707726+00:00,0x2A1,0100010601000000
2026-09-26T08:42:25.712826+00:00,0x2A1,0100010601000000
2026-09-26T08:42:25.718685+00:00,0x2A1,0100010600000000
2026-09-26T08:42:25.722766+00:00,0x2A1,0100010600000000
2026-09-26T08:42:25.727796+00:00,0x2A1,0100010600000000
2026-09-26T08:42:25.734601+00:00,0x2A1,0100010600000000
2026-09-26T08:42:25.740651+00:00,0x2A1,0100010600000000
2026-09-26T08:42:25.743681+00:00,0x2A1,0100010600000000
2026-09-26T08:42:25.747723+00:00,0x2A1,0100010600000000
2026-09-26T08:42:25.752990+00:00,0x2A1,0100010600000000
2026-09-26T08:42:25.758880+00:00,0x2A1,0100010600000000
2026-09-26T08:42:25.762747+00:00,0x2A1,0100010600000000
2026-09-26T08:42:25.767882+00:00,0x2A1,0100010600000000
2026-09-26T08:42:25.772724+00:00,0x2A1,0100010600000000
2026-09-26T08:42:25.778638+00:00,0x2A1,0100010600000000
2026-09-26T08:42:25.783325+00:00,0x2A1,0100010600000000
2026-09-26T08:42:25.788324+00:00,0x2A1,0100010600000000
2026-09-26T08:42:25.794112+00:00,0x2A1,0100010600000000
2026-09-26T08:42:25.799545+00:00,0x2A1,0100010600000000
2026-09-26T08:42:25.802726+00:00,0x2A1,0100010600000000
2026-09-26T08:42:25.807768+00:00,0x2A1,0100010600000000
2026-09-26T08:42:25.812824+00:00,0x2A1,0100010600000000
2026-09-26T08:42:25.818926+00:00,0x2A1,0100010600000000
2026-09-26T08:42:25.822726+00:00,0x2A1,0100010600000000
2026-09-26T08:42:25.827768+00:00,0x2A1,0100010600000000
2026-09-26T08:42:25.828816+00:00,0x151,0101050000000000
2026-09-26T08:42:25.828959+00:00,0x155,00003644FFFF7E98
2026-09-26T08:42:25.828973+00:00,0x156,FFFFF1D6FFFFBCFC
2026-09-26T08:42:25.829061+00:00,0x157,0000028400002E01
2026-09-26T08:42:25.829134+00:00,0x170,FFFF960500000000
2026-09-26T08:42:25.832769+00:00,0x2A1,0100010600000000
2026-09-26T08:42:25.839725+00:00,0x2A1,0100010601000000
2026-09-26T08:42:25.843369+00:00,0x2A1,0100010601000000
2026-09-26T08:42:25.847992+00:00,0x2A1,0100010601000000
2026-09-26T08:42:25.852726+00:00,0x2A1,0100010601000000
2026-09-26T08:42:25.858989+00:00,0x2A1,0100010601000000
2026-09-26T08:42:25.862793+00:00,0x2A1,0100010601000000
2026-09-26T08:42:25.868044+00:00,0x2A1,0100010601000000
2026-09-26T08:42:25.872683+00:00,0x2A1,0100010601000000
2026-09-26T08:42:25.878840+00:00,0x2A1,0100010601000000
2026-09-26T08:42:25.882682+00:00,0x2A1,0100010601000000
2026-09-26T08:42:25.888065+00:00,0x2A1,0100010601000000
2026-09-26T08:42:25.893104+00:00,0x2A1,0100010601000000
2026-09-26T08:42:25.900682+00:00,0x2A1,0100010601000000
2026-09-26T08:42:25.903639+00:00,0x2A1,0100010601000000
2026-09-26T08:42:25.907788+00:00,0x2A1,0100010601000000
2026-09-26T08:42:25.912722+00:00,0x2A1,0100010601000000
2026-09-26T08:42:25.919232+00:00,0x2A1,0100010601000000
2026-09-26T08:42:25.922747+00:00,0x2A1,0100010601000000
2026-09-26T08:42:25.927879+00:00,0x2A1,0100010601000000
2026-09-26T08:42:25.932721+00:00,0x2A1,0100010601000000
2026-09-26T08:42:25.939060+00:00,0x2A1,0100010601000000
2026-09-26T08:42:25.944302+00:00,0x2A1,0100010601000000
2026-09-26T08:42:25.948041+00:00,0x2A1,0100010601000000
2026-09-26T08:42:25.953347+00:00,0x2A1,0100010601000000
2026-09-26T08:42:25.959641+00:00,0x2A1,0100010601000000
2026-09-26T08:42:25.962791+00:00,0x2A1,0100010601000000
2026-09-26T08:42:25.967727+00:00,0x2A1,0100010601000000
2026-09-26T08:42:25.972727+00:00,0x2A1,0100010601000000
2026-09-26T08:42:25.979727+00:00,0x2A1,0100010601000000
2026-09-26T08:42:25.982769+00:00,0x2A1,0100010601000000
2026-09-26T08:42:25.987724+00:00,0x2A1,0100010601000000
2026-09-26T08:42:25.992783+00:00,0x2A1,0100010601000000
2026-09-26T08:42:26.001143+00:00,0x2A1,0100010601000000
2026-09-26T08:42:26.004626+00:00,0x2A1,0100010601000000
2026-09-26T08:42:26.008643+00:00,0x2A1,0100010601000000
2026-09-26T08:42:26.012796+00:00,0x2A1,0100010601000000
2026-09-26T08:42:26.019779+00:00,0x2A1,0100010600000000
2026-09-26T08:42:26.022790+00:00,0x2A1,0100010600000000
2026-09-26T08:42:26.027740+00:00,0x2A1,0100010600000000
2026-09-26T08:42:26.032779+00:00,0x2A1,0100010600000000
2026-09-26T08:42:26.039681+00:00,0x2A1,0100010600000000
2026-09-26T08:42:26.042727+00:00,0x2A1,0100010600000000
2026-09-26T08:42:26.047928+00:00,0x2A1,0100010600000000
2026-09-26T08:42:26.053039+00:00,0x2A1,0100010600000000
2026-09-26T08:42:26.061641+00:00,0x2A1,0100010600000000
2026-09-26T08:42:26.064598+00:00,0x2A1,0100010600000000
2026-09-26T08:42:26.067795+00:00,0x2A1,0100010600000000
2026-09-26T08:42:26.073929+00:00,0x2A1,0100010600000000
2026-09-26T08:42:26.080642+00:00,0x2A1,0100010600000000
2026-09-26T08:42:26.084015+00:00,0x2A1,0100010600000000
2026-09-26T08:42:26.089016+00:00,0x2A1,0100010600000000
2026-09-26T08:42:26.093327+00:00,0x2A1,0100010600000000
2026-09-26T08:42:26.101087+00:00,0x2A1,0100010600000000
2026-09-26T08:42:26.104752+00:00,0x2A1,0100010600000000
2026-09-26T08:42:26.108598+00:00,0x2A1,0100010600000000
2026-09-26T08:42:26.113727+00:00,0x2A1,0100010600000000
2026-09-26T08:42:26.120977+00:00,0x2A1,0100010600000000
2026-09-26T08:42:26.127752+00:00,0x2A1,0100010600000000
2026-09-26T08:42:26.131125+00:00,0x2A1,0100010600000000
2026-09-26T08:42:26.131330+00:00,0x151,0101050000000000
2026-09-26T08:42:26.131749+00:00,0x155,00003ACCFFFF7E98
2026-09-26T08:42:26.131861+00:00,0x156,FFFFEA5AFFFFBCFC
2026-09-26T08:42:26.131999+00:00,0x157,0000028400002E01
2026-09-26T08:42:26.132294+00:00,0x170,FFFF960500000000
2026-09-26T08:42:26.134598+00:00,0x2A1,0100010600000000
2026-09-26T08:42:26.140081+00:00,0x2A1,0100010601000000
2026-09-26T08:42:26.143842+00:00,0x2A1,0100010601000000
2026-09-26T08:42:26.147750+00:00,0x2A1,0100010601000000
2026-09-26T08:42:26.152840+00:00,0x2A1,0100010601000000
2026-09-26T08:42:26.158162+00:00,0x2A1,0100010601000000
2026-09-26T08:42:26.164887+00:00,0x2A1,0100010601000000
2026-09-26T08:42:26.168654+00:00,0x2A1,0100010601000000
2026-09-26T08:42:26.173126+00:00,0x2A1,0100010601000000
2026-09-26T08:42:26.180371+00:00,0x2A1,0100010601000000
2026-09-26T08:42:26.183641+00:00,0x2A1,0100010601000000
2026-09-26T08:42:26.187971+00:00,0x2A1,0100010601000000
2026-09-26T08:42:26.192726+00:00,0x2A1,0100010601000000
2026-09-26T08:42:26.200262+00:00,0x2A1,0100010601000000
2026-09-26T08:42:26.203248+00:00,0x2A1,0100010601000000
2026-09-26T08:42:26.207777+00:00,0x2A1,0100010601000000
2026-09-26T08:42:26.212787+00:00,0x2A1,0100010601000000
2026-09-26T08:42:26.221129+00:00,0x2A1,0100010601000000
2026-09-26T08:42:26.224283+00:00,0x2A1,0100010601000000
2026-09-26T08:42:26.228647+00:00,0x2A1,0100010601000000
2026-09-26T08:42:26.233021+00:00,0x2A1,0100010601000000
2026-09-26T08:42:26.240606+00:00,0x2A1,0100010601000000
2026-09-26T08:42:26.243415+00:00,0x2A1,0100010601000000
2026-09-26T08:42:26.247845+00:00,0x2A1,0100010601000000
2026-09-26T08:42:26.252840+00:00,0x2A1,0100010601000000
2026-09-26T08:42:26.260525+00:00,0x2A1,0100010601000000
2026-09-26T08:42:26.263795+00:00,0x2A1,0100010601000000
2026-09-26T08:42:26.267971+00:00,0x2A1,0100010601000000
2026-09-26T08:42:26.273903+00:00,0x2A1,0100010601000000
2026-09-26T08:42:26.281174+00:00,0x2A1,0100010601000000
2026-09-26T08:42:26.284283+00:00,0x2A1,0100010601000000
2026-09-26T08:42:26.288015+00:00,0x2A1,0100010601000000
2026-09-26T08:42:26.292930+00:00,0x2A1,0100010601000000
2026-09-26T08:42:26.300084+00:00,0x2A1,0100010601000000
2026-09-26T08:42:26.303042+00:00,0x2A1,0100010601000000
2026-09-26T08:42:26.308050+00:00,0x2A1,0100010601000000
2026-09-26T08:42:26.312795+00:00,0x2A1,0100010601000000
2026-09-26T08:42:26.320060+00:00,0x2A1,0100010600000000
2026-09-26T08:42:26.323094+00:00,0x2A1,0100010600000000
2026-09-26T08:42:26.327930+00:00,0x2A1,0100010600000000
2026-09-26T08:42:26.333379+00:00,0x2A1,0100010600000000
2026-09-26T08:42:26.340845+00:00,0x2A1,0100010600000000
2026-09-26T08:42:26.344381+00:00,0x2A1,0100010600000000
2026-09-26T08:42:26.347937+00:00,0x2A1,0100010600000000
2026-09-26T08:42:26.352858+00:00,0x2A1,0100010600000000
2026-09-26T08:42:26.360168+00:00,0x2A1,0100010600000000
2026-09-26T08:42:26.363182+00:00,0x2A1,0100010600000000
2026-09-26T08:42:26.368102+00:00,0x2A1,0100010600000000
2026-09-26T08:42:26.372777+00:00,0x2A1,0100010600000000
2026-09-26T08:42:26.380256+00:00,0x2A1,0100010600000000
2026-09-26T08:42:26.384766+00:00,0x2A1,0100010600000000
2026-09-26T08:42:26.388748+00:00,0x2A1,0100010600000000
2026-09-26T08:42:26.393320+00:00,0x2A1,0100010600000000
2026-09-26T08:42:26.400233+00:00,0x2A1,0100010600000000
2026-09-26T08:42:26.403434+00:00,0x2A1,0100010600000000
2026-09-26T08:42:26.407892+00:00,0x2A1,0100010600000000
2026-09-26T08:42:26.412791+00:00,0x2A1,0100010600000000
2026-09-26T08:42:26.420082+00:00,0x2A1,0100010600000000
2026-09-26T08:42:26.423084+00:00,0x2A1,0100010600000000
2026-09-26T08:42:26.427730+00:00,0x2A1,0100010600000000
2026-09-26T08:42:26.432731+00:00,0x2A1,0100010600000000
2026-09-26T08:42:26.434664+00:00,0x151,0101050000000000
2026-09-26T08:42:26.434889+00:00,0x155,00003DD5FFFF7E95
2026-09-26T08:42:26.434955+00:00,0x156,FFFFE035FFFFBCBC
2026-09-26T08:42:26.435025+00:00,0x157,0000028900002E01
2026-09-26T08:42:26.435096+00:00,0x170,FFFF960500000000
2026-09-26T08:42:26.441523+00:00,0x2A1,0100010600000000
2026-09-26T08:42:26.445727+00:00,0x2A1,0100010601000000
2026-09-26T08:42:26.448797+00:00,0x2A1,0100010601000000
2026-09-26T08:42:26.452730+00:00,0x2A1,0100010601000000
2026-09-26T08:42:26.460086+00:00,0x2A1,0100010601000000
2026-09-26T08:42:26.463084+00:00,0x2A1,0100010601000000
2026-09-26T08:42:26.467759+00:00,0x2A1,0100010601000000
2026-09-26T08:42:26.472997+00:00,0x2A1,0100010601000000
2026-09-26T08:42:26.480083+00:00,0x2A1,0100010601000000
2026-09-26T08:42:26.483549+00:00,0x2A1,0100010601000000
2026-09-26T08:42:26.488371+00:00,0x2A1,0100010601000000
2026-09-26T08:42:26.493837+00:00,0x2A1,0100010601000000
2026-09-26T08:42:26.499128+00:00,0x2A1,0100010601000000
2026-09-26T08:42:26.504086+00:00,0x2A1,0100010601000000
2026-09-26T08:42:26.507728+00:00,0x2A1,0100010601000000
2026-09-26T08:42:26.512774+00:00,0x2A1,0100010601000000
2026-09-26T08:42:26.519550+00:00,0x2A1,0100010601000000
2026-09-26T08:42:26.523644+00:00,0x2A1,0100010601000000
2026-09-26T08:42:26.527774+00:00,0x2A1,0100010601000000
2026-09-26T08:42:26.532798+00:00,0x2A1,0100010601000000
2026-09-26T08:42:26.540018+00:00,0x2A1,0100010601000000
2026-09-26T08:42:26.544018+00:00,0x2A1,0100010601000000
2026-09-26T08:42:26.548215+00:00,0x2A1,0100010601000000
2026-09-26T08:42:26.553033+00:00,0x2A1,0100010601000000
2026-09-26T08:42:26.559243+00:00,0x2A1,0100010601000000
2026-09-26T08:42:26.563043+00:00,0x2A1,0100010601000000
2026-09-26T08:42:26.567774+00:00,0x2A1,0100010601000000
2026-09-26T08:42:26.572685+00:00,0x2A1,0100010601000000
2026-09-26T08:42:26.578536+00:00,0x2A1,0100010601000000
2026-09-26T08:42:26.582985+00:00,0x2A1,0100010601000000
2026-09-26T08:42:26.587785+00:00,0x2A1,0100010601000000
2026-09-26T08:42:26.592821+00:00,0x2A1,0100010601000000
2026-09-26T08:42:26.599212+00:00,0x2A1,0100010601000000
2026-09-26T08:42:26.604286+00:00,0x2A1,0100010601000000
2026-09-26T08:42:26.608286+00:00,0x2A1,0100010601000000
2026-09-26T08:42:26.612844+00:00,0x2A1,0100010601000000
2026-09-26T08:42:26.618372+00:00,0x2A1,0100010601000000
2026-09-26T08:42:26.622844+00:00,0x2A1,0100010601000000
2026-09-26T08:42:26.627688+00:00,0x2A1,0100010601000000
2026-09-26T08:42:26.632689+00:00,0x2A1,0100010601000000
2026-09-26T08:42:26.639086+00:00,0x2A1,0100010601000000
2026-09-26T08:42:26.642889+00:00,0x2A1,0100010601000000
2026-09-26T08:42:26.647930+00:00,0x2A1,0100010601000000
2026-09-26T08:42:26.653354+00:00,0x2A1,0100010601000000
2026-09-26T08:42:26.659215+00:00,0x2A1,0100010601000000
2026-09-26T08:42:26.664332+00:00,0x2A1,0100010601000000
2026-09-26T08:42:26.667977+00:00,0x2A1,0100010601000000
2026-09-26T08:42:26.672782+00:00,0x2A1,0100010601000000
2026-09-26T08:42:26.678576+00:00,0x2A1,0100010601000000
2026-09-26T08:42:26.683289+00:00,0x2A1,0100010601000000
2026-09-26T08:42:26.687794+00:00,0x2A1,0100010601000000
2026-09-26T08:42:26.692733+00:00,0x2A1,0100010601000000
2026-09-26T08:42:26.698475+00:00,0x2A1,0100010601000000
2026-09-26T08:42:26.704261+00:00,0x2A1,0100010600000000
2026-09-26T08:42:26.708375+00:00,0x2A1,0100010600000000
2026-09-26T08:42:26.713254+00:00,0x2A1,0100010600000000
2026-09-26T08:42:26.718788+00:00,0x2A1,0100010600000000
2026-09-26T08:42:26.723552+00:00,0x2A1,0100010600000000
2026-09-26T08:42:26.727690+00:00,0x2A1,0100010600000000
2026-09-26T08:42:26.732733+00:00,0x2A1,0100010600000000
2026-09-26T08:42:26.738375+00:00,0x2A1,0100010600000000
2026-09-26T08:42:26.743214+00:00,0x2A1,0100010600000000
2026-09-26T08:42:26.747689+00:00,0x2A1,0100010600000000
2026-09-26T08:42:26.752689+00:00,0x2A1,0100010600000000
2026-09-26T08:42:26.758846+00:00,0x2A1,0100010600000000
2026-09-26T08:42:26.764088+00:00,0x2A1,0100010600000000
2026-09-26T08:42:26.768604+00:00,0x2A1,0100010600000000
2026-09-26T08:42:26.772734+00:00,0x2A1,0100010600000000
2026-09-26T08:42:26.778582+00:00,0x2A1,0100010600000000
2026-09-26T08:42:26.783603+00:00,0x2A1,0100010600000000
2026-09-26T08:42:26.787719+00:00,0x151,0101050000000000
2026-09-26T08:42:26.787879+00:00,0x155,000040DEFFFF7E93
2026-09-26T08:42:26.788115+00:00,0x2A1,0100010600000000
2026-09-26T08:42:26.788147+00:00,0x156,FFFFD610FFFFBC7C
2026-09-26T08:42:26.788906+00:00,0x157,0000028E00002E01
2026-09-26T08:42:26.789105+00:00,0x170,FFFF960500000000
2026-09-26T08:42:26.792999+00:00,0x2A1,0100010600000000
2026-09-26T08:42:26.798690+00:00,0x2A1,0100010600000000
2026-09-26T08:42:26.803690+00:00,0x2A1,0100010601000000
2026-09-26T08:42:26.807970+00:00,0x2A1,0100010601000000
2026-09-26T08:42:26.813128+00:00,0x2A1,0100010601000000
2026-09-26T08:42:26.818838+00:00,0x2A1,0100010601000000
2026-09-26T08:42:26.824331+00:00,0x2A1,0100010601000000
2026-09-26T08:42:26.827820+00:00,0x2A1,0100010601000000
2026-09-26T08:42:26.832676+00:00,0x2A1,0100010601000000
2026-09-26T08:42:26.838733+00:00,0x2A1,0100010601000000
2026-09-26T08:42:26.844132+00:00,0x2A1,0100010601000000
2026-09-26T08:42:26.847938+00:00,0x2A1,0100010601000000
2026-09-26T08:42:26.852689+00:00,0x2A1,0100010601000000
2026-09-26T08:42:26.858552+00:00,0x2A1,0100010601000000
2026-09-26T08:42:26.863975+00:00,0x2A1,0100010601000000
2026-09-26T08:42:26.868131+00:00,0x2A1,0100010601000000
2026-09-26T08:42:26.873654+00:00,0x2A1,0100010601000000
2026-09-26T08:42:26.878661+00:00,0x2A1,0100010601000000
2026-09-26T08:42:26.884131+00:00,0x2A1,0100010601000000
2026-09-26T08:42:26.887735+00:00,0x2A1,0100010601000000
2026-09-26T08:42:26.892892+00:00,0x2A1,0100010601000000
2026-09-26T08:42:26.898376+00:00,0x2A1,0100010601000000
2026-09-26T08:42:26.904552+00:00,0x2A1,0100010601000000
2026-09-26T08:42:26.907734+00:00,0x2A1,0100010601000000
2026-09-26T08:42:26.912935+00:00,0x2A1,0100010601000000
2026-09-26T08:42:26.918828+00:00,0x2A1,0100010601000000
2026-09-26T08:42:26.924604+00:00,0x2A1,0100010601000000
2026-09-26T08:42:26.928286+00:00,0x2A1,0100010601000000
2026-09-26T08:42:26.933028+00:00,0x2A1,0100010601000000
2026-09-26T08:42:26.938470+00:00,0x2A1,0100010601000000
2026-09-26T08:42:26.944387+00:00,0x2A1,0100010601000000
2026-09-26T08:42:26.947777+00:00,0x2A1,0100010601000000
2026-09-26T08:42:26.952821+00:00,0x2A1,0100010601000000
2026-09-26T08:42:26.958445+00:00,0x2A1,0100010601000000
2026-09-26T08:42:26.964089+00:00,0x2A1,0100010601000000
2026-09-26T08:42:26.967731+00:00,0x2A1,0100010601000000
2026-09-26T08:42:26.972977+00:00,0x2A1,0100010601000000
2026-09-26T08:42:26.978776+00:00,0x2A1,0100010601000000
2026-09-26T08:42:26.985327+00:00,0x2A1,0100010601000000
2026-09-26T08:42:26.988527+00:00,0x2A1,0100010601000000
2026-09-26T08:42:26.993417+00:00,0x2A1,0100010601000000
2026-09-26T08:42:26.998373+00:00,0x2A1,0100010601000000
2026-09-26T08:42:27.003996+00:00,0x2A1,0100010601000000
2026-09-26T08:42:27.007773+00:00,0x2A1,0100010601000000
2026-09-26T08:42:27.013330+00:00,0x2A1,0100010601000000
2026-09-26T08:42:27.018527+00:00,0x2A1,0100010601000000
2026-09-26T08:42:27.023974+00:00,0x2A1,0100010601000000
2026-09-26T08:42:27.028256+00:00,0x2A1,0100010601000000
2026-09-26T08:42:27.033419+00:00,0x2A1,0100010601000000
2026-09-26T08:42:27.039204+00:00,0x2A1,0100010601000000
2026-09-26T08:42:27.044087+00:00,0x2A1,0100010601000000
2026-09-26T08:42:27.047736+00:00,0x2A1,0100010601000000
2026-09-26T08:42:27.052691+00:00,0x2A1,0100010601000000
2026-09-26T08:42:27.058378+00:00,0x2A1,0100010601000000
2026-09-26T08:42:27.064167+00:00,0x2A1,0100010600000000
2026-09-26T08:42:27.067848+00:00,0x2A1,0100010600000000
2026-09-26T08:42:27.072692+00:00,0x2A1,0100010600000000
2026-09-26T08:42:27.078345+00:00,0x2A1,0100010600000000
2026-09-26T08:42:27.085219+00:00,0x2A1,0100010600000000
2026-09-26T08:42:27.088606+00:00,0x2A1,0100010600000000
2026-09-26T08:42:27.093357+00:00,0x2A1,0100010600000000
2026-09-26T08:42:27.098649+00:00,0x2A1,0100010600000000
2026-09-26T08:42:27.104582+00:00,0x2A1,0100010600000000
2026-09-26T08:42:27.107799+00:00,0x2A1,0100010600000000
2026-09-26T08:42:27.112799+00:00,0x2A1,0100010600000000
2026-09-26T08:42:27.118383+00:00,0x2A1,0100010600000000
2026-09-26T08:42:27.124242+00:00,0x2A1,0100010600000000
2026-09-26T08:42:27.127693+00:00,0x2A1,0100010600000000
2026-09-26T08:42:27.132761+00:00,0x2A1,0100010600000000
2026-09-26T08:42:27.138944+00:00,0x2A1,0100010600000000
2026-09-26T08:42:27.141130+00:00,0x151,0101050000000000
2026-09-26T08:42:27.141374+00:00,0x155,000043E7FFFF7E90
2026-09-26T08:42:27.141417+00:00,0x156,FFFFCBEBFFFFBC3C
2026-09-26T08:42:27.141531+00:00,0x157,0000029400002E01
2026-09-26T08:42:27.141605+00:00,0x170,FFFF960500000000
2026-09-26T08:42:27.145652+00:00,0x2A1,0100010600000000
2026-09-26T08:42:27.149023+00:00,0x2A1,0100010600000000
2026-09-26T08:42:27.153262+00:00,0x2A1,0100010600000000
2026-09-26T08:42:27.158531+00:00,0x2A1,0100010600000000
2026-09-26T08:42:27.164296+00:00,0x2A1,0100010601000000
2026-09-26T08:42:27.167803+00:00,0x2A1,0100010601000000
2026-09-26T08:42:27.172733+00:00,0x2A1,0100010601000000
2026-09-26T08:42:27.178530+00:00,0x2A1,0100010601000000
2026-09-26T08:42:27.184959+00:00,0x2A1,0100010601000000
2026-09-26T08:42:27.187893+00:00,0x2A1,0100010601000000
2026-09-26T08:42:27.193581+00:00,0x2A1,0100010601000000
2026-09-26T08:42:27.199023+00:00,0x2A1,0100010601000000
2026-09-26T08:42:27.205664+00:00,0x2A1,0100010601000000
2026-09-26T08:42:27.208747+00:00,0x2A1,0100010601000000
2026-09-26T08:42:27.212940+00:00,0x2A1,0100010601000000
2026-09-26T08:42:27.218431+00:00,0x2A1,0100010601000000
2026-09-26T08:42:27.224664+00:00,0x2A1,0100010601000000
2026-09-26T08:42:27.227979+00:00,0x2A1,0100010601000000
2026-09-26T08:42:27.232779+00:00,0x2A1,0100010601000000
2026-09-26T08:42:27.238552+00:00,0x2A1,0100010601000000
2026-09-26T08:42:27.244608+00:00,0x2A1,0100010601000000
2026-09-26T08:42:27.247851+00:00,0x2A1,0100010601000000
2026-09-26T08:42:27.253046+00:00,0x2A1,0100010601000000
2026-09-26T08:42:27.259171+00:00,0x2A1,0100010601000000
2026-09-26T08:42:27.265046+00:00,0x2A1,0100010601000000
2026-09-26T08:42:27.268091+00:00,0x2A1,0100010601000000
2026-09-26T08:42:27.273028+00:00,0x2A1,0100010601000000
2026-09-26T08:42:27.278645+00:00,0x2A1,0100010601000000
2026-09-26T08:42:27.284378+00:00,0x2A1,0100010601000000
2026-09-26T08:42:27.287739+00:00,0x2A1,0100010601000000
2026-09-26T08:42:27.292895+00:00,0x2A1,0100010601000000
2026-09-26T08:42:27.298531+00:00,0x2A1,0100010601000000
2026-09-26T08:42:27.304859+00:00,0x2A1,0100010601000000
2026-09-26T08:42:27.308799+00:00,0x2A1,0100010601000000
2026-09-26T08:42:27.313582+00:00,0x2A1,0100010601000000
2026-09-26T08:42:27.318423+00:00,0x2A1,0100010601000000
2026-09-26T08:42:27.324385+00:00,0x2A1,0100010601000000
2026-09-26T08:42:27.327742+00:00,0x2A1,0100010601000000
2026-09-26T08:42:27.332753+00:00,0x2A1,0100010601000000
2026-09-26T08:42:27.338348+00:00,0x2A1,0100010601000000
2026-09-26T08:42:27.345048+00:00,0x2A1,0100010601000000
2026-09-26T08:42:27.348603+00:00,0x2A1,0100010601000000
2026-09-26T08:42:27.352745+00:00,0x2A1,0100010601000000
2026-09-26T08:42:27.359409+00:00,0x2A1,0100010601000000
2026-09-26T08:42:27.366557+00:00,0x2A1,0100010601000000
2026-09-26T08:42:27.369648+00:00,0x2A1,0100010601000000
2026-09-26T08:42:27.372979+00:00,0x2A1,0100010601000000
2026-09-26T08:42:27.378558+00:00,0x2A1,0100010601000000
2026-09-26T08:42:27.385137+00:00,0x2A1,0100010601000000
2026-09-26T08:42:27.388094+00:00,0x2A1,0100010601000000
2026-09-26T08:42:27.392792+00:00,0x2A1,0100010601000000
2026-09-26T08:42:27.398532+00:00,0x2A1,0100010601000000
2026-09-26T08:42:27.404629+00:00,0x2A1,0100010601000000
2026-09-26T08:42:27.408215+00:00,0x2A1,0100010601000000
2026-09-26T08:42:27.413466+00:00,0x2A1,0100010601000000
2026-09-26T08:42:27.419030+00:00,0x2A1,0100010601000000
2026-09-26T08:42:27.425445+00:00,0x2A1,0100010600000000
2026-09-26T08:42:27.428557+00:00,0x2A1,0100010600000000
2026-09-26T08:42:27.432859+00:00,0x2A1,0100010600000000
2026-09-26T08:42:27.438697+00:00,0x2A1,0100010600000000
2026-09-26T08:42:27.444339+00:00,0x2A1,0100010600000000
2026-09-26T08:42:27.447697+00:00,0x2A1,0100010600000000
2026-09-26T08:42:27.452697+00:00,0x2A1,0100010600000000
2026-09-26T08:42:27.458559+00:00,0x2A1,0100010600000000
2026-09-26T08:42:27.466987+00:00,0x2A1,0100010600000000
2026-09-26T08:42:27.470382+00:00,0x2A1,0100010600000000
2026-09-26T08:42:27.473608+00:00,0x2A1,0100010600000000
2026-09-26T08:42:27.478597+00:00,0x2A1,0100010600000000
2026-09-26T08:42:27.483221+00:00,0x2A1,0100010600000000
2026-09-26T08:42:27.488173+00:00,0x2A1,0100010600000000
2026-09-26T08:42:27.492757+00:00,0x2A1,0100010600000000
2026-09-26T08:42:27.494166+00:00,0x151,0101050000000000
2026-09-26T08:42:27.494180+00:00,0x155,000046F0FFFF7E8E
2026-09-26T08:42:27.494322+00:00,0x156,FFFFC1C6FFFFBBFC
2026-09-26T08:42:27.494326+00:00,0x157,0000029900002E01
2026-09-26T08:42:27.494469+00:00,0x170,FFFF960500000000
2026-09-26T08:42:27.498535+00:00,0x2A1,0100010600000000
2026-09-26T08:42:27.502904+00:00,0x2A1,0100010600000000
2026-09-26T08:42:27.507894+00:00,0x2A1,0100010601000000
2026-09-26T08:42:27.512777+00:00,0x2A1,0100010601000000
2026-09-26T08:42:27.520183+00:00,0x2A1,0100010601000000
2026-09-26T08:42:27.523649+00:00,0x2A1,0100010601000000
2026-09-26T08:42:27.528800+00:00,0x2A1,0100010601000000
2026-09-26T08:42:27.533269+00:00,0x2A1,0100010601000000
2026-09-26T08:42:27.538540+00:00,0x2A1,0100010601000000
2026-09-26T08:42:27.543433+00:00,0x2A1,0100010601000000
2026-09-26T08:42:27.547846+00:00,0x2A1,0100010601000000
2026-09-26T08:42:27.552761+00:00,0x2A1,0100010601000000
2026-09-26T08:42:27.558289+00:00,0x2A1,0100010601000000
2026-09-26T08:42:27.563691+00:00,0x2A1,0100010601000000
2026-09-26T08:42:27.567892+00:00,0x2A1,0100010601000000
2026-09-26T08:42:27.572734+00:00,0x2A1,0100010601000000
2026-09-26T08:42:27.578850+00:00,0x2A1,0100010601000000
2026-09-26T08:42:27.583175+00:00,0x2A1,0100010601000000
2026-09-26T08:42:27.588380+00:00,0x2A1,0100010601000000
2026-09-26T08:42:27.592739+00:00,0x2A1,0100010601000000
2026-09-26T08:42:27.598491+00:00,0x2A1,0100010601000000
2026-09-26T08:42:27.602803+00:00,0x2A1,0100010601000000
2026-09-26T08:42:27.607739+00:00,0x2A1,0100010601000000
2026-09-26T08:42:27.613149+00:00,0x2A1,0100010601000000
2026-09-26T08:42:27.618403+00:00,0x2A1,0100010601000000
2026-09-26T08:42:27.622793+00:00,0x2A1,0100010601000000
2026-09-26T08:42:27.628359+00:00,0x2A1,0100010601000000
2026-09-26T08:42:27.634389+00:00,0x2A1,0100010601000000
2026-09-26T08:42:27.638839+00:00,0x2A1,0100010601000000
2026-09-26T08:42:27.642740+00:00,0x2A1,0100010601000000
2026-09-26T08:42:27.647983+00:00,0x2A1,0100010601000000
2026-09-26T08:42:27.652909+00:00,0x2A1,0100010601000000
2026-09-26T08:42:27.658440+00:00,0x2A1,0100010601000000
2026-09-26T08:42:27.662853+00:00,0x2A1,0100010601000000
2026-09-26T08:42:27.667812+00:00,0x2A1,0100010601000000
2026-09-26T08:42:27.672832+00:00,0x2A1,0100010601000000
2026-09-26T08:42:27.678294+00:00,0x2A1,0100010601000000
2026-09-26T08:42:27.684655+00:00,0x2A1,0100010601000000
2026-09-26T08:42:27.690675+00:00,0x2A1,0100010601000000
2026-09-26T08:42:27.694028+00:00,0x2A1,0100010601000000
2026-09-26T08:42:27.698533+00:00,0x2A1,0100010601000000
2026-09-26T08:42:27.704227+00:00,0x2A1,0100010601000000
2026-09-26T08:42:27.708699+00:00,0x2A1,0100010601000000
2026-09-26T08:42:27.713383+00:00,0x2A1,0100010601000000
2026-09-26T08:42:27.718545+00:00,0x2A1,0100010601000000
2026-09-26T08:42:27.722942+00:00,0x2A1,0100010601000000
2026-09-26T08:42:27.728047+00:00,0x2A1,0100010601000000
2026-09-26T08:42:27.732851+00:00,0x2A1,0100010601000000
2026-09-26T08:42:27.739531+00:00,0x2A1,0100010601000000
2026-09-26T08:42:27.743383+00:00,0x2A1,0100010601000000
2026-09-26T08:42:27.748764+00:00,0x2A1,0100010601000000
2026-09-26T08:42:27.752820+00:00,0x2A1,0100010601000000
2026-09-26T08:42:27.758457+00:00,0x2A1,0100010601000000
2026-09-26T08:42:27.762718+00:00,0x2A1,0100010601000000
2026-09-26T08:42:27.768214+00:00,0x2A1,0100010600000000
2026-09-26T08:42:27.772765+00:00,0x2A1,0100010600000000
2026-09-26T08:42:27.778538+00:00,0x2A1,0100010600000000
2026-09-26T08:42:27.782742+00:00,0x2A1,0100010600000000
2026-09-26T08:42:27.788857+00:00,0x2A1,0100010600000000
2026-09-26T08:42:27.793074+00:00,0x2A1,0100010600000000
2026-09-26T08:42:27.798984+00:00,0x2A1,0100010600000000
2026-09-26T08:42:27.804036+00:00,0x2A1,0100010600000000
2026-09-26T08:42:27.808590+00:00,0x2A1,0100010600000000
2026-09-26T08:42:27.812856+00:00,0x2A1,0100010600000000
2026-09-26T08:42:27.818427+00:00,0x2A1,0100010600000000
2026-09-26T08:42:27.822798+00:00,0x2A1,0100010600000000
2026-09-26T08:42:27.828590+00:00,0x2A1,0100010600000000
2026-09-26T08:42:27.832811+00:00,0x2A1,0100010600000000
2026-09-26T08:42:27.838609+00:00,0x2A1,0100010600000000
2026-09-26T08:42:27.843145+00:00,0x2A1,0100010600000000
2026-09-26T08:42:27.846561+00:00,0x151,0101050000000000
2026-09-26T08:42:27.846808+00:00,0x155,000049F9FFFF7E8B
2026-09-26T08:42:27.846885+00:00,0x156,FFFFB7A1FFFFBBBC
2026-09-26T08:42:27.846991+00:00,0x157,0000029E00002E01
2026-09-26T08:42:27.847015+00:00,0x170,FFFF960500000000
2026-09-26T08:42:27.849745+00:00,0x2A1,0100010600000000
2026-09-26T08:42:27.853276+00:00,0x2A1,0100010600000000
2026-09-26T08:42:27.858386+00:00,0x2A1,0100010600000000
2026-09-26T08:42:27.862737+00:00,0x2A1,0100010600000000
2026-09-26T08:42:27.868938+00:00,0x2A1,0100010601000000
2026-09-26T08:42:27.872801+00:00,0x2A1,0100010601000000
2026-09-26T08:42:27.878380+00:00,0x2A1,0100010601000000
2026-09-26T08:42:27.882737+00:00,0x2A1,0100010601000000
2026-09-26T08:42:27.889003+00:00,0x2A1,0100010601000000
2026-09-26T08:42:27.892938+00:00,0x2A1,0100010601000000
2026-09-26T08:42:27.899380+00:00,0x2A1,0100010601000000
2026-09-26T08:42:27.903025+00:00,0x2A1,0100010601000000
2026-09-26T08:42:27.909384+00:00,0x2A1,0100010601000000
2026-09-26T08:42:27.912964+00:00,0x2A1,0100010601000000
2026-09-26T08:42:27.918342+00:00,0x2A1,0100010601000000
2026-09-26T08:42:27.922678+00:00,0x2A1,0100010601000000
2026-09-26T08:42:27.928901+00:00,0x2A1,0100010601000000
2026-09-26T08:42:27.932700+00:00,0x2A1,0100010601000000
2026-09-26T08:42:27.938406+00:00,0x2A1,0100010601000000
2026-09-26T08:42:27.942747+00:00,0x2A1,0100010601000000
2026-09-26T08:42:27.948955+00:00,0x2A1,0100010601000000
2026-09-26T08:42:27.953613+00:00,0x2A1,0100010601000000
2026-09-26T08:42:27.959546+00:00,0x2A1,0100010601000000
2026-09-26T08:42:27.962806+00:00,0x2A1,0100010601000000
2026-09-26T08:42:27.970172+00:00,0x2A1,0100010601000000
2026-09-26T08:42:27.973140+00:00,0x2A1,0100010601000000
2026-09-26T08:42:27.978547+00:00,0x2A1,0100010601000000
2026-09-26T08:42:27.982854+00:00,0x2A1,0100010601000000
2026-09-26T08:42:27.989055+00:00,0x2A1,0100010601000000
2026-09-26T08:42:27.992701+00:00,0x2A1,0100010601000000
2026-09-26T08:42:27.998343+00:00,0x2A1,0100010601000000
2026-09-26T08:42:28.003139+00:00,0x2A1,0100010601000000
2026-09-26T08:42:28.009626+00:00,0x2A1,0100010601000000
2026-09-26T08:42:28.013433+00:00,0x2A1,0100010601000000
2026-09-26T08:42:28.019188+00:00,0x2A1,0100010601000000
2026-09-26T08:42:28.022754+00:00,0x2A1,0100010601000000
2026-09-26T08:42:28.029608+00:00,0x2A1,0100010601000000
2026-09-26T08:42:28.032728+00:00,0x2A1,0100010601000000
2026-09-26T08:42:28.038391+00:00,0x2A1,0100010601000000
2026-09-26T08:42:28.042803+00:00,0x2A1,0100010601000000
2026-09-26T08:42:28.049610+00:00,0x2A1,0100010601000000
2026-09-26T08:42:28.052811+00:00,0x2A1,0100010601000000
2026-09-26T08:42:28.059753+00:00,0x2A1,0100010601000000
2026-09-26T08:42:28.063287+00:00,0x2A1,0100010601000000
2026-09-26T08:42:28.070295+00:00,0x2A1,0100010601000000
2026-09-26T08:42:28.073248+00:00,0x2A1,0100010601000000
2026-09-26T08:42:28.078560+00:00,0x2A1,0100010601000000
2026-09-26T08:42:28.082901+00:00,0x2A1,0100010601000000
2026-09-26T08:42:28.089562+00:00,0x2A1,0100010601000000
2026-09-26T08:42:28.092858+00:00,0x2A1,0100010601000000
2026-09-26T08:42:28.098540+00:00,0x2A1,0100010601000000
2026-09-26T08:42:28.102730+00:00,0x2A1,0100010601000000
2026-09-26T08:42:28.109395+00:00,0x2A1,0100010601000000
2026-09-26T08:42:28.113194+00:00,0x2A1,0100010601000000
2026-09-26T08:42:28.119086+00:00,0x2A1,0100010601000000
2026-09-26T08:42:28.123073+00:00,0x2A1,0100010601000000
2026-09-26T08:42:28.129787+00:00,0x2A1,0100010600000000
2026-09-26T08:42:28.132859+00:00,0x2A1,0100010600000000
2026-09-26T08:42:28.138386+00:00,0x2A1,0100010600000000
2026-09-26T08:42:28.142828+00:00,0x2A1,0100010600000000
2026-09-26T08:42:28.149957+00:00,0x2A1,0100010600000000
2026-09-26T08:42:28.153494+00:00,0x2A1,0100010600000000
2026-09-26T08:42:28.159865+00:00,0x2A1,0100010600000000
2026-09-26T08:42:28.165367+00:00,0x2A1,0100010600000000
2026-09-26T08:42:28.172698+00:00,0x2A1,0100010600000000
2026-09-26T08:42:28.176701+00:00,0x2A1,0100010600000000
2026-09-26T08:42:28.181392+00:00,0x2A1,0100010600000000
2026-09-26T08:42:28.184900+00:00,0x2A1,0100010600000000
2026-09-26T08:42:28.190279+00:00,0x2A1,0100010600000000
2026-09-26T08:42:28.193658+00:00,0x2A1,0100010600000000
2026-09-26T08:42:28.199322+00:00,0x2A1,0100010600000000
2026-09-26T08:42:28.199871+00:00,0x151,0101050000000000
2026-09-26T08:42:28.201004+00:00,0x155,00004C6CFFFF7E8B
2026-09-26T08:42:28.201160+00:00,0x156,FFFFB032FFFFB8D8
2026-09-26T08:42:28.201307+00:00,0x157,000002A900002E01
2026-09-26T08:42:28.201384+00:00,0x170,FFFF960500000000
2026-09-26T08:42:28.203809+00:00,0x2A1,0100010600000000
2026-09-26T08:42:28.210263+00:00,0x2A1,0100010601000000
2026-09-26T08:42:28.213304+00:00,0x2A1,0100010601000000
2026-09-26T08:42:28.218389+00:00,0x2A1,0100010601000000
2026-09-26T08:42:28.222862+00:00,0x2A1,0100010601000000
2026-09-26T08:42:28.230084+00:00,0x2A1,0100010601000000
2026-09-26T08:42:28.233614+00:00,0x2A1,0100010601000000
2026-09-26T08:42:28.238601+00:00,0x2A1,0100010601000000
2026-09-26T08:42:28.242700+00:00,0x2A1,0100010601000000
2026-09-26T08:42:28.249597+00:00,0x2A1,0100010601000000
2026-09-26T08:42:28.252747+00:00,0x2A1,0100010601000000
2026-09-26T08:42:28.258538+00:00,0x2A1,0100010601000000
2026-09-26T08:42:28.262946+00:00,0x2A1,0100010601000000
2026-09-26T08:42:28.269305+00:00,0x2A1,0100010601000000
2026-09-26T08:42:28.272974+00:00,0x2A1,0100010601000000
2026-09-26T08:42:28.278814+00:00,0x2A1,0100010601000000
2026-09-26T08:42:28.283109+00:00,0x2A1,0100010601000000
2026-09-26T08:42:28.290011+00:00,0x2A1,0100010601000000
2026-09-26T08:42:28.293226+00:00,0x2A1,0100010601000000
2026-09-26T08:42:28.298946+00:00,0x2A1,0100010601000000
2026-09-26T08:42:28.302702+00:00,0x2A1,0100010601000000
2026-09-26T08:42:28.309553+00:00,0x2A1,0100010601000000
2026-09-26T08:42:28.313098+00:00,0x2A1,0100010601000000
2026-09-26T08:42:28.318431+00:00,0x2A1,0100010601000000
2026-09-26T08:42:28.322798+00:00,0x2A1,0100010601000000
2026-09-26T08:42:28.329324+00:00,0x2A1,0100010601000000
2026-09-26T08:42:28.332952+00:00,0x2A1,0100010601000000
2026-09-26T08:42:28.338840+00:00,0x2A1,0100010601000000
2026-09-26T08:42:28.343191+00:00,0x2A1,0100010601000000
2026-09-26T08:42:28.349594+00:00,0x2A1,0100010601000000
2026-09-26T08:42:28.352948+00:00,0x2A1,0100010601000000
2026-09-26T08:42:28.358356+00:00,0x2A1,0100010601000000
2026-09-26T08:42:28.362718+00:00,0x2A1,0100010601000000
2026-09-26T08:42:28.368078+00:00,0x2A1,0100010601000000
2026-09-26T08:42:28.372704+00:00,0x2A1,0100010601000000
2026-09-26T08:42:28.378347+00:00,0x2A1,0100010601000000
2026-09-26T08:42:28.382758+00:00,0x2A1,0100010601000000
2026-09-26T08:42:28.388191+00:00,0x2A1,0100010601000000
2026-09-26T08:42:28.393367+00:00,0x2A1,0100010600000000
2026-09-26T08:42:28.399319+00:00,0x2A1,0100010600000000
2026-09-26T08:42:28.403103+00:00,0x2A1,0100010600000000
2026-09-26T08:42:28.408026+00:00,0x2A1,0100010600000000
2026-09-26T08:42:28.413102+00:00,0x2A1,0100010600000000
2026-09-26T08:42:28.418489+00:00,0x2A1,0100010600000000
2026-09-26T08:42:28.422759+00:00,0x2A1,0100010600000000
2026-09-26T08:42:28.427802+00:00,0x2A1,0100010600000000
2026-09-26T08:42:28.432764+00:00,0x2A1,0100010600000000
2026-09-26T08:42:28.438668+00:00,0x2A1,0100010600000000
2026-09-26T08:42:28.443083+00:00,0x2A1,0100010600000000
2026-09-26T08:42:28.448125+00:00,0x2A1,0100010600000000
2026-09-26T08:42:28.453859+00:00,0x2A1,0100010600000000
2026-09-26T08:42:28.458430+00:00,0x2A1,0100010600000000
2026-09-26T08:42:28.462860+00:00,0x2A1,0100010600000000
2026-09-26T08:42:28.467751+00:00,0x2A1,0100010600000000
2026-09-26T08:42:28.473439+00:00,0x2A1,0100010600000000
2026-09-26T08:42:28.478490+00:00,0x2A1,0100010600000000
2026-09-26T08:42:28.482752+00:00,0x2A1,0100010600000000
2026-09-26T08:42:28.487702+00:00,0x2A1,0100010600000000
2026-09-26T08:42:28.494001+00:00,0x2A1,0100010600000000
2026-09-26T08:42:28.499153+00:00,0x2A1,0100010600000000
2026-09-26T08:42:28.503389+00:00,0x2A1,0100010600000000
2026-09-26T08:42:28.504859+00:00,0x151,0101050000000000
2026-09-26T08:42:28.504929+00:00,0x155,00004EDFFFFF7E8B
2026-09-26T08:42:28.504997+00:00,0x156,FFFFA8C3FFFFB5F3
2026-09-26T08:42:28.505539+00:00,0x157,000002B400002E01
2026-09-26T08:42:28.505617+00:00,0x170,FFFF960500000000
2026-09-26T08:42:28.507859+00:00,0x2A1,0100010600000000
2026-09-26T08:42:28.513540+00:00,0x2A1,0100010601000000
2026-09-26T08:42:28.518303+00:00,0x2A1,0100010601000000
2026-09-26T08:42:28.523346+00:00,0x2A1,0100010601000000
2026-09-26T08:42:28.527683+00:00,0x2A1,0100010601000000
2026-09-26T08:42:28.533704+00:00,0x2A1,0100010601000000
2026-09-26T08:42:28.538254+00:00,0x2A1,0100010601000000
2026-09-26T08:42:28.542862+00:00,0x2A1,0100010601000000
2026-09-26T08:42:28.548303+00:00,0x2A1,0100010601000000
2026-09-26T08:42:28.554565+00:00,0x2A1,0100010601000000
2026-09-26T08:42:28.558859+00:00,0x2A1,0100010601000000
2026-09-26T08:42:28.562862+00:00,0x2A1,0100010601000000
2026-09-26T08:42:28.568034+00:00,0x2A1,0100010601000000
2026-09-26T08:42:28.574063+00:00,0x2A1,0100010601000000
2026-09-26T08:42:28.578347+00:00,0x2A1,0100010601000000
2026-09-26T08:42:28.582747+00:00,0x2A1,0100010601000000
2026-09-26T08:42:28.587812+00:00,0x2A1,0100010601000000
2026-09-26T08:42:28.594105+00:00,0x2A1,0100010601000000
2026-09-26T08:42:28.598997+00:00,0x2A1,0100010601000000
2026-09-26T08:42:28.603288+00:00,0x2A1,0100010601000000
2026-09-26T08:42:28.608922+00:00,0x2A1,0100010601000000
2026-09-26T08:42:28.614681+00:00,0x2A1,0100010601000000
2026-09-26T08:42:28.618673+00:00,0x2A1,0100010601000000
2026-09-26T08:42:28.622949+00:00,0x2A1,0100010601000000
2026-09-26T08:42:28.627948+00:00,0x2A1,0100010601000000
2026-09-26T08:42:28.633910+00:00,0x2A1,0100010601000000
2026-09-26T08:42:28.638590+00:00,0x2A1,0100010601000000
2026-09-26T08:42:28.642721+00:00,0x2A1,0100010601000000
2026-09-26T08:42:28.647705+00:00,0x2A1,0100010601000000
2026-09-26T08:42:28.655600+00:00,0x2A1,0100010601000000
2026-09-26T08:42:28.660842+00:00,0x2A1,0100010601000000
2026-09-26T08:42:28.664081+00:00,0x2A1,0100010601000000
2026-09-26T08:42:28.667961+00:00,0x2A1,0100010601000000
2026-09-26T08:42:28.674489+00:00,0x2A1,0100010601000000
2026-09-26T08:42:28.678348+00:00,0x2A1,0100010601000000
2026-09-26T08:42:28.682749+00:00,0x2A1,0100010601000000
2026-09-26T08:42:28.687702+00:00,0x2A1,0100010601000000
2026-09-26T08:42:28.694302+00:00,0x2A1,0100010601000000
2026-09-26T08:42:28.698446+00:00,0x2A1,0100010601000000
2026-09-26T08:42:28.702876+00:00,0x2A1,0100010601000000
2026-09-26T08:42:28.708677+00:00,0x2A1,0100010601000000
2026-09-26T08:42:28.714793+00:00,0x2A1,0100010600000000
2026-09-26T08:42:28.718863+00:00,0x2A1,0100010600000000
2026-09-26T08:42:28.722746+00:00,0x2A1,0100010600000000
2026-09-26T08:42:28.727727+00:00,0x2A1,0100010600000000
2026-09-26T08:42:28.733959+00:00,0x2A1,0100010600000000
2026-09-26T08:42:28.738436+00:00,0x2A1,0100010600000000
2026-09-26T08:42:28.742754+00:00,0x2A1,0100010600000000
2026-09-26T08:42:28.747754+00:00,0x2A1,0100010600000000
2026-09-26T08:42:28.754229+00:00,0x2A1,0100010600000000
2026-09-26T08:42:28.759856+00:00,0x2A1,0100010600000000
2026-09-26T08:42:28.763412+00:00,0x2A1,0100010600000000
2026-09-26T08:42:28.768181+00:00,0x2A1,0100010600000000
2026-09-26T08:42:28.774104+00:00,0x2A1,0100010600000000
2026-09-26T08:42:28.778349+00:00,0x2A1,0100010600000000
2026-09-26T08:42:28.782663+00:00,0x2A1,0100010600000000
2026-09-26T08:42:28.787706+00:00,0x2A1,0100010600000000
2026-09-26T08:42:28.794182+00:00,0x2A1,0100010600000000
2026-09-26T08:42:28.798392+00:00,0x2A1,0100010600000000
2026-09-26T08:42:28.803043+00:00,0x2A1,0100010600000000
2026-09-26T08:42:28.807899+00:00,0x2A1,0100010600000000
2026-09-26T08:42:28.807931+00:00,0x151,0101050000000000
2026-09-26T08:42:28.808045+00:00,0x155,00005152FFFF7E8B
2026-09-26T08:42:28.808114+00:00,0x156,FFFFA154FFFFB30F
2026-09-26T08:42:28.808182+00:00,0x157,000002BF00002E01
2026-09-26T08:42:28.808239+00:00,0x170,FFFF960500000000
2026-09-26T08:42:28.814794+00:00,0x2A1,0100010601000000
2026-09-26T08:42:28.819037+00:00,0x2A1,0100010601000000
2026-09-26T08:42:28.822950+00:00,0x2A1,0100010601000000
2026-09-26T08:42:28.827707+00:00,0x2A1,0100010601000000
2026-09-26T08:42:28.834251+00:00,0x2A1,0100010601000000
2026-09-26T08:42:28.839126+00:00,0x2A1,0100010601000000
2026-09-26T08:42:28.842710+00:00,0x2A1,0100010601000000
2026-09-26T08:42:28.847759+00:00,0x2A1,0100010601000000
2026-09-26T08:42:28.854362+00:00,0x2A1,0100010601000000
2026-09-26T08:42:28.858484+00:00,0x2A1,0100010601000000
2026-09-26T08:42:28.863128+00:00,0x2A1,0100010601000000
2026-09-26T08:42:28.869128+00:00,0x2A1,0100010601000000
2026-09-26T08:42:28.875400+00:00,0x2A1,0100010601000000
2026-09-26T08:42:28.879347+00:00,0x2A1,0100010601000000
2026-09-26T08:42:28.882907+00:00,0x2A1,0100010601000000
2026-09-26T08:42:28.888050+00:00,0x2A1,0100010601000000
2026-09-26T08:42:28.894599+00:00,0x2A1,0100010601000000
2026-09-26T08:42:28.898551+00:00,0x2A1,0100010601000000
2026-09-26T08:42:28.902706+00:00,0x2A1,0100010601000000
2026-09-26T08:42:28.907848+00:00,0x2A1,0100010601000000
2026-09-26T08:42:28.914306+00:00,0x2A1,0100010601000000
2026-09-26T08:42:28.918547+00:00,0x2A1,0100010601000000
2026-09-26T08:42:28.923560+00:00,0x2A1,0100010601000000
2026-09-26T08:42:28.928327+00:00,0x2A1,0100010601000000
2026-09-26T08:42:28.935922+00:00,0x2A1,0100010601000000
2026-09-26T08:42:28.939948+00:00,0x2A1,0100010601000000
2026-09-26T08:42:28.943005+00:00,0x2A1,0100010601000000
2026-09-26T08:42:28.947704+00:00,0x2A1,0100010601000000
2026-09-26T08:42:28.954813+00:00,0x2A1,0100010601000000
2026-09-26T08:42:28.958664+00:00,0x2A1,0100010601000000
2026-09-26T08:42:28.962888+00:00,0x2A1,0100010601000000
2026-09-26T08:42:28.967813+00:00,0x2A1,0100010601000000
2026-09-26T08:42:28.974713+00:00,0x2A1,0100010601000000
2026-09-26T08:42:28.978446+00:00,0x2A1,0100010601000000
2026-09-26T08:42:28.983872+00:00,0x2A1,0100010601000000
2026-09-26T08:42:28.988159+00:00,0x2A1,0100010601000000
2026-09-26T08:42:28.994600+00:00,0x2A1,0100010600000000
2026-09-26T08:42:28.998607+00:00,0x2A1,0100010600000000
2026-09-26T08:42:29.002721+00:00,0x2A1,0100010600000000
2026-09-26T08:42:29.007766+00:00,0x2A1,0100010600000000
2026-09-26T08:42:29.014253+00:00,0x2A1,0100010600000000
2026-09-26T08:42:29.018771+00:00,0x2A1,0100010600000000
2026-09-26T08:42:29.022759+00:00,0x2A1,0100010600000000
2026-09-26T08:42:29.027751+00:00,0x2A1,0100010600000000
2026-09-26T08:42:29.034725+00:00,0x2A1,0100010600000000
2026-09-26T08:42:29.039093+00:00,0x2A1,0100010600000000
2026-09-26T08:42:29.043184+00:00,0x2A1,0100010600000000
2026-09-26T08:42:29.047795+00:00,0x2A1,0100010600000000
2026-09-26T08:42:29.054623+00:00,0x2A1,0100010600000000
2026-09-26T08:42:29.058395+00:00,0x2A1,0100010600000000
2026-09-26T08:42:29.062665+00:00,0x2A1,0100010600000000
2026-09-26T08:42:29.067802+00:00,0x2A1,0100010600000000
2026-09-26T08:42:29.074416+00:00,0x2A1,0100010600000000
2026-09-26T08:42:29.078590+00:00,0x2A1,0100010600000000
2026-09-26T08:42:29.082762+00:00,0x2A1,0100010600000000
2026-09-26T08:42:29.088102+00:00,0x2A1,0100010600000000
2026-09-26T08:42:29.095665+00:00,0x2A1,0100010600000000
2026-09-26T08:42:29.099751+00:00,0x2A1,0100010600000000
2026-09-26T08:42:29.102794+00:00,0x2A1,0100010600000000
2026-09-26T08:42:29.108182+00:00,0x2A1,0100010600000000
2026-09-26T08:42:29.110336+00:00,0x151,0101050000000000
2026-09-26T08:42:29.110564+00:00,0x155,0000532FFFFF7E8B
2026-09-26T08:42:29.111013+00:00,0x156,FFFF9B6DFFFFAE74
2026-09-26T08:42:29.111150+00:00,0x157,000002BF00002E01
2026-09-26T08:42:29.111275+00:00,0x170,FFFF960500000000
2026-09-26T08:42:29.114949+00:00,0x2A1,0100010601000000
2026-09-26T08:42:29.118709+00:00,0x2A1,0100010601000000
2026-09-26T08:42:29.122709+00:00,0x2A1,0100010601000000
2026-09-26T08:42:29.127956+00:00,0x2A1,0100010601000000
2026-09-26T08:42:29.134308+00:00,0x2A1,0100010601000000
2026-09-26T08:42:29.138650+00:00,0x2A1,0100010601000000
2026-09-26T08:42:29.143100+00:00,0x2A1,0100010601000000
2026-09-26T08:42:29.148362+00:00,0x2A1,0100010601000000
2026-09-26T08:42:29.154548+00:00,0x2A1,0100010601000000
2026-09-26T08:42:29.158394+00:00,0x2A1,0100010601000000
2026-09-26T08:42:29.162709+00:00,0x2A1,0100010601000000
2026-09-26T08:42:29.167961+00:00,0x2A1,0100010601000000
2026-09-26T08:42:29.174358+00:00,0x2A1,0100010601000000
2026-09-26T08:42:29.178398+00:00,0x2A1,0100010601000000
2026-09-26T08:42:29.182686+00:00,0x2A1,0100010601000000
2026-09-26T08:42:29.187917+00:00,0x2A1,0100010601000000
2026-09-26T08:42:29.193369+00:00,0x2A1,0100010601000000
2026-09-26T08:42:29.199286+00:00,0x2A1,0100010601000000
2026-09-26T08:42:29.203060+00:00,0x2A1,0100010601000000
2026-09-26T08:42:29.207813+00:00,0x2A1,0100010601000000
2026-09-26T08:42:29.214255+00:00,0x2A1,0100010601000000
2026-09-26T08:42:29.219312+00:00,0x2A1,0100010601000000
2026-09-26T08:42:29.222779+00:00,0x2A1,0100010601000000
2026-09-26T08:42:29.227816+00:00,0x2A1,0100010601000000
2026-09-26T08:42:29.233675+00:00,0x2A1,0100010601000000
2026-09-26T08:42:29.238752+00:00,0x2A1,0100010601000000
2026-09-26T08:42:29.242709+00:00,0x2A1,0100010601000000
2026-09-26T08:42:29.247997+00:00,0x2A1,0100010601000000
2026-09-26T08:42:29.253336+00:00,0x2A1,0100010601000000
2026-09-26T08:42:29.259709+00:00,0x2A1,0100010600000000
2026-09-26T08:42:29.262863+00:00,0x2A1,0100010600000000
2026-09-26T08:42:29.267910+00:00,0x2A1,0100010600000000
2026-09-26T08:42:29.274278+00:00,0x2A1,0100010600000000
2026-09-26T08:42:29.279572+00:00,0x2A1,0100010600000000
2026-09-26T08:42:29.282711+00:00,0x2A1,0100010600000000
2026-09-26T08:42:29.287869+00:00,0x2A1,0100010600000000
2026-09-26T08:42:29.292711+00:00,0x2A1,0100010600000000
2026-09-26T08:42:29.298755+00:00,0x2A1,0100010600000000
2026-09-26T08:42:29.303286+00:00,0x2A1,0100010600000000
2026-09-26T08:42:29.308311+00:00,0x2A1,0100010600000000
2026-09-26T08:42:29.312759+00:00,0x2A1,0100010600000000
2026-09-26T08:42:29.318439+00:00,0x2A1,0100010600000000
2026-09-26T08:42:29.322665+00:00,0x2A1,0100010600000000
2026-09-26T08:42:29.327657+00:00,0x2A1,0100010600000000
2026-09-26T08:42:29.333008+00:00,0x2A1,0100010600000000
2026-09-26T08:42:29.338489+00:00,0x2A1,0100010600000000
2026-09-26T08:42:29.342758+00:00,0x2A1,0100010600000000
2026-09-26T08:42:29.347714+00:00,0x2A1,0100010600000000
2026-09-26T08:42:29.353470+00:00,0x2A1,0100010600000000
2026-09-26T08:42:29.359545+00:00,0x2A1,0100010600000000
2026-09-26T08:42:29.362871+00:00,0x151,0101050000000000
2026-09-26T08:42:29.363056+00:00,0x155,0000550CFFFF7E8B
2026-09-26T08:42:29.363108+00:00,0x156,FFFF9586FFFFA9DA
2026-09-26T08:42:29.363180+00:00,0x2A1,0100010600000000
2026-09-26T08:42:29.363236+00:00,0x157,000002BF00002E01
2026-09-26T08:42:29.363354+00:00,0x170,FFFF960500000000
2026-09-26T08:42:29.367709+00:00,0x2A1,0100010600000000
2026-09-26T08:42:29.373059+00:00,0x2A1,0100010600000000
2026-09-26T08:42:29.378710+00:00,0x2A1,0100010601000000
2026-09-26T08:42:29.383636+00:00,0x2A1,0100010601000000
2026-09-26T08:42:29.387710+00:00,0x2A1,0100010601000000
2026-09-26T08:42:29.392967+00:00,0x2A1,0100010601000000
2026-09-26T08:42:29.398624+00:00,0x2A1,0100010601000000
2026-09-26T08:42:29.402998+00:00,0x2A1,0100010601000000
2026-09-26T08:42:29.408064+00:00,0x2A1,0100010601000000
2026-09-26T08:42:29.413598+00:00,0x2A1,0100010601000000
2026-09-26T08:42:29.419644+00:00,0x2A1,0100010601000000
2026-09-26T08:42:29.423002+00:00,0x2A1,0100010601000000
2026-09-26T08:42:29.428006+00:00,0x2A1,0100010601000000
2026-09-26T08:42:29.432842+00:00,0x2A1,0100010601000000
2026-09-26T08:42:29.438998+00:00,0x2A1,0100010601000000
2026-09-26T08:42:29.443066+00:00,0x2A1,0100010601000000
2026-09-26T08:42:29.447712+00:00,0x2A1,0100010601000000
2026-09-26T08:42:29.452999+00:00,0x2A1,0100010601000000
2026-09-26T08:42:29.459399+00:00,0x2A1,0100010601000000
2026-09-26T08:42:29.463249+00:00,0x2A1,0100010601000000
2026-09-26T08:42:29.468282+00:00,0x2A1,0100010601000000
2026-09-26T08:42:29.473004+00:00,0x2A1,0100010601000000
2026-09-26T08:42:29.479458+00:00,0x2A1,0100010601000000
2026-09-26T08:42:29.482754+00:00,0x2A1,0100010601000000
2026-09-26T08:42:29.488047+00:00,0x2A1,0100010601000000
2026-09-26T08:42:29.493144+00:00,0x2A1,0100010601000000
2026-09-26T08:42:29.499018+00:00,0x2A1,0100010601000000
2026-09-26T08:42:29.502669+00:00,0x2A1,0100010601000000
2026-09-26T08:42:29.507669+00:00,0x2A1,0100010601000000
2026-09-26T08:42:29.514049+00:00,0x2A1,0100010601000000
2026-09-26T08:42:29.520940+00:00,0x2A1,0100010600000000
2026-09-26T08:42:29.524574+00:00,0x2A1,0100010600000000
2026-09-26T08:42:29.527841+00:00,0x2A1,0100010600000000
2026-09-26T08:42:29.532712+00:00,0x2A1,0100010600000000
2026-09-26T08:42:29.539446+00:00,0x2A1,0100010600000000
2026-09-26T08:42:29.542767+00:00,0x2A1,0100010600000000
2026-09-26T08:42:29.547961+00:00,0x2A1,0100010600000000
2026-09-26T08:42:29.552766+00:00,0x2A1,0100010600000000
2026-09-26T08:42:29.559257+00:00,0x2A1,0100010600000000
2026-09-26T08:42:29.563803+00:00,0x2A1,0100010600000000
2026-09-26T08:42:29.568296+00:00,0x2A1,0100010600000000
2026-09-26T08:42:29.573340+00:00,0x2A1,0100010600000000
2026-09-26T08:42:29.580622+00:00,0x2A1,0100010600000000
2026-09-26T08:42:29.583442+00:00,0x2A1,0100010600000000
2026-09-26T08:42:29.587671+00:00,0x2A1,0100010600000000
2026-09-26T08:42:29.592958+00:00,0x2A1,0100010600000000
2026-09-26T08:42:29.599754+00:00,0x2A1,0100010600000000
2026-09-26T08:42:29.602756+00:00,0x2A1,0100010600000000
2026-09-26T08:42:29.607670+00:00,0x2A1,0100010600000000
2026-09-26T08:42:29.612727+00:00,0x2A1,0100010600000000
2026-09-26T08:42:29.615333+00:00,0x151,0101050000000000
2026-09-26T08:42:29.615525+00:00,0x155,00005569FFFF7E8B
2026-09-26T08:42:29.615721+00:00,0x156,FFFF9013FFFFA40B
2026-09-26T08:42:29.615787+00:00,0x157,0000030D00002E01
2026-09-26T08:42:29.615923+00:00,0x170,FFFF960500000000
2026-09-26T08:42:29.621862+00:00,0x2A1,0100010600000000
2026-09-26T08:42:29.626454+00:00,0x2A1,0100010600000000
2026-09-26T08:42:29.629669+00:00,0x2A1,0100010600000000
2026-09-26T08:42:29.632756+00:00,0x2A1,0100010600000000
2026-09-26T08:42:29.639726+00:00,0x2A1,0100010601000000
2026-09-26T08:42:29.642712+00:00,0x2A1,0100010601000000
2026-09-26T08:42:29.647741+00:00,0x2A1,0100010601000000
2026-09-26T08:42:29.652795+00:00,0x2A1,0100010601000000
2026-09-26T08:42:29.659626+00:00,0x2A1,0100010601000000
2026-09-26T08:42:29.662820+00:00,0x2A1,0100010601000000
2026-09-26T08:42:29.667713+00:00,0x2A1,0100010601000000
2026-09-26T08:42:29.673065+00:00,0x2A1,0100010601000000
2026-09-26T08:42:29.679281+00:00,0x2A1,0100010601000000
2026-09-26T08:42:29.683582+00:00,0x2A1,0100010601000000
2026-09-26T08:42:29.687670+00:00,0x2A1,0100010601000000
2026-09-26T08:42:29.692713+00:00,0x2A1,0100010601000000
2026-09-26T08:42:29.700265+00:00,0x2A1,0100010601000000
2026-09-26T08:42:29.703259+00:00,0x2A1,0100010601000000
2026-09-26T08:42:29.707670+00:00,0x2A1,0100010601000000
2026-09-26T08:42:29.712671+00:00,0x2A1,0100010601000000
2026-09-26T08:42:29.720080+00:00,0x2A1,0100010601000000
2026-09-26T08:42:29.723155+00:00,0x2A1,0100010601000000
2026-09-26T08:42:29.729121+00:00,0x2A1,0100010601000000
2026-09-26T08:42:29.733862+00:00,0x2A1,0100010601000000
2026-09-26T08:42:29.739998+00:00,0x2A1,0100010601000000
2026-09-26T08:42:29.743000+00:00,0x2A1,0100010601000000
2026-09-26T08:42:29.747713+00:00,0x2A1,0100010601000000
2026-09-26T08:42:29.752667+00:00,0x2A1,0100010601000000
2026-09-26T08:42:29.759753+00:00,0x2A1,0100010601000000
2026-09-26T08:42:29.762666+00:00,0x2A1,0100010601000000
2026-09-26T08:42:29.767714+00:00,0x2A1,0100010601000000
2026-09-26T08:42:29.772671+00:00,0x2A1,0100010601000000
2026-09-26T08:42:29.781458+00:00,0x2A1,0100010600000000
2026-09-26T08:42:29.785044+00:00,0x2A1,0100010600000000
2026-09-26T08:42:29.788316+00:00,0x2A1,0100010600000000
2026-09-26T08:42:29.792831+00:00,0x2A1,0100010600000000
2026-09-26T08:42:29.799809+00:00,0x2A1,0100010600000000
2026-09-26T08:42:29.802821+00:00,0x2A1,0100010600000000
2026-09-26T08:42:29.807671+00:00,0x2A1,0100010600000000
2026-09-26T08:42:29.812722+00:00,0x2A1,0100010600000000
2026-09-26T08:42:29.819769+00:00,0x2A1,0100010600000000
2026-09-26T08:42:29.822671+00:00,0x2A1,0100010600000000
2026-09-26T08:42:29.828004+00:00,0x2A1,0100010600000000
2026-09-26T08:42:29.833097+00:00,0x2A1,0100010600000000
2026-09-26T08:42:29.841093+00:00,0x2A1,0100010600000000
2026-09-26T08:42:29.844048+00:00,0x2A1,0100010600000000
2026-09-26T08:42:29.847727+00:00,0x2A1,0100010600000000
2026-09-26T08:42:29.852870+00:00,0x2A1,0100010600000000
2026-09-26T08:42:29.860074+00:00,0x2A1,0100010600000000
2026-09-26T08:42:29.863057+00:00,0x2A1,0100010600000000
2026-09-26T08:42:29.867717+00:00,0x151,0101050000000000
2026-09-26T08:42:29.867818+00:00,0x155,000055C7FFFF7E8B
2026-09-26T08:42:29.867904+00:00,0x2A1,0100010600000000
2026-09-26T08:42:29.867975+00:00,0x156,FFFF8A9FFFFF9E3C
2026-09-26T08:42:29.868042+00:00,0x157,0000035B00002E01
2026-09-26T08:42:29.868110+00:00,0x170,FFFF960500000000
2026-09-26T08:42:29.873113+00:00,0x2A1,0100010600000000
2026-09-26T08:42:29.880066+00:00,0x2A1,0100010601000000
2026-09-26T08:42:29.883651+00:00,0x2A1,0100010601000000
2026-09-26T08:42:29.888291+00:00,0x2A1,0100010601000000
2026-09-26T08:42:29.892999+00:00,0x2A1,0100010601000000
2026-09-26T08:42:29.900445+00:00,0x2A1,0100010601000000
2026-09-26T08:42:29.903553+00:00,0x2A1,0100010601000000
2026-09-26T08:42:29.908068+00:00,0x2A1,0100010601000000
2026-09-26T08:42:29.912716+00:00,0x2A1,0100010601000000
2026-09-26T08:42:29.920700+00:00,0x2A1,0100010601000000
2026-09-26T08:42:29.923557+00:00,0x2A1,0100010601000000
2026-09-26T08:42:29.927716+00:00,0x2A1,0100010601000000
2026-09-26T08:42:29.932822+00:00,0x2A1,0100010601000000
2026-09-26T08:42:29.940829+00:00,0x2A1,0100010601000000
2026-09-26T08:42:29.944491+00:00,0x2A1,0100010601000000
2026-09-26T08:42:29.947913+00:00,0x2A1,0100010601000000
2026-09-26T08:42:29.952718+00:00,0x2A1,0100010601000000
2026-09-26T08:42:29.960067+00:00,0x2A1,0100010601000000
2026-09-26T08:42:29.963067+00:00,0x2A1,0100010601000000
2026-09-26T08:42:29.967746+00:00,0x2A1,0100010601000000
2026-09-26T08:42:29.973007+00:00,0x2A1,0100010601000000
2026-09-26T08:42:29.980491+00:00,0x2A1,0100010601000000
2026-09-26T08:42:29.983502+00:00,0x2A1,0100010601000000
2026-09-26T08:42:29.987924+00:00,0x2A1,0100010601000000
2026-09-26T08:42:29.993425+00:00,0x2A1,0100010601000000
2026-09-26T08:42:30.001391+00:00,0x2A1,0100010601000000
2026-09-26T08:42:30.004408+00:00,0x2A1,0100010601000000
2026-09-26T08:42:30.007718+00:00,0x2A1,0100010601000000
2026-09-26T08:42:30.012673+00:00,0x2A1,0100010601000000
2026-09-26T08:42:30.020242+00:00,0x2A1,0100010600000000
2026-09-26T08:42:30.023194+00:00,0x2A1,0100010600000000
2026-09-26T08:42:30.027777+00:00,0x2A1,0100010600000000
2026-09-26T08:42:30.032732+00:00,0x2A1,0100010600000000
2026-09-26T08:42:30.040316+00:00,0x2A1,0100010600000000
2026-09-26T08:42:30.043374+00:00,0x2A1,0100010600000000
2026-09-26T08:42:30.048047+00:00,0x2A1,0100010600000000
2026-09-26T08:42:30.053112+00:00,0x2A1,0100010600000000
2026-09-26T08:42:30.060877+00:00,0x2A1,0100010600000000
2026-09-26T08:42:30.063808+00:00,0x2A1,0100010600000000
2026-09-26T08:42:30.067729+00:00,0x2A1,0100010600000000
2026-09-26T08:42:30.072726+00:00,0x2A1,0100010600000000
2026-09-26T08:42:30.080128+00:00,0x2A1,0100010600000000
2026-09-26T08:42:30.083071+00:00,0x2A1,0100010600000000
2026-09-26T08:42:30.088067+00:00,0x2A1,0100010600000000
2026-09-26T08:42:30.092816+00:00,0x2A1,0100010600000000
2026-09-26T08:42:30.101925+00:00,0x2A1,0100010600000000
2026-09-26T08:42:30.105392+00:00,0x2A1,0100010600000000
2026-09-26T08:42:30.108499+00:00,0x2A1,0100010600000000
2026-09-26T08:42:30.112929+00:00,0x2A1,0100010600000000
2026-09-26T08:42:30.119897+00:00,0x2A1,0100010600000000
2026-09-26T08:42:30.119982+00:00,0x151,0101050000000000
2026-09-26T08:42:30.120417+00:00,0x155,00005624FFFF7E8B
2026-09-26T08:42:30.120548+00:00,0x156,FFFF852CFFFF986D
2026-09-26T08:42:30.120697+00:00,0x157,000003A900002E01
2026-09-26T08:42:30.120766+00:00,0x170,FFFF960500000000
2026-09-26T08:42:30.123316+00:00,0x2A1,0100010600000000
2026-09-26T08:42:30.127760+00:00,0x2A1,0100010600000000
2026-09-26T08:42:30.132848+00:00,0x2A1,0100010600000000
2026-09-26T08:42:30.140072+00:00,0x2A1,0100010601000000
2026-09-26T08:42:30.143016+00:00,0x2A1,0100010601000000
2026-09-26T08:42:30.149659+00:00,0x2A1,0100010601000000
2026-09-26T08:42:30.153858+00:00,0x2A1,0100010601000000
2026-09-26T08:42:30.161961+00:00,0x2A1,0100010601000000
2026-09-26T08:42:30.164961+00:00,0x2A1,0100010601000000
2026-09-26T08:42:30.168067+00:00,0x2A1,0100010601000000
2026-09-26T08:42:30.172676+00:00,0x2A1,0100010601000000
2026-09-26T08:42:30.180369+00:00,0x2A1,0100010601000000
2026-09-26T08:42:30.183263+00:00,0x2A1,0100010601000000
2026-09-26T08:42:30.187674+00:00,0x2A1,0100010601000000
2026-09-26T08:42:30.193360+00:00,0x2A1,0100010601000000
2026-09-26T08:42:30.201928+00:00,0x2A1,0100010601000000
2026-09-26T08:42:30.205339+00:00,0x2A1,0100010601000000
2026-09-26T08:42:30.208672+00:00,0x2A1,0100010601000000
2026-09-26T08:42:30.214434+00:00,0x2A1,0100010601000000
2026-09-26T08:42:30.220115+00:00,0x2A1,0100010601000000
2026-09-26T08:42:30.224961+00:00,0x2A1,0100010601000000
2026-09-26T08:42:30.228286+00:00,0x2A1,0100010601000000
2026-09-26T08:42:30.233805+00:00,0x2A1,0100010601000000
2026-09-26T08:42:30.239623+00:00,0x2A1,0100010601000000
2026-09-26T08:42:30.244608+00:00,0x2A1,0100010601000000
2026-09-26T08:42:30.248316+00:00,0x2A1,0100010601000000
2026-09-26T08:42:30.253861+00:00,0x2A1,0100010601000000
2026-09-26T08:42:30.258868+00:00,0x2A1,0100010601000000
2026-09-26T08:42:30.265316+00:00,0x2A1,0100010600000000
2026-09-26T08:42:30.269340+00:00,0x2A1,0100010600000000
2026-09-26T08:42:30.273590+00:00,0x2A1,0100010600000000
2026-09-26T08:42:30.279032+00:00,0x2A1,0100010600000000
2026-09-26T08:42:30.283707+00:00,0x2A1,0100010600000000
2026-09-26T08:42:30.287761+00:00,0x2A1,0100010600000000
2026-09-26T08:42:30.292761+00:00,0x2A1,0100010600000000
2026-09-26T08:42:30.300116+00:00,0x2A1,0100010600000000
2026-09-26T08:42:30.303073+00:00,0x2A1,0100010600000000
2026-09-26T08:42:30.307719+00:00,0x2A1,0100010600000000
2026-09-26T08:42:30.312673+00:00,0x2A1,0100010600000000
2026-09-26T08:42:30.319574+00:00,0x2A1,0100010600000000
2026-09-26T08:42:30.324718+00:00,0x2A1,0100010600000000
2026-09-26T08:42:30.328404+00:00,0x2A1,0100010600000000
2026-09-26T08:42:30.332675+00:00,0x2A1,0100010600000000
2026-09-26T08:42:30.339754+00:00,0x2A1,0100010600000000
2026-09-26T08:42:30.344073+00:00,0x2A1,0100010600000000
2026-09-26T08:42:30.347963+00:00,0x2A1,0100010600000000
2026-09-26T08:42:30.352725+00:00,0x2A1,0100010600000000
2026-09-26T08:42:30.358319+00:00,0x2A1,0100010600000000
2026-09-26T08:42:30.362877+00:00,0x2A1,0100010600000000
2026-09-26T08:42:30.367985+00:00,0x2A1,0100010600000000
2026-09-26T08:42:30.372218+00:00,0x151,0101050000000000
2026-09-26T08:42:30.372352+00:00,0x155,00005619FFFF7E8B
2026-09-26T08:42:30.372375+00:00,0x156,FFFF80C5FFFF9281
2026-09-26T08:42:30.373150+00:00,0x157,000006FB00002E01
2026-09-26T08:42:30.373209+00:00,0x170,FFFF960500000000
2026-09-26T08:42:30.373661+00:00,0x2A1,0100010600000000
2026-09-26T08:42:30.378960+00:00,0x2A1,0100010600000000
2026-09-26T08:42:30.384214+00:00,0x2A1,0100010601000000
2026-09-26T08:42:30.387719+00:00,0x2A1,0100010601000000
2026-09-26T08:42:30.392720+00:00,0x2A1,0100010601000000
2026-09-26T08:42:30.398458+00:00,0x2A1,0100010601000000
2026-09-26T08:42:30.403160+00:00,0x2A1,0100010601000000
2026-09-26T08:42:30.407778+00:00,0x2A1,0100010601000000
2026-09-26T08:42:30.412727+00:00,0x2A1,0100010601000000
2026-09-26T08:42:30.419589+00:00,0x2A1,0100010601000000
2026-09-26T08:42:30.424296+00:00,0x2A1,0100010601000000
2026-09-26T08:42:30.428049+00:00,0x2A1,0100010601000000
2026-09-26T08:42:30.432963+00:00,0x2A1,0100010601000000
2026-09-26T08:42:30.439592+00:00,0x2A1,0100010601000000
2026-09-26T08:42:30.444266+00:00,0x2A1,0100010601000000
2026-09-26T08:42:30.447701+00:00,0x2A1,0100010601000000
2026-09-26T08:42:30.453029+00:00,0x2A1,0100010601000000
2026-09-26T08:42:30.458320+00:00,0x2A1,0100010601000000
2026-09-26T08:42:30.463161+00:00,0x2A1,0100010601000000
2026-09-26T08:42:30.467743+00:00,0x2A1,0100010601000000
2026-09-26T08:42:30.472884+00:00,0x2A1,0100010601000000
2026-09-26T08:42:30.480506+00:00,0x2A1,0100010601000000
2026-09-26T08:42:30.486186+00:00,0x2A1,0100010601000000
2026-09-26T08:42:30.489633+00:00,0x2A1,0100010601000000
2026-09-26T08:42:30.493306+00:00,0x2A1,0100010601000000
2026-09-26T08:42:30.498418+00:00,0x2A1,0100010601000000
2026-09-26T08:42:30.503963+00:00,0x2A1,0100010601000000
2026-09-26T08:42:30.507722+00:00,0x2A1,0100010601000000
2026-09-26T08:42:30.512674+00:00,0x2A1,0100010601000000
2026-09-26T08:42:30.518555+00:00,0x2A1,0100010601000000
2026-09-26T08:42:30.523360+00:00,0x2A1,0100010600000000
2026-09-26T08:42:30.527707+00:00,0x2A1,0100010600000000
2026-09-26T08:42:30.532831+00:00,0x2A1,0100010600000000
2026-09-26T08:42:30.538961+00:00,0x2A1,0100010600000000
2026-09-26T08:42:30.544300+00:00,0x2A1,0100010600000000
2026-09-26T08:42:30.547724+00:00,0x2A1,0100010600000000
2026-09-26T08:42:30.552768+00:00,0x2A1,0100010600000000
2026-09-26T08:42:30.558689+00:00,0x2A1,0100010600000000
2026-09-26T08:42:30.563697+00:00,0x2A1,0100010600000000
2026-09-26T08:42:30.567774+00:00,0x2A1,0100010600000000
2026-09-26T08:42:30.572730+00:00,0x2A1,0100010600000000
2026-09-26T08:42:30.578316+00:00,0x2A1,0100010600000000
2026-09-26T08:42:30.583878+00:00,0x2A1,0100010600000000
2026-09-26T08:42:30.588609+00:00,0x2A1,0100010600000000
2026-09-26T08:42:30.593341+00:00,0x2A1,0100010600000000
2026-09-26T08:42:30.598692+00:00,0x2A1,0100010600000000
2026-09-26T08:42:30.604024+00:00,0x2A1,0100010600000000
2026-09-26T08:42:30.607853+00:00,0x2A1,0100010600000000
2026-09-26T08:42:30.612830+00:00,0x2A1,0100010600000000
2026-09-26T08:42:30.618437+00:00,0x2A1,0100010600000000
2026-09-26T08:42:30.623964+00:00,0x2A1,0100010600000000
2026-09-26T08:42:30.624968+00:00,0x151,0101050000000000
2026-09-26T08:42:30.625107+00:00,0x155,0000560EFFFF7E8B
2026-09-26T08:42:30.625243+00:00,0x156,FFFF7C5EFFFF8C96
2026-09-26T08:42:30.625318+00:00,0x157,00000A4E00002E01
2026-09-26T08:42:30.625579+00:00,0x170,FFFF960500000000
2026-09-26T08:42:30.628204+00:00,0x2A1,0100010600000000
2026-09-26T08:42:30.632751+00:00,0x2A1,0100010600000000
2026-09-26T08:42:30.639051+00:00,0x2A1,0100010600000000
2026-09-26T08:42:30.644879+00:00,0x2A1,0100010601000000
2026-09-26T08:42:30.650594+00:00,0x2A1,0100010601000000
2026-09-26T08:42:30.653593+00:00,0x2A1,0100010601000000
2026-09-26T08:42:30.658561+00:00,0x2A1,0100010601000000
2026-09-26T08:42:30.664029+00:00,0x2A1,0100010601000000
2026-09-26T08:42:30.667678+00:00,0x2A1,0100010601000000
2026-09-26T08:42:30.672678+00:00,0x2A1,0100010601000000
2026-09-26T08:42:30.678364+00:00,0x2A1,0100010601000000
2026-09-26T08:42:30.684246+00:00,0x2A1,0100010601000000
2026-09-26T08:42:30.687831+00:00,0x2A1,0100010601000000
2026-09-26T08:42:30.693581+00:00,0x2A1,0100010601000000
2026-09-26T08:42:30.699162+00:00,0x2A1,0100010601000000
2026-09-26T08:42:30.704407+00:00,0x2A1,0100010601000000
2026-09-26T08:42:30.707679+00:00,0x2A1,0100010601000000
2026-09-26T08:42:30.712766+00:00,0x2A1,0100010601000000
2026-09-26T08:42:30.719409+00:00,0x2A1,0100010601000000
2026-09-26T08:42:30.724086+00:00,0x2A1,0100010601000000
2026-09-26T08:42:30.727929+00:00,0x2A1,0100010601000000
2026-09-26T08:42:30.732727+00:00,0x2A1,0100010601000000
2026-09-26T08:42:30.738364+00:00,0x2A1,0100010601000000
2026-09-26T08:42:30.744069+00:00,0x2A1,0100010601000000
2026-09-26T08:42:30.748048+00:00,0x2A1,0100010601000000
2026-09-26T08:42:30.753246+00:00,0x2A1,0100010601000000
2026-09-26T08:42:30.758556+00:00,0x2A1,0100010601000000
2026-09-26T08:42:30.764195+00:00,0x2A1,0100010600000000
2026-09-26T08:42:30.767832+00:00,0x2A1,0100010600000000
2026-09-26T08:42:30.772680+00:00,0x2A1,0100010600000000
2026-09-26T08:42:30.778454+00:00,0x2A1,0100010600000000
2026-09-26T08:42:30.783967+00:00,0x2A1,0100010600000000
2026-09-26T08:42:30.787837+00:00,0x2A1,0100010600000000
2026-09-26T08:42:30.792733+00:00,0x2A1,0100010600000000
2026-09-26T08:42:30.799063+00:00,0x2A1,0100010600000000
2026-09-26T08:42:30.805820+00:00,0x2A1,0100010600000000
2026-09-26T08:42:30.808966+00:00,0x2A1,0100010600000000
2026-09-26T08:42:30.813052+00:00,0x2A1,0100010600000000
2026-09-26T08:42:30.818562+00:00,0x2A1,0100010600000000
2026-09-26T08:42:30.824267+00:00,0x2A1,0100010600000000
2026-09-26T08:42:30.827815+00:00,0x2A1,0100010600000000
2026-09-26T08:42:30.832728+00:00,0x2A1,0100010600000000
2026-09-26T08:42:30.838727+00:00,0x2A1,0100010600000000
2026-09-26T08:42:30.844249+00:00,0x2A1,0100010600000000
2026-09-26T08:42:30.848714+00:00,0x2A1,0100010600000000
2026-09-26T08:42:30.853813+00:00,0x2A1,0100010600000000
2026-09-26T08:42:30.859504+00:00,0x2A1,0100010600000000
2026-09-26T08:42:30.864809+00:00,0x2A1,0100010600000000
2026-09-26T08:42:30.867879+00:00,0x2A1,0100010600000000
2026-09-26T08:42:30.872679+00:00,0x2A1,0100010600000000
2026-09-26T08:42:30.878325+00:00,0x151,0101050000000000
2026-09-26T08:42:30.878456+00:00,0x2A1,0100010600000000
2026-09-26T08:42:30.878480+00:00,0x155,00005603FFFF7E8B
2026-09-26T08:42:30.878621+00:00,0x156,FFFF77F7FFFF86AA
2026-09-26T08:42:30.879053+00:00,0x157,00000DA000002E01
2026-09-26T08:42:30.879076+00:00,0x170,FFFF960500000000
2026-09-26T08:42:30.884561+00:00,0x2A1,0100010601000000
2026-09-26T08:42:30.887831+00:00,0x2A1,0100010601000000
2026-09-26T08:42:30.892723+00:00,0x2A1,0100010601000000
2026-09-26T08:42:30.898366+00:00,0x2A1,0100010601000000
2026-09-26T08:42:30.904856+00:00,0x2A1,0100010601000000
2026-09-26T08:42:30.908248+00:00,0x2A1,0100010601000000
2026-09-26T08:42:30.913010+00:00,0x2A1,0100010601000000
2026-09-26T08:42:30.918636+00:00,0x2A1,0100010601000000
2026-09-26T08:42:30.924124+00:00,0x2A1,0100010601000000
2026-09-26T08:42:30.927706+00:00,0x2A1,0100010601000000
2026-09-26T08:42:30.932705+00:00,0x2A1,0100010601000000
2026-09-26T08:42:30.938453+00:00,0x2A1,0100010601000000
2026-09-26T08:42:30.944080+00:00,0x2A1,0100010601000000
2026-09-26T08:42:30.947681+00:00,0x2A1,0100010601000000
2026-09-26T08:42:30.952968+00:00,0x2A1,0100010601000000
2026-09-26T08:42:30.959126+00:00,0x2A1,0100010601000000
2026-09-26T08:42:30.965117+00:00,0x2A1,0100010601000000
2026-09-26T08:42:30.968622+00:00,0x2A1,0100010601000000
2026-09-26T08:42:30.972746+00:00,0x2A1,0100010601000000
2026-09-26T08:42:30.978487+00:00,0x2A1,0100010601000000
2026-09-26T08:42:30.984323+00:00,0x2A1,0100010601000000
2026-09-26T08:42:30.987733+00:00,0x2A1,0100010601000000
2026-09-26T08:42:30.992721+00:00,0x2A1,0100010601000000
2026-09-26T08:42:30.998281+00:00,0x2A1,0100010601000000
2026-09-26T08:42:31.004945+00:00,0x2A1,0100010601000000
2026-09-26T08:42:31.007680+00:00,0x2A1,0100010601000000
2026-09-26T08:42:31.013065+00:00,0x2A1,0100010601000000
2026-09-26T08:42:31.019240+00:00,0x2A1,0100010601000000
2026-09-26T08:42:31.024681+00:00,0x2A1,0100010600000000
2026-09-26T08:42:31.027766+00:00,0x2A1,0100010600000000
2026-09-26T08:42:31.032722+00:00,0x2A1,0100010600000000
2026-09-26T08:42:31.038326+00:00,0x2A1,0100010600000000
2026-09-26T08:42:31.044198+00:00,0x2A1,0100010600000000
2026-09-26T08:42:31.047706+00:00,0x2A1,0100010600000000
2026-09-26T08:42:31.052681+00:00,0x2A1,0100010600000000
2026-09-26T08:42:31.058618+00:00,0x2A1,0100010600000000
2026-09-26T08:42:31.065468+00:00,0x2A1,0100010600000000
2026-09-26T08:42:31.068747+00:00,0x2A1,0100010600000000
2026-09-26T08:42:31.073302+00:00,0x2A1,0100010600000000
2026-09-26T08:42:31.078301+00:00,0x2A1,0100010600000000
2026-09-26T08:42:31.084344+00:00,0x2A1,0100010600000000
2026-09-26T08:42:31.087968+00:00,0x2A1,0100010600000000
2026-09-26T08:42:31.092725+00:00,0x2A1,0100010600000000
2026-09-26T08:42:31.098681+00:00,0x2A1,0100010600000000
2026-09-26T08:42:31.105056+00:00,0x2A1,0100010600000000
2026-09-26T08:42:31.108077+00:00,0x2A1,0100010600000000
2026-09-26T08:42:31.112700+00:00,0x2A1,0100010600000000
2026-09-26T08:42:31.119034+00:00,0x2A1,0100010600000000
2026-09-26T08:42:31.125166+00:00,0x2A1,0100010600000000
2026-09-26T08:42:31.128882+00:00,0x2A1,0100010600000000
2026-09-26T08:42:31.131131+00:00,0x151,0101050000000000
2026-09-26T08:42:31.131361+00:00,0x155,00005603FFFF7E8B
2026-09-26T08:42:31.131793+00:00,0x156,FFFF73C1FFFF81BD
2026-09-26T08:42:31.131872+00:00,0x157,000012FB00002E01
2026-09-26T08:42:31.132357+00:00,0x170,FFFF960500000000
2026-09-26T08:42:31.133085+00:00,0x2A1,0100010600000000
2026-09-26T08:42:31.138200+00:00,0x2A1,0100010600000000
2026-09-26T08:42:31.144559+00:00,0x2A1,0100010601000000
2026-09-26T08:42:31.147643+00:00,0x2A1,0100010601000000
2026-09-26T08:42:31.152680+00:00,0x2A1,0100010601000000
2026-09-26T08:42:31.158565+00:00,0x2A1,0100010601000000
2026-09-26T08:42:31.164325+00:00,0x2A1,0100010601000000
2026-09-26T08:42:31.167752+00:00,0x2A1,0100010601000000
2026-09-26T08:42:31.173302+00:00,0x2A1,0100010601000000
2026-09-26T08:42:31.179078+00:00,0x2A1,0100010601000000
2026-09-26T08:42:31.185789+00:00,0x2A1,0100010601000000
2026-09-26T08:42:31.188835+00:00,0x2A1,0100010601000000
2026-09-26T08:42:31.192768+00:00,0x2A1,0100010601000000
2026-09-26T08:42:31.198411+00:00,0x2A1,0100010601000000
2026-09-26T08:42:31.203723+00:00,0x2A1,0100010601000000
2026-09-26T08:42:31.207970+00:00,0x2A1,0100010601000000
2026-09-26T08:42:31.212683+00:00,0x2A1,0100010601000000
2026-09-26T08:42:31.218247+00:00,0x2A1,0100010601000000
2026-09-26T08:42:31.225378+00:00,0x2A1,0100010601000000
2026-09-26T08:42:31.228811+00:00,0x2A1,0100010601000000
2026-09-26T08:42:31.234513+00:00,0x2A1,0100010601000000
2026-09-26T08:42:31.238585+00:00,0x2A1,0100010601000000
2026-09-26T08:42:31.243315+00:00,0x2A1,0100010601000000
2026-09-26T08:42:31.247884+00:00,0x2A1,0100010601000000
2026-09-26T08:42:31.252738+00:00,0x2A1,0100010601000000
2026-09-26T08:42:31.258272+00:00,0x2A1,0100010601000000
2026-09-26T08:42:31.263250+00:00,0x2A1,0100010601000000
2026-09-26T08:42:31.267833+00:00,0x2A1,0100010600000000
2026-09-26T08:42:31.272835+00:00,0x2A1,0100010600000000
2026-09-26T08:42:31.279011+00:00,0x2A1,0100010600000000
2026-09-26T08:42:31.283099+00:00,0x2A1,0100010600000000
2026-09-26T08:42:31.289078+00:00,0x2A1,0100010600000000
2026-09-26T08:42:31.292683+00:00,0x2A1,0100010600000000
2026-09-26T08:42:31.298640+00:00,0x2A1,0100010600000000
2026-09-26T08:42:31.302727+00:00,0x2A1,0100010600000000
2026-09-26T08:42:31.308012+00:00,0x2A1,0100010600000000
2026-09-26T08:42:31.312973+00:00,0x2A1,0100010600000000
2026-09-26T08:42:31.318521+00:00,0x2A1,0100010600000000
2026-09-26T08:42:31.322744+00:00,0x2A1,0100010600000000
2026-09-26T08:42:31.327726+00:00,0x2A1,0100010600000000
2026-09-26T08:42:31.333773+00:00,0x2A1,0100010600000000
2026-09-26T08:42:31.334335+00:00,0x151,0101050000000000
2026-09-26T08:42:31.334409+00:00,0x155,00005603FFFF7E8B
2026-09-26T08:42:31.335643+00:00,0x156,FFFF7194FFFF7F72
2026-09-26T08:42:31.336134+00:00,0x157,0000185800002E01
2026-09-26T08:42:31.336203+00:00,0x170,FFFF960500000000
2026-09-26T08:42:31.339296+00:00,0x2A1,0100010600000000
2026-09-26T08:42:31.343168+00:00,0x2A1,0100010600000000
2026-09-26T08:42:31.348413+00:00,0x2A1,0100010601000000
2026-09-26T08:42:31.352684+00:00,0x2A1,0100010601000000
2026-09-26T08:42:31.358329+00:00,0x2A1,0100010601000000
2026-09-26T08:42:31.362684+00:00,0x2A1,0100010601000000
2026-09-26T08:42:31.368080+00:00,0x2A1,0100010601000000
2026-09-26T08:42:31.372682+00:00,0x2A1,0100010601000000
2026-09-26T08:42:31.378637+00:00,0x2A1,0100010601000000
2026-09-26T08:42:31.383566+00:00,0x2A1,0100010601000000
2026-09-26T08:42:31.388303+00:00,0x2A1,0100010601000000
2026-09-26T08:42:31.393016+00:00,0x2A1,0100010601000000
2026-09-26T08:42:31.399054+00:00,0x2A1,0100010601000000
2026-09-26T08:42:31.402771+00:00,0x2A1,0100010601000000
2026-09-26T08:42:31.408371+00:00,0x2A1,0100010601000000
2026-09-26T08:42:31.412731+00:00,0x2A1,0100010601000000
2026-09-26T08:42:31.418688+00:00,0x2A1,0100010601000000
2026-09-26T08:42:31.422732+00:00,0x2A1,0100010601000000
2026-09-26T08:42:31.428244+00:00,0x2A1,0100010601000000
2026-09-26T08:42:31.432733+00:00,0x2A1,0100010601000000
2026-09-26T08:42:31.438622+00:00,0x2A1,0100010601000000
2026-09-26T08:42:31.443247+00:00,0x2A1,0100010601000000
2026-09-26T08:42:31.448990+00:00,0x2A1,0100010601000000
2026-09-26T08:42:31.453372+00:00,0x2A1,0100010601000000
2026-09-26T08:42:31.458505+00:00,0x2A1,0100010601000000
2026-09-26T08:42:31.462678+00:00,0x2A1,0100010601000000
2026-09-26T08:42:31.468515+00:00,0x2A1,0100010600000000
2026-09-26T08:42:31.472777+00:00,0x2A1,0100010600000000
2026-09-26T08:42:31.478616+00:00,0x2A1,0100010600000000
2026-09-26T08:42:31.482682+00:00,0x2A1,0100010600000000
2026-09-26T08:42:31.488252+00:00,0x2A1,0100010600000000
2026-09-26T08:42:31.492733+00:00,0x2A1,0100010600000000
2026-09-26T08:42:31.499149+00:00,0x2A1,0100010600000000
2026-09-26T08:42:31.503059+00:00,0x2A1,0100010600000000
2026-09-26T08:42:31.509037+00:00,0x2A1,0100010600000000
2026-09-26T08:42:31.512748+00:00,0x2A1,0100010600000000
2026-09-26T08:42:31.518275+00:00,0x2A1,0100010600000000
2026-09-26T08:42:31.522697+00:00,0x2A1,0100010600000000
2026-09-26T08:42:31.528458+00:00,0x2A1,0100010600000000
2026-09-26T08:42:31.532643+00:00,0x2A1,0100010600000000
2026-09-26T08:42:31.538373+00:00,0x2A1,0100010600000000
2026-09-26T08:42:31.542686+00:00,0x2A1,0100010600000000
2026-09-26T08:42:31.548706+00:00,0x2A1,0100010600000000
2026-09-26T08:42:31.554379+00:00,0x2A1,0100010600000000
2026-09-26T08:42:31.558976+00:00,0x2A1,0100010600000000
2026-09-26T08:42:31.563305+00:00,0x2A1,0100010600000000
2026-09-26T08:42:31.569274+00:00,0x2A1,0100010600000000
2026-09-26T08:42:31.572824+00:00,0x2A1,0100010600000000
2026-09-26T08:42:31.578656+00:00,0x2A1,0100010600000000
2026-09-26T08:42:31.582741+00:00,0x2A1,0100010600000000
2026-09-26T08:42:31.588138+00:00,0x151,0101050000000000
2026-09-26T08:42:31.588283+00:00,0x155,00005603FFFF7E8B
2026-09-26T08:42:31.588981+00:00,0x2A1,0100010600000000
2026-09-26T08:42:31.589216+00:00,0x156,FFFF6F67FFFF7D27
2026-09-26T08:42:31.589369+00:00,0x157,00001DB600002E01
2026-09-26T08:42:31.589566+00:00,0x170,FFFF960500000000
2026-09-26T08:42:31.592955+00:00,0x2A1,0100010600000000
2026-09-26T08:42:31.598371+00:00,0x2A1,0100010600000000
2026-09-26T08:42:31.602685+00:00,0x2A1,0100010600000000
2026-09-26T08:42:31.609204+00:00,0x2A1,0100010601000000
2026-09-26T08:42:31.613016+00:00,0x2A1,0100010601000000
2026-09-26T08:42:31.618974+00:00,0x2A1,0100010601000000
2026-09-26T08:42:31.622943+00:00,0x2A1,0100010601000000
2026-09-26T08:42:31.629039+00:00,0x2A1,0100010601000000
2026-09-26T08:42:31.632751+00:00,0x2A1,0100010601000000
2026-09-26T08:42:31.638417+00:00,0x2A1,0100010601000000
2026-09-26T08:42:31.642973+00:00,0x2A1,0100010601000000
2026-09-26T08:42:31.649124+00:00,0x2A1,0100010601000000
2026-09-26T08:42:31.652685+00:00,0x2A1,0100010601000000
2026-09-26T08:42:31.658624+00:00,0x2A1,0100010601000000
2026-09-26T08:42:31.662815+00:00,0x2A1,0100010601000000
2026-09-26T08:42:31.669610+00:00,0x2A1,0100010601000000
2026-09-26T08:42:31.673359+00:00,0x2A1,0100010601000000
2026-09-26T08:42:31.678621+00:00,0x2A1,0100010601000000
2026-09-26T08:42:31.682940+00:00,0x2A1,0100010601000000
2026-09-26T08:42:31.688979+00:00,0x2A1,0100010601000000
2026-09-26T08:42:31.692697+00:00,0x2A1,0100010601000000
2026-09-26T08:42:31.698430+00:00,0x2A1,0100010601000000
2026-09-26T08:42:31.702700+00:00,0x2A1,0100010601000000
2026-09-26T08:42:31.709340+00:00,0x2A1,0100010601000000
2026-09-26T08:42:31.712984+00:00,0x2A1,0100010601000000
2026-09-26T08:42:31.718469+00:00,0x2A1,0100010601000000
2026-09-26T08:42:31.723102+00:00,0x2A1,0100010601000000
2026-09-26T08:42:31.729722+00:00,0x2A1,0100010600000000
2026-09-26T08:42:31.733059+00:00,0x2A1,0100010600000000
2026-09-26T08:42:31.738392+00:00,0x2A1,0100010600000000
2026-09-26T08:42:31.742700+00:00,0x2A1,0100010600000000
2026-09-26T08:42:31.748818+00:00,0x2A1,0100010600000000
2026-09-26T08:42:31.752733+00:00,0x2A1,0100010600000000
2026-09-26T08:42:31.758463+00:00,0x2A1,0100010600000000
2026-09-26T08:42:31.762742+00:00,0x2A1,0100010600000000
2026-09-26T08:42:31.768772+00:00,0x2A1,0100010600000000
2026-09-26T08:42:31.772709+00:00,0x2A1,0100010600000000
2026-09-26T08:42:31.779055+00:00,0x2A1,0100010600000000
2026-09-26T08:42:31.783059+00:00,0x2A1,0100010600000000
2026-09-26T08:42:31.789298+00:00,0x2A1,0100010600000000
2026-09-26T08:42:31.791265+00:00,0x151,0101050000000000
2026-09-26T08:42:31.792215+00:00,0x155,00005605FFFF7E8B
2026-09-26T08:42:31.792434+00:00,0x156,FFFF6CD7FFFF7CA6
2026-09-26T08:42:31.792567+00:00,0x157,000022C800002E01
2026-09-26T08:42:31.792642+00:00,0x170,FFFF960500000000
2026-09-26T08:42:31.793002+00:00,0x2A1,0100010600000000
2026-09-26T08:42:31.798566+00:00,0x2A1,0100010600000000
2026-09-26T08:42:31.802688+00:00,0x2A1,0100010600000000
2026-09-26T08:42:31.808974+00:00,0x2A1,0100010601000000
2026-09-26T08:42:31.812644+00:00,0x2A1,0100010601000000
2026-09-26T08:42:31.818845+00:00,0x2A1,0100010601000000
2026-09-26T08:42:31.822748+00:00,0x2A1,0100010601000000
2026-09-26T08:42:31.829571+00:00,0x2A1,0100010601000000
2026-09-26T08:42:31.833061+00:00,0x2A1,0100010601000000
2026-09-26T08:42:31.838817+00:00,0x2A1,0100010601000000
2026-09-26T08:42:31.842688+00:00,0x2A1,0100010601000000
2026-09-26T08:42:31.849277+00:00,0x2A1,0100010601000000
2026-09-26T08:42:31.852731+00:00,0x2A1,0100010601000000
2026-09-26T08:42:31.858290+00:00,0x2A1,0100010601000000
2026-09-26T08:42:31.862711+00:00,0x2A1,0100010601000000
2026-09-26T08:42:31.869173+00:00,0x2A1,0100010601000000
2026-09-26T08:42:31.872716+00:00,0x2A1,0100010601000000
2026-09-26T08:42:31.878690+00:00,0x2A1,0100010601000000
2026-09-26T08:42:31.884131+00:00,0x2A1,0100010601000000
2026-09-26T08:42:31.890023+00:00,0x2A1,0100010601000000
2026-09-26T08:42:31.893625+00:00,0x2A1,0100010601000000
2026-09-26T08:42:31.898645+00:00,0x2A1,0100010601000000
2026-09-26T08:42:31.902736+00:00,0x2A1,0100010601000000
2026-09-26T08:42:31.909331+00:00,0x2A1,0100010601000000
2026-09-26T08:42:31.912688+00:00,0x2A1,0100010601000000
2026-09-26T08:42:31.918430+00:00,0x2A1,0100010601000000
2026-09-26T08:42:31.922793+00:00,0x2A1,0100010601000000
2026-09-26T08:42:31.929678+00:00,0x2A1,0100010600000000
2026-09-26T08:42:31.932822+00:00,0x2A1,0100010600000000
2026-09-26T08:42:31.938932+00:00,0x2A1,0100010600000000
2026-09-26T08:42:31.943062+00:00,0x2A1,0100010600000000
2026-09-26T08:42:31.950253+00:00,0x2A1,0100010600000000
2026-09-26T08:42:31.953256+00:00,0x2A1,0100010600000000
2026-09-26T08:42:31.958729+00:00,0x2A1,0100010600000000
2026-09-26T08:42:31.962688+00:00,0x2A1,0100010600000000
2026-09-26T08:42:31.969594+00:00,0x2A1,0100010600000000
2026-09-26T08:42:31.972713+00:00,0x2A1,0100010600000000
2026-09-26T08:42:31.978375+00:00,0x2A1,0100010600000000
2026-09-26T08:42:31.982756+00:00,0x2A1,0100010600000000
2026-09-26T08:42:31.990325+00:00,0x2A1,0100010600000000
2026-09-26T08:42:31.993773+00:00,0x2A1,0100010600000000
2026-09-26T08:42:31.994667+00:00,0x151,0101050000000000
2026-09-26T08:42:31.994922+00:00,0x155,00005606FFFF7E8B
2026-09-26T08:42:31.995120+00:00,0x156,FFFF6A47FFFF7C26
2026-09-26T08:42:31.995188+00:00,0x157,000027DA00002E01
2026-09-26T08:42:31.995327+00:00,0x170,FFFF960500000000
2026-09-26T08:42:31.999173+00:00,0x2A1,0100010600000000
2026-09-26T08:42:32.003106+00:00,0x2A1,0100010600000000
2026-09-26T08:42:32.009844+00:00,0x2A1,0100010601000000
2026-09-26T08:42:32.012890+00:00,0x2A1,0100010601000000
2026-09-26T08:42:32.018734+00:00,0x2A1,0100010601000000
2026-09-26T08:42:32.022799+00:00,0x2A1,0100010601000000
2026-09-26T08:42:32.029591+00:00,0x2A1,0100010601000000
2026-09-26T08:42:32.032646+00:00,0x2A1,0100010601000000
2026-09-26T08:42:32.038335+00:00,0x2A1,0100010601000000
2026-09-26T08:42:32.042666+00:00,0x2A1,0100010601000000
2026-09-26T08:42:32.050273+00:00,0x2A1,0100010601000000
2026-09-26T08:42:32.054737+00:00,0x2A1,0100010601000000
2026-09-26T08:42:32.059631+00:00,0x2A1,0100010601000000
2026-09-26T08:42:32.063418+00:00,0x2A1,0100010601000000
2026-09-26T08:42:32.070255+00:00,0x2A1,0100010601000000
2026-09-26T08:42:32.073041+00:00,0x2A1,0100010601000000
2026-09-26T08:42:32.078333+00:00,0x2A1,0100010601000000
2026-09-26T08:42:32.082689+00:00,0x2A1,0100010601000000
2026-09-26T08:42:32.089730+00:00,0x2A1,0100010601000000
2026-09-26T08:42:32.092743+00:00,0x2A1,0100010601000000
2026-09-26T08:42:32.098591+00:00,0x2A1,0100010601000000
2026-09-26T08:42:32.103571+00:00,0x2A1,0100010601000000
2026-09-26T08:42:32.110128+00:00,0x2A1,0100010601000000
2026-09-26T08:42:32.113130+00:00,0x2A1,0100010601000000
2026-09-26T08:42:32.118334+00:00,0x2A1,0100010601000000
2026-09-26T08:42:32.122831+00:00,0x2A1,0100010601000000
2026-09-26T08:42:32.129318+00:00,0x2A1,0100010600000000
2026-09-26T08:42:32.132732+00:00,0x2A1,0100010600000000
2026-09-26T08:42:32.138283+00:00,0x2A1,0100010600000000
2026-09-26T08:42:32.142689+00:00,0x2A1,0100010600000000
2026-09-26T08:42:32.149210+00:00,0x2A1,0100010600000000
2026-09-26T08:42:32.153208+00:00,0x2A1,0100010600000000
2026-09-26T08:42:32.158797+00:00,0x2A1,0100010600000000
2026-09-26T08:42:32.163458+00:00,0x2A1,0100010600000000
2026-09-26T08:42:32.169231+00:00,0x2A1,0100010600000000
2026-09-26T08:42:32.172746+00:00,0x2A1,0100010600000000
2026-09-26T08:42:32.178252+00:00,0x2A1,0100010600000000
2026-09-26T08:42:32.182702+00:00,0x2A1,0100010600000000
2026-09-26T08:42:32.191208+00:00,0x2A1,0100010600000000
2026-09-26T08:42:32.194185+00:00,0x2A1,0100010600000000
2026-09-26T08:42:32.196704+00:00,0x151,0101050000000000
2026-09-26T08:42:32.196888+00:00,0x155,00005606FFFF7E8B
2026-09-26T08:42:32.196959+00:00,0x156,FFFF67DBFFFF7C28
2026-09-26T08:42:32.197023+00:00,0x157,00002F5900002E01
2026-09-26T08:42:32.197093+00:00,0x170,FFFF960500000000
2026-09-26T08:42:32.198843+00:00,0x2A1,0100010600000000
2026-09-26T08:42:32.202733+00:00,0x2A1,0100010600000000
2026-09-26T08:42:32.210129+00:00,0x2A1,0100010600000000
2026-09-26T08:42:32.213573+00:00,0x2A1,0100010601000000
2026-09-26T08:42:32.218984+00:00,0x2A1,0100010601000000
2026-09-26T08:42:32.223036+00:00,0x2A1,0100010601000000
2026-09-26T08:42:32.229688+00:00,0x2A1,0100010601000000
2026-09-26T08:42:32.232892+00:00,0x2A1,0100010601000000
2026-09-26T08:42:32.238174+00:00,0x2A1,0100010601000000
2026-09-26T08:42:32.242978+00:00,0x2A1,0100010601000000
2026-09-26T08:42:32.248841+00:00,0x2A1,0100010601000000
2026-09-26T08:42:32.252672+00:00,0x2A1,0100010601000000
2026-09-26T08:42:32.258231+00:00,0x2A1,0100010601000000
2026-09-26T08:42:32.264329+00:00,0x2A1,0100010601000000
2026-09-26T08:42:32.268151+00:00,0x2A1,0100010601000000
2026-09-26T08:42:32.273692+00:00,0x2A1,0100010601000000
2026-09-26T08:42:32.279129+00:00,0x2A1,0100010601000000
2026-09-26T08:42:32.283146+00:00,0x2A1,0100010601000000
2026-09-26T08:42:32.288301+00:00,0x2A1,0100010601000000
2026-09-26T08:42:32.293676+00:00,0x2A1,0100010601000000
2026-09-26T08:42:32.298979+00:00,0x2A1,0100010601000000
2026-09-26T08:42:32.303174+00:00,0x2A1,0100010601000000
2026-09-26T08:42:32.308260+00:00,0x2A1,0100010601000000
2026-09-26T08:42:32.313514+00:00,0x2A1,0100010601000000
2026-09-26T08:42:32.320202+00:00,0x2A1,0100010601000000
2026-09-26T08:42:32.324016+00:00,0x2A1,0100010601000000
2026-09-26T08:42:32.328305+00:00,0x2A1,0100010601000000
2026-09-26T08:42:32.334449+00:00,0x2A1,0100010601000000
2026-09-26T08:42:32.339418+00:00,0x2A1,0100010601000000
2026-09-26T08:42:32.343387+00:00,0x2A1,0100010601000000
2026-09-26T08:42:32.348231+00:00,0x2A1,0100010601000000
2026-09-26T08:42:32.352855+00:00,0x2A1,0100010601000000
2026-09-26T08:42:32.358628+00:00,0x2A1,0100010601000000
2026-09-26T08:42:32.362764+00:00,0x2A1,0100010601000000
2026-09-26T08:42:32.367725+00:00,0x2A1,0100010601000000
2026-09-26T08:42:32.374878+00:00,0x2A1,0100010601000000
2026-09-26T08:42:32.379113+00:00,0x2A1,0100010601000000
2026-09-26T08:42:32.383363+00:00,0x2A1,0100010601000000
2026-09-26T08:42:32.387854+00:00,0x2A1,0100010601000000
2026-09-26T08:42:32.393082+00:00,0x2A1,0100010600000000
2026-09-26T08:42:32.398431+00:00,0x2A1,0100010600000000
2026-09-26T08:42:32.402747+00:00,0x2A1,0100010600000000
2026-09-26T08:42:32.407742+00:00,0x2A1,0100010600000000
2026-09-26T08:42:32.413033+00:00,0x2A1,0100010600000000
2026-09-26T08:42:32.418398+00:00,0x2A1,0100010600000000
2026-09-26T08:42:32.422744+00:00,0x2A1,0100010600000000
2026-09-26T08:42:32.428370+00:00,0x2A1,0100010600000000
2026-09-26T08:42:32.434313+00:00,0x2A1,0100010600000000
2026-09-26T08:42:32.438749+00:00,0x2A1,0100010600000000
2026-09-26T08:42:32.442741+00:00,0x2A1,0100010600000000
2026-09-26T08:42:32.447746+00:00,0x2A1,0100010600000000
2026-09-26T08:42:32.453176+00:00,0x2A1,0100010600000000
2026-09-26T08:42:32.458378+00:00,0x2A1,0100010600000000
2026-09-26T08:42:32.462847+00:00,0x2A1,0100010600000000
2026-09-26T08:42:32.467890+00:00,0x2A1,0100010600000000
2026-09-26T08:42:32.473191+00:00,0x2A1,0100010600000000
2026-09-26T08:42:32.479364+00:00,0x2A1,0100010600000000
2026-09-26T08:42:32.483083+00:00,0x2A1,0100010600000000
2026-09-26T08:42:32.488163+00:00,0x2A1,0100010600000000
2026-09-26T08:42:32.494010+00:00,0x2A1,0100010600000000
2026-09-26T08:42:32.498434+00:00,0x2A1,0100010600000000
2026-09-26T08:42:32.499456+00:00,0x151,0101050000000000
2026-09-26T08:42:32.499649+00:00,0x155,00005606FFFF7E8B
2026-09-26T08:42:32.499716+00:00,0x156,FFFF6570FFFF7C2A
2026-09-26T08:42:32.499789+00:00,0x157,000036D900002E01
2026-09-26T08:42:32.499855+00:00,0x170,FFFF960500000000
2026-09-26T08:42:32.503447+00:00,0x2A1,0100010600000000
2026-09-26T08:42:32.507779+00:00,0x2A1,0100010600000000
2026-09-26T08:42:32.513276+00:00,0x2A1,0100010601000000
2026-09-26T08:42:32.518466+00:00,0x2A1,0100010601000000
2026-09-26T08:42:32.522694+00:00,0x2A1,0100010601000000
2026-09-26T08:42:32.527895+00:00,0x2A1,0100010601000000
2026-09-26T08:42:32.534067+00:00,0x2A1,0100010601000000
2026-09-26T08:42:32.539361+00:00,0x2A1,0100010601000000
2026-09-26T08:42:32.543224+00:00,0x2A1,0100010601000000
2026-09-26T08:42:32.547959+00:00,0x2A1,0100010601000000
2026-09-26T08:42:32.553287+00:00,0x2A1,0100010601000000
2026-09-26T08:42:32.558378+00:00,0x2A1,0100010601000000
2026-09-26T08:42:32.562693+00:00,0x2A1,0100010601000000
2026-09-26T08:42:32.567651+00:00,0x2A1,0100010601000000
2026-09-26T08:42:32.573786+00:00,0x2A1,0100010601000000
2026-09-26T08:42:32.578598+00:00,0x2A1,0100010601000000
2026-09-26T08:42:32.582693+00:00,0x2A1,0100010601000000
2026-09-26T08:42:32.588230+00:00,0x2A1,0100010601000000
2026-09-26T08:42:32.594829+00:00,0x2A1,0100010601000000
2026-09-26T08:42:32.598577+00:00,0x2A1,0100010601000000
2026-09-26T08:42:32.602736+00:00,0x2A1,0100010601000000
2026-09-26T08:42:32.607999+00:00,0x2A1,0100010601000000
2026-09-26T08:42:32.613955+00:00,0x2A1,0100010601000000
2026-09-26T08:42:32.618438+00:00,0x2A1,0100010601000000
2026-09-26T08:42:32.622741+00:00,0x2A1,0100010601000000
2026-09-26T08:42:32.627718+00:00,0x2A1,0100010601000000
2026-09-26T08:42:32.633991+00:00,0x2A1,0100010601000000
2026-09-26T08:42:32.639268+00:00,0x2A1,0100010601000000
2026-09-26T08:42:32.643368+00:00,0x2A1,0100010601000000
2026-09-26T08:42:32.647863+00:00,0x2A1,0100010601000000
2026-09-26T08:42:32.653899+00:00,0x2A1,0100010601000000
2026-09-26T08:42:32.658283+00:00,0x2A1,0100010601000000
2026-09-26T08:42:32.662651+00:00,0x2A1,0100010601000000
2026-09-26T08:42:32.667907+00:00,0x2A1,0100010601000000
2026-09-26T08:42:32.674202+00:00,0x2A1,0100010601000000
2026-09-26T08:42:32.678632+00:00,0x2A1,0100010601000000
2026-09-26T08:42:32.682746+00:00,0x2A1,0100010601000000
2026-09-26T08:42:32.688227+00:00,0x2A1,0100010601000000
2026-09-26T08:42:32.695362+00:00,0x2A1,0100010600000000
2026-09-26T08:42:32.699650+00:00,0x2A1,0100010600000000
2026-09-26T08:42:32.702694+00:00,0x2A1,0100010600000000
2026-09-26T08:42:32.707762+00:00,0x2A1,0100010600000000
2026-09-26T08:42:32.714290+00:00,0x2A1,0100010600000000
2026-09-26T08:42:32.718285+00:00,0x2A1,0100010600000000
2026-09-26T08:42:32.722761+00:00,0x2A1,0100010600000000
2026-09-26T08:42:32.727911+00:00,0x2A1,0100010600000000
2026-09-26T08:42:32.733859+00:00,0x2A1,0100010600000000
2026-09-26T08:42:32.738359+00:00,0x2A1,0100010600000000
2026-09-26T08:42:32.743625+00:00,0x2A1,0100010600000000
2026-09-26T08:42:32.748210+00:00,0x2A1,0100010600000000
2026-09-26T08:42:32.755176+00:00,0x2A1,0100010600000000
2026-09-26T08:42:32.758979+00:00,0x2A1,0100010600000000
2026-09-26T08:42:32.762702+00:00,0x2A1,0100010600000000
2026-09-26T08:42:32.767648+00:00,0x2A1,0100010600000000
2026-09-26T08:42:32.774024+00:00,0x2A1,0100010600000000
2026-09-26T08:42:32.778395+00:00,0x2A1,0100010600000000
2026-09-26T08:42:32.782778+00:00,0x2A1,0100010600000000
2026-09-26T08:42:32.787709+00:00,0x2A1,0100010600000000
2026-09-26T08:42:32.793943+00:00,0x2A1,0100010600000000
2026-09-26T08:42:32.798870+00:00,0x2A1,0100010600000000
2026-09-26T08:42:32.801396+00:00,0x151,0101050000000000
2026-09-26T08:42:32.801699+00:00,0x155,00005606FFFF7E8B
2026-09-26T08:42:32.802089+00:00,0x156,FFFF6304FFFF7C2C
2026-09-26T08:42:32.802586+00:00,0x157,00003E5800002E01
2026-09-26T08:42:32.802649+00:00,0x170,FFFF960500000000
2026-09-26T08:42:32.804223+00:00,0x2A1,0100010600000000
2026-09-26T08:42:32.808652+00:00,0x2A1,0100010600000000
2026-09-26T08:42:32.814383+00:00,0x2A1,0100010601000000
2026-09-26T08:42:32.818576+00:00,0x2A1,0100010601000000
2026-09-26T08:42:32.822952+00:00,0x2A1,0100010601000000
2026-09-26T08:42:32.827761+00:00,0x2A1,0100010601000000
2026-09-26T08:42:32.834048+00:00,0x2A1,0100010601000000
2026-09-26T08:42:32.838285+00:00,0x2A1,0100010601000000
2026-09-26T08:42:32.842782+00:00,0x2A1,0100010601000000
2026-09-26T08:42:32.847720+00:00,0x2A1,0100010601000000
2026-09-26T08:42:32.855316+00:00,0x2A1,0100010601000000
2026-09-26T08:42:32.859578+00:00,0x2A1,0100010601000000
2026-09-26T08:42:32.863098+00:00,0x2A1,0100010601000000
2026-09-26T08:42:32.867653+00:00,0x2A1,0100010601000000
2026-09-26T08:42:32.874430+00:00,0x2A1,0100010601000000
2026-09-26T08:42:32.878659+00:00,0x2A1,0100010601000000
2026-09-26T08:42:32.882693+00:00,0x2A1,0100010601000000
2026-09-26T08:42:32.887750+00:00,0x2A1,0100010601000000
2026-09-26T08:42:32.894180+00:00,0x2A1,0100010601000000
2026-09-26T08:42:32.898393+00:00,0x2A1,0100010601000000
2026-09-26T08:42:32.902710+00:00,0x2A1,0100010601000000
2026-09-26T08:42:32.908372+00:00,0x2A1,0100010601000000
2026-09-26T08:42:32.915291+00:00,0x2A1,0100010601000000
2026-09-26T08:42:32.919652+00:00,0x2A1,0100010601000000
2026-09-26T08:42:32.923306+00:00,0x2A1,0100010601000000
2026-09-26T08:42:32.927803+00:00,0x2A1,0100010601000000
2026-09-26T08:42:32.934727+00:00,0x2A1,0100010601000000
2026-09-26T08:42:32.938237+00:00,0x2A1,0100010601000000
2026-09-26T08:42:32.942940+00:00,0x2A1,0100010601000000
2026-09-26T08:42:32.947710+00:00,0x2A1,0100010601000000
2026-09-26T08:42:32.954339+00:00,0x2A1,0100010601000000
2026-09-26T08:42:32.958470+00:00,0x2A1,0100010601000000
2026-09-26T08:42:32.962848+00:00,0x2A1,0100010601000000
2026-09-26T08:42:32.968069+00:00,0x2A1,0100010601000000
2026-09-26T08:42:32.974894+00:00,0x2A1,0100010601000000
2026-09-26T08:42:32.979227+00:00,0x2A1,0100010601000000
2026-09-26T08:42:32.982759+00:00,0x2A1,0100010601000000
2026-09-26T08:42:32.987871+00:00,0x2A1,0100010601000000
2026-09-26T08:42:32.994350+00:00,0x2A1,0100010601000000
2026-09-26T08:42:32.998661+00:00,0x2A1,0100010601000000
2026-09-26T08:42:33.002739+00:00,0x2A1,0100010601000000
2026-09-26T08:42:33.007710+00:00,0x2A1,0100010601000000
2026-09-26T08:42:33.014278+00:00,0x2A1,0100010600000000
2026-09-26T08:42:33.018740+00:00,0x2A1,0100010600000000
2026-09-26T08:42:33.023212+00:00,0x2A1,0100010600000000
2026-09-26T08:42:33.028028+00:00,0x2A1,0100010600000000
2026-09-26T08:42:33.034911+00:00,0x2A1,0100010600000000
2026-09-26T08:42:33.038575+00:00,0x2A1,0100010600000000
2026-09-26T08:42:33.042697+00:00,0x2A1,0100010600000000
2026-09-26T08:42:33.047779+00:00,0x2A1,0100010600000000
2026-09-26T08:42:33.054352+00:00,0x2A1,0100010600000000
2026-09-26T08:42:33.058342+00:00,0x2A1,0100010600000000
2026-09-26T08:42:33.062651+00:00,0x2A1,0100010600000000
2026-09-26T08:42:33.067888+00:00,0x2A1,0100010600000000
2026-09-26T08:42:33.075635+00:00,0x2A1,0100010600000000
2026-09-26T08:42:33.079893+00:00,0x2A1,0100010600000000
2026-09-26T08:42:33.083810+00:00,0x2A1,0100010600000000
2026-09-26T08:42:33.087903+00:00,0x2A1,0100010600000000
2026-09-26T08:42:33.094651+00:00,0x2A1,0100010600000000
2026-09-26T08:42:33.098388+00:00,0x2A1,0100010600000000
2026-09-26T08:42:33.102752+00:00,0x2A1,0100010600000000
2026-09-26T08:42:33.105025+00:00,0x151,0101050000000000
2026-09-26T08:42:33.105209+00:00,0x155,00005606FFFF7E8B
2026-09-26T08:42:33.105793+00:00,0x156,FFFF5F39FFFF7C2C
2026-09-26T08:42:33.106215+00:00,0x157,0000449100002E01
2026-09-26T08:42:33.106361+00:00,0x170,FFFF960500000000
2026-09-26T08:42:33.107785+00:00,0x2A1,0100010600000000
2026-09-26T08:42:33.114182+00:00,0x2A1,0100010601000000
2026-09-26T08:42:33.118342+00:00,0x2A1,0100010601000000
2026-09-26T08:42:33.122695+00:00,0x2A1,0100010601000000
2026-09-26T08:42:33.127986+00:00,0x2A1,0100010601000000
2026-09-26T08:42:33.134946+00:00,0x2A1,0100010601000000
2026-09-26T08:42:33.139628+00:00,0x2A1,0100010601000000
2026-09-26T08:42:33.142744+00:00,0x2A1,0100010601000000
2026-09-26T08:42:33.147846+00:00,0x2A1,0100010601000000
2026-09-26T08:42:33.154252+00:00,0x2A1,0100010601000000
2026-09-26T08:42:33.158336+00:00,0x2A1,0100010601000000
2026-09-26T08:42:33.163027+00:00,0x2A1,0100010601000000
2026-09-26T08:42:33.167787+00:00,0x2A1,0100010601000000
2026-09-26T08:42:33.174603+00:00,0x2A1,0100010601000000
2026-09-26T08:42:33.178383+00:00,0x2A1,0100010601000000
2026-09-26T08:42:33.183578+00:00,0x2A1,0100010601000000
2026-09-26T08:42:33.188029+00:00,0x2A1,0100010601000000
2026-09-26T08:42:33.193973+00:00,0x2A1,0100010601000000
2026-09-26T08:42:33.199142+00:00,0x2A1,0100010601000000
2026-09-26T08:42:33.202655+00:00,0x2A1,0100010601000000
2026-09-26T08:42:33.207704+00:00,0x2A1,0100010601000000
2026-09-26T08:42:33.212767+00:00,0x2A1,0100010601000000
2026-09-26T08:42:33.218336+00:00,0x2A1,0100010601000000
2026-09-26T08:42:33.222745+00:00,0x2A1,0100010601000000
2026-09-26T08:42:33.227727+00:00,0x2A1,0100010601000000
2026-09-26T08:42:33.232832+00:00,0x2A1,0100010601000000
2026-09-26T08:42:33.238899+00:00,0x2A1,0100010601000000
2026-09-26T08:42:33.243321+00:00,0x2A1,0100010601000000
2026-09-26T08:42:33.248321+00:00,0x2A1,0100010601000000
2026-09-26T08:42:33.252747+00:00,0x2A1,0100010601000000
2026-09-26T08:42:33.258604+00:00,0x2A1,0100010600000000
2026-09-26T08:42:33.262721+00:00,0x2A1,0100010600000000
2026-09-26T08:42:33.267678+00:00,0x2A1,0100010600000000
2026-09-26T08:42:33.272724+00:00,0x2A1,0100010600000000
2026-09-26T08:42:33.278384+00:00,0x2A1,0100010600000000
2026-09-26T08:42:33.282677+00:00,0x2A1,0100010600000000
2026-09-26T08:42:33.287655+00:00,0x2A1,0100010600000000
2026-09-26T08:42:33.293578+00:00,0x2A1,0100010600000000
2026-09-26T08:42:33.299785+00:00,0x2A1,0100010600000000
2026-09-26T08:42:33.303007+00:00,0x2A1,0100010600000000
2026-09-26T08:42:33.307656+00:00,0x2A1,0100010600000000
2026-09-26T08:42:33.313477+00:00,0x2A1,0100010600000000
2026-09-26T08:42:33.318743+00:00,0x2A1,0100010600000000
2026-09-26T08:42:33.322657+00:00,0x2A1,0100010600000000
2026-09-26T08:42:33.327954+00:00,0x2A1,0100010600000000
2026-09-26T08:42:33.332785+00:00,0x2A1,0100010600000000
2026-09-26T08:42:33.338643+00:00,0x2A1,0100010600000000
2026-09-26T08:42:33.343069+00:00,0x2A1,0100010600000000
2026-09-26T08:42:33.348115+00:00,0x2A1,0100010600000000
2026-09-26T08:42:33.353338+00:00,0x2A1,0100010600000000
2026-09-26T08:42:33.358635+00:00,0x151,0101050000000000
2026-09-26T08:42:33.358833+00:00,0x155,00005606FFFF7E8B
2026-09-26T08:42:33.358967+00:00,0x156,FFFF55A6FFFF7C2C
2026-09-26T08:42:33.359038+00:00,0x157,0000493700002E01
2026-09-26T08:42:33.359248+00:00,0x170,FFFF960500000000
2026-09-26T08:42:33.359776+00:00,0x2A1,0100010600000000
2026-09-26T08:42:33.363049+00:00,0x2A1,0100010600000000
2026-09-26T08:42:33.367699+00:00,0x2A1,0100010600000000
2026-09-26T08:42:33.372699+00:00,0x2A1,0100010600000000
2026-09-26T08:42:33.379031+00:00,0x2A1,0100010601000000
2026-09-26T08:42:33.382656+00:00,0x2A1,0100010601000000
2026-09-26T08:42:33.387704+00:00,0x2A1,0100010601000000
2026-09-26T08:42:33.392704+00:00,0x2A1,0100010601000000
2026-09-26T08:42:33.398830+00:00,0x2A1,0100010601000000
2026-09-26T08:42:33.402985+00:00,0x2A1,0100010601000000
2026-09-26T08:42:33.408185+00:00,0x2A1,0100010601000000
2026-09-26T08:42:33.412681+00:00,0x2A1,0100010601000000
2026-09-26T08:42:33.418850+00:00,0x2A1,0100010601000000
2026-09-26T08:42:33.422657+00:00,0x2A1,0100010601000000
2026-09-26T08:42:33.427700+00:00,0x2A1,0100010601000000
2026-09-26T08:42:33.432680+00:00,0x2A1,0100010601000000
2026-09-26T08:42:33.438784+00:00,0x2A1,0100010601000000
2026-09-26T08:42:33.442682+00:00,0x2A1,0100010601000000
2026-09-26T08:42:33.447757+00:00,0x2A1,0100010601000000
2026-09-26T08:42:33.453168+00:00,0x2A1,0100010601000000
2026-09-26T08:42:33.460036+00:00,0x2A1,0100010601000000
2026-09-26T08:42:33.463053+00:00,0x2A1,0100010601000000
2026-09-26T08:42:33.467848+00:00,0x2A1,0100010601000000
2026-09-26T08:42:33.472705+00:00,0x2A1,0100010601000000
2026-09-26T08:42:33.479054+00:00,0x2A1,0100010601000000
2026-09-26T08:42:33.482750+00:00,0x2A1,0100010601000000
2026-09-26T08:42:33.487758+00:00,0x2A1,0100010601000000
2026-09-26T08:42:33.492712+00:00,0x2A1,0100010601000000
2026-09-26T08:42:33.499281+00:00,0x2A1,0100010601000000
2026-09-26T08:42:33.503406+00:00,0x2A1,0100010601000000
2026-09-26T08:42:33.508096+00:00,0x2A1,0100010601000000
2026-09-26T08:42:33.513921+00:00,0x2A1,0100010601000000
2026-09-26T08:42:33.520450+00:00,0x2A1,0100010601000000
2026-09-26T08:42:33.523430+00:00,0x2A1,0100010601000000
2026-09-26T08:42:33.527767+00:00,0x2A1,0100010601000000
2026-09-26T08:42:33.532658+00:00,0x2A1,0100010601000000
2026-09-26T08:42:33.539653+00:00,0x2A1,0100010601000000
2026-09-26T08:42:33.542901+00:00,0x2A1,0100010601000000
2026-09-26T08:42:33.547706+00:00,0x2A1,0100010601000000
2026-09-26T08:42:33.552658+00:00,0x2A1,0100010601000000
2026-09-26T08:42:33.560658+00:00,0x2A1,0100010601000000
2026-09-26T08:42:33.564224+00:00,0x2A1,0100010601000000
2026-09-26T08:42:33.568196+00:00,0x2A1,0100010601000000
2026-09-26T08:42:33.572714+00:00,0x2A1,0100010601000000
2026-09-26T08:42:33.579756+00:00,0x2A1,0100010601000000
2026-09-26T08:42:33.582717+00:00,0x2A1,0100010601000000
2026-09-26T08:42:33.587657+00:00,0x2A1,0100010601000000
2026-09-26T08:42:33.592756+00:00,0x2A1,0100010601000000
2026-09-26T08:42:33.600231+00:00,0x2A1,0100010601000000
2026-09-26T08:42:33.602988+00:00,0x2A1,0100010601000000
2026-09-26T08:42:33.607699+00:00,0x2A1,0100010601000000
2026-09-26T08:42:33.613139+00:00,0x2A1,0100010601000000
2026-09-26T08:42:33.620362+00:00,0x2A1,0100010600000000
2026-09-26T08:42:33.623387+00:00,0x2A1,0100010600000000
2026-09-26T08:42:33.627758+00:00,0x2A1,0100010600000000
2026-09-26T08:42:33.632754+00:00,0x2A1,0100010600000000
2026-09-26T08:42:33.639755+00:00,0x2A1,0100010600000000
2026-09-26T08:42:33.642833+00:00,0x2A1,0100010600000000
2026-09-26T08:42:33.647764+00:00,0x2A1,0100010600000000
2026-09-26T08:42:33.652658+00:00,0x2A1,0100010600000000
2026-09-26T08:42:33.659428+00:00,0x2A1,0100010600000000
2026-09-26T08:42:33.662887+00:00,0x2A1,0100010600000000
2026-09-26T08:42:33.668218+00:00,0x2A1,0100010600000000
2026-09-26T08:42:33.673584+00:00,0x2A1,0100010600000000
2026-09-26T08:42:33.679946+00:00,0x2A1,0100010600000000
2026-09-26T08:42:33.682946+00:00,0x2A1,0100010600000000
2026-09-26T08:42:33.687658+00:00,0x2A1,0100010600000000
2026-09-26T08:42:33.692703+00:00,0x2A1,0100010600000000
2026-09-26T08:42:33.699593+00:00,0x2A1,0100010600000000
2026-09-26T08:42:33.702659+00:00,0x2A1,0100010600000000
2026-09-26T08:42:33.707659+00:00,0x2A1,0100010600000000
2026-09-26T08:42:33.711768+00:00,0x151,0101050000000000
2026-09-26T08:42:33.712056+00:00,0x155,00005606FFFF7E90
2026-09-26T08:42:33.712459+00:00,0x156,FFFF4DA9FFFF7C2C
2026-09-26T08:42:33.712790+00:00,0x2A1,0100010600000000
2026-09-26T08:42:33.713071+00:00,0x157,00004A8E00002E01
2026-09-26T08:42:33.713204+00:00,0x170,FFFF960500000000
2026-09-26T08:42:33.720583+00:00,0x2A1,0100010601000000
2026-09-26T08:42:33.724874+00:00,0x2A1,0100010601000000
2026-09-26T08:42:33.728032+00:00,0x2A1,0100010601000000
2026-09-26T08:42:33.732702+00:00,0x2A1,0100010601000000
2026-09-26T08:42:33.739586+00:00,0x2A1,0100010601000000
2026-09-26T08:42:33.742855+00:00,0x2A1,0100010601000000
2026-09-26T08:42:33.747660+00:00,0x2A1,0100010601000000
2026-09-26T08:42:33.752745+00:00,0x2A1,0100010601000000
2026-09-26T08:42:33.760288+00:00,0x2A1,0100010601000000
2026-09-26T08:42:33.763225+00:00,0x2A1,0100010601000000
2026-09-26T08:42:33.767900+00:00,0x2A1,0100010601000000
2026-09-26T08:42:33.773029+00:00,0x2A1,0100010601000000
2026-09-26T08:42:33.780747+00:00,0x2A1,0100010601000000
2026-09-26T08:42:33.783902+00:00,0x2A1,0100010601000000
2026-09-26T08:42:33.787947+00:00,0x2A1,0100010601000000
2026-09-26T08:42:33.792947+00:00,0x2A1,0100010601000000
2026-09-26T08:42:33.799990+00:00,0x2A1,0100010601000000
2026-09-26T08:42:33.802990+00:00,0x2A1,0100010601000000
2026-09-26T08:42:33.807703+00:00,0x2A1,0100010601000000
2026-09-26T08:42:33.812704+00:00,0x2A1,0100010601000000
2026-09-26T08:42:33.819770+00:00,0x2A1,0100010601000000
2026-09-26T08:42:33.822701+00:00,0x2A1,0100010601000000
2026-09-26T08:42:33.827948+00:00,0x2A1,0100010601000000
2026-09-26T08:42:33.833326+00:00,0x2A1,0100010601000000
2026-09-26T08:42:33.840056+00:00,0x2A1,0100010601000000
2026-09-26T08:42:33.843144+00:00,0x2A1,0100010601000000
2026-09-26T08:42:33.847704+00:00,0x2A1,0100010601000000
2026-09-26T08:42:33.852911+00:00,0x2A1,0100010601000000
2026-09-26T08:42:33.859901+00:00,0x2A1,0100010601000000
2026-09-26T08:42:33.862790+00:00,0x2A1,0100010601000000
2026-09-26T08:42:33.867617+00:00,0x2A1,0100010601000000
2026-09-26T08:42:33.872704+00:00,0x2A1,0100010601000000
2026-09-26T08:42:33.880433+00:00,0x2A1,0100010601000000
2026-09-26T08:42:33.883850+00:00,0x2A1,0100010601000000
2026-09-26T08:42:33.888227+00:00,0x2A1,0100010601000000
2026-09-26T08:42:33.892699+00:00,0x2A1,0100010601000000
2026-09-26T08:42:33.900097+00:00,0x2A1,0100010601000000
2026-09-26T08:42:33.903183+00:00,0x2A1,0100010601000000
2026-09-26T08:42:33.907656+00:00,0x2A1,0100010601000000
2026-09-26T08:42:33.912727+00:00,0x2A1,0100010601000000
2026-09-26T08:42:33.919855+00:00,0x2A1,0100010600000000
2026-09-26T08:42:33.922749+00:00,0x2A1,0100010600000000
2026-09-26T08:42:33.927682+00:00,0x2A1,0100010600000000
2026-09-26T08:42:33.932948+00:00,0x2A1,0100010600000000
2026-09-26T08:42:33.941643+00:00,0x2A1,0100010600000000
2026-09-26T08:42:33.944791+00:00,0x2A1,0100010600000000
2026-09-26T08:42:33.947855+00:00,0x2A1,0100010600000000
2026-09-26T08:42:33.952727+00:00,0x2A1,0100010600000000
2026-09-26T08:42:33.960062+00:00,0x2A1,0100010600000000
2026-09-26T08:42:33.963097+00:00,0x2A1,0100010600000000
2026-09-26T08:42:33.967661+00:00,0x2A1,0100010600000000
2026-09-26T08:42:33.972797+00:00,0x2A1,0100010600000000
2026-09-26T08:42:33.980401+00:00,0x2A1,0100010600000000
2026-09-26T08:42:33.983348+00:00,0x2A1,0100010600000000
2026-09-26T08:42:33.988093+00:00,0x2A1,0100010600000000
2026-09-26T08:42:33.993125+00:00,0x2A1,0100010600000000
2026-09-26T08:42:34.000409+00:00,0x2A1,0100010600000000
2026-09-26T08:42:34.003434+00:00,0x2A1,0100010600000000
2026-09-26T08:42:34.007906+00:00,0x2A1,0100010600000000
2026-09-26T08:42:34.012705+00:00,0x2A1,0100010600000000
2026-09-26T08:42:34.015731+00:00,0x151,0101050000000000
2026-09-26T08:42:34.015803+00:00,0x155,00005606FFFF7E96
2026-09-26T08:42:34.015871+00:00,0x156,FFFF45ACFFFF7C2C
2026-09-26T08:42:34.016342+00:00,0x157,00004BE500002E01
2026-09-26T08:42:34.016409+00:00,0x170,FFFF960500000000
2026-09-26T08:42:34.020588+00:00,0x2A1,0100010601000000
2026-09-26T08:42:34.023587+00:00,0x2A1,0100010601000000
2026-09-26T08:42:34.027662+00:00,0x2A1,0100010601000000
2026-09-26T08:42:34.032662+00:00,0x2A1,0100010601000000
2026-09-26T08:42:34.040815+00:00,0x2A1,0100010601000000
2026-09-26T08:42:34.044232+00:00,0x2A1,0100010601000000
2026-09-26T08:42:34.048316+00:00,0x2A1,0100010601000000
2026-09-26T08:42:34.052662+00:00,0x2A1,0100010601000000
2026-09-26T08:42:34.060230+00:00,0x2A1,0100010601000000
2026-09-26T08:42:34.063222+00:00,0x2A1,0100010601000000
2026-09-26T08:42:34.067706+00:00,0x2A1,0100010601000000
2026-09-26T08:42:34.072663+00:00,0x2A1,0100010601000000
2026-09-26T08:42:34.080105+00:00,0x2A1,0100010601000000
2026-09-26T08:42:34.083191+00:00,0x2A1,0100010601000000
2026-09-26T08:42:34.087763+00:00,0x2A1,0100010601000000
2026-09-26T08:42:34.092995+00:00,0x2A1,0100010601000000
2026-09-26T08:42:34.101795+00:00,0x2A1,0100010601000000
2026-09-26T08:42:34.105191+00:00,0x2A1,0100010601000000
2026-09-26T08:42:34.108279+00:00,0x2A1,0100010601000000
2026-09-26T08:42:34.112751+00:00,0x2A1,0100010601000000
2026-09-26T08:42:34.119949+00:00,0x2A1,0100010601000000
2026-09-26T08:42:34.122950+00:00,0x2A1,0100010601000000
2026-09-26T08:42:34.127993+00:00,0x2A1,0100010601000000
2026-09-26T08:42:34.132663+00:00,0x2A1,0100010601000000
2026-09-26T08:42:34.139951+00:00,0x2A1,0100010601000000
2026-09-26T08:42:34.142993+00:00,0x2A1,0100010601000000
2026-09-26T08:42:34.147993+00:00,0x2A1,0100010601000000
2026-09-26T08:42:34.153178+00:00,0x2A1,0100010601000000
2026-09-26T08:42:34.159316+00:00,0x2A1,0100010601000000
2026-09-26T08:42:34.163790+00:00,0x2A1,0100010601000000
2026-09-26T08:42:34.167851+00:00,0x2A1,0100010601000000
2026-09-26T08:42:34.172711+00:00,0x2A1,0100010601000000
2026-09-26T08:42:34.179239+00:00,0x2A1,0100010601000000
2026-09-26T08:42:34.183105+00:00,0x2A1,0100010601000000
2026-09-26T08:42:34.187951+00:00,0x2A1,0100010601000000
2026-09-26T08:42:34.192814+00:00,0x2A1,0100010601000000
2026-09-26T08:42:34.198230+00:00,0x2A1,0100010601000000
2026-09-26T08:42:34.203225+00:00,0x2A1,0100010601000000
2026-09-26T08:42:34.208041+00:00,0x2A1,0100010601000000
2026-09-26T08:42:34.213753+00:00,0x2A1,0100010601000000
2026-09-26T08:42:34.218523+00:00,0x2A1,0100010601000000
2026-09-26T08:42:34.223154+00:00,0x2A1,0100010600000000
2026-09-26T08:42:34.227708+00:00,0x2A1,0100010600000000
2026-09-26T08:42:34.232819+00:00,0x2A1,0100010600000000
2026-09-26T08:42:34.240091+00:00,0x2A1,0100010600000000
2026-09-26T08:42:34.243046+00:00,0x2A1,0100010600000000
2026-09-26T08:42:34.247715+00:00,0x2A1,0100010600000000
2026-09-26T08:42:34.252749+00:00,0x2A1,0100010600000000
2026-09-26T08:42:34.259008+00:00,0x2A1,0100010600000000
2026-09-26T08:42:34.264036+00:00,0x2A1,0100010600000000
2026-09-26T08:42:34.267991+00:00,0x2A1,0100010600000000
2026-09-26T08:42:34.272857+00:00,0x2A1,0100010600000000
2026-09-26T08:42:34.278663+00:00,0x2A1,0100010600000000
2026-09-26T08:42:34.283192+00:00,0x2A1,0100010600000000
2026-09-26T08:42:34.287665+00:00,0x2A1,0100010600000000
2026-09-26T08:42:34.292665+00:00,0x2A1,0100010600000000
2026-09-26T08:42:34.298393+00:00,0x2A1,0100010600000000
2026-09-26T08:42:34.302909+00:00,0x2A1,0100010600000000
2026-09-26T08:42:34.307665+00:00,0x2A1,0100010600000000
2026-09-26T08:42:34.312752+00:00,0x2A1,0100010600000000
2026-09-26T08:42:34.318795+00:00,0x151,0101050000000000
2026-09-26T08:42:34.319163+00:00,0x2A1,0100010600000000
2026-09-26T08:42:34.319453+00:00,0x155,00005608FFFF7EB5
2026-09-26T08:42:34.319843+00:00,0x156,FFFF3EAFFFFF7C29
2026-09-26T08:42:34.320098+00:00,0x157,00004E4000002E01
2026-09-26T08:42:34.320235+00:00,0x170,FFFF960500000000
2026-09-26T08:42:34.324275+00:00,0x2A1,0100010600000000
2026-09-26T08:42:34.327951+00:00,0x2A1,0100010600000000
2026-09-26T08:42:34.332706+00:00,0x2A1,0100010600000000
2026-09-26T08:42:34.338396+00:00,0x2A1,0100010600000000
2026-09-26T08:42:34.342951+00:00,0x2A1,0100010601000000
2026-09-26T08:42:34.348185+00:00,0x2A1,0100010601000000
2026-09-26T08:42:34.353038+00:00,0x2A1,0100010601000000
2026-09-26T08:42:34.359241+00:00,0x2A1,0100010601000000
2026-09-26T08:42:34.364642+00:00,0x2A1,0100010601000000
2026-09-26T08:42:34.368891+00:00,0x2A1,0100010601000000
2026-09-26T08:42:34.374723+00:00,0x2A1,0100010601000000
2026-09-26T08:42:34.379413+00:00,0x2A1,0100010601000000
2026-09-26T08:42:34.385326+00:00,0x2A1,0100010601000000
2026-09-26T08:42:34.389341+00:00,0x2A1,0100010601000000
2026-09-26T08:42:34.393081+00:00,0x2A1,0100010601000000
2026-09-26T08:42:34.400675+00:00,0x2A1,0100010601000000
2026-09-26T08:42:34.407125+00:00,0x2A1,0100010601000000
2026-09-26T08:42:34.410535+00:00,0x2A1,0100010601000000
2026-09-26T08:42:34.413804+00:00,0x2A1,0100010601000000
2026-09-26T08:42:34.418394+00:00,0x2A1,0100010601000000
2026-09-26T08:42:34.423391+00:00,0x2A1,0100010601000000
2026-09-26T08:42:34.427661+00:00,0x2A1,0100010601000000
2026-09-26T08:42:34.433178+00:00,0x2A1,0100010601000000
2026-09-26T08:42:34.440128+00:00,0x2A1,0100010601000000
2026-09-26T08:42:34.444845+00:00,0x2A1,0100010601000000
2026-09-26T08:42:34.447839+00:00,0x2A1,0100010601000000
2026-09-26T08:42:34.452797+00:00,0x2A1,0100010601000000
2026-09-26T08:42:34.458437+00:00,0x2A1,0100010601000000
2026-09-26T08:42:34.463751+00:00,0x2A1,0100010601000000
2026-09-26T08:42:34.467635+00:00,0x2A1,0100010601000000
2026-09-26T08:42:34.472795+00:00,0x2A1,0100010601000000
2026-09-26T08:42:34.478464+00:00,0x2A1,0100010601000000
2026-09-26T08:42:34.484019+00:00,0x2A1,0100010601000000
2026-09-26T08:42:34.487953+00:00,0x2A1,0100010601000000
2026-09-26T08:42:34.492997+00:00,0x2A1,0100010601000000
2026-09-26T08:42:34.498330+00:00,0x2A1,0100010601000000
2026-09-26T08:42:34.503860+00:00,0x2A1,0100010600000000
2026-09-26T08:42:34.507667+00:00,0x2A1,0100010600000000
2026-09-26T08:42:34.512701+00:00,0x2A1,0100010600000000
2026-09-26T08:42:34.518193+00:00,0x2A1,0100010600000000
2026-09-26T08:42:34.523709+00:00,0x2A1,0100010600000000
2026-09-26T08:42:34.527643+00:00,0x2A1,0100010600000000
2026-09-26T08:42:34.532636+00:00,0x2A1,0100010600000000
2026-09-26T08:42:34.539284+00:00,0x2A1,0100010600000000
2026-09-26T08:42:34.544614+00:00,0x2A1,0100010600000000
2026-09-26T08:42:34.548913+00:00,0x2A1,0100010600000000
2026-09-26T08:42:34.552724+00:00,0x2A1,0100010600000000
2026-09-26T08:42:34.558403+00:00,0x2A1,0100010600000000
2026-09-26T08:42:34.564013+00:00,0x2A1,0100010600000000
2026-09-26T08:42:34.567720+00:00,0x2A1,0100010600000000
2026-09-26T08:42:34.571970+00:00,0x151,0101050000000000
2026-09-26T08:42:34.572340+00:00,0x155,0000560AFFFF7ED4
2026-09-26T08:42:34.572457+00:00,0x156,FFFF37B2FFFF7C26
2026-09-26T08:42:34.572589+00:00,0x157,0000509B00002E01
2026-09-26T08:42:34.572665+00:00,0x170,FFFF960500000000
2026-09-26T08:42:34.573151+00:00,0x2A1,0100010600000000
2026-09-26T08:42:34.578591+00:00,0x2A1,0100010600000000
2026-09-26T08:42:34.584105+00:00,0x2A1,0100010601000000
2026-09-26T08:42:34.587612+00:00,0x2A1,0100010601000000
2026-09-26T08:42:34.593441+00:00,0x2A1,0100010601000000
2026-09-26T08:42:34.598753+00:00,0x2A1,0100010601000000
2026-09-26T08:42:34.604779+00:00,0x2A1,0100010601000000
2026-09-26T08:42:34.608155+00:00,0x2A1,0100010601000000
2026-09-26T08:42:34.612911+00:00,0x2A1,0100010601000000
2026-09-26T08:42:34.618352+00:00,0x2A1,0100010601000000
2026-09-26T08:42:34.624082+00:00,0x2A1,0100010601000000
2026-09-26T08:42:34.627666+00:00,0x2A1,0100010601000000
2026-09-26T08:42:34.632667+00:00,0x2A1,0100010601000000
2026-09-26T08:42:34.638356+00:00,0x2A1,0100010601000000
2026-09-26T08:42:34.644001+00:00,0x2A1,0100010601000000
2026-09-26T08:42:34.647951+00:00,0x2A1,0100010601000000
2026-09-26T08:42:34.653128+00:00,0x2A1,0100010601000000
2026-09-26T08:42:34.658954+00:00,0x2A1,0100010601000000
2026-09-26T08:42:34.664040+00:00,0x2A1,0100010601000000
2026-09-26T08:42:34.667783+00:00,0x2A1,0100010601000000
2026-09-26T08:42:34.672723+00:00,0x2A1,0100010601000000
2026-09-26T08:42:34.678291+00:00,0x2A1,0100010601000000
2026-09-26T08:42:34.683793+00:00,0x2A1,0100010601000000
2026-09-26T08:42:34.687880+00:00,0x2A1,0100010601000000
2026-09-26T08:42:34.692657+00:00,0x2A1,0100010601000000
2026-09-26T08:42:34.698492+00:00,0x2A1,0100010601000000
2026-09-26T08:42:34.704997+00:00,0x2A1,0100010601000000
2026-09-26T08:42:34.708246+00:00,0x2A1,0100010601000000
2026-09-26T08:42:34.713082+00:00,0x2A1,0100010601000000
2026-09-26T08:42:34.718405+00:00,0x2A1,0100010601000000
2026-09-26T08:42:34.724038+00:00,0x2A1,0100010601000000
2026-09-26T08:42:34.727711+00:00,0x2A1,0100010601000000
2026-09-26T08:42:34.732896+00:00,0x2A1,0100010601000000
2026-09-26T08:42:34.738616+00:00,0x2A1,0100010601000000
2026-09-26T08:42:34.743997+00:00,0x2A1,0100010600000000
2026-09-26T08:42:34.747663+00:00,0x2A1,0100010600000000
2026-09-26T08:42:34.752663+00:00,0x2A1,0100010600000000
2026-09-26T08:42:34.758187+00:00,0x2A1,0100010600000000
2026-09-26T08:42:34.765589+00:00,0x2A1,0100010600000000
2026-09-26T08:42:34.768710+00:00,0x2A1,0100010600000000
2026-09-26T08:42:34.772667+00:00,0x2A1,0100010600000000
2026-09-26T08:42:34.778230+00:00,0x2A1,0100010600000000
2026-09-26T08:42:34.784195+00:00,0x2A1,0100010600000000
2026-09-26T08:42:34.787668+00:00,0x2A1,0100010600000000
2026-09-26T08:42:34.792694+00:00,0x2A1,0100010600000000
2026-09-26T08:42:34.798301+00:00,0x2A1,0100010600000000
2026-09-26T08:42:34.804042+00:00,0x2A1,0100010600000000
2026-09-26T08:42:34.808738+00:00,0x2A1,0100010600000000
2026-09-26T08:42:34.813044+00:00,0x2A1,0100010600000000
2026-09-26T08:42:34.819321+00:00,0x2A1,0100010600000000
2026-09-26T08:42:34.824536+00:00,0x2A1,0100010600000000
2026-09-26T08:42:34.827867+00:00,0x2A1,0100010600000000
2026-09-26T08:42:34.832968+00:00,0x2A1,0100010600000000
2026-09-26T08:42:34.838413+00:00,0x2A1,0100010600000000
2026-09-26T08:42:34.844348+00:00,0x2A1,0100010600000000
2026-09-26T08:42:34.847726+00:00,0x2A1,0100010600000000
2026-09-26T08:42:34.852725+00:00,0x2A1,0100010600000000
2026-09-26T08:42:34.858488+00:00,0x2A1,0100010600000000
2026-09-26T08:42:34.865391+00:00,0x2A1,0100010600000000
2026-09-26T08:42:34.869304+00:00,0x2A1,0100010600000000
2026-09-26T08:42:34.872961+00:00,0x2A1,0100010600000000
2026-09-26T08:42:34.874638+00:00,0x151,0101050000000000
2026-09-26T08:42:34.874729+00:00,0x155,0000560AFFFF7F0B
2026-09-26T08:42:34.874920+00:00,0x156,FFFF316AFFFF7C26
2026-09-26T08:42:34.874986+00:00,0x157,0000551600002E01
2026-09-26T08:42:34.875059+00:00,0x170,FFFF960500000000
2026-09-26T08:42:34.878861+00:00,0x2A1,0100010600000000
2026-09-26T08:42:34.884240+00:00,0x2A1,0100010601000000
2026-09-26T08:42:34.887712+00:00,0x2A1,0100010601000000
2026-09-26T08:42:34.892713+00:00,0x2A1,0100010601000000
2026-09-26T08:42:34.898400+00:00,0x2A1,0100010601000000
2026-09-26T08:42:34.904231+00:00,0x2A1,0100010601000000
2026-09-26T08:42:34.907670+00:00,0x2A1,0100010601000000
2026-09-26T08:42:34.913594+00:00,0x2A1,0100010601000000
2026-09-26T08:42:34.919442+00:00,0x2A1,0100010601000000
2026-09-26T08:42:34.926669+00:00,0x2A1,0100010601000000
2026-09-26T08:42:34.929638+00:00,0x2A1,0100010601000000
2026-09-26T08:42:34.932712+00:00,0x2A1,0100010601000000
2026-09-26T08:42:34.938441+00:00,0x2A1,0100010601000000
2026-09-26T08:42:34.944287+00:00,0x2A1,0100010601000000
2026-09-26T08:42:34.947672+00:00,0x2A1,0100010601000000
2026-09-26T08:42:34.952666+00:00,0x2A1,0100010601000000
2026-09-26T08:42:34.958236+00:00,0x2A1,0100010601000000
2026-09-26T08:42:34.964532+00:00,0x2A1,0100010601000000
2026-09-26T08:42:34.967862+00:00,0x2A1,0100010601000000
2026-09-26T08:42:34.973333+00:00,0x2A1,0100010601000000
2026-09-26T08:42:34.978667+00:00,0x2A1,0100010601000000
2026-09-26T08:42:34.985012+00:00,0x2A1,0100010601000000
2026-09-26T08:42:34.987955+00:00,0x2A1,0100010601000000
2026-09-26T08:42:34.992676+00:00,0x2A1,0100010601000000
2026-09-26T08:42:34.998293+00:00,0x2A1,0100010601000000
2026-09-26T08:42:35.004302+00:00,0x2A1,0100010601000000
2026-09-26T08:42:35.007913+00:00,0x2A1,0100010601000000
2026-09-26T08:42:35.012666+00:00,0x2A1,0100010601000000
2026-09-26T08:42:35.018717+00:00,0x2A1,0100010601000000
2026-09-26T08:42:35.025310+00:00,0x2A1,0100010601000000
2026-09-26T08:42:35.028813+00:00,0x2A1,0100010601000000
2026-09-26T08:42:35.033198+00:00,0x2A1,0100010601000000
2026-09-26T08:42:35.038400+00:00,0x2A1,0100010601000000
2026-09-26T08:42:35.044242+00:00,0x2A1,0100010600000000
2026-09-26T08:42:35.047626+00:00,0x2A1,0100010600000000
2026-09-26T08:42:35.052619+00:00,0x2A1,0100010600000000
2026-09-26T08:42:35.058357+00:00,0x2A1,0100010600000000
2026-09-26T08:42:35.064357+00:00,0x2A1,0100010600000000
2026-09-26T08:42:35.067914+00:00,0x2A1,0100010600000000
2026-09-26T08:42:35.072726+00:00,0x2A1,0100010600000000
2026-09-26T08:42:35.079282+00:00,0x2A1,0100010600000000
2026-09-26T08:42:35.083325+00:00,0x2A1,0100010600000000
2026-09-26T08:42:35.088714+00:00,0x2A1,0100010600000000
2026-09-26T08:42:35.092754+00:00,0x2A1,0100010600000000
2026-09-26T08:42:35.098400+00:00,0x2A1,0100010600000000
2026-09-26T08:42:35.104278+00:00,0x2A1,0100010600000000
2026-09-26T08:42:35.107669+00:00,0x2A1,0100010600000000
2026-09-26T08:42:35.112727+00:00,0x2A1,0100010600000000
2026-09-26T08:42:35.118359+00:00,0x2A1,0100010600000000
2026-09-26T08:42:35.124413+00:00,0x2A1,0100010600000000
2026-09-26T08:42:35.126711+00:00,0x151,0101050000000000
2026-09-26T08:42:35.126846+00:00,0x155,0000560AFFFF7F42
2026-09-26T08:42:35.127102+00:00,0x156,FFFF2B21FFFF7C26
2026-09-26T08:42:35.127171+00:00,0x157,0000599200002E01
2026-09-26T08:42:35.127666+00:00,0x170,FFFF960500000000
2026-09-26T08:42:35.128022+00:00,0x2A1,0100010600000000
2026-09-26T08:42:35.133234+00:00,0x2A1,0100010600000000
2026-09-26T08:42:35.139138+00:00,0x2A1,0100010600000000
2026-09-26T08:42:35.144667+00:00,0x2A1,0100010601000000
2026-09-26T08:42:35.147914+00:00,0x2A1,0100010601000000
2026-09-26T08:42:35.152624+00:00,0x2A1,0100010601000000
2026-09-26T08:42:35.158592+00:00,0x2A1,0100010601000000
2026-09-26T08:42:35.164196+00:00,0x2A1,0100010601000000
2026-09-26T08:42:35.167670+00:00,0x2A1,0100010601000000
2026-09-26T08:42:35.172619+00:00,0x2A1,0100010601000000
2026-09-26T08:42:35.178241+00:00,0x2A1,0100010601000000
2026-09-26T08:42:35.184920+00:00,0x2A1,0100010601000000
2026-09-26T08:42:35.188486+00:00,0x2A1,0100010601000000
2026-09-26T08:42:35.193401+00:00,0x2A1,0100010601000000
2026-09-26T08:42:35.198353+00:00,0x2A1,0100010601000000
2026-09-26T08:42:35.204239+00:00,0x2A1,0100010601000000
2026-09-26T08:42:35.207783+00:00,0x2A1,0100010601000000
2026-09-26T08:42:35.212715+00:00,0x2A1,0100010601000000
2026-09-26T08:42:35.218199+00:00,0x2A1,0100010601000000
2026-09-26T08:42:35.224109+00:00,0x2A1,0100010601000000
2026-09-26T08:42:35.227696+00:00,0x2A1,0100010601000000
2026-09-26T08:42:35.232696+00:00,0x2A1,0100010601000000
2026-09-26T08:42:35.239057+00:00,0x2A1,0100010601000000
2026-09-26T08:42:35.244335+00:00,0x2A1,0100010601000000
2026-09-26T08:42:35.249012+00:00,0x2A1,0100010601000000
2026-09-26T08:42:35.252677+00:00,0x2A1,0100010601000000
2026-09-26T08:42:35.258360+00:00,0x2A1,0100010601000000
2026-09-26T08:42:35.262805+00:00,0x2A1,0100010601000000
2026-09-26T08:42:35.267715+00:00,0x2A1,0100010601000000
2026-09-26T08:42:35.272729+00:00,0x2A1,0100010601000000
2026-09-26T08:42:35.278674+00:00,0x2A1,0100010601000000
2026-09-26T08:42:35.282763+00:00,0x2A1,0100010601000000
2026-09-26T08:42:35.288003+00:00,0x2A1,0100010600000000
2026-09-26T08:42:35.293285+00:00,0x2A1,0100010600000000
2026-09-26T08:42:35.299243+00:00,0x2A1,0100010600000000
2026-09-26T08:42:35.302803+00:00,0x2A1,0100010600000000
2026-09-26T08:42:35.307722+00:00,0x2A1,0100010600000000
2026-09-26T08:42:35.312758+00:00,0x2A1,0100010600000000
2026-09-26T08:42:35.318401+00:00,0x2A1,0100010600000000
2026-09-26T08:42:35.322716+00:00,0x2A1,0100010600000000
2026-09-26T08:42:35.327865+00:00,0x2A1,0100010600000000
2026-09-26T08:42:35.332716+00:00,0x2A1,0100010600000000
2026-09-26T08:42:35.338596+00:00,0x2A1,0100010600000000
2026-09-26T08:42:35.343003+00:00,0x2A1,0100010600000000
2026-09-26T08:42:35.348234+00:00,0x2A1,0100010600000000
2026-09-26T08:42:35.353003+00:00,0x2A1,0100010600000000
2026-09-26T08:42:35.358465+00:00,0x2A1,0100010600000000
2026-09-26T08:42:35.362921+00:00,0x2A1,0100010600000000
2026-09-26T08:42:35.367759+00:00,0x2A1,0100010600000000
2026-09-26T08:42:35.372722+00:00,0x2A1,0100010600000000
2026-09-26T08:42:35.378374+00:00,0x2A1,0100010600000000
2026-09-26T08:42:35.379801+00:00,0x151,0101050000000000
2026-09-26T08:42:35.380030+00:00,0x155,0000560AFFFF7F79
2026-09-26T08:42:35.380054+00:00,0x156,FFFF24D9FFFF7C26
2026-09-26T08:42:35.380177+00:00,0x157,00005E0D00002E01
2026-09-26T08:42:35.380200+00:00,0x170,FFFF960500000000
2026-09-26T08:42:35.382866+00:00,0x2A1,0100010600000000
2026-09-26T08:42:35.387716+00:00,0x2A1,0100010601000000
2026-09-26T08:42:35.392716+00:00,0x2A1,0100010601000000
2026-09-26T08:42:35.399155+00:00,0x2A1,0100010601000000
2026-09-26T08:42:35.403853+00:00,0x2A1,0100010601000000
2026-09-26T08:42:35.408873+00:00,0x2A1,0100010601000000
2026-09-26T08:42:35.412912+00:00,0x2A1,0100010601000000
2026-09-26T08:42:35.418626+00:00,0x2A1,0100010601000000
2026-09-26T08:42:35.425068+00:00,0x2A1,0100010601000000
2026-09-26T08:42:35.428098+00:00,0x2A1,0100010601000000
2026-09-26T08:42:35.432761+00:00,0x2A1,0100010601000000
2026-09-26T08:42:35.438773+00:00,0x2A1,0100010601000000
2026-09-26T08:42:35.442814+00:00,0x2A1,0100010601000000
2026-09-26T08:42:35.448238+00:00,0x2A1,0100010601000000
2026-09-26T08:42:35.454717+00:00,0x2A1,0100010601000000
2026-09-26T08:42:35.459007+00:00,0x2A1,0100010601000000
2026-09-26T08:42:35.462802+00:00,0x2A1,0100010601000000
2026-09-26T08:42:35.468716+00:00,0x2A1,0100010601000000
2026-09-26T08:42:35.472732+00:00,0x2A1,0100010601000000
2026-09-26T08:42:35.478306+00:00,0x2A1,0100010601000000
2026-09-26T08:42:35.482858+00:00,0x2A1,0100010601000000
2026-09-26T08:42:35.488209+00:00,0x2A1,0100010601000000
2026-09-26T08:42:35.492673+00:00,0x2A1,0100010601000000
2026-09-26T08:42:35.498246+00:00,0x2A1,0100010601000000
2026-09-26T08:42:35.502887+00:00,0x2A1,0100010601000000
2026-09-26T08:42:35.508771+00:00,0x2A1,0100010601000000
2026-09-26T08:42:35.513816+00:00,0x2A1,0100010601000000
2026-09-26T08:42:35.518499+00:00,0x2A1,0100010601000000
2026-09-26T08:42:35.522802+00:00,0x2A1,0100010601000000
2026-09-26T08:42:35.528359+00:00,0x2A1,0100010600000000
2026-09-26T08:42:35.532681+00:00,0x2A1,0100010600000000
2026-09-26T08:42:35.538415+00:00,0x2A1,0100010600000000
2026-09-26T08:42:35.542729+00:00,0x2A1,0100010600000000
2026-09-26T08:42:35.548303+00:00,0x2A1,0100010600000000
2026-09-26T08:42:35.552622+00:00,0x2A1,0100010600000000
2026-09-26T08:42:35.558763+00:00,0x2A1,0100010600000000
2026-09-26T08:42:35.563090+00:00,0x2A1,0100010600000000
2026-09-26T08:42:35.570009+00:00,0x2A1,0100010600000000
2026-09-26T08:42:35.572958+00:00,0x2A1,0100010600000000
2026-09-26T08:42:35.578537+00:00,0x2A1,0100010600000000
2026-09-26T08:42:35.582732+00:00,0x2A1,0100010600000000
2026-09-26T08:42:35.588733+00:00,0x2A1,0100010600000000
2026-09-26T08:42:35.592808+00:00,0x2A1,0100010600000000
2026-09-26T08:42:35.598288+00:00,0x2A1,0100010600000000
2026-09-26T08:42:35.602722+00:00,0x2A1,0100010600000000
2026-09-26T08:42:35.608446+00:00,0x2A1,0100010600000000
2026-09-26T08:42:35.612759+00:00,0x2A1,0100010600000000
2026-09-26T08:42:35.618859+00:00,0x2A1,0100010600000000
2026-09-26T08:42:35.623686+00:00,0x2A1,0100010600000000
2026-09-26T08:42:35.629656+00:00,0x2A1,0100010600000000
2026-09-26T08:42:35.631929+00:00,0x151,0101050000000000
2026-09-26T08:42:35.632359+00:00,0x155,0000560AFFFF7F7A
2026-09-26T08:42:35.632871+00:00,0x2A1,0100010600000000
2026-09-26T08:42:35.633077+00:00,0x156,FFFF20EAFFFF7C26
2026-09-26T08:42:35.633169+00:00,0x157,00005F0800002E01
2026-09-26T08:42:35.633236+00:00,0x170,FFFF960500000000
2026-09-26T08:42:35.638363+00:00,0x2A1,0100010600000000
2026-09-26T08:42:35.642719+00:00,0x2A1,0100010600000000
2026-09-26T08:42:35.648803+00:00,0x2A1,0100010601000000
2026-09-26T08:42:35.652869+00:00,0x2A1,0100010601000000
2026-09-26T08:42:35.658373+00:00,0x2A1,0100010601000000
2026-09-26T08:42:35.662675+00:00,0x2A1,0100010601000000
2026-09-26T08:42:35.669200+00:00,0x2A1,0100010601000000
2026-09-26T08:42:35.672990+00:00,0x2A1,0100010601000000
2026-09-26T08:42:35.678759+00:00,0x2A1,0100010601000000
2026-09-26T08:42:35.682848+00:00,0x2A1,0100010601000000
2026-09-26T08:42:35.688962+00:00,0x2A1,0100010601000000
2026-09-26T08:42:35.692620+00:00,0x2A1,0100010601000000
2026-09-26T08:42:35.698307+00:00,0x2A1,0100010601000000
2026-09-26T08:42:35.702772+00:00,0x2A1,0100010601000000
2026-09-26T08:42:35.708962+00:00,0x2A1,0100010600000000
2026-09-26T08:42:35.712672+00:00,0x2A1,0100010600000000
2026-09-26T08:42:35.718316+00:00,0x2A1,0100010600000000
2026-09-26T08:42:35.722766+00:00,0x2A1,0100010600000000
2026-09-26T08:42:35.730057+00:00,0x2A1,0100010600000000
2026-09-26T08:42:35.733501+00:00,0x2A1,0100010600000000
2026-09-26T08:42:35.738610+00:00,0x2A1,0100010600000000
2026-09-26T08:42:35.742639+00:00,0x2A1,0100010600000000
2026-09-26T08:42:35.748656+00:00,0x2A1,0100010600000000
2026-09-26T08:42:35.752718+00:00,0x2A1,0100010600000000
2026-09-26T08:42:35.758288+00:00,0x2A1,0100010600000000
2026-09-26T08:42:35.762684+00:00,0x2A1,0100010600000000
2026-09-26T08:42:35.768719+00:00,0x2A1,0100010600000000
2026-09-26T08:42:35.772624+00:00,0x2A1,0100010600000000
2026-09-26T08:42:35.778676+00:00,0x2A1,0100010600000000
2026-09-26T08:42:35.783288+00:00,0x2A1,0100010600000000
2026-09-26T08:42:35.789449+00:00,0x2A1,0100010600000000
2026-09-26T08:42:35.792743+00:00,0x2A1,0100010600000000
2026-09-26T08:42:35.798314+00:00,0x2A1,0100010600000000
2026-09-26T08:42:35.802701+00:00,0x2A1,0100010600000000
2026-09-26T08:42:35.808921+00:00,0x2A1,0100010600000000
2026-09-26T08:42:35.812749+00:00,0x2A1,0100010600000000
2026-09-26T08:42:35.818202+00:00,0x2A1,0100010600000000
2026-09-26T08:42:35.822747+00:00,0x2A1,0100010600000000
2026-09-26T08:42:35.829007+00:00,0x2A1,0100010600000000
2026-09-26T08:42:35.833197+00:00,0x2A1,0100010600000000
2026-09-26T08:42:35.835595+00:00,0x151,0101050000000000
2026-09-26T08:42:35.835763+00:00,0x155,0000560AFFFF7F7A
2026-09-26T08:42:35.835831+00:00,0x156,FFFF1D3AFFFF7C26
2026-09-26T08:42:35.835898+00:00,0x157,000063CD00002E01
2026-09-26T08:42:35.835966+00:00,0x170,FFFF960500000000
2026-09-26T08:42:35.839849+00:00,0x2A1,0100010600000000
2026-09-26T08:42:35.843069+00:00,0x2A1,0100010600000000
2026-09-26T08:42:35.849678+00:00,0x2A1,0100010601000000
2026-09-26T08:42:35.852677+00:00,0x2A1,0100010601000000
2026-09-26T08:42:35.858367+00:00,0x2A1,0100010601000000
2026-09-26T08:42:35.862627+00:00,0x2A1,0100010601000000
2026-09-26T08:42:35.869120+00:00,0x2A1,0100010601000000
2026-09-26T08:42:35.872674+00:00,0x2A1,0100010601000000
2026-09-26T08:42:35.878366+00:00,0x2A1,0100010601000000
2026-09-26T08:42:35.883741+00:00,0x2A1,0100010601000000
2026-09-26T08:42:35.890553+00:00,0x2A1,0100010601000000
2026-09-26T08:42:35.893966+00:00,0x2A1,0100010601000000
2026-09-26T08:42:35.898540+00:00,0x2A1,0100010601000000
2026-09-26T08:42:35.902670+00:00,0x2A1,0100010601000000
2026-09-26T08:42:35.909245+00:00,0x2A1,0100010601000000
2026-09-26T08:42:35.912699+00:00,0x2A1,0100010601000000
2026-09-26T08:42:35.918259+00:00,0x2A1,0100010601000000
2026-09-26T08:42:35.922702+00:00,0x2A1,0100010601000000
2026-09-26T08:42:35.929261+00:00,0x2A1,0100010601000000
2026-09-26T08:42:35.932625+00:00,0x2A1,0100010601000000
2026-09-26T08:42:35.938965+00:00,0x2A1,0100010601000000
2026-09-26T08:42:35.943957+00:00,0x2A1,0100010601000000
2026-09-26T08:42:35.949407+00:00,0x2A1,0100010600000000
2026-09-26T08:42:35.952647+00:00,0x2A1,0100010600000000
2026-09-26T08:42:35.958203+00:00,0x2A1,0100010600000000
2026-09-26T08:42:35.962888+00:00,0x2A1,0100010600000000
2026-09-26T08:42:35.969370+00:00,0x2A1,0100010600000000
2026-09-26T08:42:35.972647+00:00,0x2A1,0100010600000000
2026-09-26T08:42:35.978290+00:00,0x2A1,0100010600000000
2026-09-26T08:42:35.983065+00:00,0x2A1,0100010600000000
2026-09-26T08:42:35.990061+00:00,0x2A1,0100010600000000
2026-09-26T08:42:35.993447+00:00,0x2A1,0100010600000000
2026-09-26T08:42:35.999251+00:00,0x2A1,0100010600000000
2026-09-26T08:42:36.002771+00:00,0x2A1,0100010600000000
2026-09-26T08:42:36.009495+00:00,0x2A1,0100010600000000
2026-09-26T08:42:36.012721+00:00,0x2A1,0100010600000000
2026-09-26T08:42:36.018364+00:00,0x2A1,0100010600000000
2026-09-26T08:42:36.022648+00:00,0x2A1,0100010600000000
2026-09-26T08:42:36.029709+00:00,0x2A1,0100010600000000
2026-09-26T08:42:36.032756+00:00,0x2A1,0100010600000000
2026-09-26T08:42:36.037920+00:00,0x151,0101050000000000
2026-09-26T08:42:36.038093+00:00,0x155,00005608FFFF7FBD
2026-09-26T08:42:36.038161+00:00,0x156,FFFF18A1FFFF7C26
2026-09-26T08:42:36.038225+00:00,0x157,0000670B00002E01
2026-09-26T08:42:36.038601+00:00,0x170,FFFF960500000000
2026-09-26T08:42:36.038790+00:00,0x2A1,0100010600000000
2026-09-26T08:42:36.042808+00:00,0x2A1,0100010600000000
2026-09-26T08:42:36.050364+00:00,0x2A1,0100010601000000
2026-09-26T08:42:36.053922+00:00,0x2A1,0100010601000000
2026-09-26T08:42:36.058613+00:00,0x2A1,0100010601000000
2026-09-26T08:42:36.062872+00:00,0x2A1,0100010601000000
2026-09-26T08:42:36.069351+00:00,0x2A1,0100010601000000
2026-09-26T08:42:36.072626+00:00,0x2A1,0100010601000000
2026-09-26T08:42:36.078450+00:00,0x2A1,0100010601000000
2026-09-26T08:42:36.082703+00:00,0x2A1,0100010601000000
2026-09-26T08:42:36.089367+00:00,0x2A1,0100010601000000
2026-09-26T08:42:36.092646+00:00,0x2A1,0100010601000000
2026-09-26T08:42:36.099506+00:00,0x2A1,0100010601000000
2026-09-26T08:42:36.103102+00:00,0x2A1,0100010601000000
2026-09-26T08:42:36.110479+00:00,0x2A1,0100010601000000
2026-09-26T08:42:36.113362+00:00,0x2A1,0100010601000000
2026-09-26T08:42:36.118419+00:00,0x2A1,0100010601000000
2026-09-26T08:42:36.122775+00:00,0x2A1,0100010601000000
2026-09-26T08:42:36.130019+00:00,0x2A1,0100010601000000
2026-09-26T08:42:36.132922+00:00,0x2A1,0100010601000000
2026-09-26T08:42:36.138550+00:00,0x2A1,0100010601000000
2026-09-26T08:42:36.142703+00:00,0x2A1,0100010601000000
2026-09-26T08:42:36.149765+00:00,0x2A1,0100010600000000
2026-09-26T08:42:36.153602+00:00,0x2A1,0100010600000000
2026-09-26T08:42:36.159204+00:00,0x2A1,0100010600000000
2026-09-26T08:42:36.162679+00:00,0x2A1,0100010600000000
2026-09-26T08:42:36.169453+00:00,0x2A1,0100010600000000
2026-09-26T08:42:36.172736+00:00,0x2A1,0100010600000000
2026-09-26T08:42:36.178296+00:00,0x2A1,0100010600000000
2026-09-26T08:42:36.182695+00:00,0x2A1,0100010600000000
2026-09-26T08:42:36.189424+00:00,0x2A1,0100010600000000
2026-09-26T08:42:36.192701+00:00,0x2A1,0100010600000000
2026-09-26T08:42:36.198422+00:00,0x2A1,0100010600000000
2026-09-26T08:42:36.202813+00:00,0x2A1,0100010600000000
2026-09-26T08:42:36.211491+00:00,0x2A1,0100010600000000
2026-09-26T08:42:36.214916+00:00,0x2A1,0100010600000000
2026-09-26T08:42:36.218978+00:00,0x2A1,0100010600000000
2026-09-26T08:42:36.222728+00:00,0x2A1,0100010600000000
2026-09-26T08:42:36.229653+00:00,0x2A1,0100010600000000
2026-09-26T08:42:36.232679+00:00,0x2A1,0100010600000000
2026-09-26T08:42:36.238307+00:00,0x2A1,0100010600000000
2026-09-26T08:42:36.240648+00:00,0x151,0101050000000000
2026-09-26T08:42:36.240831+00:00,0x155,00005606FFFF7FFF
2026-09-26T08:42:36.240943+00:00,0x156,FFFF1408FFFF7C26
2026-09-26T08:42:36.241013+00:00,0x157,00006A4900002E01
2026-09-26T08:42:36.241078+00:00,0x170,FFFF960500000000
2026-09-26T08:42:36.243117+00:00,0x2A1,0100010600000000
2026-09-26T08:42:36.249163+00:00,0x2A1,0100010600000000
2026-09-26T08:42:36.252604+00:00,0x2A1,0100010601000000
2026-09-26T08:42:36.258361+00:00,0x2A1,0100010601000000
2026-09-26T08:42:36.263603+00:00,0x2A1,0100010601000000
2026-09-26T08:42:36.268709+00:00,0x2A1,0100010601000000
2026-09-26T08:42:36.273603+00:00,0x2A1,0100010601000000
2026-09-26T08:42:36.278366+00:00,0x2A1,0100010601000000
2026-09-26T08:42:36.282637+00:00,0x2A1,0100010601000000
2026-09-26T08:42:36.288345+00:00,0x2A1,0100010601000000
2026-09-26T08:42:36.292637+00:00,0x2A1,0100010601000000
2026-09-26T08:42:36.298455+00:00,0x2A1,0100010601000000
2026-09-26T08:42:36.302704+00:00,0x2A1,0100010601000000
2026-09-26T08:42:36.309207+00:00,0x2A1,0100010601000000
2026-09-26T08:42:36.314492+00:00,0x2A1,0100010601000000
2026-09-26T08:42:36.319183+00:00,0x2A1,0100010601000000
2026-09-26T08:42:36.323292+00:00,0x2A1,0100010601000000
2026-09-26T08:42:36.327724+00:00,0x2A1,0100010601000000
2026-09-26T08:42:36.333054+00:00,0x2A1,0100010601000000
2026-09-26T08:42:36.338208+00:00,0x2A1,0100010601000000
2026-09-26T08:42:36.342810+00:00,0x2A1,0100010601000000
2026-09-26T08:42:36.347682+00:00,0x2A1,0100010601000000
2026-09-26T08:42:36.353152+00:00,0x2A1,0100010600000000
2026-09-26T08:42:36.358377+00:00,0x2A1,0100010600000000
2026-09-26T08:42:36.362710+00:00,0x2A1,0100010600000000
2026-09-26T08:42:36.368965+00:00,0x2A1,0100010600000000
2026-09-26T08:42:36.374216+00:00,0x2A1,0100010600000000
2026-09-26T08:42:36.379121+00:00,0x2A1,0100010600000000
2026-09-26T08:42:36.382681+00:00,0x2A1,0100010600000000
2026-09-26T08:42:36.387725+00:00,0x2A1,0100010600000000
2026-09-26T08:42:36.392855+00:00,0x2A1,0100010600000000
2026-09-26T08:42:36.398607+00:00,0x2A1,0100010600000000
2026-09-26T08:42:36.402724+00:00,0x2A1,0100010600000000
2026-09-26T08:42:36.407769+00:00,0x2A1,0100010600000000
2026-09-26T08:42:36.413327+00:00,0x2A1,0100010600000000
2026-09-26T08:42:36.418767+00:00,0x2A1,0100010600000000
2026-09-26T08:42:36.424341+00:00,0x2A1,0100010600000000
2026-09-26T08:42:36.428637+00:00,0x2A1,0100010600000000
2026-09-26T08:42:36.434735+00:00,0x2A1,0100010600000000
2026-09-26T08:42:36.439398+00:00,0x2A1,0100010600000000
2026-09-26T08:42:36.442725+00:00,0x151,0101050000000000
2026-09-26T08:42:36.442796+00:00,0x155,00005603FFFF8131
2026-09-26T08:42:36.443074+00:00,0x156,FFFF0FB4FFFF7C26
2026-09-26T08:42:36.443468+00:00,0x2A1,0100010600000000
2026-09-26T08:42:36.443840+00:00,0x157,00006D7100002E01
2026-09-26T08:42:36.443908+00:00,0x170,FFFF960500000000
2026-09-26T08:42:36.448242+00:00,0x2A1,0100010600000000
2026-09-26T08:42:36.453680+00:00,0x2A1,0100010601000000
2026-09-26T08:42:36.459308+00:00,0x2A1,0100010601000000
2026-09-26T08:42:36.463252+00:00,0x2A1,0100010601000000
2026-09-26T08:42:36.468208+00:00,0x2A1,0100010601000000
2026-09-26T08:42:36.474629+00:00,0x2A1,0100010601000000
2026-09-26T08:42:36.479248+00:00,0x2A1,0100010601000000
2026-09-26T08:42:36.483855+00:00,0x2A1,0100010601000000
2026-09-26T08:42:36.488809+00:00,0x2A1,0100010601000000
2026-09-26T08:42:36.493604+00:00,0x2A1,0100010601000000
2026-09-26T08:42:36.498364+00:00,0x2A1,0100010601000000
2026-09-26T08:42:36.503607+00:00,0x2A1,0100010601000000
2026-09-26T08:42:36.507725+00:00,0x2A1,0100010601000000
2026-09-26T08:42:36.513055+00:00,0x2A1,0100010601000000
2026-09-26T08:42:36.518454+00:00,0x2A1,0100010601000000
2026-09-26T08:42:36.522768+00:00,0x2A1,0100010601000000
2026-09-26T08:42:36.527608+00:00,0x2A1,0100010601000000
2026-09-26T08:42:36.533723+00:00,0x2A1,0100010601000000
2026-09-26T08:42:36.538769+00:00,0x2A1,0100010601000000
2026-09-26T08:42:36.542927+00:00,0x2A1,0100010601000000
2026-09-26T08:42:36.547694+00:00,0x2A1,0100010601000000
2026-09-26T08:42:36.553253+00:00,0x2A1,0100010600000000
2026-09-26T08:42:36.558253+00:00,0x2A1,0100010600000000
2026-09-26T08:42:36.562730+00:00,0x2A1,0100010600000000
2026-09-26T08:42:36.567724+00:00,0x2A1,0100010600000000
2026-09-26T08:42:36.573674+00:00,0x2A1,0100010600000000
2026-09-26T08:42:36.578220+00:00,0x2A1,0100010600000000
2026-09-26T08:42:36.582835+00:00,0x2A1,0100010600000000
2026-09-26T08:42:36.588025+00:00,0x2A1,0100010600000000
2026-09-26T08:42:36.594297+00:00,0x2A1,0100010600000000
2026-09-26T08:42:36.598609+00:00,0x2A1,0100010600000000
2026-09-26T08:42:36.602730+00:00,0x2A1,0100010600000000
2026-09-26T08:42:36.607685+00:00,0x2A1,0100010600000000
2026-09-26T08:42:36.613740+00:00,0x2A1,0100010600000000
2026-09-26T08:42:36.618258+00:00,0x2A1,0100010600000000
2026-09-26T08:42:36.622825+00:00,0x2A1,0100010600000000
2026-09-26T08:42:36.627675+00:00,0x2A1,0100010600000000
2026-09-26T08:42:36.633732+00:00,0x2A1,0100010600000000
2026-09-26T08:42:36.638774+00:00,0x2A1,0100010600000000
2026-09-26T08:42:36.643332+00:00,0x2A1,0100010600000000
2026-09-26T08:42:36.645190+00:00,0x151,0101050000000000
2026-09-26T08:42:36.645429+00:00,0x155,00005603FFFF83E0
2026-09-26T08:42:36.645602+00:00,0x156,FFFF0E1AFFFF7C2A
2026-09-26T08:42:36.645736+00:00,0x157,00006E9E00002E01
2026-09-26T08:42:36.645760+00:00,0x170,FFFF960500000000
2026-09-26T08:42:36.648971+00:00,0x2A1,0100010600000000
2026-09-26T08:42:36.653771+00:00,0x2A1,0100010601000000
2026-09-26T08:42:36.658315+00:00,0x2A1,0100010601000000
2026-09-26T08:42:36.662629+00:00,0x2A1,0100010601000000
2026-09-26T08:42:36.667726+00:00,0x2A1,0100010601000000
2026-09-26T08:42:36.673770+00:00,0x2A1,0100010601000000
2026-09-26T08:42:36.678254+00:00,0x2A1,0100010601000000
2026-09-26T08:42:36.682633+00:00,0x2A1,0100010601000000
2026-09-26T08:42:36.687739+00:00,0x2A1,0100010601000000
2026-09-26T08:42:36.695771+00:00,0x2A1,0100010600000000
2026-09-26T08:42:36.700107+00:00,0x2A1,0100010600000000
2026-09-26T08:42:36.703855+00:00,0x2A1,0100010600000000
2026-09-26T08:42:36.707790+00:00,0x2A1,0100010600000000
2026-09-26T08:42:36.713855+00:00,0x2A1,0100010600000000
2026-09-26T08:42:36.718476+00:00,0x2A1,0100010600000000
2026-09-26T08:42:36.722755+00:00,0x2A1,0100010600000000
2026-09-26T08:42:36.727608+00:00,0x2A1,0100010600000000
2026-09-26T08:42:36.733822+00:00,0x2A1,0100010600000000
2026-09-26T08:42:36.738517+00:00,0x2A1,0100010600000000
2026-09-26T08:42:36.742702+00:00,0x2A1,0100010600000000
2026-09-26T08:42:36.748211+00:00,0x2A1,0100010600000000
2026-09-26T08:42:36.756235+00:00,0x2A1,0100010600000000
2026-09-26T08:42:36.760057+00:00,0x2A1,0100010600000000
2026-09-26T08:42:36.763057+00:00,0x2A1,0100010600000000
2026-09-26T08:42:36.767626+00:00,0x2A1,0100010600000000
2026-09-26T08:42:36.774189+00:00,0x2A1,0100010600000000
2026-09-26T08:42:36.778335+00:00,0x2A1,0100010600000000
2026-09-26T08:42:36.782639+00:00,0x2A1,0100010600000000
2026-09-26T08:42:36.787877+00:00,0x2A1,0100010600000000
2026-09-26T08:42:36.793877+00:00,0x2A1,0100010600000000
2026-09-26T08:42:36.797283+00:00,0x151,0101050000000000
2026-09-26T08:42:36.797454+00:00,0x155,000055B7FFFF8CA6
2026-09-26T08:42:36.797591+00:00,0x156,FFFF0E19FFFF7C9A
2026-09-26T08:42:36.797749+00:00,0x157,00006E9B00002E01
2026-09-26T08:42:36.797884+00:00,0x170,FFFF960500000000
2026-09-26T08:42:36.799165+00:00,0x2A1,0100010600000000
2026-09-26T08:42:36.803771+00:00,0x2A1,0100010600000000
2026-09-26T08:42:36.809014+00:00,0x2A1,0100010600000000
2026-09-26T08:42:36.814631+00:00,0x2A1,0100010601000000
2026-09-26T08:42:36.818295+00:00,0x2A1,0100010601000000
2026-09-26T08:42:36.822771+00:00,0x2A1,0100010601000000
2026-09-26T08:42:36.827633+00:00,0x2A1,0100010601000000
2026-09-26T08:42:36.834294+00:00,0x2A1,0100010601000000
2026-09-26T08:42:36.838370+00:00,0x2A1,0100010601000000
2026-09-26T08:42:36.842633+00:00,0x2A1,0100010601000000
2026-09-26T08:42:36.847728+00:00,0x2A1,0100010601000000
2026-09-26T08:42:36.855457+00:00,0x2A1,0100010601000000
2026-09-26T08:42:36.859900+00:00,0x2A1,0100010601000000
2026-09-26T08:42:36.863367+00:00,0x2A1,0100010601000000
2026-09-26T08:42:36.867684+00:00,0x2A1,0100010601000000
2026-09-26T08:42:36.874685+00:00,0x2A1,0100010601000000
2026-09-26T08:42:36.878728+00:00,0x2A1,0100010601000000
2026-09-26T08:42:36.882641+00:00,0x2A1,0100010601000000
2026-09-26T08:42:36.887632+00:00,0x2A1,0100010601000000
2026-09-26T08:42:36.894074+00:00,0x2A1,0100010601000000
2026-09-26T08:42:36.898340+00:00,0x2A1,0100010601000000
2026-09-26T08:42:36.902685+00:00,0x2A1,0100010601000000
2026-09-26T08:42:36.907953+00:00,0x2A1,0100010601000000
2026-09-26T08:42:36.914973+00:00,0x2A1,0100010601000000
2026-09-26T08:42:36.918883+00:00,0x2A1,0100010601000000
2026-09-26T08:42:36.922634+00:00,0x2A1,0100010601000000
2026-09-26T08:42:36.927631+00:00,0x2A1,0100010601000000
2026-09-26T08:42:36.934060+00:00,0x2A1,0100010601000000
2026-09-26T08:42:36.938310+00:00,0x2A1,0100010601000000
2026-09-26T08:42:36.942686+00:00,0x2A1,0100010601000000
2026-09-26T08:42:36.948686+00:00,0x2A1,0100010601000000
2026-09-26T08:42:36.954135+00:00,0x2A1,0100010601000000
2026-09-26T08:42:36.958457+00:00,0x2A1,0100010601000000
2026-09-26T08:42:36.963145+00:00,0x2A1,0100010601000000
2026-09-26T08:42:36.968112+00:00,0x2A1,0100010601000000
2026-09-26T08:42:36.974828+00:00,0x2A1,0100010601000000
2026-09-26T08:42:36.978670+00:00,0x2A1,0100010601000000
2026-09-26T08:42:36.983170+00:00,0x2A1,0100010601000000
2026-09-26T08:42:36.987683+00:00,0x2A1,0100010601000000
2026-09-26T08:42:36.994461+00:00,0x2A1,0100010601000000
2026-09-26T08:42:36.998463+00:00,0x2A1,0100010601000000
2026-09-26T08:42:37.002692+00:00,0x2A1,0100010601000000
2026-09-26T08:42:37.007827+00:00,0x2A1,0100010601000000
2026-09-26T08:42:37.014367+00:00,0x2A1,0100010601000000
2026-09-26T08:42:37.019296+00:00,0x2A1,0100010601000000
2026-09-26T08:42:37.022930+00:00,0x2A1,0100010601000000
2026-09-26T08:42:37.027973+00:00,0x2A1,0100010601000000
2026-09-26T08:42:37.034465+00:00,0x2A1,0100010600000000
2026-09-26T08:42:37.038510+00:00,0x2A1,0100010600000000
2026-09-26T08:42:37.042711+00:00,0x2A1,0100010600000000
2026-09-26T08:42:37.047686+00:00,0x2A1,0100010600000000
2026-09-26T08:42:37.054458+00:00,0x2A1,0100010600000000
2026-09-26T08:42:37.058297+00:00,0x2A1,0100010600000000
2026-09-26T08:42:37.062710+00:00,0x2A1,0100010600000000
2026-09-26T08:42:37.067735+00:00,0x2A1,0100010600000000
2026-09-26T08:42:37.073904+00:00,0x2A1,0100010600000000
2026-09-26T08:42:37.080060+00:00,0x2A1,0100010600000000
2026-09-26T08:42:37.083172+00:00,0x2A1,0100010600000000
2026-09-26T08:42:37.087881+00:00,0x2A1,0100010600000000
2026-09-26T08:42:37.094375+00:00,0x2A1,0100010600000000
2026-09-26T08:42:37.098416+00:00,0x2A1,0100010600000000
2026-09-26T08:42:37.100611+00:00,0x151,0101050000000000
2026-09-26T08:42:37.100852+00:00,0x155,0000556AFFFF956B
2026-09-26T08:42:37.101025+00:00,0x156,FFFF0E18FFFF7D0A
2026-09-26T08:42:37.101140+00:00,0x157,00006E9800002E01
2026-09-26T08:42:37.101207+00:00,0x170,FFFF960500000000
2026-09-26T08:42:37.103082+00:00,0x2A1,0100010600000000
2026-09-26T08:42:37.107687+00:00,0x2A1,0100010600000000
2026-09-26T08:42:37.114216+00:00,0x2A1,0100010601000000
2026-09-26T08:42:37.118173+00:00,0x2A1,0100010601000000
2026-09-26T08:42:37.122975+00:00,0x2A1,0100010601000000
2026-09-26T08:42:37.128017+00:00,0x2A1,0100010601000000
2026-09-26T08:42:37.135321+00:00,0x2A1,0100010601000000
2026-09-26T08:42:37.139104+00:00,0x2A1,0100010601000000
2026-09-26T08:42:37.142817+00:00,0x2A1,0100010601000000
2026-09-26T08:42:37.147817+00:00,0x2A1,0100010601000000
2026-09-26T08:42:37.155183+00:00,0x2A1,0100010601000000
2026-09-26T08:42:37.158884+00:00,0x2A1,0100010601000000
2026-09-26T08:42:37.162741+00:00,0x2A1,0100010601000000
2026-09-26T08:42:37.168029+00:00,0x2A1,0100010601000000
2026-09-26T08:42:37.174640+00:00,0x2A1,0100010601000000
2026-09-26T08:42:37.178934+00:00,0x2A1,0100010601000000
2026-09-26T08:42:37.183609+00:00,0x2A1,0100010601000000
2026-09-26T08:42:37.188224+00:00,0x2A1,0100010601000000
2026-09-26T08:42:37.194247+00:00,0x2A1,0100010601000000
2026-09-26T08:42:37.198682+00:00,0x2A1,0100010601000000
2026-09-26T08:42:37.202621+00:00,0x2A1,0100010601000000
2026-09-26T08:42:37.207682+00:00,0x2A1,0100010601000000
2026-09-26T08:42:37.216265+00:00,0x2A1,0100010601000000
2026-09-26T08:42:37.219882+00:00,0x2A1,0100010601000000
2026-09-26T08:42:37.222837+00:00,0x2A1,0100010601000000
2026-09-26T08:42:37.228267+00:00,0x2A1,0100010601000000
2026-09-26T08:42:37.235214+00:00,0x2A1,0100010601000000
2026-09-26T08:42:37.239672+00:00,0x2A1,0100010601000000
2026-09-26T08:42:37.242774+00:00,0x2A1,0100010601000000
2026-09-26T08:42:37.247694+00:00,0x2A1,0100010601000000
2026-09-26T08:42:37.254263+00:00,0x2A1,0100010601000000
2026-09-26T08:42:37.258413+00:00,0x2A1,0100010601000000
2026-09-26T08:42:37.262730+00:00,0x2A1,0100010601000000
2026-09-26T08:42:37.267701+00:00,0x2A1,0100010601000000
2026-09-26T08:42:37.274083+00:00,0x2A1,0100010601000000
2026-09-26T08:42:37.278127+00:00,0x2A1,0100010601000000
2026-09-26T08:42:37.284684+00:00,0x2A1,0100010601000000
2026-09-26T08:42:37.288018+00:00,0x2A1,0100010601000000
2026-09-26T08:42:37.295040+00:00,0x2A1,0100010601000000
2026-09-26T08:42:37.298614+00:00,0x2A1,0100010601000000
2026-09-26T08:42:37.302633+00:00,0x2A1,0100010601000000
2026-09-26T08:42:37.307658+00:00,0x2A1,0100010601000000
2026-09-26T08:42:37.314933+00:00,0x2A1,0100010601000000
2026-09-26T08:42:37.318612+00:00,0x2A1,0100010601000000
2026-09-26T08:42:37.322637+00:00,0x2A1,0100010601000000
2026-09-26T08:42:37.327612+00:00,0x2A1,0100010601000000
2026-09-26T08:42:37.334773+00:00,0x2A1,0100010601000000
2026-09-26T08:42:37.339173+00:00,0x2A1,0100010600000000
2026-09-26T08:42:37.343461+00:00,0x2A1,0100010600000000
2026-09-26T08:42:37.347972+00:00,0x2A1,0100010600000000
2026-09-26T08:42:37.355360+00:00,0x2A1,0100010600000000
2026-09-26T08:42:37.359097+00:00,0x2A1,0100010600000000
2026-09-26T08:42:37.362842+00:00,0x2A1,0100010600000000
2026-09-26T08:42:37.367820+00:00,0x2A1,0100010600000000
2026-09-26T08:42:37.372979+00:00,0x2A1,0100010600000000
2026-09-26T08:42:37.378218+00:00,0x2A1,0100010600000000
2026-09-26T08:42:37.382635+00:00,0x2A1,0100010600000000
2026-09-26T08:42:37.388417+00:00,0x2A1,0100010600000000
2026-09-26T08:42:37.393210+00:00,0x2A1,0100010600000000
2026-09-26T08:42:37.399124+00:00,0x2A1,0100010600000000
2026-09-26T08:42:37.402755+00:00,0x2A1,0100010600000000
2026-09-26T08:42:37.407638+00:00,0x2A1,0100010600000000
2026-09-26T08:42:37.413840+00:00,0x2A1,0100010600000000
2026-09-26T08:42:37.419020+00:00,0x2A1,0100010600000000
2026-09-26T08:42:37.422659+00:00,0x2A1,0100010600000000
2026-09-26T08:42:37.427624+00:00,0x2A1,0100010600000000
2026-09-26T08:42:37.432755+00:00,0x2A1,0100010600000000
2026-09-26T08:42:37.438441+00:00,0x2A1,0100010600000000
2026-09-26T08:42:37.443127+00:00,0x2A1,0100010600000000
2026-09-26T08:42:37.448715+00:00,0x2A1,0100010600000000
2026-09-26T08:42:37.453460+00:00,0x2A1,0100010600000000
2026-09-26T08:42:37.454029+00:00,0x151,0101050000000000
2026-09-26T08:42:37.455021+00:00,0x155,000054D7FFFF9DD6
2026-09-26T08:42:37.456163+00:00,0x156,FFFF0E18FFFF823C
2026-09-26T08:42:37.456244+00:00,0x157,00006E9800002E01
2026-09-26T08:42:37.456387+00:00,0x170,FFFF960500000000
2026-09-26T08:42:37.459021+00:00,0x2A1,0100010600000000
2026-09-26T08:42:37.462644+00:00,0x2A1,0100010600000000
2026-09-26T08:42:37.467624+00:00,0x2A1,0100010600000000
2026-09-26T08:42:37.472716+00:00,0x2A1,0100010600000000
2026-09-26T08:42:37.478505+00:00,0x2A1,0100010601000000
2026-09-26T08:42:37.482775+00:00,0x2A1,0100010601000000
2026-09-26T08:42:37.487633+00:00,0x2A1,0100010601000000
2026-09-26T08:42:37.494263+00:00,0x2A1,0100010601000000
2026-09-26T08:42:37.500463+00:00,0x2A1,0100010601000000
2026-09-26T08:42:37.503638+00:00,0x2A1,0100010601000000
2026-09-26T08:42:37.507884+00:00,0x2A1,0100010601000000
2026-09-26T08:42:37.513427+00:00,0x2A1,0100010601000000
2026-09-26T08:42:37.518734+00:00,0x2A1,0100010601000000
2026-09-26T08:42:37.522618+00:00,0x2A1,0100010601000000
2026-09-26T08:42:37.527821+00:00,0x2A1,0100010601000000
2026-09-26T08:42:37.533520+00:00,0x2A1,0100010601000000
2026-09-26T08:42:37.538774+00:00,0x2A1,0100010601000000
2026-09-26T08:42:37.542733+00:00,0x2A1,0100010601000000
2026-09-26T08:42:37.548209+00:00,0x2A1,0100010601000000
2026-09-26T08:42:37.553988+00:00,0x2A1,0100010601000000
2026-09-26T08:42:37.559742+00:00,0x2A1,0100010601000000
2026-09-26T08:42:37.562987+00:00,0x2A1,0100010601000000
2026-09-26T08:42:37.567687+00:00,0x2A1,0100010601000000
2026-09-26T08:42:37.572864+00:00,0x2A1,0100010601000000
2026-09-26T08:42:37.579067+00:00,0x2A1,0100010601000000
2026-09-26T08:42:37.582701+00:00,0x2A1,0100010601000000
2026-09-26T08:42:37.587663+00:00,0x2A1,0100010601000000
2026-09-26T08:42:37.592690+00:00,0x2A1,0100010601000000
2026-09-26T08:42:37.599531+00:00,0x2A1,0100010601000000
2026-09-26T08:42:37.602978+00:00,0x2A1,0100010601000000
2026-09-26T08:42:37.608669+00:00,0x2A1,0100010601000000
2026-09-26T08:42:37.612691+00:00,0x2A1,0100010601000000
2026-09-26T08:42:37.619037+00:00,0x2A1,0100010601000000
2026-09-26T08:42:37.622622+00:00,0x2A1,0100010601000000
2026-09-26T08:42:37.627783+00:00,0x2A1,0100010601000000
2026-09-26T08:42:37.633129+00:00,0x2A1,0100010601000000
2026-09-26T08:42:37.639693+00:00,0x2A1,0100010601000000
2026-09-26T08:42:37.642638+00:00,0x2A1,0100010601000000
2026-09-26T08:42:37.647683+00:00,0x2A1,0100010601000000
2026-09-26T08:42:37.653329+00:00,0x2A1,0100010601000000
2026-09-26T08:42:37.659617+00:00,0x2A1,0100010601000000
2026-09-26T08:42:37.663379+00:00,0x2A1,0100010601000000
2026-09-26T08:42:37.668070+00:00,0x2A1,0100010601000000
2026-09-26T08:42:37.672695+00:00,0x2A1,0100010601000000
2026-09-26T08:42:37.679421+00:00,0x2A1,0100010600000000
2026-09-26T08:42:37.682661+00:00,0x2A1,0100010600000000
2026-09-26T08:42:37.687693+00:00,0x2A1,0100010600000000
2026-09-26T08:42:37.692611+00:00,0x2A1,0100010600000000
2026-09-26T08:42:37.699264+00:00,0x2A1,0100010600000000
2026-09-26T08:42:37.702623+00:00,0x2A1,0100010600000000
2026-09-26T08:42:37.708725+00:00,0x2A1,0100010600000000
2026-09-26T08:42:37.713223+00:00,0x2A1,0100010600000000
2026-09-26T08:42:37.719978+00:00,0x2A1,0100010600000000
2026-09-26T08:42:37.723130+00:00,0x2A1,0100010600000000
2026-09-26T08:42:37.727616+00:00,0x2A1,0100010600000000
2026-09-26T08:42:37.732696+00:00,0x2A1,0100010600000000
2026-09-26T08:42:37.739176+00:00,0x2A1,0100010600000000
2026-09-26T08:42:37.742661+00:00,0x2A1,0100010600000000
2026-09-26T08:42:37.747779+00:00,0x2A1,0100010600000000
2026-09-26T08:42:37.752697+00:00,0x2A1,0100010600000000
2026-09-26T08:42:37.758874+00:00,0x151,0101050000000000
2026-09-26T08:42:37.758940+00:00,0x155,00005221FFFF9E82
2026-09-26T08:42:37.759026+00:00,0x156,FFFF0E18FFFF8493
2026-09-26T08:42:37.759096+00:00,0x157,00006E9300002E01
2026-09-26T08:42:37.759161+00:00,0x170,FFFF960500000000
2026-09-26T08:42:37.760357+00:00,0x2A1,0100010600000000
2026-09-26T08:42:37.763736+00:00,0x2A1,0100010600000000
2026-09-26T08:42:37.768066+00:00,0x2A1,0100010600000000
2026-09-26T08:42:37.772865+00:00,0x2A1,0100010600000000
2026-09-26T08:42:37.779616+00:00,0x2A1,0100010601000000
2026-09-26T08:42:37.782627+00:00,0x2A1,0100010601000000
2026-09-26T08:42:37.787739+00:00,0x2A1,0100010601000000
2026-09-26T08:42:37.792618+00:00,0x2A1,0100010601000000
2026-09-26T08:42:37.799387+00:00,0x2A1,0100010601000000
2026-09-26T08:42:37.802665+00:00,0x2A1,0100010601000000
2026-09-26T08:42:37.807686+00:00,0x2A1,0100010601000000
2026-09-26T08:42:37.814010+00:00,0x2A1,0100010601000000
2026-09-26T08:42:37.820617+00:00,0x2A1,0100010600000000
2026-09-26T08:42:37.823778+00:00,0x2A1,0100010600000000
2026-09-26T08:42:37.827658+00:00,0x2A1,0100010600000000
2026-09-26T08:42:37.832619+00:00,0x2A1,0100010600000000
2026-09-26T08:42:37.839220+00:00,0x2A1,0100010600000000
2026-09-26T08:42:37.842619+00:00,0x2A1,0100010600000000
2026-09-26T08:42:37.847662+00:00,0x2A1,0100010600000000
2026-09-26T08:42:37.852761+00:00,0x2A1,0100010600000000
2026-09-26T08:42:37.859639+00:00,0x2A1,0100010600000000
2026-09-26T08:42:37.863497+00:00,0x2A1,0100010600000000
2026-09-26T08:42:37.868221+00:00,0x2A1,0100010600000000
2026-09-26T08:42:37.873243+00:00,0x2A1,0100010600000000
2026-09-26T08:42:37.879805+00:00,0x2A1,0100010600000000
2026-09-26T08:42:37.882823+00:00,0x2A1,0100010600000000
2026-09-26T08:42:37.887641+00:00,0x2A1,0100010600000000
2026-09-26T08:42:37.892650+00:00,0x2A1,0100010600000000
2026-09-26T08:42:37.899616+00:00,0x2A1,0100010600000000
2026-09-26T08:42:37.902641+00:00,0x2A1,0100010600000000
2026-09-26T08:42:37.907614+00:00,0x2A1,0100010600000000
2026-09-26T08:42:37.910193+00:00,0x151,0101050000000000
2026-09-26T08:42:37.910270+00:00,0x155,00004CB6FFFF9E82
2026-09-26T08:42:37.910378+00:00,0x156,FFFF0E18FFFF85C9
2026-09-26T08:42:37.910443+00:00,0x157,00006E9300002E01
2026-09-26T08:42:37.910511+00:00,0x170,FFFF960500000000
2026-09-26T08:42:37.913019+00:00,0x2A1,0100010600000000
2026-09-26T08:42:37.921762+00:00,0x2A1,0100010601000000
2026-09-26T08:42:37.925252+00:00,0x2A1,0100010601000000
2026-09-26T08:42:37.928615+00:00,0x2A1,0100010601000000
2026-09-26T08:42:37.932637+00:00,0x2A1,0100010601000000
2026-09-26T08:42:37.939690+00:00,0x2A1,0100010601000000
2026-09-26T08:42:37.942693+00:00,0x2A1,0100010601000000
2026-09-26T08:42:37.947649+00:00,0x2A1,0100010601000000
2026-09-26T08:42:37.952649+00:00,0x2A1,0100010601000000
2026-09-26T08:42:37.959780+00:00,0x2A1,0100010601000000
2026-09-26T08:42:37.963221+00:00,0x2A1,0100010601000000
2026-09-26T08:42:37.967691+00:00,0x2A1,0100010601000000
2026-09-26T08:42:37.973111+00:00,0x2A1,0100010601000000
2026-09-26T08:42:37.980691+00:00,0x2A1,0100010601000000
2026-09-26T08:42:37.983780+00:00,0x2A1,0100010601000000
2026-09-26T08:42:37.987716+00:00,0x2A1,0100010601000000
2026-09-26T08:42:37.992620+00:00,0x2A1,0100010601000000
2026-09-26T08:42:38.000271+00:00,0x2A1,0100010601000000
2026-09-26T08:42:38.003178+00:00,0x2A1,0100010601000000
2026-09-26T08:42:38.007624+00:00,0x2A1,0100010601000000
2026-09-26T08:42:38.012674+00:00,0x2A1,0100010601000000
2026-09-26T08:42:38.020258+00:00,0x2A1,0100010601000000
2026-09-26T08:42:38.025407+00:00,0x2A1,0100010601000000
2026-09-26T08:42:38.028826+00:00,0x2A1,0100010601000000
2026-09-26T08:42:38.033008+00:00,0x2A1,0100010601000000
2026-09-26T08:42:38.040025+00:00,0x2A1,0100010600000000
2026-09-26T08:42:38.043065+00:00,0x2A1,0100010600000000
2026-09-26T08:42:38.047675+00:00,0x2A1,0100010600000000
2026-09-26T08:42:38.052920+00:00,0x2A1,0100010600000000
2026-09-26T08:42:38.061357+00:00,0x2A1,0100010600000000
2026-09-26T08:42:38.064357+00:00,0x2A1,0100010600000000
2026-09-26T08:42:38.067693+00:00,0x2A1,0100010600000000
2026-09-26T08:42:38.072647+00:00,0x2A1,0100010600000000
2026-09-26T08:42:38.081136+00:00,0x2A1,0100010600000000
2026-09-26T08:42:38.084476+00:00,0x2A1,0100010600000000
2026-09-26T08:42:38.087871+00:00,0x2A1,0100010600000000
2026-09-26T08:42:38.092743+00:00,0x2A1,0100010600000000
2026-09-26T08:42:38.099992+00:00,0x2A1,0100010600000000
2026-09-26T08:42:38.102825+00:00,0x2A1,0100010600000000
2026-09-26T08:42:38.107772+00:00,0x2A1,0100010600000000
2026-09-26T08:42:38.112699+00:00,0x2A1,0100010600000000
2026-09-26T08:42:38.119738+00:00,0x2A1,0100010600000000
2026-09-26T08:42:38.122643+00:00,0x2A1,0100010600000000
2026-09-26T08:42:38.128098+00:00,0x2A1,0100010600000000
2026-09-26T08:42:38.133156+00:00,0x2A1,0100010600000000
2026-09-26T08:42:38.140123+00:00,0x2A1,0100010600000000
2026-09-26T08:42:38.143512+00:00,0x2A1,0100010600000000
2026-09-26T08:42:38.147679+00:00,0x2A1,0100010600000000
2026-09-26T08:42:38.152794+00:00,0x2A1,0100010600000000
2026-09-26T08:42:38.160026+00:00,0x2A1,0100010600000000
2026-09-26T08:42:38.162142+00:00,0x151,0101050000000000
2026-09-26T08:42:38.162209+00:00,0x155,00004372FFFF9E79
2026-09-26T08:42:38.162287+00:00,0x156,FFFF0E1AFFFF85CE
2026-09-26T08:42:38.162403+00:00,0x157,00006E9300002E01
2026-09-26T08:42:38.162482+00:00,0x170,FFFF960500000000
2026-09-26T08:42:38.163510+00:00,0x2A1,0100010600000000
2026-09-26T08:42:38.167735+00:00,0x2A1,0100010600000000
2026-09-26T08:42:38.172618+00:00,0x2A1,0100010600000000
2026-09-26T08:42:38.179975+00:00,0x2A1,0100010601000000
2026-09-26T08:42:38.183222+00:00,0x2A1,0100010601000000
2026-09-26T08:42:38.187982+00:00,0x2A1,0100010601000000
2026-09-26T08:42:38.192913+00:00,0x2A1,0100010601000000
2026-09-26T08:42:38.200091+00:00,0x2A1,0100010601000000
2026-09-26T08:42:38.203026+00:00,0x2A1,0100010601000000
2026-09-26T08:42:38.207616+00:00,0x2A1,0100010601000000
2026-09-26T08:42:38.212695+00:00,0x2A1,0100010601000000
2026-09-26T08:42:38.220070+00:00,0x2A1,0100010601000000
2026-09-26T08:42:38.223070+00:00,0x2A1,0100010601000000
2026-09-26T08:42:38.227642+00:00,0x2A1,0100010601000000
2026-09-26T08:42:38.232788+00:00,0x2A1,0100010601000000
2026-09-26T08:42:38.240643+00:00,0x2A1,0100010601000000
2026-09-26T08:42:38.244068+00:00,0x2A1,0100010601000000
2026-09-26T08:42:38.247980+00:00,0x2A1,0100010601000000
2026-09-26T08:42:38.252644+00:00,0x2A1,0100010601000000
2026-09-26T08:42:38.260263+00:00,0x2A1,0100010601000000
2026-09-26T08:42:38.263181+00:00,0x2A1,0100010601000000
2026-09-26T08:42:38.267618+00:00,0x2A1,0100010601000000
2026-09-26T08:42:38.272945+00:00,0x2A1,0100010601000000
2026-09-26T08:42:38.279980+00:00,0x2A1,0100010601000000
2026-09-26T08:42:38.283879+00:00,0x2A1,0100010601000000
2026-09-26T08:42:38.287693+00:00,0x2A1,0100010601000000
2026-09-26T08:42:38.293353+00:00,0x2A1,0100010601000000
2026-09-26T08:42:38.302070+00:00,0x2A1,0100010601000000
2026-09-26T08:42:38.305565+00:00,0x2A1,0100010601000000
2026-09-26T08:42:38.308788+00:00,0x2A1,0100010601000000
2026-09-26T08:42:38.313080+00:00,0x2A1,0100010601000000
2026-09-26T08:42:38.320984+00:00,0x2A1,0100010601000000
2026-09-26T08:42:38.323938+00:00,0x2A1,0100010601000000
2026-09-26T08:42:38.327984+00:00,0x2A1,0100010601000000
2026-09-26T08:42:38.332783+00:00,0x2A1,0100010601000000
2026-09-26T08:42:38.340027+00:00,0x2A1,0100010601000000
2026-09-26T08:42:38.343027+00:00,0x2A1,0100010601000000
2026-09-26T08:42:38.347619+00:00,0x2A1,0100010601000000
2026-09-26T08:42:38.353692+00:00,0x2A1,0100010601000000
2026-09-26T08:42:38.360960+00:00,0x2A1,0100010601000000
2026-09-26T08:42:38.363942+00:00,0x2A1,0100010601000000
2026-09-26T08:42:38.367669+00:00,0x2A1,0100010601000000
2026-09-26T08:42:38.372693+00:00,0x2A1,0100010601000000
2026-09-26T08:42:38.379988+00:00,0x2A1,0100010601000000
2026-09-26T08:42:38.382933+00:00,0x2A1,0100010601000000
2026-09-26T08:42:38.387704+00:00,0x2A1,0100010601000000
2026-09-26T08:42:38.392848+00:00,0x2A1,0100010601000000
2026-09-26T08:42:38.400077+00:00,0x2A1,0100010601000000
2026-09-26T08:42:38.403872+00:00,0x2A1,0100010601000000
2026-09-26T08:42:38.408309+00:00,0x2A1,0100010601000000
2026-09-26T08:42:38.412785+00:00,0x2A1,0100010601000000
2026-09-26T08:42:38.420136+00:00,0x2A1,0100010601000000
2026-09-26T08:42:38.423110+00:00,0x2A1,0100010600000000
2026-09-26T08:42:38.427666+00:00,0x2A1,0100010600000000
2026-09-26T08:42:38.432892+00:00,0x2A1,0100010600000000
2026-09-26T08:42:38.439620+00:00,0x2A1,0100010600000000
2026-09-26T08:42:38.443127+00:00,0x2A1,0100010600000000
2026-09-26T08:42:38.447621+00:00,0x2A1,0100010600000000
2026-09-26T08:42:38.453755+00:00,0x2A1,0100010600000000
2026-09-26T08:42:38.458447+00:00,0x2A1,0100010600000000
2026-09-26T08:42:38.464443+00:00,0x2A1,0100010600000000
2026-09-26T08:42:38.467984+00:00,0x2A1,0100010600000000
2026-09-26T08:42:38.472838+00:00,0x2A1,0100010600000000
2026-09-26T08:42:38.480039+00:00,0x2A1,0100010600000000
2026-09-26T08:42:38.482946+00:00,0x2A1,0100010600000000
2026-09-26T08:42:38.487984+00:00,0x2A1,0100010600000000
2026-09-26T08:42:38.492982+00:00,0x2A1,0100010600000000
2026-09-26T08:42:38.499028+00:00,0x2A1,0100010600000000
2026-09-26T08:42:38.503784+00:00,0x2A1,0100010600000000
2026-09-26T08:42:38.508679+00:00,0x2A1,0100010600000000
2026-09-26T08:42:38.513586+00:00,0x2A1,0100010600000000
2026-09-26T08:42:38.514480+00:00,0x151,0101050000000000
2026-09-26T08:42:38.514485+00:00,0x155,00003A2FFFFF9E70
2026-09-26T08:42:38.514633+00:00,0x156,FFFF0E1CFFFF85D3
2026-09-26T08:42:38.514763+00:00,0x157,00006E9300002E01
2026-09-26T08:42:38.514835+00:00,0x170,FFFF960500000000
2026-09-26T08:42:38.518450+00:00,0x2A1,0100010600000000
2026-09-26T08:42:38.524695+00:00,0x2A1,0100010601000000
2026-09-26T08:42:38.527806+00:00,0x2A1,0100010601000000
2026-09-26T08:42:38.533283+00:00,0x2A1,0100010601000000
2026-09-26T08:42:38.538624+00:00,0x2A1,0100010601000000
2026-09-26T08:42:38.544199+00:00,0x2A1,0100010601000000
2026-09-26T08:42:38.548291+00:00,0x2A1,0100010601000000
2026-09-26T08:42:38.553447+00:00,0x2A1,0100010601000000
2026-09-26T08:42:38.557701+00:00,0x2A1,0100010601000000
2026-09-26T08:42:38.564488+00:00,0x2A1,0100010601000000
2026-09-26T08:42:38.568028+00:00,0x2A1,0100010601000000
2026-09-26T08:42:38.573248+00:00,0x2A1,0100010601000000
2026-09-26T08:42:38.577938+00:00,0x2A1,0100010601000000
2026-09-26T08:42:38.583382+00:00,0x2A1,0100010601000000
2026-09-26T08:42:38.587764+00:00,0x2A1,0100010601000000
2026-09-26T08:42:38.592683+00:00,0x2A1,0100010601000000
2026-09-26T08:42:38.598274+00:00,0x2A1,0100010601000000
2026-09-26T08:42:38.603343+00:00,0x2A1,0100010601000000
2026-09-26T08:42:38.607695+00:00,0x2A1,0100010601000000
2026-09-26T08:42:38.612702+00:00,0x2A1,0100010601000000
2026-09-26T08:42:38.618161+00:00,0x2A1,0100010601000000
2026-09-26T08:42:38.625464+00:00,0x2A1,0100010601000000
2026-09-26T08:42:38.628796+00:00,0x2A1,0100010601000000
2026-09-26T08:42:38.632753+00:00,0x2A1,0100010601000000
2026-09-26T08:42:38.638088+00:00,0x2A1,0100010601000000
2026-09-26T08:42:38.643468+00:00,0x2A1,0100010601000000
2026-09-26T08:42:38.647696+00:00,0x2A1,0100010601000000
2026-09-26T08:42:38.652701+00:00,0x2A1,0100010601000000
2026-09-26T08:42:38.657698+00:00,0x2A1,0100010601000000
2026-09-26T08:42:38.663826+00:00,0x2A1,0100010601000000
2026-09-26T08:42:38.667710+00:00,0x2A1,0100010601000000
2026-09-26T08:42:38.674001+00:00,0x2A1,0100010601000000
2026-09-26T08:42:38.678125+00:00,0x2A1,0100010601000000
2026-09-26T08:42:38.684674+00:00,0x2A1,0100010601000000
2026-09-26T08:42:38.687943+00:00,0x2A1,0100010601000000
2026-09-26T08:42:38.692688+00:00,0x2A1,0100010601000000
2026-09-26T08:42:38.697830+00:00,0x2A1,0100010601000000
2026-09-26T08:42:38.703946+00:00,0x2A1,0100010601000000
2026-09-26T08:42:38.707784+00:00,0x2A1,0100010601000000
2026-09-26T08:42:38.712756+00:00,0x2A1,0100010601000000
2026-09-26T08:42:38.717623+00:00,0x2A1,0100010601000000
2026-09-26T08:42:38.724405+00:00,0x2A1,0100010601000000
2026-09-26T08:42:38.727871+00:00,0x2A1,0100010601000000
2026-09-26T08:42:38.733181+00:00,0x2A1,0100010601000000
2026-09-26T08:42:38.737743+00:00,0x2A1,0100010601000000
2026-09-26T08:42:38.744135+00:00,0x2A1,0100010601000000
2026-09-26T08:42:38.747624+00:00,0x2A1,0100010601000000
2026-09-26T08:42:38.752703+00:00,0x2A1,0100010601000000
2026-09-26T08:42:38.757622+00:00,0x2A1,0100010601000000
2026-09-26T08:42:38.764236+00:00,0x2A1,0100010600000000
2026-09-26T08:42:38.767620+00:00,0x2A1,0100010600000000
2026-09-26T08:42:38.773249+00:00,0x2A1,0100010600000000
2026-09-26T08:42:38.778559+00:00,0x2A1,0100010600000000
2026-09-26T08:42:38.785317+00:00,0x2A1,0100010600000000
2026-09-26T08:42:38.788386+00:00,0x2A1,0100010600000000
2026-09-26T08:42:38.792700+00:00,0x2A1,0100010600000000
2026-09-26T08:42:38.797770+00:00,0x2A1,0100010600000000
2026-09-26T08:42:38.804340+00:00,0x2A1,0100010600000000
2026-09-26T08:42:38.807697+00:00,0x2A1,0100010600000000
2026-09-26T08:42:38.812675+00:00,0x2A1,0100010600000000
2026-09-26T08:42:38.817687+00:00,0x2A1,0100010600000000
2026-09-26T08:42:38.824678+00:00,0x2A1,0100010600000000
2026-09-26T08:42:38.828029+00:00,0x2A1,0100010600000000
2026-09-26T08:42:38.833029+00:00,0x2A1,0100010600000000
2026-09-26T08:42:38.838240+00:00,0x2A1,0100010600000000
2026-09-26T08:42:38.844985+00:00,0x2A1,0100010600000000
2026-09-26T08:42:38.847987+00:00,0x2A1,0100010600000000
2026-09-26T08:42:38.852667+00:00,0x2A1,0100010600000000
2026-09-26T08:42:38.857667+00:00,0x2A1,0100010600000000
2026-09-26T08:42:38.864529+00:00,0x2A1,0100010600000000
2026-09-26T08:42:38.866333+00:00,0x151,0101050000000000
2026-09-26T08:42:38.866437+00:00,0x155,000030ECFFFF9E67
2026-09-26T08:42:38.866580+00:00,0x156,FFFF0E1EFFFF85D9
2026-09-26T08:42:38.866614+00:00,0x157,00006E9300002E01
2026-09-26T08:42:38.866697+00:00,0x170,FFFF960500000000
2026-09-26T08:42:38.868237+00:00,0x2A1,0100010600000000
2026-09-26T08:42:38.872625+00:00,0x2A1,0100010600000000
2026-09-26T08:42:38.877745+00:00,0x2A1,0100010600000000
2026-09-26T08:42:38.886744+00:00,0x2A1,0100010601000000
2026-09-26T08:42:38.889988+00:00,0x2A1,0100010601000000
2026-09-26T08:42:38.893431+00:00,0x2A1,0100010601000000
2026-09-26T08:42:38.897636+00:00,0x2A1,0100010601000000
2026-09-26T08:42:38.904624+00:00,0x2A1,0100010601000000
2026-09-26T08:42:38.907626+00:00,0x2A1,0100010601000000
2026-09-26T08:42:38.912766+00:00,0x2A1,0100010601000000
2026-09-26T08:42:38.917971+00:00,0x2A1,0100010601000000
2026-09-26T08:42:38.925030+00:00,0x2A1,0100010601000000
2026-09-26T08:42:38.928042+00:00,0x2A1,0100010601000000
2026-09-26T08:42:38.932622+00:00,0x2A1,0100010601000000
2026-09-26T08:42:38.938277+00:00,0x2A1,0100010601000000
2026-09-26T08:42:38.946269+00:00,0x2A1,0100010601000000
2026-09-26T08:42:38.949365+00:00,0x2A1,0100010601000000
2026-09-26T08:42:38.952647+00:00,0x2A1,0100010601000000
2026-09-26T08:42:38.957624+00:00,0x2A1,0100010601000000
2026-09-26T08:42:38.965364+00:00,0x2A1,0100010601000000
2026-09-26T08:42:38.968272+00:00,0x2A1,0100010601000000
2026-09-26T08:42:38.972644+00:00,0x2A1,0100010601000000
2026-09-26T08:42:38.977700+00:00,0x2A1,0100010601000000
2026-09-26T08:42:38.985165+00:00,0x2A1,0100010601000000
2026-09-26T08:42:38.988920+00:00,0x2A1,0100010601000000
2026-09-26T08:42:38.993012+00:00,0x2A1,0100010601000000
2026-09-26T08:42:38.998252+00:00,0x2A1,0100010601000000
2026-09-26T08:42:39.005266+00:00,0x2A1,0100010601000000
2026-09-26T08:42:39.008265+00:00,0x2A1,0100010601000000
2026-09-26T08:42:39.013141+00:00,0x2A1,0100010601000000
2026-09-26T08:42:39.017746+00:00,0x2A1,0100010601000000
2026-09-26T08:42:39.025334+00:00,0x2A1,0100010601000000
2026-09-26T08:42:39.028160+00:00,0x2A1,0100010601000000
2026-09-26T08:42:39.032741+00:00,0x2A1,0100010601000000
2026-09-26T08:42:39.037671+00:00,0x2A1,0100010601000000
2026-09-26T08:42:39.045298+00:00,0x2A1,0100010601000000
2026-09-26T08:42:39.049291+00:00,0x2A1,0100010601000000
2026-09-26T08:42:39.053158+00:00,0x2A1,0100010601000000
2026-09-26T08:42:39.058225+00:00,0x2A1,0100010601000000
2026-09-26T08:42:39.065409+00:00,0x2A1,0100010601000000
2026-09-26T08:42:39.068331+00:00,0x2A1,0100010601000000
2026-09-26T08:42:39.072784+00:00,0x2A1,0100010601000000
2026-09-26T08:42:39.077622+00:00,0x2A1,0100010601000000
2026-09-26T08:42:39.085331+00:00,0x2A1,0100010601000000
2026-09-26T08:42:39.088339+00:00,0x2A1,0100010601000000
2026-09-26T08:42:39.092667+00:00,0x2A1,0100010601000000
2026-09-26T08:42:39.097830+00:00,0x2A1,0100010601000000
2026-09-26T08:42:39.107095+00:00,0x2A1,0100010601000000
2026-09-26T08:42:39.110187+00:00,0x2A1,0100010601000000
2026-09-26T08:42:39.113363+00:00,0x2A1,0100010601000000
2026-09-26T08:42:39.117948+00:00,0x2A1,0100010601000000
2026-09-26T08:42:39.125141+00:00,0x2A1,0100010600000000
2026-09-26T08:42:39.128098+00:00,0x2A1,0100010600000000
2026-09-26T08:42:39.132626+00:00,0x2A1,0100010600000000
2026-09-26T08:42:39.137686+00:00,0x2A1,0100010600000000
2026-09-26T08:42:39.145144+00:00,0x2A1,0100010600000000
2026-09-26T08:42:39.148098+00:00,0x2A1,0100010600000000
2026-09-26T08:42:39.153327+00:00,0x2A1,0100010600000000
2026-09-26T08:42:39.158211+00:00,0x2A1,0100010600000000
2026-09-26T08:42:39.165326+00:00,0x2A1,0100010600000000
2026-09-26T08:42:39.168419+00:00,0x2A1,0100010600000000
2026-09-26T08:42:39.172678+00:00,0x2A1,0100010600000000
2026-09-26T08:42:39.177677+00:00,0x2A1,0100010600000000
2026-09-26T08:42:39.184900+00:00,0x2A1,0100010600000000
2026-09-26T08:42:39.187885+00:00,0x2A1,0100010600000000
2026-09-26T08:42:39.192637+00:00,0x2A1,0100010600000000
2026-09-26T08:42:39.197627+00:00,0x2A1,0100010600000000
2026-09-26T08:42:39.206254+00:00,0x2A1,0100010600000000
2026-09-26T08:42:39.209605+00:00,0x2A1,0100010600000000
2026-09-26T08:42:39.214043+00:00,0x2A1,0100010600000000
2026-09-26T08:42:39.217677+00:00,0x2A1,0100010600000000
2026-09-26T08:42:39.218656+00:00,0x151,0101050000000000
2026-09-26T08:42:39.218760+00:00,0x155,000027A8FFFF9E5E
2026-09-26T08:42:39.218875+00:00,0x156,FFFF0E20FFFF85DE
2026-09-26T08:42:39.218880+00:00,0x157,00006E9300002E01
2026-09-26T08:42:39.219028+00:00,0x170,FFFF960500000000
2026-09-26T08:42:39.226476+00:00,0x2A1,0100010601000000
2026-09-26T08:42:39.229432+00:00,0x2A1,0100010601000000
2026-09-26T08:42:39.232627+00:00,0x2A1,0100010601000000
2026-09-26T08:42:39.237690+00:00,0x2A1,0100010601000000
2026-09-26T08:42:39.244948+00:00,0x2A1,0100010601000000
2026-09-26T08:42:39.247890+00:00,0x2A1,0100010601000000
2026-09-26T08:42:39.252754+00:00,0x2A1,0100010601000000
2026-09-26T08:42:39.258431+00:00,0x2A1,0100010601000000
2026-09-26T08:42:39.265790+00:00,0x2A1,0100010601000000
2026-09-26T08:42:39.269075+00:00,0x2A1,0100010601000000
2026-09-26T08:42:39.272911+00:00,0x2A1,0100010601000000
2026-09-26T08:42:39.277712+00:00,0x2A1,0100010601000000
2026-09-26T08:42:39.284987+00:00,0x2A1,0100010601000000
2026-09-26T08:42:39.287944+00:00,0x2A1,0100010601000000
2026-09-26T08:42:39.292648+00:00,0x2A1,0100010601000000
2026-09-26T08:42:39.297623+00:00,0x2A1,0100010601000000
2026-09-26T08:42:39.304892+00:00,0x2A1,0100010601000000
2026-09-26T08:42:39.307765+00:00,0x2A1,0100010601000000
2026-09-26T08:42:39.313184+00:00,0x2A1,0100010601000000
2026-09-26T08:42:39.317915+00:00,0x2A1,0100010601000000
2026-09-26T08:42:39.323916+00:00,0x2A1,0100010601000000
2026-09-26T08:42:39.328646+00:00,0x2A1,0100010601000000
2026-09-26T08:42:39.332700+00:00,0x2A1,0100010601000000
2026-09-26T08:42:39.337649+00:00,0x2A1,0100010601000000
2026-09-26T08:42:39.344481+00:00,0x2A1,0100010601000000
2026-09-26T08:42:39.347834+00:00,0x2A1,0100010601000000
2026-09-26T08:42:39.352654+00:00,0x2A1,0100010601000000
2026-09-26T08:42:39.357639+00:00,0x2A1,0100010601000000
2026-09-26T08:42:39.365478+00:00,0x2A1,0100010601000000
2026-09-26T08:42:39.368834+00:00,0x2A1,0100010601000000
2026-09-26T08:42:39.372992+00:00,0x2A1,0100010601000000
2026-09-26T08:42:39.377996+00:00,0x2A1,0100010601000000
2026-09-26T08:42:39.383338+00:00,0x2A1,0100010601000000
2026-09-26T08:42:39.388035+00:00,0x2A1,0100010601000000
2026-09-26T08:42:39.392626+00:00,0x2A1,0100010601000000
2026-09-26T08:42:39.397899+00:00,0x2A1,0100010601000000
2026-09-26T08:42:39.404992+00:00,0x2A1,0100010601000000
2026-09-26T08:42:39.407993+00:00,0x2A1,0100010601000000
2026-09-26T08:42:39.412640+00:00,0x2A1,0100010601000000
2026-09-26T08:42:39.418199+00:00,0x2A1,0100010601000000
2026-09-26T08:42:39.424814+00:00,0x2A1,0100010601000000
2026-09-26T08:42:39.430051+00:00,0x2A1,0100010601000000
2026-09-26T08:42:39.433252+00:00,0x2A1,0100010601000000
2026-09-26T08:42:39.437939+00:00,0x2A1,0100010601000000
2026-09-26T08:42:39.443385+00:00,0x2A1,0100010601000000
2026-09-26T08:42:39.447835+00:00,0x2A1,0100010601000000
2026-09-26T08:42:39.452741+00:00,0x2A1,0100010601000000
2026-09-26T08:42:39.457665+00:00,0x2A1,0100010601000000
2026-09-26T08:42:39.463274+00:00,0x2A1,0100010601000000
2026-09-26T08:42:39.467674+00:00,0x2A1,0100010600000000
2026-09-26T08:42:39.472687+00:00,0x2A1,0100010600000000
2026-09-26T08:42:39.477999+00:00,0x2A1,0100010600000000
2026-09-26T08:42:39.484418+00:00,0x2A1,0100010600000000
2026-09-26T08:42:39.488793+00:00,0x2A1,0100010600000000
2026-09-26T08:42:39.493191+00:00,0x2A1,0100010600000000
2026-09-26T08:42:39.497661+00:00,0x2A1,0100010600000000
2026-09-26T08:42:39.503323+00:00,0x2A1,0100010600000000
2026-09-26T08:42:39.507950+00:00,0x2A1,0100010600000000
2026-09-26T08:42:39.512810+00:00,0x2A1,0100010600000000
2026-09-26T08:42:39.517722+00:00,0x2A1,0100010600000000
2026-09-26T08:42:39.523386+00:00,0x2A1,0100010600000000
2026-09-26T08:42:39.528902+00:00,0x2A1,0100010600000000
2026-09-26T08:42:39.533058+00:00,0x2A1,0100010600000000
2026-09-26T08:42:39.537951+00:00,0x2A1,0100010600000000
2026-09-26T08:42:39.543522+00:00,0x2A1,0100010600000000
2026-09-26T08:42:39.548101+00:00,0x2A1,0100010600000000
2026-09-26T08:42:39.552653+00:00,0x2A1,0100010600000000
2026-09-26T08:42:39.557633+00:00,0x2A1,0100010600000000
2026-09-26T08:42:39.563836+00:00,0x2A1,0100010600000000
2026-09-26T08:42:39.568390+00:00,0x2A1,0100010600000000
2026-09-26T08:42:39.571729+00:00,0x151,0101050000000000
2026-09-26T08:42:39.571921+00:00,0x155,00002356FFFF9E21
2026-09-26T08:42:39.571992+00:00,0x156,FFFF0E2CFFFF86B0
2026-09-26T08:42:39.572132+00:00,0x157,00006E9300002E01
2026-09-26T08:42:39.572638+00:00,0x170,FFFF960500000000
2026-09-26T08:42:39.572996+00:00,0x2A1,0100010600000000
2026-09-26T08:42:39.577706+00:00,0x2A1,0100010600000000
2026-09-26T08:42:39.585793+00:00,0x2A1,0100010600000000
2026-09-26T08:42:39.590479+00:00,0x2A1,0100010601000000
2026-09-26T08:42:39.593393+00:00,0x2A1,0100010601000000
2026-09-26T08:42:39.597707+00:00,0x2A1,0100010601000000
2026-09-26T08:42:39.603420+00:00,0x2A1,0100010601000000
2026-09-26T08:42:39.608418+00:00,0x2A1,0100010601000000
2026-09-26T08:42:39.612631+00:00,0x2A1,0100010601000000
2026-09-26T08:42:39.617632+00:00,0x2A1,0100010601000000
2026-09-26T08:42:39.623319+00:00,0x2A1,0100010601000000
2026-09-26T08:42:39.628479+00:00,0x2A1,0100010601000000
2026-09-26T08:42:39.633975+00:00,0x2A1,0100010601000000
2026-09-26T08:42:39.638018+00:00,0x2A1,0100010601000000
2026-09-26T08:42:39.644376+00:00,0x2A1,0100010601000000
2026-09-26T08:42:39.649235+00:00,0x2A1,0100010601000000
2026-09-26T08:42:39.652629+00:00,0x2A1,0100010601000000
2026-09-26T08:42:39.657653+00:00,0x2A1,0100010601000000
2026-09-26T08:42:39.663319+00:00,0x2A1,0100010601000000
2026-09-26T08:42:39.668752+00:00,0x2A1,0100010600000000
2026-09-26T08:42:39.672708+00:00,0x2A1,0100010600000000
2026-09-26T08:42:39.677633+00:00,0x2A1,0100010600000000
2026-09-26T08:42:39.683475+00:00,0x2A1,0100010600000000
2026-09-26T08:42:39.689191+00:00,0x2A1,0100010600000000
2026-09-26T08:42:39.692994+00:00,0x2A1,0100010600000000
2026-09-26T08:42:39.698415+00:00,0x2A1,0100010600000000
2026-09-26T08:42:39.703266+00:00,0x2A1,0100010600000000
2026-09-26T08:42:39.708521+00:00,0x2A1,0100010600000000
2026-09-26T08:42:39.712685+00:00,0x2A1,0100010600000000
2026-09-26T08:42:39.717697+00:00,0x2A1,0100010600000000
2026-09-26T08:42:39.723235+00:00,0x2A1,0100010600000000
2026-09-26T08:42:39.728891+00:00,0x2A1,0100010600000000
2026-09-26T08:42:39.732656+00:00,0x2A1,0100010600000000
2026-09-26T08:42:39.737631+00:00,0x2A1,0100010600000000
2026-09-26T08:42:39.743948+00:00,0x2A1,0100010600000000
2026-09-26T08:42:39.749519+00:00,0x2A1,0100010600000000
2026-09-26T08:42:39.752948+00:00,0x2A1,0100010600000000
2026-09-26T08:42:39.757627+00:00,0x2A1,0100010600000000
2026-09-26T08:42:39.763269+00:00,0x2A1,0100010600000000
2026-09-26T08:42:39.768952+00:00,0x2A1,0100010600000000
2026-09-26T08:42:39.773147+00:00,0x2A1,0100010600000000
2026-09-26T08:42:39.774252+00:00,0x151,0101050000000000
2026-09-26T08:42:39.774360+00:00,0x155,000020B2FFFF9D4C
2026-09-26T08:42:39.774477+00:00,0x156,FFFF0E88FFFF8A45
2026-09-26T08:42:39.774632+00:00,0x157,00006E9B00002E01
2026-09-26T08:42:39.774709+00:00,0x170,FFFF960500000000
2026-09-26T08:42:39.777924+00:00,0x2A1,0100010600000000
2026-09-26T08:42:39.783319+00:00,0x2A1,0100010600000000
2026-09-26T08:42:39.789034+00:00,0x2A1,0100010601000000
2026-09-26T08:42:39.792627+00:00,0x2A1,0100010601000000
2026-09-26T08:42:39.798120+00:00,0x2A1,0100010601000000
2026-09-26T08:42:39.803920+00:00,0x2A1,0100010601000000
2026-09-26T08:42:39.809901+00:00,0x2A1,0100010601000000
2026-09-26T08:42:39.812901+00:00,0x2A1,0100010601000000
2026-09-26T08:42:39.817642+00:00,0x2A1,0100010601000000
2026-09-26T08:42:39.823657+00:00,0x2A1,0100010601000000
2026-09-26T08:42:39.828953+00:00,0x2A1,0100010601000000
2026-09-26T08:42:39.832706+00:00,0x2A1,0100010601000000
2026-09-26T08:42:39.837708+00:00,0x2A1,0100010601000000
2026-09-26T08:42:39.843341+00:00,0x2A1,0100010601000000
2026-09-26T08:42:39.849477+00:00,0x2A1,0100010600000000
2026-09-26T08:42:39.853039+00:00,0x2A1,0100010600000000
2026-09-26T08:42:39.858167+00:00,0x2A1,0100010600000000
2026-09-26T08:42:39.863271+00:00,0x2A1,0100010600000000
2026-09-26T08:42:39.868752+00:00,0x2A1,0100010600000000
2026-09-26T08:42:39.872656+00:00,0x2A1,0100010600000000
2026-09-26T08:42:39.877839+00:00,0x2A1,0100010600000000
2026-09-26T08:42:39.883194+00:00,0x2A1,0100010600000000
2026-09-26T08:42:39.889342+00:00,0x2A1,0100010600000000
2026-09-26T08:42:39.892658+00:00,0x2A1,0100010600000000
2026-09-26T08:42:39.897680+00:00,0x2A1,0100010600000000
2026-09-26T08:42:39.903815+00:00,0x2A1,0100010600000000
2026-09-26T08:42:39.910420+00:00,0x2A1,0100010600000000
2026-09-26T08:42:39.913487+00:00,0x2A1,0100010600000000
2026-09-26T08:42:39.917818+00:00,0x2A1,0100010600000000
2026-09-26T08:42:39.923288+00:00,0x2A1,0100010600000000
2026-09-26T08:42:39.925829+00:00,0x151,0101050000000000
2026-09-26T08:42:39.926188+00:00,0x155,00001F48FFFF9A82
2026-09-26T08:42:39.926320+00:00,0x156,FFFF0F22FFFF91B3
2026-09-26T08:42:39.926731+00:00,0x157,00006F4C00002E01
2026-09-26T08:42:39.926933+00:00,0x170,FFFF960500000000
2026-09-26T08:42:39.929838+00:00,0x2A1,0100010600000000
2026-09-26T08:42:39.932655+00:00,0x2A1,0100010600000000
2026-09-26T08:42:39.937632+00:00,0x2A1,0100010600000000
2026-09-26T08:42:39.943342+00:00,0x2A1,0100010600000000
2026-09-26T08:42:39.948997+00:00,0x2A1,0100010601000000
2026-09-26T08:42:39.952864+00:00,0x2A1,0100010601000000
2026-09-26T08:42:39.958237+00:00,0x2A1,0100010601000000
2026-09-26T08:42:39.964739+00:00,0x2A1,0100010601000000
2026-09-26T08:42:39.969882+00:00,0x2A1,0100010601000000
2026-09-26T08:42:39.972903+00:00,0x2A1,0100010601000000
2026-09-26T08:42:39.977794+00:00,0x2A1,0100010601000000
2026-09-26T08:42:39.983483+00:00,0x2A1,0100010601000000
2026-09-26T08:42:39.989045+00:00,0x2A1,0100010601000000
2026-09-26T08:42:39.992743+00:00,0x2A1,0100010601000000
2026-09-26T08:42:39.997701+00:00,0x2A1,0100010601000000
2026-09-26T08:42:40.003423+00:00,0x2A1,0100010601000000
2026-09-26T08:42:40.009682+00:00,0x2A1,0100010601000000
2026-09-26T08:42:40.013147+00:00,0x2A1,0100010601000000
2026-09-26T08:42:40.018687+00:00,0x2A1,0100010601000000
2026-09-26T08:42:40.023528+00:00,0x2A1,0100010601000000
2026-09-26T08:42:40.029244+00:00,0x2A1,0100010601000000
2026-09-26T08:42:40.032636+00:00,0x2A1,0100010601000000
2026-09-26T08:42:40.037693+00:00,0x2A1,0100010601000000
2026-09-26T08:42:40.043397+00:00,0x2A1,0100010601000000
2026-09-26T08:42:40.049052+00:00,0x2A1,0100010601000000
2026-09-26T08:42:40.052706+00:00,0x2A1,0100010601000000
2026-09-26T08:42:40.057714+00:00,0x2A1,0100010601000000
2026-09-26T08:42:40.063657+00:00,0x2A1,0100010601000000
2026-09-26T08:42:40.070062+00:00,0x2A1,0100010601000000
2026-09-26T08:42:40.073633+00:00,0x2A1,0100010601000000
2026-09-26T08:42:40.077648+00:00,0x2A1,0100010601000000
2026-09-26T08:42:40.083343+00:00,0x2A1,0100010601000000
2026-09-26T08:42:40.089526+00:00,0x2A1,0100010601000000
2026-09-26T08:42:40.092659+00:00,0x2A1,0100010601000000
2026-09-26T08:42:40.097661+00:00,0x2A1,0100010601000000
2026-09-26T08:42:40.103250+00:00,0x2A1,0100010601000000
2026-09-26T08:42:40.109206+00:00,0x2A1,0100010600000000
2026-09-26T08:42:40.112656+00:00,0x2A1,0100010600000000
2026-09-26T08:42:40.118698+00:00,0x2A1,0100010600000000
2026-09-26T08:42:40.125281+00:00,0x2A1,0100010600000000
2026-09-26T08:42:40.130272+00:00,0x2A1,0100010600000000
2026-09-26T08:42:40.133285+00:00,0x2A1,0100010600000000
2026-09-26T08:42:40.137632+00:00,0x2A1,0100010600000000
2026-09-26T08:42:40.143709+00:00,0x2A1,0100010600000000
2026-09-26T08:42:40.149153+00:00,0x2A1,0100010600000000
2026-09-26T08:42:40.152885+00:00,0x2A1,0100010600000000
2026-09-26T08:42:40.157783+00:00,0x2A1,0100010600000000
2026-09-26T08:42:40.163197+00:00,0x2A1,0100010600000000
2026-09-26T08:42:40.170330+00:00,0x2A1,0100010600000000
2026-09-26T08:42:40.173716+00:00,0x2A1,0100010600000000
2026-09-26T08:42:40.178958+00:00,0x2A1,0100010600000000
2026-09-26T08:42:40.183481+00:00,0x2A1,0100010600000000
2026-09-26T08:42:40.189660+00:00,0x2A1,0100010600000000
2026-09-26T08:42:40.192713+00:00,0x2A1,0100010600000000
2026-09-26T08:42:40.197638+00:00,0x2A1,0100010600000000
2026-09-26T08:42:40.203324+00:00,0x2A1,0100010600000000
2026-09-26T08:42:40.209196+00:00,0x2A1,0100010600000000
2026-09-26T08:42:40.212688+00:00,0x2A1,0100010600000000
2026-09-26T08:42:40.217722+00:00,0x2A1,0100010600000000
2026-09-26T08:42:40.223975+00:00,0x2A1,0100010600000000
2026-09-26T08:42:40.229711+00:00,0x151,0101050000000000
2026-09-26T08:42:40.229836+00:00,0x155,00001F47FFFF9788
2026-09-26T08:42:40.229866+00:00,0x156,FFFF0FB8FFFF989F
2026-09-26T08:42:40.230010+00:00,0x157,0000728200002E01
2026-09-26T08:42:40.231054+00:00,0x170,FFFF960500000000
2026-09-26T08:42:40.231392+00:00,0x2A1,0100010600000000
2026-09-26T08:42:40.234418+00:00,0x2A1,0100010600000000
2026-09-26T08:42:40.237637+00:00,0x2A1,0100010600000000
2026-09-26T08:42:40.243240+00:00,0x2A1,0100010600000000
2026-09-26T08:42:40.249647+00:00,0x2A1,0100010601000000
2026-09-26T08:42:40.252636+00:00,0x2A1,0100010601000000
2026-09-26T08:42:40.257841+00:00,0x2A1,0100010601000000
2026-09-26T08:42:40.263421+00:00,0x2A1,0100010601000000
2026-09-26T08:42:40.267658+00:00,0x2A1,0100010601000000
2026-09-26T08:42:40.273022+00:00,0x2A1,0100010601000000
2026-09-26T08:42:40.278655+00:00,0x2A1,0100010601000000
2026-09-26T08:42:40.284661+00:00,0x2A1,0100010601000000
2026-09-26T08:42:40.289756+00:00,0x2A1,0100010601000000
2026-09-26T08:42:40.292842+00:00,0x2A1,0100010601000000
2026-09-26T08:42:40.297843+00:00,0x2A1,0100010601000000
2026-09-26T08:42:40.303241+00:00,0x2A1,0100010601000000
2026-09-26T08:42:40.309284+00:00,0x2A1,0100010601000000
2026-09-26T08:42:40.312636+00:00,0x2A1,0100010601000000
2026-09-26T08:42:40.317797+00:00,0x2A1,0100010601000000
2026-09-26T08:42:40.323376+00:00,0x2A1,0100010601000000
2026-09-26T08:42:40.332080+00:00,0x2A1,0100010601000000
2026-09-26T08:42:40.335537+00:00,0x2A1,0100010601000000
2026-09-26T08:42:40.338885+00:00,0x2A1,0100010601000000
2026-09-26T08:42:40.343486+00:00,0x2A1,0100010601000000
2026-09-26T08:42:40.349401+00:00,0x2A1,0100010601000000
2026-09-26T08:42:40.353014+00:00,0x2A1,0100010601000000
2026-09-26T08:42:40.357721+00:00,0x2A1,0100010601000000
2026-09-26T08:42:40.363752+00:00,0x2A1,0100010601000000
2026-09-26T08:42:40.370210+00:00,0x2A1,0100010601000000
2026-09-26T08:42:40.373279+00:00,0x2A1,0100010601000000
2026-09-26T08:42:40.377768+00:00,0x2A1,0100010601000000
2026-09-26T08:42:40.383811+00:00,0x2A1,0100010601000000
2026-09-26T08:42:40.389158+00:00,0x2A1,0100010601000000
2026-09-26T08:42:40.394053+00:00,0x2A1,0100010601000000
2026-09-26T08:42:40.397716+00:00,0x2A1,0100010601000000
2026-09-26T08:42:40.403407+00:00,0x2A1,0100010601000000
2026-09-26T08:42:40.409457+00:00,0x2A1,0100010601000000
2026-09-26T08:42:40.412666+00:00,0x2A1,0100010600000000
2026-09-26T08:42:40.417690+00:00,0x2A1,0100010600000000
2026-09-26T08:42:40.423254+00:00,0x2A1,0100010600000000
2026-09-26T08:42:40.427765+00:00,0x2A1,0100010600000000
2026-09-26T08:42:40.432957+00:00,0x2A1,0100010600000000
2026-09-26T08:42:40.438174+00:00,0x2A1,0100010600000000
2026-09-26T08:42:40.444141+00:00,0x2A1,0100010600000000
2026-09-26T08:42:40.447658+00:00,0x2A1,0100010600000000
2026-09-26T08:42:40.452689+00:00,0x2A1,0100010600000000
2026-09-26T08:42:40.457700+00:00,0x2A1,0100010600000000
2026-09-26T08:42:40.463373+00:00,0x2A1,0100010600000000
2026-09-26T08:42:40.469797+00:00,0x2A1,0100010600000000
2026-09-26T08:42:40.472770+00:00,0x2A1,0100010600000000
2026-09-26T08:42:40.477737+00:00,0x2A1,0100010600000000
2026-09-26T08:42:40.482897+00:00,0x151,0101050000000000
2026-09-26T08:42:40.482976+00:00,0x155,00001F45FFFF948D
2026-09-26T08:42:40.483152+00:00,0x156,FFFF104FFFFF9F8C
2026-09-26T08:42:40.483217+00:00,0x157,000075B700002E01
2026-09-26T08:42:40.483276+00:00,0x170,FFFF960500000000
2026-09-26T08:42:40.483680+00:00,0x2A1,0100010600000000
2026-09-26T08:42:40.488222+00:00,0x2A1,0100010600000000
2026-09-26T08:42:40.493993+00:00,0x2A1,0100010601000000
2026-09-26T08:42:40.498001+00:00,0x2A1,0100010601000000
2026-09-26T08:42:40.503284+00:00,0x2A1,0100010601000000
2026-09-26T08:42:40.507638+00:00,0x2A1,0100010601000000
2026-09-26T08:42:40.513198+00:00,0x2A1,0100010601000000
2026-09-26T08:42:40.517636+00:00,0x2A1,0100010601000000
2026-09-26T08:42:40.523400+00:00,0x2A1,0100010601000000
2026-09-26T08:42:40.527638+00:00,0x2A1,0100010601000000
2026-09-26T08:42:40.533637+00:00,0x2A1,0100010601000000
2026-09-26T08:42:40.537714+00:00,0x2A1,0100010601000000
2026-09-26T08:42:40.543950+00:00,0x2A1,0100010601000000
2026-09-26T08:42:40.548959+00:00,0x2A1,0100010601000000
2026-09-26T08:42:40.554086+00:00,0x2A1,0100010601000000
2026-09-26T08:42:40.558002+00:00,0x2A1,0100010601000000
2026-09-26T08:42:40.564179+00:00,0x2A1,0100010601000000
2026-09-26T08:42:40.568007+00:00,0x2A1,0100010601000000
2026-09-26T08:42:40.574013+00:00,0x2A1,0100010601000000
2026-09-26T08:42:40.578433+00:00,0x2A1,0100010601000000
2026-09-26T08:42:40.583664+00:00,0x2A1,0100010601000000
2026-09-26T08:42:40.588186+00:00,0x2A1,0100010601000000
2026-09-26T08:42:40.594810+00:00,0x2A1,0100010601000000
2026-09-26T08:42:40.598802+00:00,0x2A1,0100010601000000
2026-09-26T08:42:40.605320+00:00,0x2A1,0100010601000000
2026-09-26T08:42:40.609984+00:00,0x2A1,0100010601000000
2026-09-26T08:42:40.615055+00:00,0x2A1,0100010601000000
2026-09-26T08:42:40.619174+00:00,0x2A1,0100010601000000
2026-09-26T08:42:40.624061+00:00,0x2A1,0100010601000000
2026-09-26T08:42:40.627688+00:00,0x2A1,0100010601000000
2026-09-26T08:42:40.633937+00:00,0x2A1,0100010601000000
2026-09-26T08:42:40.637638+00:00,0x2A1,0100010601000000
2026-09-26T08:42:40.643243+00:00,0x2A1,0100010601000000
2026-09-26T08:42:40.647704+00:00,0x2A1,0100010601000000
2026-09-26T08:42:40.655053+00:00,0x2A1,0100010600000000
2026-09-26T08:42:40.658486+00:00,0x2A1,0100010600000000
2026-09-26T08:42:40.663781+00:00,0x2A1,0100010600000000
2026-09-26T08:42:40.667695+00:00,0x2A1,0100010600000000
2026-09-26T08:42:40.674021+00:00,0x2A1,0100010600000000
2026-09-26T08:42:40.677774+00:00,0x2A1,0100010600000000
2026-09-26T08:42:40.683292+00:00,0x2A1,0100010600000000
2026-09-26T08:42:40.687713+00:00,0x2A1,0100010600000000
2026-09-26T08:42:40.693938+00:00,0x2A1,0100010600000000
2026-09-26T08:42:40.697639+00:00,0x2A1,0100010600000000
2026-09-26T08:42:40.703473+00:00,0x2A1,0100010600000000
2026-09-26T08:42:40.707947+00:00,0x2A1,0100010600000000
2026-09-26T08:42:40.714721+00:00,0x2A1,0100010600000000
2026-09-26T08:42:40.717793+00:00,0x2A1,0100010600000000
2026-09-26T08:42:40.723328+00:00,0x2A1,0100010600000000
2026-09-26T08:42:40.727791+00:00,0x2A1,0100010600000000
2026-09-26T08:42:40.733798+00:00,0x2A1,0100010600000000
2026-09-26T08:42:40.734845+00:00,0x151,0101050000000000
2026-09-26T08:42:40.735003+00:00,0x155,00001F44FFFF9193
2026-09-26T08:42:40.735071+00:00,0x156,FFFF10E5FFFFA678
2026-09-26T08:42:40.735139+00:00,0x157,000078ED00002E01
2026-09-26T08:42:40.735277+00:00,0x170,FFFF960500000000
2026-09-26T08:42:40.737909+00:00,0x2A1,0100010600000000
2026-09-26T08:42:40.743111+00:00,0x2A1,0100010600000000
2026-09-26T08:42:40.747665+00:00,0x2A1,0100010600000000
2026-09-26T08:42:40.755328+00:00,0x2A1,0100010601000000
2026-09-26T08:42:40.759243+00:00,0x2A1,0100010601000000
2026-09-26T08:42:40.763713+00:00,0x2A1,0100010601000000
2026-09-26T08:42:40.767955+00:00,0x2A1,0100010601000000
2026-09-26T08:42:40.774867+00:00,0x2A1,0100010601000000
2026-09-26T08:42:40.777760+00:00,0x2A1,0100010601000000
2026-09-26T08:42:40.783664+00:00,0x2A1,0100010601000000
2026-09-26T08:42:40.787638+00:00,0x2A1,0100010601000000
2026-09-26T08:42:40.794048+00:00,0x2A1,0100010601000000
2026-09-26T08:42:40.797641+00:00,0x2A1,0100010601000000
2026-09-26T08:42:40.803355+00:00,0x2A1,0100010601000000
2026-09-26T08:42:40.807642+00:00,0x2A1,0100010601000000
2026-09-26T08:42:40.815759+00:00,0x2A1,0100010601000000
2026-09-26T08:42:40.819803+00:00,0x2A1,0100010601000000
2026-09-26T08:42:40.824155+00:00,0x2A1,0100010601000000
2026-09-26T08:42:40.827757+00:00,0x2A1,0100010601000000
2026-09-26T08:42:40.834283+00:00,0x2A1,0100010601000000
2026-09-26T08:42:40.837641+00:00,0x2A1,0100010601000000
2026-09-26T08:42:40.843534+00:00,0x2A1,0100010601000000
2026-09-26T08:42:40.847641+00:00,0x2A1,0100010601000000
2026-09-26T08:42:40.854467+00:00,0x2A1,0100010601000000
2026-09-26T08:42:40.857702+00:00,0x2A1,0100010601000000
2026-09-26T08:42:40.863891+00:00,0x2A1,0100010601000000
2026-09-26T08:42:40.868012+00:00,0x2A1,0100010601000000
2026-09-26T08:42:40.874943+00:00,0x2A1,0100010601000000
2026-09-26T08:42:40.878101+00:00,0x2A1,0100010601000000
2026-09-26T08:42:40.883287+00:00,0x2A1,0100010601000000
2026-09-26T08:42:40.887640+00:00,0x2A1,0100010601000000
2026-09-26T08:42:40.894257+00:00,0x2A1,0100010601000000
2026-09-26T08:42:40.898135+00:00,0x2A1,0100010601000000
2026-09-26T08:42:40.903242+00:00,0x2A1,0100010601000000
2026-09-26T08:42:40.907803+00:00,0x2A1,0100010601000000
2026-09-26T08:42:40.914695+00:00,0x2A1,0100010600000000
2026-09-26T08:42:40.918717+00:00,0x2A1,0100010600000000
2026-09-26T08:42:40.924223+00:00,0x2A1,0100010600000000
2026-09-26T08:42:40.927760+00:00,0x2A1,0100010600000000
2026-09-26T08:42:40.934329+00:00,0x2A1,0100010600000000
2026-09-26T08:42:40.937701+00:00,0x2A1,0100010600000000
2026-09-26T08:42:40.943637+00:00,0x2A1,0100010600000000
2026-09-26T08:42:40.947692+00:00,0x2A1,0100010600000000
2026-09-26T08:42:40.954320+00:00,0x2A1,0100010600000000
2026-09-26T08:42:40.957739+00:00,0x2A1,0100010600000000
2026-09-26T08:42:40.963245+00:00,0x2A1,0100010600000000
2026-09-26T08:42:40.968004+00:00,0x2A1,0100010600000000
2026-09-26T08:42:40.975200+00:00,0x2A1,0100010600000000
2026-09-26T08:42:40.978721+00:00,0x2A1,0100010600000000
2026-09-26T08:42:40.984156+00:00,0x2A1,0100010600000000
2026-09-26T08:42:40.986933+00:00,0x151,0101050000000000
2026-09-26T08:42:40.986973+00:00,0x155,00001F40FFFF8E50
2026-09-26T08:42:40.987672+00:00,0x156,FFFF1114FFFFADA5
2026-09-26T08:42:40.987812+00:00,0x157,0000800100002E01
2026-09-26T08:42:40.987883+00:00,0x170,FFFF960500000000
2026-09-26T08:42:40.987948+00:00,0x2A1,0100010600000000
2026-09-26T08:42:40.994847+00:00,0x2A1,0100010601000000
2026-09-26T08:42:40.997758+00:00,0x2A1,0100010601000000
2026-09-26T08:42:41.003716+00:00,0x2A1,0100010601000000
2026-09-26T08:42:41.007665+00:00,0x2A1,0100010601000000
2026-09-26T08:42:41.014643+00:00,0x2A1,0100010601000000
2026-09-26T08:42:41.017718+00:00,0x2A1,0100010601000000
2026-09-26T08:42:41.023246+00:00,0x2A1,0100010601000000
2026-09-26T08:42:41.028134+00:00,0x2A1,0100010601000000
2026-09-26T08:42:41.034912+00:00,0x2A1,0100010601000000
2026-09-26T08:42:41.039202+00:00,0x2A1,0100010601000000
2026-09-26T08:42:41.043351+00:00,0x2A1,0100010601000000
2026-09-26T08:42:41.048049+00:00,0x2A1,0100010601000000
2026-09-26T08:42:41.054246+00:00,0x2A1,0100010601000000
2026-09-26T08:42:41.057763+00:00,0x2A1,0100010601000000
2026-09-26T08:42:41.063162+00:00,0x2A1,0100010601000000
2026-09-26T08:42:41.067964+00:00,0x2A1,0100010601000000
2026-09-26T08:42:41.075008+00:00,0x2A1,0100010601000000
2026-09-26T08:42:41.078079+00:00,0x2A1,0100010601000000
2026-09-26T08:42:41.084193+00:00,0x2A1,0100010601000000
2026-09-26T08:42:41.088226+00:00,0x2A1,0100010601000000
2026-09-26T08:42:41.094805+00:00,0x2A1,0100010601000000
2026-09-26T08:42:41.097802+00:00,0x2A1,0100010601000000
2026-09-26T08:42:41.103245+00:00,0x2A1,0100010601000000
2026-09-26T08:42:41.107759+00:00,0x2A1,0100010601000000
2026-09-26T08:42:41.114257+00:00,0x2A1,0100010601000000
2026-09-26T08:42:41.117762+00:00,0x2A1,0100010601000000
2026-09-26T08:42:41.123640+00:00,0x2A1,0100010601000000
2026-09-26T08:42:41.127762+00:00,0x2A1,0100010601000000
2026-09-26T08:42:41.135145+00:00,0x2A1,0100010601000000
2026-09-26T08:42:41.138427+00:00,0x2A1,0100010601000000
2026-09-26T08:42:41.144017+00:00,0x2A1,0100010601000000
2026-09-26T08:42:41.147787+00:00,0x2A1,0100010601000000
2026-09-26T08:42:41.154049+00:00,0x2A1,0100010601000000
2026-09-26T08:42:41.157915+00:00,0x2A1,0100010601000000
2026-09-26T08:42:41.163405+00:00,0x2A1,0100010601000000
2026-09-26T08:42:41.167642+00:00,0x2A1,0100010601000000
2026-09-26T08:42:41.174160+00:00,0x2A1,0100010600000000
2026-09-26T08:42:41.177950+00:00,0x2A1,0100010600000000
2026-09-26T08:42:41.183294+00:00,0x2A1,0100010600000000
2026-09-26T08:42:41.188135+00:00,0x2A1,0100010600000000
2026-09-26T08:42:41.195429+00:00,0x2A1,0100010600000000
2026-09-26T08:42:41.198719+00:00,0x2A1,0100010600000000
2026-09-26T08:42:41.203330+00:00,0x2A1,0100010600000000
2026-09-26T08:42:41.207696+00:00,0x2A1,0100010600000000
2026-09-26T08:42:41.214293+00:00,0x2A1,0100010600000000
2026-09-26T08:42:41.217688+00:00,0x2A1,0100010600000000
2026-09-26T08:42:41.223293+00:00,0x2A1,0100010600000000
2026-09-26T08:42:41.227643+00:00,0x2A1,0100010600000000
2026-09-26T08:42:41.233902+00:00,0x2A1,0100010600000000
2026-09-26T08:42:41.237754+00:00,0x2A1,0100010600000000
2026-09-26T08:42:41.244001+00:00,0x2A1,0100010600000000
2026-09-26T08:42:41.247954+00:00,0x2A1,0100010600000000
2026-09-26T08:42:41.255402+00:00,0x2A1,0100010600000000
2026-09-26T08:42:41.258541+00:00,0x2A1,0100010600000000
2026-09-26T08:42:41.263587+00:00,0x2A1,0100010600000000
2026-09-26T08:42:41.267690+00:00,0x2A1,0100010600000000
2026-09-26T08:42:41.272854+00:00,0x2A1,0100010600000000
2026-09-26T08:42:41.277731+00:00,0x2A1,0100010600000000
2026-09-26T08:42:41.283693+00:00,0x2A1,0100010600000000
2026-09-26T08:42:41.287665+00:00,0x2A1,0100010600000000
2026-09-26T08:42:41.290012+00:00,0x151,0101050000000000
2026-09-26T08:42:41.290192+00:00,0x155,00001F3BFFFF8B0D
2026-09-26T08:42:41.290259+00:00,0x156,FFFF1142FFFFB4D3
2026-09-26T08:42:41.290321+00:00,0x157,0000871500002E01
2026-09-26T08:42:41.290951+00:00,0x170,FFFF960500000000
2026-09-26T08:42:41.293008+00:00,0x2A1,0100010600000000
2026-09-26T08:42:41.299136+00:00,0x2A1,0100010601000000
2026-09-26T08:42:41.303849+00:00,0x2A1,0100010601000000
2026-09-26T08:42:41.307642+00:00,0x2A1,0100010601000000
2026-09-26T08:42:41.312644+00:00,0x2A1,0100010601000000
2026-09-26T08:42:41.317806+00:00,0x2A1,0100010601000000
2026-09-26T08:42:41.323248+00:00,0x2A1,0100010601000000
2026-09-26T08:42:41.327644+00:00,0x2A1,0100010601000000
2026-09-26T08:42:41.332644+00:00,0x2A1,0100010601000000
2026-09-26T08:42:41.337644+00:00,0x2A1,0100010601000000
2026-09-26T08:42:41.343247+00:00,0x2A1,0100010601000000
2026-09-26T08:42:41.348205+00:00,0x2A1,0100010601000000
2026-09-26T08:42:41.352807+00:00,0x2A1,0100010601000000
2026-09-26T08:42:41.358668+00:00,0x2A1,0100010601000000
2026-09-26T08:42:41.363283+00:00,0x2A1,0100010601000000
2026-09-26T08:42:41.367788+00:00,0x2A1,0100010601000000
2026-09-26T08:42:41.372690+00:00,0x2A1,0100010601000000
2026-09-26T08:42:41.377645+00:00,0x2A1,0100010601000000
2026-09-26T08:42:41.383303+00:00,0x2A1,0100010601000000
2026-09-26T08:42:41.387807+00:00,0x2A1,0100010601000000
2026-09-26T08:42:41.392775+00:00,0x2A1,0100010601000000
2026-09-26T08:42:41.397914+00:00,0x2A1,0100010601000000
2026-09-26T08:42:41.403965+00:00,0x2A1,0100010601000000
2026-09-26T08:42:41.408094+00:00,0x2A1,0100010601000000
2026-09-26T08:42:41.413199+00:00,0x2A1,0100010601000000
2026-09-26T08:42:41.418292+00:00,0x2A1,0100010601000000
2026-09-26T08:42:41.423904+00:00,0x2A1,0100010601000000
2026-09-26T08:42:41.427797+00:00,0x2A1,0100010601000000
2026-09-26T08:42:41.432841+00:00,0x2A1,0100010601000000
2026-09-26T08:42:41.437907+00:00,0x2A1,0100010601000000
2026-09-26T08:42:41.443714+00:00,0x2A1,0100010601000000
2026-09-26T08:42:41.447702+00:00,0x2A1,0100010601000000
2026-09-26T08:42:41.453254+00:00,0x2A1,0100010601000000
2026-09-26T08:42:41.459093+00:00,0x2A1,0100010601000000
2026-09-26T08:42:41.463688+00:00,0x2A1,0100010601000000
2026-09-26T08:42:41.467704+00:00,0x2A1,0100010601000000
2026-09-26T08:42:41.472776+00:00,0x2A1,0100010601000000
2026-09-26T08:42:41.478414+00:00,0x2A1,0100010600000000
2026-09-26T08:42:41.483392+00:00,0x2A1,0100010600000000
2026-09-26T08:42:41.487699+00:00,0x2A1,0100010600000000
2026-09-26T08:42:41.492784+00:00,0x2A1,0100010600000000
2026-09-26T08:42:41.498285+00:00,0x2A1,0100010600000000
2026-09-26T08:42:41.503305+00:00,0x2A1,0100010600000000
2026-09-26T08:42:41.507895+00:00,0x2A1,0100010600000000
2026-09-26T08:42:41.513065+00:00,0x2A1,0100010600000000
2026-09-26T08:42:41.519546+00:00,0x2A1,0100010600000000
2026-09-26T08:42:41.523695+00:00,0x2A1,0100010600000000
2026-09-26T08:42:41.527695+00:00,0x2A1,0100010600000000
2026-09-26T08:42:41.532697+00:00,0x2A1,0100010600000000
2026-09-26T08:42:41.538494+00:00,0x2A1,0100010600000000
2026-09-26T08:42:41.543284+00:00,0x2A1,0100010600000000
2026-09-26T08:42:41.547670+00:00,0x2A1,0100010600000000
2026-09-26T08:42:41.552641+00:00,0x2A1,0100010600000000
2026-09-26T08:42:41.558646+00:00,0x2A1,0100010600000000
2026-09-26T08:42:41.563535+00:00,0x2A1,0100010600000000
2026-09-26T08:42:41.568009+00:00,0x2A1,0100010600000000
2026-09-26T08:42:41.573273+00:00,0x2A1,0100010600000000
2026-09-26T08:42:41.579179+00:00,0x2A1,0100010600000000
2026-09-26T08:42:41.583462+00:00,0x2A1,0100010600000000
2026-09-26T08:42:41.587718+00:00,0x2A1,0100010600000000
2026-09-26T08:42:41.592719+00:00,0x2A1,0100010600000000
2026-09-26T08:42:41.593735+00:00,0x151,0101050000000000
2026-09-26T08:42:41.593766+00:00,0x155,00001F3BFFFF868A
2026-09-26T08:42:41.593992+00:00,0x156,FFFF1142FFFFBCD9
2026-09-26T08:42:41.594021+00:00,0x157,00008B2900002E01
2026-09-26T08:42:41.594033+00:00,0x170,FFFF960500000000
2026-09-26T08:42:41.598966+00:00,0x2A1,0100010600000000
2026-09-26T08:42:41.603355+00:00,0x2A1,0100010600000000
2026-09-26T08:42:41.607668+00:00,0x2A1,0100010600000000
2026-09-26T08:42:41.612669+00:00,0x2A1,0100010600000000
2026-09-26T08:42:41.619916+00:00,0x2A1,0100010601000000
2026-09-26T08:42:41.624536+00:00,0x2A1,0100010601000000
2026-09-26T08:42:41.628010+00:00,0x2A1,0100010601000000
2026-09-26T08:42:41.632896+00:00,0x2A1,0100010601000000
2026-09-26T08:42:41.638897+00:00,0x2A1,0100010601000000
2026-09-26T08:42:41.643251+00:00,0x2A1,0100010601000000
2026-09-26T08:42:41.647648+00:00,0x2A1,0100010601000000
2026-09-26T08:42:41.652807+00:00,0x2A1,0100010601000000
2026-09-26T08:42:41.659162+00:00,0x2A1,0100010601000000
2026-09-26T08:42:41.663493+00:00,0x2A1,0100010601000000
2026-09-26T08:42:41.667896+00:00,0x2A1,0100010601000000
2026-09-26T08:42:41.673506+00:00,0x2A1,0100010601000000
2026-09-26T08:42:41.679781+00:00,0x2A1,0100010601000000
2026-09-26T08:42:41.683823+00:00,0x2A1,0100010601000000
2026-09-26T08:42:41.687650+00:00,0x2A1,0100010601000000
2026-09-26T08:42:41.692764+00:00,0x2A1,0100010601000000
2026-09-26T08:42:41.699219+00:00,0x2A1,0100010601000000
2026-09-26T08:42:41.703412+00:00,0x2A1,0100010601000000
2026-09-26T08:42:41.707672+00:00,0x2A1,0100010601000000
2026-09-26T08:42:41.712718+00:00,0x2A1,0100010601000000
2026-09-26T08:42:41.718756+00:00,0x2A1,0100010601000000
2026-09-26T08:42:41.724559+00:00,0x2A1,0100010601000000
2026-09-26T08:42:41.727897+00:00,0x2A1,0100010601000000
2026-09-26T08:42:41.733783+00:00,0x2A1,0100010601000000
2026-09-26T08:42:41.739732+00:00,0x2A1,0100010601000000
2026-09-26T08:42:41.743542+00:00,0x2A1,0100010601000000
2026-09-26T08:42:41.747770+00:00,0x2A1,0100010601000000
2026-09-26T08:42:41.752728+00:00,0x2A1,0100010601000000
2026-09-26T08:42:41.758694+00:00,0x2A1,0100010601000000
2026-09-26T08:42:41.763165+00:00,0x2A1,0100010601000000
2026-09-26T08:42:41.767737+00:00,0x2A1,0100010601000000
2026-09-26T08:42:41.772807+00:00,0x2A1,0100010601000000
2026-09-26T08:42:41.781081+00:00,0x2A1,0100010601000000
2026-09-26T08:42:41.786251+00:00,0x2A1,0100010601000000
2026-09-26T08:42:41.789302+00:00,0x2A1,0100010601000000
2026-09-26T08:42:41.792701+00:00,0x2A1,0100010601000000
2026-09-26T08:42:41.798721+00:00,0x2A1,0100010600000000
2026-09-26T08:42:41.803554+00:00,0x2A1,0100010600000000
2026-09-26T08:42:41.807677+00:00,0x2A1,0100010600000000
2026-09-26T08:42:41.812741+00:00,0x2A1,0100010600000000
2026-09-26T08:42:41.819022+00:00,0x2A1,0100010600000000
2026-09-26T08:42:41.823267+00:00,0x2A1,0100010600000000
2026-09-26T08:42:41.827683+00:00,0x2A1,0100010600000000
2026-09-26T08:42:41.833211+00:00,0x2A1,0100010600000000
2026-09-26T08:42:41.840280+00:00,0x2A1,0100010600000000
2026-09-26T08:42:41.844053+00:00,0x2A1,0100010600000000
2026-09-26T08:42:41.847673+00:00,0x2A1,0100010600000000
2026-09-26T08:42:41.852702+00:00,0x2A1,0100010600000000
2026-09-26T08:42:41.859228+00:00,0x2A1,0100010600000000
2026-09-26T08:42:41.863299+00:00,0x2A1,0100010600000000
2026-09-26T08:42:41.867763+00:00,0x2A1,0100010600000000
2026-09-26T08:42:41.872696+00:00,0x2A1,0100010600000000
2026-09-26T08:42:41.879264+00:00,0x2A1,0100010600000000
2026-09-26T08:42:41.884699+00:00,0x2A1,0100010600000000
2026-09-26T08:42:41.888024+00:00,0x2A1,0100010600000000
2026-09-26T08:42:41.893066+00:00,0x2A1,0100010600000000
2026-09-26T08:42:41.896304+00:00,0x151,0101050000000000
2026-09-26T08:42:41.896347+00:00,0x155,00001F47FFFF8175
2026-09-26T08:42:41.896425+00:00,0x156,FFFF1142FFFFC1C1
2026-09-26T08:42:41.897166+00:00,0x157,00008FBB00002E01
2026-09-26T08:42:41.897311+00:00,0x170,FFFF960500000000
2026-09-26T08:42:41.899656+00:00,0x2A1,0100010600000000
2026-09-26T08:42:41.903456+00:00,0x2A1,0100010600000000
2026-09-26T08:42:41.907673+00:00,0x2A1,0100010600000000
2026-09-26T08:42:41.912649+00:00,0x2A1,0100010600000000
2026-09-26T08:42:41.919455+00:00,0x2A1,0100010601000000
2026-09-26T08:42:41.923253+00:00,0x2A1,0100010601000000
2026-09-26T08:42:41.927649+00:00,0x2A1,0100010601000000
2026-09-26T08:42:41.932649+00:00,0x2A1,0100010601000000
2026-09-26T08:42:41.938291+00:00,0x2A1,0100010601000000
2026-09-26T08:42:41.944541+00:00,0x2A1,0100010601000000
2026-09-26T08:42:41.948769+00:00,0x2A1,0100010601000000
2026-09-26T08:42:41.952669+00:00,0x2A1,0100010601000000
2026-09-26T08:42:41.959254+00:00,0x2A1,0100010601000000
2026-09-26T08:42:41.963289+00:00,0x2A1,0100010601000000
2026-09-26T08:42:41.967778+00:00,0x2A1,0100010601000000
2026-09-26T08:42:41.972651+00:00,0x2A1,0100010601000000
2026-09-26T08:42:41.979211+00:00,0x2A1,0100010601000000
2026-09-26T08:42:41.983498+00:00,0x2A1,0100010601000000
2026-09-26T08:42:41.987671+00:00,0x2A1,0100010601000000
2026-09-26T08:42:41.992952+00:00,0x2A1,0100010601000000
2026-09-26T08:42:42.000015+00:00,0x2A1,0100010601000000
2026-09-26T08:42:42.004186+00:00,0x2A1,0100010601000000
2026-09-26T08:42:42.007823+00:00,0x2A1,0100010601000000
2026-09-26T08:42:42.012783+00:00,0x2A1,0100010601000000
2026-09-26T08:42:42.019909+00:00,0x2A1,0100010600000000
2026-09-26T08:42:42.023597+00:00,0x2A1,0100010600000000
2026-09-26T08:42:42.027649+00:00,0x2A1,0100010600000000
2026-09-26T08:42:42.032738+00:00,0x2A1,0100010600000000
2026-09-26T08:42:42.039551+00:00,0x2A1,0100010600000000
2026-09-26T08:42:42.043251+00:00,0x2A1,0100010600000000
2026-09-26T08:42:42.048016+00:00,0x2A1,0100010600000000
2026-09-26T08:42:42.053457+00:00,0x2A1,0100010600000000
2026-09-26T08:42:42.060077+00:00,0x2A1,0100010600000000
2026-09-26T08:42:42.063710+00:00,0x2A1,0100010600000000
2026-09-26T08:42:42.067697+00:00,0x2A1,0100010600000000
2026-09-26T08:42:42.072717+00:00,0x2A1,0100010600000000
2026-09-26T08:42:42.079065+00:00,0x2A1,0100010600000000
2026-09-26T08:42:42.083163+00:00,0x2A1,0100010600000000
2026-09-26T08:42:42.087781+00:00,0x2A1,0100010600000000
2026-09-26T08:42:42.092757+00:00,0x2A1,0100010600000000
2026-09-26T08:42:42.099253+00:00,0x151,0101050000000000
2026-09-26T08:42:42.099316+00:00,0x155,00001F71FFFF78C8
2026-09-26T08:42:42.099506+00:00,0x2A1,0100010600000000
2026-09-26T08:42:42.099530+00:00,0x156,FFFF1142FFFFC06D
2026-09-26T08:42:42.099714+00:00,0x157,0000900B00002E01
2026-09-26T08:42:42.099737+00:00,0x170,FFFF960500000000
2026-09-26T08:42:42.103940+00:00,0x2A1,0100010600000000
2026-09-26T08:42:42.108454+00:00,0x2A1,0100010600000000
2026-09-26T08:42:42.112675+00:00,0x2A1,0100010600000000
2026-09-26T08:42:42.119293+00:00,0x2A1,0100010601000000
2026-09-26T08:42:42.123458+00:00,0x2A1,0100010601000000
2026-09-26T08:42:42.127728+00:00,0x2A1,0100010601000000
2026-09-26T08:42:42.132595+00:00,0x2A1,0100010601000000
2026-09-26T08:42:42.139124+00:00,0x2A1,0100010601000000
2026-09-26T08:42:42.143453+00:00,0x2A1,0100010601000000
2026-09-26T08:42:42.147696+00:00,0x2A1,0100010601000000
2026-09-26T08:42:42.153188+00:00,0x2A1,0100010601000000
2026-09-26T08:42:42.158100+00:00,0x2A1,0100010601000000
2026-09-26T08:42:42.165269+00:00,0x2A1,0100010601000000
2026-09-26T08:42:42.168212+00:00,0x2A1,0100010601000000
2026-09-26T08:42:42.172652+00:00,0x2A1,0100010601000000
2026-09-26T08:42:42.179738+00:00,0x2A1,0100010601000000
2026-09-26T08:42:42.183289+00:00,0x2A1,0100010601000000
2026-09-26T08:42:42.187784+00:00,0x2A1,0100010601000000
2026-09-26T08:42:42.192655+00:00,0x2A1,0100010601000000
2026-09-26T08:42:42.197699+00:00,0x2A1,0100010601000000
2026-09-26T08:42:42.203299+00:00,0x2A1,0100010601000000
2026-09-26T08:42:42.208793+00:00,0x2A1,0100010601000000
2026-09-26T08:42:42.213608+00:00,0x2A1,0100010601000000
2026-09-26T08:42:42.220349+00:00,0x2A1,0100010601000000
2026-09-26T08:42:42.224048+00:00,0x2A1,0100010601000000
2026-09-26T08:42:42.227654+00:00,0x2A1,0100010601000000
2026-09-26T08:42:42.232728+00:00,0x2A1,0100010601000000
2026-09-26T08:42:42.239152+00:00,0x2A1,0100010601000000
2026-09-26T08:42:42.243462+00:00,0x2A1,0100010601000000
2026-09-26T08:42:42.247899+00:00,0x2A1,0100010601000000
2026-09-26T08:42:42.252652+00:00,0x2A1,0100010601000000
2026-09-26T08:42:42.258727+00:00,0x2A1,0100010601000000
2026-09-26T08:42:42.264453+00:00,0x2A1,0100010601000000
2026-09-26T08:42:42.268723+00:00,0x2A1,0100010601000000
2026-09-26T08:42:42.272919+00:00,0x2A1,0100010601000000
2026-09-26T08:42:42.280467+00:00,0x2A1,0100010601000000
2026-09-26T08:42:42.284164+00:00,0x2A1,0100010601000000
2026-09-26T08:42:42.287686+00:00,0x2A1,0100010601000000
2026-09-26T08:42:42.292772+00:00,0x2A1,0100010601000000
2026-09-26T08:42:42.297899+00:00,0x2A1,0100010601000000
2026-09-26T08:42:42.303458+00:00,0x2A1,0100010601000000
2026-09-26T08:42:42.307674+00:00,0x2A1,0100010601000000
2026-09-26T08:42:42.313241+00:00,0x2A1,0100010601000000
2026-09-26T08:42:42.318096+00:00,0x2A1,0100010601000000
2026-09-26T08:42:42.324165+00:00,0x2A1,0100010601000000
2026-09-26T08:42:42.328946+00:00,0x2A1,0100010601000000
2026-09-26T08:42:42.332810+00:00,0x2A1,0100010601000000
2026-09-26T08:42:42.338012+00:00,0x2A1,0100010601000000
2026-09-26T08:42:42.343538+00:00,0x2A1,0100010600000000
2026-09-26T08:42:42.347659+00:00,0x2A1,0100010600000000
2026-09-26T08:42:42.352654+00:00,0x2A1,0100010600000000
2026-09-26T08:42:42.357678+00:00,0x2A1,0100010600000000
2026-09-26T08:42:42.363257+00:00,0x2A1,0100010600000000
2026-09-26T08:42:42.367677+00:00,0x2A1,0100010600000000
2026-09-26T08:42:42.372798+00:00,0x2A1,0100010600000000
2026-09-26T08:42:42.378779+00:00,0x2A1,0100010600000000
2026-09-26T08:42:42.384679+00:00,0x2A1,0100010600000000
2026-09-26T08:42:42.387674+00:00,0x2A1,0100010600000000
2026-09-26T08:42:42.392757+00:00,0x2A1,0100010600000000
2026-09-26T08:42:42.397737+00:00,0x2A1,0100010600000000
2026-09-26T08:42:42.402306+00:00,0x151,0101050000000000
2026-09-26T08:42:42.402458+00:00,0x155,00001F9DFFFF724D
2026-09-26T08:42:42.402563+00:00,0x156,FFFF1142FFFFB93B
2026-09-26T08:42:42.402722+00:00,0x157,0000900B00002E01
2026-09-26T08:42:42.403225+00:00,0x170,FFFF960500000000
2026-09-26T08:42:42.403665+00:00,0x2A1,0100010600000000
2026-09-26T08:42:42.408170+00:00,0x2A1,0100010600000000
2026-09-26T08:42:42.412674+00:00,0x2A1,0100010600000000
2026-09-26T08:42:42.419814+00:00,0x2A1,0100010600000000
2026-09-26T08:42:42.423652+00:00,0x2A1,0100010601000000
2026-09-26T08:42:42.428340+00:00,0x2A1,0100010601000000
2026-09-26T08:42:42.432816+00:00,0x2A1,0100010601000000
2026-09-26T08:42:42.438017+00:00,0x2A1,0100010601000000
2026-09-26T08:42:42.443522+00:00,0x2A1,0100010601000000
2026-09-26T08:42:42.447654+00:00,0x2A1,0100010601000000
2026-09-26T08:42:42.452665+00:00,0x2A1,0100010601000000
2026-09-26T08:42:42.458504+00:00,0x2A1,0100010601000000
2026-09-26T08:42:42.463364+00:00,0x2A1,0100010601000000
2026-09-26T08:42:42.467598+00:00,0x2A1,0100010601000000
2026-09-26T08:42:42.472653+00:00,0x2A1,0100010601000000
2026-09-26T08:42:42.478608+00:00,0x2A1,0100010601000000
2026-09-26T08:42:42.484486+00:00,0x2A1,0100010601000000
2026-09-26T08:42:42.488867+00:00,0x2A1,0100010601000000
2026-09-26T08:42:42.493025+00:00,0x2A1,0100010601000000
2026-09-26T08:42:42.497741+00:00,0x2A1,0100010601000000
2026-09-26T08:42:42.504117+00:00,0x2A1,0100010601000000
2026-09-26T08:42:42.507725+00:00,0x2A1,0100010601000000
2026-09-26T08:42:42.512764+00:00,0x2A1,0100010601000000
2026-09-26T08:42:42.517602+00:00,0x2A1,0100010601000000
2026-09-26T08:42:42.524227+00:00,0x2A1,0100010601000000
2026-09-26T08:42:42.527784+00:00,0x2A1,0100010601000000
2026-09-26T08:42:42.532901+00:00,0x2A1,0100010601000000
2026-09-26T08:42:42.538158+00:00,0x2A1,0100010601000000
2026-09-26T08:42:42.546303+00:00,0x2A1,0100010601000000
2026-09-26T08:42:42.549476+00:00,0x2A1,0100010601000000
2026-09-26T08:42:42.552708+00:00,0x2A1,0100010601000000
2026-09-26T08:42:42.557600+00:00,0x2A1,0100010601000000
2026-09-26T08:42:42.563984+00:00,0x2A1,0100010601000000
2026-09-26T08:42:42.567715+00:00,0x2A1,0100010601000000
2026-09-26T08:42:42.572829+00:00,0x2A1,0100010601000000
2026-09-26T08:42:42.577713+00:00,0x2A1,0100010601000000
2026-09-26T08:42:42.584114+00:00,0x2A1,0100010601000000
2026-09-26T08:42:42.587682+00:00,0x2A1,0100010601000000
2026-09-26T08:42:42.593018+00:00,0x2A1,0100010601000000
2026-09-26T08:42:42.597925+00:00,0x2A1,0100010601000000
2026-09-26T08:42:42.604952+00:00,0x2A1,0100010600000000
2026-09-26T08:42:42.607975+00:00,0x2A1,0100010600000000
2026-09-26T08:42:42.612751+00:00,0x2A1,0100010600000000
2026-09-26T08:42:42.617756+00:00,0x2A1,0100010600000000
2026-09-26T08:42:42.624121+00:00,0x2A1,0100010600000000
2026-09-26T08:42:42.628167+00:00,0x2A1,0100010600000000
2026-09-26T08:42:42.632904+00:00,0x2A1,0100010600000000
2026-09-26T08:42:42.637903+00:00,0x2A1,0100010600000000
2026-09-26T08:42:42.648962+00:00,0x2A1,0100010600000000
2026-09-26T08:42:42.653005+00:00,0x2A1,0100010600000000
2026-09-26T08:42:42.657933+00:00,0x2A1,0100010600000000
2026-09-26T08:42:42.662409+00:00,0x2A1,0100010600000000
2026-09-26T08:42:42.668703+00:00,0x2A1,0100010600000000
2026-09-26T08:42:42.672302+00:00,0x2A1,0100010600000000
2026-09-26T08:42:42.675459+00:00,0x2A1,0100010600000000
2026-09-26T08:42:42.678687+00:00,0x2A1,0100010600000000
2026-09-26T08:42:42.685148+00:00,0x2A1,0100010600000000
2026-09-26T08:42:42.688394+00:00,0x2A1,0100010600000000
2026-09-26T08:42:42.692654+00:00,0x2A1,0100010600000000
2026-09-26T08:42:42.697725+00:00,0x2A1,0100010600000000
2026-09-26T08:42:42.704977+00:00,0x151,0101050000000000
2026-09-26T08:42:42.705329+00:00,0x155,00001F9FFFFF6EDE
2026-09-26T08:42:42.705641+00:00,0x2A1,0100010600000000
2026-09-26T08:42:42.705812+00:00,0x156,FFFF1142FFFFAF9C
2026-09-26T08:42:42.705894+00:00,0x157,0000900B00002E01
2026-09-26T08:42:42.706031+00:00,0x170,FFFF960500000000
2026-09-26T08:42:42.709149+00:00,0x2A1,0100010600000000
2026-09-26T08:42:42.712925+00:00,0x2A1,0100010600000000
2026-09-26T08:42:42.717656+00:00,0x2A1,0100010600000000
2026-09-26T08:42:42.724776+00:00,0x2A1,0100010601000000
2026-09-26T08:42:42.727666+00:00,0x2A1,0100010601000000
2026-09-26T08:42:42.732885+00:00,0x2A1,0100010601000000
2026-09-26T08:42:42.737788+00:00,0x2A1,0100010601000000
2026-09-26T08:42:42.744818+00:00,0x2A1,0100010601000000
2026-09-26T08:42:42.747658+00:00,0x2A1,0100010601000000
2026-09-26T08:42:42.752548+00:00,0x2A1,0100010601000000
2026-09-26T08:42:42.757977+00:00,0x2A1,0100010601000000
2026-09-26T08:42:42.764905+00:00,0x2A1,0100010601000000
2026-09-26T08:42:42.768906+00:00,0x2A1,0100010601000000
2026-09-26T08:42:42.773129+00:00,0x2A1,0100010601000000
2026-09-26T08:42:42.777968+00:00,0x2A1,0100010601000000
2026-09-26T08:42:42.784373+00:00,0x2A1,0100010601000000
2026-09-26T08:42:42.787841+00:00,0x2A1,0100010601000000
2026-09-26T08:42:42.792781+00:00,0x2A1,0100010601000000
2026-09-26T08:42:42.797655+00:00,0x2A1,0100010601000000
2026-09-26T08:42:42.804676+00:00,0x2A1,0100010601000000
2026-09-26T08:42:42.807857+00:00,0x2A1,0100010601000000
2026-09-26T08:42:42.812674+00:00,0x2A1,0100010601000000
2026-09-26T08:42:42.817858+00:00,0x2A1,0100010601000000
2026-09-26T08:42:42.824923+00:00,0x2A1,0100010601000000
2026-09-26T08:42:42.828365+00:00,0x2A1,0100010601000000
2026-09-26T08:42:42.832746+00:00,0x2A1,0100010601000000
2026-09-26T08:42:42.837657+00:00,0x2A1,0100010601000000
2026-09-26T08:42:42.844506+00:00,0x2A1,0100010601000000
2026-09-26T08:42:42.847687+00:00,0x2A1,0100010601000000
2026-09-26T08:42:42.852598+00:00,0x2A1,0100010601000000
2026-09-26T08:42:42.857599+00:00,0x2A1,0100010601000000
2026-09-26T08:42:42.865173+00:00,0x2A1,0100010601000000
2026-09-26T08:42:42.868654+00:00,0x2A1,0100010601000000
2026-09-26T08:42:42.873456+00:00,0x2A1,0100010601000000
2026-09-26T08:42:42.878499+00:00,0x2A1,0100010601000000
2026-09-26T08:42:42.885128+00:00,0x2A1,0100010601000000
2026-09-26T08:42:42.888106+00:00,0x2A1,0100010601000000
2026-09-26T08:42:42.892657+00:00,0x2A1,0100010601000000
2026-09-26T08:42:42.897708+00:00,0x2A1,0100010601000000
2026-09-26T08:42:42.904974+00:00,0x2A1,0100010601000000
2026-09-26T08:42:42.908029+00:00,0x2A1,0100010601000000
2026-09-26T08:42:42.912710+00:00,0x2A1,0100010601000000
2026-09-26T08:42:42.917717+00:00,0x2A1,0100010601000000
2026-09-26T08:42:42.925871+00:00,0x2A1,0100010601000000
2026-09-26T08:42:42.929079+00:00,0x2A1,0100010601000000
2026-09-26T08:42:42.933170+00:00,0x2A1,0100010601000000
2026-09-26T08:42:42.937729+00:00,0x2A1,0100010601000000
2026-09-26T08:42:42.945172+00:00,0x2A1,0100010601000000
2026-09-26T08:42:42.948064+00:00,0x2A1,0100010601000000
2026-09-26T08:42:42.952734+00:00,0x2A1,0100010601000000
2026-09-26T08:42:42.957550+00:00,0x2A1,0100010601000000
2026-09-26T08:42:42.965172+00:00,0x2A1,0100010600000000
2026-09-26T08:42:42.968218+00:00,0x2A1,0100010600000000
2026-09-26T08:42:42.972790+00:00,0x2A1,0100010600000000
2026-09-26T08:42:42.978202+00:00,0x2A1,0100010600000000
2026-09-26T08:42:42.985471+00:00,0x2A1,0100010600000000
2026-09-26T08:42:42.988863+00:00,0x2A1,0100010600000000
2026-09-26T08:42:42.992734+00:00,0x2A1,0100010600000000
2026-09-26T08:42:42.997724+00:00,0x2A1,0100010600000000
2026-09-26T08:42:43.005282+00:00,0x2A1,0100010600000000
2026-09-26T08:42:43.008504+00:00,0x2A1,0100010600000000
2026-09-26T08:42:43.012682+00:00,0x2A1,0100010600000000
2026-09-26T08:42:43.017607+00:00,0x2A1,0100010600000000
2026-09-26T08:42:43.024988+00:00,0x2A1,0100010600000000
2026-09-26T08:42:43.027927+00:00,0x2A1,0100010600000000
2026-09-26T08:42:43.033492+00:00,0x2A1,0100010600000000
2026-09-26T08:42:43.039036+00:00,0x2A1,0100010600000000
2026-09-26T08:42:43.045040+00:00,0x2A1,0100010600000000
2026-09-26T08:42:43.048018+00:00,0x2A1,0100010600000000
2026-09-26T08:42:43.052872+00:00,0x2A1,0100010600000000
2026-09-26T08:42:43.057709+00:00,0x2A1,0100010600000000
2026-09-26T08:42:43.058726+00:00,0x151,0101050000000000
2026-09-26T08:42:43.058763+00:00,0x155,00001FA1FFFF6B6F
2026-09-26T08:42:43.058900+00:00,0x156,FFFF1142FFFFA5FD
2026-09-26T08:42:43.058923+00:00,0x157,0000900B00002E01
2026-09-26T08:42:43.059039+00:00,0x170,FFFF960500000000
2026-09-26T08:42:43.065425+00:00,0x2A1,0100010601000000
2026-09-26T08:42:43.068421+00:00,0x2A1,0100010601000000
2026-09-26T08:42:43.072972+00:00,0x2A1,0100010601000000
2026-09-26T08:42:43.077684+00:00,0x2A1,0100010601000000
2026-09-26T08:42:43.086484+00:00,0x2A1,0100010601000000
2026-09-26T08:42:43.089928+00:00,0x2A1,0100010601000000
2026-09-26T08:42:43.093658+00:00,0x2A1,0100010601000000
2026-09-26T08:42:43.097682+00:00,0x2A1,0100010601000000
2026-09-26T08:42:43.105109+00:00,0x2A1,0100010601000000
2026-09-26T08:42:43.108085+00:00,0x2A1,0100010601000000
2026-09-26T08:42:43.112669+00:00,0x2A1,0100010601000000
2026-09-26T08:42:43.117551+00:00,0x2A1,0100010601000000
2026-09-26T08:42:43.124864+00:00,0x2A1,0100010601000000
2026-09-26T08:42:43.128464+00:00,0x2A1,0100010601000000
2026-09-26T08:42:43.132681+00:00,0x2A1,0100010601000000
2026-09-26T08:42:43.137980+00:00,0x2A1,0100010601000000
2026-09-26T08:42:43.146388+00:00,0x2A1,0100010601000000
2026-09-26T08:42:43.150172+00:00,0x2A1,0100010601000000
2026-09-26T08:42:43.153177+00:00,0x2A1,0100010601000000
2026-09-26T08:42:43.157667+00:00,0x2A1,0100010601000000
2026-09-26T08:42:43.166241+00:00,0x2A1,0100010601000000
2026-09-26T08:42:43.169065+00:00,0x2A1,0100010601000000
2026-09-26T08:42:43.172733+00:00,0x2A1,0100010601000000
2026-09-26T08:42:43.177736+00:00,0x2A1,0100010601000000
2026-09-26T08:42:43.183347+00:00,0x2A1,0100010601000000
2026-09-26T08:42:43.188919+00:00,0x2A1,0100010601000000
2026-09-26T08:42:43.193207+00:00,0x2A1,0100010601000000
2026-09-26T08:42:43.198232+00:00,0x2A1,0100010601000000
2026-09-26T08:42:43.203447+00:00,0x2A1,0100010601000000
2026-09-26T08:42:43.208114+00:00,0x2A1,0100010601000000
2026-09-26T08:42:43.212827+00:00,0x2A1,0100010601000000
2026-09-26T08:42:43.217768+00:00,0x2A1,0100010601000000
2026-09-26T08:42:43.223387+00:00,0x2A1,0100010601000000
2026-09-26T08:42:43.227985+00:00,0x2A1,0100010601000000
2026-09-26T08:42:43.232688+00:00,0x2A1,0100010601000000
2026-09-26T08:42:43.237602+00:00,0x2A1,0100010601000000
2026-09-26T08:42:43.244730+00:00,0x2A1,0100010601000000
2026-09-26T08:42:43.249744+00:00,0x2A1,0100010601000000
2026-09-26T08:42:43.252980+00:00,0x2A1,0100010601000000
2026-09-26T08:42:43.257822+00:00,0x2A1,0100010601000000
2026-09-26T08:42:43.263264+00:00,0x2A1,0100010601000000
2026-09-26T08:42:43.267866+00:00,0x2A1,0100010601000000
2026-09-26T08:42:43.272685+00:00,0x2A1,0100010601000000
2026-09-26T08:42:43.277733+00:00,0x2A1,0100010601000000
2026-09-26T08:42:43.283552+00:00,0x2A1,0100010601000000
2026-09-26T08:42:43.288107+00:00,0x2A1,0100010601000000
2026-09-26T08:42:43.292684+00:00,0x2A1,0100010601000000
2026-09-26T08:42:43.298028+00:00,0x2A1,0100010601000000
2026-09-26T08:42:43.304077+00:00,0x2A1,0100010601000000
2026-09-26T08:42:43.309312+00:00,0x2A1,0100010601000000
2026-09-26T08:42:43.312737+00:00,0x2A1,0100010601000000
2026-09-26T08:42:43.317751+00:00,0x2A1,0100010601000000
2026-09-26T08:42:43.323309+00:00,0x2A1,0100010601000000
2026-09-26T08:42:43.327553+00:00,0x2A1,0100010600000000
2026-09-26T08:42:43.332683+00:00,0x2A1,0100010600000000
2026-09-26T08:42:43.337552+00:00,0x2A1,0100010600000000
2026-09-26T08:42:43.343221+00:00,0x2A1,0100010600000000
2026-09-26T08:42:43.347780+00:00,0x2A1,0100010600000000
2026-09-26T08:42:43.353195+00:00,0x2A1,0100010600000000
2026-09-26T08:42:43.358025+00:00,0x2A1,0100010600000000
2026-09-26T08:42:43.363663+00:00,0x2A1,0100010600000000
2026-09-26T08:42:43.368265+00:00,0x2A1,0100010600000000
2026-09-26T08:42:43.372685+00:00,0x2A1,0100010600000000
2026-09-26T08:42:43.377773+00:00,0x2A1,0100010600000000
2026-09-26T08:42:43.383472+00:00,0x2A1,0100010600000000
2026-09-26T08:42:43.388115+00:00,0x2A1,0100010600000000
2026-09-26T08:42:43.392716+00:00,0x2A1,0100010600000000
2026-09-26T08:42:43.397716+00:00,0x2A1,0100010600000000
2026-09-26T08:42:43.404022+00:00,0x2A1,0100010600000000
2026-09-26T08:42:43.409348+00:00,0x2A1,0100010600000000
2026-09-26T08:42:43.411250+00:00,0x151,0101050000000000
2026-09-26T08:42:43.411320+00:00,0x155,00001FB2FFFF6AE6
2026-09-26T08:42:43.411390+00:00,0x156,FFFF113CFFFF9E49
2026-09-26T08:42:43.411575+00:00,0x157,0000900600002E01
2026-09-26T08:42:43.411664+00:00,0x170,FFFF960500000000
2026-09-26T08:42:43.413334+00:00,0x2A1,0100010600000000
2026-09-26T08:42:43.417660+00:00,0x2A1,0100010600000000
2026-09-26T08:42:43.423890+00:00,0x2A1,0100010600000000
2026-09-26T08:42:43.428421+00:00,0x2A1,0100010601000000
2026-09-26T08:42:43.432686+00:00,0x2A1,0100010601000000
2026-09-26T08:42:43.437554+00:00,0x2A1,0100010601000000
2026-09-26T08:42:43.443379+00:00,0x2A1,0100010601000000
2026-09-26T08:42:43.448025+00:00,0x2A1,0100010601000000
2026-09-26T08:42:43.453556+00:00,0x2A1,0100010601000000
2026-09-26T08:42:43.458401+00:00,0x2A1,0100010601000000
2026-09-26T08:42:43.463891+00:00,0x2A1,0100010601000000
2026-09-26T08:42:43.468426+00:00,0x2A1,0100010601000000
2026-09-26T08:42:43.472553+00:00,0x2A1,0100010601000000
2026-09-26T08:42:43.477553+00:00,0x2A1,0100010601000000
2026-09-26T08:42:43.483397+00:00,0x2A1,0100010601000000
2026-09-26T08:42:43.487983+00:00,0x2A1,0100010601000000
2026-09-26T08:42:43.492771+00:00,0x2A1,0100010601000000
2026-09-26T08:42:43.497602+00:00,0x2A1,0100010601000000
2026-09-26T08:42:43.503265+00:00,0x2A1,0100010601000000
2026-09-26T08:42:43.508663+00:00,0x2A1,0100010601000000
2026-09-26T08:42:43.512983+00:00,0x2A1,0100010601000000
2026-09-26T08:42:43.518271+00:00,0x2A1,0100010601000000
2026-09-26T08:42:43.523236+00:00,0x2A1,0100010601000000
2026-09-26T08:42:43.528023+00:00,0x2A1,0100010601000000
2026-09-26T08:42:43.532632+00:00,0x2A1,0100010601000000
2026-09-26T08:42:43.537752+00:00,0x2A1,0100010601000000
2026-09-26T08:42:43.543133+00:00,0x2A1,0100010601000000
2026-09-26T08:42:43.548069+00:00,0x2A1,0100010601000000
2026-09-26T08:42:43.552580+00:00,0x2A1,0100010601000000
2026-09-26T08:42:43.557690+00:00,0x2A1,0100010601000000
2026-09-26T08:42:43.563879+00:00,0x2A1,0100010601000000
2026-09-26T08:42:43.569124+00:00,0x2A1,0100010601000000
2026-09-26T08:42:43.572954+00:00,0x2A1,0100010601000000
2026-09-26T08:42:43.577662+00:00,0x2A1,0100010601000000
2026-09-26T08:42:43.583567+00:00,0x2A1,0100010601000000
2026-09-26T08:42:43.588511+00:00,0x2A1,0100010601000000
2026-09-26T08:42:43.592556+00:00,0x2A1,0100010601000000
2026-09-26T08:42:43.597626+00:00,0x2A1,0100010601000000
2026-09-26T08:42:43.603315+00:00,0x2A1,0100010601000000
2026-09-26T08:42:43.608736+00:00,0x2A1,0100010601000000
2026-09-26T08:42:43.612609+00:00,0x2A1,0100010601000000
2026-09-26T08:42:43.618294+00:00,0x2A1,0100010601000000
2026-09-26T08:42:43.624725+00:00,0x2A1,0100010601000000
2026-09-26T08:42:43.629713+00:00,0x2A1,0100010600000000
2026-09-26T08:42:43.632736+00:00,0x2A1,0100010600000000
2026-09-26T08:42:43.637869+00:00,0x2A1,0100010600000000
2026-09-26T08:42:43.643310+00:00,0x2A1,0100010600000000
2026-09-26T08:42:43.648739+00:00,0x2A1,0100010600000000
2026-09-26T08:42:43.652689+00:00,0x2A1,0100010600000000
2026-09-26T08:42:43.657688+00:00,0x2A1,0100010600000000
2026-09-26T08:42:43.663221+00:00,0x2A1,0100010600000000
2026-09-26T08:42:43.668933+00:00,0x2A1,0100010600000000
2026-09-26T08:42:43.672955+00:00,0x2A1,0100010600000000
2026-09-26T08:42:43.678257+00:00,0x2A1,0100010600000000
2026-09-26T08:42:43.683917+00:00,0x2A1,0100010600000000
2026-09-26T08:42:43.688933+00:00,0x2A1,0100010600000000
2026-09-26T08:42:43.692674+00:00,0x2A1,0100010600000000
2026-09-26T08:42:43.697838+00:00,0x2A1,0100010600000000
2026-09-26T08:42:43.703404+00:00,0x2A1,0100010600000000
2026-09-26T08:42:43.708876+00:00,0x2A1,0100010600000000
2026-09-26T08:42:43.712795+00:00,0x2A1,0100010600000000
2026-09-26T08:42:43.714230+00:00,0x151,0101050000000000
2026-09-26T08:42:43.714398+00:00,0x155,00001FC3FFFF6A5C
2026-09-26T08:42:43.714530+00:00,0x156,FFFF1136FFFF9695
2026-09-26T08:42:43.714662+00:00,0x157,0000900100002E01
2026-09-26T08:42:43.714740+00:00,0x170,FFFF960500000000
2026-09-26T08:42:43.717740+00:00,0x2A1,0100010600000000
2026-09-26T08:42:43.723429+00:00,0x2A1,0100010600000000
2026-09-26T08:42:43.730953+00:00,0x2A1,0100010601000000
2026-09-26T08:42:43.734180+00:00,0x2A1,0100010601000000
2026-09-26T08:42:43.738179+00:00,0x2A1,0100010601000000
2026-09-26T08:42:43.743512+00:00,0x2A1,0100010601000000
2026-09-26T08:42:43.749181+00:00,0x2A1,0100010601000000
2026-09-26T08:42:43.752555+00:00,0x2A1,0100010601000000
2026-09-26T08:42:43.757838+00:00,0x2A1,0100010601000000
2026-09-26T08:42:43.763133+00:00,0x2A1,0100010601000000
2026-09-26T08:42:43.768824+00:00,0x2A1,0100010601000000
2026-09-26T08:42:43.772695+00:00,0x2A1,0100010601000000
2026-09-26T08:42:43.777784+00:00,0x2A1,0100010601000000
2026-09-26T08:42:43.783870+00:00,0x2A1,0100010601000000
2026-09-26T08:42:43.789870+00:00,0x2A1,0100010601000000
2026-09-26T08:42:43.793302+00:00,0x2A1,0100010601000000
2026-09-26T08:42:43.797662+00:00,0x2A1,0100010601000000
2026-09-26T08:42:43.803428+00:00,0x2A1,0100010601000000
2026-09-26T08:42:43.809172+00:00,0x2A1,0100010601000000
2026-09-26T08:42:43.812696+00:00,0x2A1,0100010601000000
2026-09-26T08:42:43.817611+00:00,0x2A1,0100010601000000
2026-09-26T08:42:43.823524+00:00,0x2A1,0100010601000000
2026-09-26T08:42:43.829105+00:00,0x2A1,0100010601000000
2026-09-26T08:42:43.832664+00:00,0x2A1,0100010601000000
2026-09-26T08:42:43.837938+00:00,0x2A1,0100010601000000
2026-09-26T08:42:43.843934+00:00,0x2A1,0100010601000000
2026-09-26T08:42:43.849967+00:00,0x2A1,0100010601000000
2026-09-26T08:42:43.852932+00:00,0x2A1,0100010601000000
2026-09-26T08:42:43.857741+00:00,0x2A1,0100010601000000
2026-09-26T08:42:43.863470+00:00,0x2A1,0100010601000000
2026-09-26T08:42:43.868870+00:00,0x2A1,0100010601000000
2026-09-26T08:42:43.872675+00:00,0x2A1,0100010601000000
2026-09-26T08:42:43.877872+00:00,0x2A1,0100010601000000
2026-09-26T08:42:43.883471+00:00,0x2A1,0100010601000000
2026-09-26T08:42:43.889072+00:00,0x2A1,0100010601000000
2026-09-26T08:42:43.893447+00:00,0x2A1,0100010601000000
2026-09-26T08:42:43.898448+00:00,0x2A1,0100010601000000
2026-09-26T08:42:43.904351+00:00,0x2A1,0100010601000000
2026-09-26T08:42:43.909326+00:00,0x2A1,0100010600000000
2026-09-26T08:42:43.912827+00:00,0x2A1,0100010600000000
2026-09-26T08:42:43.917665+00:00,0x2A1,0100010600000000
2026-09-26T08:42:43.923352+00:00,0x2A1,0100010600000000
2026-09-26T08:42:43.929137+00:00,0x2A1,0100010600000000
2026-09-26T08:42:43.932664+00:00,0x2A1,0100010600000000
2026-09-26T08:42:43.937557+00:00,0x2A1,0100010600000000
2026-09-26T08:42:43.943180+00:00,0x2A1,0100010600000000
2026-09-26T08:42:43.950267+00:00,0x2A1,0100010600000000
2026-09-26T08:42:43.953896+00:00,0x2A1,0100010600000000
2026-09-26T08:42:43.957741+00:00,0x2A1,0100010600000000
2026-09-26T08:42:43.963375+00:00,0x2A1,0100010600000000
2026-09-26T08:42:43.969184+00:00,0x2A1,0100010600000000
2026-09-26T08:42:43.972688+00:00,0x2A1,0100010600000000
2026-09-26T08:42:43.977760+00:00,0x2A1,0100010600000000
2026-09-26T08:42:43.983478+00:00,0x2A1,0100010600000000
2026-09-26T08:42:43.989614+00:00,0x2A1,0100010600000000
2026-09-26T08:42:43.992742+00:00,0x2A1,0100010600000000
2026-09-26T08:42:43.997964+00:00,0x2A1,0100010600000000
2026-09-26T08:42:44.004165+00:00,0x2A1,0100010600000000
2026-09-26T08:42:44.010273+00:00,0x2A1,0100010600000000
2026-09-26T08:42:44.013350+00:00,0x2A1,0100010600000000
2026-09-26T08:42:44.016784+00:00,0x151,0101050000000000
2026-09-26T08:42:44.017065+00:00,0x155,00001FB2FFFF6AE6
2026-09-26T08:42:44.017088+00:00,0x156,FFFF113CFFFF9E49
2026-09-26T08:42:44.017197+00:00,0x157,0000900600002E01
2026-09-26T08:42:44.017221+00:00,0x170,FFFF960500000000
2026-09-26T08:42:44.018270+00:00,0x2A1,0100010600000000
2026-09-26T08:42:44.023269+00:00,0x2A1,0100010600000000
2026-09-26T08:42:44.029029+00:00,0x2A1,0100010601000000
2026-09-26T08:42:44.032987+00:00,0x2A1,0100010601000000
2026-09-26T08:42:44.037664+00:00,0x2A1,0100010601000000
2026-09-26T08:42:44.043372+00:00,0x2A1,0100010601000000
2026-09-26T08:42:44.049664+00:00,0x2A1,0100010601000000
2026-09-26T08:42:44.053159+00:00,0x2A1,0100010601000000
2026-09-26T08:42:44.058030+00:00,0x2A1,0100010601000000
2026-09-26T08:42:44.063668+00:00,0x2A1,0100010601000000
2026-09-26T08:42:44.069073+00:00,0x2A1,0100010601000000
2026-09-26T08:42:44.072689+00:00,0x2A1,0100010601000000
2026-09-26T08:42:44.077557+00:00,0x2A1,0100010601000000
2026-09-26T08:42:44.083669+00:00,0x2A1,0100010601000000
2026-09-26T08:42:44.089666+00:00,0x2A1,0100010601000000
2026-09-26T08:42:44.092666+00:00,0x2A1,0100010601000000
2026-09-26T08:42:44.097558+00:00,0x2A1,0100010601000000
2026-09-26T08:42:44.103359+00:00,0x2A1,0100010601000000
2026-09-26T08:42:44.109777+00:00,0x2A1,0100010601000000
2026-09-26T08:42:44.113139+00:00,0x2A1,0100010601000000
2026-09-26T08:42:44.118084+00:00,0x2A1,0100010601000000
2026-09-26T08:42:44.123562+00:00,0x2A1,0100010601000000
2026-09-26T08:42:44.129311+00:00,0x2A1,0100010601000000
2026-09-26T08:42:44.132746+00:00,0x2A1,0100010601000000
2026-09-26T08:42:44.137740+00:00,0x2A1,0100010601000000
2026-09-26T08:42:44.143376+00:00,0x2A1,0100010601000000
2026-09-26T08:42:44.149306+00:00,0x2A1,0100010601000000
2026-09-26T08:42:44.152787+00:00,0x2A1,0100010601000000
2026-09-26T08:42:44.157560+00:00,0x2A1,0100010601000000
2026-09-26T08:42:44.164398+00:00,0x2A1,0100010601000000
2026-09-26T08:42:44.169743+00:00,0x2A1,0100010601000000
2026-09-26T08:42:44.173243+00:00,0x2A1,0100010601000000
2026-09-26T08:42:44.177741+00:00,0x2A1,0100010601000000
2026-09-26T08:42:44.183334+00:00,0x2A1,0100010601000000
2026-09-26T08:42:44.189140+00:00,0x2A1,0100010601000000
2026-09-26T08:42:44.192559+00:00,0x2A1,0100010601000000
2026-09-26T08:42:44.197624+00:00,0x2A1,0100010601000000
2026-09-26T08:42:44.203327+00:00,0x2A1,0100010601000000
2026-09-26T08:42:44.209425+00:00,0x2A1,0100010601000000
2026-09-26T08:42:44.212740+00:00,0x2A1,0100010601000000
2026-09-26T08:42:44.217731+00:00,0x2A1,0100010601000000
2026-09-26T08:42:44.223740+00:00,0x2A1,0100010601000000
2026-09-26T08:42:44.230717+00:00,0x2A1,0100010601000000
2026-09-26T08:42:44.233835+00:00,0x2A1,0100010600000000
2026-09-26T08:42:44.237841+00:00,0x2A1,0100010600000000
2026-09-26T08:42:44.243347+00:00,0x2A1,0100010600000000
2026-09-26T08:42:44.249427+00:00,0x2A1,0100010600000000
2026-09-26T08:42:44.252689+00:00,0x2A1,0100010600000000
2026-09-26T08:42:44.257523+00:00,0x2A1,0100010600000000
2026-09-26T08:42:44.263139+00:00,0x2A1,0100010600000000
2026-09-26T08:42:44.269989+00:00,0x2A1,0100010600000000
2026-09-26T08:42:44.273429+00:00,0x2A1,0100010600000000
2026-09-26T08:42:44.277971+00:00,0x2A1,0100010600000000
2026-09-26T08:42:44.284272+00:00,0x2A1,0100010600000000
2026-09-26T08:42:44.287701+00:00,0x2A1,0100010600000000
2026-09-26T08:42:44.292589+00:00,0x2A1,0100010600000000
2026-09-26T08:42:44.297562+00:00,0x2A1,0100010600000000
2026-09-26T08:42:44.303140+00:00,0x2A1,0100010600000000
2026-09-26T08:42:44.308037+00:00,0x2A1,0100010600000000
2026-09-26T08:42:44.312693+00:00,0x2A1,0100010600000000
2026-09-26T08:42:44.317561+00:00,0x2A1,0100010600000000
2026-09-26T08:42:44.319570+00:00,0x151,0101050000000000
2026-09-26T08:42:44.319877+00:00,0x155,00001FA1FFFF6B6F
2026-09-26T08:42:44.320025+00:00,0x156,FFFF1142FFFFA5FD
2026-09-26T08:42:44.320049+00:00,0x157,0000900B00002E01
2026-09-26T08:42:44.320170+00:00,0x170,FFFF960500000000
2026-09-26T08:42:44.323377+00:00,0x2A1,0100010600000000
2026-09-26T08:42:44.328249+00:00,0x2A1,0100010600000000
2026-09-26T08:42:44.333451+00:00,0x2A1,0100010601000000
2026-09-26T08:42:44.338495+00:00,0x2A1,0100010601000000
2026-09-26T08:42:44.343307+00:00,0x2A1,0100010601000000
2026-09-26T08:42:44.348119+00:00,0x2A1,0100010601000000
2026-09-26T08:42:44.352694+00:00,0x2A1,0100010601000000
2026-09-26T08:42:44.357672+00:00,0x2A1,0100010601000000
2026-09-26T08:42:44.363097+00:00,0x2A1,0100010601000000
2026-09-26T08:42:44.367668+00:00,0x2A1,0100010601000000
2026-09-26T08:42:44.372587+00:00,0x2A1,0100010601000000
2026-09-26T08:42:44.377687+00:00,0x2A1,0100010601000000
2026-09-26T08:42:44.383789+00:00,0x2A1,0100010601000000
2026-09-26T08:42:44.387915+00:00,0x2A1,0100010601000000
2026-09-26T08:42:44.393119+00:00,0x2A1,0100010601000000
2026-09-26T08:42:44.397863+00:00,0x2A1,0100010601000000
2026-09-26T08:42:44.403274+00:00,0x2A1,0100010601000000
2026-09-26T08:42:44.407805+00:00,0x2A1,0100010601000000
2026-09-26T08:42:44.412744+00:00,0x2A1,0100010601000000
2026-09-26T08:42:44.417800+00:00,0x2A1,0100010601000000
2026-09-26T08:42:44.423285+00:00,0x2A1,0100010601000000
2026-09-26T08:42:44.427752+00:00,0x2A1,0100010601000000
2026-09-26T08:42:44.432717+00:00,0x2A1,0100010601000000
2026-09-26T08:42:44.437978+00:00,0x2A1,0100010601000000
2026-09-26T08:42:44.443748+00:00,0x2A1,0100010601000000
2026-09-26T08:42:44.447922+00:00,0x2A1,0100010601000000
2026-09-26T08:42:44.453140+00:00,0x2A1,0100010601000000
2026-09-26T08:42:44.457724+00:00,0x2A1,0100010601000000
2026-09-26T08:42:44.463429+00:00,0x2A1,0100010601000000
2026-09-26T08:42:44.467561+00:00,0x2A1,0100010601000000
2026-09-26T08:42:44.472832+00:00,0x2A1,0100010601000000
2026-09-26T08:42:44.477715+00:00,0x2A1,0100010601000000
2026-09-26T08:42:44.483230+00:00,0x2A1,0100010601000000
2026-09-26T08:42:44.488630+00:00,0x2A1,0100010601000000
2026-09-26T08:42:44.493668+00:00,0x2A1,0100010601000000
2026-09-26T08:42:44.498036+00:00,0x2A1,0100010601000000
2026-09-26T08:42:44.503519+00:00,0x2A1,0100010601000000
2026-09-26T08:42:44.507669+00:00,0x2A1,0100010601000000
2026-09-26T08:42:44.512887+00:00,0x2A1,0100010600000000
2026-09-26T08:42:44.517790+00:00,0x2A1,0100010600000000
2026-09-26T08:42:44.523185+00:00,0x2A1,0100010600000000
2026-09-26T08:42:44.527559+00:00,0x2A1,0100010600000000
2026-09-26T08:42:44.533138+00:00,0x2A1,0100010600000000
2026-09-26T08:42:44.537702+00:00,0x2A1,0100010600000000
2026-09-26T08:42:44.543561+00:00,0x2A1,0100010600000000
2026-09-26T08:42:44.547983+00:00,0x2A1,0100010600000000
2026-09-26T08:42:44.554016+00:00,0x2A1,0100010600000000
2026-09-26T08:42:44.557678+00:00,0x2A1,0100010600000000
2026-09-26T08:42:44.563665+00:00,0x2A1,0100010600000000
2026-09-26T08:42:44.567740+00:00,0x2A1,0100010600000000
2026-09-26T08:42:44.572896+00:00,0x2A1,0100010600000000
2026-09-26T08:42:44.577701+00:00,0x2A1,0100010600000000
2026-09-26T08:42:44.583231+00:00,0x2A1,0100010600000000
2026-09-26T08:42:44.587784+00:00,0x2A1,0100010600000000
2026-09-26T08:42:44.592991+00:00,0x2A1,0100010600000000
2026-09-26T08:42:44.597854+00:00,0x2A1,0100010600000000
2026-09-26T08:42:44.603873+00:00,0x2A1,0100010600000000
2026-09-26T08:42:44.607940+00:00,0x2A1,0100010600000000
2026-09-26T08:42:44.613967+00:00,0x2A1,0100010600000000
2026-09-26T08:42:44.617733+00:00,0x2A1,0100010600000000
2026-09-26T08:42:44.622235+00:00,0x151,0101050000000000
2026-09-26T08:42:44.622298+00:00,0x155,00001F9FFFFF6EDE
2026-09-26T08:42:44.622414+00:00,0x156,FFFF1142FFFFAF9C
2026-09-26T08:42:44.622438+00:00,0x157,0000900B00002E01
2026-09-26T08:42:44.623666+00:00,0x2A1,0100010600000000
2026-09-26T08:42:44.623811+00:00,0x170,FFFF960500000000
2026-09-26T08:42:44.627696+00:00,0x2A1,0100010600000000
2026-09-26T08:42:44.633474+00:00,0x2A1,0100010601000000
2026-09-26T08:42:44.637671+00:00,0x2A1,0100010601000000
2026-09-26T08:42:44.643231+00:00,0x2A1,0100010601000000
2026-09-26T08:42:44.647671+00:00,0x2A1,0100010601000000
2026-09-26T08:42:44.654220+00:00,0x2A1,0100010601000000
2026-09-26T08:42:44.658078+00:00,0x2A1,0100010601000000
2026-09-26T08:42:44.663671+00:00,0x2A1,0100010601000000
2026-09-26T08:42:44.667878+00:00,0x2A1,0100010601000000
2026-09-26T08:42:44.673777+00:00,0x2A1,0100010601000000
2026-09-26T08:42:44.677586+00:00,0x2A1,0100010601000000
2026-09-26T08:42:44.683100+00:00,0x2A1,0100010601000000
2026-09-26T08:42:44.687671+00:00,0x2A1,0100010601000000
2026-09-26T08:42:44.694373+00:00,0x2A1,0100010601000000
2026-09-26T08:42:44.698208+00:00,0x2A1,0100010601000000
2026-09-26T08:42:44.704145+00:00,0x2A1,0100010601000000
2026-09-26T08:42:44.708324+00:00,0x2A1,0100010601000000
2026-09-26T08:42:44.714951+00:00,0x2A1,0100010601000000
2026-09-26T08:42:44.718997+00:00,0x2A1,0100010601000000
2026-09-26T08:42:44.723963+00:00,0x2A1,0100010601000000
2026-09-26T08:42:44.729046+00:00,0x2A1,0100010601000000
2026-09-26T08:42:44.734976+00:00,0x2A1,0100010601000000
2026-09-26T08:42:44.738563+00:00,0x2A1,0100010601000000
2026-09-26T08:42:44.743694+00:00,0x2A1,0100010601000000
2026-09-26T08:42:44.750312+00:00,0x2A1,0100010601000000
2026-09-26T08:42:44.755471+00:00,0x2A1,0100010601000000
2026-09-26T08:42:44.759005+00:00,0x2A1,0100010601000000
2026-09-26T08:42:44.763787+00:00,0x2A1,0100010601000000
2026-09-26T08:42:44.767831+00:00,0x2A1,0100010601000000
2026-09-26T08:42:44.774939+00:00,0x2A1,0100010601000000
2026-09-26T08:42:44.779521+00:00,0x2A1,0100010601000000
2026-09-26T08:42:44.783433+00:00,0x2A1,0100010601000000
2026-09-26T08:42:44.787672+00:00,0x2A1,0100010601000000
2026-09-26T08:42:44.793878+00:00,0x2A1,0100010601000000
2026-09-26T08:42:44.797670+00:00,0x2A1,0100010601000000
2026-09-26T08:42:44.803746+00:00,0x2A1,0100010601000000
2026-09-26T08:42:44.807671+00:00,0x2A1,0100010601000000
2026-09-26T08:42:44.813753+00:00,0x2A1,0100010601000000
2026-09-26T08:42:44.817621+00:00,0x2A1,0100010601000000
2026-09-26T08:42:44.823934+00:00,0x2A1,0100010601000000
2026-09-26T08:42:44.828122+00:00,0x2A1,0100010601000000
2026-09-26T08:42:44.834481+00:00,0x2A1,0100010601000000
2026-09-26T08:42:44.837696+00:00,0x2A1,0100010601000000
2026-09-26T08:42:44.843789+00:00,0x2A1,0100010601000000
2026-09-26T08:42:44.847564+00:00,0x2A1,0100010601000000
2026-09-26T08:42:44.853945+00:00,0x2A1,0100010601000000
2026-09-26T08:42:44.857676+00:00,0x2A1,0100010601000000
2026-09-26T08:42:44.863438+00:00,0x2A1,0100010601000000
2026-09-26T08:42:44.867589+00:00,0x2A1,0100010601000000
2026-09-26T08:42:44.873683+00:00,0x2A1,0100010601000000
2026-09-26T08:42:44.877907+00:00,0x2A1,0100010601000000
2026-09-26T08:42:44.883729+00:00,0x2A1,0100010601000000
2026-09-26T08:42:44.888177+00:00,0x2A1,0100010601000000
2026-09-26T08:42:44.894048+00:00,0x2A1,0100010600000000
2026-09-26T08:42:44.897626+00:00,0x2A1,0100010600000000
2026-09-26T08:42:44.903145+00:00,0x2A1,0100010600000000
2026-09-26T08:42:44.907520+00:00,0x2A1,0100010600000000
2026-09-26T08:42:44.913927+00:00,0x2A1,0100010600000000
2026-09-26T08:42:44.917612+00:00,0x2A1,0100010600000000
2026-09-26T08:42:44.923193+00:00,0x2A1,0100010600000000
2026-09-26T08:42:44.927590+00:00,0x2A1,0100010600000000
2026-09-26T08:42:44.936324+00:00,0x2A1,0100010600000000
2026-09-26T08:42:44.940021+00:00,0x2A1,0100010600000000
2026-09-26T08:42:44.944571+00:00,0x2A1,0100010600000000
2026-09-26T08:42:44.947798+00:00,0x2A1,0100010600000000
2026-09-26T08:42:44.954120+00:00,0x2A1,0100010600000000
2026-09-26T08:42:44.957565+00:00,0x2A1,0100010600000000
2026-09-26T08:42:44.963234+00:00,0x2A1,0100010600000000
2026-09-26T08:42:44.967594+00:00,0x2A1,0100010600000000
2026-09-26T08:42:44.974102+00:00,0x2A1,0100010600000000
2026-09-26T08:42:44.976522+00:00,0x151,0101050000000000
2026-09-26T08:42:44.976798+00:00,0x155,00001F9DFFFF724D
2026-09-26T08:42:44.977027+00:00,0x156,FFFF1142FFFFB93B
2026-09-26T08:42:44.977097+00:00,0x157,0000900B00002E01
2026-09-26T08:42:44.977165+00:00,0x170,FFFF960500000000
2026-09-26T08:42:44.977922+00:00,0x2A1,0100010600000000
2026-09-26T08:42:44.983124+00:00,0x2A1,0100010600000000
2026-09-26T08:42:44.988232+00:00,0x2A1,0100010600000000
2026-09-26T08:42:44.994880+00:00,0x2A1,0100010601000000
2026-09-26T08:42:44.998278+00:00,0x2A1,0100010601000000
2026-09-26T08:42:45.003526+00:00,0x2A1,0100010601000000
2026-09-26T08:42:45.007675+00:00,0x2A1,0100010601000000
2026-09-26T08:42:45.014259+00:00,0x2A1,0100010601000000
2026-09-26T08:42:45.017566+00:00,0x2A1,0100010601000000
2026-09-26T08:42:45.023363+00:00,0x2A1,0100010601000000
2026-09-26T08:42:45.027580+00:00,0x2A1,0100010601000000
2026-09-26T08:42:45.034436+00:00,0x2A1,0100010601000000
2026-09-26T08:42:45.037564+00:00,0x2A1,0100010601000000
2026-09-26T08:42:45.043976+00:00,0x2A1,0100010601000000
2026-09-26T08:42:45.048222+00:00,0x2A1,0100010601000000
2026-09-26T08:42:45.055966+00:00,0x2A1,0100010601000000
2026-09-26T08:42:45.059102+00:00,0x2A1,0100010601000000
2026-09-26T08:42:45.063277+00:00,0x2A1,0100010601000000
2026-09-26T08:42:45.067871+00:00,0x2A1,0100010601000000
2026-09-26T08:42:45.074574+00:00,0x2A1,0100010601000000
2026-09-26T08:42:45.077844+00:00,0x2A1,0100010601000000
2026-09-26T08:42:45.083189+00:00,0x2A1,0100010601000000
2026-09-26T08:42:45.087698+00:00,0x2A1,0100010601000000
2026-09-26T08:42:45.094837+00:00,0x2A1,0100010601000000
2026-09-26T08:42:45.097803+00:00,0x2A1,0100010601000000
2026-09-26T08:42:45.103880+00:00,0x2A1,0100010601000000
2026-09-26T08:42:45.107834+00:00,0x2A1,0100010601000000
2026-09-26T08:42:45.115135+00:00,0x2A1,0100010601000000
2026-09-26T08:42:45.118287+00:00,0x2A1,0100010601000000
2026-09-26T08:42:45.123276+00:00,0x2A1,0100010601000000
2026-09-26T08:42:45.128250+00:00,0x2A1,0100010601000000
2026-09-26T08:42:45.134292+00:00,0x2A1,0100010601000000
2026-09-26T08:42:45.137872+00:00,0x2A1,0100010601000000
2026-09-26T08:42:45.143236+00:00,0x2A1,0100010601000000
2026-09-26T08:42:45.148036+00:00,0x2A1,0100010601000000
2026-09-26T08:42:45.155316+00:00,0x2A1,0100010601000000
2026-09-26T08:42:45.158676+00:00,0x2A1,0100010601000000
2026-09-26T08:42:45.163676+00:00,0x2A1,0100010601000000
2026-09-26T08:42:45.168168+00:00,0x2A1,0100010601000000
2026-09-26T08:42:45.174945+00:00,0x2A1,0100010601000000
2026-09-26T08:42:45.177946+00:00,0x2A1,0100010601000000
2026-09-26T08:42:45.183193+00:00,0x2A1,0100010601000000
2026-09-26T08:42:45.187763+00:00,0x2A1,0100010601000000
2026-09-26T08:42:45.195003+00:00,0x2A1,0100010601000000
2026-09-26T08:42:45.198050+00:00,0x2A1,0100010601000000
2026-09-26T08:42:45.203285+00:00,0x2A1,0100010601000000
2026-09-26T08:42:45.207524+00:00,0x2A1,0100010601000000
2026-09-26T08:42:45.216324+00:00,0x2A1,0100010601000000
2026-09-26T08:42:45.219941+00:00,0x2A1,0100010601000000
2026-09-26T08:42:45.224224+00:00,0x2A1,0100010601000000
2026-09-26T08:42:45.227722+00:00,0x2A1,0100010601000000
2026-09-26T08:42:45.234434+00:00,0x2A1,0100010600000000
2026-09-26T08:42:45.237622+00:00,0x2A1,0100010600000000
2026-09-26T08:42:45.243173+00:00,0x2A1,0100010600000000
2026-09-26T08:42:45.247749+00:00,0x2A1,0100010600000000
2026-09-26T08:42:45.254363+00:00,0x2A1,0100010600000000
2026-09-26T08:42:45.257569+00:00,0x2A1,0100010600000000
2026-09-26T08:42:45.263203+00:00,0x2A1,0100010600000000
2026-09-26T08:42:45.268039+00:00,0x2A1,0100010600000000
2026-09-26T08:42:45.274958+00:00,0x2A1,0100010600000000
2026-09-26T08:42:45.278364+00:00,0x2A1,0100010600000000
2026-09-26T08:42:45.283325+00:00,0x2A1,0100010600000000
2026-09-26T08:42:45.287568+00:00,0x2A1,0100010600000000
2026-09-26T08:42:45.294126+00:00,0x2A1,0100010600000000
2026-09-26T08:42:45.297568+00:00,0x2A1,0100010600000000
2026-09-26T08:42:45.303237+00:00,0x2A1,0100010600000000
2026-09-26T08:42:45.307783+00:00,0x2A1,0100010600000000
2026-09-26T08:42:45.314320+00:00,0x2A1,0100010600000000
2026-09-26T08:42:45.318089+00:00,0x2A1,0100010600000000
2026-09-26T08:42:45.323930+00:00,0x2A1,0100010600000000
2026-09-26T08:42:45.328038+00:00,0x2A1,0100010600000000
2026-09-26T08:42:45.330143+00:00,0x151,0101050000000000
2026-09-26T08:42:45.330249+00:00,0x155,00001F71FFFF78C8
2026-09-26T08:42:45.330307+00:00,0x156,FFFF1142FFFFC06D
2026-09-26T08:42:45.330679+00:00,0x157,0000900B00002E01
2026-09-26T08:42:45.331347+00:00,0x170,FFFF960500000000
2026-09-26T08:42:45.333126+00:00,0x2A1,0100010600000000
2026-09-26T08:42:45.337676+00:00,0x2A1,0100010601000000
2026-09-26T08:42:45.343101+00:00,0x2A1,0100010601000000
2026-09-26T08:42:45.347727+00:00,0x2A1,0100010601000000
2026-09-26T08:42:45.352977+00:00,0x2A1,0100010601000000
2026-09-26T08:42:45.357677+00:00,0x2A1,0100010601000000
2026-09-26T08:42:45.363081+00:00,0x2A1,0100010601000000
2026-09-26T08:42:45.367546+00:00,0x2A1,0100010601000000
2026-09-26T08:42:45.373122+00:00,0x2A1,0100010601000000
2026-09-26T08:42:45.378797+00:00,0x2A1,0100010601000000
2026-09-26T08:42:45.384236+00:00,0x2A1,0100010601000000
2026-09-26T08:42:45.387674+00:00,0x2A1,0100010601000000
2026-09-26T08:42:45.392819+00:00,0x2A1,0100010601000000
2026-09-26T08:42:45.397840+00:00,0x2A1,0100010601000000
2026-09-26T08:42:45.403281+00:00,0x2A1,0100010601000000
2026-09-26T08:42:45.407702+00:00,0x2A1,0100010601000000
2026-09-26T08:42:45.413125+00:00,0x2A1,0100010601000000
2026-09-26T08:42:45.417571+00:00,0x2A1,0100010601000000
2026-09-26T08:42:45.423496+00:00,0x2A1,0100010601000000
2026-09-26T08:42:45.427807+00:00,0x2A1,0100010601000000
2026-09-26T08:42:45.433327+00:00,0x2A1,0100010601000000
2026-09-26T08:42:45.438945+00:00,0x2A1,0100010601000000
2026-09-26T08:42:45.443938+00:00,0x2A1,0100010601000000
2026-09-26T08:42:45.447679+00:00,0x2A1,0100010601000000
2026-09-26T08:42:45.452797+00:00,0x2A1,0100010601000000
2026-09-26T08:42:45.457770+00:00,0x2A1,0100010601000000
2026-09-26T08:42:45.463364+00:00,0x2A1,0100010601000000
2026-09-26T08:42:45.467660+00:00,0x2A1,0100010601000000
2026-09-26T08:42:45.474767+00:00,0x2A1,0100010601000000
2026-09-26T08:42:45.477757+00:00,0x2A1,0100010601000000
2026-09-26T08:42:45.483386+00:00,0x2A1,0100010601000000
2026-09-26T08:42:45.488241+00:00,0x2A1,0100010601000000
2026-09-26T08:42:45.493718+00:00,0x2A1,0100010601000000
2026-09-26T08:42:45.498633+00:00,0x2A1,0100010601000000
2026-09-26T08:42:45.503281+00:00,0x2A1,0100010601000000
2026-09-26T08:42:45.507570+00:00,0x2A1,0100010601000000
2026-09-26T08:42:45.512740+00:00,0x2A1,0100010601000000
2026-09-26T08:42:45.517811+00:00,0x2A1,0100010600000000
2026-09-26T08:42:45.523532+00:00,0x2A1,0100010600000000
2026-09-26T08:42:45.527619+00:00,0x2A1,0100010600000000
2026-09-26T08:42:45.533390+00:00,0x2A1,0100010600000000
2026-09-26T08:42:45.538175+00:00,0x2A1,0100010600000000
2026-09-26T08:42:45.543701+00:00,0x2A1,0100010600000000
2026-09-26T08:42:45.548754+00:00,0x2A1,0100010600000000
2026-09-26T08:42:45.552527+00:00,0x2A1,0100010600000000
2026-09-26T08:42:45.558285+00:00,0x2A1,0100010600000000
2026-09-26T08:42:45.563338+00:00,0x2A1,0100010600000000
2026-09-26T08:42:45.567675+00:00,0x2A1,0100010600000000
2026-09-26T08:42:45.572625+00:00,0x2A1,0100010600000000
2026-09-26T08:42:45.578052+00:00,0x2A1,0100010600000000
2026-09-26T08:42:45.583325+00:00,0x2A1,0100010600000000
2026-09-26T08:42:45.587570+00:00,0x2A1,0100010600000000
2026-09-26T08:42:45.593171+00:00,0x2A1,0100010600000000
2026-09-26T08:42:45.598950+00:00,0x2A1,0100010600000000
2026-09-26T08:42:45.603484+00:00,0x2A1,0100010600000000
2026-09-26T08:42:45.607614+00:00,0x2A1,0100010600000000
2026-09-26T08:42:45.612703+00:00,0x2A1,0100010600000000
2026-09-26T08:42:45.617936+00:00,0x2A1,0100010600000000
2026-09-26T08:42:45.623150+00:00,0x2A1,0100010600000000
2026-09-26T08:42:45.627527+00:00,0x2A1,0100010600000000
2026-09-26T08:42:45.632862+00:00,0x2A1,0100010600000000
2026-09-26T08:42:45.633471+00:00,0x151,0101050000000000
2026-09-26T08:42:45.633725+00:00,0x155,00001F47FFFF8175
2026-09-26T08:42:45.633740+00:00,0x156,FFFF1142FFFFC1C1
2026-09-26T08:42:45.633881+00:00,0x157,00008FBB00002E01
2026-09-26T08:42:45.633886+00:00,0x170,FFFF960500000000
2026-09-26T08:42:45.638679+00:00,0x2A1,0100010600000000
2026-09-26T08:42:45.643407+00:00,0x2A1,0100010600000000
2026-09-26T08:42:45.648085+00:00,0x2A1,0100010600000000
2026-09-26T08:42:45.653317+00:00,0x2A1,0100010600000000
2026-09-26T08:42:45.658800+00:00,0x2A1,0100010601000000
2026-09-26T08:42:45.663239+00:00,0x2A1,0100010601000000
2026-09-26T08:42:45.667678+00:00,0x2A1,0100010601000000
2026-09-26T08:42:45.672641+00:00,0x2A1,0100010601000000
2026-09-26T08:42:45.678349+00:00,0x2A1,0100010601000000
2026-09-26T08:42:45.683445+00:00,0x2A1,0100010601000000
2026-09-26T08:42:45.687600+00:00,0x2A1,0100010601000000
2026-09-26T08:42:45.692618+00:00,0x2A1,0100010601000000
2026-09-26T08:42:45.698992+00:00,0x2A1,0100010601000000
2026-09-26T08:42:45.704410+00:00,0x2A1,0100010601000000
2026-09-26T08:42:45.707948+00:00,0x2A1,0100010601000000
2026-09-26T08:42:45.712528+00:00,0x2A1,0100010601000000
2026-09-26T08:42:45.718884+00:00,0x2A1,0100010601000000
2026-09-26T08:42:45.723239+00:00,0x2A1,0100010601000000
2026-09-26T08:42:45.727679+00:00,0x2A1,0100010601000000
2026-09-26T08:42:45.732729+00:00,0x2A1,0100010601000000
2026-09-26T08:42:45.738904+00:00,0x2A1,0100010601000000
2026-09-26T08:42:45.743324+00:00,0x2A1,0100010601000000
2026-09-26T08:42:45.747620+00:00,0x2A1,0100010601000000
2026-09-26T08:42:45.753000+00:00,0x2A1,0100010601000000
2026-09-26T08:42:45.759886+00:00,0x2A1,0100010601000000
2026-09-26T08:42:45.764548+00:00,0x2A1,0100010601000000
2026-09-26T08:42:45.767756+00:00,0x2A1,0100010601000000
2026-09-26T08:42:45.772893+00:00,0x2A1,0100010601000000
2026-09-26T08:42:45.778896+00:00,0x2A1,0100010601000000
2026-09-26T08:42:45.783195+00:00,0x2A1,0100010601000000
2026-09-26T08:42:45.787809+00:00,0x2A1,0100010601000000
2026-09-26T08:42:45.792572+00:00,0x2A1,0100010601000000
2026-09-26T08:42:45.798704+00:00,0x2A1,0100010601000000
2026-09-26T08:42:45.803533+00:00,0x2A1,0100010601000000
2026-09-26T08:42:45.808084+00:00,0x2A1,0100010601000000
2026-09-26T08:42:45.812929+00:00,0x2A1,0100010601000000
2026-09-26T08:42:45.819364+00:00,0x2A1,0100010601000000
2026-09-26T08:42:45.823237+00:00,0x2A1,0100010601000000
2026-09-26T08:42:45.827680+00:00,0x2A1,0100010601000000
2026-09-26T08:42:45.832734+00:00,0x2A1,0100010601000000
2026-09-26T08:42:45.838950+00:00,0x2A1,0100010601000000
2026-09-26T08:42:45.843241+00:00,0x2A1,0100010601000000
2026-09-26T08:42:45.847530+00:00,0x2A1,0100010601000000
2026-09-26T08:42:45.852572+00:00,0x2A1,0100010601000000
2026-09-26T08:42:45.859087+00:00,0x2A1,0100010600000000
2026-09-26T08:42:45.864706+00:00,0x2A1,0100010600000000
2026-09-26T08:42:45.868412+00:00,0x2A1,0100010600000000
2026-09-26T08:42:45.873193+00:00,0x2A1,0100010600000000
2026-09-26T08:42:45.878906+00:00,0x2A1,0100010600000000
2026-09-26T08:42:45.883240+00:00,0x2A1,0100010600000000
2026-09-26T08:42:45.887530+00:00,0x2A1,0100010600000000
2026-09-26T08:42:45.892531+00:00,0x2A1,0100010600000000
2026-09-26T08:42:45.898692+00:00,0x2A1,0100010600000000
2026-09-26T08:42:45.903446+00:00,0x2A1,0100010600000000
2026-09-26T08:42:45.907681+00:00,0x2A1,0100010600000000
2026-09-26T08:42:45.912704+00:00,0x2A1,0100010600000000
2026-09-26T08:42:45.920006+00:00,0x2A1,0100010600000000
2026-09-26T08:42:45.925281+00:00,0x2A1,0100010600000000
2026-09-26T08:42:45.928578+00:00,0x2A1,0100010600000000
2026-09-26T08:42:45.932622+00:00,0x2A1,0100010600000000
2026-09-26T08:42:45.936174+00:00,0x151,0101050000000000
2026-09-26T08:42:45.936717+00:00,0x155,00001F3BFFFF868A
2026-09-26T08:42:45.936851+00:00,0x156,FFFF1142FFFFBCD9
2026-09-26T08:42:45.937682+00:00,0x157,00008B2900002E01
2026-09-26T08:42:45.938027+00:00,0x170,FFFF960500000000
2026-09-26T08:42:45.939487+00:00,0x2A1,0100010600000000
2026-09-26T08:42:45.943089+00:00,0x2A1,0100010600000000
2026-09-26T08:42:45.947574+00:00,0x2A1,0100010600000000
2026-09-26T08:42:45.952574+00:00,0x2A1,0100010600000000
2026-09-26T08:42:45.959132+00:00,0x2A1,0100010601000000
2026-09-26T08:42:45.963243+00:00,0x2A1,0100010601000000
2026-09-26T08:42:45.967845+00:00,0x2A1,0100010601000000
2026-09-26T08:42:45.973435+00:00,0x2A1,0100010601000000
2026-09-26T08:42:45.980353+00:00,0x2A1,0100010601000000
2026-09-26T08:42:45.984086+00:00,0x2A1,0100010601000000
2026-09-26T08:42:45.987757+00:00,0x2A1,0100010601000000
2026-09-26T08:42:45.992573+00:00,0x2A1,0100010601000000
2026-09-26T08:42:45.999132+00:00,0x2A1,0100010601000000
2026-09-26T08:42:46.003370+00:00,0x2A1,0100010601000000
2026-09-26T08:42:46.007574+00:00,0x2A1,0100010601000000
2026-09-26T08:42:46.012706+00:00,0x2A1,0100010601000000
2026-09-26T08:42:46.019087+00:00,0x2A1,0100010601000000
2026-09-26T08:42:46.023886+00:00,0x2A1,0100010601000000
2026-09-26T08:42:46.027888+00:00,0x2A1,0100010601000000
2026-09-26T08:42:46.032985+00:00,0x2A1,0100010601000000
2026-09-26T08:42:46.039734+00:00,0x2A1,0100010601000000
2026-09-26T08:42:46.043370+00:00,0x2A1,0100010601000000
2026-09-26T08:42:46.047528+00:00,0x2A1,0100010601000000
2026-09-26T08:42:46.052711+00:00,0x2A1,0100010601000000
2026-09-26T08:42:46.059331+00:00,0x2A1,0100010600000000
2026-09-26T08:42:46.063320+00:00,0x2A1,0100010600000000
2026-09-26T08:42:46.067584+00:00,0x2A1,0100010600000000
2026-09-26T08:42:46.072625+00:00,0x2A1,0100010600000000
2026-09-26T08:42:46.080290+00:00,0x2A1,0100010600000000
2026-09-26T08:42:46.084422+00:00,0x2A1,0100010600000000
2026-09-26T08:42:46.088493+00:00,0x2A1,0100010600000000
2026-09-26T08:42:46.092534+00:00,0x2A1,0100010600000000
2026-09-26T08:42:46.099291+00:00,0x2A1,0100010600000000
2026-09-26T08:42:46.103139+00:00,0x2A1,0100010600000000
2026-09-26T08:42:46.107621+00:00,0x2A1,0100010600000000
2026-09-26T08:42:46.112579+00:00,0x2A1,0100010600000000
2026-09-26T08:42:46.119250+00:00,0x2A1,0100010600000000
2026-09-26T08:42:46.123149+00:00,0x2A1,0100010600000000
2026-09-26T08:42:46.127575+00:00,0x2A1,0100010600000000
2026-09-26T08:42:46.133937+00:00,0x2A1,0100010600000000
2026-09-26T08:42:46.139514+00:00,0x2A1,0100010600000000
2026-09-26T08:42:46.140033+00:00,0x151,0101050000000000
2026-09-26T08:42:46.140470+00:00,0x155,00001F3BFFFF8B0D
2026-09-26T08:42:46.140682+00:00,0x156,FFFF1142FFFFB4D3
2026-09-26T08:42:46.140788+00:00,0x157,0000871500002E01
2026-09-26T08:42:46.141227+00:00,0x170,FFFF960500000000
2026-09-26T08:42:46.143889+00:00,0x2A1,0100010600000000
2026-09-26T08:42:46.147576+00:00,0x2A1,0100010600000000
2026-09-26T08:42:46.152532+00:00,0x2A1,0100010600000000
2026-09-26T08:42:46.159345+00:00,0x2A1,0100010601000000
2026-09-26T08:42:46.163263+00:00,0x2A1,0100010601000000
2026-09-26T08:42:46.167532+00:00,0x2A1,0100010601000000
2026-09-26T08:42:46.172575+00:00,0x2A1,0100010601000000
2026-09-26T08:42:46.179155+00:00,0x2A1,0100010601000000
2026-09-26T08:42:46.183287+00:00,0x2A1,0100010601000000
2026-09-26T08:42:46.187973+00:00,0x2A1,0100010601000000
2026-09-26T08:42:46.192846+00:00,0x2A1,0100010601000000
2026-09-26T08:42:46.200244+00:00,0x2A1,0100010601000000
2026-09-26T08:42:46.204047+00:00,0x2A1,0100010601000000
2026-09-26T08:42:46.207576+00:00,0x2A1,0100010601000000
2026-09-26T08:42:46.212538+00:00,0x2A1,0100010601000000
2026-09-26T08:42:46.219442+00:00,0x2A1,0100010601000000
2026-09-26T08:42:46.223246+00:00,0x2A1,0100010601000000
2026-09-26T08:42:46.227816+00:00,0x2A1,0100010601000000
2026-09-26T08:42:46.232631+00:00,0x2A1,0100010601000000
2026-09-26T08:42:46.239514+00:00,0x2A1,0100010601000000
2026-09-26T08:42:46.244189+00:00,0x2A1,0100010601000000
2026-09-26T08:42:46.248488+00:00,0x2A1,0100010601000000
2026-09-26T08:42:46.253044+00:00,0x2A1,0100010601000000
2026-09-26T08:42:46.260859+00:00,0x2A1,0100010601000000
2026-09-26T08:42:46.264329+00:00,0x2A1,0100010601000000
2026-09-26T08:42:46.267709+00:00,0x2A1,0100010601000000
2026-09-26T08:42:46.272704+00:00,0x2A1,0100010601000000
2026-09-26T08:42:46.279009+00:00,0x2A1,0100010601000000
2026-09-26T08:42:46.283358+00:00,0x2A1,0100010601000000
2026-09-26T08:42:46.287602+00:00,0x2A1,0100010601000000
2026-09-26T08:42:46.292954+00:00,0x2A1,0100010601000000
2026-09-26T08:42:46.300223+00:00,0x2A1,0100010601000000
2026-09-26T08:42:46.304134+00:00,0x2A1,0100010601000000
2026-09-26T08:42:46.307534+00:00,0x2A1,0100010601000000
2026-09-26T08:42:46.312587+00:00,0x2A1,0100010601000000
2026-09-26T08:42:46.320100+00:00,0x2A1,0100010601000000
2026-09-26T08:42:46.323709+00:00,0x2A1,0100010601000000
2026-09-26T08:42:46.327598+00:00,0x2A1,0100010601000000
2026-09-26T08:42:46.332630+00:00,0x2A1,0100010601000000
2026-09-26T08:42:46.339378+00:00,0x2A1,0100010601000000
2026-09-26T08:42:46.343202+00:00,0x2A1,0100010601000000
2026-09-26T08:42:46.348135+00:00,0x2A1,0100010601000000
2026-09-26T08:42:46.353008+00:00,0x2A1,0100010601000000
2026-09-26T08:42:46.360488+00:00,0x2A1,0100010600000000
2026-09-26T08:42:46.364369+00:00,0x2A1,0100010600000000
2026-09-26T08:42:46.367759+00:00,0x2A1,0100010600000000
2026-09-26T08:42:46.372682+00:00,0x2A1,0100010600000000
2026-09-26T08:42:46.379156+00:00,0x2A1,0100010600000000
2026-09-26T08:42:46.383246+00:00,0x2A1,0100010600000000
2026-09-26T08:42:46.387577+00:00,0x2A1,0100010600000000
2026-09-26T08:42:46.392683+00:00,0x2A1,0100010600000000
2026-09-26T08:42:46.397934+00:00,0x2A1,0100010600000000
2026-09-26T08:42:46.404178+00:00,0x2A1,0100010600000000
2026-09-26T08:42:46.407933+00:00,0x2A1,0100010600000000
2026-09-26T08:42:46.413112+00:00,0x2A1,0100010600000000
2026-09-26T08:42:46.418366+00:00,0x2A1,0100010600000000
2026-09-26T08:42:46.423394+00:00,0x2A1,0100010600000000
2026-09-26T08:42:46.427709+00:00,0x2A1,0100010600000000
2026-09-26T08:42:46.432583+00:00,0x2A1,0100010600000000
2026-09-26T08:42:46.437775+00:00,0x2A1,0100010600000000
2026-09-26T08:42:46.443248+00:00,0x2A1,0100010600000000
2026-09-26T08:42:46.443425+00:00,0x151,0101050000000000
2026-09-26T08:42:46.443454+00:00,0x155,00001F40FFFF8E50
2026-09-26T08:42:46.443762+00:00,0x156,FFFF1114FFFFADA5
2026-09-26T08:42:46.444517+00:00,0x157,0000800100002E01
2026-09-26T08:42:46.444588+00:00,0x170,FFFF960500000000
2026-09-26T08:42:46.447805+00:00,0x2A1,0100010600000000
2026-09-26T08:42:46.452694+00:00,0x2A1,0100010600000000
2026-09-26T08:42:46.458091+00:00,0x2A1,0100010600000000
2026-09-26T08:42:46.464450+00:00,0x2A1,0100010601000000
2026-09-26T08:42:46.469136+00:00,0x2A1,0100010601000000
2026-09-26T08:42:46.472891+00:00,0x2A1,0100010601000000
2026-09-26T08:42:46.477577+00:00,0x2A1,0100010601000000
2026-09-26T08:42:46.483200+00:00,0x2A1,0100010601000000
2026-09-26T08:42:46.487535+00:00,0x2A1,0100010601000000
2026-09-26T08:42:46.492806+00:00,0x2A1,0100010601000000
2026-09-26T08:42:46.497578+00:00,0x2A1,0100010601000000
2026-09-26T08:42:46.503685+00:00,0x2A1,0100010601000000
2026-09-26T08:42:46.507818+00:00,0x2A1,0100010601000000
2026-09-26T08:42:46.512838+00:00,0x2A1,0100010601000000
2026-09-26T08:42:46.518018+00:00,0x2A1,0100010601000000
2026-09-26T08:42:46.523961+00:00,0x2A1,0100010601000000
2026-09-26T08:42:46.527659+00:00,0x2A1,0100010601000000
2026-09-26T08:42:46.532632+00:00,0x2A1,0100010601000000
2026-09-26T08:42:46.537665+00:00,0x2A1,0100010601000000
2026-09-26T08:42:46.543613+00:00,0x2A1,0100010601000000
2026-09-26T08:42:46.547535+00:00,0x2A1,0100010601000000
2026-09-26T08:42:46.552799+00:00,0x2A1,0100010601000000
2026-09-26T08:42:46.557764+00:00,0x2A1,0100010601000000
2026-09-26T08:42:46.564076+00:00,0x2A1,0100010601000000
2026-09-26T08:42:46.568487+00:00,0x2A1,0100010601000000
2026-09-26T08:42:46.572942+00:00,0x2A1,0100010601000000
2026-09-26T08:42:46.578273+00:00,0x2A1,0100010601000000
2026-09-26T08:42:46.583761+00:00,0x2A1,0100010601000000
2026-09-26T08:42:46.587711+00:00,0x2A1,0100010601000000
2026-09-26T08:42:46.592711+00:00,0x2A1,0100010601000000
2026-09-26T08:42:46.597719+00:00,0x2A1,0100010601000000
2026-09-26T08:42:46.603534+00:00,0x2A1,0100010601000000
2026-09-26T08:42:46.607536+00:00,0x2A1,0100010601000000
2026-09-26T08:42:46.612701+00:00,0x2A1,0100010601000000
2026-09-26T08:42:46.619903+00:00,0x2A1,0100010601000000
2026-09-26T08:42:46.624485+00:00,0x2A1,0100010600000000
2026-09-26T08:42:46.628136+00:00,0x2A1,0100010600000000
2026-09-26T08:42:46.633155+00:00,0x2A1,0100010600000000
2026-09-26T08:42:46.637970+00:00,0x2A1,0100010600000000
2026-09-26T08:42:46.643615+00:00,0x2A1,0100010600000000
2026-09-26T08:42:46.647629+00:00,0x2A1,0100010600000000
2026-09-26T08:42:46.652657+00:00,0x2A1,0100010600000000
2026-09-26T08:42:46.658519+00:00,0x2A1,0100010600000000
2026-09-26T08:42:46.663771+00:00,0x2A1,0100010600000000
2026-09-26T08:42:46.667604+00:00,0x2A1,0100010600000000
2026-09-26T08:42:46.672942+00:00,0x2A1,0100010600000000
2026-09-26T08:42:46.678007+00:00,0x2A1,0100010600000000
2026-09-26T08:42:46.684373+00:00,0x2A1,0100010600000000
2026-09-26T08:42:46.687627+00:00,0x2A1,0100010600000000
2026-09-26T08:42:46.692621+00:00,0x2A1,0100010600000000
2026-09-26T08:42:46.697597+00:00,0x2A1,0100010600000000
2026-09-26T08:42:46.703556+00:00,0x2A1,0100010600000000
2026-09-26T08:42:46.707554+00:00,0x2A1,0100010600000000
2026-09-26T08:42:46.712597+00:00,0x2A1,0100010600000000
2026-09-26T08:42:46.717597+00:00,0x2A1,0100010600000000
2026-09-26T08:42:46.723950+00:00,0x2A1,0100010600000000
2026-09-26T08:42:46.728138+00:00,0x2A1,0100010600000000
2026-09-26T08:42:46.733052+00:00,0x2A1,0100010600000000
2026-09-26T08:42:46.737808+00:00,0x2A1,0100010600000000
2026-09-26T08:42:46.743942+00:00,0x2A1,0100010600000000
2026-09-26T08:42:46.746885+00:00,0x151,0101050000000000
2026-09-26T08:42:46.747079+00:00,0x155,00001F44FFFF9193
2026-09-26T08:42:46.747144+00:00,0x156,FFFF10E5FFFFA678
2026-09-26T08:42:46.747214+00:00,0x157,000078ED00002E01
2026-09-26T08:42:46.747283+00:00,0x170,FFFF960500000000
2026-09-26T08:42:46.748196+00:00,0x2A1,0100010600000000
2026-09-26T08:42:46.752619+00:00,0x2A1,0100010600000000
2026-09-26T08:42:46.757538+00:00,0x2A1,0100010600000000
2026-09-26T08:42:46.764471+00:00,0x2A1,0100010601000000
2026-09-26T08:42:46.768375+00:00,0x2A1,0100010601000000
2026-09-26T08:42:46.772937+00:00,0x2A1,0100010601000000
2026-09-26T08:42:46.778269+00:00,0x2A1,0100010601000000
2026-09-26T08:42:46.786942+00:00,0x2A1,0100010601000000
2026-09-26T08:42:46.791105+00:00,0x2A1,0100010601000000
2026-09-26T08:42:46.794989+00:00,0x2A1,0100010601000000
2026-09-26T08:42:46.798429+00:00,0x2A1,0100010601000000
2026-09-26T08:42:46.805437+00:00,0x2A1,0100010601000000
2026-09-26T08:42:46.808687+00:00,0x2A1,0100010601000000
2026-09-26T08:42:46.813384+00:00,0x2A1,0100010601000000
2026-09-26T08:42:46.818195+00:00,0x2A1,0100010601000000
2026-09-26T08:42:46.825221+00:00,0x2A1,0100010601000000
2026-09-26T08:42:46.829546+00:00,0x2A1,0100010601000000
2026-09-26T08:42:46.833181+00:00,0x2A1,0100010601000000
2026-09-26T08:42:46.838032+00:00,0x2A1,0100010601000000
2026-09-26T08:42:46.846171+00:00,0x2A1,0100010601000000
2026-09-26T08:42:46.849338+00:00,0x2A1,0100010601000000
2026-09-26T08:42:46.852982+00:00,0x2A1,0100010601000000
2026-09-26T08:42:46.857769+00:00,0x2A1,0100010601000000
2026-09-26T08:42:46.865095+00:00,0x2A1,0100010601000000
2026-09-26T08:42:46.868106+00:00,0x2A1,0100010601000000
2026-09-26T08:42:46.872661+00:00,0x2A1,0100010601000000
2026-09-26T08:42:46.877848+00:00,0x2A1,0100010601000000
2026-09-26T08:42:46.884497+00:00,0x2A1,0100010601000000
2026-09-26T08:42:46.887628+00:00,0x2A1,0100010601000000
2026-09-26T08:42:46.892689+00:00,0x2A1,0100010601000000
2026-09-26T08:42:46.898478+00:00,0x2A1,0100010601000000
2026-09-26T08:42:46.905690+00:00,0x2A1,0100010601000000
2026-09-26T08:42:46.908852+00:00,0x2A1,0100010601000000
2026-09-26T08:42:46.913153+00:00,0x2A1,0100010601000000
2026-09-26T08:42:46.917754+00:00,0x2A1,0100010601000000
2026-09-26T08:42:46.924740+00:00,0x2A1,0100010601000000
2026-09-26T08:42:46.927538+00:00,0x2A1,0100010601000000
2026-09-26T08:42:46.932591+00:00,0x2A1,0100010601000000
2026-09-26T08:42:46.937596+00:00,0x2A1,0100010601000000
2026-09-26T08:42:46.944826+00:00,0x2A1,0100010600000000
2026-09-26T08:42:46.947805+00:00,0x2A1,0100010600000000
2026-09-26T08:42:46.953258+00:00,0x2A1,0100010600000000
2026-09-26T08:42:46.958530+00:00,0x2A1,0100010600000000
2026-09-26T08:42:46.965065+00:00,0x2A1,0100010600000000
2026-09-26T08:42:46.967854+00:00,0x2A1,0100010600000000
2026-09-26T08:42:46.972536+00:00,0x2A1,0100010600000000
2026-09-26T08:42:46.977563+00:00,0x2A1,0100010600000000
2026-09-26T08:42:46.984745+00:00,0x2A1,0100010600000000
2026-09-26T08:42:46.987580+00:00,0x2A1,0100010600000000
2026-09-26T08:42:46.992735+00:00,0x2A1,0100010600000000
2026-09-26T08:42:46.997603+00:00,0x2A1,0100010600000000
2026-09-26T08:42:47.005097+00:00,0x2A1,0100010600000000
2026-09-26T08:42:47.008378+00:00,0x2A1,0100010600000000
2026-09-26T08:42:47.013637+00:00,0x2A1,0100010600000000
2026-09-26T08:42:47.017819+00:00,0x2A1,0100010600000000
2026-09-26T08:42:47.025103+00:00,0x2A1,0100010600000000
2026-09-26T08:42:47.028104+00:00,0x2A1,0100010600000000
2026-09-26T08:42:47.032586+00:00,0x2A1,0100010600000000
2026-09-26T08:42:47.037716+00:00,0x2A1,0100010600000000
2026-09-26T08:42:47.045057+00:00,0x2A1,0100010600000000
2026-09-26T08:42:47.048091+00:00,0x2A1,0100010600000000
2026-09-26T08:42:47.049114+00:00,0x151,0101050000000000
2026-09-26T08:42:47.049203+00:00,0x155,00001F45FFFF948D
2026-09-26T08:42:47.049325+00:00,0x156,FFFF104FFFFF9F8C
2026-09-26T08:42:47.049342+00:00,0x157,000075B700002E01
2026-09-26T08:42:47.049496+00:00,0x170,FFFF960500000000
2026-09-26T08:42:47.052737+00:00,0x2A1,0100010600000000
2026-09-26T08:42:47.059098+00:00,0x2A1,0100010600000000
2026-09-26T08:42:47.066743+00:00,0x2A1,0100010601000000
2026-09-26T08:42:47.069916+00:00,0x2A1,0100010601000000
2026-09-26T08:42:47.073053+00:00,0x2A1,0100010601000000
2026-09-26T08:42:47.077579+00:00,0x2A1,0100010601000000
2026-09-26T08:42:47.085205+00:00,0x2A1,0100010601000000
2026-09-26T08:42:47.088206+00:00,0x2A1,0100010601000000
2026-09-26T08:42:47.092565+00:00,0x2A1,0100010601000000
2026-09-26T08:42:47.097720+00:00,0x2A1,0100010601000000
2026-09-26T08:42:47.105540+00:00,0x2A1,0100010601000000
2026-09-26T08:42:47.108583+00:00,0x2A1,0100010601000000
2026-09-26T08:42:47.112937+00:00,0x2A1,0100010601000000
2026-09-26T08:42:47.118098+00:00,0x2A1,0100010601000000
2026-09-26T08:42:47.125958+00:00,0x2A1,0100010601000000
2026-09-26T08:42:47.128961+00:00,0x2A1,0100010601000000
2026-09-26T08:42:47.132583+00:00,0x2A1,0100010601000000
2026-09-26T08:42:47.137715+00:00,0x2A1,0100010601000000
2026-09-26T08:42:47.145054+00:00,0x2A1,0100010601000000
2026-09-26T08:42:47.148011+00:00,0x2A1,0100010601000000
2026-09-26T08:42:47.152719+00:00,0x2A1,0100010601000000
2026-09-26T08:42:47.157694+00:00,0x2A1,0100010601000000
2026-09-26T08:42:47.166743+00:00,0x2A1,0100010601000000
2026-09-26T08:42:47.169917+00:00,0x2A1,0100010601000000
2026-09-26T08:42:47.173141+00:00,0x2A1,0100010601000000
2026-09-26T08:42:47.178649+00:00,0x2A1,0100010601000000
2026-09-26T08:42:47.185056+00:00,0x2A1,0100010601000000
2026-09-26T08:42:47.188013+00:00,0x2A1,0100010601000000
2026-09-26T08:42:47.192739+00:00,0x2A1,0100010601000000
2026-09-26T08:42:47.197824+00:00,0x2A1,0100010601000000
2026-09-26T08:42:47.205566+00:00,0x2A1,0100010601000000
2026-09-26T08:42:47.208586+00:00,0x2A1,0100010601000000
2026-09-26T08:42:47.212742+00:00,0x2A1,0100010601000000
2026-09-26T08:42:47.217818+00:00,0x2A1,0100010601000000
2026-09-26T08:42:47.225748+00:00,0x2A1,0100010600000000
2026-09-26T08:42:47.229095+00:00,0x2A1,0100010600000000
2026-09-26T08:42:47.232619+00:00,0x2A1,0100010600000000
2026-09-26T08:42:47.237586+00:00,0x2A1,0100010600000000
2026-09-26T08:42:47.244854+00:00,0x2A1,0100010600000000
2026-09-26T08:42:47.247864+00:00,0x2A1,0100010600000000
2026-09-26T08:42:47.252806+00:00,0x2A1,0100010600000000
2026-09-26T08:42:47.257540+00:00,0x2A1,0100010600000000
2026-09-26T08:42:47.265202+00:00,0x2A1,0100010600000000
2026-09-26T08:42:47.268051+00:00,0x2A1,0100010600000000
2026-09-26T08:42:47.273181+00:00,0x2A1,0100010600000000
2026-09-26T08:42:47.277983+00:00,0x2A1,0100010600000000
2026-09-26T08:42:47.285056+00:00,0x2A1,0100010600000000
2026-09-26T08:42:47.288100+00:00,0x2A1,0100010600000000
2026-09-26T08:42:47.292542+00:00,0x2A1,0100010600000000
2026-09-26T08:42:47.297696+00:00,0x2A1,0100010600000000
2026-09-26T08:42:47.300994+00:00,0x151,0101050000000000
2026-09-26T08:42:47.301164+00:00,0x155,00001F47FFFF9788
2026-09-26T08:42:47.301299+00:00,0x156,FFFF0FB8FFFF989F
2026-09-26T08:42:47.301359+00:00,0x157,0000728200002E01
2026-09-26T08:42:47.301433+00:00,0x170,FFFF960500000000
2026-09-26T08:42:47.304813+00:00,0x2A1,0100010600000000
2026-09-26T08:42:47.308499+00:00,0x2A1,0100010601000000
2026-09-26T08:42:47.312541+00:00,0x2A1,0100010601000000
2026-09-26T08:42:47.317726+00:00,0x2A1,0100010601000000
2026-09-26T08:42:47.323585+00:00,0x2A1,0100010601000000
2026-09-26T08:42:47.328585+00:00,0x2A1,0100010601000000
2026-09-26T08:42:47.333014+00:00,0x2A1,0100010601000000
2026-09-26T08:42:47.337588+00:00,0x2A1,0100010601000000
2026-09-26T08:42:47.343415+00:00,0x2A1,0100010601000000
2026-09-26T08:42:47.348100+00:00,0x2A1,0100010601000000
2026-09-26T08:42:47.352582+00:00,0x2A1,0100010601000000
2026-09-26T08:42:47.357585+00:00,0x2A1,0100010601000000
2026-09-26T08:42:47.366715+00:00,0x2A1,0100010601000000
2026-09-26T08:42:47.369692+00:00,0x2A1,0100010601000000
2026-09-26T08:42:47.372694+00:00,0x2A1,0100010601000000
2026-09-26T08:42:47.377856+00:00,0x2A1,0100010601000000
2026-09-26T08:42:47.384333+00:00,0x2A1,0100010601000000
2026-09-26T08:42:47.389381+00:00,0x2A1,0100010601000000
2026-09-26T08:42:47.392740+00:00,0x2A1,0100010601000000
2026-09-26T08:42:47.397542+00:00,0x2A1,0100010601000000
2026-09-26T08:42:47.403569+00:00,0x2A1,0100010601000000
2026-09-26T08:42:47.408015+00:00,0x2A1,0100010601000000
2026-09-26T08:42:47.412542+00:00,0x2A1,0100010601000000
2026-09-26T08:42:47.417876+00:00,0x2A1,0100010601000000
2026-09-26T08:42:47.423356+00:00,0x2A1,0100010601000000
2026-09-26T08:42:47.427811+00:00,0x2A1,0100010601000000
2026-09-26T08:42:47.433744+00:00,0x2A1,0100010601000000
2026-09-26T08:42:47.438248+00:00,0x2A1,0100010601000000
2026-09-26T08:42:47.443879+00:00,0x2A1,0100010601000000
2026-09-26T08:42:47.448499+00:00,0x2A1,0100010601000000
2026-09-26T08:42:47.452770+00:00,0x2A1,0100010601000000
2026-09-26T08:42:47.457811+00:00,0x2A1,0100010601000000
2026-09-26T08:42:47.463344+00:00,0x2A1,0100010601000000
2026-09-26T08:42:47.467869+00:00,0x2A1,0100010601000000
2026-09-26T08:42:47.472696+00:00,0x2A1,0100010601000000
2026-09-26T08:42:47.477546+00:00,0x2A1,0100010601000000
2026-09-26T08:42:47.483797+00:00,0x2A1,0100010601000000
2026-09-26T08:42:47.488955+00:00,0x2A1,0100010600000000
2026-09-26T08:42:47.493243+00:00,0x2A1,0100010600000000
2026-09-26T08:42:47.497868+00:00,0x2A1,0100010600000000
2026-09-26T08:42:47.503513+00:00,0x2A1,0100010600000000
2026-09-26T08:42:47.508058+00:00,0x2A1,0100010600000000
2026-09-26T08:42:47.512643+00:00,0x2A1,0100010600000000
2026-09-26T08:42:47.517543+00:00,0x2A1,0100010600000000
2026-09-26T08:42:47.523381+00:00,0x2A1,0100010600000000
2026-09-26T08:42:47.527857+00:00,0x2A1,0100010600000000
2026-09-26T08:42:47.532645+00:00,0x2A1,0100010600000000
2026-09-26T08:42:47.537890+00:00,0x2A1,0100010600000000
2026-09-26T08:42:47.543771+00:00,0x2A1,0100010600000000
2026-09-26T08:42:47.548964+00:00,0x2A1,0100010600000000
2026-09-26T08:42:47.552588+00:00,0x2A1,0100010600000000
2026-09-26T08:42:47.553146+00:00,0x151,0101050000000000
2026-09-26T08:42:47.553371+00:00,0x155,00001F48FFFF9A82
2026-09-26T08:42:47.553406+00:00,0x156,FFFF0F22FFFF91B3
2026-09-26T08:42:47.553480+00:00,0x157,00006F4C00002E01
2026-09-26T08:42:47.553548+00:00,0x170,FFFF960500000000
2026-09-26T08:42:47.557609+00:00,0x2A1,0100010600000000
2026-09-26T08:42:47.563295+00:00,0x2A1,0100010600000000
2026-09-26T08:42:47.568206+00:00,0x2A1,0100010601000000
2026-09-26T08:42:47.572546+00:00,0x2A1,0100010601000000
2026-09-26T08:42:47.577565+00:00,0x2A1,0100010601000000
2026-09-26T08:42:47.583166+00:00,0x2A1,0100010601000000
2026-09-26T08:42:47.588016+00:00,0x2A1,0100010601000000
2026-09-26T08:42:47.593056+00:00,0x2A1,0100010601000000
2026-09-26T08:42:47.597858+00:00,0x2A1,0100010601000000
2026-09-26T08:42:47.603943+00:00,0x2A1,0100010601000000
2026-09-26T08:42:47.608698+00:00,0x2A1,0100010601000000
2026-09-26T08:42:47.612543+00:00,0x2A1,0100010601000000
2026-09-26T08:42:47.617546+00:00,0x2A1,0100010601000000
2026-09-26T08:42:47.623355+00:00,0x2A1,0100010601000000
2026-09-26T08:42:47.629301+00:00,0x2A1,0100010601000000
2026-09-26T08:42:47.632693+00:00,0x2A1,0100010601000000
2026-09-26T08:42:47.637858+00:00,0x2A1,0100010601000000
2026-09-26T08:42:47.643299+00:00,0x2A1,0100010601000000
2026-09-26T08:42:47.649145+00:00,0x2A1,0100010601000000
2026-09-26T08:42:47.652922+00:00,0x2A1,0100010601000000
2026-09-26T08:42:47.658188+00:00,0x2A1,0100010601000000
2026-09-26T08:42:47.663356+00:00,0x2A1,0100010601000000
2026-09-26T08:42:47.668696+00:00,0x2A1,0100010601000000
2026-09-26T08:42:47.672546+00:00,0x2A1,0100010601000000
2026-09-26T08:42:47.677546+00:00,0x2A1,0100010601000000
2026-09-26T08:42:47.683273+00:00,0x2A1,0100010601000000
2026-09-26T08:42:47.688643+00:00,0x2A1,0100010601000000
2026-09-26T08:42:47.692619+00:00,0x2A1,0100010601000000
2026-09-26T08:42:47.697877+00:00,0x2A1,0100010601000000
2026-09-26T08:42:47.703863+00:00,0x2A1,0100010601000000
2026-09-26T08:42:47.709424+00:00,0x2A1,0100010601000000
2026-09-26T08:42:47.713820+00:00,0x2A1,0100010601000000
2026-09-26T08:42:47.717871+00:00,0x2A1,0100010601000000
2026-09-26T08:42:47.723299+00:00,0x2A1,0100010601000000
2026-09-26T08:42:47.728869+00:00,0x2A1,0100010600000000
2026-09-26T08:42:47.732601+00:00,0x2A1,0100010600000000
2026-09-26T08:42:47.737820+00:00,0x2A1,0100010600000000
2026-09-26T08:42:47.743342+00:00,0x2A1,0100010600000000
2026-09-26T08:42:47.748776+00:00,0x2A1,0100010600000000
2026-09-26T08:42:47.752545+00:00,0x2A1,0100010600000000
2026-09-26T08:42:47.758404+00:00,0x2A1,0100010600000000
2026-09-26T08:42:47.764117+00:00,0x2A1,0100010600000000
2026-09-26T08:42:47.769997+00:00,0x2A1,0100010600000000
2026-09-26T08:42:47.773430+00:00,0x2A1,0100010600000000
2026-09-26T08:42:47.777859+00:00,0x2A1,0100010600000000
2026-09-26T08:42:47.783545+00:00,0x2A1,0100010600000000
2026-09-26T08:42:47.789060+00:00,0x2A1,0100010600000000
2026-09-26T08:42:47.792721+00:00,0x2A1,0100010600000000
2026-09-26T08:42:47.797545+00:00,0x2A1,0100010600000000
2026-09-26T08:42:47.803229+00:00,0x2A1,0100010600000000
2026-09-26T08:42:47.805832+00:00,0x151,0101050000000000
2026-09-26T08:42:47.805942+00:00,0x155,000020B2FFFF9D4C
2026-09-26T08:42:47.805985+00:00,0x156,FFFF0E88FFFF8A45
2026-09-26T08:42:47.806095+00:00,0x157,00006E9B00002E01
2026-09-26T08:42:47.806298+00:00,0x170,FFFF960500000000
2026-09-26T08:42:47.809700+00:00,0x2A1,0100010600000000
2026-09-26T08:42:47.812696+00:00,0x2A1,0100010600000000
2026-09-26T08:42:47.817775+00:00,0x2A1,0100010600000000
2026-09-26T08:42:47.823545+00:00,0x2A1,0100010600000000
2026-09-26T08:42:47.829902+00:00,0x2A1,0100010601000000
2026-09-26T08:42:47.833302+00:00,0x2A1,0100010601000000
2026-09-26T08:42:47.837841+00:00,0x2A1,0100010601000000
2026-09-26T08:42:47.843462+00:00,0x2A1,0100010601000000
2026-09-26T08:42:47.849337+00:00,0x2A1,0100010601000000
2026-09-26T08:42:47.852703+00:00,0x2A1,0100010601000000
2026-09-26T08:42:47.857545+00:00,0x2A1,0100010601000000
2026-09-26T08:42:47.863406+00:00,0x2A1,0100010601000000
2026-09-26T08:42:47.868860+00:00,0x2A1,0100010601000000
2026-09-26T08:42:47.872609+00:00,0x2A1,0100010601000000
2026-09-26T08:42:47.878104+00:00,0x2A1,0100010601000000
2026-09-26T08:42:47.884337+00:00,0x2A1,0100010601000000
2026-09-26T08:42:47.889062+00:00,0x2A1,0100010601000000
2026-09-26T08:42:47.892703+00:00,0x2A1,0100010601000000
2026-09-26T08:42:47.897759+00:00,0x2A1,0100010601000000
2026-09-26T08:42:47.903301+00:00,0x2A1,0100010601000000
2026-09-26T08:42:47.909609+00:00,0x2A1,0100010601000000
2026-09-26T08:42:47.913019+00:00,0x2A1,0100010601000000
2026-09-26T08:42:47.917597+00:00,0x2A1,0100010601000000
2026-09-26T08:42:47.923751+00:00,0x2A1,0100010601000000
2026-09-26T08:42:47.930380+00:00,0x2A1,0100010601000000
2026-09-26T08:42:47.933756+00:00,0x2A1,0100010601000000
2026-09-26T08:42:47.938069+00:00,0x2A1,0100010601000000
2026-09-26T08:42:47.943515+00:00,0x2A1,0100010601000000
2026-09-26T08:42:47.949213+00:00,0x2A1,0100010601000000
2026-09-26T08:42:47.952549+00:00,0x2A1,0100010601000000
2026-09-26T08:42:47.957547+00:00,0x2A1,0100010601000000
2026-09-26T08:42:47.963258+00:00,0x2A1,0100010601000000
2026-09-26T08:42:47.969105+00:00,0x2A1,0100010601000000
2026-09-26T08:42:47.972589+00:00,0x2A1,0100010601000000
2026-09-26T08:42:47.977548+00:00,0x2A1,0100010601000000
2026-09-26T08:42:47.983947+00:00,0x2A1,0100010601000000
2026-09-26T08:42:47.990479+00:00,0x2A1,0100010601000000
2026-09-26T08:42:47.993860+00:00,0x2A1,0100010601000000
2026-09-26T08:42:47.997547+00:00,0x2A1,0100010601000000
2026-09-26T08:42:48.003260+00:00,0x2A1,0100010601000000
2026-09-26T08:42:48.009356+00:00,0x2A1,0100010600000000
2026-09-26T08:42:48.012591+00:00,0x2A1,0100010600000000
2026-09-26T08:42:48.017669+00:00,0x2A1,0100010600000000
2026-09-26T08:42:48.023348+00:00,0x2A1,0100010600000000
2026-09-26T08:42:48.029351+00:00,0x2A1,0100010600000000
2026-09-26T08:42:48.032604+00:00,0x2A1,0100010600000000
2026-09-26T08:42:48.037824+00:00,0x2A1,0100010600000000
2026-09-26T08:42:48.043604+00:00,0x2A1,0100010600000000
2026-09-26T08:42:48.049757+00:00,0x2A1,0100010600000000
2026-09-26T08:42:48.052767+00:00,0x2A1,0100010600000000
2026-09-26T08:42:48.057594+00:00,0x2A1,0100010600000000
2026-09-26T08:42:48.063342+00:00,0x2A1,0100010600000000
2026-09-26T08:42:48.069561+00:00,0x2A1,0100010600000000
2026-09-26T08:42:48.072921+00:00,0x2A1,0100010600000000
2026-09-26T08:42:48.077608+00:00,0x2A1,0100010600000000
2026-09-26T08:42:48.083342+00:00,0x2A1,0100010600000000
2026-09-26T08:42:48.089324+00:00,0x2A1,0100010600000000
2026-09-26T08:42:48.093245+00:00,0x2A1,0100010600000000
2026-09-26T08:42:48.098196+00:00,0x2A1,0100010600000000
2026-09-26T08:42:48.103342+00:00,0x2A1,0100010600000000
2026-09-26T08:42:48.108259+00:00,0x151,0101050000000000
2026-09-26T08:42:48.109299+00:00,0x2A1,0100010600000000
2026-09-26T08:42:48.109338+00:00,0x155,00002356FFFF9E21
2026-09-26T08:42:48.109694+00:00,0x156,FFFF0E2CFFFF86B0
2026-09-26T08:42:48.110411+00:00,0x157,00006E9300002E01
2026-09-26T08:42:48.110485+00:00,0x170,FFFF960500000000
2026-09-26T08:42:48.113103+00:00,0x2A1,0100010600000000
2026-09-26T08:42:48.117547+00:00,0x2A1,0100010600000000
2026-09-26T08:42:48.123482+00:00,0x2A1,0100010600000000
2026-09-26T08:42:48.129340+00:00,0x2A1,0100010601000000
2026-09-26T08:42:48.132702+00:00,0x2A1,0100010601000000
2026-09-26T08:42:48.137507+00:00,0x2A1,0100010601000000
2026-09-26T08:42:48.143608+00:00,0x2A1,0100010601000000
2026-09-26T08:42:48.152149+00:00,0x2A1,0100010601000000
2026-09-26T08:42:48.155147+00:00,0x2A1,0100010601000000
2026-09-26T08:42:48.158149+00:00,0x2A1,0100010601000000
2026-09-26T08:42:48.163260+00:00,0x2A1,0100010601000000
2026-09-26T08:42:48.170020+00:00,0x2A1,0100010601000000
2026-09-26T08:42:48.173020+00:00,0x2A1,0100010601000000
2026-09-26T08:42:48.177548+00:00,0x2A1,0100010601000000
2026-09-26T08:42:48.183147+00:00,0x2A1,0100010601000000
2026-09-26T08:42:48.189063+00:00,0x2A1,0100010600000000
2026-09-26T08:42:48.192569+00:00,0x2A1,0100010600000000
2026-09-26T08:42:48.197948+00:00,0x2A1,0100010600000000
2026-09-26T08:42:48.203755+00:00,0x2A1,0100010600000000
2026-09-26T08:42:48.210200+00:00,0x2A1,0100010600000000
2026-09-26T08:42:48.213224+00:00,0x2A1,0100010600000000
2026-09-26T08:42:48.217605+00:00,0x2A1,0100010600000000
2026-09-26T08:42:48.223377+00:00,0x2A1,0100010600000000
2026-09-26T08:42:48.229155+00:00,0x2A1,0100010600000000
2026-09-26T08:42:48.232564+00:00,0x2A1,0100010600000000
2026-09-26T08:42:48.237599+00:00,0x2A1,0100010600000000
2026-09-26T08:42:48.243155+00:00,0x2A1,0100010600000000
2026-09-26T08:42:48.249538+00:00,0x2A1,0100010600000000
2026-09-26T08:42:48.252959+00:00,0x2A1,0100010600000000
2026-09-26T08:42:48.257907+00:00,0x2A1,0100010600000000
2026-09-26T08:42:48.262341+00:00,0x151,0101050000000000
2026-09-26T08:42:48.262534+00:00,0x155,000027A8FFFF9E5E
2026-09-26T08:42:48.262708+00:00,0x156,FFFF0E20FFFF85DE
2026-09-26T08:42:48.262777+00:00,0x157,00006E9300002E01
2026-09-26T08:42:48.262918+00:00,0x170,FFFF960500000000
2026-09-26T08:42:48.263711+00:00,0x2A1,0100010600000000
2026-09-26T08:42:48.269085+00:00,0x2A1,0100010601000000
2026-09-26T08:42:48.272711+00:00,0x2A1,0100010601000000
2026-09-26T08:42:48.277712+00:00,0x2A1,0100010601000000
2026-09-26T08:42:48.283410+00:00,0x2A1,0100010601000000
2026-09-26T08:42:48.289108+00:00,0x2A1,0100010601000000
2026-09-26T08:42:48.292594+00:00,0x2A1,0100010601000000
2026-09-26T08:42:48.297734+00:00,0x2A1,0100010601000000
2026-09-26T08:42:48.303507+00:00,0x2A1,0100010601000000
2026-09-26T08:42:48.310209+00:00,0x2A1,0100010601000000
2026-09-26T08:42:48.313760+00:00,0x2A1,0100010601000000
2026-09-26T08:42:48.317904+00:00,0x2A1,0100010601000000
2026-09-26T08:42:48.323304+00:00,0x2A1,0100010601000000
2026-09-26T08:42:48.329107+00:00,0x2A1,0100010601000000
2026-09-26T08:42:48.332557+00:00,0x2A1,0100010601000000
2026-09-26T08:42:48.337599+00:00,0x2A1,0100010601000000
2026-09-26T08:42:48.343064+00:00,0x2A1,0100010601000000
2026-09-26T08:42:48.347589+00:00,0x2A1,0100010601000000
2026-09-26T08:42:48.353019+00:00,0x2A1,0100010600000000
2026-09-26T08:42:48.357645+00:00,0x2A1,0100010600000000
2026-09-26T08:42:48.363911+00:00,0x2A1,0100010600000000
2026-09-26T08:42:48.368750+00:00,0x2A1,0100010600000000
2026-09-26T08:42:48.373219+00:00,0x2A1,0100010600000000
2026-09-26T08:42:48.377549+00:00,0x2A1,0100010600000000
2026-09-26T08:42:48.383066+00:00,0x2A1,0100010600000000
2026-09-26T08:42:48.387904+00:00,0x2A1,0100010600000000
2026-09-26T08:42:48.392554+00:00,0x2A1,0100010600000000
2026-09-26T08:42:48.397530+00:00,0x2A1,0100010600000000
2026-09-26T08:42:48.403117+00:00,0x2A1,0100010600000000
2026-09-26T08:42:48.410032+00:00,0x2A1,0100010600000000
2026-09-26T08:42:48.414275+00:00,0x2A1,0100010600000000
2026-09-26T08:42:48.418275+00:00,0x2A1,0100010600000000
2026-09-26T08:42:48.423958+00:00,0x2A1,0100010600000000
2026-09-26T08:42:48.428250+00:00,0x2A1,0100010600000000
2026-09-26T08:42:48.432781+00:00,0x2A1,0100010600000000
2026-09-26T08:42:48.437605+00:00,0x2A1,0100010600000000
2026-09-26T08:42:48.443317+00:00,0x2A1,0100010600000000
2026-09-26T08:42:48.447609+00:00,0x2A1,0100010600000000
2026-09-26T08:42:48.452603+00:00,0x2A1,0100010600000000
2026-09-26T08:42:48.457799+00:00,0x2A1,0100010600000000
2026-09-26T08:42:48.463492+00:00,0x2A1,0100010600000000
2026-09-26T08:42:48.464599+00:00,0x151,0101050000000000
2026-09-26T08:42:48.464778+00:00,0x155,000030ECFFFF9E67
2026-09-26T08:42:48.464843+00:00,0x156,FFFF0E1EFFFF85D9
2026-09-26T08:42:48.464919+00:00,0x157,00006E9300002E01
2026-09-26T08:42:48.464983+00:00,0x170,FFFF960500000000
2026-09-26T08:42:48.468703+00:00,0x2A1,0100010600000000
2026-09-26T08:42:48.474022+00:00,0x2A1,0100010601000000
2026-09-26T08:42:48.477712+00:00,0x2A1,0100010601000000
2026-09-26T08:42:48.483151+00:00,0x2A1,0100010601000000
2026-09-26T08:42:48.487702+00:00,0x2A1,0100010601000000
2026-09-26T08:42:48.492712+00:00,0x2A1,0100010601000000
2026-09-26T08:42:48.497550+00:00,0x2A1,0100010601000000
2026-09-26T08:42:48.503109+00:00,0x2A1,0100010601000000
2026-09-26T08:42:48.507593+00:00,0x2A1,0100010601000000
2026-09-26T08:42:48.512703+00:00,0x2A1,0100010601000000
2026-09-26T08:42:48.518701+00:00,0x2A1,0100010601000000
2026-09-26T08:42:48.523726+00:00,0x2A1,0100010601000000
2026-09-26T08:42:48.528109+00:00,0x2A1,0100010601000000
2026-09-26T08:42:48.533109+00:00,0x2A1,0100010601000000
2026-09-26T08:42:48.537727+00:00,0x2A1,0100010601000000
2026-09-26T08:42:48.543109+00:00,0x2A1,0100010601000000
2026-09-26T08:42:48.547780+00:00,0x2A1,0100010601000000
2026-09-26T08:42:48.552706+00:00,0x2A1,0100010601000000
2026-09-26T08:42:48.557740+00:00,0x2A1,0100010601000000
2026-09-26T08:42:48.563557+00:00,0x2A1,0100010601000000
2026-09-26T08:42:48.567811+00:00,0x2A1,0100010601000000
2026-09-26T08:42:48.573595+00:00,0x2A1,0100010601000000
2026-09-26T08:42:48.577825+00:00,0x2A1,0100010601000000
2026-09-26T08:42:48.583867+00:00,0x2A1,0100010601000000
2026-09-26T08:42:48.587895+00:00,0x2A1,0100010601000000
2026-09-26T08:42:48.593566+00:00,0x2A1,0100010601000000
2026-09-26T08:42:48.597961+00:00,0x2A1,0100010601000000
2026-09-26T08:42:48.603238+00:00,0x2A1,0100010601000000
2026-09-26T08:42:48.607700+00:00,0x2A1,0100010601000000
2026-09-26T08:42:48.612909+00:00,0x2A1,0100010601000000
2026-09-26T08:42:48.617553+00:00,0x2A1,0100010601000000
2026-09-26T08:42:48.623270+00:00,0x2A1,0100010601000000
2026-09-26T08:42:48.628107+00:00,0x2A1,0100010601000000
2026-09-26T08:42:48.634150+00:00,0x2A1,0100010601000000
2026-09-26T08:42:48.638109+00:00,0x2A1,0100010601000000
2026-09-26T08:42:48.643317+00:00,0x2A1,0100010601000000
2026-09-26T08:42:48.647561+00:00,0x2A1,0100010601000000
2026-09-26T08:42:48.653221+00:00,0x2A1,0100010601000000
2026-09-26T08:42:48.657563+00:00,0x2A1,0100010601000000
2026-09-26T08:42:48.663224+00:00,0x2A1,0100010601000000
2026-09-26T08:42:48.667788+00:00,0x2A1,0100010601000000
2026-09-26T08:42:48.673557+00:00,0x2A1,0100010601000000
2026-09-26T08:42:48.677607+00:00,0x2A1,0100010601000000
2026-09-26T08:42:48.684306+00:00,0x2A1,0100010601000000
2026-09-26T08:42:48.688046+00:00,0x2A1,0100010601000000
2026-09-26T08:42:48.694790+00:00,0x2A1,0100010601000000
2026-09-26T08:42:48.697726+00:00,0x2A1,0100010601000000
2026-09-26T08:42:48.703527+00:00,0x2A1,0100010601000000
2026-09-26T08:42:48.707753+00:00,0x2A1,0100010601000000
2026-09-26T08:42:48.713796+00:00,0x2A1,0100010600000000
2026-09-26T08:42:48.717554+00:00,0x2A1,0100010600000000
2026-09-26T08:42:48.723384+00:00,0x2A1,0100010600000000
2026-09-26T08:42:48.727627+00:00,0x2A1,0100010600000000
2026-09-26T08:42:48.734272+00:00,0x2A1,0100010600000000
2026-09-26T08:42:48.738198+00:00,0x2A1,0100010600000000
2026-09-26T08:42:48.743868+00:00,0x2A1,0100010600000000
2026-09-26T08:42:48.747844+00:00,0x2A1,0100010600000000
2026-09-26T08:42:48.753915+00:00,0x2A1,0100010600000000
2026-09-26T08:42:48.757568+00:00,0x2A1,0100010600000000
2026-09-26T08:42:48.763220+00:00,0x2A1,0100010600000000
2026-09-26T08:42:48.767633+00:00,0x2A1,0100010600000000
2026-09-26T08:42:48.773972+00:00,0x2A1,0100010600000000
2026-09-26T08:42:48.777702+00:00,0x2A1,0100010600000000
2026-09-26T08:42:48.783265+00:00,0x2A1,0100010600000000
2026-09-26T08:42:48.787781+00:00,0x2A1,0100010600000000
2026-09-26T08:42:48.795603+00:00,0x2A1,0100010600000000
2026-09-26T08:42:48.799025+00:00,0x2A1,0100010600000000
2026-09-26T08:42:48.803469+00:00,0x2A1,0100010600000000
2026-09-26T08:42:48.807713+00:00,0x2A1,0100010600000000
2026-09-26T08:42:48.814383+00:00,0x2A1,0100010600000000
2026-09-26T08:42:48.817158+00:00,0x151,0101050000000000
2026-09-26T08:42:48.817300+00:00,0x155,00003A2FFFFF9E70
2026-09-26T08:42:48.817400+00:00,0x156,FFFF0E1CFFFF85D3
2026-09-26T08:42:48.817553+00:00,0x157,00006E9300002E01
2026-09-26T08:42:48.817704+00:00,0x170,FFFF960500000000
2026-09-26T08:42:48.818157+00:00,0x2A1,0100010600000000
2026-09-26T08:42:48.823179+00:00,0x2A1,0100010600000000
2026-09-26T08:42:48.827592+00:00,0x2A1,0100010600000000
2026-09-26T08:42:48.834219+00:00,0x2A1,0100010601000000
2026-09-26T08:42:48.837979+00:00,0x2A1,0100010601000000
2026-09-26T08:42:48.844391+00:00,0x2A1,0100010601000000
2026-09-26T08:42:48.848343+00:00,0x2A1,0100010601000000
2026-09-26T08:42:48.855891+00:00,0x2A1,0100010601000000
2026-09-26T08:42:48.859705+00:00,0x2A1,0100010601000000
2026-09-26T08:42:48.864155+00:00,0x2A1,0100010601000000
2026-09-26T08:42:48.867908+00:00,0x2A1,0100010601000000
2026-09-26T08:42:48.875705+00:00,0x2A1,0100010601000000
2026-09-26T08:42:48.879197+00:00,0x2A1,0100010601000000
2026-09-26T08:42:48.883223+00:00,0x2A1,0100010601000000
2026-09-26T08:42:48.891155+00:00,0x2A1,0100010601000000
2026-09-26T08:42:48.896393+00:00,0x2A1,0100010601000000
2026-09-26T08:42:48.899893+00:00,0x2A1,0100010601000000
2026-09-26T08:42:48.906156+00:00,0x2A1,0100010601000000
2026-09-26T08:42:48.909728+00:00,0x2A1,0100010601000000
2026-09-26T08:42:48.914911+00:00,0x2A1,0100010601000000
2026-09-26T08:42:48.918027+00:00,0x2A1,0100010601000000
2026-09-26T08:42:48.923703+00:00,0x2A1,0100010601000000
2026-09-26T08:42:48.927554+00:00,0x2A1,0100010601000000
2026-09-26T08:42:48.934415+00:00,0x2A1,0100010601000000
2026-09-26T08:42:48.937706+00:00,0x2A1,0100010601000000
2026-09-26T08:42:48.943468+00:00,0x2A1,0100010601000000
2026-09-26T08:42:48.947511+00:00,0x2A1,0100010601000000
2026-09-26T08:42:48.954113+00:00,0x2A1,0100010601000000
2026-09-26T08:42:48.957852+00:00,0x2A1,0100010601000000
2026-09-26T08:42:48.963869+00:00,0x2A1,0100010601000000
2026-09-26T08:42:48.968762+00:00,0x2A1,0100010601000000
2026-09-26T08:42:48.974468+00:00,0x2A1,0100010601000000
2026-09-26T08:42:48.977514+00:00,0x2A1,0100010601000000
2026-09-26T08:42:48.983224+00:00,0x2A1,0100010601000000
2026-09-26T08:42:48.987555+00:00,0x2A1,0100010601000000
2026-09-26T08:42:48.994124+00:00,0x2A1,0100010601000000
2026-09-26T08:42:48.997617+00:00,0x2A1,0100010601000000
2026-09-26T08:42:49.003267+00:00,0x2A1,0100010601000000
2026-09-26T08:42:49.007732+00:00,0x2A1,0100010601000000
2026-09-26T08:42:49.015490+00:00,0x2A1,0100010601000000
2026-09-26T08:42:49.020005+00:00,0x2A1,0100010601000000
2026-09-26T08:42:49.023761+00:00,0x2A1,0100010601000000
2026-09-26T08:42:49.027580+00:00,0x2A1,0100010601000000
2026-09-26T08:42:49.034168+00:00,0x2A1,0100010601000000
2026-09-26T08:42:49.037569+00:00,0x2A1,0100010601000000
2026-09-26T08:42:49.043178+00:00,0x2A1,0100010601000000
2026-09-26T08:42:49.047558+00:00,0x2A1,0100010601000000
2026-09-26T08:42:49.054521+00:00,0x2A1,0100010601000000
2026-09-26T08:42:49.057570+00:00,0x2A1,0100010601000000
2026-09-26T08:42:49.063604+00:00,0x2A1,0100010601000000
2026-09-26T08:42:49.068247+00:00,0x2A1,0100010601000000
2026-09-26T08:42:49.073732+00:00,0x2A1,0100010600000000
2026-09-26T08:42:49.078571+00:00,0x2A1,0100010600000000
2026-09-26T08:42:49.083270+00:00,0x2A1,0100010600000000
2026-09-26T08:42:49.087570+00:00,0x2A1,0100010600000000
2026-09-26T08:42:49.094086+00:00,0x2A1,0100010600000000
2026-09-26T08:42:49.097588+00:00,0x2A1,0100010600000000
2026-09-26T08:42:49.103070+00:00,0x2A1,0100010600000000
2026-09-26T08:42:49.107581+00:00,0x2A1,0100010600000000
2026-09-26T08:42:49.114119+00:00,0x2A1,0100010600000000
2026-09-26T08:42:49.118211+00:00,0x2A1,0100010600000000
2026-09-26T08:42:49.123961+00:00,0x2A1,0100010600000000
2026-09-26T08:42:49.128072+00:00,0x2A1,0100010600000000
2026-09-26T08:42:49.135073+00:00,0x2A1,0100010600000000
2026-09-26T08:42:49.138213+00:00,0x2A1,0100010600000000
2026-09-26T08:42:49.143225+00:00,0x2A1,0100010600000000
2026-09-26T08:42:49.147811+00:00,0x2A1,0100010600000000
2026-09-26T08:42:49.155010+00:00,0x2A1,0100010600000000
2026-09-26T08:42:49.157827+00:00,0x2A1,0100010600000000
2026-09-26T08:42:49.163178+00:00,0x2A1,0100010600000000
2026-09-26T08:42:49.167566+00:00,0x2A1,0100010600000000
2026-09-26T08:42:49.170078+00:00,0x151,0101050000000000
2026-09-26T08:42:49.170207+00:00,0x155,00004372FFFF9E79
2026-09-26T08:42:49.170277+00:00,0x156,FFFF0E1AFFFF85CE
2026-09-26T08:42:49.170345+00:00,0x157,00006E9300002E01
2026-09-26T08:42:49.170405+00:00,0x170,FFFF960500000000
2026-09-26T08:42:49.173154+00:00,0x2A1,0100010600000000
2026-09-26T08:42:49.178553+00:00,0x2A1,0100010601000000
2026-09-26T08:42:49.183824+00:00,0x2A1,0100010601000000
2026-09-26T08:42:49.187728+00:00,0x2A1,0100010601000000
2026-09-26T08:42:49.194071+00:00,0x2A1,0100010601000000
2026-09-26T08:42:49.197517+00:00,0x2A1,0100010601000000
2026-09-26T08:42:49.203158+00:00,0x2A1,0100010601000000
2026-09-26T08:42:49.207514+00:00,0x2A1,0100010601000000
2026-09-26T08:42:49.214271+00:00,0x2A1,0100010601000000
2026-09-26T08:42:49.217516+00:00,0x2A1,0100010601000000
2026-09-26T08:42:49.223269+00:00,0x2A1,0100010601000000
2026-09-26T08:42:49.229497+00:00,0x2A1,0100010601000000
2026-09-26T08:42:49.232957+00:00,0x2A1,0100010601000000
2026-09-26T08:42:49.238096+00:00,0x2A1,0100010601000000
2026-09-26T08:42:49.243312+00:00,0x2A1,0100010601000000
2026-09-26T08:42:49.247711+00:00,0x2A1,0100010601000000
2026-09-26T08:42:49.252827+00:00,0x2A1,0100010601000000
2026-09-26T08:42:49.257602+00:00,0x2A1,0100010601000000
2026-09-26T08:42:49.263115+00:00,0x2A1,0100010601000000
2026-09-26T08:42:49.267557+00:00,0x2A1,0100010601000000
2026-09-26T08:42:49.272600+00:00,0x2A1,0100010601000000
2026-09-26T08:42:49.277600+00:00,0x2A1,0100010601000000
2026-09-26T08:42:49.284782+00:00,0x2A1,0100010601000000
2026-09-26T08:42:49.287912+00:00,0x2A1,0100010601000000
2026-09-26T08:42:49.293245+00:00,0x2A1,0100010601000000
2026-09-26T08:42:49.298029+00:00,0x2A1,0100010601000000
2026-09-26T08:42:49.303181+00:00,0x2A1,0100010601000000
2026-09-26T08:42:49.307557+00:00,0x2A1,0100010601000000
2026-09-26T08:42:49.312706+00:00,0x2A1,0100010601000000
2026-09-26T08:42:49.317712+00:00,0x2A1,0100010601000000
2026-09-26T08:42:49.323178+00:00,0x2A1,0100010601000000
2026-09-26T08:42:49.327578+00:00,0x2A1,0100010601000000
2026-09-26T08:42:49.332566+00:00,0x2A1,0100010601000000
2026-09-26T08:42:49.339127+00:00,0x2A1,0100010601000000
2026-09-26T08:42:49.343886+00:00,0x2A1,0100010601000000
2026-09-26T08:42:49.347931+00:00,0x2A1,0100010601000000
2026-09-26T08:42:49.354770+00:00,0x2A1,0100010601000000
2026-09-26T08:42:49.357602+00:00,0x2A1,0100010601000000
2026-09-26T08:42:49.363156+00:00,0x2A1,0100010601000000
2026-09-26T08:42:49.367558+00:00,0x2A1,0100010601000000
2026-09-26T08:42:49.372559+00:00,0x2A1,0100010601000000
2026-09-26T08:42:49.377514+00:00,0x2A1,0100010601000000
2026-09-26T08:42:49.383073+00:00,0x2A1,0100010601000000
2026-09-26T08:42:49.387711+00:00,0x2A1,0100010601000000
2026-09-26T08:42:49.393312+00:00,0x2A1,0100010601000000
2026-09-26T08:42:49.398873+00:00,0x2A1,0100010601000000
2026-09-26T08:42:49.403517+00:00,0x2A1,0100010601000000
2026-09-26T08:42:49.407564+00:00,0x2A1,0100010601000000
2026-09-26T08:42:49.413347+00:00,0x2A1,0100010601000000
2026-09-26T08:42:49.418014+00:00,0x2A1,0100010600000000
2026-09-26T08:42:49.423348+00:00,0x2A1,0100010600000000
2026-09-26T08:42:49.427766+00:00,0x2A1,0100010600000000
2026-09-26T08:42:49.432607+00:00,0x2A1,0100010600000000
2026-09-26T08:42:49.437927+00:00,0x2A1,0100010600000000
2026-09-26T08:42:49.443312+00:00,0x2A1,0100010600000000
2026-09-26T08:42:49.447872+00:00,0x2A1,0100010600000000
2026-09-26T08:42:49.453116+00:00,0x2A1,0100010600000000
2026-09-26T08:42:49.458349+00:00,0x2A1,0100010600000000
2026-09-26T08:42:49.463178+00:00,0x2A1,0100010600000000
2026-09-26T08:42:49.467616+00:00,0x2A1,0100010600000000
2026-09-26T08:42:49.472563+00:00,0x2A1,0100010600000000
2026-09-26T08:42:49.478034+00:00,0x2A1,0100010600000000
2026-09-26T08:42:49.483181+00:00,0x2A1,0100010600000000
2026-09-26T08:42:49.487513+00:00,0x2A1,0100010600000000
2026-09-26T08:42:49.492513+00:00,0x2A1,0100010600000000
2026-09-26T08:42:49.499157+00:00,0x2A1,0100010600000000
2026-09-26T08:42:49.504175+00:00,0x2A1,0100010600000000
2026-09-26T08:42:49.507512+00:00,0x2A1,0100010600000000
2026-09-26T08:42:49.512711+00:00,0x2A1,0100010600000000
2026-09-26T08:42:49.518382+00:00,0x2A1,0100010600000000
2026-09-26T08:42:49.522410+00:00,0x151,0101050000000000
2026-09-26T08:42:49.522770+00:00,0x155,00004CB6FFFF9E82
2026-09-26T08:42:49.522966+00:00,0x156,FFFF0E18FFFF85C9
2026-09-26T08:42:49.523363+00:00,0x157,00006E9300002E01
2026-09-26T08:42:49.523449+00:00,0x170,FFFF960500000000
2026-09-26T08:42:49.523711+00:00,0x2A1,0100010600000000
2026-09-26T08:42:49.527514+00:00,0x2A1,0100010600000000
2026-09-26T08:42:49.532558+00:00,0x2A1,0100010600000000
2026-09-26T08:42:49.538348+00:00,0x2A1,0100010601000000
2026-09-26T08:42:49.543182+00:00,0x2A1,0100010601000000
2026-09-26T08:42:49.547791+00:00,0x2A1,0100010601000000
2026-09-26T08:42:49.552914+00:00,0x2A1,0100010601000000
2026-09-26T08:42:49.559180+00:00,0x2A1,0100010601000000
2026-09-26T08:42:49.563180+00:00,0x2A1,0100010601000000
2026-09-26T08:42:49.567516+00:00,0x2A1,0100010601000000
2026-09-26T08:42:49.572582+00:00,0x2A1,0100010601000000
2026-09-26T08:42:49.578474+00:00,0x2A1,0100010601000000
2026-09-26T08:42:49.583074+00:00,0x2A1,0100010601000000
2026-09-26T08:42:49.587517+00:00,0x2A1,0100010601000000
2026-09-26T08:42:49.592514+00:00,0x2A1,0100010601000000
2026-09-26T08:42:49.598557+00:00,0x2A1,0100010601000000
2026-09-26T08:42:49.603828+00:00,0x2A1,0100010601000000
2026-09-26T08:42:49.607873+00:00,0x2A1,0100010601000000
2026-09-26T08:42:49.612933+00:00,0x2A1,0100010601000000
2026-09-26T08:42:49.618831+00:00,0x2A1,0100010601000000
2026-09-26T08:42:49.623603+00:00,0x2A1,0100010601000000
2026-09-26T08:42:49.627769+00:00,0x2A1,0100010601000000
2026-09-26T08:42:49.632547+00:00,0x2A1,0100010601000000
2026-09-26T08:42:49.639032+00:00,0x2A1,0100010601000000
2026-09-26T08:42:49.643474+00:00,0x2A1,0100010601000000
2026-09-26T08:42:49.647517+00:00,0x2A1,0100010601000000
2026-09-26T08:42:49.653524+00:00,0x2A1,0100010601000000
2026-09-26T08:42:49.660033+00:00,0x2A1,0100010601000000
2026-09-26T08:42:49.663874+00:00,0x2A1,0100010601000000
2026-09-26T08:42:49.668116+00:00,0x2A1,0100010601000000
2026-09-26T08:42:49.672574+00:00,0x2A1,0100010601000000
2026-09-26T08:42:49.678787+00:00,0x2A1,0100010601000000
2026-09-26T08:42:49.683819+00:00,0x2A1,0100010601000000
2026-09-26T08:42:49.687565+00:00,0x2A1,0100010601000000
2026-09-26T08:42:49.692794+00:00,0x2A1,0100010601000000
2026-09-26T08:42:49.699172+00:00,0x2A1,0100010601000000
2026-09-26T08:42:49.703080+00:00,0x2A1,0100010601000000
2026-09-26T08:42:49.707781+00:00,0x2A1,0100010601000000
2026-09-26T08:42:49.712965+00:00,0x2A1,0100010601000000
2026-09-26T08:42:49.719518+00:00,0x2A1,0100010601000000
2026-09-26T08:42:49.722716+00:00,0x2A1,0100010601000000
2026-09-26T08:42:49.728355+00:00,0x2A1,0100010601000000
2026-09-26T08:42:49.732611+00:00,0x2A1,0100010601000000
2026-09-26T08:42:49.738712+00:00,0x2A1,0100010601000000
2026-09-26T08:42:49.743115+00:00,0x2A1,0100010601000000
2026-09-26T08:42:49.747522+00:00,0x2A1,0100010601000000
2026-09-26T08:42:49.752538+00:00,0x2A1,0100010601000000
2026-09-26T08:42:49.759311+00:00,0x2A1,0100010601000000
2026-09-26T08:42:49.763029+00:00,0x2A1,0100010601000000
2026-09-26T08:42:49.768270+00:00,0x2A1,0100010601000000
2026-09-26T08:42:49.773162+00:00,0x2A1,0100010601000000
2026-09-26T08:42:49.779562+00:00,0x2A1,0100010600000000
2026-09-26T08:42:49.783271+00:00,0x2A1,0100010600000000
2026-09-26T08:42:49.787519+00:00,0x2A1,0100010600000000
2026-09-26T08:42:49.792518+00:00,0x2A1,0100010600000000
2026-09-26T08:42:49.799316+00:00,0x2A1,0100010600000000
2026-09-26T08:42:49.803076+00:00,0x2A1,0100010600000000
2026-09-26T08:42:49.807562+00:00,0x2A1,0100010600000000
2026-09-26T08:42:49.812522+00:00,0x2A1,0100010600000000
2026-09-26T08:42:49.819609+00:00,0x2A1,0100010600000000
2026-09-26T08:42:49.823876+00:00,0x2A1,0100010600000000
2026-09-26T08:42:49.828923+00:00,0x2A1,0100010600000000
2026-09-26T08:42:49.832738+00:00,0x2A1,0100010600000000
2026-09-26T08:42:49.839124+00:00,0x2A1,0100010600000000
2026-09-26T08:42:49.843317+00:00,0x2A1,0100010600000000
2026-09-26T08:42:49.847517+00:00,0x2A1,0100010600000000
2026-09-26T08:42:49.852566+00:00,0x2A1,0100010600000000
2026-09-26T08:42:49.859125+00:00,0x2A1,0100010600000000
2026-09-26T08:42:49.863766+00:00,0x2A1,0100010600000000
2026-09-26T08:42:49.867585+00:00,0x2A1,0100010600000000
2026-09-26T08:42:49.873401+00:00,0x2A1,0100010600000000
2026-09-26T08:42:49.876219+00:00,0x151,0101050000000000
2026-09-26T08:42:49.876487+00:00,0x155,00005221FFFF9E82
2026-09-26T08:42:49.876558+00:00,0x156,FFFF0E18FFFF8493
2026-09-26T08:42:49.876710+00:00,0x157,00006E9300002E01
2026-09-26T08:42:49.876789+00:00,0x170,FFFF960500000000
2026-09-26T08:42:49.880962+00:00,0x2A1,0100010600000000
2026-09-26T08:42:49.885034+00:00,0x2A1,0100010600000000
2026-09-26T08:42:49.888034+00:00,0x2A1,0100010600000000
2026-09-26T08:42:49.892559+00:00,0x2A1,0100010600000000
2026-09-26T08:42:49.899017+00:00,0x2A1,0100010601000000
2026-09-26T08:42:49.903231+00:00,0x2A1,0100010601000000
2026-09-26T08:42:49.907475+00:00,0x2A1,0100010601000000
2026-09-26T08:42:49.912600+00:00,0x2A1,0100010601000000
2026-09-26T08:42:49.918978+00:00,0x2A1,0100010601000000
2026-09-26T08:42:49.923397+00:00,0x2A1,0100010601000000
2026-09-26T08:42:49.928876+00:00,0x2A1,0100010601000000
2026-09-26T08:42:49.934446+00:00,0x2A1,0100010601000000
2026-09-26T08:42:49.939374+00:00,0x2A1,0100010601000000
2026-09-26T08:42:49.943360+00:00,0x2A1,0100010601000000
2026-09-26T08:42:49.947519+00:00,0x2A1,0100010601000000
2026-09-26T08:42:49.952566+00:00,0x2A1,0100010601000000
2026-09-26T08:42:49.959078+00:00,0x2A1,0100010601000000
2026-09-26T08:42:49.963078+00:00,0x2A1,0100010601000000
2026-09-26T08:42:49.967622+00:00,0x2A1,0100010601000000
2026-09-26T08:42:49.972569+00:00,0x2A1,0100010601000000
2026-09-26T08:42:49.979737+00:00,0x2A1,0100010601000000
2026-09-26T08:42:49.984921+00:00,0x2A1,0100010601000000
2026-09-26T08:42:49.988121+00:00,0x2A1,0100010601000000
2026-09-26T08:42:49.992563+00:00,0x2A1,0100010601000000
2026-09-26T08:42:49.999078+00:00,0x2A1,0100010600000000
2026-09-26T08:42:50.003834+00:00,0x2A1,0100010600000000
2026-09-26T08:42:50.007519+00:00,0x2A1,0100010600000000
2026-09-26T08:42:50.012607+00:00,0x2A1,0100010600000000
2026-09-26T08:42:50.019037+00:00,0x2A1,0100010600000000
2026-09-26T08:42:50.023162+00:00,0x2A1,0100010600000000
2026-09-26T08:42:50.027519+00:00,0x2A1,0100010600000000
2026-09-26T08:42:50.032740+00:00,0x2A1,0100010600000000
2026-09-26T08:42:50.039921+00:00,0x2A1,0100010600000000
2026-09-26T08:42:50.044402+00:00,0x2A1,0100010600000000
2026-09-26T08:42:50.047608+00:00,0x2A1,0100010600000000
2026-09-26T08:42:50.052711+00:00,0x2A1,0100010600000000
2026-09-26T08:42:50.059632+00:00,0x2A1,0100010600000000
2026-09-26T08:42:50.063401+00:00,0x2A1,0100010600000000
2026-09-26T08:42:50.067521+00:00,0x2A1,0100010600000000
2026-09-26T08:42:50.072528+00:00,0x2A1,0100010600000000
2026-09-26T08:42:50.080575+00:00,0x2A1,0100010600000000
2026-09-26T08:42:50.084208+00:00,0x2A1,0100010600000000
2026-09-26T08:42:50.088620+00:00,0x2A1,0100010600000000
2026-09-26T08:42:50.092794+00:00,0x2A1,0100010600000000
2026-09-26T08:42:50.099973+00:00,0x2A1,0100010600000000
2026-09-26T08:42:50.103745+00:00,0x2A1,0100010600000000
2026-09-26T08:42:50.107534+00:00,0x2A1,0100010600000000
2026-09-26T08:42:50.112685+00:00,0x2A1,0100010600000000
2026-09-26T08:42:50.119279+00:00,0x2A1,0100010600000000
2026-09-26T08:42:50.123239+00:00,0x2A1,0100010600000000
2026-09-26T08:42:50.127563+00:00,0x2A1,0100010600000000
2026-09-26T08:42:50.128714+00:00,0x151,0101050000000000
2026-09-26T08:42:50.128863+00:00,0x155,000054D7FFFF9DD6
2026-09-26T08:42:50.128956+00:00,0x156,FFFF0E18FFFF823C
2026-09-26T08:42:50.129023+00:00,0x157,00006E9800002E01
2026-09-26T08:42:50.129091+00:00,0x170,FFFF960500000000
2026-09-26T08:42:50.132738+00:00,0x2A1,0100010600000000
2026-09-26T08:42:50.139718+00:00,0x2A1,0100010601000000
2026-09-26T08:42:50.144251+00:00,0x2A1,0100010601000000
2026-09-26T08:42:50.147880+00:00,0x2A1,0100010601000000
2026-09-26T08:42:50.152792+00:00,0x2A1,0100010601000000
2026-09-26T08:42:50.159363+00:00,0x2A1,0100010601000000
2026-09-26T08:42:50.163234+00:00,0x2A1,0100010601000000
2026-09-26T08:42:50.167564+00:00,0x2A1,0100010601000000
2026-09-26T08:42:50.172715+00:00,0x2A1,0100010601000000
2026-09-26T08:42:50.179187+00:00,0x2A1,0100010600000000
2026-09-26T08:42:50.183187+00:00,0x2A1,0100010600000000
2026-09-26T08:42:50.187517+00:00,0x2A1,0100010600000000
2026-09-26T08:42:50.192742+00:00,0x2A1,0100010600000000
2026-09-26T08:42:50.198029+00:00,0x2A1,0100010600000000
2026-09-26T08:42:50.204123+00:00,0x2A1,0100010600000000
2026-09-26T08:42:50.207741+00:00,0x2A1,0100010600000000
2026-09-26T08:42:50.212987+00:00,0x2A1,0100010600000000
2026-09-26T08:42:50.219124+00:00,0x2A1,0100010600000000
2026-09-26T08:42:50.223125+00:00,0x2A1,0100010600000000
2026-09-26T08:42:50.227628+00:00,0x2A1,0100010600000000
2026-09-26T08:42:50.232546+00:00,0x2A1,0100010600000000
2026-09-26T08:42:50.238399+00:00,0x2A1,0100010600000000
2026-09-26T08:42:50.243276+00:00,0x2A1,0100010600000000
2026-09-26T08:42:50.248170+00:00,0x2A1,0100010600000000
2026-09-26T08:42:50.253077+00:00,0x2A1,0100010600000000
2026-09-26T08:42:50.258265+00:00,0x2A1,0100010600000000
2026-09-26T08:42:50.263663+00:00,0x2A1,0100010600000000
2026-09-26T08:42:50.267573+00:00,0x2A1,0100010600000000
2026-09-26T08:42:50.272578+00:00,0x2A1,0100010600000000
2026-09-26T08:42:50.278008+00:00,0x2A1,0100010600000000
2026-09-26T08:42:50.279912+00:00,0x151,0101050000000000
2026-09-26T08:42:50.280374+00:00,0x155,0000556AFFFF956B
2026-09-26T08:42:50.280396+00:00,0x156,FFFF0E18FFFF7D0A
2026-09-26T08:42:50.280507+00:00,0x157,00006E9800002E01
2026-09-26T08:42:50.280591+00:00,0x170,FFFF960500000000
2026-09-26T08:42:50.283883+00:00,0x2A1,0100010600000000
2026-09-26T08:42:50.287716+00:00,0x2A1,0100010600000000
2026-09-26T08:42:50.292520+00:00,0x2A1,0100010600000000
2026-09-26T08:42:50.298503+00:00,0x2A1,0100010600000000
2026-09-26T08:42:50.304234+00:00,0x2A1,0100010601000000
2026-09-26T08:42:50.308080+00:00,0x2A1,0100010601000000
2026-09-26T08:42:50.313984+00:00,0x2A1,0100010601000000
2026-09-26T08:42:50.317763+00:00,0x2A1,0100010601000000
2026-09-26T08:42:50.323881+00:00,0x2A1,0100010601000000
2026-09-26T08:42:50.327565+00:00,0x2A1,0100010601000000
2026-09-26T08:42:50.332523+00:00,0x2A1,0100010601000000
2026-09-26T08:42:50.340089+00:00,0x2A1,0100010601000000
2026-09-26T08:42:50.343717+00:00,0x2A1,0100010601000000
2026-09-26T08:42:50.348010+00:00,0x2A1,0100010601000000
2026-09-26T08:42:50.352520+00:00,0x2A1,0100010601000000
2026-09-26T08:42:50.360740+00:00,0x2A1,0100010601000000
2026-09-26T08:42:50.364921+00:00,0x2A1,0100010601000000
2026-09-26T08:42:50.368357+00:00,0x2A1,0100010601000000
2026-09-26T08:42:50.372792+00:00,0x2A1,0100010601000000
2026-09-26T08:42:50.377563+00:00,0x2A1,0100010601000000
2026-09-26T08:42:50.383923+00:00,0x2A1,0100010601000000
2026-09-26T08:42:50.387607+00:00,0x2A1,0100010601000000
2026-09-26T08:42:50.392717+00:00,0x2A1,0100010601000000
2026-09-26T08:42:50.400082+00:00,0x2A1,0100010601000000
2026-09-26T08:42:50.403794+00:00,0x2A1,0100010601000000
2026-09-26T08:42:50.407523+00:00,0x2A1,0100010601000000
2026-09-26T08:42:50.412567+00:00,0x2A1,0100010601000000
2026-09-26T08:42:50.417955+00:00,0x2A1,0100010601000000
2026-09-26T08:42:50.425232+00:00,0x2A1,0100010601000000
2026-09-26T08:42:50.428403+00:00,0x2A1,0100010601000000
2026-09-26T08:42:50.432525+00:00,0x2A1,0100010601000000
2026-09-26T08:42:50.437574+00:00,0x2A1,0100010601000000
2026-09-26T08:42:50.443720+00:00,0x2A1,0100010601000000
2026-09-26T08:42:50.447567+00:00,0x2A1,0100010601000000
2026-09-26T08:42:50.452521+00:00,0x2A1,0100010601000000
2026-09-26T08:42:50.457610+00:00,0x2A1,0100010601000000
2026-09-26T08:42:50.463947+00:00,0x2A1,0100010601000000
2026-09-26T08:42:50.467565+00:00,0x2A1,0100010601000000
2026-09-26T08:42:50.474274+00:00,0x2A1,0100010601000000
2026-09-26T08:42:50.478499+00:00,0x2A1,0100010601000000
2026-09-26T08:42:50.485474+00:00,0x2A1,0100010601000000
2026-09-26T08:42:50.488428+00:00,0x2A1,0100010601000000
2026-09-26T08:42:50.492726+00:00,0x2A1,0100010601000000
2026-09-26T08:42:50.497635+00:00,0x2A1,0100010601000000
2026-09-26T08:42:50.503845+00:00,0x2A1,0100010600000000
2026-09-26T08:42:50.507527+00:00,0x2A1,0100010600000000
2026-09-26T08:42:50.512524+00:00,0x2A1,0100010600000000
2026-09-26T08:42:50.517570+00:00,0x2A1,0100010600000000
2026-09-26T08:42:50.523971+00:00,0x2A1,0100010600000000
2026-09-26T08:42:50.528216+00:00,0x2A1,0100010600000000
2026-09-26T08:42:50.533036+00:00,0x2A1,0100010600000000
2026-09-26T08:42:50.538098+00:00,0x2A1,0100010600000000
2026-09-26T08:42:50.544614+00:00,0x2A1,0100010600000000
2026-09-26T08:42:50.547614+00:00,0x2A1,0100010600000000
2026-09-26T08:42:50.552603+00:00,0x2A1,0100010600000000
2026-09-26T08:42:50.557754+00:00,0x2A1,0100010600000000
2026-09-26T08:42:50.564168+00:00,0x2A1,0100010600000000
2026-09-26T08:42:50.567565+00:00,0x2A1,0100010600000000
2026-09-26T08:42:50.572621+00:00,0x2A1,0100010600000000
2026-09-26T08:42:50.577823+00:00,0x2A1,0100010600000000
2026-09-26T08:42:50.582845+00:00,0x151,0101050000000000
2026-09-26T08:42:50.583129+00:00,0x155,000055B7FFFF8CA6
2026-09-26T08:42:50.583853+00:00,0x156,FFFF0E19FFFF7C9A
2026-09-26T08:42:50.584009+00:00,0x157,00006E9B00002E01
2026-09-26T08:42:50.584072+00:00,0x170,FFFF960500000000
2026-09-26T08:42:50.585729+00:00,0x2A1,0100010600000000
2026-09-26T08:42:50.589126+00:00,0x2A1,0100010600000000
2026-09-26T08:42:50.593168+00:00,0x2A1,0100010600000000
2026-09-26T08:42:50.597719+00:00,0x2A1,0100010600000000
2026-09-26T08:42:50.604565+00:00,0x2A1,0100010601000000
2026-09-26T08:42:50.607525+00:00,0x2A1,0100010601000000
2026-09-26T08:42:50.612522+00:00,0x2A1,0100010601000000
2026-09-26T08:42:50.617525+00:00,0x2A1,0100010601000000
2026-09-26T08:42:50.624839+00:00,0x2A1,0100010601000000
2026-09-26T08:42:50.627793+00:00,0x2A1,0100010601000000
2026-09-26T08:42:50.632730+00:00,0x2A1,0100010601000000
2026-09-26T08:42:50.637839+00:00,0x2A1,0100010601000000
2026-09-26T08:42:50.645821+00:00,0x2A1,0100010601000000
2026-09-26T08:42:50.649083+00:00,0x2A1,0100010601000000
2026-09-26T08:42:50.652796+00:00,0x2A1,0100010601000000
2026-09-26T08:42:50.658111+00:00,0x2A1,0100010601000000
2026-09-26T08:42:50.664428+00:00,0x2A1,0100010601000000
2026-09-26T08:42:50.667612+00:00,0x2A1,0100010601000000
2026-09-26T08:42:50.672721+00:00,0x2A1,0100010601000000
2026-09-26T08:42:50.677538+00:00,0x2A1,0100010601000000
2026-09-26T08:42:50.684652+00:00,0x2A1,0100010601000000
2026-09-26T08:42:50.687839+00:00,0x2A1,0100010601000000
2026-09-26T08:42:50.692925+00:00,0x2A1,0100010601000000
2026-09-26T08:42:50.697891+00:00,0x2A1,0100010601000000
2026-09-26T08:42:50.705045+00:00,0x2A1,0100010601000000
2026-09-26T08:42:50.708002+00:00,0x2A1,0100010601000000
2026-09-26T08:42:50.712604+00:00,0x2A1,0100010601000000
2026-09-26T08:42:50.717596+00:00,0x2A1,0100010601000000
2026-09-26T08:42:50.724848+00:00,0x2A1,0100010601000000
2026-09-26T08:42:50.727766+00:00,0x2A1,0100010601000000
2026-09-26T08:42:50.732773+00:00,0x2A1,0100010601000000
2026-09-26T08:42:50.737599+00:00,0x2A1,0100010601000000
2026-09-26T08:42:50.744662+00:00,0x2A1,0100010601000000
2026-09-26T08:42:50.748131+00:00,0x2A1,0100010601000000
2026-09-26T08:42:50.753174+00:00,0x2A1,0100010601000000
2026-09-26T08:42:50.758730+00:00,0x2A1,0100010601000000
2026-09-26T08:42:50.765430+00:00,0x2A1,0100010601000000
2026-09-26T08:42:50.768324+00:00,0x2A1,0100010601000000
2026-09-26T08:42:50.772524+00:00,0x2A1,0100010601000000
2026-09-26T08:42:50.777529+00:00,0x2A1,0100010601000000
2026-09-26T08:42:50.785483+00:00,0x2A1,0100010601000000
2026-09-26T08:42:50.788368+00:00,0x2A1,0100010601000000
2026-09-26T08:42:50.792526+00:00,0x2A1,0100010601000000
2026-09-26T08:42:50.797522+00:00,0x2A1,0100010601000000
2026-09-26T08:42:50.805949+00:00,0x2A1,0100010601000000
2026-09-26T08:42:50.810125+00:00,0x2A1,0100010601000000
2026-09-26T08:42:50.813128+00:00,0x2A1,0100010601000000
2026-09-26T08:42:50.817525+00:00,0x2A1,0100010601000000
2026-09-26T08:42:50.824359+00:00,0x2A1,0100010600000000
2026-09-26T08:42:50.827590+00:00,0x2A1,0100010600000000
2026-09-26T08:42:50.832549+00:00,0x2A1,0100010600000000
2026-09-26T08:42:50.837625+00:00,0x2A1,0100010600000000
2026-09-26T08:42:50.844590+00:00,0x2A1,0100010600000000
2026-09-26T08:42:50.847479+00:00,0x2A1,0100010600000000
2026-09-26T08:42:50.852939+00:00,0x2A1,0100010600000000
2026-09-26T08:42:50.857981+00:00,0x2A1,0100010600000000
2026-09-26T08:42:50.866005+00:00,0x2A1,0100010600000000
2026-09-26T08:42:50.869042+00:00,0x2A1,0100010600000000
2026-09-26T08:42:50.872529+00:00,0x2A1,0100010600000000
2026-09-26T08:42:50.877572+00:00,0x2A1,0100010600000000
2026-09-26T08:42:50.885173+00:00,0x2A1,0100010600000000
2026-09-26T08:42:50.886734+00:00,0x151,0101050000000000
2026-09-26T08:42:50.887897+00:00,0x155,00005603FFFF83E0
2026-09-26T08:42:50.888048+00:00,0x156,FFFF0E1AFFFF7C2A
2026-09-26T08:42:50.888116+00:00,0x157,00006E9E00002E01
2026-09-26T08:42:50.888189+00:00,0x170,FFFF960500000000
2026-09-26T08:42:50.888513+00:00,0x2A1,0100010600000000
2026-09-26T08:42:50.892525+00:00,0x2A1,0100010600000000
2026-09-26T08:42:50.897528+00:00,0x2A1,0100010600000000
2026-09-26T08:42:50.904842+00:00,0x2A1,0100010601000000
2026-09-26T08:42:50.907971+00:00,0x2A1,0100010601000000
2026-09-26T08:42:50.913520+00:00,0x2A1,0100010601000000
2026-09-26T08:42:50.918190+00:00,0x2A1,0100010601000000
2026-09-26T08:42:50.926573+00:00,0x2A1,0100010601000000
2026-09-26T08:42:50.929293+00:00,0x2A1,0100010601000000
2026-09-26T08:42:50.934724+00:00,0x2A1,0100010601000000
2026-09-26T08:42:50.938611+00:00,0x2A1,0100010601000000
2026-09-26T08:42:50.945992+00:00,0x2A1,0100010601000000
2026-09-26T08:42:50.949128+00:00,0x2A1,0100010601000000
2026-09-26T08:42:50.953330+00:00,0x2A1,0100010601000000
2026-09-26T08:42:50.957973+00:00,0x2A1,0100010601000000
2026-09-26T08:42:50.965744+00:00,0x2A1,0100010601000000
2026-09-26T08:42:50.969938+00:00,0x2A1,0100010601000000
2026-09-26T08:42:50.973773+00:00,0x2A1,0100010601000000
2026-09-26T08:42:50.978992+00:00,0x2A1,0100010601000000
2026-09-26T08:42:50.985169+00:00,0x2A1,0100010601000000
2026-09-26T08:42:50.988277+00:00,0x2A1,0100010601000000
2026-09-26T08:42:50.992580+00:00,0x2A1,0100010601000000
2026-09-26T08:42:50.997580+00:00,0x2A1,0100010601000000
2026-09-26T08:42:51.005129+00:00,0x2A1,0100010601000000
2026-09-26T08:42:51.008128+00:00,0x2A1,0100010601000000
2026-09-26T08:42:51.012480+00:00,0x2A1,0100010601000000
2026-09-26T08:42:51.017654+00:00,0x2A1,0100010601000000
2026-09-26T08:42:51.025528+00:00,0x2A1,0100010601000000
2026-09-26T08:42:51.029887+00:00,0x2A1,0100010601000000
2026-09-26T08:42:51.033581+00:00,0x2A1,0100010601000000
2026-09-26T08:42:51.037751+00:00,0x2A1,0100010601000000
2026-09-26T08:42:51.045086+00:00,0x2A1,0100010601000000
2026-09-26T08:42:51.048169+00:00,0x2A1,0100010601000000
2026-09-26T08:42:51.052480+00:00,0x2A1,0100010601000000
2026-09-26T08:42:51.057589+00:00,0x2A1,0100010601000000
2026-09-26T08:42:51.065373+00:00,0x2A1,0100010601000000
2026-09-26T08:42:51.068415+00:00,0x2A1,0100010601000000
2026-09-26T08:42:51.072533+00:00,0x2A1,0100010601000000
2026-09-26T08:42:51.077939+00:00,0x2A1,0100010601000000
2026-09-26T08:42:51.086172+00:00,0x2A1,0100010601000000
2026-09-26T08:42:51.089416+00:00,0x2A1,0100010601000000
2026-09-26T08:42:51.092528+00:00,0x2A1,0100010601000000
2026-09-26T08:42:51.097536+00:00,0x2A1,0100010601000000
2026-09-26T08:42:51.104985+00:00,0x2A1,0100010601000000
2026-09-26T08:42:51.107852+00:00,0x2A1,0100010601000000
2026-09-26T08:42:51.112623+00:00,0x2A1,0100010601000000
2026-09-26T08:42:51.117624+00:00,0x2A1,0100010601000000
2026-09-26T08:42:51.124779+00:00,0x2A1,0100010600000000
2026-09-26T08:42:51.127572+00:00,0x2A1,0100010600000000
2026-09-26T08:42:51.133188+00:00,0x2A1,0100010600000000
2026-09-26T08:42:51.138474+00:00,0x2A1,0100010600000000
2026-09-26T08:42:51.145802+00:00,0x2A1,0100010600000000
2026-09-26T08:42:51.148724+00:00,0x2A1,0100010600000000
2026-09-26T08:42:51.152629+00:00,0x2A1,0100010600000000
2026-09-26T08:42:51.157622+00:00,0x2A1,0100010600000000
2026-09-26T08:42:51.164845+00:00,0x2A1,0100010600000000
2026-09-26T08:42:51.167989+00:00,0x2A1,0100010600000000
2026-09-26T08:42:51.172789+00:00,0x2A1,0100010600000000
2026-09-26T08:42:51.177632+00:00,0x2A1,0100010600000000
2026-09-26T08:42:51.187411+00:00,0x2A1,0100010600000000
2026-09-26T08:42:51.190747+00:00,0x2A1,0100010600000000
2026-09-26T08:42:51.194045+00:00,0x2A1,0100010600000000
2026-09-26T08:42:51.197532+00:00,0x2A1,0100010600000000
2026-09-26T08:42:51.203953+00:00,0x2A1,0100010600000000
2026-09-26T08:42:51.207805+00:00,0x2A1,0100010600000000
2026-09-26T08:42:51.212770+00:00,0x2A1,0100010600000000
2026-09-26T08:42:51.217778+00:00,0x2A1,0100010600000000
2026-09-26T08:42:51.224797+00:00,0x2A1,0100010600000000
2026-09-26T08:42:51.227772+00:00,0x2A1,0100010600000000
2026-09-26T08:42:51.232576+00:00,0x2A1,0100010600000000
2026-09-26T08:42:51.237913+00:00,0x2A1,0100010600000000
2026-09-26T08:42:51.240957+00:00,0x151,0101050000000000
2026-09-26T08:42:51.240982+00:00,0x155,00005603FFFF8131
2026-09-26T08:42:51.241076+00:00,0x156,FFFF0FB4FFFF7C26
2026-09-26T08:42:51.241223+00:00,0x157,00006D7100002E01
2026-09-26T08:42:51.241282+00:00,0x170,FFFF960500000000
2026-09-26T08:42:51.244931+00:00,0x2A1,0100010600000000
2026-09-26T08:42:51.249384+00:00,0x2A1,0100010600000000
2026-09-26T08:42:51.252573+00:00,0x2A1,0100010600000000
2026-09-26T08:42:51.257507+00:00,0x2A1,0100010600000000
2026-09-26T08:42:51.263197+00:00,0x2A1,0100010600000000
2026-09-26T08:42:51.267530+00:00,0x2A1,0100010601000000
2026-09-26T08:42:51.272531+00:00,0x2A1,0100010601000000
2026-09-26T08:42:51.277586+00:00,0x2A1,0100010601000000
2026-09-26T08:42:51.283489+00:00,0x2A1,0100010601000000
2026-09-26T08:42:51.288283+00:00,0x2A1,0100010601000000
2026-09-26T08:42:51.292858+00:00,0x2A1,0100010601000000
2026-09-26T08:42:51.297801+00:00,0x2A1,0100010601000000
2026-09-26T08:42:51.303331+00:00,0x2A1,0100010601000000
2026-09-26T08:42:51.308042+00:00,0x2A1,0100010600000000
2026-09-26T08:42:51.312527+00:00,0x2A1,0100010600000000
2026-09-26T08:42:51.317583+00:00,0x2A1,0100010600000000
2026-09-26T08:42:51.323281+00:00,0x2A1,0100010600000000
2026-09-26T08:42:51.327841+00:00,0x2A1,0100010600000000
2026-09-26T08:42:51.332538+00:00,0x2A1,0100010600000000
2026-09-26T08:42:51.337577+00:00,0x2A1,0100010600000000
2026-09-26T08:42:51.344413+00:00,0x2A1,0100010600000000
2026-09-26T08:42:51.349582+00:00,0x2A1,0100010600000000
2026-09-26T08:42:51.353129+00:00,0x2A1,0100010600000000
2026-09-26T08:42:51.357735+00:00,0x2A1,0100010600000000
2026-09-26T08:42:51.363131+00:00,0x2A1,0100010600000000
2026-09-26T08:42:51.367628+00:00,0x2A1,0100010600000000
2026-09-26T08:42:51.372779+00:00,0x2A1,0100010600000000
2026-09-26T08:42:51.377673+00:00,0x2A1,0100010600000000
2026-09-26T08:42:51.383374+00:00,0x2A1,0100010600000000
2026-09-26T08:42:51.388043+00:00,0x2A1,0100010600000000
2026-09-26T08:42:51.392317+00:00,0x151,0101050000000000
2026-09-26T08:42:51.392597+00:00,0x155,00005606FFFF7FFF
2026-09-26T08:42:51.392735+00:00,0x156,FFFF1408FFFF7C26
2026-09-26T08:42:51.393047+00:00,0x157,00006A4900002E01
2026-09-26T08:42:51.393111+00:00,0x170,FFFF960500000000
2026-09-26T08:42:51.393182+00:00,0x2A1,0100010600000000
2026-09-26T08:42:51.398115+00:00,0x2A1,0100010600000000
2026-09-26T08:42:51.404749+00:00,0x2A1,0100010600000000
2026-09-26T08:42:51.409534+00:00,0x2A1,0100010601000000
2026-09-26T08:42:51.412725+00:00,0x2A1,0100010601000000
2026-09-26T08:42:51.417891+00:00,0x2A1,0100010601000000
2026-09-26T08:42:51.423328+00:00,0x2A1,0100010601000000
2026-09-26T08:42:51.428092+00:00,0x2A1,0100010601000000
2026-09-26T08:42:51.432585+00:00,0x2A1,0100010601000000
2026-09-26T08:42:51.437543+00:00,0x2A1,0100010601000000
2026-09-26T08:42:51.444137+00:00,0x2A1,0100010601000000
2026-09-26T08:42:51.449955+00:00,0x2A1,0100010601000000
2026-09-26T08:42:51.453846+00:00,0x2A1,0100010601000000
2026-09-26T08:42:51.458039+00:00,0x2A1,0100010601000000
2026-09-26T08:42:51.463490+00:00,0x2A1,0100010601000000
2026-09-26T08:42:51.468367+00:00,0x2A1,0100010601000000
2026-09-26T08:42:51.472727+00:00,0x2A1,0100010601000000
2026-09-26T08:42:51.477749+00:00,0x2A1,0100010601000000
2026-09-26T08:42:51.483375+00:00,0x2A1,0100010601000000
2026-09-26T08:42:51.488353+00:00,0x2A1,0100010600000000
2026-09-26T08:42:51.492581+00:00,0x2A1,0100010600000000
2026-09-26T08:42:51.497537+00:00,0x2A1,0100010600000000
2026-09-26T08:42:51.503519+00:00,0x2A1,0100010600000000
2026-09-26T08:42:51.509225+00:00,0x2A1,0100010600000000
2026-09-26T08:42:51.513018+00:00,0x2A1,0100010600000000
2026-09-26T08:42:51.517819+00:00,0x2A1,0100010600000000
2026-09-26T08:42:51.523375+00:00,0x2A1,0100010600000000
2026-09-26T08:42:51.528377+00:00,0x2A1,0100010600000000
2026-09-26T08:42:51.532624+00:00,0x2A1,0100010600000000
2026-09-26T08:42:51.537542+00:00,0x2A1,0100010600000000
2026-09-26T08:42:51.543224+00:00,0x2A1,0100010600000000
2026-09-26T08:42:51.548488+00:00,0x2A1,0100010600000000
2026-09-26T08:42:51.552592+00:00,0x2A1,0100010600000000
2026-09-26T08:42:51.557903+00:00,0x2A1,0100010600000000
2026-09-26T08:42:51.563986+00:00,0x2A1,0100010600000000
2026-09-26T08:42:51.569174+00:00,0x2A1,0100010600000000
2026-09-26T08:42:51.572901+00:00,0x2A1,0100010600000000
2026-09-26T08:42:51.577577+00:00,0x2A1,0100010600000000
2026-09-26T08:42:51.583575+00:00,0x2A1,0100010600000000
2026-09-26T08:42:51.588793+00:00,0x2A1,0100010600000000
2026-09-26T08:42:51.592673+00:00,0x2A1,0100010600000000
2026-09-26T08:42:51.595099+00:00,0x151,0101050000000000
2026-09-26T08:42:51.595330+00:00,0x155,00005608FFFF7FBD
2026-09-26T08:42:51.595589+00:00,0x156,FFFF18A1FFFF7C26
2026-09-26T08:42:51.595771+00:00,0x157,0000670B00002E01
2026-09-26T08:42:51.595776+00:00,0x170,FFFF960500000000
2026-09-26T08:42:51.597890+00:00,0x2A1,0100010600000000
2026-09-26T08:42:51.603176+00:00,0x2A1,0100010600000000
2026-09-26T08:42:51.608889+00:00,0x2A1,0100010601000000
2026-09-26T08:42:51.612573+00:00,0x2A1,0100010601000000
2026-09-26T08:42:51.618285+00:00,0x2A1,0100010601000000
2026-09-26T08:42:51.623774+00:00,0x2A1,0100010601000000
2026-09-26T08:42:51.629303+00:00,0x2A1,0100010601000000
2026-09-26T08:42:51.632674+00:00,0x2A1,0100010601000000
2026-09-26T08:42:51.637487+00:00,0x2A1,0100010601000000
2026-09-26T08:42:51.643200+00:00,0x2A1,0100010601000000
2026-09-26T08:42:51.648576+00:00,0x2A1,0100010601000000
2026-09-26T08:42:51.652573+00:00,0x2A1,0100010601000000
2026-09-26T08:42:51.657528+00:00,0x2A1,0100010601000000
2026-09-26T08:42:51.663174+00:00,0x2A1,0100010601000000
2026-09-26T08:42:51.669329+00:00,0x2A1,0100010601000000
2026-09-26T08:42:51.672891+00:00,0x2A1,0100010601000000
2026-09-26T08:42:51.678366+00:00,0x2A1,0100010601000000
2026-09-26T08:42:51.683373+00:00,0x2A1,0100010601000000
2026-09-26T08:42:51.688977+00:00,0x2A1,0100010601000000
2026-09-26T08:42:51.692750+00:00,0x2A1,0100010601000000
2026-09-26T08:42:51.697534+00:00,0x2A1,0100010601000000
2026-09-26T08:42:51.703243+00:00,0x2A1,0100010601000000
2026-09-26T08:42:51.708780+00:00,0x2A1,0100010600000000
2026-09-26T08:42:51.712535+00:00,0x2A1,0100010600000000
2026-09-26T08:42:51.717635+00:00,0x2A1,0100010600000000
2026-09-26T08:42:51.723906+00:00,0x2A1,0100010600000000
2026-09-26T08:42:51.730008+00:00,0x2A1,0100010600000000
2026-09-26T08:42:51.733318+00:00,0x2A1,0100010600000000
2026-09-26T08:42:51.737640+00:00,0x2A1,0100010600000000
2026-09-26T08:42:51.743332+00:00,0x2A1,0100010600000000
2026-09-26T08:42:51.748752+00:00,0x2A1,0100010600000000
2026-09-26T08:42:51.752528+00:00,0x2A1,0100010600000000
2026-09-26T08:42:51.757748+00:00,0x2A1,0100010600000000
2026-09-26T08:42:51.763131+00:00,0x2A1,0100010600000000
2026-09-26T08:42:51.769615+00:00,0x2A1,0100010600000000
2026-09-26T08:42:51.773202+00:00,0x2A1,0100010600000000
2026-09-26T08:42:51.778090+00:00,0x2A1,0100010600000000
2026-09-26T08:42:51.783931+00:00,0x2A1,0100010600000000
2026-09-26T08:42:51.789730+00:00,0x2A1,0100010600000000
2026-09-26T08:42:51.792891+00:00,0x2A1,0100010600000000
2026-09-26T08:42:51.797598+00:00,0x2A1,0100010600000000
2026-09-26T08:42:51.798263+00:00,0x151,0101050000000000
2026-09-26T08:42:51.798710+00:00,0x155,0000560AFFFF7F7A
2026-09-26T08:42:51.798890+00:00,0x156,FFFF1D3AFFFF7C26
2026-09-26T08:42:51.798957+00:00,0x157,000063CD00002E01
2026-09-26T08:42:51.799025+00:00,0x170,FFFF960500000000
2026-09-26T08:42:51.803246+00:00,0x2A1,0100010600000000
2026-09-26T08:42:51.809049+00:00,0x2A1,0100010601000000
2026-09-26T08:42:51.812489+00:00,0x2A1,0100010601000000
2026-09-26T08:42:51.817490+00:00,0x2A1,0100010601000000
2026-09-26T08:42:51.823092+00:00,0x2A1,0100010601000000
2026-09-26T08:42:51.829416+00:00,0x2A1,0100010601000000
2026-09-26T08:42:51.833133+00:00,0x2A1,0100010601000000
2026-09-26T08:42:51.838334+00:00,0x2A1,0100010601000000
2026-09-26T08:42:51.843757+00:00,0x2A1,0100010601000000
2026-09-26T08:42:51.849046+00:00,0x2A1,0100010601000000
2026-09-26T08:42:51.852485+00:00,0x2A1,0100010601000000
2026-09-26T08:42:51.857750+00:00,0x2A1,0100010601000000
2026-09-26T08:42:51.863435+00:00,0x2A1,0100010601000000
2026-09-26T08:42:51.869090+00:00,0x2A1,0100010601000000
2026-09-26T08:42:51.872489+00:00,0x2A1,0100010601000000
2026-09-26T08:42:51.877489+00:00,0x2A1,0100010601000000
2026-09-26T08:42:51.883417+00:00,0x2A1,0100010601000000
2026-09-26T08:42:51.889577+00:00,0x2A1,0100010601000000
2026-09-26T08:42:51.893094+00:00,0x2A1,0100010601000000
2026-09-26T08:42:51.897809+00:00,0x2A1,0100010601000000
2026-09-26T08:42:51.903336+00:00,0x2A1,0100010601000000
2026-09-26T08:42:51.909162+00:00,0x2A1,0100010600000000
2026-09-26T08:42:51.912586+00:00,0x2A1,0100010600000000
2026-09-26T08:42:51.917594+00:00,0x2A1,0100010600000000
2026-09-26T08:42:51.923191+00:00,0x2A1,0100010600000000
2026-09-26T08:42:51.928948+00:00,0x2A1,0100010600000000
2026-09-26T08:42:51.932581+00:00,0x2A1,0100010600000000
2026-09-26T08:42:51.937682+00:00,0x2A1,0100010600000000
2026-09-26T08:42:51.943579+00:00,0x2A1,0100010600000000
2026-09-26T08:42:51.950021+00:00,0x2A1,0100010600000000
2026-09-26T08:42:51.953201+00:00,0x2A1,0100010600000000
2026-09-26T08:42:51.957534+00:00,0x2A1,0100010600000000
2026-09-26T08:42:51.963244+00:00,0x2A1,0100010600000000
2026-09-26T08:42:51.969507+00:00,0x2A1,0100010600000000
2026-09-26T08:42:51.972630+00:00,0x2A1,0100010600000000
2026-09-26T08:42:51.977619+00:00,0x2A1,0100010600000000
2026-09-26T08:42:51.983096+00:00,0x2A1,0100010600000000
2026-09-26T08:42:51.989588+00:00,0x2A1,0100010600000000
2026-09-26T08:42:51.992587+00:00,0x2A1,0100010600000000
2026-09-26T08:42:51.998678+00:00,0x2A1,0100010600000000
2026-09-26T08:42:52.000354+00:00,0x151,0101050000000000
2026-09-26T08:42:52.000576+00:00,0x155,0000560AFFFF7F7A
2026-09-26T08:42:52.000736+00:00,0x156,FFFF20EAFFFF7C26
2026-09-26T08:42:52.000804+00:00,0x157,00005F0800002E01
2026-09-26T08:42:52.000872+00:00,0x170,FFFF960500000000
2026-09-26T08:42:52.004493+00:00,0x2A1,0100010600000000
2026-09-26T08:42:52.009290+00:00,0x2A1,0100010601000000
2026-09-26T08:42:52.012621+00:00,0x2A1,0100010601000000
2026-09-26T08:42:52.017938+00:00,0x2A1,0100010601000000
2026-09-26T08:42:52.023310+00:00,0x2A1,0100010601000000
2026-09-26T08:42:52.029850+00:00,0x2A1,0100010601000000
2026-09-26T08:42:52.032847+00:00,0x2A1,0100010601000000
2026-09-26T08:42:52.037936+00:00,0x2A1,0100010601000000
2026-09-26T08:42:52.043452+00:00,0x2A1,0100010601000000
2026-09-26T08:42:52.050472+00:00,0x2A1,0100010601000000
2026-09-26T08:42:52.053942+00:00,0x2A1,0100010601000000
2026-09-26T08:42:52.058266+00:00,0x2A1,0100010601000000
2026-09-26T08:42:52.063203+00:00,0x2A1,0100010601000000
2026-09-26T08:42:52.069855+00:00,0x2A1,0100010601000000
2026-09-26T08:42:52.072851+00:00,0x2A1,0100010601000000
2026-09-26T08:42:52.077789+00:00,0x2A1,0100010601000000
2026-09-26T08:42:52.083205+00:00,0x2A1,0100010601000000
2026-09-26T08:42:52.089108+00:00,0x2A1,0100010601000000
2026-09-26T08:42:52.092551+00:00,0x2A1,0100010601000000
2026-09-26T08:42:52.097545+00:00,0x2A1,0100010601000000
2026-09-26T08:42:52.104424+00:00,0x2A1,0100010601000000
2026-09-26T08:42:52.111235+00:00,0x2A1,0100010600000000
2026-09-26T08:42:52.114331+00:00,0x2A1,0100010600000000
2026-09-26T08:42:52.117542+00:00,0x2A1,0100010600000000
2026-09-26T08:42:52.123249+00:00,0x2A1,0100010600000000
2026-09-26T08:42:52.129139+00:00,0x2A1,0100010600000000
2026-09-26T08:42:52.132493+00:00,0x2A1,0100010600000000
2026-09-26T08:42:52.137782+00:00,0x2A1,0100010600000000
2026-09-26T08:42:52.143261+00:00,0x2A1,0100010600000000
2026-09-26T08:42:52.149204+00:00,0x2A1,0100010600000000
2026-09-26T08:42:52.152624+00:00,0x2A1,0100010600000000
2026-09-26T08:42:52.157852+00:00,0x2A1,0100010600000000
2026-09-26T08:42:52.164007+00:00,0x2A1,0100010600000000
2026-09-26T08:42:52.169095+00:00,0x2A1,0100010600000000
2026-09-26T08:42:52.172594+00:00,0x2A1,0100010600000000
2026-09-26T08:42:52.177584+00:00,0x2A1,0100010600000000
2026-09-26T08:42:52.183181+00:00,0x2A1,0100010600000000
2026-09-26T08:42:52.189347+00:00,0x2A1,0100010600000000
2026-09-26T08:42:52.192537+00:00,0x2A1,0100010600000000
2026-09-26T08:42:52.197498+00:00,0x2A1,0100010600000000
2026-09-26T08:42:52.202610+00:00,0x151,0101050000000000
2026-09-26T08:42:52.202626+00:00,0x155,0000560AFFFF7F79
2026-09-26T08:42:52.202799+00:00,0x156,FFFF24D9FFFF7C26
2026-09-26T08:42:52.202823+00:00,0x157,00005E0D00002E01
2026-09-26T08:42:52.203445+00:00,0x170,FFFF960500000000
2026-09-26T08:42:52.203814+00:00,0x2A1,0100010600000000
2026-09-26T08:42:52.208384+00:00,0x2A1,0100010600000000
2026-09-26T08:42:52.213895+00:00,0x2A1,0100010601000000
2026-09-26T08:42:52.218226+00:00,0x2A1,0100010601000000
2026-09-26T08:42:52.223248+00:00,0x2A1,0100010601000000
2026-09-26T08:42:52.228336+00:00,0x2A1,0100010601000000
2026-09-26T08:42:52.232538+00:00,0x2A1,0100010601000000
2026-09-26T08:42:52.237600+00:00,0x2A1,0100010601000000
2026-09-26T08:42:52.243240+00:00,0x2A1,0100010601000000
2026-09-26T08:42:52.249830+00:00,0x2A1,0100010601000000
2026-09-26T08:42:52.252757+00:00,0x2A1,0100010601000000
2026-09-26T08:42:52.257559+00:00,0x2A1,0100010601000000
2026-09-26T08:42:52.263581+00:00,0x2A1,0100010601000000
2026-09-26T08:42:52.268371+00:00,0x2A1,0100010601000000
2026-09-26T08:42:52.274207+00:00,0x2A1,0100010601000000
2026-09-26T08:42:52.277735+00:00,0x2A1,0100010601000000
2026-09-26T08:42:52.283334+00:00,0x2A1,0100010601000000
2026-09-26T08:42:52.288588+00:00,0x2A1,0100010601000000
2026-09-26T08:42:52.293006+00:00,0x2A1,0100010600000000
2026-09-26T08:42:52.297593+00:00,0x2A1,0100010600000000
2026-09-26T08:42:52.303813+00:00,0x2A1,0100010600000000
2026-09-26T08:42:52.307601+00:00,0x2A1,0100010600000000
2026-09-26T08:42:52.312541+00:00,0x2A1,0100010600000000
2026-09-26T08:42:52.318045+00:00,0x2A1,0100010600000000
2026-09-26T08:42:52.323820+00:00,0x2A1,0100010600000000
2026-09-26T08:42:52.327785+00:00,0x2A1,0100010600000000
2026-09-26T08:42:52.332630+00:00,0x2A1,0100010600000000
2026-09-26T08:42:52.337628+00:00,0x2A1,0100010600000000
2026-09-26T08:42:52.343229+00:00,0x2A1,0100010600000000
2026-09-26T08:42:52.347638+00:00,0x2A1,0100010600000000
2026-09-26T08:42:52.352789+00:00,0x2A1,0100010600000000
2026-09-26T08:42:52.357609+00:00,0x2A1,0100010600000000
2026-09-26T08:42:52.363140+00:00,0x2A1,0100010600000000
2026-09-26T08:42:52.367957+00:00,0x2A1,0100010600000000
2026-09-26T08:42:52.373140+00:00,0x2A1,0100010600000000
2026-09-26T08:42:52.378246+00:00,0x2A1,0100010600000000
2026-09-26T08:42:52.383245+00:00,0x2A1,0100010600000000
2026-09-26T08:42:52.387809+00:00,0x2A1,0100010600000000
2026-09-26T08:42:52.392583+00:00,0x2A1,0100010600000000
2026-09-26T08:42:52.397498+00:00,0x2A1,0100010600000000
2026-09-26T08:42:52.403183+00:00,0x2A1,0100010600000000
2026-09-26T08:42:52.405134+00:00,0x151,0101050000000000
2026-09-26T08:42:52.405235+00:00,0x155,0000560AFFFF7F42
2026-09-26T08:42:52.405296+00:00,0x156,FFFF2B21FFFF7C26
2026-09-26T08:42:52.406279+00:00,0x157,0000599200002E01
2026-09-26T08:42:52.406407+00:00,0x170,FFFF960500000000
2026-09-26T08:42:52.408053+00:00,0x2A1,0100010600000000
2026-09-26T08:42:52.413004+00:00,0x2A1,0100010601000000
2026-09-26T08:42:52.417500+00:00,0x2A1,0100010601000000
2026-09-26T08:42:52.423583+00:00,0x2A1,0100010601000000
2026-09-26T08:42:52.428011+00:00,0x2A1,0100010601000000
2026-09-26T08:42:52.433528+00:00,0x2A1,0100010601000000
2026-09-26T08:42:52.437627+00:00,0x2A1,0100010601000000
2026-09-26T08:42:52.443249+00:00,0x2A1,0100010601000000
2026-09-26T08:42:52.447544+00:00,0x2A1,0100010601000000
2026-09-26T08:42:52.453345+00:00,0x2A1,0100010601000000
2026-09-26T08:42:52.457676+00:00,0x2A1,0100010601000000
2026-09-26T08:42:52.463141+00:00,0x2A1,0100010601000000
2026-09-26T08:42:52.467549+00:00,0x2A1,0100010601000000
2026-09-26T08:42:52.472677+00:00,0x2A1,0100010601000000
2026-09-26T08:42:52.478416+00:00,0x2A1,0100010601000000
2026-09-26T08:42:52.483623+00:00,0x2A1,0100010601000000
2026-09-26T08:42:52.488205+00:00,0x2A1,0100010601000000
2026-09-26T08:42:52.493205+00:00,0x2A1,0100010601000000
2026-09-26T08:42:52.497636+00:00,0x2A1,0100010601000000
2026-09-26T08:42:52.503677+00:00,0x2A1,0100010601000000
2026-09-26T08:42:52.507601+00:00,0x2A1,0100010601000000
2026-09-26T08:42:52.513782+00:00,0x2A1,0100010601000000
2026-09-26T08:42:52.517540+00:00,0x2A1,0100010601000000
2026-09-26T08:42:52.523344+00:00,0x2A1,0100010601000000
2026-09-26T08:42:52.527690+00:00,0x2A1,0100010601000000
2026-09-26T08:42:52.533198+00:00,0x2A1,0100010601000000
2026-09-26T08:42:52.537872+00:00,0x2A1,0100010601000000
2026-09-26T08:42:52.543919+00:00,0x2A1,0100010601000000
2026-09-26T08:42:52.547794+00:00,0x2A1,0100010601000000
2026-09-26T08:42:52.553190+00:00,0x2A1,0100010601000000
2026-09-26T08:42:52.557495+00:00,0x2A1,0100010601000000
2026-09-26T08:42:52.563395+00:00,0x2A1,0100010601000000
2026-09-26T08:42:52.567539+00:00,0x2A1,0100010601000000
2026-09-26T08:42:52.573122+00:00,0x2A1,0100010600000000
2026-09-26T08:42:52.577518+00:00,0x2A1,0100010600000000
2026-09-26T08:42:52.583552+00:00,0x2A1,0100010600000000
2026-09-26T08:42:52.588873+00:00,0x2A1,0100010600000000
2026-09-26T08:42:52.594650+00:00,0x2A1,0100010600000000
2026-09-26T08:42:52.598007+00:00,0x2A1,0100010600000000
2026-09-26T08:42:52.603099+00:00,0x2A1,0100010600000000
2026-09-26T08:42:52.607504+00:00,0x2A1,0100010600000000
2026-09-26T08:42:52.613315+00:00,0x2A1,0100010600000000
2026-09-26T08:42:52.617619+00:00,0x2A1,0100010600000000
2026-09-26T08:42:52.623261+00:00,0x2A1,0100010600000000
2026-09-26T08:42:52.627594+00:00,0x2A1,0100010600000000
2026-09-26T08:42:52.633544+00:00,0x2A1,0100010600000000
2026-09-26T08:42:52.637862+00:00,0x2A1,0100010600000000
2026-09-26T08:42:52.643630+00:00,0x2A1,0100010600000000
2026-09-26T08:42:52.648144+00:00,0x2A1,0100010600000000
2026-09-26T08:42:52.654113+00:00,0x2A1,0100010600000000
2026-09-26T08:42:52.657634+00:00,0x2A1,0100010600000000
2026-09-26T08:42:52.659191+00:00,0x151,0101050000000000
2026-09-26T08:42:52.659322+00:00,0x155,0000560AFFFF7F0B
2026-09-26T08:42:52.659478+00:00,0x156,FFFF316AFFFF7C26
2026-09-26T08:42:52.659483+00:00,0x157,0000551600002E01
2026-09-26T08:42:52.659596+00:00,0x170,FFFF960500000000
2026-09-26T08:42:52.663493+00:00,0x2A1,0100010600000000
2026-09-26T08:42:52.667587+00:00,0x2A1,0100010600000000
2026-09-26T08:42:52.673396+00:00,0x2A1,0100010601000000
2026-09-26T08:42:52.677541+00:00,0x2A1,0100010601000000
2026-09-26T08:42:52.683394+00:00,0x2A1,0100010601000000
2026-09-26T08:42:52.687737+00:00,0x2A1,0100010601000000
2026-09-26T08:42:52.693629+00:00,0x2A1,0100010601000000
2026-09-26T08:42:52.697899+00:00,0x2A1,0100010601000000
2026-09-26T08:42:52.703544+00:00,0x2A1,0100010601000000
2026-09-26T08:42:52.708149+00:00,0x2A1,0100010601000000
2026-09-26T08:42:52.713909+00:00,0x2A1,0100010601000000
2026-09-26T08:42:52.717501+00:00,0x2A1,0100010601000000
2026-09-26T08:42:52.723251+00:00,0x2A1,0100010601000000
2026-09-26T08:42:52.727585+00:00,0x2A1,0100010601000000
2026-09-26T08:42:52.733812+00:00,0x2A1,0100010601000000
2026-09-26T08:42:52.737585+00:00,0x2A1,0100010601000000
2026-09-26T08:42:52.743297+00:00,0x2A1,0100010601000000
2026-09-26T08:42:52.747495+00:00,0x2A1,0100010601000000
2026-09-26T08:42:52.754338+00:00,0x2A1,0100010601000000
2026-09-26T08:42:52.758229+00:00,0x2A1,0100010601000000
2026-09-26T08:42:52.763251+00:00,0x2A1,0100010601000000
2026-09-26T08:42:52.767545+00:00,0x2A1,0100010601000000
2026-09-26T08:42:52.774007+00:00,0x2A1,0100010601000000
2026-09-26T08:42:52.777586+00:00,0x2A1,0100010601000000
2026-09-26T08:42:52.783144+00:00,0x2A1,0100010601000000
2026-09-26T08:42:52.787444+00:00,0x2A1,0100010601000000
2026-09-26T08:42:52.794187+00:00,0x2A1,0100010601000000
2026-09-26T08:42:52.797498+00:00,0x2A1,0100010601000000
2026-09-26T08:42:52.803477+00:00,0x2A1,0100010601000000
2026-09-26T08:42:52.807900+00:00,0x2A1,0100010601000000
2026-09-26T08:42:52.815384+00:00,0x2A1,0100010600000000
2026-09-26T08:42:52.818298+00:00,0x2A1,0100010600000000
2026-09-26T08:42:52.823541+00:00,0x2A1,0100010600000000
2026-09-26T08:42:52.827502+00:00,0x2A1,0100010600000000
2026-09-26T08:42:52.834375+00:00,0x2A1,0100010600000000
2026-09-26T08:42:52.837502+00:00,0x2A1,0100010600000000
2026-09-26T08:42:52.843187+00:00,0x2A1,0100010600000000
2026-09-26T08:42:52.847498+00:00,0x2A1,0100010600000000
2026-09-26T08:42:52.854295+00:00,0x2A1,0100010600000000
2026-09-26T08:42:52.857898+00:00,0x2A1,0100010600000000
2026-09-26T08:42:52.863868+00:00,0x2A1,0100010600000000
2026-09-26T08:42:52.868066+00:00,0x2A1,0100010600000000
2026-09-26T08:42:52.873738+00:00,0x2A1,0100010600000000
2026-09-26T08:42:52.877498+00:00,0x2A1,0100010600000000
2026-09-26T08:42:52.883144+00:00,0x2A1,0100010600000000
2026-09-26T08:42:52.887597+00:00,0x2A1,0100010600000000
2026-09-26T08:42:52.893879+00:00,0x2A1,0100010600000000
2026-09-26T08:42:52.897494+00:00,0x2A1,0100010600000000
2026-09-26T08:42:52.903372+00:00,0x2A1,0100010600000000
2026-09-26T08:42:52.907731+00:00,0x2A1,0100010600000000
2026-09-26T08:42:52.911401+00:00,0x151,0101050000000000
2026-09-26T08:42:52.911478+00:00,0x155,0000560AFFFF7ED4
2026-09-26T08:42:52.911545+00:00,0x156,FFFF37B2FFFF7C26
2026-09-26T08:42:52.911622+00:00,0x157,0000509B00002E01
2026-09-26T08:42:52.911809+00:00,0x170,FFFF960500000000
2026-09-26T08:42:52.915733+00:00,0x2A1,0100010600000000
2026-09-26T08:42:52.919055+00:00,0x2A1,0100010600000000
2026-09-26T08:42:52.923735+00:00,0x2A1,0100010600000000
2026-09-26T08:42:52.927542+00:00,0x2A1,0100010600000000
2026-09-26T08:42:52.934097+00:00,0x2A1,0100010601000000
2026-09-26T08:42:52.937550+00:00,0x2A1,0100010601000000
2026-09-26T08:42:52.943211+00:00,0x2A1,0100010601000000
2026-09-26T08:42:52.947671+00:00,0x2A1,0100010601000000
2026-09-26T08:42:52.954004+00:00,0x2A1,0100010601000000
2026-09-26T08:42:52.957898+00:00,0x2A1,0100010601000000
2026-09-26T08:42:52.963250+00:00,0x2A1,0100010601000000
2026-09-26T08:42:52.967945+00:00,0x2A1,0100010601000000
2026-09-26T08:42:52.975522+00:00,0x2A1,0100010601000000
2026-09-26T08:42:52.978763+00:00,0x2A1,0100010601000000
2026-09-26T08:42:52.984145+00:00,0x2A1,0100010601000000
2026-09-26T08:42:52.989377+00:00,0x2A1,0100010601000000
2026-09-26T08:42:52.994985+00:00,0x2A1,0100010601000000
2026-09-26T08:42:52.998343+00:00,0x2A1,0100010601000000
2026-09-26T08:42:53.003762+00:00,0x2A1,0100010601000000
2026-09-26T08:42:53.008059+00:00,0x2A1,0100010601000000
2026-09-26T08:42:53.015300+00:00,0x2A1,0100010601000000
2026-09-26T08:42:53.019478+00:00,0x2A1,0100010601000000
2026-09-26T08:42:53.025426+00:00,0x2A1,0100010601000000
2026-09-26T08:42:53.029167+00:00,0x2A1,0100010601000000
2026-09-26T08:42:53.037628+00:00,0x2A1,0100010601000000
2026-09-26T08:42:53.042102+00:00,0x2A1,0100010601000000
2026-09-26T08:42:53.046343+00:00,0x2A1,0100010601000000
2026-09-26T08:42:53.049380+00:00,0x2A1,0100010601000000
2026-09-26T08:42:53.054103+00:00,0x2A1,0100010601000000
2026-09-26T08:42:53.057770+00:00,0x2A1,0100010601000000
2026-09-26T08:42:53.063102+00:00,0x2A1,0100010601000000
2026-09-26T08:42:53.067587+00:00,0x2A1,0100010601000000
2026-09-26T08:42:53.073944+00:00,0x2A1,0100010600000000
2026-09-26T08:42:53.078341+00:00,0x2A1,0100010600000000
2026-09-26T08:42:53.083636+00:00,0x2A1,0100010600000000
2026-09-26T08:42:53.087950+00:00,0x2A1,0100010600000000
2026-09-26T08:42:53.094103+00:00,0x2A1,0100010600000000
2026-09-26T08:42:53.097547+00:00,0x2A1,0100010600000000
2026-09-26T08:42:53.103266+00:00,0x2A1,0100010600000000
2026-09-26T08:42:53.107522+00:00,0x2A1,0100010600000000
2026-09-26T08:42:53.114266+00:00,0x2A1,0100010600000000
2026-09-26T08:42:53.117500+00:00,0x2A1,0100010600000000
2026-09-26T08:42:53.123258+00:00,0x2A1,0100010600000000
2026-09-26T08:42:53.127633+00:00,0x2A1,0100010600000000
2026-09-26T08:42:53.134970+00:00,0x2A1,0100010600000000
2026-09-26T08:42:53.138629+00:00,0x2A1,0100010600000000
2026-09-26T08:42:53.143589+00:00,0x2A1,0100010600000000
2026-09-26T08:42:53.147501+00:00,0x2A1,0100010600000000
2026-09-26T08:42:53.154104+00:00,0x2A1,0100010600000000
2026-09-26T08:42:53.157543+00:00,0x2A1,0100010600000000
2026-09-26T08:42:53.163211+00:00,0x2A1,0100010600000000
2026-09-26T08:42:53.163948+00:00,0x151,0101050000000000
2026-09-26T08:42:53.164510+00:00,0x155,00005608FFFF7EB5
2026-09-26T08:42:53.164751+00:00,0x156,FFFF3EAFFFFF7C29
2026-09-26T08:42:53.164886+00:00,0x157,00004E4000002E01
2026-09-26T08:42:53.165208+00:00,0x170,FFFF960500000000
2026-09-26T08:42:53.167588+00:00,0x2A1,0100010600000000
2026-09-26T08:42:53.174150+00:00,0x2A1,0100010601000000
2026-09-26T08:42:53.177544+00:00,0x2A1,0100010601000000
2026-09-26T08:42:53.183233+00:00,0x2A1,0100010601000000
2026-09-26T08:42:53.187816+00:00,0x2A1,0100010601000000
2026-09-26T08:42:53.195061+00:00,0x2A1,0100010601000000
2026-09-26T08:42:53.198388+00:00,0x2A1,0100010601000000
2026-09-26T08:42:53.203587+00:00,0x2A1,0100010601000000
2026-09-26T08:42:53.207771+00:00,0x2A1,0100010601000000
2026-09-26T08:42:53.213234+00:00,0x2A1,0100010601000000
2026-09-26T08:42:53.217816+00:00,0x2A1,0100010601000000
2026-09-26T08:42:53.223147+00:00,0x2A1,0100010601000000
2026-09-26T08:42:53.227480+00:00,0x2A1,0100010601000000
2026-09-26T08:42:53.232991+00:00,0x2A1,0100010601000000
2026-09-26T08:42:53.237501+00:00,0x2A1,0100010601000000
2026-09-26T08:42:53.243233+00:00,0x2A1,0100010601000000
2026-09-26T08:42:53.248203+00:00,0x2A1,0100010601000000
2026-09-26T08:42:53.253014+00:00,0x2A1,0100010601000000
2026-09-26T08:42:53.258105+00:00,0x2A1,0100010601000000
2026-09-26T08:42:53.263387+00:00,0x2A1,0100010601000000
2026-09-26T08:42:53.267965+00:00,0x2A1,0100010601000000
2026-09-26T08:42:53.272501+00:00,0x2A1,0100010601000000
2026-09-26T08:42:53.277860+00:00,0x2A1,0100010601000000
2026-09-26T08:42:53.283389+00:00,0x2A1,0100010601000000
2026-09-26T08:42:53.287502+00:00,0x2A1,0100010601000000
2026-09-26T08:42:53.292633+00:00,0x2A1,0100010601000000
2026-09-26T08:42:53.298147+00:00,0x2A1,0100010601000000
2026-09-26T08:42:53.303904+00:00,0x2A1,0100010601000000
2026-09-26T08:42:53.308105+00:00,0x2A1,0100010601000000
2026-09-26T08:42:53.312929+00:00,0x2A1,0100010601000000
2026-09-26T08:42:53.317765+00:00,0x2A1,0100010601000000
2026-09-26T08:42:53.323256+00:00,0x2A1,0100010601000000
2026-09-26T08:42:53.327517+00:00,0x2A1,0100010601000000
2026-09-26T08:42:53.332567+00:00,0x2A1,0100010601000000
2026-09-26T08:42:53.337800+00:00,0x2A1,0100010601000000
2026-09-26T08:42:53.343202+00:00,0x2A1,0100010601000000
2026-09-26T08:42:53.347567+00:00,0x2A1,0100010601000000
2026-09-26T08:42:53.354591+00:00,0x2A1,0100010601000000
2026-09-26T08:42:53.360193+00:00,0x2A1,0100010600000000
2026-09-26T08:42:53.364192+00:00,0x2A1,0100010600000000
2026-09-26T08:42:53.367605+00:00,0x2A1,0100010600000000
2026-09-26T08:42:53.372992+00:00,0x2A1,0100010600000000
2026-09-26T08:42:53.378078+00:00,0x2A1,0100010600000000
2026-09-26T08:42:53.383189+00:00,0x2A1,0100010600000000
2026-09-26T08:42:53.387504+00:00,0x2A1,0100010600000000
2026-09-26T08:42:53.392610+00:00,0x2A1,0100010600000000
2026-09-26T08:42:53.398192+00:00,0x2A1,0100010600000000
2026-09-26T08:42:53.403591+00:00,0x2A1,0100010600000000
2026-09-26T08:42:53.408145+00:00,0x2A1,0100010600000000
2026-09-26T08:42:53.412948+00:00,0x2A1,0100010600000000
2026-09-26T08:42:53.417864+00:00,0x151,0101050000000000
2026-09-26T08:42:53.418095+00:00,0x155,00005606FFFF7E96
2026-09-26T08:42:53.418100+00:00,0x156,FFFF45ACFFFF7C2C
2026-09-26T08:42:53.418233+00:00,0x157,00004BE500002E01
2026-09-26T08:42:53.418239+00:00,0x170,FFFF960500000000
2026-09-26T08:42:53.418914+00:00,0x2A1,0100010600000000
2026-09-26T08:42:53.423547+00:00,0x2A1,0100010600000000
2026-09-26T08:42:53.427545+00:00,0x2A1,0100010600000000
2026-09-26T08:42:53.432502+00:00,0x2A1,0100010600000000
2026-09-26T08:42:53.438764+00:00,0x2A1,0100010601000000
2026-09-26T08:42:53.443343+00:00,0x2A1,0100010601000000
2026-09-26T08:42:53.447505+00:00,0x2A1,0100010601000000
2026-09-26T08:42:53.452635+00:00,0x2A1,0100010601000000
2026-09-26T08:42:53.459064+00:00,0x2A1,0100010601000000
2026-09-26T08:42:53.463884+00:00,0x2A1,0100010601000000
2026-09-26T08:42:53.468195+00:00,0x2A1,0100010601000000
2026-09-26T08:42:53.472854+00:00,0x2A1,0100010601000000
2026-09-26T08:42:53.478595+00:00,0x2A1,0100010601000000
2026-09-26T08:42:53.483204+00:00,0x2A1,0100010601000000
2026-09-26T08:42:53.487549+00:00,0x2A1,0100010601000000
2026-09-26T08:42:53.492561+00:00,0x2A1,0100010601000000
2026-09-26T08:42:53.498346+00:00,0x2A1,0100010601000000
2026-09-26T08:42:53.503149+00:00,0x2A1,0100010601000000
2026-09-26T08:42:53.507504+00:00,0x2A1,0100010601000000
2026-09-26T08:42:53.513653+00:00,0x2A1,0100010601000000
2026-09-26T08:42:53.519683+00:00,0x2A1,0100010601000000
2026-09-26T08:42:53.523862+00:00,0x2A1,0100010601000000
2026-09-26T08:42:53.527949+00:00,0x2A1,0100010601000000
2026-09-26T08:42:53.532640+00:00,0x2A1,0100010601000000
2026-09-26T08:42:53.538801+00:00,0x2A1,0100010601000000
2026-09-26T08:42:53.543268+00:00,0x2A1,0100010601000000
2026-09-26T08:42:53.547639+00:00,0x2A1,0100010601000000
2026-09-26T08:42:53.552683+00:00,0x2A1,0100010601000000
2026-09-26T08:42:53.558795+00:00,0x2A1,0100010601000000
2026-09-26T08:42:53.563381+00:00,0x2A1,0100010601000000
2026-09-26T08:42:53.567768+00:00,0x2A1,0100010601000000
2026-09-26T08:42:53.572878+00:00,0x2A1,0100010601000000
2026-09-26T08:42:53.579390+00:00,0x2A1,0100010601000000
2026-09-26T08:42:53.583401+00:00,0x2A1,0100010601000000
2026-09-26T08:42:53.587498+00:00,0x2A1,0100010601000000
2026-09-26T08:42:53.592633+00:00,0x2A1,0100010601000000
2026-09-26T08:42:53.599066+00:00,0x2A1,0100010600000000
2026-09-26T08:42:53.603258+00:00,0x2A1,0100010600000000
2026-09-26T08:42:53.607453+00:00,0x2A1,0100010600000000
2026-09-26T08:42:53.612504+00:00,0x2A1,0100010600000000
2026-09-26T08:42:53.618744+00:00,0x2A1,0100010600000000
2026-09-26T08:42:53.624058+00:00,0x2A1,0100010600000000
2026-09-26T08:42:53.628056+00:00,0x2A1,0100010600000000
2026-09-26T08:42:53.633016+00:00,0x2A1,0100010600000000
2026-09-26T08:42:53.639064+00:00,0x2A1,0100010600000000
2026-09-26T08:42:53.643454+00:00,0x2A1,0100010600000000
2026-09-26T08:42:53.647590+00:00,0x2A1,0100010600000000
2026-09-26T08:42:53.652756+00:00,0x2A1,0100010600000000
2026-09-26T08:42:53.658751+00:00,0x2A1,0100010600000000
2026-09-26T08:42:53.663280+00:00,0x2A1,0100010600000000
2026-09-26T08:42:53.667611+00:00,0x2A1,0100010600000000
2026-09-26T08:42:53.670022+00:00,0x151,0101050000000000
2026-09-26T08:42:53.670293+00:00,0x155,00005606FFFF7E90
2026-09-26T08:42:53.670536+00:00,0x156,FFFF4DA9FFFF7C2C
2026-09-26T08:42:53.670755+00:00,0x157,00004A8E00002E01
2026-09-26T08:42:53.670822+00:00,0x170,FFFF960500000000
2026-09-26T08:42:53.672742+00:00,0x2A1,0100010600000000
2026-09-26T08:42:53.679818+00:00,0x2A1,0100010601000000
2026-09-26T08:42:53.684017+00:00,0x2A1,0100010601000000
2026-09-26T08:42:53.687776+00:00,0x2A1,0100010601000000
2026-09-26T08:42:53.692821+00:00,0x2A1,0100010601000000
2026-09-26T08:42:53.698769+00:00,0x2A1,0100010601000000
2026-09-26T08:42:53.703194+00:00,0x2A1,0100010601000000
2026-09-26T08:42:53.707505+00:00,0x2A1,0100010601000000
2026-09-26T08:42:53.712454+00:00,0x2A1,0100010601000000
2026-09-26T08:42:53.719468+00:00,0x2A1,0100010601000000
2026-09-26T08:42:53.723348+00:00,0x2A1,0100010601000000
2026-09-26T08:42:53.728103+00:00,0x2A1,0100010601000000
2026-09-26T08:42:53.733104+00:00,0x2A1,0100010601000000
2026-09-26T08:42:53.739631+00:00,0x2A1,0100010601000000
2026-09-26T08:42:53.743262+00:00,0x2A1,0100010601000000
2026-09-26T08:42:53.747633+00:00,0x2A1,0100010601000000
2026-09-26T08:42:53.752451+00:00,0x2A1,0100010601000000
2026-09-26T08:42:53.759505+00:00,0x2A1,0100010601000000
2026-09-26T08:42:53.763570+00:00,0x2A1,0100010601000000
2026-09-26T08:42:53.767593+00:00,0x2A1,0100010601000000
2026-09-26T08:42:53.772506+00:00,0x2A1,0100010601000000
2026-09-26T08:42:53.779774+00:00,0x2A1,0100010601000000
2026-09-26T08:42:53.784109+00:00,0x2A1,0100010601000000
2026-09-26T08:42:53.789019+00:00,0x2A1,0100010601000000
2026-09-26T08:42:53.793109+00:00,0x2A1,0100010601000000
2026-09-26T08:42:53.799489+00:00,0x2A1,0100010601000000
2026-09-26T08:42:53.803151+00:00,0x2A1,0100010601000000
2026-09-26T08:42:53.807600+00:00,0x2A1,0100010601000000
2026-09-26T08:42:53.812483+00:00,0x2A1,0100010601000000
2026-09-26T08:42:53.819246+00:00,0x2A1,0100010601000000
2026-09-26T08:42:53.823264+00:00,0x2A1,0100010601000000
2026-09-26T08:42:53.827652+00:00,0x2A1,0100010601000000
2026-09-26T08:42:53.832644+00:00,0x2A1,0100010601000000
2026-09-26T08:42:53.840141+00:00,0x2A1,0100010601000000
2026-09-26T08:42:53.844612+00:00,0x2A1,0100010601000000
2026-09-26T08:42:53.848141+00:00,0x2A1,0100010601000000
2026-09-26T08:42:53.852607+00:00,0x2A1,0100010601000000
2026-09-26T08:42:53.859067+00:00,0x2A1,0100010601000000
2026-09-26T08:42:53.863200+00:00,0x2A1,0100010601000000
2026-09-26T08:42:53.867801+00:00,0x2A1,0100010601000000
2026-09-26T08:42:53.872556+00:00,0x2A1,0100010601000000
2026-09-26T08:42:53.879474+00:00,0x2A1,0100010600000000
2026-09-26T08:42:53.883242+00:00,0x2A1,0100010600000000
2026-09-26T08:42:53.887547+00:00,0x2A1,0100010600000000
2026-09-26T08:42:53.892973+00:00,0x2A1,0100010600000000
2026-09-26T08:42:53.899865+00:00,0x2A1,0100010600000000
2026-09-26T08:42:53.903951+00:00,0x2A1,0100010600000000
2026-09-26T08:42:53.907493+00:00,0x2A1,0100010600000000
2026-09-26T08:42:53.912506+00:00,0x2A1,0100010600000000
2026-09-26T08:42:53.919307+00:00,0x2A1,0100010600000000
2026-09-26T08:42:53.923175+00:00,0x2A1,0100010600000000
2026-09-26T08:42:53.927552+00:00,0x2A1,0100010600000000
2026-09-26T08:42:53.932622+00:00,0x2A1,0100010600000000
2026-09-26T08:42:53.939019+00:00,0x2A1,0100010600000000
2026-09-26T08:42:53.943067+00:00,0x2A1,0100010600000000
2026-09-26T08:42:53.948350+00:00,0x2A1,0100010600000000
2026-09-26T08:42:53.953644+00:00,0x2A1,0100010600000000
2026-09-26T08:42:53.959261+00:00,0x2A1,0100010600000000
2026-09-26T08:42:53.963434+00:00,0x2A1,0100010600000000
2026-09-26T08:42:53.967510+00:00,0x2A1,0100010600000000
2026-09-26T08:42:53.972509+00:00,0x2A1,0100010600000000
2026-09-26T08:42:53.972939+00:00,0x151,0101050000000000
2026-09-26T08:42:53.973005+00:00,0x155,00005606FFFF7E8B
2026-09-26T08:42:53.973313+00:00,0x156,FFFF55A6FFFF7C2C
2026-09-26T08:42:53.973891+00:00,0x157,0000493700002E01
2026-09-26T08:42:53.973986+00:00,0x170,FFFF960500000000
2026-09-26T08:42:53.979261+00:00,0x2A1,0100010601000000
2026-09-26T08:42:53.983218+00:00,0x2A1,0100010601000000
2026-09-26T08:42:53.987453+00:00,0x2A1,0100010601000000
2026-09-26T08:42:53.992477+00:00,0x2A1,0100010601000000
2026-09-26T08:42:54.000068+00:00,0x2A1,0100010601000000
2026-09-26T08:42:54.004434+00:00,0x2A1,0100010601000000
2026-09-26T08:42:54.008059+00:00,0x2A1,0100010601000000
2026-09-26T08:42:54.012770+00:00,0x2A1,0100010601000000
2026-09-26T08:42:54.019264+00:00,0x2A1,0100010601000000
2026-09-26T08:42:54.023309+00:00,0x2A1,0100010601000000
2026-09-26T08:42:54.027488+00:00,0x2A1,0100010601000000
2026-09-26T08:42:54.032509+00:00,0x2A1,0100010601000000
2026-09-26T08:42:54.039167+00:00,0x2A1,0100010601000000
2026-09-26T08:42:54.043265+00:00,0x2A1,0100010601000000
2026-09-26T08:42:54.047526+00:00,0x2A1,0100010601000000
2026-09-26T08:42:54.052864+00:00,0x2A1,0100010601000000
2026-09-26T08:42:54.059906+00:00,0x2A1,0100010601000000
2026-09-26T08:42:54.065065+00:00,0x2A1,0100010601000000
2026-09-26T08:42:54.068278+00:00,0x2A1,0100010601000000
2026-09-26T08:42:54.072607+00:00,0x2A1,0100010601000000
2026-09-26T08:42:54.077507+00:00,0x2A1,0100010601000000
2026-09-26T08:42:54.083317+00:00,0x2A1,0100010601000000
2026-09-26T08:42:54.087747+00:00,0x2A1,0100010601000000
2026-09-26T08:42:54.092649+00:00,0x2A1,0100010601000000
2026-09-26T08:42:54.099151+00:00,0x2A1,0100010601000000
2026-09-26T08:42:54.103348+00:00,0x2A1,0100010601000000
2026-09-26T08:42:54.108039+00:00,0x2A1,0100010601000000
2026-09-26T08:42:54.113068+00:00,0x2A1,0100010601000000
2026-09-26T08:42:54.118240+00:00,0x2A1,0100010601000000
2026-09-26T08:42:54.123867+00:00,0x2A1,0100010601000000
2026-09-26T08:42:54.127974+00:00,0x2A1,0100010601000000
2026-09-26T08:42:54.132790+00:00,0x2A1,0100010601000000
2026-09-26T08:42:54.139068+00:00,0x2A1,0100010601000000
2026-09-26T08:42:54.143399+00:00,0x2A1,0100010601000000
2026-09-26T08:42:54.147508+00:00,0x2A1,0100010601000000
2026-09-26T08:42:54.152812+00:00,0x2A1,0100010601000000
2026-09-26T08:42:54.159161+00:00,0x2A1,0100010601000000
2026-09-26T08:42:54.163854+00:00,0x2A1,0100010601000000
2026-09-26T08:42:54.167897+00:00,0x2A1,0100010601000000
2026-09-26T08:42:54.173356+00:00,0x2A1,0100010601000000
2026-09-26T08:42:54.177923+00:00,0x2A1,0100010601000000
2026-09-26T08:42:54.183322+00:00,0x2A1,0100010600000000
2026-09-26T08:42:54.187567+00:00,0x2A1,0100010600000000
2026-09-26T08:42:54.192513+00:00,0x2A1,0100010600000000
2026-09-26T08:42:54.197911+00:00,0x2A1,0100010600000000
2026-09-26T08:42:54.203197+00:00,0x2A1,0100010600000000
2026-09-26T08:42:54.207511+00:00,0x2A1,0100010600000000
2026-09-26T08:42:54.212771+00:00,0x2A1,0100010600000000
2026-09-26T08:42:54.218098+00:00,0x2A1,0100010600000000
2026-09-26T08:42:54.224072+00:00,0x2A1,0100010600000000
2026-09-26T08:42:54.228156+00:00,0x2A1,0100010600000000
2026-09-26T08:42:54.232653+00:00,0x2A1,0100010600000000
2026-09-26T08:42:54.237480+00:00,0x2A1,0100010600000000
2026-09-26T08:42:54.243156+00:00,0x2A1,0100010600000000
2026-09-26T08:42:54.247555+00:00,0x2A1,0100010600000000
2026-09-26T08:42:54.252554+00:00,0x2A1,0100010600000000
2026-09-26T08:42:54.257599+00:00,0x2A1,0100010600000000
2026-09-26T08:42:54.263198+00:00,0x2A1,0100010600000000
2026-09-26T08:42:54.267640+00:00,0x2A1,0100010600000000
2026-09-26T08:42:54.273041+00:00,0x2A1,0100010600000000
2026-09-26T08:42:54.276331+00:00,0x151,0101050000000000
2026-09-26T08:42:54.276742+00:00,0x155,00005606FFFF7E8B
2026-09-26T08:42:54.277283+00:00,0x156,FFFF5F39FFFF7C2C
2026-09-26T08:42:54.277436+00:00,0x157,0000449100002E01
2026-09-26T08:42:54.277512+00:00,0x170,FFFF960500000000
2026-09-26T08:42:54.278158+00:00,0x2A1,0100010600000000
2026-09-26T08:42:54.284513+00:00,0x2A1,0100010601000000
2026-09-26T08:42:54.287597+00:00,0x2A1,0100010601000000
2026-09-26T08:42:54.292508+00:00,0x2A1,0100010601000000
2026-09-26T08:42:54.297554+00:00,0x2A1,0100010601000000
2026-09-26T08:42:54.303350+00:00,0x2A1,0100010601000000
2026-09-26T08:42:54.307458+00:00,0x2A1,0100010601000000
2026-09-26T08:42:54.312512+00:00,0x2A1,0100010601000000
2026-09-26T08:42:54.317510+00:00,0x2A1,0100010601000000
2026-09-26T08:42:54.323156+00:00,0x2A1,0100010601000000
2026-09-26T08:42:54.328307+00:00,0x2A1,0100010601000000
2026-09-26T08:42:54.332823+00:00,0x2A1,0100010601000000
2026-09-26T08:42:54.338265+00:00,0x2A1,0100010601000000
2026-09-26T08:42:54.343596+00:00,0x2A1,0100010601000000
2026-09-26T08:42:54.347458+00:00,0x2A1,0100010601000000
2026-09-26T08:42:54.352555+00:00,0x2A1,0100010601000000
2026-09-26T08:42:54.357581+00:00,0x2A1,0100010601000000
2026-09-26T08:42:54.363643+00:00,0x2A1,0100010601000000
2026-09-26T08:42:54.367466+00:00,0x2A1,0100010601000000
2026-09-26T08:42:54.372559+00:00,0x2A1,0100010601000000
2026-09-26T08:42:54.378385+00:00,0x2A1,0100010601000000
2026-09-26T08:42:54.384405+00:00,0x2A1,0100010601000000
2026-09-26T08:42:54.387869+00:00,0x2A1,0100010601000000
2026-09-26T08:42:54.393418+00:00,0x2A1,0100010601000000
2026-09-26T08:42:54.397529+00:00,0x2A1,0100010601000000
2026-09-26T08:42:54.403800+00:00,0x2A1,0100010601000000
2026-09-26T08:42:54.407752+00:00,0x2A1,0100010601000000
2026-09-26T08:42:54.412750+00:00,0x2A1,0100010601000000
2026-09-26T08:42:54.417599+00:00,0x2A1,0100010601000000
2026-09-26T08:42:54.423599+00:00,0x2A1,0100010601000000
2026-09-26T08:42:54.427513+00:00,0x2A1,0100010601000000
2026-09-26T08:42:54.432507+00:00,0x2A1,0100010601000000
2026-09-26T08:42:54.437911+00:00,0x2A1,0100010601000000
2026-09-26T08:42:54.445027+00:00,0x2A1,0100010601000000
2026-09-26T08:42:54.448308+00:00,0x2A1,0100010601000000
2026-09-26T08:42:54.452519+00:00,0x2A1,0100010601000000
2026-09-26T08:42:54.457510+00:00,0x2A1,0100010601000000
2026-09-26T08:42:54.463820+00:00,0x2A1,0100010601000000
2026-09-26T08:42:54.467824+00:00,0x2A1,0100010601000000
2026-09-26T08:42:54.472538+00:00,0x2A1,0100010601000000
2026-09-26T08:42:54.478212+00:00,0x2A1,0100010601000000
2026-09-26T08:42:54.483856+00:00,0x2A1,0100010601000000
2026-09-26T08:42:54.487829+00:00,0x2A1,0100010601000000
2026-09-26T08:42:54.494120+00:00,0x2A1,0100010601000000
2026-09-26T08:42:54.497876+00:00,0x2A1,0100010601000000
2026-09-26T08:42:54.505818+00:00,0x2A1,0100010601000000
2026-09-26T08:42:54.508671+00:00,0x2A1,0100010601000000
2026-09-26T08:42:54.512748+00:00,0x2A1,0100010601000000
2026-09-26T08:42:54.517610+00:00,0x2A1,0100010601000000
2026-09-26T08:42:54.523975+00:00,0x2A1,0100010601000000
2026-09-26T08:42:54.527460+00:00,0x2A1,0100010601000000
2026-09-26T08:42:54.532538+00:00,0x2A1,0100010601000000
2026-09-26T08:42:54.537509+00:00,0x2A1,0100010601000000
2026-09-26T08:42:54.545390+00:00,0x2A1,0100010600000000
2026-09-26T08:42:54.548945+00:00,0x2A1,0100010600000000
2026-09-26T08:42:54.553444+00:00,0x2A1,0100010600000000
2026-09-26T08:42:54.558118+00:00,0x2A1,0100010600000000
2026-09-26T08:42:54.564959+00:00,0x2A1,0100010600000000
2026-09-26T08:42:54.568022+00:00,0x2A1,0100010600000000
2026-09-26T08:42:54.572509+00:00,0x2A1,0100010600000000
2026-09-26T08:42:54.577570+00:00,0x2A1,0100010600000000
2026-09-26T08:42:54.584451+00:00,0x2A1,0100010600000000
2026-09-26T08:42:54.587646+00:00,0x2A1,0100010600000000
2026-09-26T08:42:54.592549+00:00,0x2A1,0100010600000000
2026-09-26T08:42:54.597799+00:00,0x2A1,0100010600000000
2026-09-26T08:42:54.604820+00:00,0x2A1,0100010600000000
2026-09-26T08:42:54.608158+00:00,0x2A1,0100010600000000
2026-09-26T08:42:54.612871+00:00,0x2A1,0100010600000000
2026-09-26T08:42:54.617749+00:00,0x2A1,0100010600000000
2026-09-26T08:42:54.624356+00:00,0x2A1,0100010600000000
2026-09-26T08:42:54.627515+00:00,0x2A1,0100010600000000
2026-09-26T08:42:54.630265+00:00,0x151,0101050000000000
2026-09-26T08:42:54.630329+00:00,0x155,00005606FFFF7E8B
2026-09-26T08:42:54.630409+00:00,0x156,FFFF6304FFFF7C2C
2026-09-26T08:42:54.630483+00:00,0x157,00003E5800002E01
2026-09-26T08:42:54.630559+00:00,0x170,FFFF960500000000
2026-09-26T08:42:54.632828+00:00,0x2A1,0100010600000000
2026-09-26T08:42:54.637598+00:00,0x2A1,0100010600000000
2026-09-26T08:42:54.644355+00:00,0x2A1,0100010601000000
2026-09-26T08:42:54.647516+00:00,0x2A1,0100010601000000
2026-09-26T08:42:54.652510+00:00,0x2A1,0100010601000000
2026-09-26T08:42:54.658292+00:00,0x2A1,0100010601000000
2026-09-26T08:42:54.665915+00:00,0x2A1,0100010601000000
2026-09-26T08:42:54.669025+00:00,0x2A1,0100010601000000
2026-09-26T08:42:54.672754+00:00,0x2A1,0100010601000000
2026-09-26T08:42:54.677837+00:00,0x2A1,0100010601000000
2026-09-26T08:42:54.684555+00:00,0x2A1,0100010601000000
2026-09-26T08:42:54.687656+00:00,0x2A1,0100010601000000
2026-09-26T08:42:54.692595+00:00,0x2A1,0100010601000000
2026-09-26T08:42:54.697517+00:00,0x2A1,0100010601000000
2026-09-26T08:42:54.704703+00:00,0x2A1,0100010601000000
2026-09-26T08:42:54.707811+00:00,0x2A1,0100010601000000
2026-09-26T08:42:54.712929+00:00,0x2A1,0100010601000000
2026-09-26T08:42:54.718313+00:00,0x2A1,0100010601000000
2026-09-26T08:42:54.725630+00:00,0x2A1,0100010601000000
2026-09-26T08:42:54.728815+00:00,0x2A1,0100010601000000
2026-09-26T08:42:54.732515+00:00,0x2A1,0100010601000000
2026-09-26T08:42:54.737511+00:00,0x2A1,0100010601000000
2026-09-26T08:42:54.745021+00:00,0x2A1,0100010601000000
2026-09-26T08:42:54.747954+00:00,0x2A1,0100010601000000
2026-09-26T08:42:54.752509+00:00,0x2A1,0100010601000000
2026-09-26T08:42:54.757513+00:00,0x2A1,0100010601000000
2026-09-26T08:42:54.766755+00:00,0x2A1,0100010601000000
2026-09-26T08:42:54.770066+00:00,0x2A1,0100010601000000
2026-09-26T08:42:54.773401+00:00,0x2A1,0100010601000000
2026-09-26T08:42:54.777777+00:00,0x2A1,0100010601000000
2026-09-26T08:42:54.784518+00:00,0x2A1,0100010600000000
2026-09-26T08:42:54.787642+00:00,0x2A1,0100010600000000
2026-09-26T08:42:54.792602+00:00,0x2A1,0100010600000000
2026-09-26T08:42:54.797600+00:00,0x2A1,0100010600000000
2026-09-26T08:42:54.804808+00:00,0x2A1,0100010600000000
2026-09-26T08:42:54.807753+00:00,0x2A1,0100010600000000
2026-09-26T08:42:54.812644+00:00,0x2A1,0100010600000000
2026-09-26T08:42:54.817871+00:00,0x2A1,0100010600000000
2026-09-26T08:42:54.825481+00:00,0x2A1,0100010600000000
2026-09-26T08:42:54.829075+00:00,0x2A1,0100010600000000
2026-09-26T08:42:54.832559+00:00,0x2A1,0100010600000000
2026-09-26T08:42:54.837559+00:00,0x2A1,0100010600000000
2026-09-26T08:42:54.844777+00:00,0x2A1,0100010600000000
2026-09-26T08:42:54.847646+00:00,0x2A1,0100010600000000
2026-09-26T08:42:54.852510+00:00,0x2A1,0100010600000000
2026-09-26T08:42:54.857597+00:00,0x2A1,0100010600000000
2026-09-26T08:42:54.864750+00:00,0x2A1,0100010600000000
2026-09-26T08:42:54.867642+00:00,0x2A1,0100010600000000
2026-09-26T08:42:54.872829+00:00,0x2A1,0100010600000000
2026-09-26T08:42:54.878120+00:00,0x2A1,0100010600000000
2026-09-26T08:42:54.882390+00:00,0x151,0101050000000000
2026-09-26T08:42:54.883278+00:00,0x155,00005606FFFF7E8B
2026-09-26T08:42:54.883507+00:00,0x156,FFFF6570FFFF7C2A
2026-09-26T08:42:54.883646+00:00,0x157,000036D900002E01
2026-09-26T08:42:54.883881+00:00,0x170,FFFF960500000000
2026-09-26T08:42:54.885027+00:00,0x2A1,0100010600000000
2026-09-26T08:42:54.888757+00:00,0x2A1,0100010600000000
2026-09-26T08:42:54.892753+00:00,0x2A1,0100010600000000
2026-09-26T08:42:54.897488+00:00,0x2A1,0100010600000000
2026-09-26T08:42:54.904875+00:00,0x2A1,0100010601000000
2026-09-26T08:42:54.907830+00:00,0x2A1,0100010601000000
2026-09-26T08:42:54.912776+00:00,0x2A1,0100010601000000
2026-09-26T08:42:54.917600+00:00,0x2A1,0100010601000000
2026-09-26T08:42:54.925118+00:00,0x2A1,0100010601000000
2026-09-26T08:42:54.928558+00:00,0x2A1,0100010601000000
2026-09-26T08:42:54.932874+00:00,0x2A1,0100010601000000
2026-09-26T08:42:54.937778+00:00,0x2A1,0100010601000000
2026-09-26T08:42:54.945024+00:00,0x2A1,0100010601000000
2026-09-26T08:42:54.948075+00:00,0x2A1,0100010601000000
2026-09-26T08:42:54.952558+00:00,0x2A1,0100010601000000
2026-09-26T08:42:54.957486+00:00,0x2A1,0100010601000000
2026-09-26T08:42:54.964601+00:00,0x2A1,0100010601000000
2026-09-26T08:42:54.967519+00:00,0x2A1,0100010601000000
2026-09-26T08:42:54.972561+00:00,0x2A1,0100010601000000
2026-09-26T08:42:54.977953+00:00,0x2A1,0100010601000000
2026-09-26T08:42:54.985615+00:00,0x2A1,0100010601000000
2026-09-26T08:42:54.989079+00:00,0x2A1,0100010601000000
2026-09-26T08:42:54.992755+00:00,0x2A1,0100010601000000
2026-09-26T08:42:54.997519+00:00,0x2A1,0100010601000000
2026-09-26T08:42:55.004873+00:00,0x2A1,0100010601000000
2026-09-26T08:42:55.007831+00:00,0x2A1,0100010601000000
2026-09-26T08:42:55.012572+00:00,0x2A1,0100010601000000
2026-09-26T08:42:55.017464+00:00,0x2A1,0100010601000000
2026-09-26T08:42:55.024831+00:00,0x2A1,0100010601000000
2026-09-26T08:42:55.027755+00:00,0x2A1,0100010601000000
2026-09-26T08:42:55.033422+00:00,0x2A1,0100010601000000
2026-09-26T08:42:55.037935+00:00,0x2A1,0100010601000000
2026-09-26T08:42:55.046072+00:00,0x2A1,0100010601000000
2026-09-26T08:42:55.049672+00:00,0x2A1,0100010601000000
2026-09-26T08:42:55.053175+00:00,0x2A1,0100010601000000
2026-09-26T08:42:55.057928+00:00,0x2A1,0100010601000000
2026-09-26T08:42:55.066538+00:00,0x2A1,0100010601000000
2026-09-26T08:42:55.070177+00:00,0x2A1,0100010601000000
2026-09-26T08:42:55.073570+00:00,0x2A1,0100010601000000
2026-09-26T08:42:55.078694+00:00,0x2A1,0100010601000000
2026-09-26T08:42:55.086395+00:00,0x2A1,0100010600000000
2026-09-26T08:42:55.090165+00:00,0x2A1,0100010600000000
2026-09-26T08:42:55.093905+00:00,0x2A1,0100010600000000
2026-09-26T08:42:55.098160+00:00,0x2A1,0100010600000000
2026-09-26T08:42:55.106439+00:00,0x2A1,0100010600000000
2026-09-26T08:42:55.109915+00:00,0x2A1,0100010600000000
2026-09-26T08:42:55.113359+00:00,0x2A1,0100010600000000
2026-09-26T08:42:55.117803+00:00,0x2A1,0100010600000000
2026-09-26T08:42:55.125399+00:00,0x2A1,0100010600000000
2026-09-26T08:42:55.128394+00:00,0x2A1,0100010600000000
2026-09-26T08:42:55.132493+00:00,0x2A1,0100010600000000
2026-09-26T08:42:55.137544+00:00,0x2A1,0100010600000000
2026-09-26T08:42:55.144254+00:00,0x2A1,0100010600000000
2026-09-26T08:42:55.149444+00:00,0x2A1,0100010600000000
2026-09-26T08:42:55.152923+00:00,0x2A1,0100010600000000
2026-09-26T08:42:55.157487+00:00,0x2A1,0100010600000000
2026-09-26T08:42:55.165028+00:00,0x2A1,0100010600000000
2026-09-26T08:42:55.168107+00:00,0x2A1,0100010600000000
2026-09-26T08:42:55.172650+00:00,0x2A1,0100010600000000
2026-09-26T08:42:55.177543+00:00,0x2A1,0100010600000000
2026-09-26T08:42:55.185024+00:00,0x2A1,0100010600000000
2026-09-26T08:42:55.186748+00:00,0x151,0101050000000000
2026-09-26T08:42:55.186904+00:00,0x155,00005606FFFF7E8B
2026-09-26T08:42:55.187078+00:00,0x156,FFFF67DBFFFF7C28
2026-09-26T08:42:55.187522+00:00,0x157,00002F5900002E01
2026-09-26T08:42:55.187752+00:00,0x170,FFFF960500000000
2026-09-26T08:42:55.188227+00:00,0x2A1,0100010600000000
2026-09-26T08:42:55.192786+00:00,0x2A1,0100010600000000
2026-09-26T08:42:55.197877+00:00,0x2A1,0100010600000000
2026-09-26T08:42:55.205077+00:00,0x2A1,0100010600000000
2026-09-26T08:42:55.209077+00:00,0x2A1,0100010601000000
2026-09-26T08:42:55.212756+00:00,0x2A1,0100010601000000
2026-09-26T08:42:55.217524+00:00,0x2A1,0100010601000000
2026-09-26T08:42:55.224782+00:00,0x2A1,0100010601000000
2026-09-26T08:42:55.227760+00:00,0x2A1,0100010601000000
2026-09-26T08:42:55.232548+00:00,0x2A1,0100010601000000
2026-09-26T08:42:55.237820+00:00,0x2A1,0100010601000000
2026-09-26T08:42:55.244521+00:00,0x2A1,0100010601000000
2026-09-26T08:42:55.247833+00:00,0x2A1,0100010601000000
2026-09-26T08:42:55.253235+00:00,0x2A1,0100010601000000
2026-09-26T08:42:55.258145+00:00,0x2A1,0100010601000000
2026-09-26T08:42:55.263465+00:00,0x2A1,0100010601000000
2026-09-26T08:42:55.268120+00:00,0x2A1,0100010601000000
2026-09-26T08:42:55.272563+00:00,0x2A1,0100010601000000
2026-09-26T08:42:55.277563+00:00,0x2A1,0100010601000000
2026-09-26T08:42:55.283420+00:00,0x2A1,0100010601000000
2026-09-26T08:42:55.287920+00:00,0x2A1,0100010601000000
2026-09-26T08:42:55.292497+00:00,0x2A1,0100010601000000
2026-09-26T08:42:55.297464+00:00,0x2A1,0100010601000000
2026-09-26T08:42:55.303978+00:00,0x2A1,0100010601000000
2026-09-26T08:42:55.309011+00:00,0x2A1,0100010601000000
2026-09-26T08:42:55.312877+00:00,0x2A1,0100010601000000
2026-09-26T08:42:55.317566+00:00,0x2A1,0100010601000000
2026-09-26T08:42:55.323254+00:00,0x2A1,0100010601000000
2026-09-26T08:42:55.327920+00:00,0x2A1,0100010601000000
2026-09-26T08:42:55.332522+00:00,0x2A1,0100010601000000
2026-09-26T08:42:55.338170+00:00,0x2A1,0100010601000000
2026-09-26T08:42:55.343256+00:00,0x2A1,0100010601000000
2026-09-26T08:42:55.347827+00:00,0x2A1,0100010601000000
2026-09-26T08:42:55.352575+00:00,0x2A1,0100010601000000
2026-09-26T08:42:55.357827+00:00,0x2A1,0100010601000000
2026-09-26T08:42:55.363908+00:00,0x2A1,0100010601000000
2026-09-26T08:42:55.369122+00:00,0x2A1,0100010601000000
2026-09-26T08:42:55.372875+00:00,0x2A1,0100010601000000
2026-09-26T08:42:55.377805+00:00,0x2A1,0100010601000000
2026-09-26T08:42:55.383325+00:00,0x2A1,0100010601000000
2026-09-26T08:42:55.388011+00:00,0x2A1,0100010600000000
2026-09-26T08:42:55.392568+00:00,0x2A1,0100010600000000
2026-09-26T08:42:55.397685+00:00,0x2A1,0100010600000000
2026-09-26T08:42:55.403197+00:00,0x2A1,0100010600000000
2026-09-26T08:42:55.407761+00:00,0x2A1,0100010600000000
2026-09-26T08:42:55.412566+00:00,0x2A1,0100010600000000
2026-09-26T08:42:55.417879+00:00,0x2A1,0100010600000000
2026-09-26T08:42:55.424320+00:00,0x2A1,0100010600000000
2026-09-26T08:42:55.429166+00:00,0x2A1,0100010600000000
2026-09-26T08:42:55.432469+00:00,0x2A1,0100010600000000
2026-09-26T08:42:55.437598+00:00,0x2A1,0100010600000000
2026-09-26T08:42:55.443516+00:00,0x2A1,0100010600000000
2026-09-26T08:42:55.448205+00:00,0x2A1,0100010600000000
2026-09-26T08:42:55.452564+00:00,0x2A1,0100010600000000
2026-09-26T08:42:55.457523+00:00,0x2A1,0100010600000000
2026-09-26T08:42:55.463450+00:00,0x2A1,0100010600000000
2026-09-26T08:42:55.468786+00:00,0x2A1,0100010600000000
2026-09-26T08:42:55.473032+00:00,0x2A1,0100010600000000
2026-09-26T08:42:55.477882+00:00,0x2A1,0100010600000000
2026-09-26T08:42:55.483445+00:00,0x2A1,0100010600000000
2026-09-26T08:42:55.488274+00:00,0x2A1,0100010600000000
2026-09-26T08:42:55.490606+00:00,0x151,0101050000000000
2026-09-26T08:42:55.490879+00:00,0x155,00005606FFFF7E8B
2026-09-26T08:42:55.491194+00:00,0x156,FFFF6A47FFFF7C26
2026-09-26T08:42:55.492101+00:00,0x157,000027DA00002E01
2026-09-26T08:42:55.492168+00:00,0x170,FFFF960500000000
2026-09-26T08:42:55.492792+00:00,0x2A1,0100010600000000
2026-09-26T08:42:55.497470+00:00,0x2A1,0100010600000000
2026-09-26T08:42:55.503033+00:00,0x2A1,0100010600000000
2026-09-26T08:42:55.507986+00:00,0x2A1,0100010601000000
2026-09-26T08:42:55.512759+00:00,0x2A1,0100010601000000
2026-09-26T08:42:55.518261+00:00,0x2A1,0100010601000000
2026-09-26T08:42:55.523783+00:00,0x2A1,0100010601000000
2026-09-26T08:42:55.529080+00:00,0x2A1,0100010601000000
2026-09-26T08:42:55.532835+00:00,0x2A1,0100010601000000
2026-09-26T08:42:55.537726+00:00,0x2A1,0100010601000000
2026-09-26T08:42:55.543078+00:00,0x2A1,0100010601000000
2026-09-26T08:42:55.548122+00:00,0x2A1,0100010601000000
2026-09-26T08:42:55.552578+00:00,0x2A1,0100010601000000
2026-09-26T08:42:55.557579+00:00,0x2A1,0100010601000000
2026-09-26T08:42:55.563212+00:00,0x2A1,0100010601000000
2026-09-26T08:42:55.568320+00:00,0x2A1,0100010601000000
2026-09-26T08:42:55.572563+00:00,0x2A1,0100010601000000
2026-09-26T08:42:55.578130+00:00,0x2A1,0100010601000000
2026-09-26T08:42:55.584057+00:00,0x2A1,0100010601000000
2026-09-26T08:42:55.588516+00:00,0x2A1,0100010601000000
2026-09-26T08:42:55.592593+00:00,0x2A1,0100010601000000
2026-09-26T08:42:55.597574+00:00,0x2A1,0100010601000000
2026-09-26T08:42:55.603375+00:00,0x2A1,0100010601000000
2026-09-26T08:42:55.608527+00:00,0x2A1,0100010601000000
2026-09-26T08:42:55.612444+00:00,0x2A1,0100010601000000
2026-09-26T08:42:55.617615+00:00,0x2A1,0100010601000000
2026-09-26T08:42:55.623135+00:00,0x2A1,0100010601000000
2026-09-26T08:42:55.629219+00:00,0x2A1,0100010601000000
2026-09-26T08:42:55.633080+00:00,0x2A1,0100010601000000
2026-09-26T08:42:55.637783+00:00,0x2A1,0100010601000000
2026-09-26T08:42:55.643363+00:00,0x2A1,0100010601000000
2026-09-26T08:42:55.648760+00:00,0x2A1,0100010601000000
2026-09-26T08:42:55.652761+00:00,0x2A1,0100010601000000
2026-09-26T08:42:55.657491+00:00,0x2A1,0100010601000000
2026-09-26T08:42:55.663275+00:00,0x2A1,0100010601000000
2026-09-26T08:42:55.668880+00:00,0x2A1,0100010601000000
2026-09-26T08:42:55.672609+00:00,0x2A1,0100010601000000
2026-09-26T08:42:55.677546+00:00,0x2A1,0100010601000000
2026-09-26T08:42:55.684016+00:00,0x2A1,0100010601000000
2026-09-26T08:42:55.690227+00:00,0x2A1,0100010600000000
2026-09-26T08:42:55.693168+00:00,0x2A1,0100010600000000
2026-09-26T08:42:55.697526+00:00,0x2A1,0100010600000000
2026-09-26T08:42:55.703130+00:00,0x2A1,0100010600000000
2026-09-26T08:42:55.708706+00:00,0x2A1,0100010600000000
2026-09-26T08:42:55.712549+00:00,0x2A1,0100010600000000
2026-09-26T08:42:55.717465+00:00,0x2A1,0100010600000000
2026-09-26T08:42:55.723387+00:00,0x2A1,0100010600000000
2026-09-26T08:42:55.728787+00:00,0x2A1,0100010600000000
2026-09-26T08:42:55.732881+00:00,0x2A1,0100010600000000
2026-09-26T08:42:55.738180+00:00,0x2A1,0100010600000000
2026-09-26T08:42:55.743759+00:00,0x2A1,0100010600000000
2026-09-26T08:42:55.748804+00:00,0x2A1,0100010600000000
2026-09-26T08:42:55.752525+00:00,0x2A1,0100010600000000
2026-09-26T08:42:55.757605+00:00,0x2A1,0100010600000000
2026-09-26T08:42:55.763165+00:00,0x2A1,0100010600000000
2026-09-26T08:42:55.768473+00:00,0x2A1,0100010600000000
2026-09-26T08:42:55.772470+00:00,0x2A1,0100010600000000
2026-09-26T08:42:55.777536+00:00,0x2A1,0100010600000000
2026-09-26T08:42:55.783814+00:00,0x2A1,0100010600000000
2026-09-26T08:42:55.790297+00:00,0x2A1,0100010600000000
2026-09-26T08:42:55.794131+00:00,0x2A1,0100010600000000
2026-09-26T08:42:55.794632+00:00,0x151,0101050000000000
2026-09-26T08:42:55.794835+00:00,0x155,00005605FFFF7E8B
2026-09-26T08:42:55.794905+00:00,0x156,FFFF6CD7FFFF7CA6
2026-09-26T08:42:55.794979+00:00,0x157,000022C800002E01
2026-09-26T08:42:55.795112+00:00,0x170,FFFF960500000000
2026-09-26T08:42:55.797794+00:00,0x2A1,0100010600000000
2026-09-26T08:42:55.803034+00:00,0x2A1,0100010600000000
2026-09-26T08:42:55.808524+00:00,0x2A1,0100010601000000
2026-09-26T08:42:55.812521+00:00,0x2A1,0100010601000000
2026-09-26T08:42:55.817451+00:00,0x2A1,0100010601000000
2026-09-26T08:42:55.823114+00:00,0x2A1,0100010601000000
2026-09-26T08:42:55.829035+00:00,0x2A1,0100010601000000
2026-09-26T08:42:55.832649+00:00,0x2A1,0100010601000000
2026-09-26T08:42:55.837837+00:00,0x2A1,0100010601000000
2026-09-26T08:42:55.843891+00:00,0x2A1,0100010601000000
2026-09-26T08:42:55.849880+00:00,0x2A1,0100010601000000
2026-09-26T08:42:55.852921+00:00,0x2A1,0100010601000000
2026-09-26T08:42:55.857621+00:00,0x2A1,0100010601000000
2026-09-26T08:42:55.863413+00:00,0x2A1,0100010601000000
2026-09-26T08:42:55.868762+00:00,0x2A1,0100010601000000
2026-09-26T08:42:55.872493+00:00,0x2A1,0100010601000000
2026-09-26T08:42:55.877556+00:00,0x2A1,0100010601000000
2026-09-26T08:42:55.883282+00:00,0x2A1,0100010601000000
2026-09-26T08:42:55.889886+00:00,0x2A1,0100010601000000
2026-09-26T08:42:55.893139+00:00,0x2A1,0100010601000000
2026-09-26T08:42:55.898324+00:00,0x2A1,0100010601000000
2026-09-26T08:42:55.903765+00:00,0x2A1,0100010601000000
2026-09-26T08:42:55.909170+00:00,0x2A1,0100010600000000
2026-09-26T08:42:55.912471+00:00,0x2A1,0100010600000000
2026-09-26T08:42:55.917584+00:00,0x2A1,0100010600000000
2026-09-26T08:42:55.923126+00:00,0x2A1,0100010600000000
2026-09-26T08:42:55.929022+00:00,0x2A1,0100010600000000
2026-09-26T08:42:55.932450+00:00,0x2A1,0100010600000000
2026-09-26T08:42:55.937520+00:00,0x2A1,0100010600000000
2026-09-26T08:42:55.943139+00:00,0x2A1,0100010600000000
2026-09-26T08:42:55.949384+00:00,0x2A1,0100010600000000
2026-09-26T08:42:55.952931+00:00,0x2A1,0100010600000000
2026-09-26T08:42:55.958176+00:00,0x2A1,0100010600000000
2026-09-26T08:42:55.963238+00:00,0x2A1,0100010600000000
2026-09-26T08:42:55.969441+00:00,0x2A1,0100010600000000
2026-09-26T08:42:55.972527+00:00,0x2A1,0100010600000000
2026-09-26T08:42:55.977514+00:00,0x2A1,0100010600000000
2026-09-26T08:42:55.983037+00:00,0x2A1,0100010600000000
2026-09-26T08:42:55.989335+00:00,0x2A1,0100010600000000
2026-09-26T08:42:55.992522+00:00,0x2A1,0100010600000000
2026-09-26T08:42:55.996404+00:00,0x151,0101050000000000
2026-09-26T08:42:55.996520+00:00,0x155,00005603FFFF7E8B
2026-09-26T08:42:55.996587+00:00,0x156,FFFF6F67FFFF7D27
2026-09-26T08:42:55.996651+00:00,0x157,00001DB600002E01
2026-09-26T08:42:55.997346+00:00,0x170,FFFF960500000000
2026-09-26T08:42:55.997925+00:00,0x2A1,0100010600000000
2026-09-26T08:42:56.003473+00:00,0x2A1,0100010600000000
2026-09-26T08:42:56.009883+00:00,0x2A1,0100010601000000
2026-09-26T08:42:56.013127+00:00,0x2A1,0100010601000000
2026-09-26T08:42:56.017503+00:00,0x2A1,0100010601000000
2026-09-26T08:42:56.023433+00:00,0x2A1,0100010601000000
2026-09-26T08:42:56.028969+00:00,0x2A1,0100010601000000
2026-09-26T08:42:56.032573+00:00,0x2A1,0100010601000000
2026-09-26T08:42:56.037563+00:00,0x2A1,0100010601000000
2026-09-26T08:42:56.043143+00:00,0x2A1,0100010601000000
2026-09-26T08:42:56.048989+00:00,0x2A1,0100010601000000
2026-09-26T08:42:56.052502+00:00,0x2A1,0100010601000000
2026-09-26T08:42:56.058322+00:00,0x2A1,0100010601000000
2026-09-26T08:42:56.063794+00:00,0x2A1,0100010601000000
2026-09-26T08:42:56.070044+00:00,0x2A1,0100010601000000
2026-09-26T08:42:56.072969+00:00,0x2A1,0100010601000000
2026-09-26T08:42:56.077471+00:00,0x2A1,0100010601000000
2026-09-26T08:42:56.083181+00:00,0x2A1,0100010601000000
2026-09-26T08:42:56.089033+00:00,0x2A1,0100010601000000
2026-09-26T08:42:56.092681+00:00,0x2A1,0100010601000000
2026-09-26T08:42:56.097532+00:00,0x2A1,0100010601000000
2026-09-26T08:42:56.103138+00:00,0x2A1,0100010601000000
2026-09-26T08:42:56.109414+00:00,0x2A1,0100010600000000
2026-09-26T08:42:56.113428+00:00,0x2A1,0100010600000000
2026-09-26T08:42:56.117842+00:00,0x2A1,0100010600000000
2026-09-26T08:42:56.123414+00:00,0x2A1,0100010600000000
2026-09-26T08:42:56.129578+00:00,0x2A1,0100010600000000
2026-09-26T08:42:56.132611+00:00,0x2A1,0100010600000000
2026-09-26T08:42:56.137558+00:00,0x2A1,0100010600000000
2026-09-26T08:42:56.143380+00:00,0x2A1,0100010600000000
2026-09-26T08:42:56.148971+00:00,0x2A1,0100010600000000
2026-09-26T08:42:56.152494+00:00,0x2A1,0100010600000000
2026-09-26T08:42:56.157492+00:00,0x2A1,0100010600000000
2026-09-26T08:42:56.163622+00:00,0x2A1,0100010600000000
2026-09-26T08:42:56.170129+00:00,0x2A1,0100010600000000
2026-09-26T08:42:56.173523+00:00,0x2A1,0100010600000000
2026-09-26T08:42:56.178279+00:00,0x2A1,0100010600000000
2026-09-26T08:42:56.183282+00:00,0x2A1,0100010600000000
2026-09-26T08:42:56.189173+00:00,0x2A1,0100010600000000
2026-09-26T08:42:56.192528+00:00,0x2A1,0100010600000000
2026-09-26T08:42:56.197766+00:00,0x2A1,0100010600000000
2026-09-26T08:42:56.199609+00:00,0x151,0101050000000000
2026-09-26T08:42:56.199765+00:00,0x155,00005603FFFF7E8B
2026-09-26T08:42:56.199838+00:00,0x156,FFFF7194FFFF7F72
2026-09-26T08:42:56.199930+00:00,0x157,0000185800002E01
2026-09-26T08:42:56.200028+00:00,0x170,FFFF960500000000
2026-09-26T08:42:56.203368+00:00,0x2A1,0100010600000000
2026-09-26T08:42:56.209887+00:00,0x2A1,0100010601000000
2026-09-26T08:42:56.212841+00:00,0x2A1,0100010601000000
2026-09-26T08:42:56.217517+00:00,0x2A1,0100010601000000
2026-09-26T08:42:56.224149+00:00,0x2A1,0100010601000000
2026-09-26T08:42:56.230842+00:00,0x2A1,0100010601000000
2026-09-26T08:42:56.234039+00:00,0x2A1,0100010601000000
2026-09-26T08:42:56.237634+00:00,0x2A1,0100010601000000
2026-09-26T08:42:56.243037+00:00,0x2A1,0100010601000000
2026-09-26T08:42:56.249085+00:00,0x2A1,0100010601000000
2026-09-26T08:42:56.252527+00:00,0x2A1,0100010601000000
2026-09-26T08:42:56.257474+00:00,0x2A1,0100010601000000
2026-09-26T08:42:56.263169+00:00,0x2A1,0100010601000000
2026-09-26T08:42:56.269169+00:00,0x2A1,0100010601000000
2026-09-26T08:42:56.272841+00:00,0x2A1,0100010601000000
2026-09-26T08:42:56.278036+00:00,0x2A1,0100010601000000
2026-09-26T08:42:56.283788+00:00,0x2A1,0100010601000000
2026-09-26T08:42:56.288333+00:00,0x2A1,0100010601000000
2026-09-26T08:42:56.293088+00:00,0x2A1,0100010601000000
2026-09-26T08:42:56.297723+00:00,0x2A1,0100010601000000
2026-09-26T08:42:56.303381+00:00,0x2A1,0100010601000000
2026-09-26T08:42:56.309044+00:00,0x2A1,0100010601000000
2026-09-26T08:42:56.312614+00:00,0x2A1,0100010601000000
2026-09-26T08:42:56.317518+00:00,0x2A1,0100010601000000
2026-09-26T08:42:56.323345+00:00,0x2A1,0100010601000000
2026-09-26T08:42:56.328279+00:00,0x2A1,0100010601000000
2026-09-26T08:42:56.333313+00:00,0x2A1,0100010600000000
2026-09-26T08:42:56.338624+00:00,0x2A1,0100010600000000
2026-09-26T08:42:56.343336+00:00,0x2A1,0100010600000000
2026-09-26T08:42:56.347622+00:00,0x2A1,0100010600000000
2026-09-26T08:42:56.352531+00:00,0x2A1,0100010600000000
2026-09-26T08:42:56.357707+00:00,0x2A1,0100010600000000
2026-09-26T08:42:56.363264+00:00,0x2A1,0100010600000000
2026-09-26T08:42:56.367836+00:00,0x2A1,0100010600000000
2026-09-26T08:42:56.372619+00:00,0x2A1,0100010600000000
2026-09-26T08:42:56.377513+00:00,0x2A1,0100010600000000
2026-09-26T08:42:56.383791+00:00,0x2A1,0100010600000000
2026-09-26T08:42:56.387929+00:00,0x2A1,0100010600000000
2026-09-26T08:42:56.393036+00:00,0x2A1,0100010600000000
2026-09-26T08:42:56.397478+00:00,0x2A1,0100010600000000
2026-09-26T08:42:56.401904+00:00,0x151,0101050000000000
2026-09-26T08:42:56.402157+00:00,0x155,00005603FFFF7E8B
2026-09-26T08:42:56.402203+00:00,0x156,FFFF73C1FFFF81BD
2026-09-26T08:42:56.402276+00:00,0x157,000012FB00002E01
2026-09-26T08:42:56.402550+00:00,0x170,FFFF960500000000
2026-09-26T08:42:56.403424+00:00,0x2A1,0100010600000000
2026-09-26T08:42:56.407480+00:00,0x2A1,0100010600000000
2026-09-26T08:42:56.412615+00:00,0x2A1,0100010601000000
2026-09-26T08:42:56.417505+00:00,0x2A1,0100010601000000
2026-09-26T08:42:56.423130+00:00,0x2A1,0100010601000000
2026-09-26T08:42:56.427763+00:00,0x2A1,0100010601000000
2026-09-26T08:42:56.432838+00:00,0x2A1,0100010601000000
2026-09-26T08:42:56.437789+00:00,0x2A1,0100010601000000
2026-09-26T08:42:56.444036+00:00,0x2A1,0100010601000000
2026-09-26T08:42:56.447570+00:00,0x2A1,0100010601000000
2026-09-26T08:42:56.452929+00:00,0x2A1,0100010601000000
2026-09-26T08:42:56.457476+00:00,0x2A1,0100010601000000
2026-09-26T08:42:56.463217+00:00,0x2A1,0100010601000000
2026-09-26T08:42:56.468332+00:00,0x2A1,0100010601000000
2026-09-26T08:42:56.472843+00:00,0x2A1,0100010601000000
2026-09-26T08:42:56.477665+00:00,0x2A1,0100010601000000
2026-09-26T08:42:56.483216+00:00,0x2A1,0100010601000000
2026-09-26T08:42:56.488087+00:00,0x2A1,0100010601000000
2026-09-26T08:42:56.493843+00:00,0x2A1,0100010601000000
2026-09-26T08:42:56.497995+00:00,0x2A1,0100010601000000
2026-09-26T08:42:56.503267+00:00,0x2A1,0100010601000000
2026-09-26T08:42:56.510828+00:00,0x2A1,0100010601000000
2026-09-26T08:42:56.513636+00:00,0x2A1,0100010601000000
2026-09-26T08:42:56.517506+00:00,0x2A1,0100010601000000
2026-09-26T08:42:56.523148+00:00,0x2A1,0100010601000000
2026-09-26T08:42:56.527605+00:00,0x2A1,0100010601000000
2026-09-26T08:42:56.532880+00:00,0x2A1,0100010600000000
2026-09-26T08:42:56.538812+00:00,0x2A1,0100010600000000
2026-09-26T08:42:56.544130+00:00,0x2A1,0100010600000000
2026-09-26T08:42:56.548319+00:00,0x2A1,0100010600000000
2026-09-26T08:42:56.553449+00:00,0x2A1,0100010600000000
2026-09-26T08:42:56.557535+00:00,0x2A1,0100010600000000
2026-09-26T08:42:56.563180+00:00,0x2A1,0100010600000000
2026-09-26T08:42:56.567454+00:00,0x2A1,0100010600000000
2026-09-26T08:42:56.572930+00:00,0x2A1,0100010600000000
2026-09-26T08:42:56.577461+00:00,0x2A1,0100010600000000
2026-09-26T08:42:56.583289+00:00,0x2A1,0100010600000000
2026-09-26T08:42:56.587514+00:00,0x2A1,0100010600000000
2026-09-26T08:42:56.593688+00:00,0x2A1,0100010600000000
2026-09-26T08:42:56.597986+00:00,0x2A1,0100010600000000
2026-09-26T08:42:56.603706+00:00,0x2A1,0100010600000000
2026-09-26T08:42:56.604592+00:00,0x151,0101050000000000
2026-09-26T08:42:56.604660+00:00,0x155,00005603FFFF7E8B
2026-09-26T08:42:56.605387+00:00,0x156,FFFF77F7FFFF86AA
2026-09-26T08:42:56.605431+00:00,0x157,00000DA000002E01
2026-09-26T08:42:56.606077+00:00,0x170,FFFF960500000000
2026-09-26T08:42:56.607800+00:00,0x2A1,0100010600000000
2026-09-26T08:42:56.613844+00:00,0x2A1,0100010601000000
2026-09-26T08:42:56.617456+00:00,0x2A1,0100010601000000
2026-09-26T08:42:56.623174+00:00,0x2A1,0100010601000000
2026-09-26T08:42:56.627499+00:00,0x2A1,0100010601000000
2026-09-26T08:42:56.633574+00:00,0x2A1,0100010601000000
2026-09-26T08:42:56.637477+00:00,0x2A1,0100010601000000
2026-09-26T08:42:56.644225+00:00,0x2A1,0100010601000000
2026-09-26T08:42:56.648371+00:00,0x2A1,0100010601000000
2026-09-26T08:42:56.655038+00:00,0x2A1,0100010601000000
2026-09-26T08:42:56.658037+00:00,0x2A1,0100010601000000
2026-09-26T08:42:56.663328+00:00,0x2A1,0100010601000000
2026-09-26T08:42:56.667475+00:00,0x2A1,0100010601000000
2026-09-26T08:42:56.673532+00:00,0x2A1,0100010601000000
2026-09-26T08:42:56.677477+00:00,0x2A1,0100010601000000
2026-09-26T08:42:56.683240+00:00,0x2A1,0100010601000000
2026-09-26T08:42:56.687471+00:00,0x2A1,0100010601000000
2026-09-26T08:42:56.693574+00:00,0x2A1,0100010601000000
2026-09-26T08:42:56.699137+00:00,0x2A1,0100010601000000
2026-09-26T08:42:56.704937+00:00,0x2A1,0100010601000000
2026-09-26T08:42:56.708843+00:00,0x2A1,0100010601000000
2026-09-26T08:42:56.713932+00:00,0x2A1,0100010601000000
2026-09-26T08:42:56.717530+00:00,0x2A1,0100010601000000
2026-09-26T08:42:56.723415+00:00,0x2A1,0100010601000000
2026-09-26T08:42:56.727556+00:00,0x2A1,0100010601000000
2026-09-26T08:42:56.733667+00:00,0x2A1,0100010601000000
2026-09-26T08:42:56.737513+00:00,0x2A1,0100010601000000
2026-09-26T08:42:56.743295+00:00,0x2A1,0100010601000000
2026-09-26T08:42:56.747608+00:00,0x2A1,0100010601000000
2026-09-26T08:42:56.755365+00:00,0x2A1,0100010600000000
2026-09-26T08:42:56.758619+00:00,0x2A1,0100010600000000
2026-09-26T08:42:56.763331+00:00,0x2A1,0100010600000000
2026-09-26T08:42:56.767514+00:00,0x2A1,0100010600000000
2026-09-26T08:42:56.773496+00:00,0x2A1,0100010600000000
2026-09-26T08:42:56.777529+00:00,0x2A1,0100010600000000
2026-09-26T08:42:56.783185+00:00,0x2A1,0100010600000000
2026-09-26T08:42:56.787851+00:00,0x2A1,0100010600000000
2026-09-26T08:42:56.793820+00:00,0x2A1,0100010600000000
2026-09-26T08:42:56.797643+00:00,0x2A1,0100010600000000
2026-09-26T08:42:56.803551+00:00,0x2A1,0100010600000000
2026-09-26T08:42:56.808199+00:00,0x2A1,0100010600000000
2026-09-26T08:42:56.815795+00:00,0x2A1,0100010600000000
2026-09-26T08:42:56.818794+00:00,0x2A1,0100010600000000
2026-09-26T08:42:56.823455+00:00,0x2A1,0100010600000000
2026-09-26T08:42:56.827479+00:00,0x2A1,0100010600000000
2026-09-26T08:42:56.833780+00:00,0x2A1,0100010600000000
2026-09-26T08:42:56.837458+00:00,0x2A1,0100010600000000
2026-09-26T08:42:56.843134+00:00,0x2A1,0100010600000000
2026-09-26T08:42:56.847637+00:00,0x2A1,0100010600000000
2026-09-26T08:42:56.853903+00:00,0x2A1,0100010600000000
2026-09-26T08:42:56.857916+00:00,0x2A1,0100010600000000
2026-09-26T08:42:56.858068+00:00,0x151,0101050000000000
2026-09-26T08:42:56.858650+00:00,0x155,0000560EFFFF7E8B
2026-09-26T08:42:56.858784+00:00,0x156,FFFF7C5EFFFF8C96
2026-09-26T08:42:56.858895+00:00,0x157,00000A4E00002E01
2026-09-26T08:42:56.858965+00:00,0x170,FFFF960500000000
2026-09-26T08:42:56.864187+00:00,0x2A1,0100010600000000
2026-09-26T08:42:56.868219+00:00,0x2A1,0100010600000000
2026-09-26T08:42:56.874329+00:00,0x2A1,0100010601000000
2026-09-26T08:42:56.877534+00:00,0x2A1,0100010601000000
2026-09-26T08:42:56.883178+00:00,0x2A1,0100010601000000
2026-09-26T08:42:56.887711+00:00,0x2A1,0100010601000000
2026-09-26T08:42:56.893820+00:00,0x2A1,0100010601000000
2026-09-26T08:42:56.897513+00:00,0x2A1,0100010601000000
2026-09-26T08:42:56.903330+00:00,0x2A1,0100010601000000
2026-09-26T08:42:56.907487+00:00,0x2A1,0100010601000000
2026-09-26T08:42:56.916189+00:00,0x2A1,0100010601000000
2026-09-26T08:42:56.919620+00:00,0x2A1,0100010601000000
2026-09-26T08:42:56.923791+00:00,0x2A1,0100010601000000
2026-09-26T08:42:56.927773+00:00,0x2A1,0100010601000000
2026-09-26T08:42:56.935030+00:00,0x2A1,0100010601000000
2026-09-26T08:42:56.938046+00:00,0x2A1,0100010601000000
2026-09-26T08:42:56.943177+00:00,0x2A1,0100010601000000
2026-09-26T08:42:56.947532+00:00,0x2A1,0100010601000000
2026-09-26T08:42:56.954454+00:00,0x2A1,0100010601000000
2026-09-26T08:42:56.957629+00:00,0x2A1,0100010601000000
2026-09-26T08:42:56.963289+00:00,0x2A1,0100010601000000
2026-09-26T08:42:56.968134+00:00,0x2A1,0100010601000000
2026-09-26T08:42:56.974619+00:00,0x2A1,0100010601000000
2026-09-26T08:42:56.978092+00:00,0x2A1,0100010601000000
2026-09-26T08:42:56.983374+00:00,0x2A1,0100010601000000
2026-09-26T08:42:56.987789+00:00,0x2A1,0100010601000000
2026-09-26T08:42:56.993771+00:00,0x2A1,0100010601000000
2026-09-26T08:42:56.997643+00:00,0x2A1,0100010601000000
2026-09-26T08:42:57.003092+00:00,0x2A1,0100010601000000
2026-09-26T08:42:57.007807+00:00,0x2A1,0100010601000000
2026-09-26T08:42:57.013997+00:00,0x2A1,0100010600000000
2026-09-26T08:42:57.017513+00:00,0x2A1,0100010600000000
2026-09-26T08:42:57.023500+00:00,0x2A1,0100010600000000
2026-09-26T08:42:57.027848+00:00,0x2A1,0100010600000000
2026-09-26T08:42:57.034597+00:00,0x2A1,0100010600000000
2026-09-26T08:42:57.037771+00:00,0x2A1,0100010600000000
2026-09-26T08:42:57.043290+00:00,0x2A1,0100010600000000
2026-09-26T08:42:57.047459+00:00,0x2A1,0100010600000000
2026-09-26T08:42:57.054431+00:00,0x2A1,0100010600000000
2026-09-26T08:42:57.057536+00:00,0x2A1,0100010600000000
2026-09-26T08:42:57.063176+00:00,0x2A1,0100010600000000
2026-09-26T08:42:57.067523+00:00,0x2A1,0100010600000000
2026-09-26T08:42:57.074147+00:00,0x2A1,0100010600000000
2026-09-26T08:42:57.077621+00:00,0x2A1,0100010600000000
2026-09-26T08:42:57.083629+00:00,0x2A1,0100010600000000
2026-09-26T08:42:57.087796+00:00,0x2A1,0100010600000000
2026-09-26T08:42:57.093889+00:00,0x2A1,0100010600000000
2026-09-26T08:42:57.097533+00:00,0x2A1,0100010600000000
2026-09-26T08:42:57.103112+00:00,0x2A1,0100010600000000
2026-09-26T08:42:57.107514+00:00,0x2A1,0100010600000000
2026-09-26T08:42:57.110883+00:00,0x151,0101050000000000
2026-09-26T08:42:57.111413+00:00,0x155,00005619FFFF7E8B
2026-09-26T08:42:57.111625+00:00,0x156,FFFF80C5FFFF9281
2026-09-26T08:42:57.111892+00:00,0x157,000006FB00002E01
2026-09-26T08:42:57.112875+00:00,0x170,FFFF960500000000
2026-09-26T08:42:57.114136+00:00,0x2A1,0100010600000000
2026-09-26T08:42:57.117535+00:00,0x2A1,0100010600000000
2026-09-26T08:42:57.123795+00:00,0x2A1,0100010600000000
2026-09-26T08:42:57.128087+00:00,0x2A1,0100010600000000
2026-09-26T08:42:57.135833+00:00,0x2A1,0100010601000000
2026-09-26T08:42:57.139433+00:00,0x2A1,0100010601000000
2026-09-26T08:42:57.145010+00:00,0x2A1,0100010601000000
2026-09-26T08:42:57.148513+00:00,0x2A1,0100010601000000
2026-09-26T08:42:57.155146+00:00,0x2A1,0100010601000000
2026-09-26T08:42:57.158376+00:00,0x2A1,0100010601000000
2026-09-26T08:42:57.164401+00:00,0x2A1,0100010601000000
2026-09-26T08:42:57.167772+00:00,0x2A1,0100010601000000
2026-09-26T08:42:57.175848+00:00,0x2A1,0100010601000000
2026-09-26T08:42:57.179190+00:00,0x2A1,0100010601000000
2026-09-26T08:42:57.184315+00:00,0x2A1,0100010601000000
2026-09-26T08:42:57.188379+00:00,0x2A1,0100010601000000
2026-09-26T08:42:57.194945+00:00,0x2A1,0100010601000000
2026-09-26T08:42:57.198149+00:00,0x2A1,0100010601000000
2026-09-26T08:42:57.203176+00:00,0x2A1,0100010601000000
2026-09-26T08:42:57.207772+00:00,0x2A1,0100010601000000
2026-09-26T08:42:57.214797+00:00,0x2A1,0100010601000000
2026-09-26T08:42:57.217796+00:00,0x2A1,0100010601000000
2026-09-26T08:42:57.223302+00:00,0x2A1,0100010601000000
2026-09-26T08:42:57.227512+00:00,0x2A1,0100010601000000
2026-09-26T08:42:57.234237+00:00,0x2A1,0100010601000000
2026-09-26T08:42:57.237590+00:00,0x2A1,0100010601000000
2026-09-26T08:42:57.244411+00:00,0x2A1,0100010601000000
2026-09-26T08:42:57.248179+00:00,0x2A1,0100010601000000
2026-09-26T08:42:57.254906+00:00,0x2A1,0100010600000000
2026-09-26T08:42:57.258454+00:00,0x2A1,0100010600000000
2026-09-26T08:42:57.263387+00:00,0x2A1,0100010600000000
2026-09-26T08:42:57.267478+00:00,0x2A1,0100010600000000
2026-09-26T08:42:57.274147+00:00,0x2A1,0100010600000000
2026-09-26T08:42:57.277542+00:00,0x2A1,0100010600000000
2026-09-26T08:42:57.283222+00:00,0x2A1,0100010600000000
2026-09-26T08:42:57.287513+00:00,0x2A1,0100010600000000
2026-09-26T08:42:57.294183+00:00,0x2A1,0100010600000000
2026-09-26T08:42:57.297522+00:00,0x2A1,0100010600000000
2026-09-26T08:42:57.303847+00:00,0x2A1,0100010600000000
2026-09-26T08:42:57.307853+00:00,0x2A1,0100010600000000
2026-09-26T08:42:57.314458+00:00,0x2A1,0100010600000000
2026-09-26T08:42:57.317776+00:00,0x2A1,0100010600000000
2026-09-26T08:42:57.323180+00:00,0x2A1,0100010600000000
2026-09-26T08:42:57.327720+00:00,0x2A1,0100010600000000
2026-09-26T08:42:57.334147+00:00,0x2A1,0100010600000000
2026-09-26T08:42:57.337621+00:00,0x2A1,0100010600000000
2026-09-26T08:42:57.343046+00:00,0x2A1,0100010600000000
2026-09-26T08:42:57.347561+00:00,0x2A1,0100010600000000
2026-09-26T08:42:57.354512+00:00,0x2A1,0100010600000000
2026-09-26T08:42:57.358334+00:00,0x2A1,0100010600000000
2026-09-26T08:42:57.363622+00:00,0x2A1,0100010600000000
2026-09-26T08:42:57.364440+00:00,0x151,0101050000000000
2026-09-26T08:42:57.364529+00:00,0x155,00005624FFFF7E8B
2026-09-26T08:42:57.364782+00:00,0x156,FFFF852CFFFF986D
2026-09-26T08:42:57.364850+00:00,0x157,000003A900002E01
2026-09-26T08:42:57.364918+00:00,0x170,FFFF960500000000
2026-09-26T08:42:57.367850+00:00,0x2A1,0100010600000000
2026-09-26T08:42:57.373979+00:00,0x2A1,0100010601000000
2026-09-26T08:42:57.377461+00:00,0x2A1,0100010601000000
2026-09-26T08:42:57.383180+00:00,0x2A1,0100010601000000
2026-09-26T08:42:57.387461+00:00,0x2A1,0100010601000000
2026-09-26T08:42:57.393981+00:00,0x2A1,0100010601000000
2026-09-26T08:42:57.397463+00:00,0x2A1,0100010601000000
2026-09-26T08:42:57.403048+00:00,0x2A1,0100010601000000
2026-09-26T08:42:57.407894+00:00,0x2A1,0100010601000000
2026-09-26T08:42:57.413901+00:00,0x2A1,0100010601000000
2026-09-26T08:42:57.418334+00:00,0x2A1,0100010601000000
2026-09-26T08:42:57.423291+00:00,0x2A1,0100010601000000
2026-09-26T08:42:57.427465+00:00,0x2A1,0100010601000000
2026-09-26T08:42:57.434775+00:00,0x2A1,0100010601000000
2026-09-26T08:42:57.437774+00:00,0x2A1,0100010601000000
2026-09-26T08:42:57.443412+00:00,0x2A1,0100010601000000
2026-09-26T08:42:57.447586+00:00,0x2A1,0100010601000000
2026-09-26T08:42:57.454246+00:00,0x2A1,0100010601000000
2026-09-26T08:42:57.457581+00:00,0x2A1,0100010601000000
2026-09-26T08:42:57.464623+00:00,0x2A1,0100010601000000
2026-09-26T08:42:57.468042+00:00,0x2A1,0100010601000000
2026-09-26T08:42:57.473023+00:00,0x2A1,0100010601000000
2026-09-26T08:42:57.477624+00:00,0x2A1,0100010601000000
2026-09-26T08:42:57.483684+00:00,0x2A1,0100010601000000
2026-09-26T08:42:57.487523+00:00,0x2A1,0100010601000000
2026-09-26T08:42:57.493115+00:00,0x2A1,0100010601000000
2026-09-26T08:42:57.497506+00:00,0x2A1,0100010601000000
2026-09-26T08:42:57.503186+00:00,0x2A1,0100010601000000
2026-09-26T08:42:57.507584+00:00,0x2A1,0100010601000000
2026-09-26T08:42:57.512856+00:00,0x2A1,0100010601000000
2026-09-26T08:42:57.519510+00:00,0x2A1,0100010600000000
2026-09-26T08:42:57.523537+00:00,0x2A1,0100010600000000
2026-09-26T08:42:57.527831+00:00,0x2A1,0100010600000000
2026-09-26T08:42:57.532525+00:00,0x2A1,0100010600000000
2026-09-26T08:42:57.537554+00:00,0x2A1,0100010600000000
2026-09-26T08:42:57.543539+00:00,0x2A1,0100010600000000
2026-09-26T08:42:57.547531+00:00,0x2A1,0100010600000000
2026-09-26T08:42:57.552593+00:00,0x2A1,0100010600000000
2026-09-26T08:42:57.557458+00:00,0x2A1,0100010600000000
2026-09-26T08:42:57.563236+00:00,0x2A1,0100010600000000
2026-09-26T08:42:57.567464+00:00,0x2A1,0100010600000000
2026-09-26T08:42:57.573328+00:00,0x2A1,0100010600000000
2026-09-26T08:42:57.578855+00:00,0x2A1,0100010600000000
2026-09-26T08:42:57.583187+00:00,0x2A1,0100010600000000
2026-09-26T08:42:57.587436+00:00,0x2A1,0100010600000000
2026-09-26T08:42:57.594834+00:00,0x2A1,0100010600000000
2026-09-26T08:42:57.597649+00:00,0x2A1,0100010600000000
2026-09-26T08:42:57.603090+00:00,0x2A1,0100010600000000
2026-09-26T08:42:57.607455+00:00,0x2A1,0100010600000000
2026-09-26T08:42:57.612589+00:00,0x2A1,0100010600000000
2026-09-26T08:42:57.617004+00:00,0x151,0101050000000000
2026-09-26T08:42:57.617218+00:00,0x155,000055C7FFFF7E8B
2026-09-26T08:42:57.617432+00:00,0x156,FFFF8A9FFFFF9E3C
2026-09-26T08:42:57.617774+00:00,0x157,0000035B00002E01
2026-09-26T08:42:57.617861+00:00,0x2A1,0100010600000000
2026-09-26T08:42:57.617928+00:00,0x170,FFFF960500000000
2026-09-26T08:42:57.624381+00:00,0x2A1,0100010600000000
2026-09-26T08:42:57.627852+00:00,0x2A1,0100010600000000
2026-09-26T08:42:57.632853+00:00,0x2A1,0100010600000000
2026-09-26T08:42:57.637778+00:00,0x2A1,0100010601000000
2026-09-26T08:42:57.643967+00:00,0x2A1,0100010601000000
2026-09-26T08:42:57.647590+00:00,0x2A1,0100010601000000
2026-09-26T08:42:57.653352+00:00,0x2A1,0100010601000000
2026-09-26T08:42:57.657990+00:00,0x2A1,0100010601000000
2026-09-26T08:42:57.663229+00:00,0x2A1,0100010601000000
2026-09-26T08:42:57.667547+00:00,0x2A1,0100010601000000
2026-09-26T08:42:57.672625+00:00,0x2A1,0100010601000000
2026-09-26T08:42:57.678775+00:00,0x2A1,0100010601000000
2026-09-26T08:42:57.683776+00:00,0x2A1,0100010601000000
2026-09-26T08:42:57.687960+00:00,0x2A1,0100010601000000
2026-09-26T08:42:57.693005+00:00,0x2A1,0100010601000000
2026-09-26T08:42:57.698418+00:00,0x2A1,0100010601000000
2026-09-26T08:42:57.703195+00:00,0x2A1,0100010601000000
2026-09-26T08:42:57.707461+00:00,0x2A1,0100010601000000
2026-09-26T08:42:57.712668+00:00,0x2A1,0100010601000000
2026-09-26T08:42:57.718466+00:00,0x2A1,0100010601000000
2026-09-26T08:42:57.723097+00:00,0x2A1,0100010601000000
2026-09-26T08:42:57.727521+00:00,0x2A1,0100010601000000
2026-09-26T08:42:57.733152+00:00,0x2A1,0100010601000000
2026-09-26T08:42:57.739635+00:00,0x2A1,0100010601000000
2026-09-26T08:42:57.743872+00:00,0x2A1,0100010601000000
2026-09-26T08:42:57.747723+00:00,0x2A1,0100010601000000
2026-09-26T08:42:57.752516+00:00,0x2A1,0100010601000000
2026-09-26T08:42:57.758674+00:00,0x2A1,0100010600000000
2026-09-26T08:42:57.763386+00:00,0x2A1,0100010600000000
2026-09-26T08:42:57.767486+00:00,0x2A1,0100010600000000
2026-09-26T08:42:57.772470+00:00,0x2A1,0100010600000000
2026-09-26T08:42:57.778536+00:00,0x2A1,0100010600000000
2026-09-26T08:42:57.783582+00:00,0x2A1,0100010600000000
2026-09-26T08:42:57.788518+00:00,0x2A1,0100010600000000
2026-09-26T08:42:57.794122+00:00,0x2A1,0100010600000000
2026-09-26T08:42:57.798849+00:00,0x2A1,0100010600000000
2026-09-26T08:42:57.803204+00:00,0x2A1,0100010600000000
2026-09-26T08:42:57.807535+00:00,0x2A1,0100010600000000
2026-09-26T08:42:57.812535+00:00,0x2A1,0100010600000000
2026-09-26T08:42:57.818670+00:00,0x2A1,0100010600000000
2026-09-26T08:42:57.823338+00:00,0x2A1,0100010600000000
2026-09-26T08:42:57.827465+00:00,0x2A1,0100010600000000
2026-09-26T08:42:57.832717+00:00,0x2A1,0100010600000000
2026-09-26T08:42:57.839833+00:00,0x2A1,0100010600000000
2026-09-26T08:42:57.843940+00:00,0x2A1,0100010600000000
2026-09-26T08:42:57.848005+00:00,0x2A1,0100010600000000
2026-09-26T08:42:57.852514+00:00,0x2A1,0100010600000000
2026-09-26T08:42:57.858829+00:00,0x2A1,0100010600000000
2026-09-26T08:42:57.863158+00:00,0x2A1,0100010600000000
2026-09-26T08:42:57.867538+00:00,0x2A1,0100010600000000
2026-09-26T08:42:57.869913+00:00,0x151,0101050000000000
2026-09-26T08:42:57.870118+00:00,0x155,00005569FFFF7E8B
2026-09-26T08:42:57.870188+00:00,0x156,FFFF9013FFFFA40B
2026-09-26T08:42:57.870256+00:00,0x157,0000030D00002E01
2026-09-26T08:42:57.870324+00:00,0x170,FFFF960500000000
2026-09-26T08:42:57.872605+00:00,0x2A1,0100010600000000
2026-09-26T08:42:57.878665+00:00,0x2A1,0100010601000000
2026-09-26T08:42:57.883491+00:00,0x2A1,0100010601000000
2026-09-26T08:42:57.887578+00:00,0x2A1,0100010601000000
2026-09-26T08:42:57.892800+00:00,0x2A1,0100010601000000
2026-09-26T08:42:57.900101+00:00,0x2A1,0100010601000000
2026-09-26T08:42:57.904159+00:00,0x2A1,0100010601000000
2026-09-26T08:42:57.907467+00:00,0x2A1,0100010601000000
2026-09-26T08:42:57.912467+00:00,0x2A1,0100010601000000
2026-09-26T08:42:57.918738+00:00,0x2A1,0100010601000000
2026-09-26T08:42:57.923147+00:00,0x2A1,0100010601000000
2026-09-26T08:42:57.927484+00:00,0x2A1,0100010601000000
2026-09-26T08:42:57.932420+00:00,0x2A1,0100010601000000
2026-09-26T08:42:57.938627+00:00,0x2A1,0100010601000000
2026-09-26T08:42:57.943418+00:00,0x2A1,0100010601000000
2026-09-26T08:42:57.948743+00:00,0x2A1,0100010601000000
2026-09-26T08:42:57.953188+00:00,0x2A1,0100010601000000
2026-09-26T08:42:57.959584+00:00,0x2A1,0100010601000000
2026-09-26T08:42:57.963339+00:00,0x2A1,0100010601000000
2026-09-26T08:42:57.967678+00:00,0x2A1,0100010601000000
2026-09-26T08:42:57.972628+00:00,0x2A1,0100010601000000
2026-09-26T08:42:57.978825+00:00,0x2A1,0100010601000000
2026-09-26T08:42:57.983100+00:00,0x2A1,0100010601000000
2026-09-26T08:42:57.987643+00:00,0x2A1,0100010601000000
2026-09-26T08:42:57.992567+00:00,0x2A1,0100010601000000
2026-09-26T08:42:57.999676+00:00,0x2A1,0100010601000000
2026-09-26T08:42:58.004389+00:00,0x2A1,0100010601000000
2026-09-26T08:42:58.008060+00:00,0x2A1,0100010601000000
2026-09-26T08:42:58.012597+00:00,0x2A1,0100010601000000
2026-09-26T08:42:58.018646+00:00,0x2A1,0100010600000000
2026-09-26T08:42:58.023144+00:00,0x2A1,0100010600000000
2026-09-26T08:42:58.027468+00:00,0x2A1,0100010600000000
2026-09-26T08:42:58.032467+00:00,0x2A1,0100010600000000
2026-09-26T08:42:58.039383+00:00,0x2A1,0100010600000000
2026-09-26T08:42:58.043186+00:00,0x2A1,0100010600000000
2026-09-26T08:42:58.047801+00:00,0x2A1,0100010600000000
2026-09-26T08:42:58.053271+00:00,0x2A1,0100010600000000
2026-09-26T08:42:58.060272+00:00,0x2A1,0100010600000000
2026-09-26T08:42:58.064143+00:00,0x2A1,0100010600000000
2026-09-26T08:42:58.067467+00:00,0x2A1,0100010600000000
2026-09-26T08:42:58.072490+00:00,0x2A1,0100010600000000
2026-09-26T08:42:58.079050+00:00,0x2A1,0100010600000000
2026-09-26T08:42:58.083245+00:00,0x2A1,0100010600000000
2026-09-26T08:42:58.087466+00:00,0x2A1,0100010600000000
2026-09-26T08:42:58.092599+00:00,0x2A1,0100010600000000
2026-09-26T08:42:58.099082+00:00,0x2A1,0100010600000000
2026-09-26T08:42:58.104501+00:00,0x2A1,0100010600000000
2026-09-26T08:42:58.108049+00:00,0x2A1,0100010600000000
2026-09-26T08:42:58.112829+00:00,0x2A1,0100010600000000
2026-09-26T08:42:58.119279+00:00,0x2A1,0100010600000000
2026-09-26T08:42:58.122631+00:00,0x151,0101050000000000
2026-09-26T08:42:58.122792+00:00,0x155,0000550CFFFF7E8B
2026-09-26T08:42:58.122924+00:00,0x156,FFFF9586FFFFA9DA
2026-09-26T08:42:58.123008+00:00,0x157,000002BF00002E01
2026-09-26T08:42:58.123079+00:00,0x170,FFFF960500000000
2026-09-26T08:42:58.123608+00:00,0x2A1,0100010600000000
2026-09-26T08:42:58.127628+00:00,0x2A1,0100010600000000
2026-09-26T08:42:58.132511+00:00,0x2A1,0100010600000000
2026-09-26T08:42:58.139053+00:00,0x2A1,0100010601000000
2026-09-26T08:42:58.143186+00:00,0x2A1,0100010601000000
2026-09-26T08:42:58.147900+00:00,0x2A1,0100010601000000
2026-09-26T08:42:58.153483+00:00,0x2A1,0100010601000000
2026-09-26T08:42:58.160049+00:00,0x2A1,0100010601000000
2026-09-26T08:42:58.164147+00:00,0x2A1,0100010601000000
2026-09-26T08:42:58.168050+00:00,0x2A1,0100010601000000
2026-09-26T08:42:58.172468+00:00,0x2A1,0100010601000000
2026-09-26T08:42:58.179587+00:00,0x2A1,0100010601000000
2026-09-26T08:42:58.183341+00:00,0x2A1,0100010601000000
2026-09-26T08:42:58.187674+00:00,0x2A1,0100010601000000
2026-09-26T08:42:58.192485+00:00,0x2A1,0100010601000000
2026-09-26T08:42:58.199253+00:00,0x2A1,0100010601000000
2026-09-26T08:42:58.203187+00:00,0x2A1,0100010601000000
2026-09-26T08:42:58.207468+00:00,0x2A1,0100010601000000
2026-09-26T08:42:58.213188+00:00,0x2A1,0100010601000000
2026-09-26T08:42:58.220099+00:00,0x2A1,0100010601000000
2026-09-26T08:42:58.224103+00:00,0x2A1,0100010601000000
2026-09-26T08:42:58.227469+00:00,0x2A1,0100010601000000
2026-09-26T08:42:58.232901+00:00,0x2A1,0100010601000000
2026-09-26T08:42:58.239037+00:00,0x2A1,0100010601000000
2026-09-26T08:42:58.243055+00:00,0x2A1,0100010601000000
2026-09-26T08:42:58.247465+00:00,0x2A1,0100010601000000
2026-09-26T08:42:58.252467+00:00,0x2A1,0100010601000000
2026-09-26T08:42:58.259782+00:00,0x2A1,0100010601000000
2026-09-26T08:42:58.263464+00:00,0x2A1,0100010601000000
2026-09-26T08:42:58.267858+00:00,0x2A1,0100010601000000
2026-09-26T08:42:58.272862+00:00,0x2A1,0100010601000000
2026-09-26T08:42:58.279144+00:00,0x2A1,0100010600000000
2026-09-26T08:42:58.283144+00:00,0x2A1,0100010600000000
2026-09-26T08:42:58.287512+00:00,0x2A1,0100010600000000
2026-09-26T08:42:58.292416+00:00,0x2A1,0100010600000000
2026-09-26T08:42:58.299897+00:00,0x2A1,0100010600000000
2026-09-26T08:42:58.303792+00:00,0x2A1,0100010600000000
2026-09-26T08:42:58.307465+00:00,0x2A1,0100010600000000
2026-09-26T08:42:58.312540+00:00,0x2A1,0100010600000000
2026-09-26T08:42:58.320945+00:00,0x2A1,0100010600000000
2026-09-26T08:42:58.325384+00:00,0x2A1,0100010600000000
2026-09-26T08:42:58.328781+00:00,0x2A1,0100010600000000
2026-09-26T08:42:58.332894+00:00,0x2A1,0100010600000000
2026-09-26T08:42:58.339108+00:00,0x2A1,0100010600000000
2026-09-26T08:42:58.343108+00:00,0x2A1,0100010600000000
2026-09-26T08:42:58.347476+00:00,0x2A1,0100010600000000
2026-09-26T08:42:58.352469+00:00,0x2A1,0100010600000000
2026-09-26T08:42:58.359163+00:00,0x2A1,0100010600000000
2026-09-26T08:42:58.363117+00:00,0x2A1,0100010600000000
2026-09-26T08:42:58.367460+00:00,0x2A1,0100010600000000
2026-09-26T08:42:58.373085+00:00,0x2A1,0100010600000000
2026-09-26T08:42:58.374538+00:00,0x151,0101050000000000
2026-09-26T08:42:58.374697+00:00,0x155,0000532FFFFF7E8B
2026-09-26T08:42:58.374871+00:00,0x156,FFFF9B6DFFFFAE74
2026-09-26T08:42:58.374985+00:00,0x157,000002BF00002E01
2026-09-26T08:42:58.375009+00:00,0x170,FFFF960500000000
2026-09-26T08:42:58.379564+00:00,0x2A1,0100010600000000
2026-09-26T08:42:58.384188+00:00,0x2A1,0100010601000000
2026-09-26T08:42:58.387631+00:00,0x2A1,0100010601000000
2026-09-26T08:42:58.392421+00:00,0x2A1,0100010601000000
2026-09-26T08:42:58.398989+00:00,0x2A1,0100010601000000
2026-09-26T08:42:58.403390+00:00,0x2A1,0100010601000000
2026-09-26T08:42:58.407601+00:00,0x2A1,0100010601000000
2026-09-26T08:42:58.412470+00:00,0x2A1,0100010601000000
2026-09-26T08:42:58.418384+00:00,0x2A1,0100010601000000
2026-09-26T08:42:58.423420+00:00,0x2A1,0100010601000000
2026-09-26T08:42:58.428377+00:00,0x2A1,0100010601000000
2026-09-26T08:42:58.433297+00:00,0x2A1,0100010601000000
2026-09-26T08:42:58.439470+00:00,0x2A1,0100010601000000
2026-09-26T08:42:58.443421+00:00,0x2A1,0100010601000000
2026-09-26T08:42:58.447631+00:00,0x2A1,0100010601000000
2026-09-26T08:42:58.452547+00:00,0x2A1,0100010601000000
2026-09-26T08:42:58.457879+00:00,0x2A1,0100010601000000
2026-09-26T08:42:58.463384+00:00,0x2A1,0100010601000000
2026-09-26T08:42:58.467546+00:00,0x2A1,0100010601000000
2026-09-26T08:42:58.472644+00:00,0x2A1,0100010601000000
2026-09-26T08:42:58.478111+00:00,0x2A1,0100010601000000
2026-09-26T08:42:58.484440+00:00,0x2A1,0100010601000000
2026-09-26T08:42:58.488471+00:00,0x2A1,0100010601000000
2026-09-26T08:42:58.492586+00:00,0x2A1,0100010601000000
2026-09-26T08:42:58.497471+00:00,0x2A1,0100010601000000
2026-09-26T08:42:58.503316+00:00,0x2A1,0100010601000000
2026-09-26T08:42:58.507542+00:00,0x2A1,0100010601000000
2026-09-26T08:42:58.512540+00:00,0x2A1,0100010601000000
2026-09-26T08:42:58.519689+00:00,0x2A1,0100010600000000
2026-09-26T08:42:58.523345+00:00,0x2A1,0100010600000000
2026-09-26T08:42:58.527552+00:00,0x2A1,0100010600000000
2026-09-26T08:42:58.532865+00:00,0x2A1,0100010600000000
2026-09-26T08:42:58.538298+00:00,0x2A1,0100010600000000
2026-09-26T08:42:58.545078+00:00,0x2A1,0100010600000000
2026-09-26T08:42:58.548105+00:00,0x2A1,0100010600000000
2026-09-26T08:42:58.552705+00:00,0x2A1,0100010600000000
2026-09-26T08:42:58.557681+00:00,0x2A1,0100010600000000
2026-09-26T08:42:58.563634+00:00,0x2A1,0100010600000000
2026-09-26T08:42:58.567484+00:00,0x2A1,0100010600000000
2026-09-26T08:42:58.572546+00:00,0x2A1,0100010600000000
2026-09-26T08:42:58.577527+00:00,0x2A1,0100010600000000
2026-09-26T08:42:58.584352+00:00,0x2A1,0100010600000000
2026-09-26T08:42:58.587948+00:00,0x2A1,0100010600000000
2026-09-26T08:42:58.593546+00:00,0x2A1,0100010600000000
2026-09-26T08:42:58.598094+00:00,0x2A1,0100010600000000
2026-09-26T08:42:58.604388+00:00,0x2A1,0100010600000000
2026-09-26T08:42:58.607525+00:00,0x2A1,0100010600000000
2026-09-26T08:42:58.612524+00:00,0x2A1,0100010600000000
2026-09-26T08:42:58.617484+00:00,0x2A1,0100010600000000
2026-09-26T08:42:58.623895+00:00,0x2A1,0100010600000000
2026-09-26T08:42:58.626890+00:00,0x151,0101050000000000
2026-09-26T08:42:58.626963+00:00,0x155,00005152FFFF7E8B
2026-09-26T08:42:58.627093+00:00,0x156,FFFFA154FFFFB30F
2026-09-26T08:42:58.627159+00:00,0x157,000002BF00002E01
2026-09-26T08:42:58.627297+00:00,0x170,FFFF960500000000
2026-09-26T08:42:58.627903+00:00,0x2A1,0100010600000000
2026-09-26T08:42:58.632493+00:00,0x2A1,0100010600000000
2026-09-26T08:42:58.637487+00:00,0x2A1,0100010600000000
2026-09-26T08:42:58.644015+00:00,0x2A1,0100010601000000
2026-09-26T08:42:58.648191+00:00,0x2A1,0100010601000000
2026-09-26T08:42:58.653677+00:00,0x2A1,0100010601000000
2026-09-26T08:42:58.657856+00:00,0x2A1,0100010601000000
2026-09-26T08:42:58.664057+00:00,0x2A1,0100010601000000
2026-09-26T08:42:58.667645+00:00,0x2A1,0100010601000000
2026-09-26T08:42:58.672475+00:00,0x2A1,0100010601000000
2026-09-26T08:42:58.677566+00:00,0x2A1,0100010601000000
2026-09-26T08:42:58.684388+00:00,0x2A1,0100010601000000
2026-09-26T08:42:58.687493+00:00,0x2A1,0100010601000000
2026-09-26T08:42:58.692785+00:00,0x2A1,0100010601000000
2026-09-26T08:42:58.698055+00:00,0x2A1,0100010601000000
2026-09-26T08:42:58.705408+00:00,0x2A1,0100010601000000
2026-09-26T08:42:58.708861+00:00,0x2A1,0100010601000000
2026-09-26T08:42:58.712861+00:00,0x2A1,0100010601000000
2026-09-26T08:42:58.717494+00:00,0x2A1,0100010601000000
2026-09-26T08:42:58.724436+00:00,0x2A1,0100010601000000
2026-09-26T08:42:58.727472+00:00,0x2A1,0100010601000000
2026-09-26T08:42:58.732475+00:00,0x2A1,0100010601000000
2026-09-26T08:42:58.737471+00:00,0x2A1,0100010601000000
2026-09-26T08:42:58.744245+00:00,0x2A1,0100010601000000
2026-09-26T08:42:58.747947+00:00,0x2A1,0100010601000000
2026-09-26T08:42:58.752859+00:00,0x2A1,0100010601000000
2026-09-26T08:42:58.757814+00:00,0x2A1,0100010601000000
2026-09-26T08:42:58.766037+00:00,0x2A1,0100010601000000
2026-09-26T08:42:58.769058+00:00,0x2A1,0100010601000000
2026-09-26T08:42:58.772473+00:00,0x2A1,0100010601000000
2026-09-26T08:42:58.777495+00:00,0x2A1,0100010601000000
2026-09-26T08:42:58.784645+00:00,0x2A1,0100010600000000
2026-09-26T08:42:58.787643+00:00,0x2A1,0100010600000000
2026-09-26T08:42:58.792546+00:00,0x2A1,0100010600000000
2026-09-26T08:42:58.797647+00:00,0x2A1,0100010600000000
2026-09-26T08:42:58.804245+00:00,0x2A1,0100010600000000
2026-09-26T08:42:58.808146+00:00,0x2A1,0100010600000000
2026-09-26T08:42:58.812863+00:00,0x2A1,0100010600000000
2026-09-26T08:42:58.817808+00:00,0x2A1,0100010600000000
2026-09-26T08:42:58.824918+00:00,0x2A1,0100010600000000
2026-09-26T08:42:58.827966+00:00,0x2A1,0100010600000000
2026-09-26T08:42:58.832525+00:00,0x2A1,0100010600000000
2026-09-26T08:42:58.837471+00:00,0x2A1,0100010600000000
2026-09-26T08:42:58.844949+00:00,0x2A1,0100010600000000
2026-09-26T08:42:58.848018+00:00,0x2A1,0100010600000000
2026-09-26T08:42:58.852582+00:00,0x2A1,0100010600000000
2026-09-26T08:42:58.857423+00:00,0x2A1,0100010600000000
2026-09-26T08:42:58.866105+00:00,0x2A1,0100010600000000
2026-09-26T08:42:58.869473+00:00,0x2A1,0100010600000000
2026-09-26T08:42:58.872839+00:00,0x2A1,0100010600000000
2026-09-26T08:42:58.877430+00:00,0x2A1,0100010600000000
2026-09-26T08:42:58.878711+00:00,0x151,0101050000000000
2026-09-26T08:42:58.878824+00:00,0x155,00004EDFFFFF7E8B
2026-09-26T08:42:58.878832+00:00,0x156,FFFFA8C3FFFFB5F3
2026-09-26T08:42:58.878966+00:00,0x157,000002B400002E01
2026-09-26T08:42:58.878972+00:00,0x170,FFFF960500000000
2026-09-26T08:42:58.884494+00:00,0x2A1,0100010601000000
2026-09-26T08:42:58.887473+00:00,0x2A1,0100010601000000
2026-09-26T08:42:58.892424+00:00,0x2A1,0100010601000000
2026-09-26T08:42:58.897499+00:00,0x2A1,0100010601000000
2026-09-26T08:42:58.904548+00:00,0x2A1,0100010601000000
2026-09-26T08:42:58.907547+00:00,0x2A1,0100010601000000
2026-09-26T08:42:58.912434+00:00,0x2A1,0100010601000000
2026-09-26T08:42:58.917918+00:00,0x2A1,0100010601000000
2026-09-26T08:42:58.925808+00:00,0x2A1,0100010601000000
2026-09-26T08:42:58.929057+00:00,0x2A1,0100010601000000
2026-09-26T08:42:58.932474+00:00,0x2A1,0100010601000000
2026-09-26T08:42:58.937449+00:00,0x2A1,0100010601000000
2026-09-26T08:42:58.944679+00:00,0x2A1,0100010601000000
2026-09-26T08:42:58.947788+00:00,0x2A1,0100010601000000
2026-09-26T08:42:58.952863+00:00,0x2A1,0100010601000000
2026-09-26T08:42:58.957835+00:00,0x2A1,0100010601000000
2026-09-26T08:42:58.964682+00:00,0x2A1,0100010601000000
2026-09-26T08:42:58.967786+00:00,0x2A1,0100010601000000
2026-09-26T08:42:58.974074+00:00,0x2A1,0100010601000000
2026-09-26T08:42:58.978052+00:00,0x2A1,0100010601000000
2026-09-26T08:42:58.985297+00:00,0x2A1,0100010601000000
2026-09-26T08:42:58.988297+00:00,0x2A1,0100010601000000
2026-09-26T08:42:58.992464+00:00,0x2A1,0100010601000000
2026-09-26T08:42:58.997588+00:00,0x2A1,0100010601000000
2026-09-26T08:42:59.004933+00:00,0x2A1,0100010601000000
2026-09-26T08:42:59.007945+00:00,0x2A1,0100010601000000
2026-09-26T08:42:59.012421+00:00,0x2A1,0100010601000000
2026-09-26T08:42:59.017470+00:00,0x2A1,0100010601000000
2026-09-26T08:42:59.026032+00:00,0x2A1,0100010601000000
2026-09-26T08:42:59.029280+00:00,0x2A1,0100010601000000
2026-09-26T08:42:59.032995+00:00,0x2A1,0100010601000000
2026-09-26T08:42:59.037784+00:00,0x2A1,0100010601000000
2026-09-26T08:42:59.045436+00:00,0x2A1,0100010601000000
2026-09-26T08:42:59.048475+00:00,0x2A1,0100010601000000
2026-09-26T08:42:59.052475+00:00,0x2A1,0100010601000000
2026-09-26T08:42:59.057813+00:00,0x2A1,0100010601000000
2026-09-26T08:42:59.065788+00:00,0x2A1,0100010600000000
2026-09-26T08:42:59.068637+00:00,0x2A1,0100010600000000
2026-09-26T08:42:59.072498+00:00,0x2A1,0100010600000000
2026-09-26T08:42:59.078038+00:00,0x2A1,0100010600000000
2026-09-26T08:42:59.085436+00:00,0x2A1,0100010600000000
2026-09-26T08:42:59.089190+00:00,0x2A1,0100010600000000
2026-09-26T08:42:59.092430+00:00,0x2A1,0100010600000000
2026-09-26T08:42:59.097538+00:00,0x2A1,0100010600000000
2026-09-26T08:42:59.105303+00:00,0x2A1,0100010600000000
2026-09-26T08:42:59.108309+00:00,0x2A1,0100010600000000
2026-09-26T08:42:59.112636+00:00,0x2A1,0100010600000000
2026-09-26T08:42:59.117473+00:00,0x2A1,0100010600000000
2026-09-26T08:42:59.124958+00:00,0x2A1,0100010600000000
2026-09-26T08:42:59.127907+00:00,0x2A1,0100010600000000
2026-09-26T08:42:59.132888+00:00,0x2A1,0100010600000000
2026-09-26T08:42:59.138115+00:00,0x2A1,0100010600000000
2026-09-26T08:42:59.146049+00:00,0x2A1,0100010600000000
2026-09-26T08:42:59.149164+00:00,0x2A1,0100010600000000
2026-09-26T08:42:59.152495+00:00,0x2A1,0100010600000000
2026-09-26T08:42:59.157674+00:00,0x2A1,0100010600000000
2026-09-26T08:42:59.165107+00:00,0x2A1,0100010600000000
2026-09-26T08:42:59.168062+00:00,0x2A1,0100010600000000
2026-09-26T08:42:59.172549+00:00,0x2A1,0100010600000000
2026-09-26T08:42:59.177476+00:00,0x2A1,0100010600000000
2026-09-26T08:42:59.180801+00:00,0x151,0101050000000000
2026-09-26T08:42:59.180937+00:00,0x155,00004C6CFFFF7E8B
2026-09-26T08:42:59.181094+00:00,0x156,FFFFB032FFFFB8D8
2026-09-26T08:42:59.181165+00:00,0x157,000002A900002E01
2026-09-26T08:42:59.181235+00:00,0x170,FFFF960500000000
2026-09-26T08:42:59.185530+00:00,0x2A1,0100010600000000
2026-09-26T08:42:59.188951+00:00,0x2A1,0100010600000000
2026-09-26T08:42:59.194125+00:00,0x2A1,0100010600000000
2026-09-26T08:42:59.198351+00:00,0x2A1,0100010600000000
2026-09-26T08:42:59.209571+00:00,0x2A1,0100010601000000
2026-09-26T08:42:59.213037+00:00,0x2A1,0100010601000000
2026-09-26T08:42:59.217306+00:00,0x2A1,0100010601000000
2026-09-26T08:42:59.220615+00:00,0x2A1,0100010601000000
2026-09-26T08:42:59.226791+00:00,0x2A1,0100010601000000
2026-09-26T08:42:59.230060+00:00,0x2A1,0100010601000000
2026-09-26T08:42:59.233837+00:00,0x2A1,0100010601000000
2026-09-26T08:42:59.238364+00:00,0x2A1,0100010601000000
2026-09-26T08:42:59.245896+00:00,0x2A1,0100010601000000
2026-09-26T08:42:59.249614+00:00,0x2A1,0100010601000000
2026-09-26T08:42:59.253612+00:00,0x2A1,0100010601000000
2026-09-26T08:42:59.258995+00:00,0x2A1,0100010601000000
2026-09-26T08:42:59.266057+00:00,0x2A1,0100010601000000
2026-09-26T08:42:59.268995+00:00,0x2A1,0100010601000000
2026-09-26T08:42:59.272498+00:00,0x2A1,0100010601000000
2026-09-26T08:42:59.277638+00:00,0x2A1,0100010601000000
2026-09-26T08:42:59.285688+00:00,0x2A1,0100010601000000
2026-09-26T08:42:59.288446+00:00,0x2A1,0100010601000000
2026-09-26T08:42:59.292995+00:00,0x2A1,0100010601000000
2026-09-26T08:42:59.297466+00:00,0x2A1,0100010601000000
2026-09-26T08:42:59.305399+00:00,0x2A1,0100010601000000
2026-09-26T08:42:59.308867+00:00,0x2A1,0100010601000000
2026-09-26T08:42:59.314105+00:00,0x2A1,0100010601000000
2026-09-26T08:42:59.317574+00:00,0x2A1,0100010601000000
2026-09-26T08:42:59.326063+00:00,0x2A1,0100010601000000
2026-09-26T08:42:59.328994+00:00,0x2A1,0100010601000000
2026-09-26T08:42:59.333195+00:00,0x2A1,0100010601000000
2026-09-26T08:42:59.337533+00:00,0x2A1,0100010601000000
2026-09-26T08:42:59.344681+00:00,0x2A1,0100010601000000
2026-09-26T08:42:59.348292+00:00,0x2A1,0100010601000000
2026-09-26T08:42:59.352963+00:00,0x2A1,0100010601000000
2026-09-26T08:42:59.358522+00:00,0x2A1,0100010601000000
2026-09-26T08:42:59.364391+00:00,0x2A1,0100010601000000
2026-09-26T08:42:59.369153+00:00,0x2A1,0100010600000000
2026-09-26T08:42:59.372813+00:00,0x2A1,0100010600000000
2026-09-26T08:42:59.377555+00:00,0x2A1,0100010600000000
2026-09-26T08:42:59.384810+00:00,0x2A1,0100010600000000
2026-09-26T08:42:59.387874+00:00,0x2A1,0100010600000000
2026-09-26T08:42:59.392530+00:00,0x2A1,0100010600000000
2026-09-26T08:42:59.397483+00:00,0x2A1,0100010600000000
2026-09-26T08:42:59.403888+00:00,0x2A1,0100010600000000
2026-09-26T08:42:59.408100+00:00,0x2A1,0100010600000000
2026-09-26T08:42:59.413102+00:00,0x2A1,0100010600000000
2026-09-26T08:42:59.417930+00:00,0x2A1,0100010600000000
2026-09-26T08:42:59.423475+00:00,0x2A1,0100010600000000
2026-09-26T08:42:59.428062+00:00,0x2A1,0100010600000000
2026-09-26T08:42:59.432497+00:00,0x2A1,0100010600000000
2026-09-26T08:42:59.437556+00:00,0x2A1,0100010600000000
2026-09-26T08:42:59.443241+00:00,0x2A1,0100010600000000
2026-09-26T08:42:59.447816+00:00,0x2A1,0100010600000000
2026-09-26T08:42:59.452475+00:00,0x2A1,0100010600000000
2026-09-26T08:42:59.457426+00:00,0x2A1,0100010600000000
2026-09-26T08:42:59.464369+00:00,0x2A1,0100010600000000
2026-09-26T08:42:59.469678+00:00,0x2A1,0100010600000000
2026-09-26T08:42:59.472867+00:00,0x2A1,0100010600000000
2026-09-26T08:42:59.477596+00:00,0x2A1,0100010600000000
2026-09-26T08:42:59.483395+00:00,0x151,0101050000000000
2026-09-26T08:42:59.483639+00:00,0x2A1,0100010600000000
2026-09-26T08:42:59.484787+00:00,0x155,000049F9FFFF7E8B
2026-09-26T08:42:59.485156+00:00,0x156,FFFFB7A1FFFFBBBC
2026-09-26T08:42:59.485208+00:00,0x157,0000029E00002E01
2026-09-26T08:42:59.485342+00:00,0x170,FFFF960500000000
2026-09-26T08:42:59.488155+00:00,0x2A1,0100010600000000
2026-09-26T08:42:59.492462+00:00,0x2A1,0100010600000000
2026-09-26T08:42:59.497479+00:00,0x2A1,0100010600000000
2026-09-26T08:42:59.503868+00:00,0x2A1,0100010600000000
2026-09-26T08:42:59.508430+00:00,0x2A1,0100010601000000
2026-09-26T08:42:59.513143+00:00,0x2A1,0100010601000000
2026-09-26T08:42:59.517937+00:00,0x2A1,0100010601000000
2026-09-26T08:42:59.523988+00:00,0x2A1,0100010601000000
2026-09-26T08:42:59.528794+00:00,0x2A1,0100010601000000
2026-09-26T08:42:59.532433+00:00,0x2A1,0100010601000000
2026-09-26T08:42:59.537736+00:00,0x2A1,0100010601000000
2026-09-26T08:42:59.543352+00:00,0x2A1,0100010601000000
2026-09-26T08:42:59.547696+00:00,0x2A1,0100010601000000
2026-09-26T08:42:59.552478+00:00,0x2A1,0100010601000000
2026-09-26T08:42:59.557465+00:00,0x2A1,0100010601000000
2026-09-26T08:42:59.563953+00:00,0x2A1,0100010601000000
2026-09-26T08:42:59.568965+00:00,0x2A1,0100010601000000
2026-09-26T08:42:59.572835+00:00,0x2A1,0100010601000000
2026-09-26T08:42:59.577918+00:00,0x2A1,0100010601000000
2026-09-26T08:42:59.583359+00:00,0x2A1,0100010601000000
2026-09-26T08:42:59.588167+00:00,0x2A1,0100010601000000
2026-09-26T08:42:59.592608+00:00,0x2A1,0100010601000000
2026-09-26T08:42:59.597477+00:00,0x2A1,0100010601000000
2026-09-26T08:42:59.603157+00:00,0x2A1,0100010601000000
2026-09-26T08:42:59.608156+00:00,0x2A1,0100010601000000
2026-09-26T08:42:59.612430+00:00,0x2A1,0100010601000000
2026-09-26T08:42:59.617462+00:00,0x2A1,0100010601000000
2026-09-26T08:42:59.623837+00:00,0x2A1,0100010601000000
2026-09-26T08:42:59.629127+00:00,0x2A1,0100010601000000
2026-09-26T08:42:59.632812+00:00,0x2A1,0100010601000000
2026-09-26T08:42:59.637978+00:00,0x2A1,0100010601000000
2026-09-26T08:42:59.643112+00:00,0x2A1,0100010601000000
2026-09-26T08:42:59.648244+00:00,0x2A1,0100010601000000
2026-09-26T08:42:59.652431+00:00,0x2A1,0100010601000000
2026-09-26T08:42:59.657501+00:00,0x2A1,0100010601000000
2026-09-26T08:42:59.662998+00:00,0x2A1,0100010601000000
2026-09-26T08:42:59.668114+00:00,0x2A1,0100010601000000
2026-09-26T08:42:59.672869+00:00,0x2A1,0100010601000000
2026-09-26T08:42:59.678396+00:00,0x2A1,0100010601000000
2026-09-26T08:42:59.683815+00:00,0x2A1,0100010601000000
2026-09-26T08:42:59.688439+00:00,0x2A1,0100010600000000
2026-09-26T08:42:59.692439+00:00,0x2A1,0100010600000000
2026-09-26T08:42:59.697440+00:00,0x2A1,0100010600000000
2026-09-26T08:42:59.703157+00:00,0x2A1,0100010600000000
2026-09-26T08:42:59.708397+00:00,0x2A1,0100010600000000
2026-09-26T08:42:59.712431+00:00,0x2A1,0100010600000000
2026-09-26T08:42:59.717433+00:00,0x2A1,0100010600000000
2026-09-26T08:42:59.722998+00:00,0x2A1,0100010600000000
2026-09-26T08:42:59.729532+00:00,0x2A1,0100010600000000
2026-09-26T08:42:59.732956+00:00,0x2A1,0100010600000000
2026-09-26T08:42:59.737867+00:00,0x2A1,0100010600000000
2026-09-26T08:42:59.743814+00:00,0x2A1,0100010600000000
2026-09-26T08:42:59.748683+00:00,0x2A1,0100010600000000
2026-09-26T08:42:59.752476+00:00,0x2A1,0100010600000000
2026-09-26T08:42:59.757435+00:00,0x2A1,0100010600000000
2026-09-26T08:42:59.763152+00:00,0x2A1,0100010600000000
2026-09-26T08:42:59.768595+00:00,0x2A1,0100010600000000
2026-09-26T08:42:59.772524+00:00,0x2A1,0100010600000000
2026-09-26T08:42:59.777511+00:00,0x2A1,0100010600000000
2026-09-26T08:42:59.785355+00:00,0x2A1,0100010600000000
2026-09-26T08:42:59.788039+00:00,0x151,0101050000000000
2026-09-26T08:42:59.788212+00:00,0x155,000046F0FFFF7E8E
2026-09-26T08:42:59.788283+00:00,0x156,FFFFC1C6FFFFBBFC
2026-09-26T08:42:59.789104+00:00,0x157,0000029900002E01
2026-09-26T08:42:59.789179+00:00,0x170,FFFF960500000000
2026-09-26T08:42:59.790814+00:00,0x2A1,0100010600000000
2026-09-26T08:42:59.794066+00:00,0x2A1,0100010600000000
2026-09-26T08:42:59.797503+00:00,0x2A1,0100010600000000
2026-09-26T08:42:59.803158+00:00,0x2A1,0100010600000000
2026-09-26T08:42:59.808813+00:00,0x2A1,0100010601000000
2026-09-26T08:42:59.812434+00:00,0x2A1,0100010601000000
2026-09-26T08:42:59.817438+00:00,0x2A1,0100010601000000
2026-09-26T08:42:59.823042+00:00,0x2A1,0100010601000000
2026-09-26T08:42:59.828814+00:00,0x2A1,0100010601000000
2026-09-26T08:42:59.832448+00:00,0x2A1,0100010601000000
2026-09-26T08:42:59.837793+00:00,0x2A1,0100010601000000
2026-09-26T08:42:59.843685+00:00,0x2A1,0100010601000000
2026-09-26T08:42:59.849687+00:00,0x2A1,0100010601000000
2026-09-26T08:42:59.852817+00:00,0x2A1,0100010601000000
2026-09-26T08:42:59.857643+00:00,0x2A1,0100010601000000
2026-09-26T08:42:59.863136+00:00,0x2A1,0100010601000000
2026-09-26T08:42:59.868796+00:00,0x2A1,0100010601000000
2026-09-26T08:42:59.872418+00:00,0x2A1,0100010601000000
2026-09-26T08:42:59.877452+00:00,0x2A1,0100010601000000
2026-09-26T08:42:59.883418+00:00,0x2A1,0100010601000000
2026-09-26T08:42:59.889181+00:00,0x2A1,0100010601000000
2026-09-26T08:42:59.893065+00:00,0x2A1,0100010601000000
2026-09-26T08:42:59.897840+00:00,0x2A1,0100010601000000
2026-09-26T08:42:59.903508+00:00,0x2A1,0100010601000000
2026-09-26T08:42:59.908840+00:00,0x2A1,0100010601000000
2026-09-26T08:42:59.912452+00:00,0x2A1,0100010601000000
2026-09-26T08:42:59.917815+00:00,0x2A1,0100010601000000
2026-09-26T08:42:59.923267+00:00,0x2A1,0100010601000000
2026-09-26T08:42:59.928646+00:00,0x2A1,0100010601000000
2026-09-26T08:42:59.932428+00:00,0x2A1,0100010601000000
2026-09-26T08:42:59.937808+00:00,0x2A1,0100010601000000
2026-09-26T08:42:59.943153+00:00,0x2A1,0100010601000000
2026-09-26T08:42:59.950061+00:00,0x2A1,0100010601000000
2026-09-26T08:42:59.953419+00:00,0x2A1,0100010601000000
2026-09-26T08:42:59.957954+00:00,0x2A1,0100010601000000
2026-09-26T08:42:59.963862+00:00,0x2A1,0100010601000000
2026-09-26T08:42:59.969817+00:00,0x2A1,0100010601000000
2026-09-26T08:42:59.972901+00:00,0x2A1,0100010601000000
2026-09-26T08:42:59.977442+00:00,0x2A1,0100010601000000
2026-09-26T08:42:59.983117+00:00,0x2A1,0100010601000000
2026-09-26T08:42:59.988938+00:00,0x2A1,0100010601000000
2026-09-26T08:42:59.992556+00:00,0x2A1,0100010601000000
2026-09-26T08:42:59.997484+00:00,0x2A1,0100010601000000
2026-09-26T08:43:00.003139+00:00,0x2A1,0100010601000000
2026-09-26T08:43:00.009433+00:00,0x2A1,0100010601000000
2026-09-26T08:43:00.013312+00:00,0x2A1,0100010601000000
2026-09-26T08:43:00.018221+00:00,0x2A1,0100010601000000
2026-09-26T08:43:00.023486+00:00,0x2A1,0100010601000000
2026-09-26T08:43:00.028254+00:00,0x2A1,0100010601000000
2026-09-26T08:43:00.032819+00:00,0x2A1,0100010601000000
2026-09-26T08:43:00.037518+00:00,0x2A1,0100010601000000
2026-09-26T08:43:00.043906+00:00,0x2A1,0100010601000000
2026-09-26T08:43:00.048869+00:00,0x2A1,0100010601000000
2026-09-26T08:43:00.052502+00:00,0x2A1,0100010601000000
2026-09-26T08:43:00.057818+00:00,0x2A1,0100010601000000
2026-09-26T08:43:00.063840+00:00,0x2A1,0100010601000000
2026-09-26T08:43:00.069688+00:00,0x2A1,0100010600000000
2026-09-26T08:43:00.072819+00:00,0x2A1,0100010600000000
2026-09-26T08:43:00.077445+00:00,0x2A1,0100010600000000
2026-09-26T08:43:00.083025+00:00,0x2A1,0100010600000000
2026-09-26T08:43:00.088915+00:00,0x2A1,0100010600000000
2026-09-26T08:43:00.092418+00:00,0x2A1,0100010600000000
2026-09-26T08:43:00.097506+00:00,0x2A1,0100010600000000
2026-09-26T08:43:00.103003+00:00,0x2A1,0100010600000000
2026-09-26T08:43:00.109246+00:00,0x2A1,0100010600000000
2026-09-26T08:43:00.113541+00:00,0x2A1,0100010600000000
2026-09-26T08:43:00.118308+00:00,0x2A1,0100010600000000
2026-09-26T08:43:00.123506+00:00,0x2A1,0100010600000000
2026-09-26T08:43:00.129537+00:00,0x2A1,0100010600000000
2026-09-26T08:43:00.132859+00:00,0x2A1,0100010600000000
2026-09-26T08:43:00.137485+00:00,0x2A1,0100010600000000
2026-09-26T08:43:00.141601+00:00,0x151,0101050000000000
2026-09-26T08:43:00.142458+00:00,0x155,000043E7FFFF7E90
2026-09-26T08:43:00.142527+00:00,0x156,FFFFCBEBFFFFBC3C
2026-09-26T08:43:00.142619+00:00,0x157,0000029400002E01
2026-09-26T08:43:00.142797+00:00,0x170,FFFF960500000000
2026-09-26T08:43:00.143569+00:00,0x2A1,0100010600000000
2026-09-26T08:43:00.149070+00:00,0x2A1,0100010601000000
2026-09-26T08:43:00.152467+00:00,0x2A1,0100010601000000
2026-09-26T08:43:00.157400+00:00,0x2A1,0100010601000000
2026-09-26T08:43:00.163269+00:00,0x2A1,0100010601000000
2026-09-26T08:43:00.169689+00:00,0x2A1,0100010601000000
2026-09-26T08:43:00.173247+00:00,0x2A1,0100010601000000
2026-09-26T08:43:00.178047+00:00,0x2A1,0100010601000000
2026-09-26T08:43:00.183399+00:00,0x2A1,0100010601000000
2026-09-26T08:43:00.189444+00:00,0x2A1,0100010601000000
2026-09-26T08:43:00.192603+00:00,0x2A1,0100010601000000
2026-09-26T08:43:00.197402+00:00,0x2A1,0100010601000000
2026-09-26T08:43:00.203161+00:00,0x2A1,0100010601000000
2026-09-26T08:43:00.208982+00:00,0x2A1,0100010601000000
2026-09-26T08:43:00.212819+00:00,0x2A1,0100010601000000
2026-09-26T08:43:00.217423+00:00,0x2A1,0100010601000000
2026-09-26T08:43:00.223851+00:00,0x2A1,0100010601000000
2026-09-26T08:43:00.230581+00:00,0x2A1,0100010601000000
2026-09-26T08:43:00.233982+00:00,0x2A1,0100010601000000
2026-09-26T08:43:00.237514+00:00,0x2A1,0100010601000000
2026-09-26T08:43:00.243139+00:00,0x2A1,0100010601000000
2026-09-26T08:43:00.249485+00:00,0x2A1,0100010601000000
2026-09-26T08:43:00.252485+00:00,0x2A1,0100010601000000
2026-09-26T08:43:00.257445+00:00,0x2A1,0100010601000000
2026-09-26T08:43:00.263223+00:00,0x2A1,0100010601000000
2026-09-26T08:43:00.269646+00:00,0x2A1,0100010601000000
2026-09-26T08:43:00.272646+00:00,0x2A1,0100010601000000
2026-09-26T08:43:00.277798+00:00,0x2A1,0100010601000000
2026-09-26T08:43:00.283666+00:00,0x2A1,0100010601000000
2026-09-26T08:43:00.289485+00:00,0x2A1,0100010601000000
2026-09-26T08:43:00.292556+00:00,0x2A1,0100010601000000
2026-09-26T08:43:00.297603+00:00,0x2A1,0100010601000000
2026-09-26T08:43:00.303140+00:00,0x2A1,0100010601000000
2026-09-26T08:43:00.310025+00:00,0x2A1,0100010601000000
2026-09-26T08:43:00.313138+00:00,0x2A1,0100010601000000
2026-09-26T08:43:00.317456+00:00,0x2A1,0100010601000000
2026-09-26T08:43:00.323359+00:00,0x2A1,0100010601000000
2026-09-26T08:43:00.329269+00:00,0x2A1,0100010601000000
2026-09-26T08:43:00.333047+00:00,0x2A1,0100010601000000
2026-09-26T08:43:00.337820+00:00,0x2A1,0100010601000000
2026-09-26T08:43:00.343983+00:00,0x2A1,0100010601000000
2026-09-26T08:43:00.349004+00:00,0x2A1,0100010601000000
2026-09-26T08:43:00.352486+00:00,0x2A1,0100010601000000
2026-09-26T08:43:00.357460+00:00,0x2A1,0100010601000000
2026-09-26T08:43:00.363248+00:00,0x2A1,0100010601000000
2026-09-26T08:43:00.369069+00:00,0x2A1,0100010601000000
2026-09-26T08:43:00.372437+00:00,0x2A1,0100010601000000
2026-09-26T08:43:00.377404+00:00,0x2A1,0100010601000000
2026-09-26T08:43:00.383142+00:00,0x2A1,0100010601000000
2026-09-26T08:43:00.389984+00:00,0x2A1,0100010601000000
2026-09-26T08:43:00.393314+00:00,0x2A1,0100010601000000
2026-09-26T08:43:00.399142+00:00,0x2A1,0100010601000000
2026-09-26T08:43:00.403332+00:00,0x2A1,0100010601000000
2026-09-26T08:43:00.409065+00:00,0x2A1,0100010600000000
2026-09-26T08:43:00.412691+00:00,0x2A1,0100010600000000
2026-09-26T08:43:00.417447+00:00,0x2A1,0100010600000000
2026-09-26T08:43:00.423207+00:00,0x2A1,0100010600000000
2026-09-26T08:43:00.429319+00:00,0x2A1,0100010600000000
2026-09-26T08:43:00.432605+00:00,0x2A1,0100010600000000
2026-09-26T08:43:00.437582+00:00,0x2A1,0100010600000000
2026-09-26T08:43:00.443647+00:00,0x2A1,0100010600000000
2026-09-26T08:43:00.448876+00:00,0x2A1,0100010600000000
2026-09-26T08:43:00.453854+00:00,0x2A1,0100010600000000
2026-09-26T08:43:00.457482+00:00,0x2A1,0100010600000000
2026-09-26T08:43:00.463174+00:00,0x2A1,0100010600000000
2026-09-26T08:43:00.467705+00:00,0x2A1,0100010600000000
2026-09-26T08:43:00.472439+00:00,0x2A1,0100010600000000
2026-09-26T08:43:00.477616+00:00,0x2A1,0100010600000000
2026-09-26T08:43:00.483178+00:00,0x2A1,0100010600000000
2026-09-26T08:43:00.487478+00:00,0x2A1,0100010600000000
2026-09-26T08:43:00.492477+00:00,0x2A1,0100010600000000
2026-09-26T08:43:00.495119+00:00,0x151,0101050000000000
2026-09-26T08:43:00.495200+00:00,0x155,000040DEFFFF7E93
2026-09-26T08:43:00.495442+00:00,0x156,FFFFD610FFFFBC7C
2026-09-26T08:43:00.496253+00:00,0x157,0000028E00002E01
2026-09-26T08:43:00.496324+00:00,0x170,FFFF960500000000
2026-09-26T08:43:00.498646+00:00,0x2A1,0100010600000000
2026-09-26T08:43:00.503916+00:00,0x2A1,0100010600000000
2026-09-26T08:43:00.509487+00:00,0x2A1,0100010600000000
2026-09-26T08:43:00.512648+00:00,0x2A1,0100010601000000
2026-09-26T08:43:00.517487+00:00,0x2A1,0100010601000000
2026-09-26T08:43:00.523164+00:00,0x2A1,0100010601000000
2026-09-26T08:43:00.527505+00:00,0x2A1,0100010601000000
2026-09-26T08:43:00.532437+00:00,0x2A1,0100010601000000
2026-09-26T08:43:00.537487+00:00,0x2A1,0100010601000000
2026-09-26T08:43:00.543314+00:00,0x2A1,0100010601000000
2026-09-26T08:43:00.547831+00:00,0x2A1,0100010601000000
2026-09-26T08:43:00.552919+00:00,0x2A1,0100010601000000
2026-09-26T08:43:00.557824+00:00,0x2A1,0100010601000000
2026-09-26T08:43:00.563228+00:00,0x2A1,0100010601000000
2026-09-26T08:43:00.567605+00:00,0x2A1,0100010601000000
2026-09-26T08:43:00.572460+00:00,0x2A1,0100010601000000
2026-09-26T08:43:00.577560+00:00,0x2A1,0100010601000000
2026-09-26T08:43:00.583121+00:00,0x2A1,0100010601000000
2026-09-26T08:43:00.589908+00:00,0x2A1,0100010601000000
2026-09-26T08:43:00.592606+00:00,0x2A1,0100010601000000
2026-09-26T08:43:00.597516+00:00,0x2A1,0100010601000000
2026-09-26T08:43:00.603706+00:00,0x2A1,0100010601000000
2026-09-26T08:43:00.608107+00:00,0x2A1,0100010601000000
2026-09-26T08:43:00.613542+00:00,0x2A1,0100010601000000
2026-09-26T08:43:00.617582+00:00,0x2A1,0100010601000000
2026-09-26T08:43:00.623121+00:00,0x2A1,0100010601000000
2026-09-26T08:43:00.627404+00:00,0x2A1,0100010601000000
2026-09-26T08:43:00.632563+00:00,0x2A1,0100010601000000
2026-09-26T08:43:00.637406+00:00,0x2A1,0100010601000000
2026-09-26T08:43:00.642962+00:00,0x2A1,0100010601000000
2026-09-26T08:43:00.649571+00:00,0x2A1,0100010601000000
2026-09-26T08:43:00.652877+00:00,0x2A1,0100010601000000
2026-09-26T08:43:00.657885+00:00,0x2A1,0100010601000000
2026-09-26T08:43:00.663535+00:00,0x2A1,0100010601000000
2026-09-26T08:43:00.667878+00:00,0x2A1,0100010601000000
2026-09-26T08:43:00.673619+00:00,0x2A1,0100010601000000
2026-09-26T08:43:00.677496+00:00,0x2A1,0100010601000000
2026-09-26T08:43:00.683178+00:00,0x2A1,0100010601000000
2026-09-26T08:43:00.687500+00:00,0x2A1,0100010601000000
2026-09-26T08:43:00.693211+00:00,0x2A1,0100010601000000
2026-09-26T08:43:00.697494+00:00,0x2A1,0100010601000000
2026-09-26T08:43:00.703058+00:00,0x2A1,0100010601000000
2026-09-26T08:43:00.707752+00:00,0x2A1,0100010601000000
2026-09-26T08:43:00.713547+00:00,0x2A1,0100010601000000
2026-09-26T08:43:00.717883+00:00,0x2A1,0100010601000000
2026-09-26T08:43:00.724021+00:00,0x2A1,0100010601000000
2026-09-26T08:43:00.727447+00:00,0x2A1,0100010601000000
2026-09-26T08:43:00.733258+00:00,0x2A1,0100010601000000
2026-09-26T08:43:00.737714+00:00,0x2A1,0100010601000000
2026-09-26T08:43:00.743418+00:00,0x2A1,0100010601000000
2026-09-26T08:43:00.747566+00:00,0x2A1,0100010601000000
2026-09-26T08:43:00.752923+00:00,0x2A1,0100010601000000
2026-09-26T08:43:00.757489+00:00,0x2A1,0100010601000000
2026-09-26T08:43:00.763121+00:00,0x2A1,0100010601000000
2026-09-26T08:43:00.767963+00:00,0x2A1,0100010601000000
2026-09-26T08:43:00.774006+00:00,0x2A1,0100010600000000
2026-09-26T08:43:00.777962+00:00,0x2A1,0100010600000000
2026-09-26T08:43:00.783120+00:00,0x2A1,0100010600000000
2026-09-26T08:43:00.787444+00:00,0x2A1,0100010600000000
2026-09-26T08:43:00.793461+00:00,0x2A1,0100010600000000
2026-09-26T08:43:00.797407+00:00,0x2A1,0100010600000000
2026-09-26T08:43:00.803008+00:00,0x2A1,0100010600000000
2026-09-26T08:43:00.807439+00:00,0x2A1,0100010600000000
2026-09-26T08:43:00.813512+00:00,0x2A1,0100010600000000
2026-09-26T08:43:00.817900+00:00,0x2A1,0100010600000000
2026-09-26T08:43:00.824005+00:00,0x2A1,0100010600000000
2026-09-26T08:43:00.827825+00:00,0x2A1,0100010600000000
2026-09-26T08:43:00.833809+00:00,0x2A1,0100010600000000
2026-09-26T08:43:00.837430+00:00,0x2A1,0100010600000000
2026-09-26T08:43:00.843074+00:00,0x2A1,0100010600000000
2026-09-26T08:43:00.847509+00:00,0x2A1,0100010600000000
2026-09-26T08:43:00.849492+00:00,0x151,0101050000000000
2026-09-26T08:43:00.849694+00:00,0x155,00003DD5FFFF7E95
2026-09-26T08:43:00.849825+00:00,0x156,FFFFE035FFFFBCBC
2026-09-26T08:43:00.849926+00:00,0x157,0000028900002E01
2026-09-26T08:43:00.849956+00:00,0x170,FFFF960500000000
2026-09-26T08:43:00.854071+00:00,0x2A1,0100010600000000
2026-09-26T08:43:00.857493+00:00,0x2A1,0100010600000000
2026-09-26T08:43:00.863076+00:00,0x2A1,0100010600000000
2026-09-26T08:43:00.867513+00:00,0x2A1,0100010600000000
2026-09-26T08:43:00.874074+00:00,0x2A1,0100010601000000
2026-09-26T08:43:00.877827+00:00,0x2A1,0100010601000000
2026-09-26T08:43:00.883566+00:00,0x2A1,0100010601000000
2026-09-26T08:43:00.887461+00:00,0x2A1,0100010601000000
2026-09-26T08:43:00.893485+00:00,0x2A1,0100010601000000
2026-09-26T08:43:00.897485+00:00,0x2A1,0100010601000000
2026-09-26T08:43:00.903092+00:00,0x2A1,0100010601000000
2026-09-26T08:43:00.907437+00:00,0x2A1,0100010601000000
2026-09-26T08:43:00.913565+00:00,0x2A1,0100010601000000
2026-09-26T08:43:00.917429+00:00,0x2A1,0100010601000000
2026-09-26T08:43:00.923295+00:00,0x2A1,0100010601000000
2026-09-26T08:43:00.928073+00:00,0x2A1,0100010601000000
2026-09-26T08:43:00.935428+00:00,0x2A1,0100010601000000
2026-09-26T08:43:00.938428+00:00,0x2A1,0100010601000000
2026-09-26T08:43:00.943209+00:00,0x2A1,0100010601000000
2026-09-26T08:43:00.947846+00:00,0x2A1,0100010601000000
2026-09-26T08:43:00.953846+00:00,0x2A1,0100010601000000
2026-09-26T08:43:00.957634+00:00,0x2A1,0100010601000000
2026-09-26T08:43:00.963145+00:00,0x2A1,0100010601000000
2026-09-26T08:43:00.967585+00:00,0x2A1,0100010601000000
2026-09-26T08:43:00.974095+00:00,0x2A1,0100010601000000
2026-09-26T08:43:00.978030+00:00,0x2A1,0100010601000000
2026-09-26T08:43:00.983585+00:00,0x2A1,0100010601000000
2026-09-26T08:43:00.987856+00:00,0x2A1,0100010601000000
2026-09-26T08:43:00.994207+00:00,0x2A1,0100010601000000
2026-09-26T08:43:00.997442+00:00,0x2A1,0100010601000000
2026-09-26T08:43:01.003276+00:00,0x2A1,0100010601000000
2026-09-26T08:43:01.007588+00:00,0x2A1,0100010601000000
2026-09-26T08:43:01.014382+00:00,0x2A1,0100010601000000
2026-09-26T08:43:01.017492+00:00,0x2A1,0100010601000000
2026-09-26T08:43:01.023168+00:00,0x2A1,0100010601000000
2026-09-26T08:43:01.027630+00:00,0x2A1,0100010601000000
2026-09-26T08:43:01.035827+00:00,0x2A1,0100010601000000
2026-09-26T08:43:01.039318+00:00,0x2A1,0100010601000000
2026-09-26T08:43:01.043652+00:00,0x2A1,0100010601000000
2026-09-26T08:43:01.047814+00:00,0x2A1,0100010601000000
2026-09-26T08:43:01.054543+00:00,0x2A1,0100010601000000
2026-09-26T08:43:01.057493+00:00,0x2A1,0100010601000000
2026-09-26T08:43:01.063191+00:00,0x2A1,0100010601000000
2026-09-26T08:43:01.067446+00:00,0x2A1,0100010601000000
2026-09-26T08:43:01.074254+00:00,0x2A1,0100010601000000
2026-09-26T08:43:01.077451+00:00,0x2A1,0100010601000000
2026-09-26T08:43:01.083253+00:00,0x2A1,0100010601000000
2026-09-26T08:43:01.088492+00:00,0x2A1,0100010601000000
2026-09-26T08:43:01.094465+00:00,0x2A1,0100010601000000
2026-09-26T08:43:01.097806+00:00,0x2A1,0100010601000000
2026-09-26T08:43:01.103149+00:00,0x2A1,0100010601000000
2026-09-26T08:43:01.107451+00:00,0x2A1,0100010601000000
2026-09-26T08:43:01.113900+00:00,0x2A1,0100010600000000
2026-09-26T08:43:01.117420+00:00,0x2A1,0100010600000000
2026-09-26T08:43:01.123125+00:00,0x2A1,0100010600000000
2026-09-26T08:43:01.127561+00:00,0x2A1,0100010600000000
2026-09-26T08:43:01.133881+00:00,0x2A1,0100010600000000
2026-09-26T08:43:01.137545+00:00,0x2A1,0100010600000000
2026-09-26T08:43:01.143544+00:00,0x2A1,0100010600000000
2026-09-26T08:43:01.147924+00:00,0x2A1,0100010600000000
2026-09-26T08:43:01.154255+00:00,0x2A1,0100010600000000
2026-09-26T08:43:01.157569+00:00,0x2A1,0100010600000000
2026-09-26T08:43:01.163320+00:00,0x2A1,0100010600000000
2026-09-26T08:43:01.167452+00:00,0x2A1,0100010600000000
2026-09-26T08:43:01.173968+00:00,0x2A1,0100010600000000
2026-09-26T08:43:01.177444+00:00,0x2A1,0100010600000000
2026-09-26T08:43:01.183125+00:00,0x2A1,0100010600000000
2026-09-26T08:43:01.187654+00:00,0x2A1,0100010600000000
2026-09-26T08:43:01.194297+00:00,0x2A1,0100010600000000
2026-09-26T08:43:01.197830+00:00,0x2A1,0100010600000000
2026-09-26T08:43:01.202393+00:00,0x151,0101050000000000
2026-09-26T08:43:01.202516+00:00,0x155,00003ACCFFFF7E98
2026-09-26T08:43:01.203075+00:00,0x156,FFFFEA5AFFFFBCFC
2026-09-26T08:43:01.203235+00:00,0x157,0000028400002E01
2026-09-26T08:43:01.203397+00:00,0x170,FFFF960500000000
2026-09-26T08:43:01.203882+00:00,0x2A1,0100010600000000
2026-09-26T08:43:01.207608+00:00,0x2A1,0100010600000000
2026-09-26T08:43:01.214325+00:00,0x2A1,0100010601000000
2026-09-26T08:43:01.217569+00:00,0x2A1,0100010601000000
2026-09-26T08:43:01.223169+00:00,0x2A1,0100010601000000
2026-09-26T08:43:01.227490+00:00,0x2A1,0100010601000000
2026-09-26T08:43:01.234803+00:00,0x2A1,0100010601000000
2026-09-26T08:43:01.237806+00:00,0x2A1,0100010601000000
2026-09-26T08:43:01.243032+00:00,0x2A1,0100010601000000
2026-09-26T08:43:01.247492+00:00,0x2A1,0100010601000000
2026-09-26T08:43:01.255126+00:00,0x2A1,0100010601000000
2026-09-26T08:43:01.259366+00:00,0x2A1,0100010601000000
2026-09-26T08:43:01.263609+00:00,0x2A1,0100010601000000
2026-09-26T08:43:01.268011+00:00,0x2A1,0100010601000000
2026-09-26T08:43:01.275255+00:00,0x2A1,0100010601000000
2026-09-26T08:43:01.278568+00:00,0x2A1,0100010601000000
2026-09-26T08:43:01.283566+00:00,0x2A1,0100010601000000
2026-09-26T08:43:01.288212+00:00,0x2A1,0100010601000000
2026-09-26T08:43:01.295999+00:00,0x2A1,0100010601000000
2026-09-26T08:43:01.299353+00:00,0x2A1,0100010601000000
2026-09-26T08:43:01.304859+00:00,0x2A1,0100010601000000
2026-09-26T08:43:01.308666+00:00,0x2A1,0100010601000000
2026-09-26T08:43:01.315387+00:00,0x2A1,0100010601000000
2026-09-26T08:43:01.319436+00:00,0x2A1,0100010601000000
2026-09-26T08:43:01.323968+00:00,0x2A1,0100010601000000
2026-09-26T08:43:01.327969+00:00,0x2A1,0100010601000000
2026-09-26T08:43:01.334830+00:00,0x2A1,0100010601000000
2026-09-26T08:43:01.338255+00:00,0x2A1,0100010601000000
2026-09-26T08:43:01.343224+00:00,0x2A1,0100010601000000
2026-09-26T08:43:01.347491+00:00,0x2A1,0100010601000000
2026-09-26T08:43:01.354182+00:00,0x2A1,0100010601000000
2026-09-26T08:43:01.357538+00:00,0x2A1,0100010601000000
2026-09-26T08:43:01.363265+00:00,0x2A1,0100010601000000
2026-09-26T08:43:01.368125+00:00,0x2A1,0100010601000000
2026-09-26T08:43:01.375013+00:00,0x2A1,0100010601000000
2026-09-26T08:43:01.378256+00:00,0x2A1,0100010601000000
2026-09-26T08:43:01.383410+00:00,0x2A1,0100010601000000
2026-09-26T08:43:01.387569+00:00,0x2A1,0100010601000000
2026-09-26T08:43:01.395123+00:00,0x2A1,0100010601000000
2026-09-26T08:43:01.398124+00:00,0x2A1,0100010601000000
2026-09-26T08:43:01.403279+00:00,0x2A1,0100010601000000
2026-09-26T08:43:01.407446+00:00,0x2A1,0100010601000000
2026-09-26T08:43:01.414170+00:00,0x2A1,0100010601000000
2026-09-26T08:43:01.417495+00:00,0x2A1,0100010601000000
2026-09-26T08:43:01.423611+00:00,0x2A1,0100010601000000
2026-09-26T08:43:01.428128+00:00,0x2A1,0100010601000000
2026-09-26T08:43:01.434215+00:00,0x2A1,0100010601000000
2026-09-26T08:43:01.437699+00:00,0x2A1,0100010601000000
2026-09-26T08:43:01.443080+00:00,0x2A1,0100010601000000
2026-09-26T08:43:01.447494+00:00,0x2A1,0100010601000000
2026-09-26T08:43:01.454128+00:00,0x2A1,0100010601000000
2026-09-26T08:43:01.457413+00:00,0x2A1,0100010601000000
2026-09-26T08:43:01.463928+00:00,0x2A1,0100010601000000
2026-09-26T08:43:01.467592+00:00,0x2A1,0100010601000000
2026-09-26T08:43:01.475154+00:00,0x2A1,0100010601000000
2026-09-26T08:43:01.478543+00:00,0x2A1,0100010600000000
2026-09-26T08:43:01.484640+00:00,0x2A1,0100010600000000
2026-09-26T08:43:01.487919+00:00,0x2A1,0100010600000000
2026-09-26T08:43:01.494079+00:00,0x2A1,0100010600000000
2026-09-26T08:43:01.497516+00:00,0x2A1,0100010600000000
2026-09-26T08:43:01.503279+00:00,0x2A1,0100010600000000
2026-09-26T08:43:01.507448+00:00,0x2A1,0100010600000000
2026-09-26T08:43:01.513972+00:00,0x2A1,0100010600000000
2026-09-26T08:43:01.517411+00:00,0x2A1,0100010600000000
2026-09-26T08:43:01.523081+00:00,0x2A1,0100010600000000
2026-09-26T08:43:01.527843+00:00,0x2A1,0100010600000000
2026-09-26T08:43:01.534568+00:00,0x2A1,0100010600000000
2026-09-26T08:43:01.539656+00:00,0x2A1,0100010600000000
2026-09-26T08:43:01.543325+00:00,0x2A1,0100010600000000
2026-09-26T08:43:01.547564+00:00,0x2A1,0100010600000000
2026-09-26T08:43:01.552679+00:00,0x2A1,0100010600000000
2026-09-26T08:43:01.556039+00:00,0x151,0101050000000000
2026-09-26T08:43:01.556176+00:00,0x155,00003644FFFF7E98
2026-09-26T08:43:01.556287+00:00,0x156,FFFFF1D6FFFFBCFC
2026-09-26T08:43:01.556423+00:00,0x157,0000028400002E01
2026-09-26T08:43:01.557826+00:00,0x170,FFFF960500000000
2026-09-26T08:43:01.557911+00:00,0x2A1,0100010600000000
2026-09-26T08:43:01.563078+00:00,0x2A1,0100010600000000
2026-09-26T08:43:01.567412+00:00,0x2A1,0100010600000000
2026-09-26T08:43:01.573172+00:00,0x2A1,0100010600000000
2026-09-26T08:43:01.577574+00:00,0x2A1,0100010601000000
2026-09-26T08:43:01.584215+00:00,0x2A1,0100010601000000
2026-09-26T08:43:01.588616+00:00,0x2A1,0100010601000000
2026-09-26T08:43:01.592624+00:00,0x2A1,0100010601000000
2026-09-26T08:43:01.597454+00:00,0x2A1,0100010601000000
2026-09-26T08:43:01.603380+00:00,0x2A1,0100010601000000
2026-09-26T08:43:01.607668+00:00,0x2A1,0100010601000000
2026-09-26T08:43:01.614567+00:00,0x2A1,0100010601000000
2026-09-26T08:43:01.617496+00:00,0x2A1,0100010601000000
2026-09-26T08:43:01.623279+00:00,0x2A1,0100010601000000
2026-09-26T08:43:01.627561+00:00,0x2A1,0100010601000000
2026-09-26T08:43:01.633172+00:00,0x2A1,0100010601000000
2026-09-26T08:43:01.638301+00:00,0x2A1,0100010601000000
2026-09-26T08:43:01.643505+00:00,0x2A1,0100010601000000
2026-09-26T08:43:01.647658+00:00,0x2A1,0100010601000000
2026-09-26T08:43:01.654675+00:00,0x2A1,0100010601000000
2026-09-26T08:43:01.657834+00:00,0x2A1,0100010601000000
2026-09-26T08:43:01.663178+00:00,0x2A1,0100010601000000
2026-09-26T08:43:01.667504+00:00,0x2A1,0100010601000000
2026-09-26T08:43:01.672812+00:00,0x2A1,0100010601000000
2026-09-26T08:43:01.677748+00:00,0x2A1,0100010601000000
2026-09-26T08:43:01.683132+00:00,0x2A1,0100010601000000
2026-09-26T08:43:01.687832+00:00,0x2A1,0100010601000000
2026-09-26T08:43:01.693983+00:00,0x2A1,0100010601000000
2026-09-26T08:43:01.699178+00:00,0x2A1,0100010601000000
2026-09-26T08:43:01.703220+00:00,0x2A1,0100010601000000
2026-09-26T08:43:01.707899+00:00,0x2A1,0100010601000000
2026-09-26T08:43:01.712705+00:00,0x2A1,0100010601000000
2026-09-26T08:43:01.717878+00:00,0x2A1,0100010601000000
2026-09-26T08:43:01.723329+00:00,0x2A1,0100010601000000
2026-09-26T08:43:01.727567+00:00,0x2A1,0100010601000000
2026-09-26T08:43:01.732501+00:00,0x2A1,0100010601000000
2026-09-26T08:43:01.738015+00:00,0x2A1,0100010600000000
2026-09-26T08:43:01.746809+00:00,0x2A1,0100010600000000
2026-09-26T08:43:01.750056+00:00,0x2A1,0100010600000000
2026-09-26T08:43:01.753570+00:00,0x2A1,0100010600000000
2026-09-26T08:43:01.758260+00:00,0x2A1,0100010600000000
2026-09-26T08:43:01.763471+00:00,0x2A1,0100010600000000
2026-09-26T08:43:01.767414+00:00,0x2A1,0100010600000000
2026-09-26T08:43:01.772450+00:00,0x2A1,0100010600000000
2026-09-26T08:43:01.777983+00:00,0x2A1,0100010600000000
2026-09-26T08:43:01.783260+00:00,0x2A1,0100010600000000
2026-09-26T08:43:01.787496+00:00,0x2A1,0100010600000000
2026-09-26T08:43:01.792551+00:00,0x2A1,0100010600000000
2026-09-26T08:43:01.799067+00:00,0x2A1,0100010600000000
2026-09-26T08:43:01.804491+00:00,0x2A1,0100010600000000
2026-09-26T08:43:01.807505+00:00,0x2A1,0100010600000000
2026-09-26T08:43:01.812459+00:00,0x2A1,0100010600000000
2026-09-26T08:43:01.817898+00:00,0x2A1,0100010600000000
2026-09-26T08:43:01.823043+00:00,0x2A1,0100010600000000
2026-09-26T08:43:01.827435+00:00,0x2A1,0100010600000000
2026-09-26T08:43:01.832454+00:00,0x2A1,0100010600000000
2026-09-26T08:43:01.837835+00:00,0x2A1,0100010600000000
2026-09-26T08:43:01.843083+00:00,0x2A1,0100010600000000
2026-09-26T08:43:01.848302+00:00,0x2A1,0100010600000000
2026-09-26T08:43:01.853013+00:00,0x2A1,0100010600000000
2026-09-26T08:43:01.859068+00:00,0x2A1,0100010600000000
2026-09-26T08:43:01.860518+00:00,0x151,0101050000000000
2026-09-26T08:43:01.860909+00:00,0x155,000031BBFFFF7E98
2026-09-26T08:43:01.861278+00:00,0x156,FFFFF953FFFFBCFC
2026-09-26T08:43:01.862580+00:00,0x157,0000028400002E01
2026-09-26T08:43:01.862876+00:00,0x170,FFFF960500000000
2026-09-26T08:43:01.863571+00:00,0x2A1,0100010600000000
2026-09-26T08:43:01.867616+00:00,0x2A1,0100010600000000
2026-09-26T08:43:01.872448+00:00,0x2A1,0100010600000000
2026-09-26T08:43:01.878174+00:00,0x2A1,0100010601000000
2026-09-26T08:43:01.883131+00:00,0x2A1,0100010601000000
2026-09-26T08:43:01.887823+00:00,0x2A1,0100010601000000
2026-09-26T08:43:01.892413+00:00,0x2A1,0100010601000000
2026-09-26T08:43:01.898328+00:00,0x2A1,0100010601000000
2026-09-26T08:43:01.903701+00:00,0x2A1,0100010601000000
2026-09-26T08:43:01.908811+00:00,0x2A1,0100010601000000
2026-09-26T08:43:01.912807+00:00,0x2A1,0100010601000000
2026-09-26T08:43:01.918575+00:00,0x2A1,0100010601000000
2026-09-26T08:43:01.923017+00:00,0x2A1,0100010601000000
2026-09-26T08:43:01.927458+00:00,0x2A1,0100010601000000
2026-09-26T08:43:01.932415+00:00,0x2A1,0100010601000000
2026-09-26T08:43:01.938374+00:00,0x2A1,0100010601000000
2026-09-26T08:43:01.943017+00:00,0x2A1,0100010601000000
2026-09-26T08:43:01.947471+00:00,0x2A1,0100010601000000
2026-09-26T08:43:01.952569+00:00,0x2A1,0100010601000000
2026-09-26T08:43:01.959258+00:00,0x2A1,0100010601000000
2026-09-26T08:43:01.963840+00:00,0x2A1,0100010601000000
2026-09-26T08:43:01.967574+00:00,0x2A1,0100010601000000
2026-09-26T08:43:01.972450+00:00,0x2A1,0100010601000000
2026-09-26T08:43:01.978703+00:00,0x2A1,0100010601000000
2026-09-26T08:43:01.983132+00:00,0x2A1,0100010601000000
2026-09-26T08:43:01.987574+00:00,0x2A1,0100010601000000
2026-09-26T08:43:01.992416+00:00,0x2A1,0100010601000000
2026-09-26T08:43:01.998863+00:00,0x2A1,0100010601000000
2026-09-26T08:43:02.003334+00:00,0x2A1,0100010601000000
2026-09-26T08:43:02.007865+00:00,0x2A1,0100010601000000
2026-09-26T08:43:02.012863+00:00,0x2A1,0100010601000000
2026-09-26T08:43:02.019916+00:00,0x2A1,0100010601000000
2026-09-26T08:43:02.023753+00:00,0x2A1,0100010601000000
2026-09-26T08:43:02.027569+00:00,0x2A1,0100010601000000
2026-09-26T08:43:02.032462+00:00,0x2A1,0100010601000000
2026-09-26T08:43:02.038888+00:00,0x2A1,0100010601000000
2026-09-26T08:43:02.043175+00:00,0x2A1,0100010601000000
2026-09-26T08:43:02.047415+00:00,0x2A1,0100010601000000
2026-09-26T08:43:02.052726+00:00,0x2A1,0100010601000000
2026-09-26T08:43:02.059026+00:00,0x2A1,0100010600000000
2026-09-26T08:43:02.063869+00:00,0x2A1,0100010600000000
2026-09-26T08:43:02.068032+00:00,0x2A1,0100010600000000
2026-09-26T08:43:02.072877+00:00,0x2A1,0100010600000000
2026-09-26T08:43:02.078993+00:00,0x2A1,0100010600000000
2026-09-26T08:43:02.083241+00:00,0x2A1,0100010600000000
2026-09-26T08:43:02.087468+00:00,0x2A1,0100010600000000
2026-09-26T08:43:02.092502+00:00,0x2A1,0100010600000000
2026-09-26T08:43:02.098931+00:00,0x2A1,0100010600000000
2026-09-26T08:43:02.103220+00:00,0x2A1,0100010600000000
2026-09-26T08:43:02.107561+00:00,0x2A1,0100010600000000
2026-09-26T08:43:02.112571+00:00,0x2A1,0100010600000000
2026-09-26T08:43:02.119538+00:00,0x2A1,0100010600000000
2026-09-26T08:43:02.124070+00:00,0x2A1,0100010600000000
2026-09-26T08:43:02.127975+00:00,0x2A1,0100010600000000
2026-09-26T08:43:02.132870+00:00,0x2A1,0100010600000000
2026-09-26T08:43:02.138861+00:00,0x2A1,0100010600000000
2026-09-26T08:43:02.143316+00:00,0x2A1,0100010600000000
2026-09-26T08:43:02.147495+00:00,0x2A1,0100010600000000
2026-09-26T08:43:02.152571+00:00,0x2A1,0100010600000000
2026-09-26T08:43:02.158860+00:00,0x2A1,0100010600000000
2026-09-26T08:43:02.163332+00:00,0x2A1,0100010600000000
2026-09-26T08:43:02.165674+00:00,0x151,0101050000000000
2026-09-26T08:43:02.165817+00:00,0x155,00002D33FFFF7E98
2026-09-26T08:43:02.165933+00:00,0x156,000000CFFFFFBCFC
2026-09-26T08:43:02.165998+00:00,0x157,0000028400002E01
2026-09-26T08:43:02.166073+00:00,0x170,FFFF960500000000
2026-09-26T08:43:02.167932+00:00,0x2A1,0100010600000000
2026-09-26T08:43:02.172834+00:00,0x2A1,0100010600000000
2026-09-26T08:43:02.179890+00:00,0x2A1,0100010601000000
2026-09-26T08:43:02.184219+00:00,0x2A1,0100010601000000
2026-09-26T08:43:02.187576+00:00,0x2A1,0100010601000000
2026-09-26T08:43:02.192659+00:00,0x2A1,0100010601000000
2026-09-26T08:43:02.198973+00:00,0x2A1,0100010601000000
2026-09-26T08:43:02.203131+00:00,0x2A1,0100010601000000
2026-09-26T08:43:02.207444+00:00,0x2A1,0100010601000000
2026-09-26T08:43:02.212440+00:00,0x2A1,0100010601000000
2026-09-26T08:43:02.218824+00:00,0x2A1,0100010601000000
2026-09-26T08:43:02.222976+00:00,0x2A1,0100010601000000
2026-09-26T08:43:02.228836+00:00,0x2A1,0100010601000000
2026-09-26T08:43:02.233177+00:00,0x2A1,0100010601000000
2026-09-26T08:43:02.239285+00:00,0x2A1,0100010601000000
2026-09-26T08:43:02.243263+00:00,0x2A1,0100010601000000
2026-09-26T08:43:02.247619+00:00,0x2A1,0100010601000000
2026-09-26T08:43:02.252522+00:00,0x2A1,0100010601000000
2026-09-26T08:43:02.259086+00:00,0x2A1,0100010601000000
2026-09-26T08:43:02.263263+00:00,0x2A1,0100010601000000
2026-09-26T08:43:02.267415+00:00,0x2A1,0100010601000000
2026-09-26T08:43:02.272815+00:00,0x2A1,0100010601000000
2026-09-26T08:43:02.279374+00:00,0x2A1,0100010601000000
2026-09-26T08:43:02.284307+00:00,0x2A1,0100010601000000
2026-09-26T08:43:02.287934+00:00,0x2A1,0100010601000000
2026-09-26T08:43:02.293020+00:00,0x2A1,0100010601000000
2026-09-26T08:43:02.299231+00:00,0x2A1,0100010601000000
2026-09-26T08:43:02.303276+00:00,0x2A1,0100010601000000
2026-09-26T08:43:02.307634+00:00,0x2A1,0100010601000000
2026-09-26T08:43:02.312471+00:00,0x2A1,0100010601000000
2026-09-26T08:43:02.318989+00:00,0x2A1,0100010601000000
2026-09-26T08:43:02.324074+00:00,0x2A1,0100010601000000
2026-09-26T08:43:02.327763+00:00,0x2A1,0100010601000000
2026-09-26T08:43:02.332705+00:00,0x2A1,0100010601000000
2026-09-26T08:43:02.340370+00:00,0x2A1,0100010601000000
2026-09-26T08:43:02.344316+00:00,0x2A1,0100010601000000
2026-09-26T08:43:02.347758+00:00,0x2A1,0100010601000000
2026-09-26T08:43:02.352670+00:00,0x2A1,0100010601000000
2026-09-26T08:43:02.359385+00:00,0x2A1,0100010600000000
2026-09-26T08:43:02.363135+00:00,0x2A1,0100010600000000
2026-09-26T08:43:02.367491+00:00,0x2A1,0100010600000000
2026-09-26T08:43:02.372464+00:00,0x2A1,0100010600000000
2026-09-26T08:43:02.378980+00:00,0x2A1,0100010600000000
2026-09-26T08:43:02.383181+00:00,0x2A1,0100010600000000
2026-09-26T08:43:02.387602+00:00,0x2A1,0100010600000000
2026-09-26T08:43:02.393141+00:00,0x2A1,0100010600000000
2026-09-26T08:43:02.399762+00:00,0x2A1,0100010600000000
2026-09-26T08:43:02.403455+00:00,0x2A1,0100010600000000
2026-09-26T08:43:02.407467+00:00,0x2A1,0100010600000000
2026-09-26T08:43:02.412418+00:00,0x2A1,0100010600000000
2026-09-26T08:43:02.418934+00:00,0x2A1,0100010600000000
2026-09-26T08:43:02.423329+00:00,0x2A1,0100010600000000
2026-09-26T08:43:02.427523+00:00,0x2A1,0100010600000000
2026-09-26T08:43:02.432453+00:00,0x2A1,0100010600000000
2026-09-26T08:43:02.439222+00:00,0x2A1,0100010600000000
2026-09-26T08:43:02.444377+00:00,0x2A1,0100010600000000
2026-09-26T08:43:02.447937+00:00,0x2A1,0100010600000000
2026-09-26T08:43:02.453084+00:00,0x2A1,0100010600000000
2026-09-26T08:43:02.459022+00:00,0x2A1,0100010600000000
2026-09-26T08:43:02.463265+00:00,0x2A1,0100010600000000
2026-09-26T08:43:02.467575+00:00,0x2A1,0100010600000000
2026-09-26T08:43:02.468841+00:00,0x151,0101050000000000
2026-09-26T08:43:02.468911+00:00,0x155,0000282BFFFF7E98
2026-09-26T08:43:02.469032+00:00,0x156,00000346FFFFBCFC
2026-09-26T08:43:02.469099+00:00,0x157,0000028400002E01
2026-09-26T08:43:02.469167+00:00,0x170,FFFF960500000000
2026-09-26T08:43:02.472578+00:00,0x2A1,0100010600000000
2026-09-26T08:43:02.479218+00:00,0x2A1,0100010601000000
2026-09-26T08:43:02.483178+00:00,0x2A1,0100010601000000
2026-09-26T08:43:02.487419+00:00,0x2A1,0100010601000000
2026-09-26T08:43:02.492419+00:00,0x2A1,0100010601000000
2026-09-26T08:43:02.499458+00:00,0x2A1,0100010601000000
2026-09-26T08:43:02.503578+00:00,0x2A1,0100010601000000
2026-09-26T08:43:02.507840+00:00,0x2A1,0100010601000000
2026-09-26T08:43:02.512420+00:00,0x2A1,0100010601000000
2026-09-26T08:43:02.518223+00:00,0x2A1,0100010601000000
2026-09-26T08:43:02.523021+00:00,0x2A1,0100010601000000
2026-09-26T08:43:02.527419+00:00,0x2A1,0100010601000000
2026-09-26T08:43:02.532626+00:00,0x2A1,0100010601000000
2026-09-26T08:43:02.540023+00:00,0x2A1,0100010601000000
2026-09-26T08:43:02.543938+00:00,0x2A1,0100010601000000
2026-09-26T08:43:02.547466+00:00,0x2A1,0100010601000000
2026-09-26T08:43:02.552937+00:00,0x2A1,0100010601000000
2026-09-26T08:43:02.560600+00:00,0x2A1,0100010601000000
2026-09-26T08:43:02.564721+00:00,0x2A1,0100010601000000
2026-09-26T08:43:02.567762+00:00,0x2A1,0100010601000000
2026-09-26T08:43:02.572705+00:00,0x2A1,0100010601000000
2026-09-26T08:43:02.577849+00:00,0x2A1,0100010601000000
2026-09-26T08:43:02.583144+00:00,0x2A1,0100010601000000
2026-09-26T08:43:02.587579+00:00,0x2A1,0100010601000000
2026-09-26T08:43:02.592453+00:00,0x2A1,0100010601000000
2026-09-26T08:43:02.597765+00:00,0x2A1,0100010601000000
2026-09-26T08:43:02.604599+00:00,0x2A1,0100010600000000
2026-09-26T08:43:02.608085+00:00,0x2A1,0100010600000000
2026-09-26T08:43:02.612981+00:00,0x2A1,0100010600000000
2026-09-26T08:43:02.619422+00:00,0x2A1,0100010600000000
2026-09-26T08:43:02.623219+00:00,0x2A1,0100010600000000
2026-09-26T08:43:02.627665+00:00,0x2A1,0100010600000000
2026-09-26T08:43:02.632420+00:00,0x2A1,0100010600000000
2026-09-26T08:43:02.637765+00:00,0x2A1,0100010600000000
2026-09-26T08:43:02.643190+00:00,0x2A1,0100010600000000
2026-09-26T08:43:02.647414+00:00,0x2A1,0100010600000000
2026-09-26T08:43:02.652465+00:00,0x2A1,0100010600000000
2026-09-26T08:43:02.657938+00:00,0x2A1,0100010600000000
2026-09-26T08:43:02.664479+00:00,0x2A1,0100010600000000
2026-09-26T08:43:02.667962+00:00,0x2A1,0100010600000000
2026-09-26T08:43:02.671006+00:00,0x151,0101050000000000
2026-09-26T08:43:02.671249+00:00,0x155,00002323FFFF7E98
2026-09-26T08:43:02.671388+00:00,0x156,000005BEFFFFBCFC
2026-09-26T08:43:02.671453+00:00,0x157,0000028400002E01
2026-09-26T08:43:02.672183+00:00,0x170,FFFF960500000000
2026-09-26T08:43:02.673334+00:00,0x2A1,0100010600000000
2026-09-26T08:43:02.677465+00:00,0x2A1,0100010600000000
2026-09-26T08:43:02.683020+00:00,0x2A1,0100010601000000
2026-09-26T08:43:02.687375+00:00,0x2A1,0100010601000000
2026-09-26T08:43:02.692375+00:00,0x2A1,0100010601000000
2026-09-26T08:43:02.699422+00:00,0x2A1,0100010601000000
2026-09-26T08:43:02.703089+00:00,0x2A1,0100010601000000
2026-09-26T08:43:02.707512+00:00,0x2A1,0100010601000000
2026-09-26T08:43:02.712500+00:00,0x2A1,0100010601000000
2026-09-26T08:43:02.717904+00:00,0x2A1,0100010601000000
2026-09-26T08:43:02.724087+00:00,0x2A1,0100010601000000
2026-09-26T08:43:02.728108+00:00,0x2A1,0100010601000000
2026-09-26T08:43:02.732644+00:00,0x2A1,0100010601000000
2026-09-26T08:43:02.737525+00:00,0x2A1,0100010601000000
2026-09-26T08:43:02.743505+00:00,0x2A1,0100010601000000
2026-09-26T08:43:02.747502+00:00,0x2A1,0100010601000000
2026-09-26T08:43:02.752421+00:00,0x2A1,0100010601000000
2026-09-26T08:43:02.757634+00:00,0x2A1,0100010601000000
2026-09-26T08:43:02.763181+00:00,0x2A1,0100010601000000
2026-09-26T08:43:02.767580+00:00,0x2A1,0100010601000000
2026-09-26T08:43:02.772546+00:00,0x2A1,0100010601000000
2026-09-26T08:43:02.777867+00:00,0x2A1,0100010601000000
2026-09-26T08:43:02.784427+00:00,0x2A1,0100010601000000
2026-09-26T08:43:02.787817+00:00,0x2A1,0100010601000000
2026-09-26T08:43:02.792513+00:00,0x2A1,0100010601000000
2026-09-26T08:43:02.797505+00:00,0x2A1,0100010601000000
2026-09-26T08:43:02.803730+00:00,0x2A1,0100010600000000
2026-09-26T08:43:02.807504+00:00,0x2A1,0100010600000000
2026-09-26T08:43:02.812676+00:00,0x2A1,0100010600000000
2026-09-26T08:43:02.817634+00:00,0x2A1,0100010600000000
2026-09-26T08:43:02.823478+00:00,0x2A1,0100010600000000
2026-09-26T08:43:02.827819+00:00,0x2A1,0100010600000000
2026-09-26T08:43:02.832950+00:00,0x2A1,0100010600000000
2026-09-26T08:43:02.838110+00:00,0x2A1,0100010600000000
2026-09-26T08:43:02.844336+00:00,0x2A1,0100010600000000
2026-09-26T08:43:02.847535+00:00,0x2A1,0100010600000000
2026-09-26T08:43:02.852502+00:00,0x2A1,0100010600000000
2026-09-26T08:43:02.857422+00:00,0x2A1,0100010600000000
2026-09-26T08:43:02.864136+00:00,0x2A1,0100010600000000
2026-09-26T08:43:02.867423+00:00,0x2A1,0100010600000000
2026-09-26T08:43:02.872422+00:00,0x2A1,0100010600000000
2026-09-26T08:43:02.874892+00:00,0x151,0101050000000000
2026-09-26T08:43:02.875097+00:00,0x155,000017F8FFFF7E89
2026-09-26T08:43:02.875164+00:00,0x156,000005EAFFFFBCFB
2026-09-26T08:43:02.875232+00:00,0x157,0000028400002E01
2026-09-26T08:43:02.875564+00:00,0x170,FFFF960700000000
2026-09-26T08:43:02.877579+00:00,0x2A1,0100010600000000
2026-09-26T08:43:02.886130+00:00,0x2A1,0100010601000000
2026-09-26T08:43:02.889559+00:00,0x2A1,0100010601000000
2026-09-26T08:43:02.892981+00:00,0x2A1,0100010601000000
2026-09-26T08:43:02.897625+00:00,0x2A1,0100010601000000
2026-09-26T08:43:02.903983+00:00,0x2A1,0100010601000000
2026-09-26T08:43:02.907723+00:00,0x2A1,0100010601000000
2026-09-26T08:43:02.912466+00:00,0x2A1,0100010601000000
2026-09-26T08:43:02.917579+00:00,0x2A1,0100010601000000
2026-09-26T08:43:02.923948+00:00,0x2A1,0100010601000000
2026-09-26T08:43:02.927419+00:00,0x2A1,0100010601000000
2026-09-26T08:43:02.932534+00:00,0x2A1,0100010601000000
2026-09-26T08:43:02.938182+00:00,0x2A1,0100010601000000
2026-09-26T08:43:02.944550+00:00,0x2A1,0100010601000000
2026-09-26T08:43:02.948710+00:00,0x2A1,0100010601000000
2026-09-26T08:43:02.952820+00:00,0x2A1,0100010601000000
2026-09-26T08:43:02.957625+00:00,0x2A1,0100010601000000
2026-09-26T08:43:02.963823+00:00,0x2A1,0100010601000000
2026-09-26T08:43:02.967479+00:00,0x2A1,0100010601000000
2026-09-26T08:43:02.972487+00:00,0x2A1,0100010601000000
2026-09-26T08:43:02.977375+00:00,0x2A1,0100010601000000
2026-09-26T08:43:02.984190+00:00,0x2A1,0100010601000000
2026-09-26T08:43:02.987417+00:00,0x2A1,0100010601000000
2026-09-26T08:43:02.992983+00:00,0x2A1,0100010601000000
2026-09-26T08:43:02.997951+00:00,0x2A1,0100010601000000
2026-09-26T08:43:03.005423+00:00,0x2A1,0100010601000000
2026-09-26T08:43:03.008379+00:00,0x2A1,0100010601000000
2026-09-26T08:43:03.012459+00:00,0x2A1,0100010601000000
2026-09-26T08:43:03.017725+00:00,0x2A1,0100010601000000
2026-09-26T08:43:03.024519+00:00,0x2A1,0100010601000000
2026-09-26T08:43:03.027622+00:00,0x2A1,0100010601000000
2026-09-26T08:43:03.032457+00:00,0x2A1,0100010601000000
2026-09-26T08:43:03.037574+00:00,0x2A1,0100010601000000
2026-09-26T08:43:03.044981+00:00,0x2A1,0100010601000000
2026-09-26T08:43:03.048466+00:00,0x2A1,0100010601000000
2026-09-26T08:43:03.052816+00:00,0x2A1,0100010601000000
2026-09-26T08:43:03.057764+00:00,0x2A1,0100010601000000
2026-09-26T08:43:03.064900+00:00,0x2A1,0100010601000000
2026-09-26T08:43:03.067950+00:00,0x2A1,0100010601000000
2026-09-26T08:43:03.072460+00:00,0x2A1,0100010601000000
2026-09-26T08:43:03.077461+00:00,0x2A1,0100010601000000
2026-09-26T08:43:03.084140+00:00,0x2A1,0100010601000000
2026-09-26T08:43:03.087424+00:00,0x2A1,0100010601000000
2026-09-26T08:43:03.092421+00:00,0x2A1,0100010601000000
2026-09-26T08:43:03.097507+00:00,0x2A1,0100010601000000
2026-09-26T08:43:03.105647+00:00,0x2A1,0100010601000000
2026-09-26T08:43:03.109069+00:00,0x2A1,0100010601000000
2026-09-26T08:43:03.112875+00:00,0x2A1,0100010601000000
2026-09-26T08:43:03.117529+00:00,0x2A1,0100010601000000
2026-09-26T08:43:03.124669+00:00,0x2A1,0100010601000000
2026-09-26T08:43:03.127878+00:00,0x2A1,0100010601000000
2026-09-26T08:43:03.133072+00:00,0x2A1,0100010601000000
2026-09-26T08:43:03.137380+00:00,0x2A1,0100010601000000
2026-09-26T08:43:03.144280+00:00,0x2A1,0100010601000000
2026-09-26T08:43:03.147514+00:00,0x2A1,0100010601000000
2026-09-26T08:43:03.152477+00:00,0x2A1,0100010601000000
2026-09-26T08:43:03.157994+00:00,0x2A1,0100010601000000
2026-09-26T08:43:03.164661+00:00,0x2A1,0100010601000000
2026-09-26T08:43:03.168506+00:00,0x2A1,0100010601000000
2026-09-26T08:43:03.172638+00:00,0x2A1,0100010601000000
2026-09-26T08:43:03.177424+00:00,0x2A1,0100010601000000
2026-09-26T08:43:03.184436+00:00,0x2A1,0100010600000000
2026-09-26T08:43:03.187425+00:00,0x2A1,0100010600000000
2026-09-26T08:43:03.192508+00:00,0x2A1,0100010600000000
2026-09-26T08:43:03.197461+00:00,0x2A1,0100010600000000
2026-09-26T08:43:03.204530+00:00,0x2A1,0100010600000000
2026-09-26T08:43:03.207553+00:00,0x2A1,0100010600000000
2026-09-26T08:43:03.212942+00:00,0x2A1,0100010600000000
2026-09-26T08:43:03.218095+00:00,0x2A1,0100010600000000
2026-09-26T08:43:03.224714+00:00,0x2A1,0100010600000000
2026-09-26T08:43:03.227823+00:00,0x2A1,0100010600000000
2026-09-26T08:43:03.232425+00:00,0x2A1,0100010600000000
2026-09-26T08:43:03.237404+00:00,0x2A1,0100010600000000
2026-09-26T08:43:03.244854+00:00,0x2A1,0100010600000000
2026-09-26T08:43:03.247670+00:00,0x2A1,0100010600000000
2026-09-26T08:43:03.252643+00:00,0x2A1,0100010600000000
2026-09-26T08:43:03.257530+00:00,0x2A1,0100010600000000
2026-09-26T08:43:03.265646+00:00,0x2A1,0100010600000000
2026-09-26T08:43:03.268980+00:00,0x2A1,0100010600000000
2026-09-26T08:43:03.273181+00:00,0x2A1,0100010600000000
2026-09-26T08:43:03.277437+00:00,0x2A1,0100010600000000
2026-09-26T08:43:03.279904+00:00,0x151,0101050000000000
2026-09-26T08:43:03.280017+00:00,0x155,00000CCCFFFF7E79
2026-09-26T08:43:03.280145+00:00,0x156,00000616FFFFBCF9
2026-09-26T08:43:03.280230+00:00,0x157,0000028400002E01
2026-09-26T08:43:03.280693+00:00,0x170,FFFF960A00000000
2026-09-26T08:43:03.285030+00:00,0x2A1,0100010600000000
2026-09-26T08:43:03.287984+00:00,0x2A1,0100010600000000
2026-09-26T08:43:03.292583+00:00,0x2A1,0100010600000000
2026-09-26T08:43:03.297445+00:00,0x2A1,0100010600000000
2026-09-26T08:43:03.304710+00:00,0x2A1,0100010601000000
2026-09-26T08:43:03.307825+00:00,0x2A1,0100010601000000
2026-09-26T08:43:03.312406+00:00,0x2A1,0100010601000000
2026-09-26T08:43:03.317821+00:00,0x2A1,0100010601000000
2026-09-26T08:43:03.325604+00:00,0x2A1,0100010601000000
2026-09-26T08:43:03.328971+00:00,0x2A1,0100010601000000
2026-09-26T08:43:03.332711+00:00,0x2A1,0100010601000000
2026-09-26T08:43:03.337383+00:00,0x2A1,0100010601000000
2026-09-26T08:43:03.345845+00:00,0x2A1,0100010601000000
2026-09-26T08:43:03.349315+00:00,0x2A1,0100010601000000
2026-09-26T08:43:03.356148+00:00,0x2A1,0100010601000000
2026-09-26T08:43:03.359315+00:00,0x2A1,0100010601000000
2026-09-26T08:43:03.366320+00:00,0x2A1,0100010601000000
2026-09-26T08:43:03.370138+00:00,0x2A1,0100010601000000
2026-09-26T08:43:03.374008+00:00,0x2A1,0100010601000000
2026-09-26T08:43:03.378462+00:00,0x2A1,0100010601000000
2026-09-26T08:43:03.386452+00:00,0x2A1,0100010601000000
2026-09-26T08:43:03.390051+00:00,0x2A1,0100010601000000
2026-09-26T08:43:03.393524+00:00,0x2A1,0100010601000000
2026-09-26T08:43:03.397713+00:00,0x2A1,0100010601000000
2026-09-26T08:43:03.406554+00:00,0x2A1,0100010601000000
2026-09-26T08:43:03.411392+00:00,0x2A1,0100010601000000
2026-09-26T08:43:03.414383+00:00,0x2A1,0100010601000000
2026-09-26T08:43:03.417463+00:00,0x2A1,0100010601000000
2026-09-26T08:43:03.424942+00:00,0x2A1,0100010601000000
2026-09-26T08:43:03.427985+00:00,0x2A1,0100010601000000
2026-09-26T08:43:03.433427+00:00,0x2A1,0100010601000000
2026-09-26T08:43:03.437984+00:00,0x2A1,0100010601000000
2026-09-26T08:43:03.445364+00:00,0x2A1,0100010601000000
2026-09-26T08:43:03.448428+00:00,0x2A1,0100010601000000
2026-09-26T08:43:03.452466+00:00,0x2A1,0100010601000000
2026-09-26T08:43:03.457448+00:00,0x2A1,0100010601000000
2026-09-26T08:43:03.465830+00:00,0x2A1,0100010601000000
2026-09-26T08:43:03.468846+00:00,0x2A1,0100010601000000
2026-09-26T08:43:03.472414+00:00,0x2A1,0100010601000000
2026-09-26T08:43:03.477384+00:00,0x2A1,0100010601000000
2026-09-26T08:43:03.484891+00:00,0x2A1,0100010601000000
2026-09-26T08:43:03.488273+00:00,0x2A1,0100010601000000
2026-09-26T08:43:03.492877+00:00,0x2A1,0100010601000000
2026-09-26T08:43:03.497874+00:00,0x2A1,0100010601000000
2026-09-26T08:43:03.504772+00:00,0x2A1,0100010601000000
2026-09-26T08:43:03.507825+00:00,0x2A1,0100010601000000
2026-09-26T08:43:03.512474+00:00,0x2A1,0100010601000000
2026-09-26T08:43:03.517517+00:00,0x2A1,0100010601000000
2026-09-26T08:43:03.524896+00:00,0x2A1,0100010601000000
2026-09-26T08:43:03.527901+00:00,0x2A1,0100010601000000
2026-09-26T08:43:03.532383+00:00,0x2A1,0100010601000000
2026-09-26T08:43:03.537580+00:00,0x2A1,0100010601000000
2026-09-26T08:43:03.547127+00:00,0x2A1,0100010601000000
2026-09-26T08:43:03.550569+00:00,0x2A1,0100010601000000
2026-09-26T08:43:03.553484+00:00,0x2A1,0100010601000000
2026-09-26T08:43:03.557475+00:00,0x2A1,0100010601000000
2026-09-26T08:43:03.564770+00:00,0x2A1,0100010601000000
2026-09-26T08:43:03.567869+00:00,0x2A1,0100010601000000
2026-09-26T08:43:03.572467+00:00,0x2A1,0100010601000000
2026-09-26T08:43:03.577455+00:00,0x2A1,0100010601000000
2026-09-26T08:43:03.584684+00:00,0x2A1,0100010600000000
2026-09-26T08:43:03.587502+00:00,0x2A1,0100010600000000
2026-09-26T08:43:03.592882+00:00,0x2A1,0100010600000000
2026-09-26T08:43:03.597890+00:00,0x2A1,0100010600000000
2026-09-26T08:43:03.606323+00:00,0x2A1,0100010600000000
2026-09-26T08:43:03.609257+00:00,0x2A1,0100010600000000
2026-09-26T08:43:03.612481+00:00,0x2A1,0100010600000000
2026-09-26T08:43:03.617483+00:00,0x2A1,0100010600000000
2026-09-26T08:43:03.623211+00:00,0x2A1,0100010600000000
2026-09-26T08:43:03.627542+00:00,0x2A1,0100010600000000
2026-09-26T08:43:03.632428+00:00,0x2A1,0100010600000000
2026-09-26T08:43:03.637466+00:00,0x2A1,0100010600000000
2026-09-26T08:43:03.643512+00:00,0x2A1,0100010600000000
2026-09-26T08:43:03.648987+00:00,0x2A1,0100010600000000
2026-09-26T08:43:03.652848+00:00,0x2A1,0100010600000000
2026-09-26T08:43:03.657674+00:00,0x2A1,0100010600000000
2026-09-26T08:43:03.663386+00:00,0x2A1,0100010600000000
2026-09-26T08:43:03.668031+00:00,0x2A1,0100010600000000
2026-09-26T08:43:03.672485+00:00,0x2A1,0100010600000000
2026-09-26T08:43:03.677674+00:00,0x2A1,0100010600000000
2026-09-26T08:43:03.683247+00:00,0x2A1,0100010600000000
2026-09-26T08:43:03.684036+00:00,0x151,0101050000000000
2026-09-26T08:43:03.684675+00:00,0x155,000001A1FFFF7E6A
2026-09-26T08:43:03.685397+00:00,0x156,00000642FFFFBCF8
2026-09-26T08:43:03.686060+00:00,0x157,0000028400002E01
2026-09-26T08:43:03.686215+00:00,0x170,FFFF960C00000000
2026-09-26T08:43:03.688050+00:00,0x2A1,0100010600000000
2026-09-26T08:43:03.692463+00:00,0x2A1,0100010600000000
2026-09-26T08:43:03.698030+00:00,0x2A1,0100010600000000
2026-09-26T08:43:03.703853+00:00,0x2A1,0100010600000000
2026-09-26T08:43:03.708944+00:00,0x2A1,0100010601000000
2026-09-26T08:43:03.712827+00:00,0x2A1,0100010601000000
2026-09-26T08:43:03.717592+00:00,0x2A1,0100010601000000
2026-09-26T08:43:03.723917+00:00,0x2A1,0100010601000000
2026-09-26T08:43:03.728577+00:00,0x2A1,0100010601000000
2026-09-26T08:43:03.732828+00:00,0x2A1,0100010601000000
2026-09-26T08:43:03.737383+00:00,0x2A1,0100010601000000
2026-09-26T08:43:03.743189+00:00,0x2A1,0100010601000000
2026-09-26T08:43:03.747718+00:00,0x2A1,0100010601000000
2026-09-26T08:43:03.752520+00:00,0x2A1,0100010601000000
2026-09-26T08:43:03.757895+00:00,0x2A1,0100010601000000
2026-09-26T08:43:03.763717+00:00,0x2A1,0100010601000000
2026-09-26T08:43:03.768591+00:00,0x2A1,0100010601000000
2026-09-26T08:43:03.772472+00:00,0x2A1,0100010601000000
2026-09-26T08:43:03.777447+00:00,0x2A1,0100010601000000
2026-09-26T08:43:03.783234+00:00,0x2A1,0100010601000000
2026-09-26T08:43:03.788043+00:00,0x2A1,0100010601000000
2026-09-26T08:43:03.792441+00:00,0x2A1,0100010601000000
2026-09-26T08:43:03.797436+00:00,0x2A1,0100010601000000
2026-09-26T08:43:03.803150+00:00,0x2A1,0100010601000000
2026-09-26T08:43:03.808455+00:00,0x2A1,0100010601000000
2026-09-26T08:43:03.812981+00:00,0x2A1,0100010601000000
2026-09-26T08:43:03.818085+00:00,0x2A1,0100010601000000
2026-09-26T08:43:03.823355+00:00,0x2A1,0100010601000000
2026-09-26T08:43:03.828187+00:00,0x2A1,0100010601000000
2026-09-26T08:43:03.832452+00:00,0x2A1,0100010601000000
2026-09-26T08:43:03.837446+00:00,0x2A1,0100010601000000
2026-09-26T08:43:03.842946+00:00,0x2A1,0100010601000000
2026-09-26T08:43:03.848099+00:00,0x2A1,0100010601000000
2026-09-26T08:43:03.852453+00:00,0x2A1,0100010601000000
2026-09-26T08:43:03.857444+00:00,0x2A1,0100010601000000
2026-09-26T08:43:03.864320+00:00,0x2A1,0100010601000000
2026-09-26T08:43:03.869278+00:00,0x2A1,0100010601000000
2026-09-26T08:43:03.872914+00:00,0x2A1,0100010601000000
2026-09-26T08:43:03.877828+00:00,0x2A1,0100010601000000
2026-09-26T08:43:03.883990+00:00,0x2A1,0100010601000000
2026-09-26T08:43:03.888726+00:00,0x2A1,0100010601000000
2026-09-26T08:43:03.892526+00:00,0x2A1,0100010601000000
2026-09-26T08:43:03.897482+00:00,0x2A1,0100010601000000
2026-09-26T08:43:03.902984+00:00,0x2A1,0100010601000000
2026-09-26T08:43:03.908229+00:00,0x2A1,0100010601000000
2026-09-26T08:43:03.912430+00:00,0x2A1,0100010601000000
2026-09-26T08:43:03.917587+00:00,0x2A1,0100010601000000
2026-09-26T08:43:03.922901+00:00,0x2A1,0100010601000000
2026-09-26T08:43:03.929388+00:00,0x2A1,0100010601000000
2026-09-26T08:43:03.932694+00:00,0x2A1,0100010601000000
2026-09-26T08:43:03.937433+00:00,0x2A1,0100010601000000
2026-09-26T08:43:03.943191+00:00,0x2A1,0100010601000000
2026-09-26T08:43:03.948555+00:00,0x2A1,0100010601000000
2026-09-26T08:43:03.952536+00:00,0x2A1,0100010601000000
2026-09-26T08:43:03.957390+00:00,0x2A1,0100010601000000
2026-09-26T08:43:03.963051+00:00,0x2A1,0100010601000000
2026-09-26T08:43:03.968697+00:00,0x2A1,0100010601000000
2026-09-26T08:43:03.973076+00:00,0x2A1,0100010601000000
2026-09-26T08:43:03.977990+00:00,0x2A1,0100010601000000
2026-09-26T08:43:03.983831+00:00,0x2A1,0100010601000000
2026-09-26T08:43:03.988676+00:00,0x2A1,0100010600000000
2026-09-26T08:43:03.992474+00:00,0x2A1,0100010600000000
2026-09-26T08:43:03.997386+00:00,0x2A1,0100010600000000
2026-09-26T08:43:04.003098+00:00,0x2A1,0100010600000000
2026-09-26T08:43:04.008590+00:00,0x2A1,0100010600000000
2026-09-26T08:43:04.012432+00:00,0x2A1,0100010600000000
2026-09-26T08:43:04.017677+00:00,0x2A1,0100010600000000
2026-09-26T08:43:04.023149+00:00,0x2A1,0100010600000000
2026-09-26T08:43:04.029990+00:00,0x2A1,0100010600000000
2026-09-26T08:43:04.033513+00:00,0x2A1,0100010600000000
2026-09-26T08:43:04.038086+00:00,0x2A1,0100010600000000
2026-09-26T08:43:04.043515+00:00,0x2A1,0100010600000000
2026-09-26T08:43:04.049002+00:00,0x2A1,0100010600000000
2026-09-26T08:43:04.052458+00:00,0x2A1,0100010600000000
2026-09-26T08:43:04.057512+00:00,0x2A1,0100010600000000
2026-09-26T08:43:04.062934+00:00,0x2A1,0100010600000000
2026-09-26T08:43:04.068767+00:00,0x2A1,0100010600000000
2026-09-26T08:43:04.072490+00:00,0x2A1,0100010600000000
2026-09-26T08:43:04.077591+00:00,0x2A1,0100010600000000
2026-09-26T08:43:04.083095+00:00,0x2A1,0100010600000000
2026-09-26T08:43:04.089401+00:00,0x2A1,0100010600000000
2026-09-26T08:43:04.089920+00:00,0x151,0101050000000000
2026-09-26T08:43:04.090514+00:00,0x155,000003E4FFFF7E7A
2026-09-26T08:43:04.090593+00:00,0x156,00000647FFFFBCF7
2026-09-26T08:43:04.090824+00:00,0x157,0000028400002E09
2026-09-26T08:43:04.090891+00:00,0x170,FFFF960A00000000
2026-09-26T08:43:04.093035+00:00,0x2A1,0100010600000000
2026-09-26T08:43:04.097830+00:00,0x2A1,0100010600000000
2026-09-26T08:43:04.103193+00:00,0x2A1,0100010600000000
2026-09-26T08:43:04.108678+00:00,0x2A1,0100010601000000
2026-09-26T08:43:04.112589+00:00,0x2A1,0100010601000000
2026-09-26T08:43:04.117458+00:00,0x2A1,0100010601000000
2026-09-26T08:43:04.123210+00:00,0x2A1,0100010601000000
2026-09-26T08:43:04.128721+00:00,0x2A1,0100010600000000
2026-09-26T08:43:04.132435+00:00,0x2A1,0100010600000000
2026-09-26T08:43:04.137429+00:00,0x2A1,0100010600000000
2026-09-26T08:43:04.143726+00:00,0x2A1,0100010600000000
2026-09-26T08:43:04.149236+00:00,0x2A1,0100010600000000
2026-09-26T08:43:04.152880+00:00,0x2A1,0100010600000000
2026-09-26T08:43:04.157679+00:00,0x2A1,0100010600000000
2026-09-26T08:43:04.163213+00:00,0x2A1,0100010600000000
2026-09-26T08:43:04.168723+00:00,0x2A1,0100010600000000
2026-09-26T08:43:04.172388+00:00,0x2A1,0100010600000000
2026-09-26T08:43:04.177477+00:00,0x2A1,0100010600000000
2026-09-26T08:43:04.183048+00:00,0x2A1,0100010600000000
2026-09-26T08:43:04.188889+00:00,0x2A1,0100010600000000
2026-09-26T08:43:04.192954+00:00,0x2A1,0100010600000000
2026-09-26T08:43:04.197992+00:00,0x2A1,0100010600000000
2026-09-26T08:43:04.203788+00:00,0x2A1,0100010600000000
2026-09-26T08:43:04.210003+00:00,0x2A1,0100010600000000
2026-09-26T08:43:04.213036+00:00,0x2A1,0100010600000000
2026-09-26T08:43:04.217653+00:00,0x2A1,0100010600000000
2026-09-26T08:43:04.223250+00:00,0x2A1,0100010600000000
2026-09-26T08:43:04.229035+00:00,0x2A1,0100010600000000
2026-09-26T08:43:04.232433+00:00,0x2A1,0100010600000000
2026-09-26T08:43:04.237387+00:00,0x2A1,0100010600000000
2026-09-26T08:43:04.243100+00:00,0x2A1,0100010600000000
2026-09-26T08:43:04.251151+00:00,0x2A1,0100010600000000
2026-09-26T08:43:04.254678+00:00,0x2A1,0100010600000000
2026-09-26T08:43:04.258390+00:00,0x2A1,0100010600000000
2026-09-26T08:43:04.263347+00:00,0x2A1,0100010600000000
2026-09-26T08:43:04.269262+00:00,0x2A1,0100010600000000
2026-09-26T08:43:04.272390+00:00,0x2A1,0100010600000000
2026-09-26T08:43:04.277582+00:00,0x2A1,0100010600000000
2026-09-26T08:43:04.282992+00:00,0x2A1,0100010600000000
2026-09-26T08:43:04.288993+00:00,0x2A1,0100010600000000
2026-09-26T08:43:04.292744+00:00,0x2A1,0100010600000000
2026-09-26T08:43:04.297480+00:00,0x2A1,0100010600000000
2026-09-26T08:43:04.303949+00:00,0x2A1,0100010600000000
2026-09-26T08:43:04.310035+00:00,0x2A1,0100010600000000
2026-09-26T08:43:04.313237+00:00,0x2A1,0100010600000000
2026-09-26T08:43:04.317434+00:00,0x2A1,0100010600000000
2026-09-26T08:43:04.323393+00:00,0x2A1,0100010600000000
2026-09-26T08:43:04.329520+00:00,0x2A1,0100010600000000
2026-09-26T08:43:04.332771+00:00,0x2A1,0100010600000000
2026-09-26T08:43:04.337435+00:00,0x2A1,0100010600000000
2026-09-26T08:43:04.343210+00:00,0x2A1,0100010600000000
2026-09-26T08:43:04.349511+00:00,0x2A1,0100010600000000
2026-09-26T08:43:04.352516+00:00,0x2A1,0100010600000000
2026-09-26T08:43:04.358199+00:00,0x2A1,0100010600000000
2026-09-26T08:43:04.363741+00:00,0x2A1,0100010600000000
2026-09-26T08:43:04.369442+00:00,0x2A1,0100010600000000
2026-09-26T08:43:04.372517+00:00,0x2A1,0100010600000000
2026-09-26T08:43:04.377425+00:00,0x2A1,0100010600000000
2026-09-26T08:43:04.383101+00:00,0x2A1,0100010600000000
2026-09-26T08:43:04.389035+00:00,0x2A1,0100010600000000
2026-09-26T08:43:04.392735+00:00,0x2A1,0100010600000000
2026-09-26T08:43:04.397480+00:00,0x2A1,0100010600000000
2026-09-26T08:43:04.403104+00:00,0x2A1,0100010600000000
2026-09-26T08:43:04.410157+00:00,0x2A1,0100010600000000
2026-09-26T08:43:04.413518+00:00,0x2A1,0100010600000000
2026-09-26T08:43:04.417875+00:00,0x2A1,0100010600000000
2026-09-26T08:43:04.423101+00:00,0x2A1,0100010600000000
2026-09-26T08:43:04.428990+00:00,0x2A1,0100010600000000
2026-09-26T08:43:04.432434+00:00,0x2A1,0100010600000000
2026-09-26T08:43:04.437391+00:00,0x2A1,0100010600000000
2026-09-26T08:43:04.443101+00:00,0x2A1,0100010600000000
2026-09-26T08:43:04.448947+00:00,0x2A1,0100010600000000
2026-09-26T08:43:04.452551+00:00,0x2A1,0100010600000000
2026-09-26T08:43:04.457438+00:00,0x2A1,0100010600000000
2026-09-26T08:43:04.463950+00:00,0x2A1,0100010600000000
2026-09-26T08:43:04.470137+00:00,0x2A1,0100010600000000
2026-09-26T08:43:04.473151+00:00,0x2A1,0100010600000000
2026-09-26T08:43:04.477538+00:00,0x2A1,0100010600000000
2026-09-26T08:43:04.483302+00:00,0x2A1,0100010600000000
2026-09-26T08:43:04.489481+00:00,0x2A1,0100010600000000
2026-09-26T08:43:04.492480+00:00,0x2A1,0100010600000000
2026-09-26T08:43:04.497449+00:00,0x2A1,0100010600000000
2026-09-26T08:43:04.503104+00:00,0x2A1,0100010600000000
2026-09-26T08:43:04.509958+00:00,0x2A1,0100010600000000
2026-09-26T08:43:04.513610+00:00,0x2A1,0100010600000000
